time_s,rpm,rpm_raw,engine_state,throttle_gas_pct,brake,ignition,gear_selector,gear_auto,gear_physical,clutch_pressure,road_implied_rpm,creep_relief_fired,vehicle_speed_kmh,target_speed_kmh,sim_speed_mph,engine_torque_nm,drivetrain_torque_nm,dyno_torque_nm,starter_engaged,exhaust_flow_cm3s,synth_out_rms
0.017,0,0,Stopped,0,0,1,0,0,0,-1.0000,0.0,0,0.000,-2.000,0.000,0.0,0.0,0.0,0,3137.1821,-1.0000
0.016,13,169,Cranking,55,0,1,99,1,1,0.6000,-184.1,0,0.001,-2.000,0.000,0.3,-6.8,0.0,1,6862.3480,-1.0000
0.033,49,316,Cranking,55,0,1,99,1,1,0.6000,-184.1,0,0.004,-2.000,0.003,1.8,-43.8,0.0,1,15010.6831,-1.0000
0.049,102,457,Cranking,55,0,1,99,1,1,0.6000,-184.1,0,0.013,-2.000,0.008,4.4,-107.3,0.0,1,20328.3741,-1.0000
0.066,163,529,Cranking,55,0,1,99,1,1,0.6000,-184.1,0,0.028,-2.000,0.018,7.2,-178.2,0.0,1,-561.4511,-1.0000
0.080,231,687,Cranking,55,0,1,99,1,1,0.6000,-184.1,0,0.050,-2.000,0.031,10.4,-256.6,0.0,1,5197.6739,-1.0000
0.080,309,822,Cranking,55,0,1,99,1,1,0.6000,-184.1,0,0.083,-2.000,0.051,15.8,-387.1,0.0,1,10139.4933,-1.0000
0.080,398,956,Cranking,55,0,1,99,1,1,0.6000,-184.1,0,0.129,-2.000,0.080,22.4,-547.9,0.0,1,44234.9505,-1.0000
0.133,493,1096,Cranking,55,0,1,99,1,1,0.6000,-184.1,0,0.191,-2.000,0.118,29.9,-730.1,0.0,1,56665.1334,-1.0000
0.149,595,1213,Cranking,55,0,1,99,1,1,0.6000,-184.1,0,0.269,-2.000,0.167,38.2,-930.3,0.0,1,73576.3747,-1.0000
0.166,698,1308,Cranking,55,0,1,99,1,1,0.6000,-184.1,0,0.364,-2.000,0.226,46.0,-1117.0,0.0,1,93037.4247,-1.0000
0.183,787,1257,Running,55,0,1,99,1,1,0.6000,-184.1,0,0.460,-2.000,0.286,47.2,-1139.6,0.0,0,89009.0547,-1.0000
0.199,854,1191,Running,16,0,1,99,1,1,0.6000,-184.1,0,0.547,-2.000,0.340,43.1,-1034.3,0.0,0,83234.4008,-1.0000
0.216,905,1176,Running,15,0,1,99,1,1,0.6000,-184.1,0,0.629,-2.000,0.391,40.4,-964.7,0.0,0,102114.5359,-1.0000
0.233,946,1176,Running,15,0,1,99,1,1,0.6000,-184.1,0,0.708,-2.000,0.440,39.5,-936.9,0.0,0,109664.4185,-1.0000
0.249,979,1155,Running,14,0,1,99,1,1,0.6000,-184.1,0,0.786,-2.000,0.488,39.1,-923.9,0.0,0,123587.9202,-1.0000
0.266,1004,1095,Running,13,0,1,99,1,1,0.6000,-184.1,0,0.860,-2.000,0.534,37.4,-876.8,0.0,0,99911.8039,-1.0000
0.283,1018,1110,Running,13,0,1,99,1,1,0.6000,-184.1,0,0.928,-2.000,0.577,34.7,-810.1,0.0,0,39814.1036,-1.0000
0.299,1033,1135,Running,12,0,1,99,1,1,0.6000,-184.1,0,0.999,-2.000,0.620,35.9,-833.9,0.0,0,76753.8095,-1.0000
0.316,1050,1146,Running,11,0,1,99,1,1,0.6000,-184.1,0,1.072,-2.000,0.666,37.4,-867.2,0.0,0,129827.3187,-1.0000
0.333,1068,1175,Running,11,0,1,99,1,1,0.6000,-184.1,0,1.148,-2.000,0.713,39.0,-900.1,0.0,0,94496.8087,-1.0000
0.349,1087,1217,Running,10,0,1,99,1,1,0.6000,-184.1,0,1.228,-2.000,0.763,41.2,-948.4,0.0,0,114430.3309,-1.0000
0.366,1106,1183,Running,9,0,1,99,1,1,0.6000,-184.1,0,1.309,-2.000,0.814,42.2,-967.2,0.0,0,165870.9796,-1.0000
0.383,1116,1170,Running,9,0,1,99,1,1,0.6000,-184.1,0,1.385,-2.000,0.861,39.3,-892.4,0.0,0,13758.1723,-1.0000
0.399,1127,1215,Running,8,0,1,99,1,1,0.6000,-184.1,0,1.463,-2.000,0.909,40.9,-926.6,0.0,0,81164.7972,-1.0000
0.416,1142,1234,Running,7,0,1,99,1,1,0.6000,-184.1,0,1.546,-2.000,0.960,43.2,-976.6,0.0,0,138215.7292,-1.0000
0.433,1159,1265,Running,7,0,1,99,1,1,0.6000,-184.1,0,1.631,-2.000,1.014,45.0,-1013.9,0.0,0,93296.2544,-1.0000
0.449,1178,1296,Running,6,0,1,99,1,1,0.6000,-184.1,0,1.721,-2.000,1.069,47.3,-1063.0,0.0,0,125920.2948,-1.0000
0.466,1194,1246,Running,5,0,1,99,1,1,0.6000,-184.1,0,1.811,-2.000,1.125,47.5,-1061.5,0.0,0,127465.9171,-1.0000
0.483,1203,1265,Running,5,0,1,99,1,1,0.6000,-184.1,0,1.895,-2.000,1.177,45.0,-996.9,0.0,0,36664.8537,-1.0000
0.499,1213,1281,Running,0,0,1,99,1,1,0.6000,-184.1,0,1.982,-2.000,1.231,46.6,-1030.4,0.0,0,92461.9831,-1.0000
0.516,1226,1305,Running,0,0,1,99,1,1,0.6000,-184.1,0,2.071,-2.000,1.287,48.1,-1060.4,0.0,0,95661.5026,-1.0000
0.533,1239,1321,Running,0,0,1,99,1,1,0.6000,-184.1,0,2.163,-2.000,1.344,49.7,-1090.8,0.0,0,128614.8784,-1.0000
0.549,1252,1328,Running,0,0,1,99,1,1,0.6000,-184.1,0,2.257,-2.000,1.402,50.6,-1106.2,0.0,0,86665.7765,-1.0000
0.566,1259,1276,Running,0,0,1,99,1,1,0.6000,-184.1,0,2.345,-2.000,1.457,48.2,-1044.6,0.0,0,67463.3113,-1.0000
0.583,1262,1279,Running,0,0,1,99,1,1,0.6000,-184.1,0,2.430,-2.000,1.510,47.0,-1012.1,0.0,0,63691.8554,-1.0000
0.599,1266,1296,Running,0,0,1,99,1,1,0.6000,-184.1,0,2.517,-2.000,1.564,47.9,-1026.4,0.0,0,79780.7489,-1.0000
0.616,1270,1293,Running,0,0,1,99,1,1,0.6000,-184.1,0,2.604,-2.000,1.618,48.2,-1028.7,0.0,0,84592.5541,-1.0000
0.633,1275,1303,Running,0,0,1,99,1,1,0.6000,-184.1,0,2.691,-2.000,1.672,48.6,-1031.3,0.0,0,82366.9616,-1.0000
0.649,1277,1251,Running,0,0,1,99,1,1,0.6000,-184.1,0,2.776,-2.000,1.725,47.8,-1008.8,0.0,0,98767.6856,-1.0000
0.666,1271,1233,Running,0,0,1,99,1,1,0.6000,-184.1,0,2.854,-2.000,1.773,44.1,-918.0,0.0,0,8865.4619,-1.0000
0.683,1265,1239,Running,0,0,1,99,1,1,0.6000,-184.1,0,2.931,-2.000,1.821,43.9,-909.3,0.0,0,51141.5458,-1.0000
0.699,1260,1225,Running,0,0,1,99,1,1,0.6000,-184.1,0,3.007,-2.000,1.868,43.8,-903.1,0.0,0,63461.7020,-1.0000
0.716,1255,1229,Running,0,0,1,99,1,1,0.6000,-184.1,0,3.082,-2.000,1.915,43.4,-889.0,0.0,0,61889.0431,-1.0000
0.733,1251,1221,Running,0,0,1,99,1,1,0.6000,-184.1,0,3.156,-2.000,1.961,43.2,-880.5,0.0,0,74935.4335,-1.0000
0.749,1242,1153,Running,0,0,1,99,1,1,0.6000,-184.1,0,3.226,-2.000,2.005,41.2,-830.0,0.0,0,38484.6574,-1.0000
0.766,1228,1147,Running,0,0,1,99,1,1,0.6000,-184.1,0,3.290,-2.000,2.044,38.1,-757.0,0.0,0,25212.7892,-1.0000
0.783,1215,1147,Running,0,0,1,99,1,1,0.6000,-184.1,0,3.353,-2.000,2.083,37.6,-743.6,0.0,0,23850.0694,-1.0000
0.799,1203,1130,Running,0,0,1,99,1,1,0.6000,-184.1,0,3.415,-2.000,2.122,37.3,-732.8,0.0,0,49931.1951,-1.0000
0.816,1191,1120,Running,0,0,1,99,1,1,0.6000,-184.1,0,3.475,-2.000,2.159,36.6,-713.5,0.0,0,38622.2945,-1.0000
0.833,1181,1118,Running,0,0,1,99,1,1,0.6000,-184.1,0,3.534,-2.000,2.196,36.2,-702.1,0.0,0,52380.0405,-1.0000
0.849,1169,1079,Running,0,0,1,99,1,1,0.6000,-184.1,0,3.591,-2.000,2.232,35.1,-674.1,0.0,0,63258.9524,-1.0000
0.866,1150,1041,Running,0,0,1,99,1,1,0.6000,-184.1,0,3.642,-2.000,2.263,31.7,-596.0,0.0,0,-15236.8045,-1.0000
0.877,1132,1025,Running,0,0,1,99,1,1,0.6000,-184.1,0,3.690,-2.000,2.293,30.8,-573.9,0.0,0,29516.5369,-1.0000
0.877,1116,1018,Running,0,0,1,99,1,1,0.6000,-184.1,0,3.738,-2.000,2.322,30.3,-562.0,0.0,0,3469.6180,-1.0000
0.916,1101,1008,Running,0,0,1,99,1,1,0.6000,-184.1,0,3.784,-2.000,2.351,29.8,-548.9,0.0,0,38142.2562,-1.0000
0.933,1087,1009,Running,0,0,1,99,1,1,0.6000,-184.1,0,3.829,-2.000,2.379,29.4,-538.3,0.0,0,35204.3317,-1.0000
0.949,1074,1002,Running,0,0,1,99,1,1,0.6000,-184.1,0,3.874,-2.000,2.407,29.1,-528.3,0.0,0,37969.2888,-1.0000
0.966,1061,964,Running,0,0,1,99,1,1,0.6000,-184.1,0,3.916,-2.000,2.434,28.0,-502.5,0.0,0,44317.9396,-1.0000
0.983,1040,928,Running,0,0,1,99,1,1,0.6000,-184.1,0,3.953,-2.000,2.456,24.9,-435.5,0.0,0,-22307.9450,-1.0000
0.999,1021,920,Running,0,0,1,99,1,1,0.6000,-184.1,0,3.989,-2.000,2.478,24.2,-418.3,0.0,0,29179.8712,-1.0000
1.016,1004,918,Running,5,0,1,99,1,1,0.6000,-184.1,0,4.023,-2.000,2.500,23.8,-409.0,0.0,0,-15844.1223,-1.0000
1.033,989,910,Running,5,0,1,99,1,1,0.6000,-184.1,0,4.057,-2.000,2.521,23.7,-405.0,0.0,0,35515.6210,-1.0000
1.049,975,906,Running,5,0,1,99,1,1,0.6000,-184.1,0,4.091,-2.000,2.542,23.2,-393.9,0.0,0,22116.1578,-1.0000
1.066,963,904,Running,5,0,1,99,1,1,0.6000,-184.1,0,4.123,-2.000,2.562,23.1,-390.8,0.0,0,25205.7514,-1.0000
1.083,952,893,Running,5,0,1,99,1,1,0.6000,-184.1,0,4.156,-2.000,2.582,22.9,-383.5,0.0,0,23993.5523,-1.0000
1.099,939,850,Running,5,0,1,99,1,1,0.6000,-184.1,0,4.186,-2.000,2.601,21.9,-362.1,0.0,0,37557.1314,-1.0000
1.116,920,821,Running,5,0,1,99,1,1,0.6000,-184.1,0,4.212,-2.000,2.617,19.2,-306.2,0.0,0,-29195.0850,-1.0000
1.133,904,817,Running,5,0,1,99,1,1,0.6000,-184.1,0,4.238,-2.000,2.633,19.0,-300.1,0.0,0,23940.8251,-1.0000
1.149,890,814,Running,7,0,1,99,1,1,0.6000,-184.1,0,4.263,-2.000,2.649,19.0,-300.8,0.0,0,-11265.0091,-1.0000
1.166,879,817,Running,7,0,1,99,1,1,0.6000,-184.1,0,4.289,-2.000,2.665,19.5,-308.3,0.0,0,15902.3614,-1.0000
1.183,871,815,Running,7,0,1,99,1,1,0.6000,-184.1,0,4.315,-2.000,2.681,19.6,-309.9,0.0,0,22285.9047,-1.0000
1.199,865,827,Running,7,0,1,99,1,1,0.6000,-184.1,0,4.342,-2.000,2.698,20.0,-316.4,0.0,0,22487.8643,-1.0000
1.216,862,838,Running,7,0,1,99,1,1,0.6000,-184.1,0,4.369,-2.000,2.715,20.5,-325.8,0.0,0,28356.6157,-1.0000
1.233,859,837,Running,7,0,1,99,1,1,0.6000,-184.1,0,4.397,-2.000,2.732,20.7,-327.9,0.0,0,28433.6974,-1.0000
1.249,854,785,Running,6,0,1,99,1,1,0.6000,-184.1,0,4.423,-2.000,2.748,19.6,-306.0,0.0,0,28881.7798,-1.0000
1.266,844,800,Running,6,0,1,99,1,1,0.6000,-184.1,0,4.446,-2.000,2.762,17.8,-268.9,0.0,0,-9655.4734,-1.0000
1.283,837,824,Running,9,0,1,99,1,1,0.6000,-184.1,0,4.469,-2.000,2.777,18.5,-281.6,0.0,0,30311.8680,-1.0000
1.299,835,847,Running,8,0,1,99,1,1,0.6000,-184.1,0,4.495,-2.000,2.793,19.4,-299.1,0.0,0,-9589.5014,-1.0000
1.316,837,865,Running,8,0,1,99,1,1,0.6000,-184.1,0,4.522,-2.000,2.810,20.6,-322.5,0.0,0,40411.1647,-1.0000
1.333,841,885,Running,7,0,1,99,1,1,0.6000,-184.1,0,4.551,-2.000,2.828,21.6,-340.6,0.0,0,30590.5128,-1.0000
1.349,849,913,Running,6,0,1,99,1,1,0.6000,-184.1,0,4.582,-2.000,2.847,23.0,-368.2,0.0,0,35306.1411,-1.0000
1.366,860,935,Running,6,0,1,99,1,1,0.6000,-184.1,0,4.615,-2.000,2.868,24.4,-394.9,0.0,0,43005.8843,-1.0000
1.383,871,927,Running,5,0,1,99,1,1,0.6000,-184.1,0,4.650,-2.000,2.889,25.1,-407.0,0.0,0,58686.0289,-1.0000
1.399,874,896,Running,5,0,1,99,1,1,0.6000,-184.1,0,4.680,-2.000,2.908,22.8,-358.6,0.0,0,-10337.6759,-1.0000
1.416,879,927,Running,5,0,1,99,1,1,0.6000,-184.1,0,4.711,-2.000,2.927,23.5,-373.0,0.0,0,38700.6217,-1.0000
1.433,888,961,Running,5,0,1,99,1,1,0.6000,-184.1,0,4.746,-2.000,2.949,25.2,-405.5,0.0,0,9782.6304,-1.0000
1.449,900,990,Running,5,0,1,99,1,1,0.6000,-184.1,0,4.783,-2.000,2.972,27.0,-441.4,0.0,0,59426.1758,-1.0000
1.466,915,1017,Running,5,0,1,99,1,1,0.6000,-184.1,0,4.823,-2.000,2.997,28.5,-470.0,0.0,0,46793.7811,-1.0000
1.483,932,1038,Running,5,0,1,99,1,1,0.6000,-184.1,0,4.865,-2.000,3.023,30.3,-504.4,0.0,0,49458.5611,-1.0000
1.499,950,1047,Running,5,0,1,99,1,1,0.6000,-184.1,0,4.910,-2.000,3.051,31.6,-528.5,0.0,0,48661.9414,-1.0000
1.516,962,995,Running,5,0,1,99,1,1,0.6000,-184.1,0,4.952,-2.000,3.077,30.5,-503.7,0.0,0,38018.1274,-1.0000
1.533,969,1022,Running,5,0,1,99,1,1,0.6000,-184.1,0,4.993,-2.000,3.102,29.4,-480.1,0.0,0,22836.2383,-1.0000
1.549,980,1055,Running,5,0,1,99,1,1,0.6000,-184.1,0,5.036,-2.000,3.129,31.0,-509.6,0.0,0,27936.3573,-1.0000
1.566,993,1081,Running,5,0,1,99,1,1,0.6000,-184.1,0,5.082,-2.000,3.158,32.7,-542.3,0.0,0,69440.4030,-1.0000
1.583,1007,1097,Running,5,0,1,99,1,1,0.6000,-184.1,0,5.129,-2.000,3.187,33.9,-565.8,0.0,0,48742.4340,-1.0000
1.599,1023,1111,Running,5,0,1,99,1,1,0.6000,-184.1,0,5.179,-2.000,3.218,35.3,-591.9,0.0,0,50764.0393,-1.0000
1.616,1038,1121,Running,5,0,1,99,1,1,0.6000,-184.1,0,5.231,-2.000,3.250,36.2,-607.3,0.0,0,64314.0505,-1.0000
1.633,1045,1078,Running,0,0,1,99,1,1,0.6000,-184.1,0,5.278,-2.000,3.279,33.9,-556.7,0.0,0,23466.8960,-1.0000
1.649,1051,1095,Running,0,0,1,99,1,1,0.6000,-184.1,0,5.324,-2.000,3.308,33.7,-551.7,0.0,0,51966.5218,-1.0000
1.666,1058,1106,Running,0,0,1,99,1,1,0.6000,-184.1,0,5.373,-2.000,3.338,34.8,-572.0,0.0,0,11673.5659,-1.0000
1.683,1067,1117,Running,0,0,1,99,1,1,0.6000,-184.1,0,5.422,-2.000,3.369,35.8,-588.9,0.0,0,58142.6120,-1.0000
1.699,1077,1141,Running,0,0,1,99,1,1,0.6000,-184.1,0,5.473,-2.000,3.401,36.8,-606.4,0.0,0,63317.5525,-1.0000
1.716,1087,1146,Running,0,0,1,99,1,1,0.6000,-184.1,0,5.526,-2.000,3.434,37.6,-619.9,0.0,0,62757.8947,-1.0000
1.733,1092,1083,Running,0,0,1,99,1,1,0.6000,-184.1,0,5.576,-2.000,3.465,36.4,-593.0,0.0,0,39280.2163,-1.0000
1.749,1091,1083,Running,0,0,1,99,1,1,0.6000,-184.1,0,5.621,-2.000,3.493,33.9,-539.1,0.0,0,9541.8518,-1.0000
1.766,1091,1099,Running,0,0,1,99,1,1,0.6000,-184.1,0,5.667,-2.000,3.522,34.3,-544.6,0.0,0,24719.9824,-1.0000
1.783,1093,1108,Running,0,0,1,99,1,1,0.6000,-184.1,0,5.714,-2.000,3.551,34.9,-555.4,0.0,0,55989.9520,-1.0000
1.799,1094,1105,Running,0,0,1,99,1,1,0.6000,-184.1,0,5.761,-2.000,3.580,35.1,-555.5,0.0,0,38817.0924,-1.0000
1.816,1096,1102,Running,0,0,1,99,1,1,0.6000,-184.1,0,5.808,-2.000,3.609,35.3,-557.7,0.0,0,40909.1415,-1.0000
1.833,1097,1094,Running,0,0,1,99,1,1,0.6000,-184.1,0,5.855,-2.000,3.638,35.1,-550.0,0.0,0,52217.9894,-1.0000
1.849,1091,1047,Running,0,0,1,99,1,1,0.6000,-184.1,0,5.896,-2.000,3.664,32.2,-490.7,0.0,0,6194.2792,-1.0000
1.866,1083,1046,Running,0,0,1,99,1,1,0.6000,-184.1,0,5.936,-2.000,3.688,31.2,-470.9,0.0,0,38797.7011,-1.0000
1.883,1077,1044,Running,0,0,1,99,1,1,0.6000,-184.1,0,5.976,-2.000,3.713,31.2,-468.5,0.0,0,-6542.5060,-1.0000
1.899,1071,1031,Running,0,0,1,99,1,1,0.6000,-184.1,0,6.015,-2.000,3.737,31.2,-466.3,0.0,0,43619.4992,-1.0000
1.916,1066,1032,Running,0,0,1,99,1,1,0.6000,-184.1,0,6.054,-2.000,3.762,31.0,-461.2,0.0,0,32005.5329,-1.0000
1.933,1062,1034,Running,0,0,1,99,1,1,0.6000,-184.1,0,6.093,-2.000,3.786,31.0,-459.6,0.0,0,40208.5795,-1.0000
1.949,1056,1013,Running,0,0,1,99,1,1,0.6000,-184.1,0,6.130,-2.000,3.809,30.4,-445.7,0.0,0,47969.7649,-1.0000
1.966,1044,971,Running,0,0,1,99,1,1,0.6000,-184.1,0,6.163,-2.000,3.829,27.4,-387.2,0.0,0,-13867.3592,-1.0000
1.983,1031,967,Running,0,0,1,99,1,1,0.6000,-184.1,0,6.194,-2.000,3.849,26.6,-371.5,0.0,0,31523.5712,-1.0000
1.997,1020,967,Running,0,0,1,99,1,1,0.6000,-184.1,0,6.225,-2.000,3.868,26.4,-366.9,0.0,0,-15052.8709,-1.0000
2.016,1010,959,Running,0,0,1,99,1,1,0.6000,-184.1,0,6.256,-2.000,3.887,26.4,-365.8,0.0,0,38641.5084,-1.0000
2.033,1001,955,Running,0,0,1,99,1,1,0.6000,-184.1,0,6.287,-2.000,3.906,26.1,-359.3,0.0,0,24601.4936,-1.0000
2.049,994,950,Running,0,0,1,99,1,1,0.6000,-184.1,0,6.317,-2.000,3.925,26.1,-358.4,0.0,0,27507.7624,-1.0000
2.066,986,934,Running,0,0,1,99,1,1,0.6000,-184.1,0,6.346,-2.000,3.943,25.7,-350.7,0.0,0,24909.8717,-1.0000
2.083,975,873,Running,0,0,1,99,1,1,0.6000,-184.1,0,6.373,-2.000,3.960,24.1,-320.7,0.0,0,17018.1398,-1.0000
2.099,959,866,Running,5,0,1,99,1,1,0.6000,-184.1,0,6.397,-2.000,3.975,21.9,-283.1,0.0,0,-3787.5656,-1.0000
2.116,945,864,Running,5,0,1,99,1,1,0.6000,-184.1,0,6.421,-2.000,3.990,21.7,-278.8,0.0,0,18168.4361,-1.0000
2.133,933,870,Running,5,0,1,99,1,1,0.6000,-184.1,0,6.444,-2.000,4.004,21.6,-277.3,0.0,0,-19150.8408,-1.0000
2.149,923,867,Running,5,0,1,99,1,1,0.6000,-184.1,0,6.468,-2.000,4.019,21.7,-277.3,0.0,0,35496.2293,-1.0000
2.166,914,873,Running,5,0,1,99,1,1,0.6000,-184.1,0,6.491,-2.000,4.033,21.5,-274.2,0.0,0,20095.6645,-1.0000
2.183,907,878,Running,5,0,1,99,1,1,0.6000,-184.1,0,6.514,-2.000,4.048,21.8,-277.6,0.0,0,24452.8377,-1.0000
2.199,902,872,Running,5,0,1,99,1,1,0.6000,-184.1,0,6.538,-2.000,4.062,21.8,-276.8,0.0,0,23251.6889,-1.0000
2.216,894,829,Running,5,0,1,99,1,1,0.6000,-184.1,0,6.560,-2.000,4.076,21.0,-264.1,0.0,0,34496.1414,-1.0000
2.233,880,811,Running,5,0,1,99,1,1,0.6000,-184.1,0,6.579,-2.000,4.088,18.5,-230.1,0.0,0,-28646.1574,-1.0000
2.249,868,812,Running,7,0,1,99,1,1,0.6000,-184.1,0,6.599,-2.000,4.100,18.5,-230.7,0.0,0,22655.6018,-1.0000
2.266,859,814,Running,8,0,1,99,1,1,0.6000,-184.1,0,6.619,-2.000,4.113,18.9,-235.1,0.0,0,-14579.2127,-1.0000
2.283,853,821,Running,8,0,1,99,1,1,0.6000,-184.1,0,6.639,-2.000,4.126,19.5,-243.7,0.0,0,17851.6577,-1.0000
2.299,850,824,Running,8,0,1,99,1,1,0.6000,-184.1,0,6.660,-2.000,4.139,19.9,-248.4,0.0,0,22216.6101,-1.0000
2.316,849,841,Running,7,0,1,99,1,1,0.6000,-184.1,0,6.682,-2.000,4.152,20.5,-257.3,0.0,0,23226.2074,-1.0000
2.333,851,858,Running,7,0,1,99,1,1,0.6000,-184.1,0,6.705,-2.000,4.166,21.4,-268.4,0.0,0,29737.7346,-1.0000
2.349,854,862,Running,7,0,1,99,1,1,0.6000,-184.1,0,6.728,-2.000,4.181,21.8,-274.5,0.0,0,30628.8952,-1.0000
2.366,853,805,Running,6,0,1,99,1,1,0.6000,-184.1,0,6.750,-2.000,4.194,20.7,-259.5,0.0,0,24686.9686,-1.0000
2.383,848,827,Running,5,0,1,99,1,1,0.6000,-184.1,0,6.770,-2.000,4.207,19.4,-241.3,0.0,0,-2560.7944,-1.0000
2.399,847,856,Running,8,0,1,99,1,1,0.6000,-184.1,0,6.792,-2.000,4.220,20.4,-255.5,0.0,0,30461.4784,-1.0000
2.416,851,889,Running,8,0,1,99,1,1,0.6000,-184.1,0,6.815,-2.000,4.235,21.7,-272.8,0.0,0,-6937.0396,-1.0000
2.433,858,911,Running,7,0,1,99,1,1,0.6000,-184.1,0,6.840,-2.000,4.250,23.1,-292.5,0.0,0,50148.8980,-1.0000
2.449,868,939,Running,6,0,1,99,1,1,0.6000,-184.1,0,6.866,-2.000,4.266,24.4,-312.0,0.0,0,37124.8570,-1.0000
2.466,881,965,Running,6,0,1,99,1,1,0.6000,-184.1,0,6.895,-2.000,4.284,26.1,-339.5,0.0,0,42233.6359,-1.0000
2.483,895,977,Running,5,0,1,99,1,1,0.6000,-184.1,0,6.925,-2.000,4.303,27.4,-361.2,0.0,0,42627.9691,-1.0000
2.499,905,923,Running,5,0,1,99,1,1,0.6000,-184.1,0,6.955,-2.000,4.321,26.8,-349.6,0.0,0,37928.4894,-1.0000
2.516,911,946,Running,5,0,1,99,1,1,0.6000,-184.1,0,6.982,-2.000,4.338,25.5,-326.6,0.0,0,3103.7233,-1.0000
2.533,920,978,Running,5,0,1,99,1,1,0.6000,-184.1,0,7.012,-2.000,4.357,27.1,-353.9,0.0,0,28513.2560,-1.0000
2.549,933,1016,Running,5,0,1,99,1,1,0.6000,-184.1,0,7.045,-2.000,4.377,29.0,-385.3,0.0,0,38127.5551,-1.0000
2.566,948,1048,Running,5,0,1,99,1,1,0.6000,-184.1,0,7.079,-2.000,4.399,30.6,-411.9,0.0,0,57221.6511,-1.0000
2.583,966,1081,Running,5,0,1,99,1,1,0.6000,-184.1,0,7.117,-2.000,4.422,32.4,-441.9,0.0,0,64440.8076,-1.0000
2.599,984,1093,Running,5,0,1,99,1,1,0.6000,-184.1,0,7.156,-2.000,4.447,33.9,-467.0,0.0,0,54420.7200,-1.0000
2.616,998,1036,Running,5,0,1,99,1,1,0.6000,-184.1,0,7.195,-2.000,4.471,33.4,-456.5,0.0,0,44222.2678,-1.0000
2.633,1006,1052,Running,5,0,1,99,1,1,0.6000,-184.1,0,7.230,-2.000,4.493,31.5,-423.0,0.0,0,6523.1374,-1.0000
2.649,1016,1084,Running,5,0,1,99,1,1,0.6000,-184.1,0,7.268,-2.000,4.516,33.0,-446.4,0.0,0,29626.4288,-1.0000
2.666,1028,1112,Running,5,0,1,99,1,1,0.6000,-184.1,0,7.308,-2.000,4.541,34.6,-474.2,0.0,0,67909.2890,-1.0000
2.683,1042,1127,Running,5,0,1,99,1,1,0.6000,-184.1,0,7.350,-2.000,4.567,35.8,-493.8,0.0,0,51380.6499,-1.0000
2.699,1056,1139,Running,0,0,1,99,1,1,0.6000,-184.1,0,7.393,-2.000,4.594,37.1,-515.4,0.0,0,49215.0104,-1.0000
2.716,1070,1146,Running,0,0,1,99,1,1,0.6000,-184.1,0,7.438,-2.000,4.622,37.9,-527.9,0.0,0,66380.9206,-1.0000
2.733,1076,1106,Running,0,0,1,99,1,1,0.6000,-184.1,0,7.479,-2.000,4.647,35.4,-482.0,0.0,0,17946.8188,-1.0000
2.749,1081,1114,Running,0,0,1,99,1,1,0.6000,-184.1,0,7.519,-2.000,4.672,35.3,-478.3,0.0,0,46787.0473,-1.0000
2.766,1087,1123,Running,0,0,1,99,1,1,0.6000,-184.1,0,7.560,-2.000,4.698,36.2,-491.9,0.0,0,13973.6376,-1.0000
2.783,1094,1137,Running,0,0,1,99,1,1,0.6000,-184.1,0,7.603,-2.000,4.724,36.9,-502.9,0.0,0,58583.3538,-1.0000
2.799,1102,1155,Running,0,0,1,99,1,1,0.6000,-184.1,0,7.646,-2.000,4.751,37.7,-515.6,0.0,0,65157.8862,-1.0000
2.802,1109,1146,Running,0,0,1,99,1,1,0.6000,-184.1,0,7.690,-2.000,4.779,38.1,-521.3,0.0,0,43908.7692,-1.0000
2.802,1111,1086,Running,0,0,1,99,1,1,0.6000,-184.1,0,7.732,-2.000,4.804,36.3,-487.9,0.0,0,26721.8923,-1.0000
2.849,1108,1094,Running,0,0,1,99,1,1,0.6000,-184.1,0,7.770,-2.000,4.828,34.3,-451.6,0.0,0,26072.3428,-1.0000
2.866,1106,1106,Running,0,0,1,99,1,1,0.6000,-184.1,0,7.808,-2.000,4.852,34.6,-455.2,0.0,0,13972.0258,-1.0000
2.883,1105,1100,Running,0,0,1,99,1,1,0.6000,-184.1,0,7.847,-2.000,4.876,34.9,-459.7,0.0,0,47428.4023,-1.0000
2.899,1104,1095,Running,0,0,1,99,1,1,0.6000,-184.1,0,7.886,-2.000,4.900,34.8,-456.2,0.0,0,33694.8931,-1.0000
2.916,1104,1098,Running,0,0,1,99,1,1,0.6000,-184.1,0,7.924,-2.000,4.924,34.9,-457.0,0.0,0,43585.1524,-1.0000
2.933,1102,1079,Running,0,0,1,99,1,1,0.6000,-184.1,0,7.962,-2.000,4.947,34.4,-447.4,0.0,0,59128.0933,-1.0000
2.949,1093,1039,Running,0,0,1,99,1,1,0.6000,-184.1,0,7.995,-2.000,4.968,31.3,-395.0,0.0,0,-12733.0359,-1.0000
2.966,1083,1031,Running,0,0,1,99,1,1,0.6000,-184.1,0,8.028,-2.000,4.988,30.6,-384.5,0.0,0,31552.3095,-1.0000
2.983,1075,1026,Running,0,0,1,99,1,1,0.6000,-184.1,0,8.060,-2.000,5.008,30.5,-382.6,0.0,0,-7693.6205,-1.0000
2.999,1068,1015,Running,0,0,1,99,1,1,0.6000,-184.1,0,8.092,-2.000,5.028,30.3,-380.2,0.0,0,38474.6057,-1.0000
3.016,1061,1019,Running,0,0,1,99,1,1,0.6000,-184.1,0,8.124,-2.000,5.048,30.2,-377.7,0.0,0,31015.9968,-1.0000
3.033,1055,1019,Running,0,0,1,99,1,1,0.6000,-184.1,0,8.156,-2.000,5.068,30.1,-376.6,0.0,0,37751.1855,-1.0000
3.049,1048,993,Running,0,0,1,99,1,1,0.6000,-184.1,0,8.187,-2.000,5.087,29.3,-366.4,0.0,0,43830.1095,-1.0000
3.066,1033,954,Running,0,0,1,99,1,1,0.6000,-184.1,0,8.214,-2.000,5.104,26.3,-325.9,0.0,0,-20705.6647,-1.0000
3.083,1020,949,Running,0,0,1,99,1,1,0.6000,-184.1,0,8.241,-2.000,5.121,25.6,-316.7,0.0,0,27777.8949,-1.0000
3.099,1007,949,Running,0,0,1,99,1,1,0.6000,-184.1,0,8.268,-2.000,5.137,25.4,-313.9,0.0,0,-18700.3426,-1.0000
3.116,998,960,Running,5,0,1,-2,0,0,0.6000,-184.1,0,8.268,-2.000,5.137,0.2,-0.2,0.0,0,36118.5645,-1.0000
3.133,993,973,Running,5,0,1,-2,0,0,0.0000,0.0,0,8.268,-2.000,5.137,0.0,0.0,0.0,0,23031.9794,-1.0000
3.149,990,984,Running,5,0,1,-2,0,0,0.0000,0.0,0,8.268,-2.000,5.137,0.0,0.0,0.0,0,27305.5034,-1.0000
3.166,990,984,Running,5,0,1,-2,0,0,0.0000,0.0,0,8.268,-2.000,5.137,0.0,0.0,0.0,0,25435.5478,-1.0000
3.183,987,940,Running,5,0,1,-2,0,0,0.0000,0.0,0,8.268,-2.000,5.137,0.0,0.0,0.0,0,12994.5141,-1.0000
3.199,982,951,Running,5,0,1,-2,0,0,0.0000,0.0,0,8.268,-2.000,5.137,0.0,0.0,0.0,0,5404.2799,-1.0000
3.216,979,967,Running,5,0,1,-2,0,0,0.0000,0.0,0,8.268,-2.000,5.137,0.0,0.0,0.0,0,9269.9239,-1.0000
3.233,980,992,Running,5,0,1,-2,0,0,0.0000,0.0,0,8.268,-2.000,5.137,0.0,0.0,0.0,0,20262.7541,-1.0000
3.249,983,1012,Running,5,0,1,-2,0,0,0.0000,0.0,0,8.268,-2.000,5.137,0.0,0.0,0.0,0,36285.8941,-1.0000
3.266,990,1039,Running,5,0,1,-2,0,0,0.0000,0.0,0,8.268,0.000,5.137,0.0,0.0,0.0,0,38522.2121,-1.0000
3.283,998,1052,Running,5,0,1,-2,0,0,0.0000,0.0,0,8.268,0.000,5.137,0.0,0.0,0.0,0,35058.5703,-1.0000
3.299,1004,1014,Running,5,0,1,-2,0,0,0.0000,0.0,0,8.268,0.000,5.137,0.0,0.0,0.0,0,35155.9137,-1.0000
3.316,1006,1017,Running,5,0,1,-2,0,0,0.0000,0.0,0,8.268,0.000,5.137,0.0,0.0,0.0,0,-6607.6708,-1.0000
3.333,1010,1035,Running,5,0,1,-2,0,0,0.0000,0.0,0,8.268,0.000,5.137,0.0,0.0,0.0,0,19449.3154,-1.0000
3.349,1017,1066,Running,5,0,1,-2,0,0,0.0000,0.0,0,8.268,0.000,5.137,0.0,0.0,0.0,0,25686.2762,-1.0000
3.366,1026,1094,Running,5,0,1,-2,0,0,0.0000,0.0,0,8.268,0.000,5.137,0.0,0.0,0.0,0,48898.8874,-1.0000
3.383,1038,1120,Running,5,0,1,-2,0,0,0.0000,0.0,0,8.268,0.000,5.137,0.0,0.0,0.0,0,43833.3571,-1.0000
3.399,1051,1126,Running,5,0,1,-2,0,0,0.0000,0.0,0,8.268,0.000,5.137,0.0,0.0,0.0,0,38199.4140,-1.0000
3.416,1061,1092,Running,5,0,1,-2,0,0,0.0000,0.0,0,8.268,0.000,5.137,0.0,0.0,0.0,0,22908.4176,-1.0000
3.433,1068,1120,Running,5,0,1,-2,0,0,0.0000,0.0,0,8.268,0.000,5.137,0.0,0.0,0.0,0,34637.3228,-1.0000
3.449,1077,1148,Running,5,0,1,-2,0,0,0.0000,0.0,0,8.268,0.000,5.137,0.0,0.0,0.0,0,8031.8537,-1.0000
3.466,1089,1159,Running,5,0,1,-2,0,0,0.0000,0.0,0,8.268,0.000,5.137,0.0,0.0,0.0,0,50452.1831,-1.0000
3.483,1103,1190,Running,5,0,1,-2,0,0,0.0000,0.0,0,8.268,0.000,5.137,0.0,0.0,0.0,0,47454.0008,-1.0000
3.499,1118,1216,Running,5,0,1,-2,0,0,0.0000,0.0,0,8.268,0.000,5.137,0.0,0.0,0.0,0,65881.9256,-1.0000
3.516,1132,1179,Running,5,0,1,-2,0,0,0.0000,0.0,0,8.268,0.000,5.137,0.0,0.0,0.0,0,38898.4354,-1.0000
3.533,1140,1197,Running,5,0,1,-2,0,0,0.0000,0.0,0,8.268,0.000,5.137,0.0,0.0,0.0,0,15911.0543,-1.0000
3.549,1151,1228,Running,5,0,1,-2,0,0,0.0000,0.0,0,8.268,0.000,5.137,0.0,0.0,0.0,0,24273.9272,-1.0000
3.566,1164,1237,Running,5,0,1,-2,0,0,0.0000,0.0,0,8.268,0.000,5.137,0.0,0.0,0.0,0,52038.7441,-1.0000
3.583,1178,1270,Running,5,0,1,-2,0,0,0.0000,0.0,0,8.268,0.000,5.137,0.0,0.0,0.0,0,58118.3069,-1.0000
3.597,1193,1286,Running,5,0,1,-2,0,0,0.0000,0.0,0,8.268,0.000,5.137,0.0,0.0,0.0,0,61322.3135,-1.0000
3.616,1205,1253,Running,5,0,1,-2,0,0,0.0000,0.0,0,8.268,0.000,5.137,0.0,0.0,0.0,0,28889.7087,-1.0000
3.633,1214,1277,Running,5,0,1,-2,0,0,0.0000,0.0,0,8.268,0.000,5.137,0.0,0.0,0.0,0,48937.3713,-1.0000
3.649,1225,1291,Running,5,0,1,-2,0,0,0.0000,0.0,0,8.268,0.000,5.137,0.0,0.0,0.0,0,12540.4166,-1.0000
3.666,1237,1317,Running,5,0,1,-2,0,0,0.0000,0.0,0,8.268,0.000,5.137,0.0,0.0,0.0,0,71280.4374,-1.0000
3.683,1251,1330,Running,5,0,1,-2,0,0,0.0000,0.0,0,8.268,0.000,5.137,0.0,0.0,0.0,0,49923.6098,-1.0000
3.699,1264,1337,Running,5,0,1,-2,0,0,0.0000,0.0,0,8.268,0.000,5.137,0.0,0.0,0.0,0,76948.2707,-1.0000
3.716,1272,1314,Running,5,0,1,-2,0,0,0.0000,0.0,0,8.268,0.000,5.137,0.0,0.0,0.0,0,3550.5295,-1.0000
3.733,1280,1336,Running,5,0,1,-2,0,0,0.0000,0.0,0,8.268,0.000,5.137,0.0,0.0,0.0,0,32762.8865,-1.0000
3.749,1290,1347,Running,5,0,1,-2,0,0,0.0000,0.0,0,8.268,0.000,5.137,0.0,0.0,0.0,0,54688.0564,-1.0000
3.766,1301,1371,Running,5,0,1,-2,0,0,0.0000,0.0,0,8.268,0.000,5.137,0.0,0.0,0.0,0,61464.6408,-1.0000
3.783,1312,1377,Running,5,0,1,-2,0,0,0.0000,0.0,0,8.268,0.000,5.137,0.0,0.0,0.0,0,56468.8691,-1.0000
3.799,1320,1353,Running,5,0,1,-2,0,0,0.0000,0.0,0,8.268,0.000,5.137,0.0,0.0,0.0,0,29432.5454,-1.0000
3.808,1325,1358,Running,5,0,1,-2,0,0,0.0000,0.0,0,8.268,0.000,5.137,0.0,0.0,0.0,0,41603.2653,-1.0000
3.833,1332,1381,Running,5,0,1,-2,0,0,0.0000,0.0,0,8.268,0.000,5.137,0.0,0.0,0.0,0,45282.8358,-1.0000
3.849,1340,1387,Running,5,0,1,-2,0,0,0.0000,0.0,0,8.268,0.000,5.137,0.0,0.0,0.0,0,44882.4815,-1.0000
3.866,1349,1407,Running,5,0,1,-2,0,0,0.0000,0.0,0,8.268,0.000,5.137,0.0,0.0,0.0,0,71778.5037,-1.0000
3.883,1356,1369,Running,5,0,1,-2,0,0,0.0000,0.0,0,8.268,0.000,5.137,0.0,0.0,0.0,0,28617.1234,-1.0000
3.899,1359,1384,Running,5,0,1,-2,0,0,0.0000,0.0,0,8.268,0.000,5.137,0.0,0.0,0.0,0,46734.9779,-1.0000
3.916,1363,1392,Running,5,0,1,-2,0,0,0.0000,0.0,0,8.268,0.000,5.137,0.0,0.0,0.0,0,19998.2220,-1.0000
3.933,1369,1405,Running,5,0,1,-2,0,0,0.0000,0.0,0,8.268,0.000,5.137,0.0,0.0,0.0,0,60061.1310,-1.0000
3.949,1375,1416,Running,5,0,1,-2,0,0,0.0000,0.0,0,8.268,0.000,5.137,0.0,0.0,0.0,0,57689.2720,-1.0000
3.966,1380,1383,Running,5,0,1,-2,0,0,0.0000,0.0,0,8.268,0.000,5.137,0.0,0.0,0.0,0,49075.8593,-1.0000
3.983,1381,1392,Running,5,0,1,-2,0,0,0.0000,0.0,0,8.268,0.000,5.137,0.0,0.0,0.0,0,32551.2743,-1.0000
3.999,1383,1397,Running,5,0,1,-2,0,0,0.0000,0.0,0,8.268,0.000,5.137,0.0,0.0,0.0,0,11527.9925,-1.0000
4.016,1386,1412,Running,5,0,1,-2,0,0,0.0000,0.0,0,8.268,0.000,5.137,0.0,0.0,0.0,0,66843.8551,-1.0000
4.033,1390,1415,Running,5,0,1,-2,0,0,0.0000,0.0,0,8.268,0.000,5.137,0.0,0.0,0.0,0,46570.8641,-1.0000
4.049,1394,1396,Running,5,0,1,-2,0,0,0.0000,0.0,0,8.268,0.000,5.137,0.0,0.0,0.0,0,68960.5158,-1.0000
4.066,1393,1389,Running,5,0,1,-2,0,0,0.0000,0.0,0,8.268,0.000,5.137,0.0,0.0,0.0,0,8913.9922,-1.0000
4.083,1393,1399,Running,5,0,1,-2,0,0,0.0000,0.0,0,8.268,0.000,5.137,0.0,0.0,0.0,0,15843.2424,-1.0000
4.099,1394,1406,Running,5,0,1,-2,0,0,0.0000,0.0,0,8.268,0.000,5.137,0.0,0.0,0.0,0,63403.2623,-1.0000
4.116,1397,1411,Running,5,0,1,-2,0,0,0.0000,0.0,0,8.268,0.000,5.137,0.0,0.0,0.0,0,48300.0855,-1.0000
4.133,1399,1405,Running,5,0,1,-2,0,0,0.0000,0.0,0,8.268,0.000,5.137,0.0,0.0,0.0,0,72917.1388,-1.0000
4.149,1397,1380,Running,5,0,1,-2,0,0,0.0000,0.0,0,8.268,0.000,5.137,0.0,0.0,0.0,0,-2837.0489,-1.0000
4.166,1396,1396,Running,5,0,1,-2,0,0,0.0000,0.0,0,8.268,0.000,5.137,0.0,0.0,0.0,0,22999.4473,-1.0000
4.183,1396,1393,Running,5,0,1,-2,0,0,0.0000,0.0,0,8.268,0.000,5.137,0.0,0.0,0.0,0,50241.2365,-1.0000
4.199,1397,1409,Running,5,0,1,-2,0,0,0.0000,0.0,0,8.268,0.000,5.137,0.0,0.0,0.0,0,58291.4980,-1.0000
4.216,1398,1404,Running,5,0,1,-2,0,0,0.0000,0.0,0,8.268,0.000,5.137,0.0,0.0,0.0,0,52012.7216,-1.0000
4.233,1396,1375,Running,5,0,1,-2,0,0,0.0000,0.0,0,8.268,0.000,5.137,0.0,0.0,0.0,0,14094.9661,-1.0000
4.249,1393,1382,Running,5,0,1,-2,0,0,0.0000,0.0,0,8.268,0.000,5.137,0.0,0.0,0.0,0,25169.7477,-1.0000
4.266,1392,1383,Running,5,0,1,-2,0,0,0.0000,0.0,0,8.268,0.000,5.137,0.0,0.0,0.0,0,43427.2487,-1.0000
4.283,1391,1398,Running,5,0,1,-2,0,0,0.0000,0.0,0,8.268,0.000,5.137,0.0,0.0,0.0,0,56733.5646,-1.0000
4.299,1392,1394,Running,5,0,1,-2,0,0,0.0000,0.0,0,8.268,0.000,5.137,0.0,0.0,0.0,0,42794.0210,-1.0000
4.316,1390,1369,Running,5,0,1,-2,0,0,0.0000,0.0,0,8.268,0.000,5.137,0.0,0.0,0.0,0,21851.8813,-1.0000
4.333,1386,1364,Running,5,0,1,-2,0,0,0.0000,0.0,0,8.268,0.000,5.137,0.0,0.0,0.0,0,31266.0031,-1.0000
4.349,1384,1379,Running,5,0,1,-2,0,0,0.0000,0.0,0,8.268,0.000,5.137,0.0,0.0,0.0,0,39648.7339,-1.0000
4.366,1383,1379,Running,5,0,1,-2,0,0,0.0000,0.0,0,8.268,0.000,5.137,0.0,0.0,0.0,0,38126.5446,-1.0000
4.383,1384,1390,Running,5,0,1,-2,0,0,0.0000,0.0,0,8.268,0.000,5.137,0.0,0.0,0.0,0,59387.5179,-1.0000
4.399,1382,1351,Running,5,0,1,-2,0,0,0.0000,0.0,0,8.268,0.000,5.137,0.0,0.0,0.0,0,19377.7946,-1.0000
4.416,1378,1359,Running,5,0,1,-2,0,0,0.0000,0.0,0,8.268,0.000,5.137,0.0,0.0,0.0,0,42132.8476,-1.0000
4.433,1375,1363,Running,5,0,1,-2,0,0,0.0000,0.0,0,8.268,0.000,5.137,0.0,0.0,0.0,0,14353.4244,-1.0000
4.449,1374,1372,Running,5,0,1,-2,0,0,0.0000,0.0,0,8.268,0.000,5.137,0.0,0.0,0.0,0,50698.9773,-1.0000
4.466,1374,1377,Running,5,0,1,-2,0,0,0.0000,0.0,0,8.268,0.000,5.137,0.0,0.0,0.0,0,47724.4290,-1.0000
4.483,1373,1348,Running,5,0,1,-2,0,0,0.0000,0.0,0,8.268,0.000,5.137,0.0,0.0,0.0,0,51370.2279,-1.0000
4.499,1369,1345,Running,5,0,1,-2,0,0,0.0000,0.0,0,8.268,0.000,5.137,0.0,0.0,0.0,0,13419.8966,-1.0000
4.516,1366,1354,Running,5,0,1,-2,0,0,0.0000,0.0,0,8.268,0.000,5.137,0.0,0.0,0.0,0,8117.3112,-1.0000
4.533,1364,1357,Running,5,0,1,-2,0,0,0.0000,0.0,0,8.268,0.000,5.137,0.0,0.0,0.0,0,55909.4116,-1.0000
4.549,1364,1367,Running,5,0,1,-2,0,0,0.0000,0.0,0,8.268,0.000,5.137,0.0,0.0,0.0,0,48626.5899,-1.0000
4.566,1364,1363,Running,5,0,1,-2,0,0,0.0000,0.0,0,8.268,0.000,5.137,0.0,0.0,0.0,0,53664.6729,-1.0000
4.583,1360,1334,Running,5,0,1,-2,0,0,0.0000,0.0,0,8.268,0.000,5.137,0.0,0.0,0.0,0,7875.4578,-1.0000
4.599,1357,1340,Running,5,0,1,-2,0,0,0.0000,0.0,0,8.268,0.000,5.137,0.0,0.0,0.0,0,22423.1594,-1.0000
4.616,1355,1346,Running,5,0,1,-2,0,0,0.0000,0.0,0,8.268,0.000,5.137,0.0,0.0,0.0,0,42238.1855,-1.0000
4.633,1354,1356,Running,5,0,1,-2,0,0,0.0000,0.0,0,8.268,0.000,5.137,0.0,0.0,0.0,0,46604.8375,-1.0000
4.647,1355,1359,Running,5,0,1,-2,0,0,0.0000,0.0,0,8.268,0.000,5.137,0.0,0.0,0.0,0,49279.6465,-1.0000
4.666,1353,1326,Running,5,0,1,-2,0,0,0.0000,0.0,0,8.268,0.000,5.137,0.0,0.0,0.0,0,17803.3025,-1.0000
4.683,1349,1330,Running,5,0,1,-2,0,0,0.0000,0.0,0,8.268,0.000,5.137,0.0,0.0,0.0,0,40751.0180,-1.0000
4.699,1347,1339,Running,5,0,1,-2,0,0,0.0000,0.0,0,8.268,0.000,5.137,0.0,0.0,0.0,0,19330.7066,-1.0000
4.716,1346,1347,Running,5,0,1,-2,0,0,0.0000,0.0,0,8.268,0.000,5.137,0.0,0.0,0.0,0,46060.8216,-1.0000
4.733,1347,1354,Running,5,0,1,-2,0,0,0.0000,0.0,0,8.268,0.000,5.137,0.0,0.0,0.0,0,48239.8610,-1.0000
4.749,1347,1326,Running,5,0,1,-2,0,0,0.0000,0.0,0,8.268,0.000,5.137,0.0,0.0,0.0,0,50737.0382,-1.0000
4.766,1343,1322,Running,5,0,1,-2,0,0,0.0000,0.0,0,8.268,0.000,5.137,0.0,0.0,0.0,0,10373.5204,-1.0000
4.783,1340,1335,Running,5,0,1,-2,0,0,0.0000,0.0,0,8.268,0.000,5.137,0.0,0.0,0.0,0,9442.2033,-1.0000
4.799,1339,1335,Running,5,0,1,-2,0,0,0.0000,0.0,0,8.268,0.000,5.137,0.0,0.0,0.0,0,51945.8154,-1.0000
4.816,1340,1351,Running,5,0,1,-2,0,0,0.0000,0.0,0,8.268,0.000,5.137,0.0,0.0,0.0,0,52930.6649,-1.0000
4.833,1341,1346,Running,5,0,1,-2,0,0,0.0000,0.0,0,8.268,0.000,5.137,0.0,0.0,0.0,0,44837.5381,-1.0000
4.849,1339,1321,Running,5,0,1,-2,0,0,0.0000,0.0,0,8.268,0.000,5.137,0.0,0.0,0.0,0,15489.5029,-1.0000
4.866,1336,1319,Running,5,0,1,-2,0,0,0.0000,0.0,0,8.268,0.000,5.137,0.0,0.0,0.0,0,24154.7277,-1.0000
4.883,1335,1336,Running,5,0,1,-2,0,0,0.0000,0.0,0,8.268,0.000,5.137,0.0,0.0,0.0,0,42104.1919,-1.0000
4.899,1335,1338,Running,5,0,1,-2,0,0,0.0000,0.0,0,8.268,0.000,5.137,0.0,0.0,0.0,0,37298.5002,-1.0000
4.916,1337,1352,Running,5,0,1,-2,0,0,0.0000,0.0,0,8.268,0.000,5.137,0.0,0.0,0.0,0,58974.5626,-1.0000
4.933,1336,1310,Running,5,0,1,-2,0,0,0.0000,0.0,0,8.268,0.000,5.137,0.0,0.0,0.0,0,20485.2570,-1.0000
4.949,1333,1323,Running,5,0,1,-2,0,0,0.0000,0.0,0,8.268,0.000,5.137,0.0,0.0,0.0,0,40499.3781,-1.0000
4.966,1332,1325,Running,5,0,1,-2,0,0,0.0000,0.0,0,8.268,0.000,5.137,0.0,0.0,0.0,0,4889.3946,-1.0000
4.983,1332,1340,Running,5,0,1,-2,0,0,0.0000,0.0,0,8.268,0.000,5.137,0.0,0.0,0.0,0,58767.3410,-1.0000
4.983,1333,1342,Running,5,0,1,-2,0,0,0.0000,0.0,0,8.268,0.000,5.137,0.0,0.0,0.0,0,39659.6950,-1.0000
5.016,1335,1335,Running,5,0,1,-2,0,0,0.0000,0.0,0,8.268,0.000,5.137,0.0,0.0,0.0,0,69743.2378,-1.0000
5.033,1332,1311,Running,5,0,1,-2,0,0,0.0000,0.0,0,8.268,0.000,5.137,0.0,0.0,0.0,0,-7424.3619,-1.0000
5.049,1330,1327,Running,5,0,1,-2,0,0,0.0000,0.0,0,8.268,0.000,5.137,0.0,0.0,0.0,0,22596.0800,-1.0000
5.066,1330,1327,Running,5,0,1,-2,0,0,0.0000,0.0,0,8.268,0.000,5.137,0.0,0.0,0.0,0,42496.2930,-1.0000
5.083,1331,1345,Running,5,0,1,-2,0,0,0.0000,0.0,0,8.268,0.000,5.137,0.0,0.0,0.0,0,54208.3047,-1.0000
5.099,1333,1344,Running,5,0,1,-2,0,0,0.0000,0.0,0,8.268,0.000,5.137,0.0,0.0,0.0,0,43107.6774,-1.0000
5.116,1332,1316,Running,5,0,1,-2,0,0,0.0000,0.0,0,8.268,0.000,5.137,0.0,0.0,0.0,0,19116.9977,-1.0000
5.133,1330,1317,Running,5,0,1,-2,0,0,0.0000,0.0,0,8.268,0.000,5.137,0.0,0.0,0.0,0,38885.4628,-1.0000
5.149,1329,1331,Running,5,0,1,-2,0,0,0.0000,0.0,0,8.268,0.000,5.137,0.0,0.0,0.0,0,24608.6264,-1.0000
5.166,1330,1338,Running,5,0,1,-2,0,0,0.0000,0.0,0,8.268,0.000,5.137,0.0,0.0,0.0,0,43846.1214,-1.0000
5.183,1332,1348,Running,5,0,1,-2,0,0,0.0000,0.0,0,8.268,0.000,5.137,0.0,0.0,0.0,0,50956.7057,-1.0000
5.199,1333,1318,Running,5,0,1,-2,0,0,0.0000,0.0,0,8.268,0.000,5.137,0.0,0.0,0.0,0,48253.8189,-1.0000
5.216,1331,1317,Running,5,0,1,-2,0,0,0.0000,0.0,0,8.268,0.000,5.137,0.0,0.0,0.0,0,13094.9760,-1.0000
5.233,1329,1330,Running,5,0,1,-2,0,0,0.0000,0.0,0,8.268,0.000,5.137,0.0,0.0,0.0,0,9327.8896,-1.0000
5.249,1330,1333,Running,5,0,1,-2,0,0,0.0000,0.0,0,8.268,0.000,5.137,0.0,0.0,0.0,0,53170.6728,-1.0000
5.266,1331,1349,Running,5,0,1,-2,0,0,0.0000,0.0,0,8.268,0.000,5.137,0.0,0.0,0.0,0,53369.5394,-1.0000
5.283,1334,1346,Running,5,0,1,-2,0,0,0.0000,0.0,0,8.268,0.000,5.137,0.0,0.0,0.0,0,45938.7001,-1.0000
5.299,1332,1320,Running,5,0,1,-2,0,0,0.0000,0.0,0,8.268,0.000,5.137,0.0,0.0,0.0,0,15602.7239,-1.0000
5.316,1330,1320,Running,5,0,1,-2,0,0,0.0000,0.0,0,8.268,0.000,5.137,0.0,0.0,0.0,0,24315.5858,-1.0000
5.333,1330,1337,Running,5,0,1,-2,0,0,0.0000,0.0,0,8.268,0.000,5.137,0.0,0.0,0.0,0,43350.3091,-1.0000
5.349,1331,1340,Running,5,0,1,-2,0,0,0.0000,0.0,0,8.268,0.000,5.137,0.0,0.0,0.0,0,38261.9354,-1.0000
5.366,1334,1354,Running,5,0,1,-2,0,0,0.0000,0.0,0,8.268,0.000,5.137,0.0,0.0,0.0,0,59589.3160,-1.0000
5.383,1334,1313,Running,5,0,1,-2,0,0,0.0000,0.0,0,8.268,0.000,5.137,0.0,0.0,0.0,0,20713.9326,-1.0000
5.397,1332,1326,Running,5,0,1,-2,0,0,0.0000,0.0,0,8.268,0.000,5.137,0.0,0.0,0.0,0,41327.7222,-1.0000
5.416,1331,1329,Running,5,0,1,-2,0,0,0.0000,0.0,0,8.268,0.000,5.137,0.0,0.0,0.0,0,6421.3512,-1.0000
5.433,1332,1344,Running,5,0,1,-2,0,0,0.0000,0.0,0,8.268,0.000,5.137,0.0,0.0,0.0,0,58844.9340,-1.0000
5.449,1334,1347,Running,5,0,1,-2,0,0,0.0000,0.0,0,8.268,0.000,5.137,0.0,0.0,0.0,0,40208.0671,-1.0000
5.466,1336,1338,Running,5,0,1,-2,0,0,0.0000,0.0,0,8.268,0.000,5.137,0.0,0.0,0.0,0,72627.6312,-1.0000
5.483,1334,1316,Running,5,0,1,-2,0,0,0.0000,0.0,0,8.268,0.000,5.137,0.0,0.0,0.0,0,-9413.9542,-1.0000
5.499,1332,1334,Running,5,0,1,-2,0,0,0.0000,0.0,0,8.268,0.000,5.137,0.0,0.0,0.0,0,22274.9604,-1.0000
5.516,1333,1332,Running,5,0,1,-2,0,0,0.0000,0.0,0,8.268,0.000,5.137,0.0,0.0,0.0,0,43503.8840,-1.0000
5.533,1334,1352,Running,5,0,1,-2,0,0,0.0000,0.0,0,8.268,0.000,5.137,0.0,0.0,0.0,0,57698.4736,-1.0000
5.549,1337,1349,Running,5,0,1,-2,0,0,0.0000,0.0,0,8.268,0.000,5.137,0.0,0.0,0.0,0,40462.3149,-1.0000
5.566,1336,1323,Running,5,0,1,-2,0,0,0.0000,0.0,0,8.268,0.000,5.137,0.0,0.0,0.0,0,20381.0535,-1.0000
5.583,1334,1322,Running,5,0,1,-2,0,0,0.0000,0.0,0,8.268,0.000,5.137,0.0,0.0,0.0,0,35494.2546,-1.0000
5.599,1334,1339,Running,5,0,1,-2,0,0,0.0000,0.0,0,8.268,0.000,5.137,0.0,0.0,0.0,0,32494.0117,-1.0000
5.616,1335,1342,Running,5,0,1,-2,0,0,0.0000,0.0,0,8.268,0.000,5.137,0.0,0.0,0.0,0,38987.4289,-1.0000
5.633,1337,1356,Running,5,0,1,-2,0,0,0.0000,0.0,0,8.268,0.000,5.137,0.0,0.0,0.0,0,57767.4826,-1.0000
5.649,1338,1319,Running,5,0,1,-2,0,0,0.0000,0.0,0,8.268,0.000,5.137,0.0,0.0,0.0,0,35305.0579,-1.0000
5.666,1336,1326,Running,5,0,1,-2,0,0,0.0000,0.0,0,8.268,0.000,5.137,0.0,0.0,0.0,0,26960.8055,-1.0000
5.683,1335,1333,Running,5,0,1,-2,0,0,0.0000,0.0,0,8.268,0.000,5.137,0.0,0.0,0.0,0,4425.1536,-1.0000
5.699,1335,1342,Running,5,0,1,-2,0,0,0.0000,0.0,0,8.268,0.000,5.137,0.0,0.0,0.0,0,58943.5565,-1.0000
5.716,1337,1351,Running,5,0,1,-2,0,0,0.0000,0.0,0,8.268,0.000,5.137,0.0,0.0,0.0,0,46189.7013,-1.0000
5.733,1340,1349,Running,5,0,1,-2,0,0,0.0000,0.0,0,8.268,0.000,5.137,0.0,0.0,0.0,0,57404.3989,-1.0000
5.749,1337,1322,Running,5,0,1,-2,0,0,0.0000,0.0,0,8.268,0.000,5.137,0.0,0.0,0.0,0,5578.4683,-1.0000
5.766,1336,1330,Running,5,0,1,-2,0,0,0.0000,0.0,0,8.268,0.000,5.137,0.0,0.0,0.0,0,22902.0720,-1.0000
5.783,1336,1338,Running,5,0,1,-2,0,0,0.0000,0.0,0,8.268,0.000,5.137,0.0,0.0,0.0,0,43827.3972,-1.0000
5.799,1337,1349,Running,5,0,1,-2,0,0,0.0000,0.0,0,8.268,0.000,5.137,0.0,0.0,0.0,0,46365.4222,-1.0000
5.816,1339,1355,Running,5,0,1,-2,0,0,0.0000,0.0,0,8.268,0.000,5.137,0.0,0.0,0.0,0,51597.4577,-1.0000
5.833,1339,1321,Running,5,0,1,-2,0,0,0.0000,0.0,0,8.268,0.000,5.137,0.0,0.0,0.0,0,18590.1165,-1.0000
5.849,1337,1328,Running,5,0,1,-2,0,0,0.0000,0.0,0,8.268,0.000,5.137,0.0,0.0,0.0,0,41771.1368,-1.0000
5.866,1336,1336,Running,5,0,1,-2,0,0,0.0000,0.0,0,8.268,0.000,5.137,0.0,0.0,0.0,0,17514.0812,-1.0000
5.883,1337,1347,Running,5,0,1,-2,0,0,0.0000,0.0,0,8.268,0.000,5.137,0.0,0.0,0.0,0,49471.1789,-1.0000
5.899,1339,1354,Running,5,0,1,-2,0,0,0.0000,0.0,0,8.268,0.000,5.137,0.0,0.0,0.0,0,46998.5866,-1.0000
5.916,1340,1329,Running,5,0,1,-2,0,0,0.0000,0.0,0,8.268,0.000,5.137,0.0,0.0,0.0,0,56315.9373,-1.0000
5.933,1338,1323,Running,5,0,1,-2,0,0,0.0000,0.0,0,8.268,0.000,5.137,0.0,0.0,0.0,0,6434.1239,-1.0000
5.949,1336,1338,Running,5,0,1,-2,0,0,0.0000,0.0,0,8.268,0.000,5.137,0.0,0.0,0.0,0,12351.2928,-1.0000
5.966,1336,1338,Running,5,0,1,-2,0,0,0.0000,0.0,0,8.268,0.000,5.137,0.0,0.0,0.0,0,51391.5163,-1.0000
5.983,1338,1355,Running,5,0,1,-2,0,0,0.0000,0.0,0,8.268,0.000,5.137,0.0,0.0,0.0,0,55162.7744,-1.0000
5.999,1340,1351,Running,5,0,1,-2,0,0,0.0000,0.0,0,8.268,0.000,5.137,0.0,0.0,0.0,0,44492.4748,-1.0000
6.016,1339,1326,Running,5,0,1,-2,0,0,0.0000,0.0,0,8.268,0.000,5.137,0.0,0.0,0.0,0,16984.1787,-1.0000
6.033,1337,1325,Running,5,0,1,-2,0,0,0.0000,0.0,0,8.268,0.000,5.137,0.0,0.0,0.0,0,24856.4517,-1.0000
6.049,1336,1342,Running,5,0,1,-2,0,0,0.0000,0.0,0,8.268,0.000,5.137,0.0,0.0,0.0,0,42861.1393,-1.0000
6.066,1337,1345,Running,5,0,1,-2,0,0,0.0000,0.0,0,8.268,0.000,5.137,0.0,0.0,0.0,0,38091.1816,-1.0000
6.083,1340,1358,Running,5,0,1,-2,0,0,0.0000,0.0,0,8.268,0.000,5.137,0.0,0.0,0.0,0,59410.4341,-1.0000
6.099,1340,1318,Running,5,0,1,-2,0,0,0.0000,0.0,0,8.268,0.000,5.137,0.0,0.0,0.0,0,20390.6087,-1.0000
6.116,1337,1330,Running,5,0,1,-2,0,0,0.0000,0.0,0,8.268,0.000,5.137,0.0,0.0,0.0,0,41499.2179,-1.0000
6.133,1336,1333,Running,5,0,1,-2,0,0,0.0000,0.0,0,8.268,0.000,5.137,0.0,0.0,0.0,0,7107.2994,-1.0000
6.149,1337,1348,Running,5,0,1,-2,0,0,0.0000,0.0,0,8.268,0.000,5.137,0.0,0.0,0.0,0,57970.0899,-1.0000
6.166,1339,1350,Running,5,0,1,-2,0,0,0.0000,0.0,0,8.268,0.000,5.137,0.0,0.0,0.0,0,40469.1726,-1.0000
6.183,1341,1340,Running,5,0,1,-2,0,0,0.0000,0.0,0,8.268,0.000,5.137,0.0,0.0,0.0,0,71735.4616,-1.0000
6.199,1338,1320,Running,5,0,1,-2,0,0,0.0000,0.0,0,8.268,0.000,5.137,0.0,0.0,0.0,0,-8797.6998,-1.0000
6.216,1337,1337,Running,5,0,1,-2,0,0,0.0000,0.0,0,8.268,0.000,5.137,0.0,0.0,0.0,0,20933.3368,-1.0000
6.233,1337,1334,Running,5,0,1,-2,0,0,0.0000,0.0,0,8.268,0.000,5.137,0.0,0.0,0.0,0,44145.6784,-1.0000
6.249,1338,1355,Running,5,0,1,-2,0,0,0.0000,0.0,0,8.268,0.000,5.137,0.0,0.0,0.0,0,58347.5126,-1.0000
6.266,1340,1351,Running,5,0,1,-2,0,0,0.0000,0.0,0,8.268,0.000,5.137,0.0,0.0,0.0,0,39649.6363,-1.0000
6.283,1339,1326,Running,5,0,1,-2,0,0,0.0000,0.0,0,8.268,0.000,5.137,0.0,0.0,0.0,0,20352.0354,-1.0000
6.299,1337,1323,Running,5,0,1,-2,0,0,0.0000,0.0,0,8.268,0.000,5.137,0.0,0.0,0.0,0,32891.5829,-1.0000
6.316,1336,1341,Running,5,0,1,-2,0,0,0.0000,0.0,0,8.268,0.000,5.137,0.0,0.0,0.0,0,35631.9647,-1.0000
6.333,1337,1342,Running,5,0,1,-2,0,0,0.0000,0.0,0,8.268,0.000,5.137,0.0,0.0,0.0,0,37158.1153,-1.0000
6.347,1339,1358,Running,5,0,1,-2,0,0,0.0000,0.0,0,8.268,0.000,5.137,0.0,0.0,0.0,0,59769.0316,-1.0000
6.366,1340,1318,Running,5,0,1,-2,0,0,0.0000,0.0,0,8.268,0.000,5.137,0.0,0.0,0.0,0,29692.6308,-1.0000
6.383,1337,1328,Running,5,0,1,-2,0,0,0.0000,0.0,0,8.268,0.000,5.137,0.0,0.0,0.0,0,31960.3858,-1.0000
6.399,1336,1332,Running,5,0,1,-2,0,0,0.0000,0.0,0,8.268,0.000,5.137,0.0,0.0,0.0,0,3442.1787,-1.0000
6.416,1336,1344,Running,5,0,1,-2,0,0,0.0000,0.0,0,8.268,0.000,5.137,0.0,0.0,0.0,0,60200.4508,-1.0000
6.433,1338,1350,Running,5,0,1,-2,0,0,0.0000,0.0,0,8.268,0.000,5.137,0.0,0.0,0.0,0,42932.0064,-1.0000
6.449,1340,1347,Running,5,0,1,-2,0,0,0.0000,0.0,0,8.268,0.000,5.137,0.0,0.0,0.0,0,61703.2989,-1.0000
6.466,1338,1320,Running,5,0,1,-2,0,0,0.0000,0.0,0,8.268,0.000,5.137,0.0,0.0,0.0,0,1033.0930,-1.0000
6.483,1336,1331,Running,5,0,1,-2,0,0,0.0000,0.0,0,8.268,0.000,5.137,0.0,0.0,0.0,0,23190.2878,-1.0000
6.499,1336,1336,Running,5,0,1,-2,0,0,0.0000,0.0,0,8.268,0.000,5.137,0.0,0.0,0.0,0,42862.0621,-1.0000
6.516,1337,1350,Running,5,0,1,-2,0,0,0.0000,0.0,0,8.268,0.000,5.137,0.0,0.0,0.0,0,49457.7205,-1.0000
6.533,1340,1352,Running,5,0,1,-2,0,0,0.0000,0.0,0,8.268,0.000,5.137,0.0,0.0,0.0,0,47992.7318,-1.0000
6.549,1339,1321,Running,5,0,1,-2,0,0,0.0000,0.0,0,8.268,0.000,5.137,0.0,0.0,0.0,0,18695.1859,-1.0000
6.566,1337,1326,Running,5,0,1,-2,0,0,0.0000,0.0,0,8.268,0.000,5.137,0.0,0.0,0.0,0,40627.6518,-1.0000
6.583,1336,1336,Running,5,0,1,-2,0,0,0.0000,0.0,0,8.268,0.000,5.137,0.0,0.0,0.0,0,21006.2334,-1.0000
6.599,1336,1345,Running,5,0,1,-2,0,0,0.0000,0.0,0,8.268,0.000,5.137,0.0,0.0,0.0,0,46362.2591,-1.0000
6.616,1338,1354,Running,5,0,1,-2,0,0,0.0000,0.0,0,8.268,0.000,5.137,0.0,0.0,0.0,0,49377.7901,-1.0000
6.633,1340,1325,Running,5,0,1,-2,0,0,0.0000,0.0,0,8.268,0.000,5.137,0.0,0.0,0.0,0,50960.6350,-1.0000
6.649,1337,1323,Running,5,0,1,-2,0,0,0.0000,0.0,0,8.268,0.000,5.137,0.0,0.0,0.0,0,11229.4153,-1.0000
6.666,1336,1336,Running,5,0,1,-2,0,0,0.0000,0.0,0,8.268,0.000,5.137,0.0,0.0,0.0,0,9918.0443,-1.0000
6.683,1336,1338,Running,5,0,1,-2,0,0,0.0000,0.0,0,8.268,0.000,5.137,0.0,0.0,0.0,0,53092.8099,-1.0000
6.699,1337,1353,Running,5,0,1,-2,0,0,0.0000,0.0,0,8.268,0.000,5.137,0.0,0.0,0.0,0,53202.0558,-1.0000
6.716,1340,1350,Running,5,0,1,-2,0,0,0.0000,0.0,0,8.268,0.000,5.137,0.0,0.0,0.0,0,46524.0012,-1.0000
6.733,1338,1324,Running,5,0,1,-2,0,0,0.0000,0.0,0,8.268,0.000,5.137,0.0,0.0,0.0,0,14996.6442,-1.0000
6.749,1336,1325,Running,5,0,1,-2,0,0,0.0000,0.0,0,8.268,0.000,5.137,0.0,0.0,0.0,0,23696.3087,-1.0000
6.766,1335,1340,Running,5,0,1,-2,0,0,0.0000,0.0,0,8.268,0.000,5.137,0.0,0.0,0.0,0,43367.6013,-1.0000
6.783,1336,1344,Running,5,0,1,-2,0,0,0.0000,0.0,0,8.268,0.000,5.137,0.0,0.0,0.0,0,39183.3264,-1.0000
6.797,1339,1357,Running,5,0,1,-2,0,0,0.0000,0.0,0,8.268,0.000,5.137,0.0,0.0,0.0,0,58248.6592,-1.0000
6.816,1339,1316,Running,5,0,1,-2,0,0,0.0000,0.0,0,8.268,0.000,5.137,0.0,0.0,0.0,0,19578.1433,-1.0000
6.833,1336,1329,Running,5,0,1,-2,0,0,0.0000,0.0,0,8.268,0.000,5.137,0.0,0.0,0.0,0,41759.1945,-1.0000
6.847,1335,1332,Running,5,0,1,-2,0,0,0.0000,0.0,0,8.268,0.000,5.137,0.0,0.0,0.0,0,8223.0909,-1.0000
6.866,1336,1347,Running,5,0,1,-2,0,0,0.0000,0.0,0,8.268,0.000,5.137,0.0,0.0,0.0,0,56843.1965,-1.0000
6.883,1337,1349,Running,5,0,1,-2,0,0,0.0000,0.0,0,8.268,0.000,5.137,0.0,0.0,0.0,0,40867.7750,-1.0000
6.899,1340,1337,Running,5,0,1,-2,0,0,0.0000,0.0,0,8.268,0.000,5.137,0.0,0.0,0.0,0,70507.6650,-1.0000
6.908,1337,1318,Running,5,0,1,-2,0,0,0.0000,0.0,0,8.268,0.000,5.137,0.0,0.0,0.0,0,-7844.6540,-1.0000
6.933,1335,1336,Running,5,0,1,-2,0,0,0.0000,0.0,0,8.268,0.000,5.137,0.0,0.0,0.0,0,20173.6556,-1.0000
6.947,1335,1333,Running,5,0,1,-2,0,0,0.0000,0.0,0,8.268,0.000,5.137,0.0,0.0,0.0,0,44495.3252,-1.0000
6.966,1337,1354,Running,5,0,1,-2,0,0,0.0000,0.0,0,8.268,0.000,5.137,0.0,0.0,0.0,0,58290.0145,-1.0000
6.983,1339,1349,Running,5,0,1,-2,0,0,0.0000,0.0,0,8.268,0.000,5.137,0.0,0.0,0.0,0,39463.4967,-1.0000
6.999,1338,1325,Running,5,0,1,-2,0,0,0.0000,0.0,0,8.268,0.000,5.137,0.0,0.0,0.0,0,20319.0766,-1.0000
7.016,1336,1321,Running,5,0,1,-2,0,0,0.0000,0.0,0,8.268,0.000,5.137,0.0,0.0,0.0,0,32364.3385,-1.0000
7.033,1335,1340,Running,5,0,1,-2,0,0,0.0000,0.0,0,8.268,0.000,5.137,0.0,0.0,0.0,0,36056.1822,-1.0000
7.049,1336,1341,Running,5,0,1,-2,0,0,0.0000,0.0,0,8.268,0.000,5.137,0.0,0.0,0.0,0,36926.9222,-1.0000
7.066,1338,1356,Running,5,0,1,-2,0,0,0.0000,0.0,0,8.268,0.000,5.137,0.0,0.0,0.0,0,59808.3078,-1.0000
7.083,1339,1317,Running,5,0,1,-2,0,0,0.0000,0.0,0,8.268,0.000,5.137,0.0,0.0,0.0,0,29356.7222,-1.0000
7.099,1336,1327,Running,5,0,1,-2,0,0,0.0000,0.0,0,8.268,0.000,5.137,0.0,0.0,0.0,0,32142.1290,-1.0000
7.116,1335,1332,Running,5,0,1,-2,0,0,0.0000,0.0,0,8.268,0.000,5.137,0.0,0.0,0.0,0,3283.5332,-1.0000
7.133,1335,1343,Running,5,0,1,-2,0,0,0.0000,0.0,0,8.268,0.000,5.137,0.0,0.0,0.0,0,60189.6320,-1.0000
7.149,1337,1349,Running,5,0,1,-2,0,0,0.0000,0.0,0,8.268,0.000,5.137,0.0,0.0,0.0,0,42928.0229,-1.0000
7.166,1339,1347,Running,5,0,1,-2,0,0,0.0000,0.0,0,8.268,0.000,5.137,0.0,0.0,0.0,0,61490.8900,-1.0000
7.183,1337,1319,Running,5,0,1,-2,0,0,0.0000,0.0,0,8.268,0.000,5.137,0.0,0.0,0.0,0,1134.5425,-1.0000
7.199,1335,1330,Running,5,0,1,-2,0,0,0.0000,0.0,0,8.268,0.000,5.137,0.0,0.0,0.0,0,23157.7055,-1.0000
7.216,1335,1335,Running,5,0,1,-2,0,0,0.0000,0.0,0,8.268,0.000,5.137,0.0,0.0,0.0,0,42952.1836,-1.0000
7.233,1336,1349,Running,5,0,1,-2,0,0,0.0000,0.0,0,8.268,0.000,5.137,0.0,0.0,0.0,0,49038.3412,-1.0000
7.249,1339,1352,Running,5,0,1,-2,0,0,0.0000,0.0,0,8.268,0.000,5.137,0.0,0.0,0.0,0,48462.6234,-1.0000
7.266,1338,1320,Running,5,0,1,-2,0,0,0.0000,0.0,0,8.268,0.000,5.137,0.0,0.0,0.0,0,18520.3721,-1.0000
7.283,1336,1325,Running,5,0,1,-2,0,0,0.0000,0.0,0,8.268,0.000,5.137,0.0,0.0,0.0,0,40850.0369,-1.0000
7.299,1335,1335,Running,5,0,1,-2,0,0,0.0000,0.0,0,8.268,0.000,5.137,0.0,0.0,0.0,0,20141.2541,-1.0000
7.316,1335,1344,Running,5,0,1,-2,0,0,0.0000,0.0,0,8.268,0.000,5.137,0.0,0.0,0.0,0,47087.5412,-1.0000
7.333,1337,1353,Running,5,0,1,-2,0,0,0.0000,0.0,0,8.268,0.000,5.137,0.0,0.0,0.0,0,48570.7967,-1.0000
7.349,1339,1325,Running,5,0,1,-2,0,0,0.0000,0.0,0,8.268,0.000,5.137,0.0,0.0,0.0,0,52393.6524,-1.0000
7.366,1336,1322,Running,5,0,1,-2,0,0,0.0000,0.0,0,8.268,0.000,5.137,0.0,0.0,0.0,0,9607.3840,-1.0000
7.383,1335,1335,Running,5,0,1,-2,0,0,0.0000,0.0,0,8.268,0.000,5.137,0.0,0.0,0.0,0,10646.7009,-1.0000
7.399,1335,1336,Running,5,0,1,-2,0,0,0.0000,0.0,0,8.268,0.000,5.137,0.0,0.0,0.0,0,52395.9955,-1.0000
7.416,1336,1353,Running,5,0,1,-2,0,0,0.0000,0.0,0,8.268,0.000,5.137,0.0,0.0,0.0,0,53978.2068,-1.0000
7.433,1339,1349,Running,5,0,1,-2,0,0,0.0000,0.0,0,8.268,0.000,5.137,0.0,0.0,0.0,0,45405.2817,-1.0000
7.447,1337,1324,Running,5,0,1,-2,0,0,0.0000,0.0,0,8.268,0.000,5.137,0.0,0.0,0.0,0,15802.8793,-1.0000
7.466,1335,1323,Running,5,0,1,-2,0,0,0.0000,0.0,0,8.268,0.000,5.137,0.0,0.0,0.0,0,24186.1126,-1.0000
7.483,1335,1340,Running,5,0,1,-2,0,0,0.0000,0.0,0,8.268,0.000,5.137,0.0,0.0,0.0,0,43095.9656,-1.0000
7.499,1335,1343,Running,5,0,1,-2,0,0,0.0000,0.0,0,8.268,0.000,5.137,0.0,0.0,0.0,0,38377.3923,-1.0000
7.516,1338,1356,Running,5,0,1,-2,0,0,0.0000,0.0,0,8.268,0.000,5.137,0.0,0.0,0.0,0,58951.5106,-1.0000
7.533,1338,1316,Running,5,0,1,-2,0,0,0.0000,0.0,0,8.268,0.000,5.137,0.0,0.0,0.0,0,20080.8164,-1.0000
7.549,1335,1328,Running,5,0,1,-2,0,0,0.0000,0.0,0,8.268,0.000,5.137,0.0,0.0,0.0,0,41457.7391,-1.0000
7.566,1334,1330,Stopping,5,1,0,-2,0,0,0.0000,0.0,0,8.268,0.000,5.137,0.0,0.0,0.0,0,7004.1414,-1.0000
7.583,1330,1275,Stopping,5,1,0,-2,0,0,0.0000,0.0,0,8.268,0.000,5.137,0.0,0.0,0.0,0,40609.0410,-1.0000
7.599,1316,1207,Stopping,5,1,0,-2,0,0,0.0000,0.0,0,8.268,0.000,5.137,0.0,0.0,0.0,0,-10237.9762,-1.0000
7.616,1295,1151,Stopping,5,1,0,-2,0,0,0.0000,0.0,0,8.268,0.000,5.137,0.0,0.0,0.0,0,13964.0495,-1.0000
7.633,1267,1094,Stopping,5,1,0,-2,0,0,0.0000,0.0,0,8.268,0.000,5.137,0.0,0.0,0.0,0,-25513.6453,-1.0000
7.649,1235,1032,Stopping,5,1,0,-2,0,0,0.0000,0.0,0,8.268,0.000,5.137,0.0,0.0,0.0,0,14271.2946,-1.0000
7.649,1200,976,Stopping,5,1,0,-2,0,0,0.0000,0.0,0,8.268,0.000,5.137,0.0,0.0,0.0,0,-45308.7145,-1.0000
7.649,1161,914,Stopping,5,1,0,-2,0,0,0.0000,0.0,0,8.268,0.000,5.137,0.0,0.0,0.0,0,13425.4623,-1.0000
7.699,1120,859,Stopping,5,1,0,-2,0,0,0.0000,0.0,0,8.268,0.000,5.137,0.0,0.0,0.0,0,-2795.0903,-1.0000
7.716,1076,806,Stopping,5,1,0,-2,0,0,0.0000,0.0,0,8.268,0.000,5.137,0.0,0.0,0.0,0,-3530.6894,-1.0000
7.733,1030,752,Stopping,5,1,0,-2,0,0,0.0000,0.0,0,8.268,0.000,5.137,0.0,0.0,0.0,0,-2680.7907,-1.0000
7.749,982,694,Stopping,5,1,0,-2,0,0,0.0000,0.0,0,8.268,0.000,5.137,0.0,0.0,0.0,0,7365.5344,-1.0000
7.766,932,636,Stopping,5,1,0,-2,0,0,0.0000,0.0,0,8.268,0.000,5.137,0.0,0.0,0.0,0,-50578.2951,-1.0000
7.783,884,581,Stopping,5,1,0,-2,0,0,0.0000,0.0,0,8.268,0.000,5.137,0.0,0.0,0.0,0,9071.8009,-1.0000
7.799,834,546,Stopping,5,1,0,-2,0,0,0.0000,0.0,0,8.268,0.000,5.137,0.0,0.0,0.0,0,-7043.0971,-1.0000
7.816,784,479,Stopping,5,1,0,-2,0,0,0.0000,0.0,0,8.268,0.000,5.137,0.0,0.0,0.0,0,-39713.1526,-1.0000
7.833,736,456,Stopped,5,1,0,-2,0,0,0.0000,0.0,0,8.268,0.000,5.137,0.0,0.0,0.0,0,-44873.0394,-1.0000
7.849,687,392,Stopped,5,1,0,-2,0,0,0.0000,0.0,0,8.268,0.000,5.137,0.0,0.0,0.0,0,8574.5579,-1.0000
7.866,640,364,Stopped,5,1,0,-2,0,0,0.0000,0.0,0,8.268,0.000,5.137,0.0,0.0,0.0,0,-210.3691,-1.0000
7.883,592,282,Stopped,5,1,0,-2,0,0,0.0000,0.0,0,8.268,0.000,5.137,0.0,0.0,0.0,0,-10020.9252,-1.0000
7.899,540,245,Stopped,5,1,0,-2,0,0,0.0000,0.0,0,8.268,0.000,5.137,0.0,0.0,0.0,0,-28269.5132,-1.0000
7.916,494,233,Stopped,5,1,0,-2,0,0,0.0000,0.0,0,8.268,0.000,5.137,0.0,0.0,0.0,0,-18197.9504,-1.0000
7.933,450,181,Stopped,5,1,0,-2,0,0,0.0000,0.0,0,8.268,0.000,5.137,0.0,0.0,0.0,0,-8027.6111,-1.0000
7.947,403,103,Stopped,5,1,0,-2,0,0,0.0000,0.0,0,8.268,0.000,5.137,0.0,0.0,0.0,0,-12075.9614,-1.0000
7.966,351,34,Stopped,5,1,0,-2,0,0,0.0000,0.0,0,8.268,0.000,5.137,0.0,0.0,0.0,0,-28177.9834,-1.0000
7.983,299,4,Stopped,5,1,0,-2,0,0,0.0000,0.0,0,8.268,0.000,5.137,0.0,0.0,0.0,0,-35469.3366,-1.0000
7.999,254,8,Stopped,5,1,0,-2,0,0,0.0000,0.0,0,8.268,0.000,5.137,0.0,0.0,0.0,0,-34023.1600,-1.0000
8.016,216,6,Stopped,60,1,0,-2,0,0,0.0000,0.0,0,8.268,0.000,5.137,0.0,0.0,0.0,0,-20333.3286,-1.0000
8.033,183,4,Stopped,5,1,0,-2,0,0,0.0000,0.0,0,8.268,0.000,5.137,0.0,0.0,0.0,0,-7450.3608,-1.0000
8.047,156,3,Stopped,5,1,0,-2,0,0,0.0000,0.0,0,8.268,0.000,5.137,0.0,0.0,0.0,0,-7753.4253,-1.0000
8.066,132,2,Stopped,60,1,0,-2,0,0,0.0000,0.0,0,8.268,0.000,5.137,0.0,0.0,0.0,0,-4167.1180,-1.0000
8.083,112,1,Stopped,60,1,0,-2,0,0,0.0000,0.0,0,8.268,0.000,5.137,0.0,0.0,0.0,0,-3165.8768,-1.0000
8.099,95,0,Stopped,60,1,0,-2,0,0,0.0000,0.0,0,8.268,0.000,5.137,0.0,0.0,0.0,0,-2836.2330,-1.0000
8.116,80,0,Stopped,60,1,0,-2,0,0,0.0000,0.0,0,8.268,0.000,5.137,0.0,0.0,0.0,0,-2636.1390,-1.0000
8.133,68,0,Stopped,60,1,0,-2,0,0,0.0000,0.0,0,8.268,0.000,5.137,0.0,0.0,0.0,0,-2502.1618,-1.0000
8.147,57,0,Stopped,60,1,0,-2,0,0,0.0000,0.0,0,8.268,0.000,5.137,0.0,0.0,0.0,0,-2392.5933,-1.0000
8.166,49,0,Stopped,60,1,0,-2,0,0,0.0000,0.0,0,8.268,0.000,5.137,0.0,0.0,0.0,0,-2298.6938,-1.0000
8.183,41,0,Stopped,60,1,0,-2,0,0,0.0000,0.0,0,8.268,0.000,5.137,0.0,0.0,0.0,0,-2216.2959,-1.0000
8.199,35,0,Stopped,60,1,0,-2,0,0,0.0000,0.0,0,8.268,0.000,5.137,0.0,0.0,0.0,0,-2142.7429,-1.0000
8.216,29,0,Stopped,60,1,0,-2,0,0,0.0000,0.0,0,8.268,0.000,5.137,0.0,0.0,0.0,0,-2076.0599,-1.0000
8.233,25,0,Stopped,60,1,0,-2,0,0,0.0000,0.0,0,8.268,0.000,5.137,0.0,0.0,0.0,0,-2015.1538,-1.0000
8.247,21,0,Stopped,60,1,0,-2,0,0,0.0000,0.0,0,8.268,0.000,5.137,0.0,0.0,0.0,0,-1958.6804,-1.0000
8.266,18,0,Stopped,60,1,0,-2,0,0,0.0000,0.0,0,8.268,0.000,5.137,0.0,0.0,0.0,0,-1906.3800,-1.0000
8.283,15,0,Stopped,60,1,0,-2,0,0,0.0000,0.0,0,8.268,0.000,5.137,0.0,0.0,0.0,0,-1857.6222,-1.0000
8.299,13,0,Stopped,60,1,0,-2,0,0,0.0000,0.0,0,8.268,0.000,5.137,0.0,0.0,0.0,0,-1811.7181,-1.0000
8.316,11,0,Stopped,60,1,0,-2,0,0,0.0000,0.0,0,8.268,0.000,5.137,0.0,0.0,0.0,0,-1768.6145,-1.0000
8.333,9,0,Stopped,60,1,0,-2,0,0,0.0000,0.0,0,8.268,0.000,5.137,0.0,0.0,0.0,0,-1728.0738,-1.0000
8.349,8,0,Stopped,60,1,0,-2,0,0,0.0000,0.0,0,8.268,0.000,5.137,0.0,0.0,0.0,0,-1689.5898,-1.0000
8.366,7,0,Stopped,60,1,0,-2,0,0,0.0000,0.0,0,8.268,0.000,5.137,0.0,0.0,0.0,0,-1653.2998,-1.0000
8.383,6,0,Stopped,60,1,0,-2,0,0,0.0000,0.0,0,8.268,0.000,5.137,0.0,0.0,0.0,0,-1619.2344,-1.0000
8.399,5,0,Stopped,60,1,0,-2,0,0,0.0000,0.0,0,8.268,0.000,5.137,0.0,0.0,0.0,0,-1587.1624,-1.0000
8.416,4,0,Stopped,60,1,0,-2,0,0,0.0000,0.0,0,8.268,0.000,5.137,0.0,0.0,0.0,0,-1556.9498,-1.0000
8.433,3,0,Stopped,60,1,0,-2,0,0,0.0000,0.0,0,8.268,0.000,5.137,0.0,0.0,0.0,0,-1528.8658,-1.0000
8.450,3,0,Stopped,60,1,0,-2,0,0,0.0000,0.0,0,8.268,0.000,5.137,0.0,0.0,0.0,0,-1502.8854,-1.0000
8.466,2,0,Stopped,60,1,0,-2,0,0,0.0000,0.0,0,8.268,0.000,5.137,0.0,0.0,0.0,0,-1478.7899,-1.0000
8.483,2,0,Stopped,60,1,0,-2,0,0,0.0000,0.0,0,8.268,0.000,5.137,0.0,0.0,0.0,0,-1456.6690,-1.0000
8.499,2,0,Stopped,60,1,0,-2,0,0,0.0000,0.0,0,8.268,0.000,5.137,0.0,0.0,0.0,0,-1436.3977,-1.0000
8.516,1,0,Stopped,60,1,0,-2,0,0,0.0000,0.0,0,8.268,0.000,5.137,0.0,0.0,0.0,0,-1417.8265,-1.0000
8.533,1,0,Stopped,60,1,0,-2,0,0,0.0000,0.0,0,8.268,0.000,5.137,0.0,0.0,0.0,0,-1400.7364,-1.0000
8.549,1,0,Stopped,60,1,0,-2,0,0,0.0000,0.0,0,8.268,0.000,5.137,0.0,0.0,0.0,0,-1384.8422,-1.0000
8.566,1,0,Stopped,60,1,0,-2,0,0,0.0000,0.0,0,8.268,0.000,5.137,0.0,0.0,0.0,0,-1370.0665,-1.0000
8.583,1,0,Stopped,60,1,0,-2,0,0,0.0000,0.0,0,8.268,0.000,5.137,0.0,0.0,0.0,0,-1356.2431,-1.0000
8.599,1,0,Stopped,60,1,0,-2,0,0,0.0000,0.0,0,8.268,0.000,5.137,0.0,0.0,0.0,0,-1343.1702,-1.0000
8.616,1,0,Stopped,60,1,0,-2,0,0,0.0000,0.0,0,8.268,0.000,5.137,0.0,0.0,0.0,0,-1328.6912,-1.0000
8.633,0,0,Stopped,60,1,0,-2,0,0,0.0000,0.0,0,8.268,0.000,5.137,0.0,0.0,0.0,0,-1314.9269,-1.0000
8.650,0,0,Stopped,60,1,0,-2,0,0,0.0000,0.0,0,8.268,0.000,5.137,0.0,0.0,0.0,0,-1303.5781,-1.0000
8.666,0,0,Stopped,60,1,0,-2,0,0,0.0000,0.0,0,8.268,0.000,5.137,0.0,0.0,0.0,0,-1292.6842,-1.0000
8.683,0,0,Stopped,60,1,0,-2,0,0,0.0000,0.0,0,8.268,0.000,5.137,0.0,0.0,0.0,0,-1282.3590,-1.0000
8.700,0,0,Stopped,60,1,0,-2,0,0,0.0000,0.0,0,8.268,0.000,5.137,0.0,0.0,0.0,0,-1272.6809,-1.0000
8.716,0,0,Stopped,60,1,0,-2,0,0,0.0000,0.0,0,8.268,0.000,5.137,0.0,0.0,0.0,0,-1263.2125,-1.0000
8.733,0,0,Stopped,60,1,0,-2,0,0,0.0000,0.0,0,8.268,0.000,5.137,0.0,0.0,0.0,0,-1253.9670,-1.0000
8.750,0,0,Stopped,60,1,0,-2,0,0,0.0000,0.0,0,8.268,0.000,5.137,0.0,0.0,0.0,0,-1245.3208,-1.0000
8.766,0,0,Stopped,60,1,0,-2,0,0,0.0000,0.0,0,8.268,0.000,5.137,0.0,0.0,0.0,0,-1236.8976,-1.0000
8.783,0,0,Stopped,60,1,0,-2,0,0,0.0000,0.0,0,8.268,0.000,5.137,0.0,0.0,0.0,0,-1228.5091,-1.0000
8.799,0,0,Stopped,60,1,0,-2,0,0,0.0000,0.0,0,8.268,0.000,5.137,0.0,0.0,0.0,0,-1220.5865,-1.0000
8.816,0,0,Stopped,60,1,0,-2,0,0,0.0000,0.0,0,8.268,0.000,5.137,0.0,0.0,0.0,0,-1212.8392,-1.0000
8.833,0,0,Stopped,60,1,0,-2,0,0,0.0000,0.0,0,8.268,0.000,5.137,0.0,0.0,0.0,0,-1205.2279,-1.0000
8.850,0,0,Stopped,60,1,0,-2,0,0,0.0000,0.0,0,8.268,0.000,5.137,0.0,0.0,0.0,0,-1197.8808,-1.0000
8.866,0,0,Stopped,60,1,0,-2,0,0,0.0000,0.0,0,8.268,0.000,5.137,0.0,0.0,0.0,0,-1190.7384,-1.0000
8.883,0,0,Stopped,60,1,0,-2,0,0,0.0000,0.0,0,8.268,0.000,5.137,0.0,0.0,0.0,0,-1183.8159,-1.0000
8.899,0,0,Stopped,60,1,0,-2,0,0,0.0000,0.0,0,8.268,0.000,5.137,0.0,0.0,0.0,0,-1176.9168,-1.0000
8.916,0,0,Stopped,60,1,0,-2,0,0,0.0000,0.0,0,8.268,0.000,5.137,0.0,0.0,0.0,0,-1170.4352,-1.0000
8.933,0,0,Stopped,60,1,0,-2,0,0,0.0000,0.0,0,8.268,0.000,5.137,0.0,0.0,0.0,0,-1163.9697,-1.0000
8.950,0,0,Stopped,60,1,0,-2,0,0,0.0000,0.0,0,8.268,0.000,5.137,0.0,0.0,0.0,0,-1157.6185,-1.0000
8.966,0,0,Stopped,60,1,0,-2,0,0,0.0000,0.0,0,8.268,0.000,5.137,0.0,0.0,0.0,0,-1151.3714,-1.0000
8.983,0,0,Stopped,60,1,0,-2,0,0,0.0000,0.0,0,8.268,0.000,5.137,0.0,0.0,0.0,0,-1145.4822,-1.0000
8.999,0,0,Stopped,60,1,0,-2,0,0,0.0000,0.0,0,8.268,0.000,5.137,0.0,0.0,0.0,0,-1139.4022,-1.0000
9.016,0,0,Stopped,60,1,0,-2,0,0,0.0000,0.0,0,8.268,0.000,5.137,0.0,0.0,0.0,0,-1133.5348,-1.0000
9.033,0,0,Stopped,60,1,0,-2,0,0,0.0000,0.0,0,8.268,0.000,5.137,0.0,0.0,0.0,0,-1127.8922,-1.0000
9.050,0,0,Stopped,60,1,0,-2,0,0,0.0000,0.0,0,8.268,0.000,5.137,0.0,0.0,0.0,0,-1122.2698,-1.0000
9.066,0,0,Stopped,60,1,0,-2,0,0,0.0000,0.0,0,8.268,0.000,5.137,0.0,0.0,0.0,0,-1116.6755,-1.0000
9.083,0,0,Stopped,60,1,0,-2,0,0,0.0000,0.0,0,8.268,0.000,5.137,0.0,0.0,0.0,0,-1111.3080,-1.0000
9.100,0,0,Stopped,60,1,0,-2,0,0,0.0000,0.0,0,8.268,0.000,5.137,0.0,0.0,0.0,0,-1105.9092,-1.0000
9.116,0,0,Stopped,60,1,0,-2,0,0,0.0000,0.0,0,8.268,0.000,5.137,0.0,0.0,0.0,0,-1100.6795,-1.0000
9.133,0,0,Stopped,60,1,0,-2,0,0,0.0000,0.0,0,8.268,0.000,5.137,0.0,0.0,0.0,0,-1095.4617,-1.0000
9.150,0,0,Stopped,60,1,0,-2,0,0,0.0000,0.0,0,8.268,0.000,5.137,0.0,0.0,0.0,0,-1090.3023,-1.0000
9.166,0,0,Stopped,60,1,0,-2,0,0,0.0000,0.0,0,8.268,0.000,5.137,0.0,0.0,0.0,0,-1085.2974,-1.0000
9.183,0,0,Stopped,60,1,0,-2,0,0,0.0000,0.0,0,8.268,0.000,5.137,0.0,0.0,0.0,0,-1080.4242,-1.0000
9.199,0,0,Stopped,60,1,0,-2,0,0,0.0000,0.0,0,8.268,0.000,5.137,0.0,0.0,0.0,0,-1075.4046,-1.0000
9.216,0,0,Stopped,60,1,0,-2,0,0,0.0000,0.0,0,8.268,0.000,5.137,0.0,0.0,0.0,0,-1070.6199,-1.0000
9.233,0,0,Stopped,60,1,0,-2,0,0,0.0000,0.0,0,8.268,0.000,5.137,0.0,0.0,0.0,0,-1065.8817,-1.0000
9.250,0,0,Stopped,60,1,0,-2,0,0,0.0000,0.0,0,8.268,0.000,5.137,0.0,0.0,0.0,0,-1061.1537,-1.0000
9.266,0,0,Stopped,60,1,0,-2,0,0,0.0000,0.0,0,8.268,0.000,5.137,0.0,0.0,0.0,0,-1056.5835,-1.0000
9.283,0,0,Stopped,60,1,0,-2,0,0,0.0000,0.0,0,8.268,0.000,5.137,0.0,0.0,0.0,0,-1051.9449,-1.0000
9.299,0,0,Stopped,60,1,0,-2,0,0,0.0000,0.0,0,8.268,0.000,5.137,0.0,0.0,0.0,0,-1047.4515,-1.0000
9.316,0,0,Stopped,60,1,0,-2,0,0,0.0000,0.0,0,8.268,0.000,5.137,0.0,0.0,0.0,0,-1042.9440,-1.0000
9.333,0,0,Stopped,60,1,0,-2,0,0,0.0000,0.0,0,8.268,0.000,5.137,0.0,0.0,0.0,0,-1038.5763,-1.0000
9.350,0,0,Stopped,60,1,0,-2,0,0,0.0000,0.0,0,8.268,0.000,5.137,0.0,0.0,0.0,0,-1034.2249,-1.0000
9.366,0,0,Stopped,60,1,0,-2,0,0,0.0000,0.0,0,8.268,0.000,5.137,0.0,0.0,0.0,0,-1029.9151,-1.0000
9.383,0,0,Stopped,60,1,0,-2,0,0,0.0000,0.0,0,8.268,0.000,5.137,0.0,0.0,0.0,0,-1025.6458,-1.0000
9.399,0,0,Stopped,60,1,0,-2,0,0,0.0000,0.0,0,8.268,0.000,5.137,0.0,0.0,0.0,0,-1021.4797,-1.0000
9.416,0,0,Stopped,60,1,0,-2,0,0,0.0000,0.0,0,8.268,0.000,5.137,0.0,0.0,0.0,0,-1017.2727,-1.0000
9.433,0,0,Stopped,60,1,0,-2,0,0,0.0000,0.0,0,8.268,0.000,5.137,0.0,0.0,0.0,0,-1013.1550,-1.0000
9.450,0,0,Stopped,60,1,0,-2,0,0,0.0000,0.0,0,8.268,0.000,5.137,0.0,0.0,0.0,0,-1009.1059,-1.0000
9.466,0,0,Stopped,60,1,0,-2,0,0,0.0000,0.0,0,8.268,0.000,5.137,0.0,0.0,0.0,0,-1005.1061,-1.0000
9.483,0,0,Stopped,60,1,0,-2,0,0,0.0000,0.0,0,8.268,0.000,5.137,0.0,0.0,0.0,0,-1001.1107,-1.0000
9.483,0,0,Stopped,60,1,0,-2,0,0,0.0000,0.0,0,8.268,0.000,5.137,0.0,0.0,0.0,0,-997.1600,-1.0000
9.516,0,0,Stopped,60,1,0,-2,0,0,0.0000,0.0,0,8.268,0.000,5.137,0.0,0.0,0.0,0,-993.2562,-1.0000
9.533,0,0,Stopped,60,1,0,-2,0,0,0.0000,0.0,0,8.268,0.000,5.137,0.0,0.0,0.0,0,-989.3808,-1.0000
9.538,0,0,Stopped,60,1,0,-2,0,0,0.0000,0.0,0,8.268,0.000,5.137,0.0,0.0,0.0,0,-985.5979,-1.0000
9.566,0,0,Stopped,60,1,0,-2,0,0,0.0000,0.0,0,8.268,0.000,5.137,0.0,0.0,0.0,0,-981.8242,-1.0000
9.583,0,0,Stopped,60,1,0,-2,0,0,0.0000,0.0,0,8.268,0.000,5.137,0.0,0.0,0.0,0,-978.0224,-1.0000
9.599,0,0,Stopped,60,1,0,-2,0,0,0.0000,0.0,0,8.268,0.000,5.137,0.0,0.0,0.0,0,-974.3315,-1.0000
9.616,0,0,Stopped,60,1,0,-2,0,0,0.0000,0.0,0,8.268,0.000,5.137,0.0,0.0,0.0,0,-970.6710,-1.0000
9.633,0,0,Stopped,60,1,0,-2,0,0,0.0000,0.0,0,8.268,0.000,5.137,0.0,0.0,0.0,0,-967.0462,-1.0000
9.649,0,0,Stopped,60,1,0,-2,0,0,0.0000,0.0,0,8.268,0.000,5.137,0.0,0.0,0.0,0,-963.4305,-1.0000
9.666,0,0,Stopped,60,1,0,-2,0,0,0.0000,0.0,0,8.268,0.000,5.137,0.0,0.0,0.0,0,-959.8466,-1.0000
9.683,0,0,Stopped,60,1,0,-2,0,0,0.0000,0.0,0,8.268,0.000,5.137,0.0,0.0,0.0,0,-956.2725,-1.0000
9.700,0,0,Stopped,60,1,0,-2,0,0,0.0000,0.0,0,8.268,0.000,5.137,0.0,0.0,0.0,0,-952.7592,-1.0000
9.716,0,0,Stopped,60,1,0,-2,0,0,0.0000,0.0,0,8.268,0.000,5.137,0.0,0.0,0.0,0,-949.3076,-1.0000
9.733,0,0,Stopped,60,1,0,-2,0,0,0.0000,0.0,0,8.268,0.000,5.137,0.0,0.0,0.0,0,-945.8588,-1.0000
9.750,0,0,Stopped,60,1,0,-2,0,0,0.0000,0.0,0,8.268,0.000,5.137,0.0,0.0,0.0,0,-942.4175,-1.0000
9.766,0,0,Stopped,60,1,0,-2,0,0,0.0000,0.0,0,8.268,0.000,5.137,0.0,0.0,0.0,0,-938.9818,-1.0000
9.783,0,0,Stopped,60,1,0,-2,0,0,0.0000,0.0,0,8.268,0.000,5.137,0.0,0.0,0.0,0,-935.6324,-1.0000
9.800,0,0,Stopped,60,1,0,-2,0,0,0.0000,0.0,0,8.268,0.000,5.137,0.0,0.0,0.0,0,-932.3497,-1.0000
9.816,0,0,Stopped,60,1,0,-2,0,0,0.0000,0.0,0,8.268,0.000,5.137,0.0,0.0,0.0,0,-928.9832,-1.0000
9.833,0,0,Stopped,60,1,0,-2,0,0,0.0000,0.0,0,8.268,0.000,5.137,0.0,0.0,0.0,0,-925.6683,-1.0000
9.850,0,0,Stopped,60,1,0,-2,0,0,0.0000,0.0,0,8.268,0.000,5.137,0.0,0.0,0.0,0,-922.4301,-1.0000
9.866,0,0,Stopped,60,1,0,-2,0,0,0.0000,0.0,0,8.268,0.000,5.137,0.0,0.0,0.0,0,-919.2246,-1.0000
9.883,0,0,Stopped,60,1,0,-2,0,0,0.0000,0.0,0,8.268,0.000,5.137,0.0,0.0,0.0,0,-915.9747,-1.0000
9.900,0,0,Stopped,60,1,0,-2,0,0,0.0000,0.0,0,8.268,0.000,5.137,0.0,0.0,0.0,0,-912.8146,-1.0000
9.916,0,0,Stopped,60,1,0,-2,0,0,0.0000,0.0,0,8.268,0.000,5.137,0.0,0.0,0.0,0,-909.6317,-1.0000
9.933,0,0,Stopped,60,1,0,-2,0,0,0.0000,0.0,0,8.268,0.000,5.137,0.0,0.0,0.0,0,-906.4726,-1.0000
9.950,0,0,Stopped,60,1,0,-2,0,0,0.0000,0.0,0,8.268,0.000,5.137,0.0,0.0,0.0,0,-903.3689,-1.0000
9.966,0,0,Stopped,60,1,0,-2,0,0,0.0000,0.0,0,8.268,0.000,5.137,0.0,0.0,0.0,0,-900.2605,-1.0000
9.983,0,0,Stopped,60,1,0,-2,0,0,0.0000,0.0,0,8.268,0.000,5.137,0.0,0.0,0.0,0,-897.1872,-1.0000
10.000,0,0,Stopped,60,1,0,-2,0,0,0.0000,0.0,0,8.268,0.000,5.137,0.0,0.0,0.0,0,-894.1850,-1.0000
10.016,0,0,Stopped,60,1,0,-2,0,0,0.0000,0.0,0,8.268,0.000,5.137,0.0,0.0,0.0,0,-891.1099,-1.0000
10.033,0,0,Stopped,60,1,0,-2,0,0,0.0000,0.0,0,8.268,0.000,5.137,0.0,0.0,0.0,0,-888.0885,-1.0000
10.050,0,0,Stopped,60,1,0,-2,0,0,0.0000,0.0,0,8.268,0.000,5.137,0.0,0.0,0.0,0,-885.1358,-1.0000
10.066,0,0,Stopped,60,1,0,-2,0,0,0.0000,0.0,0,8.268,0.000,5.137,0.0,0.0,0.0,0,-882.1787,-1.0000
10.083,0,0,Stopped,60,1,0,-2,0,0,0.0000,0.0,0,8.268,0.000,5.137,0.0,0.0,0.0,0,-879.1779,-1.0000
10.100,0,0,Stopped,60,1,0,-2,0,0,0.0000,0.0,0,8.268,0.000,5.137,0.0,0.0,0.0,0,-876.2639,-1.0000
10.116,0,0,Stopped,60,1,0,-2,0,0,0.0000,0.0,0,8.268,0.000,5.137,0.0,0.0,0.0,0,-873.4058,-1.0000
10.133,0,0,Stopped,60,1,0,-2,0,0,0.0000,0.0,0,8.268,0.000,5.137,0.0,0.0,0.0,0,-870.4592,-1.0000
10.150,0,0,Stopped,60,1,0,-2,0,0,0.0000,0.0,0,8.268,0.000,5.137,0.0,0.0,0.0,0,-867.6069,-1.0000
10.166,0,0,Stopped,60,1,0,-2,0,0,0.0000,0.0,0,8.268,0.000,5.137,0.0,0.0,0.0,0,-864.7801,-1.0000
10.183,0,0,Stopped,60,1,0,-2,0,0,0.0000,0.0,0,8.268,0.000,5.137,0.0,0.0,0.0,0,-861.9276,-1.0000
10.200,0,0,Stopped,60,1,0,-2,0,0,0.0000,0.0,0,8.268,0.000,5.137,0.0,0.0,0.0,0,-859.0851,-1.0000
10.216,0,0,Stopped,60,1,0,-2,0,0,0.0000,0.0,0,8.268,0.000,5.137,0.0,0.0,0.0,0,-856.2884,-1.0000
10.233,0,0,Stopped,60,1,0,-2,0,0,0.0000,0.0,0,8.268,0.000,5.137,0.0,0.0,0.0,0,-853.5261,-1.0000
10.250,0,0,Stopped,60,1,0,-2,0,0,0.0000,0.0,0,8.268,0.000,5.137,0.0,0.0,0.0,0,-850.8047,-1.0000
10.266,0,0,Stopped,60,1,0,-2,0,0,0.0000,0.0,0,8.268,0.000,5.137,0.0,0.0,0.0,0,-848.0193,-1.0000
10.283,0,0,Stopped,60,1,0,-2,0,0,0.0000,0.0,0,8.268,0.000,5.137,0.0,0.0,0.0,0,-845.2786,-1.0000
10.300,0,0,Stopped,60,1,0,-2,0,0,0.0000,0.0,0,8.268,0.000,5.137,0.0,0.0,0.0,0,-842.5486,-1.0000
10.316,0,0,Stopped,60,1,0,-2,0,0,0.0000,0.0,0,8.268,0.000,5.137,0.0,0.0,0.0,0,-839.8662,-1.0000
10.333,0,0,Stopped,60,1,0,-2,0,0,0.0000,0.0,0,8.268,0.000,5.137,0.0,0.0,0.0,0,-837.1940,-1.0000
10.350,0,0,Stopped,60,1,0,-2,0,0,0.0000,0.0,0,8.268,0.000,5.137,0.0,0.0,0.0,0,-834.5443,-1.0000
10.366,0,0,Stopped,60,1,0,-2,0,0,0.0000,0.0,0,8.268,0.000,5.137,0.0,0.0,0.0,0,-831.8871,-1.0000
10.383,0,0,Stopped,60,1,0,-2,0,0,0.0000,0.0,0,8.268,0.000,5.137,0.0,0.0,0.0,0,-829.2443,-1.0000
10.400,0,0,Stopped,60,1,0,-2,0,0,0.0000,0.0,0,8.268,0.000,5.137,0.0,0.0,0.0,0,-826.6249,-1.0000
10.416,0,0,Stopped,60,1,0,-2,0,0,0.0000,0.0,0,8.268,0.000,5.137,0.0,0.0,0.0,0,-824.0028,-1.0000
10.433,0,0,Stopped,60,1,0,-2,0,0,0.0000,0.0,0,8.268,0.000,5.137,0.0,0.0,0.0,0,-821.4026,-1.0000
10.450,0,0,Stopped,60,1,0,-2,0,0,0.0000,0.0,0,8.268,0.000,5.137,0.0,0.0,0.0,0,-818.8150,-1.0000
10.466,0,0,Stopped,60,1,0,-2,0,0,0.0000,0.0,0,8.268,0.000,5.137,0.0,0.0,0.0,0,-816.2846,-1.0000
10.483,0,0,Stopped,60,1,0,-2,0,0,0.0000,0.0,0,8.268,0.000,5.137,0.0,0.0,0.0,0,-813.7398,-1.0000
10.500,0,0,Stopped,60,1,0,-2,0,0,0.0000,0.0,0,8.268,0.000,5.137,0.0,0.0,0.0,0,-811.2088,-1.0000
10.516,0,0,Stopped,60,1,0,-2,0,0,0.0000,0.0,0,8.268,0.000,5.137,0.0,0.0,0.0,0,-808.6890,-1.0000
10.533,0,0,Stopped,60,1,0,-2,0,0,0.0000,0.0,0,8.268,0.000,5.137,0.0,0.0,0.0,0,-806.1335,-1.0000
10.550,0,0,Stopped,60,1,0,-2,0,0,0.0000,0.0,0,8.268,0.000,5.137,0.0,0.0,0.0,0,-803.6692,-1.0000
10.566,0,0,Stopped,60,0,0,-2,0,0,0.0000,0.0,0,8.268,0.000,5.137,0.0,0.0,0.0,0,-801.2151,-1.0000
10.583,0,0,Stopped,60,0,0,-2,0,0,0.0000,0.0,0,8.268,0.000,5.137,0.0,0.0,0.0,0,-798.7325,-1.0000
10.600,0,0,Stopped,60,0,0,-2,0,0,0.0000,0.0,0,8.268,0.000,5.137,0.0,0.0,0.0,0,-796.2750,-1.0000
10.616,0,0,Stopped,60,0,0,-2,0,0,0.0000,0.0,0,8.268,0.000,5.137,0.0,0.0,0.0,0,-793.8094,-1.0000
10.633,0,0,Stopped,60,0,0,-2,0,0,0.0000,0.0,0,8.268,0.000,5.137,0.0,0.0,0.0,0,-791.3583,-1.0000
10.649,0,0,Stopped,60,0,0,-2,0,0,0.0000,0.0,0,8.268,0.000,5.137,0.0,0.0,0.0,0,-788.9641,-1.0000
10.666,0,0,Stopped,60,0,0,-2,0,0,0.0000,0.0,0,8.268,0.000,5.137,0.0,0.0,0.0,0,-786.5699,-1.0000
10.683,0,0,Stopped,60,0,0,-2,0,0,0.0000,0.0,0,8.268,0.000,5.137,0.0,0.0,0.0,0,-784.2083,-1.0000
10.700,0,0,Stopped,60,0,0,-2,0,0,0.0000,0.0,0,8.268,0.000,5.137,0.0,0.0,0.0,0,-781.7884,-1.0000
10.716,0,0,Stopped,60,0,0,-2,0,0,0.0000,0.0,0,8.268,0.000,5.137,0.0,0.0,0.0,0,-779.4180,-1.0000
10.733,0,0,Stopped,60,0,0,-2,0,0,0.0000,0.0,0,8.268,0.000,5.137,0.0,0.0,0.0,0,-777.0279,-1.0000
10.750,0,0,Stopped,60,0,0,-2,0,0,0.0000,0.0,0,8.268,0.000,5.137,0.0,0.0,0.0,0,-774.6942,-1.0000
10.766,0,0,Stopped,60,0,0,-2,0,0,0.0000,0.0,0,8.268,0.000,5.137,0.0,0.0,0.0,0,-772.4109,-1.0000
10.783,0,0,Stopped,60,0,0,-2,0,0,0.0000,0.0,0,8.268,0.000,5.137,0.0,0.0,0.0,0,-770.0412,-1.0000
10.800,0,0,Stopped,60,0,0,-2,0,0,0.0000,0.0,0,8.268,0.000,5.137,0.0,0.0,0.0,0,-767.7010,-1.0000
10.816,0,0,Stopped,60,0,0,-2,0,0,0.0000,0.0,0,8.268,0.000,5.137,0.0,0.0,0.0,0,-765.4629,-1.0000
10.833,0,0,Stopped,60,0,0,-2,0,0,0.0000,0.0,0,8.268,0.000,5.137,0.0,0.0,0.0,0,-763.1216,-1.0000
10.850,0,0,Stopped,60,0,0,-2,0,0,0.0000,0.0,0,8.268,0.000,5.137,0.0,0.0,0.0,0,-760.8297,-1.0000
10.866,0,0,Stopped,60,0,0,-2,0,0,0.0000,0.0,0,8.268,0.000,5.137,0.0,0.0,0.0,0,-758.5798,-1.0000
10.883,0,0,Stopped,60,0,0,-2,0,0,0.0000,0.0,0,8.268,0.000,5.137,0.0,0.0,0.0,0,-756.3227,-1.0000
10.900,0,0,Stopped,60,0,0,-2,0,0,0.0000,0.0,0,8.268,0.000,5.137,0.0,0.0,0.0,0,-754.0604,-1.0000
10.916,0,0,Stopped,60,0,0,-2,0,0,0.0000,0.0,0,8.268,0.000,5.137,0.0,0.0,0.0,0,-751.8358,-1.0000
10.933,0,0,Stopped,60,0,0,-2,0,0,0.0000,0.0,0,8.268,0.000,5.137,0.0,0.0,0.0,0,-749.6322,-1.0000
10.950,0,0,Stopped,60,0,0,-2,0,0,0.0000,0.0,0,8.268,0.000,5.137,0.0,0.0,0.0,0,-747.3574,-1.0000
10.966,0,0,Stopped,60,0,0,-2,0,0,0.0000,0.0,0,8.268,0.000,5.137,0.0,0.0,0.0,0,-745.1470,-1.0000
10.983,0,0,Stopped,60,0,0,-2,0,0,0.0000,0.0,0,8.268,0.000,5.137,0.0,0.0,0.0,0,-742.9722,-1.0000
11.000,0,0,Stopped,60,0,0,-2,0,0,0.0000,0.0,0,8.268,0.000,5.137,0.0,0.0,0.0,0,-740.7868,-1.0000
11.016,0,0,Stopped,60,0,0,-2,0,0,0.0000,0.0,0,8.268,0.000,5.137,0.0,0.0,0.0,0,-738.5983,-1.0000
11.033,0,0,Stopped,60,0,0,-2,0,0,0.0000,0.0,0,8.268,0.000,5.137,0.0,0.0,0.0,0,-736.4309,-1.0000
11.050,0,0,Stopped,60,0,0,-2,0,0,0.0000,0.0,0,8.268,0.000,5.137,0.0,0.0,0.0,0,-734.2595,-1.0000
11.066,0,0,Stopped,60,0,0,-2,0,0,0.0000,0.0,0,8.268,0.000,5.137,0.0,0.0,0.0,0,-732.0838,-1.0000
11.083,0,0,Stopped,60,0,0,-2,0,0,0.0000,0.0,0,8.268,0.000,5.137,0.0,0.0,0.0,0,-729.9672,-1.0000
11.100,0,0,Stopped,60,0,0,-2,0,0,0.0000,0.0,0,8.268,0.000,5.137,0.0,0.0,0.0,0,-727.7912,-1.0000
11.116,0,0,Stopped,60,0,0,-2,0,0,0.0000,0.0,0,8.268,0.000,5.137,0.0,0.0,0.0,0,-725.7233,-1.0000
11.133,0,0,Stopped,60,0,0,-2,0,0,0.0000,0.0,0,8.268,0.000,5.137,0.0,0.0,0.0,0,-723.5970,-1.0000
11.150,0,0,Stopped,60,0,0,-2,0,0,0.0000,0.0,0,8.268,0.000,5.137,0.0,0.0,0.0,0,-721.4455,-1.0000
11.166,0,0,Stopped,60,0,0,-2,0,0,0.0000,0.0,0,8.268,0.000,5.137,0.0,0.0,0.0,0,-719.3595,-1.0000
11.183,0,0,Stopped,60,0,0,-2,0,0,0.0000,0.0,0,8.268,0.000,5.137,0.0,0.0,0.0,0,-717.2726,-1.0000
11.200,0,0,Stopped,60,0,0,-2,0,0,0.0000,0.0,0,8.268,0.000,5.137,0.0,0.0,0.0,0,-715.2042,-1.0000
11.216,0,0,Stopped,60,0,0,-2,0,0,0.0000,0.0,0,8.268,0.000,5.137,0.0,0.0,0.0,0,-713.1481,-1.0000
11.233,0,0,Stopped,60,0,0,-2,0,0,0.0000,0.0,0,8.268,0.000,5.137,0.0,0.0,0.0,0,-711.0683,-1.0000
11.250,0,0,Stopped,60,0,0,-2,0,0,0.0000,0.0,0,8.268,0.000,5.137,0.0,0.0,0.0,0,-709.0061,-1.0000
11.266,0,0,Stopped,60,0,0,-2,0,0,0.0000,0.0,0,8.268,0.000,5.137,0.0,0.0,0.0,0,-706.9166,-1.0000
11.283,0,0,Stopped,60,0,0,-2,0,0,0.0000,0.0,0,8.268,0.000,5.137,0.0,0.0,0.0,0,-704.9108,-1.0000
11.300,0,0,Stopped,60,0,0,-2,0,0,0.0000,0.0,0,8.268,0.000,5.137,0.0,0.0,0.0,0,-702.9170,-1.0000
11.316,0,0,Stopped,60,0,0,-2,0,0,0.0000,0.0,0,8.268,0.000,5.137,0.0,0.0,0.0,0,-700.8621,-1.0000
11.333,0,0,Stopped,60,0,0,-2,0,0,0.0000,0.0,0,8.268,0.000,5.137,0.0,0.0,0.0,0,-698.8122,-1.0000
11.350,0,0,Stopped,60,0,0,-2,0,0,0.0000,0.0,0,8.268,0.000,5.137,0.0,0.0,0.0,0,-696.8159,-1.0000
11.366,0,0,Stopped,60,0,0,-2,0,0,0.0000,0.0,0,8.268,0.000,5.137,0.0,0.0,0.0,0,-694.8578,-1.0000
11.383,0,0,Stopped,60,0,0,-2,0,0,0.0000,0.0,0,8.268,0.000,5.137,0.0,0.0,0.0,0,-692.8483,-1.0000
11.400,0,0,Stopped,60,0,0,-2,0,0,0.0000,0.0,0,8.268,0.000,5.137,0.0,0.0,0.0,0,-690.8566,-1.0000
11.416,0,0,Stopped,60,0,0,-2,0,0,0.0000,0.0,0,8.268,0.000,5.137,0.0,0.0,0.0,0,-688.8390,-1.0000
11.433,0,0,Stopped,60,0,0,-2,0,0,0.0000,0.0,0,8.268,0.000,5.137,0.0,0.0,0.0,0,-686.9099,-1.0000
11.450,0,0,Stopped,60,0,0,-2,0,0,0.0000,0.0,0,8.268,0.000,5.137,0.0,0.0,0.0,0,-684.9674,-1.0000
11.466,0,0,Stopped,60,0,0,-2,0,0,0.0000,0.0,0,8.268,0.000,5.137,0.0,0.0,0.0,0,-682.9914,-1.0000
11.483,0,0,Stopped,60,0,0,-2,0,0,0.0000,0.0,0,8.268,0.000,5.137,0.0,0.0,0.0,0,-681.0456,-1.0000
11.500,0,0,Stopped,60,0,0,-2,0,0,0.0000,0.0,0,8.268,0.000,5.137,0.0,0.0,0.0,0,-679.0855,-1.0000
11.516,0,0,Stopped,60,0,0,-2,0,0,0.0000,0.0,0,8.268,0.000,5.137,0.0,0.0,0.0,0,-677.1676,-1.0000
11.533,0,0,Stopped,60,0,0,-2,0,0,0.0000,0.0,0,8.268,0.000,5.137,0.0,0.0,0.0,0,-675.2164,-1.0000
11.550,0,0,Stopped,60,0,0,-2,0,0,0.0000,0.0,0,8.268,0.000,5.137,0.0,0.0,0.0,0,-673.3345,-1.0000
11.566,0,0,Stopped,60,0,0,-2,0,0,0.0000,0.0,0,8.268,0.000,5.137,0.0,0.0,0.0,0,-671.4354,-1.0000
11.583,0,0,Stopped,60,0,0,-2,0,0,0.0000,0.0,0,8.268,0.000,5.137,0.0,0.0,0.0,0,-669.5272,-1.0000
11.597,0,0,Stopped,60,0,0,-2,0,0,0.0000,0.0,0,8.268,0.000,5.137,0.0,0.0,0.0,0,-667.5979,-1.0000
11.616,0,0,Stopped,60,0,0,-2,0,0,0.0000,0.0,0,8.268,0.000,5.137,0.0,0.0,0.0,0,-665.6875,-1.0000
11.633,0,0,Stopped,60,0,0,-2,0,0,0.0000,0.0,0,8.268,0.000,5.137,0.0,0.0,0.0,0,-663.8566,-1.0000
11.650,0,0,Stopped,60,0,0,-2,0,0,0.0000,0.0,0,8.268,0.000,5.137,0.0,0.0,0.0,0,-661.9895,-1.0000
11.666,0,0,Stopped,60,0,0,-2,0,0,0.0000,0.0,0,8.268,0.000,5.137,0.0,0.0,0.0,0,-660.0909,-1.0000
11.683,0,0,Stopped,60,0,0,-2,0,0,0.0000,0.0,0,8.268,0.000,5.137,0.0,0.0,0.0,0,-658.1881,-1.0000
11.700,0,0,Stopped,60,0,0,-2,0,0,0.0000,0.0,0,8.268,0.000,5.137,0.0,0.0,0.0,0,-656.3750,-1.0000
11.716,0,0,Stopped,60,0,0,-2,0,0,0.0000,0.0,0,8.268,0.000,5.137,0.0,0.0,0.0,0,-654.5403,-1.0000
11.733,0,0,Stopped,60,0,0,-2,0,0,0.0000,0.0,0,8.268,0.000,5.137,0.0,0.0,0.0,0,-652.6832,-1.0000
11.750,0,0,Stopped,60,0,0,-2,0,0,0.0000,0.0,0,8.268,0.000,5.137,0.0,0.0,0.0,0,-650.8574,-1.0000
11.766,0,0,Stopped,60,0,0,-2,0,0,0.0000,0.0,0,8.268,0.000,5.137,0.0,0.0,0.0,0,-649.0152,-1.0000
11.783,0,0,Stopped,60,0,0,-2,0,0,0.0000,0.0,0,8.268,0.000,5.137,0.0,0.0,0.0,0,-647.1538,-1.0000
11.800,0,0,Stopped,60,0,0,-2,0,0,0.0000,0.0,0,8.268,0.000,5.137,0.0,0.0,0.0,0,-645.3849,-1.0000
11.816,0,0,Stopped,60,0,0,-2,0,0,0.0000,0.0,0,8.268,0.000,5.137,0.0,0.0,0.0,0,-643.5851,-1.0000
11.833,0,0,Stopped,60,0,0,-2,0,0,0.0000,0.0,0,8.268,0.000,5.137,0.0,0.0,0.0,0,-641.7349,-1.0000
11.850,0,0,Stopped,60,0,0,-2,0,0,0.0000,0.0,0,8.268,0.000,5.137,0.0,0.0,0.0,0,-639.9469,-1.0000
11.866,0,0,Stopped,60,0,0,-2,0,0,0.0000,0.0,0,8.268,0.000,5.137,0.0,0.0,0.0,0,-638.1649,-1.0000
11.883,0,0,Stopped,60,0,0,-2,0,0,0.0000,0.0,0,8.268,0.000,5.137,0.0,0.0,0.0,0,-636.4120,-1.0000
11.900,0,0,Stopped,60,0,0,-2,0,0,0.0000,0.0,0,8.268,0.000,5.137,0.0,0.0,0.0,0,-634.6171,-1.0000
11.916,0,0,Stopped,60,0,0,-2,0,0,0.0000,0.0,0,8.268,0.000,5.137,0.0,0.0,0.0,0,-632.8229,-1.0000
11.933,0,0,Stopped,60,0,0,-2,0,0,0.0000,0.0,0,8.268,0.000,5.137,0.0,0.0,0.0,0,-631.0217,-1.0000
11.950,0,0,Stopped,60,0,0,-2,0,0,0.0000,0.0,0,8.268,0.000,5.137,0.0,0.0,0.0,0,-629.3012,-1.0000
11.966,0,0,Stopped,60,0,0,-2,0,0,0.0000,0.0,0,8.268,0.000,5.137,0.0,0.0,0.0,0,-627.5817,-1.0000
11.983,0,0,Stopped,60,0,0,-2,0,0,0.0000,0.0,0,8.268,0.000,5.137,0.0,0.0,0.0,0,-625.7958,-1.0000
12.000,14,173,Cranking,55,0,1,99,1,0,0.0000,0.0,0,8.268,0.000,5.137,0.0,0.0,0.0,1,3478.6342,-1.0000
12.016,51,332,Cranking,55,0,1,99,1,1,0.6000,0.0,0,7.514,0.000,4.669,-1.9,23.8,0.0,1,9640.9947,-1.0000
12.033,104,435,Cranking,55,0,1,99,1,1,0.6000,0.0,0,6.758,0.000,4.199,-4.4,54.6,0.0,1,4915.6872,-1.0000
12.050,162,565,Cranking,55,0,1,99,1,1,0.6000,0.0,0,6.000,0.000,3.729,-5.9,72.8,0.0,1,22290.0652,-1.0000
12.066,245,799,Cranking,55,0,1,99,1,1,0.6000,0.0,0,5.264,0.000,3.271,14.2,-182.0,0.0,1,-67.1235,-1.0000
12.083,347,959,Cranking,55,0,1,99,1,1,0.6000,0.0,0,4.544,0.000,2.824,23.7,-369.1,0.0,1,96426.8198,-1.0000
12.100,463,1255,Cranking,55,0,1,99,1,1,0.6000,0.0,0,3.846,0.000,2.390,34.9,-636.9,0.0,1,34908.5365,-1.0000
12.116,603,1424,Cranking,55,0,1,99,1,1,0.6000,0.0,0,3.187,0.000,1.980,53.8,-1094.0,0.0,1,159081.8495,-1.0000
12.133,733,1490,Cranking,55,0,1,99,1,1,0.6000,0.0,0,2.545,0.000,1.581,60.5,-1289.7,0.0,1,198196.7939,-1.0000
12.150,855,1564,Cranking,55,0,1,99,1,1,0.6000,0.0,0,1.919,0.000,1.193,67.2,-1493.0,0.0,1,250719.6986,-1.0000
12.166,973,1623,Running,55,0,1,99,1,1,0.6000,0.0,0,1.315,0.000,0.817,75.7,-1742.3,0.0,0,268805.8028,-1.0000
12.183,1076,1707,Running,15,0,1,99,1,1,0.6000,0.0,0,0.718,0.000,0.446,77.6,-1836.1,0.0,0,107335.0514,-1.0000
12.200,1185,1866,Running,15,0,1,99,1,1,0.6000,0.0,0,0.154,0.000,0.096,91.2,-2216.5,0.0,0,229826.1470,-1.0000
12.216,1301,2002,Running,14,0,1,99,1,1,0.6000,0.0,0,0.000,0.000,0.000,107.9,-2662.4,0.0,0,287645.1198,-1.0000
12.233,1416,2035,Running,13,0,1,99,1,1,0.6000,0.0,0,0.000,0.000,0.000,121.0,-2988.6,0.0,0,339083.3010,-1.0000
12.250,1516,2121,Running,13,0,1,99,1,1,0.6000,0.0,0,0.000,0.000,0.000,123.2,-3043.4,0.0,0,123002.2151,-1.0000
12.266,1616,2204,Running,12,0,1,99,1,1,0.6000,0.0,0,0.000,0.000,0.000,135.0,-3333.7,0.0,0,288058.4877,-1.0000
12.283,1712,2266,Running,11,0,1,99,1,1,0.6000,0.0,0,0.000,0.000,0.000,144.5,-3569.3,0.0,0,280579.6631,-1.0000
12.300,1792,2230,Running,11,0,1,99,1,1,0.6000,0.0,0,0.000,0.000,0.000,143.1,-3533.8,0.0,0,195054.2238,-1.0000
12.316,1862,2260,Running,10,0,1,99,1,1,0.6000,0.0,0,0.000,0.000,0.000,145.3,-3588.8,0.0,0,228869.1619,-1.0000
12.333,1923,2266,Running,9,0,1,99,1,1,0.6000,0.0,0,0.000,0.000,0.000,147.7,-3647.7,0.0,0,259133.9648,-1.0000
12.350,1970,2201,Running,9,0,1,99,1,1,0.6000,0.0,0,0.000,0.000,0.000,143.0,-3531.4,0.0,0,149940.2680,-1.0000
12.366,2005,2193,Running,8,0,1,99,1,1,0.6000,0.0,0,0.000,0.000,0.000,139.1,-3436.0,0.0,0,203875.4228,-1.0000
12.383,2033,2179,Running,7,0,1,99,1,1,0.6000,0.0,0,0.000,0.000,0.000,137.6,-3398.9,0.0,0,195180.6177,-1.0000
12.400,2051,2109,Running,7,0,1,99,1,1,0.6000,0.0,0,0.000,0.000,0.000,133.5,-3299.0,0.0,0,155920.3746,-1.0000
12.416,2058,2086,Running,6,0,1,99,1,1,0.6000,0.0,0,0.000,0.000,0.000,126.6,-3128.3,0.0,0,119336.4035,-1.0000
12.433,2060,2060,Running,5,0,1,99,1,1,0.6000,0.0,0,0.000,0.000,0.000,123.9,-3060.2,0.0,0,147439.2510,-1.0000
12.450,2058,2025,Running,5,0,1,99,1,1,0.6000,0.0,0,0.000,0.000,0.000,120.9,-2986.3,0.0,0,157975.3386,-1.0000
12.466,2046,1959,Running,0,0,1,99,1,1,0.6000,0.0,0,0.000,0.000,0.000,112.6,-2782.2,0.0,0,79267.9558,-1.0000
12.483,2030,1925,Running,0,0,1,99,1,1,0.6000,0.0,0,0.000,0.000,0.000,108.6,-2681.7,0.0,0,87113.5632,-1.0000
12.500,2011,1890,Running,0,0,1,99,1,1,0.6000,0.0,0,0.000,0.000,0.000,104.9,-2591.4,0.0,0,99322.3385,-1.0000
12.516,1988,1812,Running,0,0,1,99,1,1,0.6000,0.0,0,0.000,0.000,0.000,100.2,-2474.4,0.0,0,81254.2850,-1.0000
12.533,1958,1769,Running,0,0,1,99,1,1,0.6000,0.0,0,0.000,0.000,0.000,92.6,-2287.8,0.0,0,37227.8920,-1.0000
12.550,1927,1731,Running,0,0,1,99,1,1,0.6000,0.0,0,0.000,0.000,0.000,88.7,-2192.3,0.0,0,55922.2158,-1.0000
12.566,1895,1697,Running,0,0,1,99,1,1,0.6000,0.0,0,0.000,0.000,0.000,84.9,-2097.6,0.0,0,67832.8910,-1.0000
12.583,1860,1628,Running,0,0,1,99,1,1,0.6000,0.0,0,0.000,0.000,0.000,80.6,-1990.4,0.0,0,62429.2393,-1.0000
12.600,1820,1582,Running,0,0,1,99,1,1,0.6000,0.0,0,0.000,0.000,0.000,73.6,-1818.4,0.0,0,12038.4030,-1.0000
12.611,1780,1539,Running,0,0,1,99,1,1,0.6000,0.0,0,0.000,0.000,0.000,70.0,-1728.6,0.0,0,9663.7874,-1.0000
12.633,1740,1498,Running,0,0,1,99,1,1,0.6000,0.0,0,0.000,0.000,0.000,66.6,-1645.9,0.0,0,33728.8434,-1.0000
12.650,1700,1468,Running,0,0,1,99,1,1,0.6000,0.0,0,0.000,0.000,0.000,63.4,-1566.7,0.0,0,41863.1175,-1.0000
12.666,1658,1386,Running,0,0,1,99,1,1,0.6000,0.0,0,0.000,0.000,0.000,58.7,-1450.1,0.0,0,-4904.0877,-1.0000
12.683,1614,1354,Running,0,0,1,99,1,1,0.6000,0.0,0,0.000,0.000,0.000,54.2,-1338.2,0.0,0,21713.9934,-1.0000
12.700,1571,1317,Running,0,0,1,99,1,1,0.6000,0.0,0,0.000,0.000,0.000,51.3,-1268.0,0.0,0,-6355.0675,-1.0000
12.716,1530,1291,Running,0,0,1,99,1,1,0.6000,0.0,0,0.000,0.000,0.000,48.9,-1207.7,0.0,0,19161.0300,-1.0000
12.733,1490,1250,Running,0,0,1,99,1,1,0.6000,0.0,0,0.000,0.000,0.000,46.5,-1149.6,0.0,0,14804.6856,-1.0000
12.750,1450,1207,Running,0,0,1,99,1,1,0.6000,0.0,0,0.000,0.000,0.000,43.9,-1084.9,0.0,0,30865.0010,-1.0000
12.766,1407,1154,Running,0,0,1,99,1,1,0.6000,0.0,0,0.000,0.000,0.000,39.6,-977.3,0.0,0,-31633.7666,-1.0000
12.783,1366,1116,Running,0,0,1,99,1,1,0.6000,0.0,0,0.000,0.000,0.000,37.2,-920.0,0.0,0,-5768.1555,-1.0000
12.800,1327,1100,Running,0,0,1,99,1,1,0.6000,0.0,0,0.000,0.000,0.000,35.6,-879.7,0.0,0,-3813.0938,-1.0000
12.816,1290,1081,Running,0,0,1,99,1,1,0.6000,0.0,0,0.000,0.000,0.000,34.0,-839.6,0.0,0,9375.8879,-1.0000
12.833,1255,1058,Running,0,0,1,99,1,1,0.6000,0.0,0,0.000,0.000,0.000,32.7,-807.1,0.0,0,3916.0613,-1.0000
12.850,1222,1022,Running,0,0,1,99,1,1,0.6000,0.0,0,0.000,0.000,0.000,31.1,-768.5,0.0,0,5046.8858,-1.0000
12.866,1186,953,Running,0,0,1,99,1,1,0.6000,0.0,0,0.000,0.000,0.000,28.4,-702.1,0.0,0,-13859.6221,-1.0000
12.883,1150,930,Running,0,0,1,99,1,1,0.6000,0.0,0,0.000,0.000,0.000,25.9,-639.0,0.0,0,-10378.5503,-1.0000
12.900,1115,908,Running,0,0,1,99,1,1,0.6000,0.0,0,0.000,0.000,0.000,24.7,-610.9,0.0,0,-13214.0473,-1.0000
12.916,1084,897,Running,5,0,1,99,1,1,0.6000,0.0,0,0.000,0.000,0.000,23.9,-591.3,0.0,0,-20791.9585,-1.0000
12.933,1055,875,Running,5,0,1,99,1,1,0.6000,0.0,0,0.000,0.000,0.000,23.1,-569.5,0.0,0,7792.8310,-1.0000
12.950,1028,865,Running,5,0,1,99,1,1,0.6000,0.0,0,0.000,0.000,0.000,22.3,-551.1,0.0,0,-1039.8325,-1.0000
12.966,1003,853,Running,5,0,1,99,1,1,0.6000,0.0,0,0.000,0.000,0.000,21.7,-536.9,0.0,0,2808.9148,-1.0000
12.983,980,832,Running,5,0,1,99,1,1,0.6000,0.0,0,0.000,0.000,0.000,20.9,-515.2,0.0,0,1289.0368,-1.0000
13.000,954,774,Running,5,0,1,99,1,1,0.6000,0.0,0,0.000,0.000,0.000,19.0,-469.5,0.0,0,-8092.9094,-1.0000
13.016,926,774,Running,6,0,1,99,1,1,0.6000,0.0,0,0.000,0.000,0.000,17.1,-422.3,0.0,0,-22015.9257,-1.0000
13.033,901,773,Running,9,0,1,99,1,1,0.6000,0.0,0,0.000,0.000,0.000,16.8,-414.1,0.0,0,771.7591,-1.0000
13.050,879,770,Running,9,0,1,99,1,1,0.6000,0.0,0,0.000,0.000,0.000,16.6,-409.0,0.0,0,-40512.5653,-1.0000
13.066,861,761,Running,9,0,1,99,1,1,0.6000,0.0,0,0.000,0.000,0.000,16.8,-416.0,0.0,0,8857.5119,-1.0000
13.083,846,751,Running,9,0,1,99,1,1,0.6000,0.0,0,0.000,0.000,0.000,16.9,-416.7,0.0,0,801.4037,-1.0000
13.100,835,768,Running,10,0,1,99,1,1,0.6000,0.0,0,0.000,0.000,0.000,17.3,-426.2,0.0,0,4882.5667,-1.0000
13.116,828,791,Running,10,0,1,99,1,1,0.6000,0.0,0,0.000,0.000,0.000,17.8,-440.2,0.0,0,12376.3190,-1.0000
13.133,823,804,Running,10,0,1,99,1,1,0.6000,29.5,0,0.320,0.320,0.199,18.2,-440.4,0.0,0,12298.0569,-1.0000
13.150,818,769,Running,9,0,1,99,1,1,0.6000,29.5,0,0.320,0.320,0.199,17.9,-430.8,0.0,0,26451.2726,-1.0000
13.166,806,762,Running,8,0,1,99,1,1,0.6000,29.5,0,0.320,0.320,0.199,15.8,-377.5,0.0,0,-42955.9158,-1.0000
13.183,799,778,Running,10,0,1,99,1,1,0.6000,29.5,0,0.320,0.320,0.199,16.9,-404.7,0.0,0,9320.4269,-1.0000
13.200,800,805,Running,10,0,1,99,1,1,0.6000,29.5,0,0.320,0.320,0.199,18.5,-443.8,0.0,0,-9447.9688,-1.0000
13.216,806,848,Running,9,0,1,99,1,1,0.6000,29.5,0,0.320,0.320,0.199,20.4,-490.7,0.0,0,12934.3218,-1.0000
13.233,818,886,Running,9,0,1,99,1,1,0.6000,29.5,0,0.320,0.320,0.199,22.3,-537.2,0.0,0,34292.4042,-1.0000
13.250,834,938,Running,8,0,1,99,1,1,0.6000,29.5,0,0.320,0.320,0.199,24.6,-593.3,0.0,0,33389.0960,-1.0000
13.266,856,988,Running,7,0,1,99,1,1,0.6000,29.5,0,0.320,0.320,0.199,27.3,-657.9,0.0,0,43123.5145,-1.0000
13.283,880,1020,Running,7,0,1,99,1,1,0.6000,29.5,0,0.320,0.320,0.199,29.4,-711.2,0.0,0,54398.3498,-1.0000
13.300,896,986,Running,6,0,1,99,1,1,0.6000,29.5,0,0.320,0.320,0.199,27.9,-674.9,0.0,0,13624.9387,-1.0000
13.316,913,1044,Running,6,0,1,99,1,1,0.6000,29.5,0,0.320,0.320,0.199,29.3,-708.4,0.0,0,40964.8330,-1.0000
13.333,936,1095,Running,6,0,1,99,1,1,0.6000,29.5,0,0.320,0.320,0.199,32.5,-785.5,0.0,0,17395.2922,-1.0000
13.350,963,1126,Running,7,0,1,99,1,1,0.6000,29.5,0,0.320,0.320,0.199,35.5,-860.7,0.0,0,62448.2579,-1.0000
13.366,993,1176,Running,7,0,1,99,1,1,0.6000,29.5,0,0.320,0.320,0.199,38.4,-930.6,0.0,0,56366.9043,-1.0000
13.383,1025,1223,Running,7,0,1,99,1,1,0.6000,29.5,0,0.320,0.320,0.199,41.5,-1006.8,0.0,0,85791.9239,-1.0000
13.400,1054,1178,Running,7,0,1,99,1,1,0.6000,29.5,0,0.320,0.320,0.199,42.5,-1031.7,0.0,0,69517.0751,-1.0000
13.416,1075,1202,Running,7,0,1,99,1,1,0.6000,29.5,0,0.320,0.320,0.199,40.6,-983.8,0.0,0,3080.3127,-1.0000
13.433,1098,1251,Running,7,0,1,99,1,1,0.6000,29.5,0,0.320,0.320,0.199,43.2,-1048.3,0.0,0,50446.3317,-1.0000
13.450,1123,1268,Running,7,0,1,99,1,1,0.6000,29.5,0,0.320,0.320,0.199,45.8,-1111.0,0.0,0,69525.6888,-1.0000
13.466,1149,1311,Running,7,0,1,99,1,1,0.6000,29.5,0,0.320,0.320,0.199,48.0,-1164.7,0.0,0,75548.8152,-1.0000
13.483,1175,1326,Running,7,0,1,99,1,1,0.6000,29.5,0,0.320,0.320,0.199,50.3,-1220.7,0.0,0,81935.6765,-1.0000
13.500,1195,1282,Running,7,0,1,99,1,1,0.6000,29.5,0,0.320,0.320,0.199,48.9,-1187.9,0.0,0,41948.5299,-1.0000
13.516,1210,1304,Running,8,0,1,99,1,1,0.6000,29.5,0,0.320,0.320,0.199,48.1,-1168.7,0.0,0,56969.7201,-1.0000
13.533,1226,1324,Running,9,0,1,99,1,1,0.6000,29.5,0,0.320,0.320,0.199,49.7,-1207.5,0.0,0,33966.1898,-1.0000
13.550,1243,1349,Running,9,0,1,99,1,1,0.6000,29.5,0,0.320,0.320,0.199,51.4,-1248.3,0.0,0,88099.0353,-1.0000
13.566,1260,1363,Running,10,0,1,99,1,1,0.6000,29.5,0,0.320,0.320,0.199,52.8,-1284.3,0.0,0,61424.6672,-1.0000
13.583,1276,1331,Running,10,0,1,99,1,1,0.6000,29.5,0,0.320,0.320,0.199,53.5,-1299.6,0.0,0,101080.7848,-1.0000
13.600,1283,1325,Running,10,0,1,99,1,1,0.6000,29.5,0,0.320,0.320,0.199,50.2,-1219.5,0.0,0,-2238.8371,-1.0000
13.616,1291,1354,Running,10,0,1,99,1,1,0.6000,29.5,0,0.320,0.320,0.199,51.7,-1255.1,0.0,0,50833.9744,-1.0000
13.633,1302,1366,Running,11,0,1,99,1,1,0.6000,29.5,0,0.320,0.320,0.199,53.1,-1291.6,0.0,0,71080.9117,-1.0000
13.650,1314,1395,Running,11,0,1,99,1,1,0.6000,29.5,0,0.320,0.320,0.199,55.0,-1337.9,0.0,0,94301.0993,-1.0000
13.666,1327,1401,Running,11,0,1,99,1,1,0.6000,29.5,0,0.320,0.320,0.199,56.5,-1372.8,0.0,0,74230.4844,-1.0000
13.683,1333,1361,Running,11,0,1,99,1,1,0.6000,29.5,0,0.320,0.320,0.199,53.8,-1307.2,0.0,0,30648.2337,-1.0000
13.700,1340,1390,Running,11,0,1,99,1,1,0.6000,29.5,0,0.320,0.320,0.199,54.3,-1320.3,0.0,0,45950.0213,-1.0000
13.716,1349,1408,Running,12,0,1,99,1,1,0.6000,29.5,0,0.320,0.320,0.199,56.6,-1376.7,0.0,0,89329.3451,-1.0000
13.733,1361,1447,Running,12,0,1,99,1,1,0.6000,29.5,0,0.320,0.320,0.199,58.6,-1426.3,0.0,0,91616.9003,-1.0000
13.750,1376,1461,Running,12,0,1,99,1,1,0.6000,29.5,0,0.320,0.320,0.199,61.0,-1484.0,0.0,0,85172.8461,-1.0000
13.766,1384,1425,Running,12,0,1,99,1,1,0.6000,29.5,0,0.320,0.320,0.199,59.0,-1433.9,0.0,0,51990.3394,-1.0000
13.783,1392,1453,Running,12,0,1,99,1,1,0.6000,29.5,0,0.320,0.320,0.199,59.4,-1443.8,0.0,0,51404.0603,-1.0000
13.800,1404,1478,Running,12,0,1,99,1,1,0.6000,29.5,0,0.320,0.320,0.199,62.2,-1513.3,0.0,0,102033.6204,-1.0000
13.816,1419,1522,Running,12,0,1,99,1,1,0.6000,29.5,0,0.320,0.320,0.199,64.8,-1577.4,0.0,0,113959.3865,-1.0000
13.833,1436,1536,Running,13,0,1,99,1,1,0.6000,29.5,0,0.320,0.320,0.199,67.5,-1642.7,0.0,0,95275.0752,-1.0000
13.850,1446,1497,Running,13,0,1,99,1,1,0.6000,29.5,0,0.320,0.320,0.199,64.9,-1580.3,0.0,0,44477.7021,-1.0000
13.866,1458,1541,Running,13,0,1,99,1,1,0.6000,29.5,0,0.320,0.320,0.199,66.5,-1618.9,0.0,0,89810.5955,-1.0000
13.883,1472,1573,Running,13,0,1,99,1,1,0.6000,29.5,0,0.320,0.320,0.199,69.5,-1691.5,0.0,0,102783.6333,-1.0000
13.900,1490,1604,Running,13,0,1,99,1,1,0.6000,29.5,0,0.320,0.320,0.199,72.7,-1770.2,0.0,0,114283.4582,-1.0000
13.916,1508,1568,Running,13,0,1,99,1,1,0.6000,29.5,0,0.320,0.320,0.199,74.4,-1811.5,0.0,0,130602.5430,-1.0000
13.933,1519,1598,Running,13,0,1,99,1,1,0.6000,29.5,0,0.320,0.320,0.199,71.9,-1750.8,0.0,0,69870.4911,-1.0000
13.950,1534,1634,Running,13,0,1,99,1,1,0.6000,29.5,0,0.320,0.320,0.199,75.0,-1827.5,0.0,0,84721.1478,-1.0000
13.966,1551,1668,Running,13,0,1,99,1,1,0.6000,29.5,0,0.320,0.320,0.199,78.2,-1905.1,0.0,0,117228.7966,-1.0000
13.983,1572,1691,Running,14,0,1,99,1,1,0.6000,29.5,0,0.320,0.320,0.199,81.5,-1986.9,0.0,0,135490.6933,-1.0000
14.000,1585,1652,Running,14,0,1,99,1,1,0.6000,29.5,0,0.320,0.320,0.199,79.1,-1927.2,0.0,0,66971.5428,-1.0000
14.016,1598,1688,Running,15,0,1,99,1,1,0.6000,29.5,0,0.320,0.320,0.199,80.7,-1966.1,0.0,0,109064.8513,-1.0000
14.033,1615,1723,Running,15,0,1,99,1,1,0.6000,29.5,0,0.320,0.320,0.199,83.9,-2045.8,0.0,0,147816.8047,-1.0000
14.050,1635,1759,Running,15,0,1,99,1,1,0.6000,29.5,0,0.320,0.320,0.199,87.4,-2131.6,0.0,0,149320.5365,-1.0000
14.066,1650,1719,Running,16,0,1,99,1,1,0.6000,29.5,0,0.320,0.320,0.199,86.6,-2113.0,0.0,0,80078.3790,-1.0000
14.083,1663,1758,Running,16,0,1,99,1,1,0.6000,29.5,0,0.320,0.320,0.199,86.8,-2115.8,0.0,0,102981.0613,-1.0000
14.100,1680,1793,Running,16,0,1,99,1,1,0.6000,29.5,0,0.320,0.320,0.199,90.5,-2207.3,0.0,0,155585.7004,-1.0000
14.116,1700,1831,Running,16,0,1,99,1,1,0.6000,29.5,0,0.320,0.320,0.199,94.4,-2303.2,0.0,0,157922.5916,-1.0000
14.133,1717,1791,Running,16,0,1,99,1,1,0.6000,29.5,0,0.320,0.320,0.199,94.4,-2303.5,0.0,0,108398.7029,-1.0000
14.150,1731,1831,Running,16,0,1,99,1,1,0.6000,29.5,0,0.320,0.320,0.199,94.2,-2299.3,0.0,0,111434.9082,-1.0000
14.166,1749,1866,Running,16,0,1,99,1,1,0.6000,29.5,0,0.320,0.320,0.199,98.2,-2398.0,0.0,0,177374.5721,-1.0000
14.183,1770,1902,Running,16,0,1,99,1,1,0.6000,29.5,0,0.320,0.320,0.199,102.3,-2497.9,0.0,0,174902.4749,-1.0000
14.200,1786,1860,Running,16,0,1,99,1,1,0.6000,29.5,0,0.320,0.320,0.199,101.4,-2476.3,0.0,0,92693.7965,-1.0000
14.216,1801,1898,Running,16,0,1,99,1,1,0.6000,29.5,0,0.320,0.320,0.199,102.0,-2490.6,0.0,0,139663.3465,-1.0000
14.233,1819,1935,Running,16,0,1,99,1,1,0.6000,29.5,0,0.320,0.320,0.199,106.0,-2587.2,0.0,0,172465.3899,-1.0000
14.250,1840,1964,Running,16,0,1,99,1,1,0.6000,29.5,0,0.320,0.320,0.199,110.0,-2686.4,0.0,0,184404.8394,-1.0000
14.266,1853,1934,Running,16,0,1,99,1,1,0.6000,29.5,0,0.320,0.320,0.199,107.0,-2613.9,0.0,0,106709.7494,-1.0000
14.283,1868,1966,Running,16,0,1,99,1,1,0.6000,29.5,0,0.320,0.320,0.199,109.4,-2671.2,0.0,0,167526.5878,-1.0000
14.300,1886,1996,Running,16,0,1,99,1,1,0.6000,29.5,0,0.320,0.320,0.199,113.0,-2760.5,0.0,0,197395.3817,-1.0000
14.316,1903,1964,Running,16,0,1,99,1,1,0.6000,29.5,0,0.320,0.320,0.199,115.4,-2818.2,0.0,0,177913.4640,-1.0000
14.333,1914,1988,Running,16,0,1,99,1,1,0.6000,29.5,0,0.320,0.320,0.199,112.0,-2735.8,0.0,0,81317.5065,-1.0000
14.350,1928,2020,Running,16,0,1,99,1,1,0.6000,29.5,0,0.320,0.320,0.199,115.6,-2823.1,0.0,0,186858.4859,-1.0000
14.366,1944,2049,Running,16,0,1,99,1,1,0.6000,29.5,0,0.320,0.320,0.199,119.1,-2909.6,0.0,0,211249.1091,-1.0000
14.383,1956,2000,Running,16,0,1,99,1,1,0.6000,29.5,0,0.320,0.320,0.199,117.5,-2871.2,0.0,0,108185.7638,-1.0000
14.400,1965,2033,Running,16,0,1,99,1,1,0.6000,29.5,0,0.320,0.320,0.199,117.2,-2864.4,0.0,0,156406.1301,-1.0000
14.416,1977,2061,Running,16,0,1,99,1,1,0.6000,552.2,0,1.316,6.000,0.818,120.4,-2891.6,0.0,0,194357.9984,-1.0000
14.433,1991,2036,Running,16,0,1,99,1,1,0.6000,552.2,0,2.308,6.000,1.434,122.9,-2853.3,0.0,0,236707.5710,-1.0000
14.450,1997,2036,Running,16,0,1,99,1,1,0.6000,552.2,0,3.283,6.000,2.040,118.4,-2647.5,0.0,0,68534.5394,-1.0000
14.466,2005,2065,Running,16,0,1,99,1,1,0.6000,552.2,0,4.255,6.000,2.644,121.2,-2614.5,0.0,0,173342.0425,-1.0000
14.483,2016,2090,Running,16,0,1,99,1,1,0.6000,552.2,0,5.225,6.000,3.247,124.1,-2583.2,0.0,0,210083.0401,-1.0000
14.500,2023,2038,Running,16,0,1,99,1,1,0.6000,552.2,0,6.000,6.000,3.728,122.3,-2446.5,0.0,0,117827.7779,-1.0000
14.516,2027,2066,Running,16,0,1,99,1,1,0.6000,552.2,0,6.000,6.000,3.728,121.3,-2392.9,0.0,0,155543.4452,-1.0000
14.533,2035,2089,Running,16,0,1,99,1,1,0.6000,552.2,0,6.000,6.000,3.728,124.0,-2452.6,0.0,0,197777.6172,-1.0000
14.550,2044,2056,Running,16,0,1,99,1,1,0.6000,552.2,0,6.000,6.000,3.728,126.0,-2495.5,0.0,0,224022.7143,-1.0000
14.566,2045,2060,Running,17,0,1,99,1,1,0.6000,552.2,0,6.000,6.000,3.728,121.2,-2389.9,0.0,0,68949.2335,-1.0000
14.583,2049,2084,Running,17,0,1,99,1,1,0.6000,552.2,0,6.000,6.000,3.728,123.7,-2444.4,0.0,0,184543.8984,-1.0000
14.600,2056,2106,Running,18,0,1,99,1,1,0.6000,552.2,0,6.000,6.000,3.728,126.3,-2503.1,0.0,0,216807.2357,-1.0000
14.616,2058,2056,Running,18,0,1,99,1,1,0.6000,684.7,0,6.954,7.440,4.321,123.8,-2398.4,0.0,0,101165.7277,-1.0000
14.633,2060,2085,Running,18,0,1,99,1,1,0.6000,684.7,0,7.440,7.440,4.623,123.5,-2306.4,0.0,0,166402.5272,-1.0000
14.650,2066,2108,Running,18,0,1,99,1,1,0.6000,684.7,0,7.440,7.440,4.623,126.4,-2357.1,0.0,0,217385.1327,-1.0000
14.666,2072,2070,Running,18,0,1,99,1,1,0.6000,684.7,0,7.440,7.440,4.623,128.1,-2394.0,0.0,0,189604.8292,-1.0000
14.683,2073,2094,Running,18,0,1,99,1,1,0.6000,684.7,0,7.440,7.440,4.623,124.3,-2311.7,0.0,0,89699.0922,-1.0000
14.700,2078,2117,Running,18,0,1,99,1,1,0.6000,684.7,0,7.440,7.440,4.623,127.6,-2382.9,0.0,0,228127.2041,-1.0000
14.716,2087,2144,Running,18,0,1,99,1,1,0.6000,684.7,0,7.440,7.440,4.623,131.0,-2456.9,0.0,0,196066.7037,-1.0000
14.733,2090,2106,Running,18,0,1,99,1,1,0.6000,684.7,0,7.440,7.440,4.623,127.8,-2388.4,0.0,0,126860.2786,-1.0000
14.750,2094,2130,Running,18,0,1,99,1,1,0.6000,684.7,0,7.440,7.440,4.623,129.2,-2418.4,0.0,0,206934.7223,-1.0000
14.766,2102,2162,Running,19,0,1,99,1,1,0.6000,684.7,0,7.440,7.440,4.623,132.6,-2491.8,0.0,0,192762.6423,-1.0000
14.783,2109,2118,Running,19,0,1,99,1,1,0.6000,684.7,0,7.440,7.440,4.623,133.0,-2500.0,0.0,0,179190.7033,-1.0000
14.800,2113,2144,Running,19,0,1,99,1,1,0.6000,684.7,0,7.440,7.440,4.623,130.9,-2453.9,0.0,0,157678.4195,-1.0000
14.816,2120,2178,Running,19,0,1,99,1,1,0.6000,824.6,0,8.401,8.960,5.220,134.4,-2480.4,0.0,0,206829.1702,-1.0000
14.833,2130,2156,Running,19,0,1,99,1,1,0.6000,824.6,0,8.960,8.960,5.567,137.5,-2453.3,0.0,0,270597.1742,-1.0000
14.850,2133,2162,Running,19,0,1,99,1,1,0.6000,824.6,0,8.960,8.960,5.567,133.0,-2339.0,0.0,0,77858.7930,-1.0000
14.866,2140,2190,Running,19,0,1,99,1,1,0.6000,824.6,0,8.960,8.960,5.567,136.4,-2412.9,0.0,0,226750.9415,-1.0000
14.883,2150,2217,Running,19,0,1,99,1,1,0.6000,824.6,0,8.960,8.960,5.567,140.0,-2488.1,0.0,0,228570.3264,-1.0000
14.900,2154,2178,Running,19,0,1,99,1,1,0.6000,824.6,0,8.960,8.960,5.567,136.9,-2421.6,0.0,0,140647.3710,-1.0000
14.916,2160,2200,Running,19,0,1,99,1,1,0.6000,824.6,0,8.960,8.960,5.567,138.1,-2448.2,0.0,0,218020.5687,-1.0000
14.933,2169,2236,Running,19,0,1,99,1,1,0.6000,824.6,0,8.960,8.960,5.567,141.7,-2523.6,0.0,0,214400.1348,-1.0000
14.950,2175,2184,Running,19,0,1,99,1,1,0.6000,824.6,0,8.960,8.960,5.567,141.0,-2508.6,0.0,0,174332.9646,-1.0000
14.966,2180,2219,Running,19,0,1,99,1,1,0.6000,824.6,0,8.960,8.960,5.567,139.7,-2481.1,0.0,0,184588.8836,-1.0000
14.983,2187,2241,Running,20,0,1,99,1,1,0.6000,824.6,0,8.960,8.960,5.567,143.1,-2554.1,0.0,0,255662.7834,-1.0000
15.000,2195,2204,Running,20,0,1,99,1,1,0.6000,824.6,0,8.960,8.960,5.567,144.5,-2584.7,0.0,0,205944.0545,-1.0000
15.016,2198,2220,Running,20,0,1,99,1,1,0.6290,964.5,0,9.928,10.480,6.169,147.4,-2568.1,0.0,0,150021.4994,-1.0000
15.033,2203,2246,Running,20,0,1,99,1,1,0.6290,964.5,0,10.480,10.480,6.512,150.5,-2530.9,0.0,0,225687.7974,-1.0000
15.050,2211,2227,Running,20,0,1,99,1,1,0.6290,964.5,0,10.480,10.480,6.512,153.4,-2572.7,0.0,0,287584.8168,-1.0000
15.066,2211,2225,Running,20,0,1,99,1,1,0.6290,964.5,0,10.480,10.480,6.512,147.8,-2457.3,0.0,0,89596.8617,-1.0000
15.083,2215,2247,Running,20,0,1,99,1,1,0.6290,964.5,0,10.480,10.480,6.512,151.0,-2524.6,0.0,0,249410.7215,-1.0000
15.100,2222,2272,Running,20,0,1,99,1,1,0.6290,964.5,0,10.480,10.480,6.512,154.5,-2596.2,0.0,0,235899.6446,-1.0000
15.116,2224,2228,Running,20,0,1,99,1,1,0.6290,964.5,0,10.480,10.480,6.512,150.2,-2506.4,0.0,0,168558.3598,-1.0000
15.133,2227,2256,Running,20,0,1,99,1,1,0.6290,964.5,0,10.480,10.480,6.512,151.8,-2540.8,0.0,0,208422.1531,-1.0000
15.150,2233,2284,Running,20,0,1,99,1,1,0.6290,964.5,0,10.480,10.480,6.512,155.6,-2618.1,0.0,0,261528.5847,-1.0000
15.166,2236,2238,Running,20,0,1,99,1,1,0.6290,964.5,0,10.480,10.480,6.512,153.0,-2566.1,0.0,0,150164.8572,-1.0000
15.183,2238,2262,Running,20,0,1,99,1,1,0.6290,964.5,0,10.480,10.480,6.512,153.0,-2565.5,0.0,0,238151.9959,-1.0000
15.200,2244,2294,Running,20,0,1,99,1,1,0.6290,964.5,0,10.480,10.480,6.512,156.5,-2636.7,0.0,0,234354.6513,-1.0000
15.216,2248,2239,Running,20,0,1,99,1,1,0.6290,964.5,0,10.480,10.480,6.512,155.9,-2625.5,0.0,0,196851.1823,-1.0000
15.233,2250,2273,Running,20,0,1,99,1,1,0.6290,964.5,0,10.480,10.480,6.512,153.7,-2580.4,0.0,0,194474.2105,-1.0000
15.250,2255,2293,Running,20,0,1,99,1,1,0.6290,964.5,0,10.480,10.480,6.512,157.3,-2654.9,0.0,0,274577.9329,-1.0000
15.266,2260,2253,Running,21,0,1,99,1,1,0.6290,964.5,0,10.480,10.480,6.512,158.3,-2675.8,0.0,0,213395.0371,-1.0000
15.283,2261,2273,Running,21,0,1,99,1,1,0.6290,964.5,0,10.480,10.480,6.512,154.5,-2596.3,0.0,0,176415.7061,-1.0000
15.300,2265,2304,Running,21,0,1,99,1,1,0.6290,964.5,0,10.480,10.480,6.512,158.1,-2670.2,0.0,0,236364.3986,-1.0000
15.316,2271,2265,Running,21,0,1,99,1,1,0.6290,964.5,0,10.480,10.480,6.512,160.4,-2718.6,0.0,0,279413.3451,-1.0000
15.333,2271,2284,Running,22,0,1,99,1,1,0.6290,964.5,0,10.480,10.480,6.512,155.4,-2615.0,0.0,0,119508.1550,-1.0000
15.350,2274,2308,Running,22,0,1,99,1,1,0.6290,964.5,0,10.480,10.480,6.512,159.0,-2689.4,0.0,0,267343.8641,-1.0000
15.366,2282,2300,Running,22,0,1,99,1,1,0.6290,964.5,0,10.480,10.480,6.512,162.6,-2764.2,0.0,0,302911.2598,-1.0000
15.383,2281,2294,Running,22,0,1,99,1,1,0.6290,964.5,0,10.480,10.480,6.512,157.1,-2649.8,0.0,0,106990.5984,-1.0000
15.400,2285,2317,Running,22,0,1,99,1,1,0.6290,964.5,0,10.480,10.480,6.512,160.7,-2724.4,0.0,0,279348.5885,-1.0000
15.416,2293,2341,Running,22,0,1,99,1,1,0.6290,964.5,0,10.480,10.480,6.512,164.7,-2808.5,0.0,0,256484.2348,-1.0000
15.433,2294,2303,Running,22,0,1,99,1,1,0.6290,964.5,0,10.480,10.480,6.512,159.8,-2706.4,0.0,0,180387.0932,-1.0000
15.450,2299,2337,Running,22,0,1,99,1,1,0.6290,964.5,0,10.480,10.480,6.512,162.6,-2765.5,0.0,0,238068.8401,-1.0000
15.466,2307,2363,Running,22,0,1,99,1,1,0.6290,964.5,0,10.480,10.480,6.512,166.8,-2851.6,0.0,0,278256.0132,-1.0000
15.483,2309,2317,Running,23,0,1,99,1,1,0.6290,964.5,0,10.480,10.480,6.512,162.7,-2766.4,0.0,0,190819.1965,-1.0000
15.500,2313,2356,Running,23,0,1,99,1,1,0.6290,964.5,0,10.480,10.480,6.512,164.8,-2810.7,0.0,0,233958.6326,-1.0000
15.516,2322,2384,Running,23,0,1,99,1,1,0.6290,964.5,0,10.480,10.480,6.512,169.6,-2909.9,0.0,0,297343.3669,-1.0000
15.533,2326,2344,Running,23,0,1,99,1,1,0.6290,964.5,0,10.480,10.480,6.512,166.3,-2842.8,0.0,0,178308.1421,-1.0000
15.550,2331,2384,Running,23,0,1,99,1,1,0.6290,964.5,0,10.480,10.480,6.512,168.5,-2888.9,0.0,0,252708.9005,-1.0000
15.566,2342,2414,Running,23,0,1,99,1,1,0.6290,964.5,0,10.480,10.480,6.512,173.9,-3000.7,0.0,0,306641.2281,-1.0000
15.583,2348,2377,Running,23,0,1,99,1,1,0.6290,964.5,0,10.480,10.480,6.512,171.0,-2940.8,0.0,0,178788.3227,-1.0000
15.600,2355,2419,Running,23,0,1,99,1,1,0.6290,964.5,0,10.480,10.480,6.512,173.4,-2991.0,0.0,0,263571.2961,-1.0000
15.616,2368,2452,Running,24,0,1,99,1,1,0.6290,964.5,0,10.480,10.480,6.512,179.3,-3115.4,0.0,0,313029.1012,-1.0000
15.633,2375,2415,Running,24,0,1,99,1,1,0.6290,964.5,0,10.480,10.480,6.512,176.4,-3053.0,0.0,0,189698.5850,-1.0000
15.650,2380,2399,Running,24,0,1,99,1,1,0.9523,1376.8,0,11.607,14.960,7.212,263.8,-4451.3,0.0,0,261539.7718,-1.0000
15.666,2382,2384,Running,24,0,1,99,1,1,0.9523,1376.8,0,12.713,14.960,7.899,261.5,-4194.2,0.0,0,308090.8807,-1.0000
15.683,2372,2303,Running,24,0,1,99,1,1,0.9523,1376.8,0,13.778,14.960,8.561,246.7,-3711.8,0.0,0,173762.7389,-1.0000
15.700,2362,2308,Running,24,0,1,99,1,1,0.9523,1376.8,0,14.823,14.960,9.210,242.9,-3474.7,0.0,0,256481.8606,-1.0000
15.716,2355,2316,Running,24,0,1,99,1,1,0.9523,1376.8,0,14.960,14.960,9.296,244.5,-3403.0,0.0,0,281085.7781,-1.0000
15.733,2341,2240,Running,24,0,1,99,1,1,0.9523,1376.8,0,14.960,14.960,9.296,234.7,-3226.8,0.0,0,177126.5133,-1.0000
15.750,2327,2255,Running,24,0,1,99,1,1,0.9523,1376.8,0,14.960,14.960,9.296,231.1,-3161.6,0.0,0,257204.6820,-1.0000
15.766,2317,2278,Running,24,0,1,99,1,1,0.9523,1376.8,0,14.960,14.960,9.296,234.6,-3223.7,0.0,0,263345.1435,-1.0000
15.783,2306,2197,Running,24,0,1,99,1,1,0.9523,1376.8,0,14.960,14.960,9.296,230.2,-3146.7,0.0,0,223755.7616,-1.0000
15.800,2292,2233,Running,24,0,1,99,1,1,0.9523,1376.8,0,14.960,14.960,9.296,224.3,-3042.9,0.0,0,206741.6610,-1.0000
15.816,2285,2259,Running,24,0,1,99,1,1,0.9523,1376.8,0,14.960,14.960,9.296,230.5,-3151.8,0.0,0,281126.3708,-1.0000
15.833,2279,2197,Running,25,0,1,99,1,1,0.9523,1376.8,0,14.960,14.960,9.296,231.7,-3173.0,0.0,0,274822.0802,-1.0000
15.850,2268,2224,Running,25,0,1,99,1,1,0.9523,1376.8,0,14.960,14.960,9.296,222.5,-3012.7,0.0,0,151171.4783,-1.0000
15.866,2264,2258,Running,25,0,1,99,1,1,0.9523,1376.8,0,14.960,14.960,9.296,229.5,-3133.7,0.0,0,281851.8373,-1.0000
15.883,2265,2238,Running,25,0,1,99,1,1,0.9523,1376.8,0,14.960,14.960,9.296,235.1,-3231.5,0.0,0,325262.1618,-1.0000
15.900,2257,2229,Running,25,0,1,99,1,1,0.9523,1376.8,0,14.960,14.960,9.296,223.9,-3036.4,0.0,0,127220.9615,-1.0000
15.916,2256,2266,Running,25,0,1,99,1,1,0.9523,1376.8,0,14.960,14.960,9.296,231.1,-3162.5,0.0,0,275782.5879,-1.0000
15.933,2260,2296,Running,25,0,1,99,1,1,0.9523,1376.8,0,14.960,14.960,9.296,238.6,-3293.7,0.0,0,287950.5112,-1.0000
15.950,2257,2244,Running,25,0,1,99,1,1,0.9523,1376.8,0,14.960,14.960,9.296,229.9,-3141.8,0.0,0,193907.7499,-1.0000
15.966,2259,2286,Running,25,0,1,99,1,1,0.9523,1376.8,0,14.960,14.960,9.296,234.4,-3219.5,0.0,0,255704.6591,-1.0000
15.983,2265,2315,Running,25,0,1,99,1,1,0.9523,1376.8,0,14.960,14.960,9.296,242.2,-3358.8,0.0,0,302543.4321,-1.0000
16.000,2266,2259,Running,25,0,1,99,1,1,0.9523,1376.8,0,14.960,14.960,9.296,235.8,-3245.2,0.0,0,183534.6803,-1.0000
16.016,2267,2286,Running,25,0,1,99,1,1,1.0000,1612.4,0,15.995,17.520,9.939,248.2,-3352.8,0.0,0,282645.3795,-1.0000
16.033,2273,2324,Running,25,0,1,99,1,1,1.0000,1612.4,0,17.028,17.520,10.581,255.2,-3343.7,0.0,0,270301.1398,-1.0000
16.050,2275,2246,Running,25,0,1,99,1,1,1.0000,1612.4,0,17.520,17.520,10.886,250.4,-3171.6,0.0,0,224019.8020,-1.0000
16.066,2274,2292,Running,25,0,1,99,1,1,1.0000,1612.4,0,17.520,17.520,10.886,247.4,-3110.9,0.0,0,240670.2049,-1.0000
16.083,2279,2320,Running,25,0,1,99,1,1,1.0000,1612.4,0,17.520,17.520,10.886,255.0,-3218.0,0.0,0,309600.1691,-1.0000
16.100,2282,2250,Running,26,0,1,99,1,1,1.0000,1612.4,0,17.520,17.520,10.886,253.8,-3206.3,0.0,0,248404.5638,-1.0000
16.116,2280,2292,Running,26,0,1,99,1,1,1.0000,1612.4,0,17.520,17.520,10.886,247.4,-3110.4,0.0,0,214082.5321,-1.0000
16.133,2285,2327,Running,26,0,1,99,1,1,1.0000,1686.0,0,18.320,18.320,11.384,256.4,-3219.1,0.0,0,294974.8800,-1.0000
16.150,2290,2264,Running,26,0,1,99,1,1,1.0000,1700.8,0,18.480,18.480,11.483,258.1,-3231.1,0.0,0,293983.1165,-1.0000
16.166,2288,2297,Running,26,0,1,99,1,1,1.0000,1700.8,0,18.480,18.480,11.483,249.2,-3111.2,0.0,0,186218.5610,-1.0000
16.183,2293,2339,Running,26,0,1,99,1,1,1.0000,1700.8,0,18.480,18.480,11.483,257.9,-3228.1,0.0,0,282926.4625,-1.0000
16.200,2300,2280,Running,26,0,1,99,1,1,1.0000,1700.8,0,18.480,18.480,11.483,262.4,-3287.5,0.0,0,345107.4241,-1.0000
16.216,2298,2310,Running,26,0,1,99,1,1,1.0000,1700.8,0,18.480,18.480,11.483,251.1,-3135.8,0.0,0,132377.2758,-1.0000
16.233,2302,2346,Running,26,0,1,99,1,1,1.0000,1700.8,0,18.480,18.480,11.483,259.9,-3255.0,0.0,0,313315.0117,-1.0000
16.250,2310,2312,Running,26,0,1,99,1,1,1.0000,1700.8,0,18.480,18.480,11.483,266.0,-3336.8,0.0,0,347860.6704,-1.0000
16.266,2308,2316,Running,26,0,1,99,1,1,1.0000,1700.8,0,18.480,18.480,11.483,252.9,-3160.5,0.0,0,129177.2206,-1.0000
16.283,2312,2348,Running,26,0,1,99,1,1,1.0000,1700.8,0,18.480,18.480,11.483,261.5,-3275.5,0.0,0,322633.4883,-1.0000
16.300,2320,2349,Running,26,0,1,99,1,1,1.0000,1700.8,0,18.480,18.480,11.483,268.6,-3371.4,0.0,0,305793.7669,-1.0000
16.316,2318,2319,Running,26,0,1,99,1,1,1.0000,1700.8,0,18.480,18.480,11.483,255.4,-3193.8,0.0,0,180108.9128,-1.0000
16.333,2322,2356,Running,26,0,1,99,1,1,1.0000,1700.8,0,18.480,18.480,11.483,262.9,-3294.2,0.0,0,293471.1447,-1.0000
16.350,2330,2375,Running,26,0,1,99,1,1,1.0000,1700.8,0,18.480,18.480,11.483,270.4,-3395.5,0.0,0,305678.5363,-1.0000
16.366,2328,2325,Running,27,0,1,99,1,1,1.0000,1700.8,0,18.480,18.480,11.483,258.6,-3237.1,0.0,0,219234.5009,-1.0000
16.383,2332,2372,Running,27,0,1,99,1,1,1.0000,1700.8,0,18.480,18.480,11.483,265.2,-3326.0,0.0,0,268286.9912,-1.0000
16.400,2341,2396,Running,27,0,1,99,1,1,1.0000,1700.8,0,18.480,18.480,11.483,273.6,-3439.2,0.0,0,319907.7193,-1.0000
16.416,2340,2342,Running,27,0,1,99,1,1,1.0000,1700.8,0,18.480,18.480,11.483,262.7,-3292.1,0.0,0,221411.3608,-1.0000
16.433,2344,2389,Running,27,0,1,99,1,1,1.0000,1700.8,0,18.480,18.480,11.483,268.6,-3370.8,0.0,0,270772.7442,-1.0000
16.450,2354,2417,Running,27,0,1,99,1,1,1.0000,1700.8,0,18.480,18.480,11.483,277.7,-3493.2,0.0,0,330469.2391,-1.0000
16.466,2354,2359,Running,27,0,1,99,1,1,1.0000,1700.8,0,18.480,18.480,11.483,267.2,-3353.3,0.0,0,218792.6558,-1.0000
16.483,2359,2408,Running,27,0,1,99,1,1,1.0000,1700.8,0,18.480,18.480,11.483,272.6,-3424.8,0.0,0,277948.8196,-1.0000
16.500,2369,2435,Running,28,0,1,99,1,1,1.0000,1906.9,0,19.530,20.720,12.135,281.9,-3536.2,0.0,0,335806.5329,-1.0000
16.516,2370,2380,Running,28,0,1,99,1,1,1.0000,1906.9,0,20.566,20.720,12.779,271.6,-3371.7,0.0,0,220917.1844,-1.0000
16.533,2376,2431,Running,28,0,1,99,1,1,1.0000,1906.9,0,20.720,20.720,12.875,277.6,-3433.8,0.0,0,283643.3714,-1.0000
16.550,2387,2462,Running,29,0,1,99,1,1,1.0000,1906.9,0,20.720,20.720,12.875,287.9,-3571.6,0.0,0,340895.7020,-1.0000
16.566,2390,2410,Running,29,0,1,99,1,1,1.0000,1906.9,0,20.720,20.720,12.875,277.8,-3436.0,0.0,0,234218.4186,-1.0000
16.583,2398,2466,Running,29,0,1,99,1,1,1.0000,1906.9,0,20.720,20.720,12.875,285.6,-3540.6,0.0,0,292647.8724,-1.0000
16.600,2411,2493,Running,29,0,1,99,1,1,1.0000,1906.9,0,20.720,20.720,12.875,296.7,-3688.6,0.0,0,345189.8295,-1.0000
16.616,2416,2452,Running,29,0,1,99,1,1,1.0000,1906.9,0,20.720,20.720,12.875,285.6,-3540.5,0.0,0,241289.8895,-1.0000
16.633,2426,2506,Running,29,0,1,99,1,1,1.0000,1906.9,0,20.720,20.720,12.875,295.9,-3678.3,0.0,0,320220.4276,-1.0000
16.650,2442,2505,Running,29,0,1,99,1,1,1.0000,1906.9,0,20.720,20.720,12.875,306.8,-3824.0,0.0,0,366538.7969,-1.0000
16.666,2447,2501,Running,29,0,1,99,1,1,1.0000,1906.9,0,20.720,20.720,12.875,294.3,-3657.3,0.0,0,193121.2263,-1.0000
16.683,2459,2547,Running,29,0,1,99,1,1,1.0000,1906.9,0,20.720,20.720,12.875,305.6,-3807.9,0.0,0,358301.1571,-1.0000
16.700,2474,2494,Running,29,0,1,99,1,1,1.0000,2039.4,0,21.801,22.160,13.546,313.3,-3896.7,0.0,0,392210.9862,-1.0000
16.716,2479,2532,Running,30,0,1,99,1,1,1.0000,2039.4,0,22.160,22.160,13.770,301.9,-3729.3,0.0,0,193006.5586,-1.0000
16.733,2492,2586,Running,30,0,1,99,1,1,1.0000,2039.4,0,22.160,22.160,13.770,314.7,-3890.9,0.0,0,349748.7696,-1.0000
16.750,2504,2521,Running,30,0,1,99,1,1,1.0000,2039.4,0,22.160,22.160,13.770,318.0,-3935.3,0.0,0,338692.0656,-1.0000
16.766,2511,2576,Running,30,0,1,99,1,1,1.0000,2039.4,0,22.160,22.160,13.770,311.2,-3844.5,0.0,0,255104.9898,-1.0000
16.783,2524,2621,Running,30,0,1,99,1,1,1.0000,2039.4,0,22.160,22.160,13.770,323.7,-4009.6,0.0,0,366312.7072,-1.0000
16.800,2533,2551,Running,30,0,1,99,1,1,1.0000,2039.4,0,22.160,22.160,13.770,320.0,-3961.5,0.0,0,278071.6405,-1.0000
16.816,2540,2601,Running,30,0,1,99,1,1,1.0000,2039.4,0,22.160,22.160,13.770,319.2,-3950.4,0.0,0,343279.7234,-1.0000
16.833,2553,2644,Running,30,0,1,99,1,1,1.0000,2039.4,0,22.160,22.160,13.770,331.1,-4108.4,0.0,0,364305.3585,-1.0000
16.850,2558,2580,Running,30,0,1,99,1,1,1.0000,2039.4,0,22.160,22.160,13.770,320.6,-3968.9,0.0,0,260589.2521,-1.0000
16.866,2566,2639,Running,30,0,1,99,1,2,0.9625,1394.2,0,23.174,23.200,14.400,315.4,-3108.7,0.0,0,337693.5108,-1.0000
16.883,2580,2620,Running,30,0,1,99,1,2,1.0000,1394.2,0,23.200,23.200,14.416,338.1,-3319.0,0.0,0,403913.7084,-1.0000
16.900,2582,2618,Running,30,0,1,99,1,2,1.0000,1394.2,0,23.200,23.200,14.416,323.0,-3129.1,0.0,0,205881.0601,-1.0000
16.916,2591,2662,Running,30,0,1,99,1,2,1.0000,1394.2,0,23.200,23.200,14.416,334.0,-3267.0,0.0,0,372773.2881,-1.0000
16.933,2599,2588,Running,30,0,1,99,1,2,1.0000,1394.2,0,23.200,23.200,14.416,336.4,-3297.9,0.0,0,368332.7445,-1.0000
16.950,2601,2636,Running,30,0,1,99,1,2,1.0000,1394.2,0,23.200,23.200,14.416,326.7,-3176.2,0.0,0,255986.7779,-1.0000
16.966,2609,2676,Running,30,0,1,99,1,2,1.0000,1394.2,0,23.200,23.200,14.416,338.1,-3319.0,0.0,0,373079.0021,-1.0000
16.983,2612,2604,Running,30,0,1,99,1,2,1.0000,1394.2,0,23.200,23.200,14.416,332.7,-3250.7,0.0,0,282308.2642,-1.0000
17.000,2615,2648,Running,30,0,1,99,1,2,1.0000,1394.2,0,23.200,23.200,14.416,331.3,-3233.1,0.0,0,346296.7904,-1.0000
17.016,2623,2678,Running,30,0,1,99,1,2,1.0000,1394.2,0,23.200,23.200,14.416,341.6,-3363.1,0.0,0,377995.6580,-1.0000
17.033,2622,2615,Running,30,0,1,99,1,2,1.0000,1394.2,0,23.200,23.200,14.416,328.2,-3195.1,0.0,0,267413.5466,-1.0000
17.050,2625,2656,Running,30,0,1,99,1,2,1.0000,1394.2,0,23.200,23.200,14.416,334.7,-3275.7,0.0,0,356249.9220,-1.0000
17.066,2632,2611,Running,30,0,1,99,1,2,0.9625,1394.2,0,23.200,23.200,14.416,329.7,-3247.4,0.0,0,406402.3853,-1.0000
17.083,2630,2644,Running,30,0,1,99,1,2,0.9625,1394.2,0,23.200,23.200,14.416,317.1,-3090.6,0.0,0,210393.8647,-1.0000
17.100,2636,2691,Running,30,0,1,99,1,2,0.9625,1394.2,0,23.200,23.200,14.416,329.4,-3244.1,0.0,0,373650.6434,-1.0000
17.116,2641,2624,Running,30,0,1,99,1,2,0.9625,1394.2,0,23.200,23.200,14.416,329.5,-3246.2,0.0,0,317617.9033,-1.0000
17.133,2643,2677,Running,30,0,1,99,1,2,0.9625,1394.2,0,23.200,23.200,14.416,325.0,-3189.2,0.0,0,310204.5156,-1.0000
17.150,2652,2719,Running,30,0,1,99,1,2,0.9625,1394.2,0,23.200,23.200,14.416,336.5,-3333.3,0.0,0,377713.4648,-1.0000
17.166,2653,2652,Running,30,0,1,99,1,2,0.9625,1394.2,0,23.200,23.200,14.416,327.0,-3214.7,0.0,0,280344.3321,-1.0000
17.183,2656,2694,Running,30,0,1,99,1,2,0.9625,1394.2,0,23.200,23.200,14.416,330.4,-3257.2,0.0,0,349251.5664,-1.0000
17.200,2664,2666,Running,30,0,1,99,1,2,0.9625,1394.2,0,23.200,23.200,14.416,338.6,-3360.1,0.0,0,418592.2820,-1.0000
17.216,2662,2670,Running,30,0,1,99,1,2,0.9625,1394.2,0,23.200,23.200,14.416,323.9,-3175.3,0.0,0,209343.0655,-1.0000
17.233,2666,2708,Running,30,0,1,99,1,2,0.9625,1394.2,0,23.200,23.200,14.416,333.9,-3301.4,0.0,0,381112.9232,-1.0000
17.250,2669,2635,Running,30,0,1,99,1,2,0.9625,1394.2,0,23.200,23.200,14.416,334.0,-3302.9,0.0,0,345786.8477,-1.0000
17.266,2668,2686,Running,30,0,1,99,1,2,0.9625,1394.2,0,23.200,23.200,14.416,326.7,-3211.0,0.0,0,287378.7671,-1.0000
17.283,2673,2725,Running,30,0,1,99,1,2,0.9625,1394.2,0,23.200,23.200,14.416,337.6,-3347.5,0.0,0,378050.4986,-1.0000
17.300,2672,2648,Running,31,0,1,99,1,2,1.0000,1562.5,0,24.231,26.000,15.056,340.7,-3311.2,0.0,0,282350.1272,-1.0000
17.316,2671,2686,Running,31,0,1,99,1,2,1.0000,1562.5,0,25.256,26.000,15.693,341.1,-3232.2,0.0,0,345944.8563,-1.0000
17.333,2675,2672,Running,31,0,1,99,1,2,1.0000,1562.5,0,26.000,26.000,16.156,349.1,-3251.7,0.0,0,399870.2398,-1.0000
17.350,2668,2654,Running,31,0,1,99,1,2,1.0000,1581.7,0,26.320,26.320,16.354,332.7,-3008.3,0.0,0,227922.5927,-1.0000
17.366,2669,2698,Running,32,0,1,99,1,2,1.0000,1581.7,0,26.320,26.320,16.354,343.1,-3129.9,0.0,0,380791.1714,-1.0000
17.383,2671,2626,Running,32,0,1,99,1,2,1.0000,1581.7,0,26.320,26.320,16.354,346.0,-3165.0,0.0,0,377313.9355,-1.0000
17.400,2668,2682,Running,32,0,1,99,1,2,1.0000,1581.7,0,26.320,26.320,16.354,337.3,-3058.5,0.0,0,266686.9498,-1.0000
17.416,2674,2730,Running,32,0,1,99,1,2,1.0000,1581.7,0,26.320,26.320,16.354,350.6,-3221.8,0.0,0,385477.2385,-1.0000
17.433,2675,2662,Running,32,0,1,99,1,2,1.0000,1581.7,0,26.320,26.320,16.354,344.9,-3151.8,0.0,0,294796.3070,-1.0000
17.450,2676,2713,Running,32,0,1,99,1,2,1.0000,1581.7,0,26.320,26.320,16.354,346.3,-3168.5,0.0,0,359275.1176,-1.0000
17.466,2685,2726,Running,32,0,1,99,1,2,1.0000,1581.7,0,26.320,26.320,16.354,358.4,-3316.5,0.0,0,402729.1267,-1.0000
17.483,2684,2697,Running,32,0,1,99,1,2,1.0000,1581.7,0,26.320,26.320,16.354,343.8,-3138.0,0.0,0,256698.4786,-1.0000
17.500,2690,2749,Running,32,0,1,99,1,2,1.0000,1581.7,0,26.320,26.320,16.354,355.2,-3277.6,0.0,0,392800.8509,-1.0000
17.516,2697,2679,Running,33,0,1,99,1,2,1.0000,1653.8,0,27.349,27.520,16.994,359.5,-3290.7,0.0,0,388813.8890,-1.0000
17.533,2698,2737,Running,33,0,1,99,1,2,1.0000,1653.8,0,27.520,27.520,17.100,351.1,-3139.9,0.0,0,281773.5934,-1.0000
17.550,2707,2786,Running,33,0,1,99,1,2,1.0000,1653.8,0,27.520,27.520,17.100,365.3,-3302.4,0.0,0,400309.1477,-1.0000
17.566,2711,2723,Running,33,0,1,99,1,2,1.0000,1653.8,0,27.520,27.520,17.100,358.1,-3220.3,0.0,0,307515.6545,-1.0000
17.583,2717,2774,Running,33,0,1,99,1,2,1.0000,1653.8,0,27.520,27.520,17.100,362.5,-3270.0,0.0,0,375303.9100,-1.0000
17.600,2728,2741,Running,33,0,1,99,1,2,1.0000,1653.8,0,27.520,27.520,17.100,373.4,-3401.2,0.0,0,452584.5914,-1.0000
17.616,2729,2760,Running,33,0,1,99,1,2,1.0000,1653.8,0,27.520,27.520,17.100,358.8,-3226.9,0.0,0,240209.7367,-1.0000
17.633,2738,2808,Running,33,0,1,99,1,2,1.0000,1653.8,0,27.520,27.520,17.100,372.5,-3389.6,0.0,0,415845.6629,-1.0000
17.650,2744,2736,Running,33,0,1,99,1,2,1.0000,1653.8,0,27.520,27.520,17.100,371.0,-3373.0,0.0,0,328995.1763,-1.0000
17.666,2748,2795,Running,33,0,1,99,1,2,1.0000,1653.8,0,27.520,27.520,17.100,368.2,-3337.9,0.0,0,371831.0413,-1.0000
17.683,2759,2828,Running,33,0,1,99,1,2,1.0000,1653.8,0,27.520,27.520,17.100,381.8,-3503.9,0.0,0,407409.5530,-1.0000
17.700,2760,2780,Running,34,0,1,99,1,2,1.0000,1721.1,0,28.550,28.640,17.740,367.3,-3293.0,0.0,0,282519.4382,-1.0000
17.716,2767,2830,Running,34,0,1,99,1,2,1.0000,1721.1,0,28.640,28.640,17.796,377.2,-3365.5,0.0,0,405378.5009,-1.0000
17.733,2774,2758,Running,34,0,1,99,1,2,1.0000,1721.1,0,28.640,28.640,17.796,380.5,-3403.0,0.0,0,399846.5069,-1.0000
17.750,2776,2819,Running,35,0,1,99,1,2,1.0000,1721.1,0,28.640,28.640,17.796,372.7,-3314.0,0.0,0,311657.8675,-1.0000
17.766,2786,2865,Running,35,0,1,99,1,2,1.0000,1721.1,0,28.640,28.640,17.796,387.5,-3482.2,0.0,0,425758.6276,-1.0000
17.783,2789,2800,Running,35,0,1,99,1,2,1.0000,1721.1,0,28.640,28.640,17.796,376.9,-3361.1,0.0,0,325113.0438,-1.0000
17.800,2796,2859,Running,35,0,1,99,1,2,1.0000,1721.1,0,28.640,28.640,17.796,385.4,-3458.8,0.0,0,404661.9860,-1.0000
17.816,2806,2798,Running,35,0,1,99,1,2,1.0000,1721.1,0,28.640,28.640,17.796,393.2,-3549.4,0.0,0,429404.4053,-1.0000
17.833,2809,2860,Running,35,0,1,99,1,2,1.0000,1721.1,0,28.640,28.640,17.796,383.0,-3431.5,0.0,0,286236.9724,-1.0000
17.850,2821,2914,Running,35,0,1,99,1,2,1.0000,1721.1,0,28.640,28.640,17.796,399.2,-3619.6,0.0,0,431857.0901,-1.0000
17.866,2825,2845,Running,35,0,1,99,1,2,1.0000,1721.1,0,28.640,28.640,17.796,390.5,-3518.3,0.0,0,338281.2982,-1.0000
17.883,2833,2896,Running,35,0,1,99,1,2,1.0000,1721.1,0,28.640,28.640,17.796,396.4,-3585.7,0.0,0,419500.0625,-1.0000
17.900,2843,2834,Running,36,0,1,99,1,2,1.0000,1721.1,0,28.640,28.640,17.796,403.9,-3677.2,0.0,0,442660.8699,-1.0000
17.916,2845,2890,Running,36,0,1,99,1,2,1.0000,1721.1,0,28.640,28.640,17.796,392.0,-3534.7,0.0,0,287362.0051,-1.0000
17.933,2856,2944,Running,36,0,1,99,1,2,1.0000,1721.1,0,28.640,28.640,17.796,407.5,-3721.3,0.0,0,438726.1848,-1.0000
17.950,2859,2871,Running,36,0,1,99,1,2,1.0000,1721.1,0,28.640,28.640,17.796,398.0,-3606.5,0.0,0,345255.4349,-1.0000
17.966,2866,2926,Running,36,0,1,99,1,2,1.0000,1721.1,0,28.640,28.640,17.796,404.1,-3679.7,0.0,0,425270.9580,-1.0000
17.983,2875,2865,Running,36,0,1,99,1,2,1.0000,1721.1,0,28.640,28.640,17.796,411.5,-3769.8,0.0,0,435549.0678,-1.0000
18.000,2878,2926,Running,36,0,1,99,1,2,1.0000,1721.1,0,28.640,28.640,17.796,401.5,-3647.3,0.0,0,309801.5703,-1.0000
18.016,2889,2974,Running,36,0,1,99,1,2,1.0000,1721.1,0,28.640,28.640,17.796,417.6,-3844.4,0.0,0,454255.5687,-1.0000
18.033,2892,2908,Running,36,0,1,99,1,2,1.0000,1721.1,0,28.640,28.640,17.796,405.7,-3699.2,0.0,0,343550.9571,-1.0000
18.050,2899,2966,Running,36,0,1,99,1,2,1.0000,1721.1,0,28.640,28.640,17.796,414.3,-3804.2,0.0,0,419144.9288,-1.0000
18.066,2906,2894,Running,36,0,1,99,1,2,1.0000,1721.1,0,28.640,28.640,17.796,417.5,-3843.3,0.0,0,422406.5369,-1.0000
18.083,2909,2948,Running,36,0,1,99,1,2,1.0000,1721.1,0,28.640,28.640,17.796,409.9,-3750.2,0.0,0,360809.1002,-1.0000
18.100,2920,2983,Running,37,0,1,99,1,2,1.0000,1721.1,0,28.640,28.640,17.796,425.2,-3938.3,0.0,0,454242.6238,-1.0000
18.116,2920,2938,Running,37,0,1,99,1,2,1.0000,1721.1,0,28.640,28.640,17.796,409.3,-3743.0,0.0,0,309616.1245,-1.0000
18.133,2927,2990,Running,36,0,1,99,1,2,1.0000,1721.1,0,28.640,28.640,17.796,421.7,-3894.7,0.0,0,456036.6660,-1.0000
18.150,2931,2913,Running,36,0,1,99,1,2,1.0000,1721.1,0,28.640,28.640,17.796,420.5,-3879.7,0.0,0,378264.4171,-1.0000
18.166,2934,2977,Running,36,0,1,99,1,2,1.0000,1721.1,0,28.640,28.640,17.796,416.8,-3835.2,0.0,0,402756.8760,-1.0000
18.183,2943,2949,Running,36,0,1,99,1,2,1.0000,1721.1,0,28.640,28.640,17.796,429.9,-3995.8,0.0,0,487463.5622,-1.0000
18.200,2941,2950,Running,36,0,1,99,1,2,1.0000,1721.1,0,28.640,28.640,17.796,412.1,-3777.4,0.0,0,304058.7267,-1.0000
18.216,2947,3005,Running,36,0,1,99,1,2,1.0000,1721.1,0,28.640,28.640,17.796,425.9,-3946.4,0.0,0,448208.9093,-1.0000
18.233,2948,2936,Running,36,0,1,99,1,2,1.0000,1721.1,0,28.640,28.640,17.796,419.1,-3863.0,0.0,0,350212.7187,-1.0000
18.250,2950,2981,Running,36,0,1,99,1,2,1.0000,1721.1,0,28.640,28.640,17.796,420.2,-3876.6,0.0,0,429116.2027,-1.0000
18.266,2955,2914,Running,37,0,1,99,1,2,1.0000,1721.1,0,28.640,28.640,17.796,428.0,-3972.4,0.0,0,483117.0323,-1.0000
18.283,2952,2966,Running,37,0,1,99,1,2,1.0000,1721.1,0,28.640,28.640,17.796,413.9,-3798.8,0.0,0,292778.7994,-1.0000
18.300,2958,3013,Running,37,0,1,99,1,2,1.0000,1999.9,0,29.723,33.280,18.469,428.5,-3929.2,0.0,0,456738.1570,-1.0000
18.314,2956,2939,Running,37,0,1,99,1,2,1.0000,1999.9,0,30.787,33.280,19.130,416.2,-3701.7,0.0,0,358490.6592,-1.0000
18.333,2958,2998,Running,37,0,1,99,1,2,1.0000,1999.9,0,31.853,33.280,19.792,423.9,-3714.9,0.0,0,421829.8001,-1.0000
18.350,2961,2923,Running,37,0,1,99,1,2,1.0000,1999.9,0,32.914,33.280,20.452,426.2,-3668.3,0.0,0,426773.1255,-1.0000
18.366,2960,2973,Running,37,0,1,99,1,2,1.0000,1999.9,0,33.280,33.280,20.679,417.5,-3512.6,0.0,0,369765.0654,-1.0000
18.380,2966,3001,Running,37,0,1,99,1,2,1.0000,1999.9,0,33.280,33.280,20.679,432.1,-3671.7,0.0,0,454584.2093,-1.0000
18.400,2962,2959,Running,37,0,1,99,1,2,1.0000,1999.9,0,33.280,33.280,20.679,415.0,-3480.1,0.0,0,314930.2801,-1.0000
18.416,2965,3003,Running,37,0,1,99,1,2,1.0000,1999.9,0,33.280,33.280,20.679,426.6,-3610.0,0.0,0,466144.0231,-1.0000
18.433,2965,2931,Running,37,0,1,99,1,2,1.0000,1999.9,0,33.280,33.280,20.679,423.3,-3573.3,0.0,0,366836.7009,-1.0000
18.450,2965,2989,Running,37,0,1,99,1,2,1.0000,1999.9,0,33.280,33.280,20.679,420.8,-3545.1,0.0,0,411551.8930,-1.0000
18.466,2970,2940,Running,38,0,1,99,1,2,1.0000,1999.9,0,33.280,33.280,20.679,432.1,-3671.6,0.0,0,506909.0963,-1.0000
18.483,2966,2966,Running,38,0,1,99,1,2,1.0000,1999.9,0,33.280,33.280,20.679,414.9,-3479.6,0.0,0,300276.2167,-1.0000
18.500,2971,3026,Running,39,0,1,99,1,2,1.0000,1999.9,0,33.280,33.280,20.679,430.9,-3657.7,0.0,0,441084.0034,-1.0000
18.516,2970,2958,Running,39,0,1,99,1,2,1.0000,1999.9,0,33.280,33.280,20.679,423.2,-3572.0,0.0,0,364341.9367,-1.0000
18.533,2973,3017,Running,39,0,1,99,1,2,1.0000,1999.9,0,33.280,33.280,20.679,429.1,-3637.1,0.0,0,452622.3702,-1.0000
18.550,2980,2960,Running,40,0,1,99,1,2,1.0000,1999.9,0,33.280,33.280,20.679,437.8,-3735.5,0.0,0,454763.7245,-1.0000
18.566,2982,3031,Running,40,0,1,99,1,2,1.0000,1999.9,0,33.280,33.280,20.679,429.8,-3645.6,0.0,0,343951.5976,-1.0000
18.583,2994,3074,Running,40,0,1,99,1,2,1.0000,1999.9,0,33.280,33.280,20.679,449.5,-3866.1,0.0,0,491276.3120,-1.0000
18.600,2997,3041,Running,40,0,1,99,1,2,1.0000,1999.9,0,33.280,33.280,20.679,436.1,-3716.0,0.0,0,329226.6093,-1.0000
18.616,3009,3099,Running,40,0,1,99,1,2,1.0000,1999.9,0,33.280,33.280,20.679,452.5,-3900.4,0.0,0,491257.9742,-1.0000
18.633,3017,3039,Running,40,0,1,99,1,2,1.0000,1999.9,0,33.280,33.280,20.679,450.9,-3882.7,0.0,0,382528.1372,-1.0000
18.650,3026,3108,Running,40,0,1,99,1,2,1.0000,1999.9,0,33.280,33.280,20.679,453.8,-3914.3,0.0,0,450040.2193,-1.0000
18.666,3039,3042,Running,40,0,1,99,1,2,1.0000,1999.9,0,33.280,33.280,20.679,464.9,-4040.2,0.0,0,514444.4747,-1.0000
18.683,3044,3110,Running,41,0,1,99,1,2,1.0000,1999.9,0,33.280,33.280,20.679,452.8,-3903.6,0.0,0,332496.9896,-1.0000
18.700,3059,3154,Running,41,0,1,99,1,2,1.0000,2216.3,0,34.377,36.880,21.361,472.8,-4088.7,0.0,0,509222.1568,-1.0000
18.716,3064,3117,Running,42,0,1,99,1,2,1.0000,2216.3,0,35.454,36.880,22.030,459.0,-3855.4,0.0,0,343431.3467,-1.0000
18.733,3077,3179,Running,42,0,1,99,1,2,1.0000,2216.3,0,36.540,36.880,22.705,475.7,-3962.9,0.0,0,514994.8911,-1.0000
18.750,3086,3125,Running,42,0,1,99,1,2,1.0000,2216.3,0,36.880,36.880,22.916,473.1,-3897.2,0.0,0,385357.0458,-1.0000
18.766,3097,3187,Running,42,0,1,99,1,2,1.0000,2216.3,0,36.880,36.880,22.916,478.4,-3937.5,0.0,0,487582.9728,-1.0000
18.783,3110,3131,Running,42,0,1,99,1,2,1.0000,2216.3,0,36.880,36.880,22.916,486.7,-4026.9,0.0,0,466569.5126,-1.0000
18.800,3119,3199,Running,42,0,1,99,1,2,1.0000,2216.3,0,36.880,36.880,22.916,481.0,-3963.6,0.0,0,416163.9536,-1.0000
18.816,3135,3169,Running,42,0,1,99,1,2,1.0000,2216.3,0,36.880,36.880,22.916,498.9,-4155.1,0.0,0,539916.1708,-1.0000
18.833,3141,3207,Running,42,0,1,99,1,2,1.0000,2216.3,0,36.880,36.880,22.916,482.4,-3977.0,0.0,0,346037.7468,-1.0000
18.839,3156,3265,Running,42,0,1,99,1,2,1.0000,2216.3,0,36.880,36.880,22.916,503.6,-4206.5,0.0,0,509773.8862,-1.0000
18.866,3162,3211,Running,42,0,1,99,1,2,1.0000,2216.3,0,36.880,36.880,22.916,490.1,-4057.8,0.0,0,380059.2616,-1.0000
18.883,3174,3270,Running,42,0,1,99,1,2,1.0000,2216.3,0,36.880,36.880,22.916,504.4,-4215.7,0.0,0,527204.7894,-1.0000
18.900,3182,3213,Running,42,0,1,99,1,2,1.0000,2216.3,0,36.880,36.880,22.916,500.5,-4172.9,0.0,0,403055.2626,-1.0000
18.916,3191,3271,Running,42,0,1,99,1,2,1.0000,2216.3,0,36.880,36.880,22.916,503.9,-4210.0,0.0,0,495993.9085,-1.0000
18.933,3201,3195,Running,42,0,1,99,1,2,1.0000,2216.3,0,36.880,36.880,22.916,508.0,-4256.3,0.0,0,456549.9140,-1.0000
18.950,3206,3270,Running,42,0,1,99,1,2,1.0000,2216.3,0,36.880,36.880,22.916,502.3,-4193.0,0.0,0,441866.1787,-1.0000
18.966,3216,3195,Running,42,0,1,99,1,3,1.0000,1607.3,0,37.939,39.840,23.574,514.0,-3641.3,0.0,0,560332.0683,-1.0000
18.983,3218,3260,Running,42,0,1,99,1,3,1.0000,1607.3,0,38.982,39.840,24.222,498.9,-3452.9,0.0,0,348010.8648,-1.0000
19.000,3228,3275,Running,42,0,1,99,1,3,1.0000,1607.3,0,39.840,39.840,24.755,517.7,-3566.5,0.0,0,530730.3604,-1.0000
19.016,3227,3242,Running,42,0,1,99,1,3,1.0000,1607.3,0,39.840,39.840,24.755,498.7,-3381.4,0.0,0,387020.8210,-1.0000
19.033,3235,3309,Running,42,0,1,99,1,3,1.0000,1607.3,0,39.840,39.840,24.755,515.4,-3528.3,0.0,0,509242.7955,-1.0000
19.050,3235,3233,Running,42,0,1,99,1,3,1.0000,1607.3,0,39.840,39.840,24.755,502.5,-3414.8,0.0,0,411094.6811,-1.0000
19.066,3240,3294,Running,42,0,1,99,1,3,1.0000,1607.3,0,39.840,39.840,24.755,512.5,-3502.0,0.0,0,499735.0020,-1.0000
19.083,3242,3229,Running,42,0,1,99,1,3,1.0000,1607.3,0,39.840,39.840,24.755,508.6,-3468.7,0.0,0,422112.5869,-1.0000
19.100,3244,3281,Running,42,0,1,99,1,3,1.0000,1607.3,0,39.840,39.840,24.755,509.1,-3472.4,0.0,0,501539.1308,-1.0000
19.116,3248,3213,Running,42,0,1,99,1,3,1.0000,1607.3,0,39.840,39.840,24.755,513.7,-3513.2,0.0,0,469747.9488,-1.0000
19.133,3248,3279,Running,43,0,1,99,1,3,1.0000,1607.3,0,39.840,39.840,24.755,505.6,-3441.6,0.0,0,430161.5496,-1.0000
19.150,3254,3211,Running,44,0,1,99,1,3,1.0000,1697.6,0,39.840,42.080,24.755,519.2,-3561.4,0.0,0,563201.0688,-1.0000
19.166,3252,3280,Running,45,0,1,99,1,3,1.0000,1707.3,0,40.879,42.320,25.401,503.7,-3399.7,0.0,0,348598.0118,-1.0000
19.183,3260,3306,Running,45,0,1,99,1,3,1.0000,1707.3,0,41.928,42.320,26.053,524.6,-3531.3,0.0,0,540050.6332,-1.0000
19.200,3259,3274,Running,45,0,1,99,1,3,1.0000,1707.3,0,42.320,42.320,26.296,507.9,-3352.2,0.0,0,392294.0081,-1.0000
19.216,3268,3356,Running,45,0,1,99,1,3,1.0000,1707.3,0,42.320,42.320,26.296,527.5,-3514.2,0.0,0,525396.1188,-1.0000
19.233,3270,3286,Running,45,0,1,99,1,3,1.0000,1707.3,0,42.320,42.320,26.296,517.2,-3427.4,0.0,0,420719.1540,-1.0000
19.250,3278,3352,Running,45,0,1,99,1,3,1.0000,1707.3,0,42.320,42.320,26.296,529.9,-3534.4,0.0,0,526858.3331,-1.0000
19.266,3284,3300,Running,45,0,1,99,1,3,1.0000,1707.3,0,42.320,42.320,26.296,527.4,-3513.4,0.0,0,431012.4597,-1.0000
19.283,3291,3372,Running,45,0,1,99,1,3,1.0000,1707.3,0,42.320,42.320,26.296,532.9,-3560.6,0.0,0,513165.2431,-1.0000
19.300,3299,3294,Running,46,0,1,99,1,3,1.0000,1707.3,0,42.320,42.320,26.296,537.1,-3595.8,0.0,0,464737.5965,-1.0000
19.316,3305,3366,Running,45,0,1,99,1,3,1.0000,1707.3,0,42.320,42.320,26.296,534.3,-3571.7,0.0,0,485087.3643,-1.0000
19.333,3314,3308,Running,45,0,1,99,1,3,1.0000,1707.3,0,42.320,42.320,26.296,543.7,-3651.9,0.0,0,532708.7570,-1.0000
19.350,3317,3369,Running,45,0,1,99,1,3,1.0000,1707.3,0,42.320,42.320,26.296,533.9,-3568.5,0.0,0,432442.5572,-1.0000
19.366,3327,3302,Running,45,0,1,99,1,3,1.0000,1707.3,0,42.320,42.320,26.296,549.0,-3697.4,0.0,0,576608.3522,-1.0000
19.383,3328,3363,Running,45,0,1,99,1,3,1.0000,1707.3,0,42.320,42.320,26.296,532.3,-3555.1,0.0,0,368055.3685,-1.0000
19.400,3337,3361,Running,45,0,1,99,1,3,1.0000,1707.3,0,42.320,42.320,26.296,550.9,-3712.9,0.0,0,560091.8892,-1.0000
19.416,3336,3353,Running,45,0,1,99,1,3,1.0000,1707.3,0,42.320,42.320,26.296,531.0,-3544.2,0.0,0,406790.2984,-1.0000
19.433,3343,3401,Running,44,0,1,99,1,3,1.0000,1707.3,0,42.320,42.320,26.296,549.6,-3701.8,0.0,0,535711.2559,-1.0000
19.450,3341,3345,Running,44,0,1,99,1,3,1.0000,1707.3,0,42.320,42.320,26.296,531.8,-3551.1,0.0,0,399431.5323,-1.0000
19.466,3346,3407,Running,43,0,1,99,1,3,1.0000,1707.3,0,42.320,42.320,26.296,545.4,-3666.4,0.0,0,544175.7665,-1.0000
19.483,3344,3323,Running,42,0,1,99,1,3,1.0000,1707.3,0,42.320,42.320,26.296,534.2,-3571.2,0.0,0,433884.4459,-1.0000
19.500,3345,3374,Running,42,0,1,99,1,3,1.0000,1707.3,0,42.320,42.320,26.296,539.6,-3616.8,0.0,0,511391.6688,-1.0000
19.516,3342,3303,Running,41,0,1,99,1,3,1.0000,1707.3,0,42.320,42.320,26.296,531.7,-3550.2,0.0,0,430844.2776,-1.0000
19.533,3339,3342,Running,41,0,1,99,1,3,1.0000,1707.3,0,42.320,42.320,26.296,529.3,-3529.6,0.0,0,503104.3759,-1.0000
19.550,3334,3247,Running,40,0,1,99,1,3,1.0000,1707.3,0,42.320,42.320,26.296,526.2,-3503.7,0.0,0,453339.3380,-1.0000
19.566,3326,3306,Running,40,0,1,99,1,3,1.0000,1707.3,0,42.320,42.320,26.296,516.3,-3419.7,0.0,0,451453.8606,-1.0000
19.583,3321,3216,Running,40,0,1,99,1,3,1.0000,1707.3,0,42.320,42.320,26.296,520.9,-3458.7,0.0,0,535287.5568,-1.0000
19.600,3308,3254,Running,40,0,1,99,1,3,1.0000,1707.3,0,42.320,42.320,26.296,502.8,-3305.4,0.0,0,369171.0382,-1.0000
19.616,3303,3236,Running,40,0,1,99,1,3,1.0000,1707.3,0,42.320,42.320,26.296,514.0,-3400.1,0.0,0,523350.8888,-1.0000
19.633,3287,3215,Running,36,0,1,99,1,3,1.0000,1707.3,0,42.320,42.320,26.296,490.9,-3205.4,0.0,0,372678.5172,-1.0000
19.650,3279,3251,Running,33,0,1,99,1,3,1.0000,1946.2,0,43.349,48.240,26.936,502.5,-3280.8,0.0,0,483023.3642,-1.0000
19.666,3261,3144,Running,29,0,1,99,1,3,1.0000,1952.6,0,44.358,48.400,27.563,480.8,-3054.6,0.0,0,375876.5145,-1.0000
19.683,3243,3143,Running,27,0,1,99,1,3,1.0000,1959.1,0,45.360,48.560,28.185,475.4,-2966.2,0.0,0,455995.8675,-1.0000
19.700,3218,3013,Running,25,0,1,99,1,3,1.0000,1959.1,0,46.345,48.560,28.798,456.2,-2771.5,0.0,0,367882.6224,-1.0000
19.716,3185,2989,Running,24,0,1,99,1,3,1.0000,1959.1,0,47.313,48.560,29.399,432.7,-2555.4,0.0,0,384113.5196,-1.0000
19.733,3150,2872,Running,23,0,1,99,1,3,1.0000,1959.1,0,48.270,48.560,29.993,420.3,-2431.9,0.0,0,447039.3310,-1.0000
19.750,3101,2807,Running,23,0,1,99,1,3,1.0000,1959.1,0,48.560,48.560,30.174,384.7,-2142.3,0.0,0,234083.4375,-1.0000
19.766,3052,2763,Running,22,0,1,99,1,3,1.0000,1959.1,0,48.560,48.560,30.174,373.0,-2059.6,0.0,0,353478.0945,-1.0000
19.783,2997,2628,Running,22,0,1,99,1,3,1.0000,1959.1,0,48.560,48.560,30.174,349.4,-1919.8,0.0,0,249718.9266,-1.0000
19.800,2938,2589,Running,22,0,1,99,1,3,1.0000,1959.1,0,48.560,48.560,30.174,327.4,-1790.5,0.0,0,298647.7368,-1.0000
19.816,2881,2547,Running,22,0,1,99,1,3,1.0000,1959.1,0,48.560,48.560,30.174,317.2,-1730.6,0.0,0,312206.8578,-1.0000
19.833,2818,2429,Running,21,0,1,99,1,3,1.0000,1959.1,0,48.560,48.560,30.174,292.6,-1587.2,0.0,0,190945.9764,-1.0000
19.850,2755,2397,Running,20,0,1,99,1,3,1.0000,1959.1,0,48.560,48.560,30.174,279.3,-1512.1,0.0,0,247433.7498,-1.0000
19.866,2697,2359,Running,20,0,1,99,1,3,1.0000,1959.1,0,48.560,48.560,30.174,271.9,-1472.0,0.0,0,290063.7419,-1.0000
19.883,2612,2001,Running,19,0,1,99,1,3,1.0000,2010.7,0,49.591,49.840,30.814,611.5,-3310.8,0.0,0,132610.9097,-1.0000
19.900,2520,2011,Running,19,0,1,99,1,3,1.0000,2010.7,0,49.840,49.840,30.969,224.2,-1213.7,0.0,0,195124.7528,-1.0000
19.916,2441,2011,Running,19,0,1,99,1,3,1.0000,2010.7,0,49.840,49.840,30.969,227.1,-1229.5,0.0,0,221640.6625,-1.0000
19.933,2375,2011,Running,19,0,1,99,1,3,1.0000,2010.7,0,49.840,49.840,30.969,116.8,-632.2,0.0,0,189946.7966,-1.0000
19.950,2319,2011,Running,19,0,1,99,1,3,1.0000,2010.7,0,49.840,49.840,30.969,199.4,-1079.4,0.0,0,86648.0238,-1.0000
19.966,2272,2011,Running,19,0,1,99,1,3,1.0000,2010.7,0,49.840,49.840,30.969,208.7,-1130.1,0.0,0,219651.6974,-1.0000
19.983,2232,2011,Running,19,0,1,99,1,3,1.0000,2010.7,0,49.840,49.840,30.969,214.7,-1162.6,0.0,0,227639.5037,-1.0000
20.000,2198,2011,Running,19,0,1,99,1,3,1.0000,2010.7,0,49.840,49.840,30.969,87.7,-474.8,0.0,0,105714.9734,-1.0000
20.016,2169,2011,Running,18,0,1,99,1,3,1.0000,2010.7,0,49.840,49.840,30.969,214.3,-1160.1,0.0,0,175018.0474,-1.0000
20.033,2145,2011,Running,17,0,1,99,1,3,1.0000,2010.7,0,49.840,49.840,30.969,211.7,-1146.2,0.0,0,209795.1884,-1.0000
20.050,2124,2011,Running,16,0,1,99,1,3,1.0000,2010.7,0,49.840,49.840,30.969,137.4,-744.0,0.0,0,252134.2486,-1.0000
20.066,2107,2011,Running,15,0,1,99,1,3,1.0000,2010.7,0,49.840,49.840,30.969,149.0,-806.9,0.0,0,72983.8724,-1.0000
20.083,2094,2030,Running,14,0,1,99,1,3,1.0000,2030.1,0,50.320,50.320,31.267,173.5,-939.3,0.0,0,178932.7679,-1.0000
20.100,2085,2033,Running,14,0,1,99,1,3,1.0000,2033.3,0,50.400,50.400,31.317,191.7,-1037.7,0.0,0,205260.1575,-1.0000
20.116,2077,2033,Running,13,0,1,99,1,3,1.0000,2033.3,0,50.400,50.400,31.317,69.0,-373.7,0.0,0,139416.7802,-1.0000
20.133,2070,2033,Running,13,0,1,99,1,3,1.0000,2033.3,0,50.400,50.400,31.317,170.3,-921.9,0.0,0,145695.0401,-1.0000
20.150,2064,2033,Running,13,0,1,99,1,3,1.0000,2033.3,0,50.400,50.400,31.317,172.6,-934.3,0.0,0,180772.7601,-1.0000
20.166,2060,2033,Running,13,0,1,99,1,3,1.0000,2033.3,0,50.400,50.400,31.317,126.3,-683.7,0.0,0,220324.4484,-1.0000
20.183,2056,2033,Running,13,0,1,99,1,3,1.0000,2033.3,0,50.400,50.400,31.317,87.1,-471.5,0.0,0,81489.6175,-1.0000
20.200,2052,2033,Running,13,0,1,99,1,3,1.0000,2033.3,0,50.400,50.400,31.317,142.9,-773.8,0.0,0,136680.1902,-1.0000
20.216,2049,2033,Running,13,0,1,99,1,3,1.0000,2033.3,0,50.400,50.400,31.317,152.6,-826.0,0.0,0,168128.0936,-1.0000
20.233,2046,2027,Running,12,0,1,99,1,3,1.0000,2026.8,0,50.240,50.240,31.218,55.5,-300.5,0.0,0,123917.4003,-1.0000
20.250,2043,2027,Running,12,0,1,99,1,3,1.0000,2026.8,0,50.240,50.240,31.218,123.0,-666.2,0.0,0,112835.9305,-1.0000
20.266,2041,2027,Running,12,0,1,99,1,3,1.0000,2026.8,0,50.240,50.240,31.218,124.5,-674.0,0.0,0,151353.2630,-1.0000
20.283,2038,2027,Running,12,0,1,99,1,3,1.0000,2026.8,0,50.240,50.240,31.218,111.3,-602.5,0.0,0,168279.0475,-1.0000
20.300,2037,2027,Running,12,0,1,99,1,3,1.0000,2026.8,0,50.240,50.240,31.218,51.5,-278.7,0.0,0,93073.6043,-1.0000
20.316,2035,2027,Running,12,0,1,99,1,3,1.0000,2026.8,0,50.240,50.240,31.218,104.1,-563.8,0.0,0,115915.2944,-1.0000
20.333,2034,2027,Running,12,0,1,99,1,3,1.0000,2026.8,0,50.240,50.240,31.218,117.1,-633.8,0.0,0,140147.2441,-1.0000
20.350,2033,2027,Running,12,0,1,99,1,3,1.0000,2026.8,0,50.240,50.240,31.218,35.0,-189.6,0.0,0,116771.3868,-1.0000
20.366,2032,2027,Running,12,0,1,99,1,3,1.0000,2026.8,0,50.240,50.240,31.218,102.8,-556.4,0.0,0,95251.6232,-1.0000
20.383,2031,2027,Running,12,0,1,99,1,3,1.0000,2026.8,0,50.240,50.240,31.218,93.3,-505.3,0.0,0,138799.1762,-1.0000
20.394,2030,2027,Running,12,0,1,99,1,3,1.0000,2026.8,0,50.240,50.240,31.218,100.5,-544.4,0.0,0,140224.7311,-1.0000
20.414,2030,2027,Running,12,0,1,99,1,3,1.0000,2026.8,0,50.240,50.240,31.218,31.0,-167.9,0.0,0,82692.1690,-1.0000
20.433,2028,2011,Running,12,0,1,99,1,3,1.0000,2010.7,0,49.840,49.840,30.969,116.6,-631.2,0.0,0,126045.6660,-1.0000
20.441,2025,2011,Running,11,0,1,99,1,3,1.0000,2010.7,0,49.840,49.840,30.969,91.6,-496.2,0.0,0,123763.2681,-1.0000
20.466,2023,2011,Running,11,0,1,99,1,3,1.0000,2010.7,0,49.840,49.840,30.969,25.3,-136.9,0.0,0,111551.5750,-1.0000
20.483,2021,2011,Running,11,0,1,99,1,3,1.0000,2010.7,0,49.840,49.840,30.969,87.4,-473.0,0.0,0,64301.0378,-1.0000
20.500,2019,2011,Running,11,0,1,99,1,3,1.0000,2010.7,0,49.840,49.840,30.969,86.0,-465.6,0.0,0,149558.9417,-1.0000
20.516,2018,2011,Running,11,0,1,99,1,3,1.0000,2010.7,0,49.840,49.840,30.969,80.7,-436.8,0.0,0,121131.7952,-1.0000
20.533,2017,2011,Running,11,0,1,99,1,3,1.0000,2010.7,0,49.840,49.840,30.969,9.1,-49.4,0.0,0,62505.6692,-1.0000
20.550,2016,2011,Running,11,0,1,99,1,3,1.0000,2010.7,0,49.840,49.840,30.969,81.4,-440.6,0.0,0,103534.7397,-1.0000
20.566,2015,2011,Running,11,0,1,99,1,3,1.0000,2010.7,0,49.840,49.840,30.969,79.8,-432.2,0.0,0,137679.5827,-1.0000
20.583,2013,1998,Running,11,0,1,99,1,3,1.0000,1997.8,0,49.520,49.520,30.770,33.4,-181.0,0.0,0,118962.2559,-1.0000
20.600,2011,1998,Running,11,0,1,99,1,3,1.0000,1997.8,0,49.520,49.520,30.770,52.6,-285.1,0.0,0,40241.6783,-1.0000
20.616,2009,1998,Running,11,0,1,99,1,3,1.0000,1997.8,0,49.520,49.520,30.770,73.6,-398.3,0.0,0,108132.3757,-1.0000
20.633,2007,1998,Running,11,0,1,99,1,3,1.0000,1997.8,0,49.520,49.520,30.770,78.2,-423.2,0.0,0,130390.3108,-1.0000
20.650,2006,1998,Running,11,0,1,99,1,3,1.0000,1997.8,0,49.520,49.520,30.770,-0.8,4.1,0.0,0,66453.0250,-1.0000
20.666,2004,1998,Running,11,0,1,99,1,3,1.0000,1997.8,0,49.520,49.520,30.770,60.4,-327.1,0.0,0,78044.3142,-1.0000
20.683,2003,1998,Running,11,0,1,99,1,3,1.0000,1997.8,0,49.520,49.520,30.770,67.6,-365.8,0.0,0,117290.9644,-1.0000
20.700,2002,1998,Running,11,0,1,99,1,3,1.0000,1997.8,0,49.520,49.520,30.770,53.6,-290.1,0.0,0,134863.3455,-1.0000
20.716,2002,1998,Running,11,0,1,99,1,3,1.0000,1997.8,0,49.520,49.520,30.770,17.6,-95.5,0.0,0,66184.5005,-1.0000
20.733,2001,1998,Running,11,0,1,99,1,3,1.0000,1997.8,0,49.520,49.520,30.770,55.6,-301.3,0.0,0,81396.2435,-1.0000
20.750,2001,1998,Running,11,0,1,99,1,3,1.0000,1997.8,0,49.520,49.520,30.770,66.0,-357.3,0.0,0,110753.6051,-1.0000
20.766,1999,1985,Running,11,0,1,99,1,3,1.0000,1984.9,0,49.200,49.200,30.571,22.6,-122.2,0.0,0,90215.6860,-1.0000
20.783,1996,1982,Running,11,0,1,99,1,3,1.0000,1981.7,0,49.120,49.120,30.522,67.4,-365.1,0.0,0,65601.4408,-1.0000
20.800,1994,1982,Running,11,0,1,99,1,3,1.0000,1981.7,0,49.120,49.120,30.522,59.3,-321.1,0.0,0,123309.4092,-1.0000
20.816,1992,1982,Running,11,0,1,99,1,3,1.0000,1981.7,0,49.120,49.120,30.522,59.4,-321.5,0.0,0,108280.7915,-1.0000
20.833,1990,1982,Running,11,0,1,99,1,3,1.0000,1981.7,0,49.120,49.120,30.522,-3.2,17.1,0.0,0,57372.7920,-1.0000
20.850,1989,1982,Running,11,0,1,99,1,3,1.0000,1981.7,0,49.120,49.120,30.522,64.4,-348.8,0.0,0,91116.2370,-1.0000
20.866,1988,1982,Running,11,0,1,99,1,3,1.0000,1981.7,0,49.120,49.120,30.522,65.4,-354.3,0.0,0,123972.9863,-1.0000
20.883,1987,1982,Running,11,0,1,99,1,3,1.0000,1981.7,0,49.120,49.120,30.522,14.2,-76.8,0.0,0,125546.9073,-1.0000
20.900,1986,1982,Running,11,0,1,99,1,3,1.0000,1981.7,0,49.120,49.120,30.522,33.6,-182.1,0.0,0,38119.2594,-1.0000
20.916,1985,1982,Running,12,0,1,99,1,3,1.0000,1981.7,0,49.120,49.120,30.522,60.7,-328.8,0.0,0,92738.2411,-1.0000
20.933,1985,1982,Running,12,0,1,99,1,3,1.0000,1981.7,0,49.120,49.120,30.522,70.1,-379.4,0.0,0,120756.1566,-1.0000
20.950,1984,1982,Running,12,0,1,99,1,3,1.0000,1981.7,0,49.120,49.120,30.522,-0.3,1.4,0.0,0,78385.1919,-1.0000
20.966,1984,1982,Running,12,0,1,99,1,3,1.0000,1981.7,0,49.120,49.120,30.522,57.2,-309.7,0.0,0,75364.7291,-1.0000
20.983,1984,1982,Running,12,0,1,99,1,3,1.0000,1981.7,0,49.120,49.120,30.522,55.7,-301.6,0.0,0,115616.6642,-1.0000
21.000,1983,1982,Running,12,0,1,99,1,3,1.0000,1981.7,0,49.120,49.120,30.522,62.7,-339.7,0.0,0,120295.1739,-1.0000
21.016,1983,1982,Running,12,0,1,99,1,3,1.0000,1981.7,0,49.120,49.120,30.522,6.8,-36.9,0.0,0,69583.4135,-1.0000
21.033,1983,1982,Running,12,0,1,99,1,3,1.0000,1981.7,0,49.120,49.120,30.522,65.2,-353.0,0.0,0,103989.3138,-1.0000
21.050,1983,1982,Running,12,0,1,99,1,3,1.0000,1981.7,0,49.120,49.120,30.522,64.4,-348.9,0.0,0,116176.1852,-1.0000
21.066,1980,1952,Running,12,0,1,99,1,3,1.0000,1933.2,0,48.389,47.920,30.068,44.8,-242.6,0.0,0,104084.1575,-1.0000
21.083,1974,1933,Running,12,0,1,99,1,3,1.0000,1933.2,0,47.920,47.920,29.776,85.4,-462.4,0.0,0,50400.4128,-1.0000
21.100,1968,1933,Running,11,0,1,99,1,3,1.0000,1933.2,0,47.920,47.920,29.776,72.3,-391.4,0.0,0,110298.6616,-1.0000
21.116,1962,1930,Running,11,0,1,99,1,3,1.0000,1930.0,0,47.840,47.840,29.726,81.7,-442.3,0.0,0,123661.6882,-1.0000
21.133,1957,1930,Running,11,0,1,99,1,3,1.0000,1930.0,0,47.840,47.840,29.726,1.1,-6.0,0.0,0,74246.8793,-1.0000
21.150,1953,1930,Running,11,0,1,99,1,3,1.0000,1930.0,0,47.840,47.840,29.726,65.7,-355.6,0.0,0,77932.4253,-1.0000
21.166,1949,1930,Running,11,0,1,99,1,3,1.0000,1930.0,0,47.840,47.840,29.726,62.4,-337.7,0.0,0,117751.2723,-1.0000
21.183,1946,1930,Running,11,0,1,99,1,3,1.0000,1930.0,0,47.840,47.840,29.726,69.6,-377.0,0.0,0,115664.3374,-1.0000
21.200,1944,1930,Running,11,0,1,99,1,3,1.0000,1930.0,0,47.840,47.840,29.726,3.0,-16.1,0.0,0,62730.1548,-1.0000
21.214,1942,1930,Running,11,0,1,99,1,3,1.0000,1930.0,0,47.840,47.840,29.726,70.4,-381.1,0.0,0,93918.5424,-1.0000
21.233,1940,1930,Running,11,0,1,99,1,3,1.0000,1930.0,0,47.840,47.840,29.726,72.0,-389.8,0.0,0,122875.2908,-1.0000
21.250,1938,1930,Running,11,0,1,99,1,3,1.0000,1930.0,0,47.840,47.840,29.726,28.7,-155.1,0.0,0,142309.7856,-1.0000
21.266,1935,1914,Running,10,0,1,99,1,3,1.0000,1913.9,0,47.440,47.440,29.478,56.0,-303.4,0.0,0,39009.3142,-1.0000
21.283,1932,1914,Running,10,0,1,99,1,3,1.0000,1913.9,0,47.440,47.440,29.478,60.6,-328.2,0.0,0,83706.8515,-1.0000
21.300,1929,1914,Running,10,0,1,99,1,3,1.0000,1913.9,0,47.440,47.440,29.478,69.3,-375.0,0.0,0,109915.6890,-1.0000
21.316,1927,1914,Running,10,0,1,99,1,3,1.0000,1913.9,0,47.440,47.440,29.478,2.8,-15.3,0.0,0,93309.4100,-1.0000
21.333,1925,1914,Running,10,0,1,99,1,3,1.0000,1913.9,0,47.440,47.440,29.478,58.6,-317.6,0.0,0,55555.5197,-1.0000
21.350,1923,1914,Running,10,0,1,99,1,3,1.0000,1913.9,0,47.440,47.440,29.478,62.2,-337.0,0.0,0,114635.9463,-1.0000
21.366,1922,1914,Running,10,0,1,99,1,3,1.0000,1913.9,0,47.440,47.440,29.478,65.3,-353.5,0.0,0,118778.2819,-1.0000
21.383,1921,1914,Running,10,0,1,99,1,3,1.0000,1913.9,0,47.440,47.440,29.478,-8.7,47.1,0.0,0,56489.7685,-1.0000
21.400,1920,1914,Running,10,0,1,99,1,3,1.0000,1913.9,0,47.440,47.440,29.478,52.3,-283.1,0.0,0,69807.8247,-1.0000
21.411,1919,1914,Running,10,0,1,99,1,3,1.0000,1913.9,0,47.440,47.440,29.478,51.1,-276.7,0.0,0,107971.1472,-1.0000
21.411,1918,1914,Running,10,0,1,99,1,3,1.0000,1913.9,0,47.440,47.440,29.478,54.9,-297.4,0.0,0,107698.2322,-1.0000
21.411,1917,1914,Running,10,0,1,99,1,3,1.0000,1913.9,0,47.440,47.440,29.478,-5.5,29.7,0.0,0,56840.9891,-1.0000
21.411,1917,1914,Running,10,0,1,99,1,3,1.0000,1913.9,0,47.440,47.440,29.478,54.3,-294.2,0.0,0,82033.6708,-1.0000
21.483,1914,1885,Running,10,0,1,99,1,3,1.0000,1884.8,0,46.732,46.720,29.038,95.0,-514.5,0.0,0,107568.9835,-1.0000
21.500,1910,1885,Running,10,0,1,99,1,3,1.0000,1884.8,0,46.720,46.720,29.030,22.3,-120.7,0.0,0,126271.8537,-1.0000
21.516,1906,1885,Running,10,0,1,99,1,3,1.0000,1884.8,0,46.720,46.720,29.030,17.9,-97.2,0.0,0,33626.3030,-1.0000
21.533,1903,1885,Running,10,0,1,99,1,3,1.0000,1884.8,0,46.720,46.720,29.030,46.2,-250.0,0.0,0,70776.3290,-1.0000
21.550,1900,1885,Running,10,0,1,99,1,3,1.0000,1884.8,0,46.720,46.720,29.030,50.8,-275.3,0.0,0,97547.2761,-1.0000
21.566,1898,1885,Running,10,0,1,99,1,3,1.0000,1884.8,0,46.720,46.720,29.030,-6.3,34.2,0.0,0,89855.2210,-1.0000
21.583,1896,1885,Running,10,0,1,99,1,3,1.0000,1884.8,0,46.720,46.720,29.030,38.4,-207.9,0.0,0,44801.2786,-1.0000
21.600,1894,1885,Running,10,0,1,99,1,3,1.0000,1884.8,0,46.720,46.720,29.030,49.4,-267.4,0.0,0,86060.2977,-1.0000
21.616,1893,1885,Running,10,0,1,99,1,3,1.0000,1884.8,0,46.720,46.720,29.030,55.6,-301.1,0.0,0,102787.3317,-1.0000
21.633,1891,1885,Running,10,0,1,99,1,3,1.0000,1884.8,0,46.720,46.720,29.030,-10.2,55.4,0.0,0,71788.0611,-1.0000
21.650,1890,1885,Running,10,0,1,99,1,3,1.0000,1884.8,0,46.720,46.720,29.030,46.6,-252.4,0.0,0,58015.8420,-1.0000
21.666,1889,1885,Running,10,0,1,99,1,3,1.0000,1884.8,0,46.720,46.720,29.030,47.7,-258.2,0.0,0,108868.0656,-1.0000
21.683,1889,1885,Running,10,0,1,99,1,3,1.0000,1884.8,0,46.720,46.720,29.030,50.3,-272.5,0.0,0,102361.1558,-1.0000
21.700,1888,1885,Running,10,0,1,99,1,3,1.0000,1884.8,0,46.720,46.720,29.030,-16.6,89.8,0.0,0,47306.3288,-1.0000
21.716,1888,1885,Running,10,0,1,99,1,3,1.0000,1884.8,0,46.720,46.720,29.030,43.9,-237.8,0.0,0,63417.5884,-1.0000
21.733,1887,1885,Running,10,0,1,99,1,3,1.0000,1884.8,0,46.720,46.720,29.030,42.9,-232.4,0.0,0,101879.2841,-1.0000
21.750,1887,1885,Running,10,0,1,99,1,3,1.0000,1884.8,0,46.720,46.720,29.030,47.4,-256.8,0.0,0,101181.7357,-1.0000
21.766,1884,1855,Running,10,0,1,99,1,3,1.0000,1846.1,0,45.981,45.760,28.572,28.2,-152.8,0.0,0,50575.8920,-1.0000
21.783,1878,1846,Running,10,0,1,99,1,3,1.0000,1846.1,0,45.760,45.760,28.434,61.8,-334.5,0.0,0,69628.0725,-1.0000
21.800,1874,1846,Running,11,0,1,99,1,3,1.0000,1846.1,0,45.760,45.760,28.434,50.9,-275.7,0.0,0,96509.9671,-1.0000
21.816,1869,1846,Running,11,0,1,99,1,3,1.0000,1846.1,0,45.760,45.760,28.434,41.2,-222.8,0.0,0,105656.4218,-1.0000
21.833,1866,1846,Running,11,0,1,99,1,3,1.0000,1846.1,0,45.760,45.760,28.434,-2.1,11.5,0.0,0,49200.5554,-1.0000
21.850,1863,1846,Running,11,0,1,99,1,3,1.0000,1846.1,0,45.760,45.760,28.434,51.2,-277.4,0.0,0,73816.1042,-1.0000
21.866,1860,1846,Running,11,0,1,99,1,3,1.0000,1846.1,0,45.760,45.760,28.434,55.1,-298.4,0.0,0,100860.1660,-1.0000
21.883,1858,1846,Running,11,0,1,99,1,3,1.0000,1846.1,0,45.760,45.760,28.434,26.2,-141.9,0.0,0,121263.1523,-1.0000
21.900,1856,1846,Running,11,0,1,99,1,3,1.0000,1846.1,0,45.760,45.760,28.434,15.6,-84.6,0.0,0,40897.4981,-1.0000
21.916,1855,1846,Running,11,0,1,99,1,3,1.0000,1846.1,0,45.760,45.760,28.434,53.1,-287.4,0.0,0,75869.8188,-1.0000
21.933,1853,1846,Running,11,0,1,99,1,3,1.0000,1846.1,0,45.760,45.760,28.434,58.5,-316.7,0.0,0,102204.0044,-1.0000
21.950,1852,1846,Running,11,0,1,99,1,3,1.0000,1846.1,0,45.760,45.760,28.434,8.2,-44.2,0.0,0,109806.7450,-1.0000
21.966,1851,1846,Running,11,0,1,99,1,3,1.0000,1846.1,0,45.760,45.760,28.434,33.5,-181.6,0.0,0,41570.5657,-1.0000
21.983,1848,1824,Running,11,0,1,99,1,3,1.0000,1823.5,0,45.200,45.200,28.086,87.1,-471.5,0.0,0,78030.0836,-1.0000
22.000,1844,1824,Running,11,0,1,99,1,3,1.0000,1823.5,0,45.200,45.200,28.086,64.5,-349.1,0.0,0,102765.8900,-1.0000
22.014,1841,1824,Running,11,0,1,99,1,3,1.0000,1823.5,0,45.200,45.200,28.086,3.5,-18.8,0.0,0,101782.3737,-1.0000
22.033,1839,1824,Running,11,0,1,99,1,3,1.0000,1823.5,0,45.200,45.200,28.086,46.8,-253.2,0.0,0,48168.8548,-1.0000
22.050,1836,1824,Running,11,0,1,99,1,3,1.0000,1823.5,0,45.200,45.200,28.086,61.3,-332.1,0.0,0,84266.4895,-1.0000
22.064,1834,1824,Running,11,0,1,99,1,3,1.0000,1823.5,0,45.200,45.200,28.086,69.3,-375.2,0.0,0,106185.5819,-1.0000
22.083,1833,1824,Running,11,0,1,99,1,3,1.0000,1823.5,0,45.200,45.200,28.086,2.3,-12.4,0.0,0,98363.3923,-1.0000
22.100,1831,1824,Running,11,0,1,99,1,3,1.0000,1823.5,0,45.200,45.200,28.086,54.9,-297.5,0.0,0,52099.2125,-1.0000
22.116,1830,1824,Running,11,0,1,99,1,3,1.0000,1823.5,0,45.200,45.200,28.086,65.9,-357.0,0.0,0,92908.3788,-1.0000
22.133,1829,1824,Running,11,0,1,99,1,3,1.0000,1823.5,0,45.200,45.200,28.086,73.6,-398.3,0.0,0,109053.2539,-1.0000
22.150,1828,1824,Running,11,0,1,99,1,3,1.0000,1823.5,0,45.200,45.200,28.086,1.6,-8.9,0.0,0,94197.8502,-1.0000
22.166,1825,1798,Running,11,0,1,99,1,3,1.0000,1797.7,0,44.560,44.560,27.688,96.4,-521.9,0.0,0,54027.3364,-1.0000
22.183,1821,1794,Running,11,0,1,99,1,3,1.0000,1794.5,0,44.480,44.480,27.639,74.8,-405.2,0.0,0,98016.7274,-1.0000
22.200,1817,1794,Running,11,0,1,99,1,3,1.0000,1794.5,0,44.480,44.480,27.639,77.9,-421.5,0.0,0,108142.3905,-1.0000
22.216,1813,1794,Running,11,0,1,99,1,3,1.0000,1794.5,0,44.480,44.480,27.639,2.4,-12.8,0.0,0,92681.8062,-1.0000
22.233,1810,1794,Running,11,0,1,99,1,3,1.0000,1794.5,0,44.480,44.480,27.639,64.5,-349.2,0.0,0,54323.4568,-1.0000
22.250,1808,1794,Running,11,0,1,99,1,3,1.0000,1794.5,0,44.480,44.480,27.639,72.3,-391.7,0.0,0,99425.7218,-1.0000
22.264,1806,1794,Running,11,0,1,99,1,3,1.0000,1794.5,0,44.480,44.480,27.639,79.6,-430.9,0.0,0,110124.1851,-1.0000
22.283,1804,1794,Running,11,0,1,99,1,3,1.0000,1794.5,0,44.480,44.480,27.639,3.9,-21.2,0.0,0,95164.7264,-1.0000
22.300,1803,1794,Running,11,0,1,99,1,3,1.0000,1794.5,0,44.480,44.480,27.639,65.9,-356.7,0.0,0,54842.0632,-1.0000
22.314,1801,1794,Running,11,0,1,99,1,3,1.0000,1794.5,0,44.480,44.480,27.639,73.9,-400.2,0.0,0,100230.3978,-1.0000
22.333,1800,1794,Running,11,0,1,99,1,3,1.0000,1794.5,0,44.480,44.480,27.639,81.4,-440.5,0.0,0,110984.3024,-1.0000
22.350,1799,1794,Running,12,0,1,99,1,3,1.0000,1794.5,0,44.480,44.480,27.639,5.2,-28.2,0.0,0,96685.4497,-1.0000
22.366,1799,1794,Running,12,0,1,99,1,3,1.0000,1794.5,0,44.480,44.480,27.639,67.4,-365.1,0.0,0,55224.6507,-1.0000
22.383,1798,1794,Running,12,0,1,99,1,3,1.0000,1794.5,0,44.480,44.480,27.639,76.2,-412.6,0.0,0,100865.7158,-1.0000
22.400,1797,1794,Running,12,0,1,99,1,3,1.0000,1794.5,0,44.480,44.480,27.639,84.1,-455.3,0.0,0,112496.2597,-1.0000
22.416,1797,1794,Running,12,0,1,99,1,3,1.0000,1794.5,0,44.480,44.480,27.639,7.7,-41.7,0.0,0,100013.3691,-1.0000
22.433,1797,1794,Running,12,0,1,99,1,3,1.0000,1794.5,0,44.480,44.480,27.639,71.8,-388.8,0.0,0,56333.7494,-1.0000
22.450,1796,1794,Running,12,0,1,99,1,3,1.0000,1794.5,0,44.480,44.480,27.639,81.3,-440.1,0.0,0,103768.6816,-1.0000
22.466,1796,1794,Running,12,0,1,99,1,3,1.0000,1794.5,0,44.480,44.480,27.639,90.2,-488.2,0.0,0,115976.3475,-1.0000
22.483,1796,1794,Running,12,0,1,99,1,3,1.0000,1794.5,0,44.480,44.480,27.639,11.6,-62.6,0.0,0,104852.8780,-1.0000
22.500,1796,1794,Running,12,0,1,99,1,3,1.0000,1794.5,0,44.480,44.480,27.639,77.0,-416.9,0.0,0,57870.0648,-1.0000
22.514,1795,1794,Running,12,0,1,99,1,3,1.0000,1794.5,0,44.480,44.480,27.639,87.3,-472.5,0.0,0,106845.3293,-1.0000
22.533,1795,1794,Running,14,0,1,99,1,3,1.0000,1794.5,0,44.480,44.480,27.639,96.1,-520.4,0.0,0,119256.8374,-1.0000
22.550,1795,1794,Running,15,0,1,99,1,3,1.0000,1794.5,0,44.480,44.480,27.639,15.3,-82.8,0.0,0,109200.3290,-1.0000
22.566,1793,1766,Running,15,0,1,99,1,3,1.0000,1762.2,0,43.784,43.680,27.206,122.0,-660.8,0.0,0,59178.7237,-1.0000
22.583,1788,1762,Running,16,0,1,99,1,3,1.0000,1762.2,0,43.680,43.680,27.141,105.4,-570.6,0.0,0,108686.1932,-1.0000
22.597,1784,1762,Running,16,0,1,99,1,3,1.0000,1762.2,0,43.680,43.680,27.141,114.0,-617.5,0.0,0,124936.7968,-1.0000
22.614,1781,1762,Running,17,0,1,99,1,3,1.0000,1762.2,0,43.680,43.680,27.141,34.1,-184.4,0.0,0,128791.8589,-1.0000
22.633,1778,1762,Running,17,0,1,99,1,3,1.0000,1762.2,0,43.680,43.680,27.141,103.8,-562.0,0.0,0,64719.4195,-1.0000
22.647,1775,1762,Running,17,0,1,99,1,3,1.0000,1762.2,0,43.680,43.680,27.141,126.8,-686.4,0.0,0,118662.0360,-1.0000
22.666,1773,1762,Running,17,0,1,99,1,3,1.0000,1762.2,0,43.680,43.680,27.141,143.1,-774.7,0.0,0,142665.0234,-1.0000
22.683,1772,1762,Running,17,0,1,99,1,3,1.0000,1762.2,0,43.680,43.680,27.141,69.0,-373.4,0.0,0,159732.3615,-1.0000
22.697,1770,1762,Running,17,0,1,99,1,3,1.0000,1762.2,0,43.680,43.680,27.141,116.2,-629.3,0.0,0,66098.7137,-1.0000
22.716,1769,1762,Running,19,0,1,99,1,3,1.0000,1762.2,0,43.680,43.680,27.141,153.9,-833.2,0.0,0,127106.8986,-1.0000
22.733,1767,1753,Running,21,0,1,99,1,3,1.0000,1752.5,0,43.440,43.440,26.992,182.7,-989.2,0.0,0,147100.9235,-1.0000
22.747,1765,1752,Running,22,0,1,99,1,3,1.0000,1752.5,0,43.440,43.440,26.992,117.3,-635.1,0.0,0,180349.3018,-1.0000
22.766,1763,1753,Running,23,0,1,99,1,3,1.0000,1752.5,0,43.440,43.440,26.992,116.8,-632.4,0.0,0,52429.0173,-1.0000
22.783,1761,1753,Running,23,0,1,99,1,3,1.0000,1752.5,0,43.440,43.440,26.992,198.1,-1072.8,0.0,0,137600.9026,-1.0000
22.797,1760,1753,Running,24,0,1,99,1,3,1.0000,1752.5,0,43.440,43.440,26.992,218.3,-1182.1,0.0,0,168168.9774,-1.0000
22.816,1759,1752,Running,24,0,1,99,1,3,1.0000,1752.5,0,43.440,43.440,26.992,200.5,-1085.8,0.0,0,190320.9136,-1.0000
22.833,1758,1752,Running,24,0,1,99,1,3,1.0000,1752.5,0,43.440,43.440,26.992,119.2,-645.3,0.0,0,92762.7685,-1.0000
22.847,1757,1753,Running,24,0,1,99,1,3,1.0000,1752.5,0,43.440,43.440,26.992,251.3,-1360.4,0.0,0,168629.0976,-1.0000
22.866,1756,1753,Running,25,0,1,99,1,3,1.0000,1752.5,0,43.440,43.440,26.992,264.9,-1434.3,0.0,0,196242.5091,-1.0000
22.883,1756,1752,Running,25,0,1,99,1,3,1.0000,1752.5,0,43.440,43.440,26.992,267.4,-1447.6,0.0,0,206627.8724,-1.0000
22.897,1755,1753,Running,25,0,1,99,1,3,1.0000,1752.5,0,43.440,43.440,26.992,118.5,-641.5,0.0,0,114661.0241,-1.0000
22.914,1755,1753,Running,25,0,1,99,1,3,1.0000,1752.5,0,43.440,43.440,26.992,283.4,-1534.6,0.0,0,188056.0055,-1.0000
22.933,1755,1756,Running,25,0,1,99,1,3,1.0000,1755.7,0,43.520,43.520,27.042,286.7,-1552.5,0.0,0,213478.2314,-1.0000
22.947,1755,1756,Running,25,0,1,99,1,3,1.0000,1755.7,0,43.520,43.520,27.042,303.2,-1641.6,0.0,0,217817.2765,-1.0000
22.966,1755,1756,Running,25,0,1,99,1,3,1.0000,1755.7,0,43.520,43.520,27.042,122.3,-662.1,0.0,0,123945.5234,-1.0000
22.983,1755,1756,Running,25,0,1,99,1,3,1.0000,1755.7,0,43.520,43.520,27.042,304.5,-1648.4,0.0,0,197620.7186,-1.0000
22.997,1755,1756,Running,25,0,1,99,1,3,1.0000,1755.7,0,43.520,43.520,27.042,308.1,-1668.2,0.0,0,225012.1738,-1.0000
23.016,1755,1756,Running,25,0,1,99,1,3,1.0000,1755.7,0,43.520,43.520,27.042,323.1,-1749.4,0.0,0,221168.4021,-1.0000
23.033,1755,1756,Running,25,0,1,99,1,3,1.0000,1755.7,0,43.520,43.520,27.042,129.0,-698.5,0.0,0,129550.2907,-1.0000
23.047,1755,1756,Running,25,0,1,99,1,3,1.0000,1755.7,0,43.520,43.520,27.042,317.6,-1719.4,0.0,0,178538.1470,-1.0000
23.066,1756,1756,Running,25,0,1,99,1,3,1.0000,1755.7,0,43.520,43.520,27.042,318.7,-1725.8,0.0,0,222353.0050,-1.0000
23.083,1756,1756,Running,25,0,1,99,1,3,1.0000,1755.7,0,43.520,43.520,27.042,332.2,-1798.9,0.0,0,214766.0846,-1.0000
23.097,1756,1756,Running,25,0,1,99,1,3,1.0000,1755.7,0,43.520,43.520,27.042,136.7,-740.0,0.0,0,167550.3032,-1.0000
23.116,1756,1756,Running,26,0,1,99,1,3,1.0000,1755.7,0,43.520,43.520,27.042,322.1,-1744.0,0.0,0,140122.7973,-1.0000
23.133,1758,1772,Running,27,0,1,99,1,3,1.0000,1771.9,0,43.920,43.920,27.291,297.3,-1609.6,0.0,0,228911.7273,-1.0000
23.147,1760,1772,Running,28,0,1,99,1,3,1.0000,1771.9,0,43.920,43.920,27.291,333.9,-1808.1,0.0,0,222867.8188,-1.0000
23.166,1762,1772,Running,28,0,1,99,1,3,1.0000,1771.9,0,43.920,43.920,27.291,142.8,-773.3,0.0,0,201223.8414,-1.0000
23.183,1763,1772,Running,28,0,1,99,1,3,1.0000,1771.9,0,43.920,43.920,27.291,328.2,-1776.9,0.0,0,127667.2083,-1.0000
23.197,1765,1772,Running,29,0,1,99,1,3,1.0000,1771.9,0,43.920,43.920,27.291,341.1,-1847.1,0.0,0,235359.9672,-1.0000
23.216,1766,1772,Running,29,0,1,99,1,3,1.0000,1771.9,0,43.920,43.920,27.291,355.6,-1925.3,0.0,0,230501.8768,-1.0000
23.233,1767,1772,Running,29,0,1,99,1,3,1.0000,1771.9,0,43.920,43.920,27.291,157.5,-852.6,0.0,0,224214.4573,-1.0000
23.247,1767,1772,Running,29,0,1,99,1,3,1.0000,1771.9,0,43.920,43.920,27.291,351.9,-1905.3,0.0,0,121550.1839,-1.0000
23.266,1768,1772,Running,29,0,1,99,1,3,1.0000,1771.9,0,43.920,43.920,27.291,364.6,-1974.3,0.0,0,237518.7369,-1.0000
23.283,1769,1772,Running,29,0,1,99,1,3,1.0000,1771.9,0,43.920,43.920,27.291,378.8,-2050.7,0.0,0,235702.7710,-1.0000
23.297,1769,1772,Running,29,0,1,99,1,3,1.0000,1771.9,0,43.920,43.920,27.291,173.5,-939.2,0.0,0,239681.8207,-1.0000
23.316,1772,1807,Running,29,0,1,99,1,3,1.0000,1807.4,0,44.800,44.800,27.837,312.4,-1691.6,0.0,0,118672.7056,-1.0000
23.333,1778,1807,Running,29,0,1,99,1,3,1.0000,1807.4,0,44.800,44.800,27.837,373.8,-2023.7,0.0,0,241571.5156,-1.0000
23.347,1782,1807,Running,29,0,1,99,1,3,1.0000,1807.4,0,44.800,44.800,27.837,385.4,-2086.6,0.0,0,243123.7971,-1.0000
23.364,1786,1807,Running,29,0,1,99,1,3,1.0000,1807.4,0,44.800,44.800,27.837,181.2,-981.2,0.0,0,244805.2928,-1.0000
23.383,1789,1807,Running,29,0,1,99,1,3,1.0000,1807.4,0,44.800,44.800,27.837,373.2,-2020.4,0.0,0,121327.6289,-1.0000
23.397,1792,1807,Running,29,0,1,99,1,3,1.0000,1807.4,0,44.800,44.800,27.837,397.0,-2149.5,0.0,0,243692.4829,-1.0000
23.416,1795,1807,Running,29,0,1,99,1,3,1.0000,1807.4,0,44.800,44.800,27.837,406.6,-2201.3,0.0,0,242386.6288,-1.0000
23.433,1797,1807,Running,29,0,1,99,1,3,1.0000,1807.4,0,44.800,44.800,27.837,187.3,-1014.1,0.0,0,239625.0354,-1.0000
23.447,1798,1807,Running,29,0,1,99,1,3,1.0000,1807.4,0,44.800,44.800,27.837,387.8,-2100.0,0.0,0,123920.8265,-1.0000
23.466,1800,1807,Running,29,0,1,99,1,3,1.0000,1807.4,0,44.800,44.800,27.837,399.6,-2163.7,0.0,0,245765.3657,-1.0000
23.483,1801,1807,Running,29,0,1,99,1,3,1.0000,1807.4,0,44.800,44.800,27.837,408.7,-2212.9,0.0,0,242910.4275,-1.0000
23.497,1802,1807,Running,29,0,1,99,1,3,1.0000,1807.4,0,44.800,44.800,27.837,185.5,-1004.6,0.0,0,235190.9931,-1.0000
23.514,1805,1840,Running,29,0,1,99,1,3,1.0000,1839.6,0,45.600,45.600,28.335,343.6,-1860.6,0.0,0,129915.2961,-1.0000
23.533,1811,1840,Running,29,0,1,99,1,3,1.0000,1839.6,0,45.600,45.600,28.335,392.6,-2125.4,0.0,0,255181.4352,-1.0000
23.547,1815,1840,Running,29,0,1,99,1,3,1.0000,1839.6,0,45.600,45.600,28.335,400.4,-2168.1,0.0,0,251160.1840,-1.0000
23.566,1819,1840,Running,29,0,1,99,1,3,1.0000,1839.6,0,45.600,45.600,28.335,180.1,-974.9,0.0,0,219367.0962,-1.0000
23.583,1822,1840,Running,29,0,1,99,1,3,1.0000,1839.6,0,45.600,45.600,28.335,394.2,-2134.5,0.0,0,157602.5935,-1.0000
23.597,1825,1840,Running,29,0,1,99,1,3,1.0000,1839.6,0,45.600,45.600,28.335,397.0,-2149.5,0.0,0,260395.2842,-1.0000
23.614,1827,1840,Running,29,0,1,99,1,3,1.0000,1839.6,0,45.600,45.600,28.335,405.4,-2195.0,0.0,0,252427.5362,-1.0000
23.633,1829,1840,Running,29,0,1,99,1,3,1.0000,1839.6,0,45.600,45.600,28.335,179.5,-971.6,0.0,0,180041.5297,-1.0000
23.647,1831,1840,Running,29,0,1,99,1,3,1.0000,1839.6,0,45.600,45.600,28.335,392.7,-2126.0,0.0,0,200078.1605,-1.0000
23.664,1832,1840,Running,29,0,1,99,1,3,1.0000,1839.6,0,45.600,45.600,28.335,394.6,-2136.5,0.0,0,257738.6404,-1.0000
23.683,1833,1840,Running,29,0,1,99,1,3,1.0000,1839.6,0,45.600,45.600,28.335,403.0,-2182.1,0.0,0,248686.5622,-1.0000
23.697,1837,1872,Running,29,0,1,99,1,3,1.0000,1875.1,0,46.413,46.480,28.839,133.5,-722.7,0.0,0,143754.4651,-1.0000
23.716,1843,1875,Running,29,0,1,99,1,3,1.0000,1875.1,0,46.480,46.480,28.881,393.0,-2128.1,0.0,0,225130.6699,-1.0000
23.733,1848,1875,Running,28,0,1,99,1,3,1.0000,1875.1,0,46.480,46.480,28.881,402.9,-2181.4,0.0,0,247551.0727,-1.0000
23.747,1852,1875,Running,28,0,1,99,1,3,1.0000,1875.1,0,46.480,46.480,28.881,391.8,-2121.2,0.0,0,252273.2330,-1.0000
23.766,1855,1875,Running,28,0,1,99,1,3,1.0000,1875.1,0,46.480,46.480,28.881,203.5,-1102.1,0.0,0,148072.8257,-1.0000
23.783,1858,1875,Running,28,0,1,99,1,3,1.0000,1875.1,0,46.480,46.480,28.881,398.5,-2157.8,0.0,0,228956.0387,-1.0000
23.797,1861,1875,Running,28,0,1,99,1,3,1.0000,1875.1,0,46.480,46.480,28.881,399.6,-2163.6,0.0,0,251846.7491,-1.0000
23.814,1863,1875,Running,28,0,1,99,1,3,1.0000,1875.1,0,46.480,46.480,28.881,318.6,-1725.2,0.0,0,287577.5914,-1.0000
23.833,1865,1875,Running,28,0,1,99,1,3,1.0000,1875.1,0,46.480,46.480,28.881,251.9,-1364.0,0.0,0,129946.9309,-1.0000
23.847,1867,1875,Running,28,0,1,99,1,3,1.0000,1875.1,0,46.480,46.480,28.881,386.2,-2090.8,0.0,0,238123.3792,-1.0000
23.866,1868,1875,Running,26,0,1,99,1,3,1.0000,1875.1,0,46.480,46.480,28.881,394.2,-2134.3,0.0,0,257382.7973,-1.0000
23.883,1869,1875,Running,25,0,1,99,1,3,1.0000,1875.1,0,46.480,46.480,28.881,235.8,-1276.9,0.0,0,276418.3195,-1.0000
23.897,1870,1875,Running,24,0,1,99,1,3,1.0000,1875.1,0,46.480,46.480,28.881,325.2,-1760.5,0.0,0,103008.4956,-1.0000
23.914,1874,1907,Running,23,0,1,99,1,3,1.0000,1907.4,0,47.280,47.280,29.378,324.4,-1756.4,0.0,0,229049.1362,-1.0000
23.922,1879,1907,Running,22,0,1,99,1,3,1.0000,1907.4,0,47.280,47.280,29.378,359.8,-1947.8,0.0,0,241259.2016,-1.0000
23.947,1883,1907,Running,22,0,1,99,1,3,1.0000,1907.4,0,47.280,47.280,29.378,162.6,-880.5,0.0,0,234183.6713,-1.0000
23.966,1887,1907,Running,22,0,1,99,1,3,1.0000,1907.4,0,47.280,47.280,29.378,319.3,-1728.8,0.0,0,127584.9631,-1.0000
23.983,1890,1907,Running,21,0,1,99,1,3,1.0000,1907.4,0,47.280,47.280,29.378,311.2,-1685.0,0.0,0,256455.0007,-1.0000
23.997,1893,1907,Running,21,0,1,99,1,3,1.0000,1907.4,0,47.280,47.280,29.378,306.6,-1659.9,0.0,0,248152.7279,-1.0000
24.014,1895,1907,Running,21,0,1,99,1,3,1.0000,1907.4,0,47.280,47.280,29.378,126.8,-686.7,0.0,0,147048.6214,-1.0000
24.033,1897,1907,Running,21,0,1,99,1,3,1.0000,1907.4,0,47.280,47.280,29.378,285.9,-1548.0,0.0,0,196403.2106,-1.0000
24.047,1899,1907,Running,21,0,1,99,1,3,1.0000,1907.4,0,47.280,47.280,29.378,283.5,-1535.0,0.0,0,221099.5306,-1.0000
24.064,1900,1907,Running,21,0,1,99,1,3,1.0000,1907.4,0,47.280,47.280,29.378,278.8,-1509.5,0.0,0,225355.0595,-1.0000
24.083,1901,1907,Running,21,0,1,99,1,3,1.0000,1907.4,0,47.280,47.280,29.378,132.3,-716.2,0.0,0,125686.1671,-1.0000
24.097,1902,1907,Running,20,0,1,99,1,3,1.0000,1907.4,0,47.280,47.280,29.378,267.2,-1446.5,0.0,0,202927.3228,-1.0000
24.114,1903,1907,Running,20,0,1,99,1,3,1.0000,1907.4,0,47.280,47.280,29.378,265.9,-1439.5,0.0,0,228045.0663,-1.0000
24.133,1904,1907,Running,20,0,1,99,1,3,1.0000,1907.4,0,47.280,47.280,29.378,186.6,-1010.2,0.0,0,264409.7822,-1.0000
24.147,1904,1907,Running,20,0,1,99,1,3,1.0000,1907.4,0,47.280,47.280,29.378,189.3,-1025.0,0.0,0,95260.8753,-1.0000
24.164,1905,1907,Running,19,0,1,99,1,3,1.0000,1907.4,0,47.280,47.280,29.378,260.1,-1408.1,0.0,0,187532.5238,-1.0000
24.183,1905,1907,Running,18,0,1,99,1,3,1.0000,1907.4,0,47.280,47.280,29.378,269.1,-1456.8,0.0,0,206457.5423,-1.0000
24.197,1905,1907,Running,17,0,1,99,1,3,1.0000,1907.4,0,47.280,47.280,29.378,128.7,-696.9,0.0,0,203209.5323,-1.0000
24.214,1906,1907,Running,16,0,1,99,1,3,1.0000,1907.4,0,47.280,47.280,29.378,238.1,-1289.2,0.0,0,95733.8113,-1.0000
24.233,1906,1907,Running,16,0,1,99,1,3,1.0000,1907.4,0,47.280,47.280,29.378,237.8,-1287.8,0.0,0,215284.6580,-1.0000
24.247,1906,1907,Running,15,0,1,99,1,3,1.0000,1907.4,0,47.280,47.280,29.378,239.4,-1296.3,0.0,0,212429.7349,-1.0000
24.264,1906,1907,Running,15,0,1,99,1,3,1.0000,1907.4,0,47.280,47.280,29.378,91.1,-493.2,0.0,0,136996.3743,-1.0000
24.283,1907,1907,Running,15,0,1,99,1,3,1.0000,1907.4,0,47.280,47.280,29.378,215.6,-1167.4,0.0,0,153458.6071,-1.0000
24.297,1907,1907,Running,15,0,1,99,1,3,1.0000,1907.4,0,47.280,47.280,29.378,210.5,-1139.7,0.0,0,185479.3027,-1.0000
24.314,1907,1907,Running,15,0,1,99,1,3,1.0000,1907.4,0,47.280,47.280,29.378,212.0,-1147.8,0.0,0,182415.2298,-1.0000
24.333,1907,1907,Running,15,0,1,99,1,3,1.0000,1907.4,0,47.280,47.280,29.378,83.5,-452.1,0.0,0,96777.2100,-1.0000
24.347,1907,1907,Running,15,0,1,99,1,3,1.0000,1907.4,0,47.280,47.280,29.378,195.6,-1059.2,0.0,0,156131.9460,-1.0000
24.364,1910,1940,Running,13,0,1,99,1,3,1.0000,1939.7,0,48.080,48.080,29.876,146.3,-792.2,0.0,0,182569.0601,-1.0000
24.383,1914,1940,Running,12,0,1,99,1,3,1.0000,1939.7,0,48.080,48.080,29.876,126.9,-687.3,0.0,0,222142.8727,-1.0000
24.397,1918,1940,Running,11,0,1,99,1,3,1.0000,1939.7,0,48.080,48.080,29.876,112.8,-610.5,0.0,0,70112.1402,-1.0000
24.414,1921,1940,Running,10,0,1,99,1,3,1.0000,1939.7,0,48.080,48.080,29.876,160.2,-867.6,0.0,0,136852.0813,-1.0000
24.433,1924,1940,Running,9,0,1,99,1,3,1.0000,1939.7,0,48.080,48.080,29.876,163.9,-887.3,0.0,0,157738.3283,-1.0000
24.447,1927,1940,Running,9,0,1,99,1,3,1.0000,1939.7,0,48.080,48.080,29.876,58.9,-318.7,0.0,0,136182.6439,-1.0000
24.464,1929,1940,Running,9,0,1,99,1,3,1.0000,1939.7,0,48.080,48.080,29.876,134.2,-726.6,0.0,0,75635.2096,-1.0000
24.483,1930,1940,Running,8,0,1,99,1,3,1.0000,1939.7,0,48.080,48.080,29.876,126.3,-683.8,0.0,0,167156.3709,-1.0000
24.497,1932,1940,Running,8,0,1,99,1,3,1.0000,1939.7,0,48.080,48.080,29.876,120.1,-650.2,0.0,0,142424.0149,-1.0000
24.514,1933,1940,Running,8,0,1,99,1,3,1.0000,1939.7,0,48.080,48.080,29.876,20.9,-113.2,0.0,0,59440.0625,-1.0000
24.533,1934,1940,Running,8,0,1,99,1,3,1.0000,1939.7,0,48.080,48.080,29.876,101.7,-550.6,0.0,0,97293.5404,-1.0000
24.547,1935,1940,Running,8,0,1,99,1,3,1.0000,1939.7,0,48.080,48.080,29.876,97.4,-527.6,0.0,0,125133.9579,-1.0000
24.564,1936,1940,Running,8,0,1,99,1,3,1.0000,1939.7,0,48.080,48.080,29.876,70.7,-382.8,0.0,0,139429.3850,-1.0000
24.583,1936,1940,Running,8,0,1,99,1,3,1.0000,1939.7,0,48.080,48.080,29.876,29.7,-160.8,0.0,0,57213.5910,-1.0000
24.597,1935,1927,Running,7,0,1,99,1,3,1.0000,1926.8,0,47.760,47.760,29.677,86.1,-466.1,0.0,0,80348.3564,-1.0000
24.614,1934,1927,Running,7,0,1,99,1,3,1.0000,1926.8,0,47.760,47.760,29.677,66.4,-359.8,0.0,0,99198.4162,-1.0000
24.633,1933,1927,Running,7,0,1,99,1,3,1.0000,1926.8,0,47.760,47.760,29.677,2.7,-14.7,0.0,0,83603.9324,-1.0000
24.647,1932,1927,Running,7,0,1,99,1,3,1.0000,1926.8,0,47.760,47.760,29.677,49.4,-267.5,0.0,0,38172.7822,-1.0000
24.664,1931,1927,Running,7,0,1,99,1,3,1.0000,1926.8,0,47.760,47.760,29.677,53.9,-291.8,0.0,0,92359.4421,-1.0000
24.683,1930,1927,Running,7,0,1,99,1,3,1.0000,1926.8,0,47.760,47.760,29.677,54.2,-293.7,0.0,0,99799.4827,-1.0000
24.697,1929,1920,Running,7,0,1,99,1,3,1.0000,1920.3,0,47.600,47.600,29.577,-5.8,31.2,0.0,0,42433.9605,-1.0000
24.714,1928,1920,Running,8,0,1,99,1,3,1.0000,1920.3,0,47.600,47.600,29.577,34.8,-188.2,0.0,0,44729.5255,-1.0000
24.733,1927,1920,Running,8,0,1,99,1,3,1.0000,1920.3,0,47.600,47.600,29.577,29.0,-157.1,0.0,0,86630.3837,-1.0000
24.747,1926,1920,Running,8,0,1,99,1,3,1.0000,1920.3,0,47.600,47.600,29.577,31.1,-168.3,0.0,0,82011.4862,-1.0000
24.764,1925,1920,Running,8,0,1,99,1,3,1.0000,1920.3,0,47.600,47.600,29.577,-20.7,112.0,0.0,0,37129.9005,-1.0000
24.783,1924,1920,Running,8,0,1,99,1,3,1.0000,1920.3,0,47.600,47.600,29.577,29.6,-160.0,0.0,0,53977.7827,-1.0000
24.797,1924,1920,Running,8,0,1,99,1,3,1.0000,1920.3,0,47.600,47.600,29.577,28.8,-156.0,0.0,0,81719.7439,-1.0000
24.814,1923,1920,Running,8,0,1,99,1,3,1.0000,1920.3,0,47.600,47.600,29.577,-6.1,33.1,0.0,0,89573.2504,-1.0000
24.833,1923,1920,Running,8,0,1,99,1,3,1.0000,1920.3,0,47.600,47.600,29.577,-3.6,19.6,0.0,0,17532.0190,-1.0000
24.847,1922,1920,Running,8,0,1,99,1,3,1.0000,1920.3,0,47.600,47.600,29.577,13.6,-73.5,0.0,0,43949.3721,-1.0000
24.864,1922,1920,Running,8,0,1,99,1,3,1.0000,1920.3,0,47.600,47.600,29.577,19.4,-105.1,0.0,0,71616.1382,-1.0000
24.883,1922,1920,Running,8,0,1,99,1,3,1.0000,1920.3,0,47.600,47.600,29.577,-27.6,149.5,0.0,0,50531.9596,-1.0000
24.897,1922,1920,Running,8,0,1,99,1,3,1.0000,1920.3,0,47.600,47.600,29.577,12.7,-68.9,0.0,0,35020.7342,-1.0000
24.914,1919,1891,Running,8,0,1,99,1,3,1.0000,1881.6,0,46.874,46.640,29.126,56.4,-305.3,0.0,0,71701.0134,-1.0000
24.933,1913,1882,Running,8,0,1,99,1,3,1.0000,1881.6,0,46.640,46.640,28.981,31.5,-170.4,0.0,0,71777.2165,-1.0000
24.947,1909,1882,Running,8,0,1,99,1,3,1.0000,1881.6,0,46.640,46.640,28.981,-33.1,179.4,0.0,0,26567.1749,-1.0000
24.964,1904,1882,Running,8,0,1,99,1,3,1.0000,1881.6,0,46.640,46.640,28.981,10.3,-55.6,0.0,0,30336.1301,-1.0000
24.983,1901,1882,Running,8,0,1,99,1,3,1.0000,1881.6,0,46.640,46.640,28.981,7.1,-38.2,0.0,0,73695.9196,-1.0000
24.997,1898,1882,Running,8,0,1,99,1,3,1.0000,1881.6,0,46.640,46.640,28.981,9.5,-51.7,0.0,0,69026.5857,-1.0000
25.014,1895,1882,Running,8,0,1,99,1,3,1.0000,1881.6,0,46.640,46.640,28.981,-36.9,200.0,0.0,0,28668.4639,-1.0000
25.033,1893,1882,Running,8,0,1,99,1,3,1.0000,1881.6,0,46.640,46.640,28.981,10.4,-56.2,0.0,0,37454.9178,-1.0000
25.047,1892,1882,Running,8,0,1,99,1,3,1.0000,1881.6,0,46.640,46.640,28.981,9.9,-53.4,0.0,0,70016.4796,-1.0000
25.064,1890,1882,Running,8,0,1,99,1,3,1.0000,1881.6,0,46.640,46.640,28.981,4.2,-22.9,0.0,0,76893.5128,-1.0000
25.083,1889,1882,Running,8,0,1,99,1,3,1.0000,1881.6,0,46.640,46.640,28.981,-27.6,149.6,0.0,0,33151.2935,-1.0000
25.097,1888,1882,Running,8,0,1,99,1,3,1.0000,1881.6,0,46.640,46.640,28.981,10.1,-54.7,0.0,0,42488.7018,-1.0000
25.114,1887,1882,Running,8,0,1,99,1,3,1.0000,1881.6,0,46.640,46.640,28.981,12.3,-66.4,0.0,0,70271.1404,-1.0000
25.133,1886,1882,Running,9,0,1,99,1,3,1.0000,1881.6,0,46.640,46.640,28.981,-21.4,116.1,0.0,0,77698.7625,-1.0000
25.147,1885,1882,Running,9,0,1,99,1,3,1.0000,1881.6,0,46.640,46.640,28.981,-8.8,47.7,0.0,0,22264.7426,-1.0000
25.164,1885,1882,Running,9,0,1,99,1,3,1.0000,1881.6,0,46.640,46.640,28.981,7.7,-41.6,0.0,0,43618.7715,-1.0000
25.183,1884,1882,Running,9,0,1,99,1,3,1.0000,1881.6,0,46.640,46.640,28.981,13.7,-74.1,0.0,0,72140.3024,-1.0000
25.197,1884,1882,Running,9,0,1,99,1,3,1.0000,1881.6,0,46.640,46.640,28.981,-31.5,170.3,0.0,0,58735.3942,-1.0000
25.214,1881,1852,Running,9,0,1,99,1,3,1.0000,1836.4,0,45.910,45.520,28.527,47.8,-258.6,0.0,0,36423.7213,-1.0000
25.233,1875,1836,Running,9,0,1,99,1,3,1.0000,1836.4,0,45.520,45.520,28.285,38.1,-206.5,0.0,0,59853.1001,-1.0000
25.247,1869,1836,Running,9,0,1,99,1,3,1.0000,1836.4,0,45.520,45.520,28.285,22.3,-120.6,0.0,0,75143.0497,-1.0000
25.264,1864,1836,Running,9,0,1,99,1,3,1.0000,1836.4,0,45.520,45.520,28.285,-30.1,163.2,0.0,0,48770.6762,-1.0000
25.283,1860,1836,Running,9,0,1,99,1,3,1.0000,1836.4,0,45.520,45.520,28.285,15.0,-81.0,0.0,0,41001.9071,-1.0000
25.297,1856,1836,Running,9,0,1,99,1,3,1.0000,1836.4,0,45.520,45.520,28.285,19.6,-106.3,0.0,0,73692.4364,-1.0000
25.314,1853,1836,Running,9,0,1,99,1,3,1.0000,1836.4,0,45.520,45.520,28.285,24.5,-132.6,0.0,0,80037.2617,-1.0000
25.333,1851,1836,Running,9,0,1,99,1,3,1.0000,1836.4,0,45.520,45.520,28.285,-29.4,159.0,0.0,0,43005.0488,-1.0000
25.347,1848,1836,Running,9,0,1,99,1,3,1.0000,1836.4,0,45.520,45.520,28.285,19.7,-106.6,0.0,0,46537.4549,-1.0000
25.364,1847,1836,Running,9,0,1,99,1,3,1.0000,1836.4,0,45.520,45.520,28.285,21.3,-115.5,0.0,0,83442.7059,-1.0000
25.383,1845,1836,Running,10,0,1,99,1,3,1.0000,1836.4,0,45.520,45.520,28.285,26.1,-141.3,0.0,0,82697.0184,-1.0000
25.397,1841,1806,Running,11,0,1,99,1,3,1.0000,1794.5,0,44.774,44.480,27.821,12.3,-66.4,0.0,0,36047.2555,-1.0000
25.414,1834,1794,Running,12,0,1,99,1,3,1.0000,1794.5,0,44.480,44.480,27.639,42.4,-229.4,0.0,0,45957.4293,-1.0000
25.433,1828,1794,Running,12,0,1,99,1,3,1.0000,1794.5,0,44.480,44.480,27.639,29.4,-159.5,0.0,0,88096.0148,-1.0000
25.447,1823,1794,Running,13,0,1,99,1,3,1.0000,1794.5,0,44.480,44.480,27.639,38.7,-209.4,0.0,0,88056.9122,-1.0000
25.464,1819,1794,Running,13,0,1,99,1,3,1.0000,1794.5,0,44.480,44.480,27.639,-21.2,114.8,0.0,0,42109.9763,-1.0000
25.483,1815,1794,Running,13,0,1,99,1,3,1.0000,1794.5,0,44.480,44.480,27.639,44.2,-239.5,0.0,0,59777.1894,-1.0000
25.497,1812,1794,Running,13,0,1,99,1,3,1.0000,1794.5,0,44.480,44.480,27.639,50.3,-272.2,0.0,0,102873.4995,-1.0000
25.514,1809,1794,Running,13,0,1,99,1,3,1.0000,1794.5,0,44.480,44.480,27.639,62.0,-335.6,0.0,0,101852.6427,-1.0000
25.533,1807,1794,Running,13,0,1,99,1,3,1.0000,1794.5,0,44.480,44.480,27.639,-8.2,44.3,0.0,0,58300.2524,-1.0000
25.547,1805,1794,Running,13,0,1,99,1,3,1.0000,1794.5,0,44.480,44.480,27.639,66.9,-362.5,0.0,0,70237.2990,-1.0000
25.564,1803,1794,Running,14,0,1,99,1,3,1.0000,1794.5,0,44.480,44.480,27.639,72.4,-391.9,0.0,0,117710.1546,-1.0000
25.583,1802,1794,Running,14,0,1,99,1,3,1.0000,1794.5,0,44.480,44.480,27.639,84.2,-456.0,0.0,0,115210.3246,-1.0000
25.597,1799,1769,Running,14,0,1,99,1,3,1.0000,1768.6,0,43.840,43.840,27.241,38.1,-206.5,0.0,0,71991.6854,-1.0000
25.614,1794,1769,Running,14,0,1,99,1,3,1.0000,1768.6,0,43.840,43.840,27.241,87.4,-473.2,0.0,0,70946.3482,-1.0000
25.633,1790,1769,Running,14,0,1,99,1,3,1.0000,1768.6,0,43.840,43.840,27.241,91.2,-493.7,0.0,0,122614.6218,-1.0000
25.647,1787,1769,Running,14,0,1,99,1,3,1.0000,1768.6,0,43.840,43.840,27.241,103.3,-559.4,0.0,0,120554.2854,-1.0000
25.664,1784,1769,Running,14,0,1,99,1,3,1.0000,1768.6,0,43.840,43.840,27.241,12.9,-69.9,0.0,0,93396.1110,-1.0000
25.683,1782,1769,Running,14,0,1,99,1,3,1.0000,1768.6,0,43.840,43.840,27.241,100.6,-544.5,0.0,0,68597.6931,-1.0000
25.697,1780,1769,Running,14,0,1,99,1,3,1.0000,1768.6,0,43.840,43.840,27.241,107.1,-580.1,0.0,0,129272.5479,-1.0000
25.714,1778,1769,Running,14,0,1,99,1,3,1.0000,1768.6,0,43.840,43.840,27.241,118.4,-641.2,0.0,0,130078.4488,-1.0000
25.733,1777,1769,Running,14,0,1,99,1,3,1.0000,1768.6,0,43.840,43.840,27.241,23.8,-128.7,0.0,0,113459.5639,-1.0000
25.747,1775,1769,Running,14,0,1,99,1,3,1.0000,1768.6,0,43.840,43.840,27.241,111.8,-605.6,0.0,0,68197.8745,-1.0000
25.764,1774,1769,Running,15,0,1,99,1,3,1.0000,1768.6,0,43.840,43.840,27.241,119.7,-648.2,0.0,0,131708.1267,-1.0000
25.783,1773,1769,Running,15,0,1,99,1,3,1.0000,1768.6,0,43.840,43.840,27.241,131.1,-709.8,0.0,0,137160.3870,-1.0000
25.797,1773,1769,Running,15,0,1,99,1,3,1.0000,1768.6,0,43.840,43.840,27.241,34.9,-189.1,0.0,0,128940.8117,-1.0000
25.814,1772,1769,Running,15,0,1,99,1,3,1.0000,1768.6,0,43.840,43.840,27.241,118.5,-641.6,0.0,0,69150.9200,-1.0000
25.833,1772,1769,Running,15,0,1,99,1,3,1.0000,1768.6,0,43.840,43.840,27.241,132.1,-715.2,0.0,0,131827.4032,-1.0000
25.847,1771,1769,Running,15,0,1,99,1,3,1.0000,1768.6,0,43.840,43.840,27.241,143.0,-774.2,0.0,0,143177.5466,-1.0000
25.864,1771,1769,Running,15,0,1,99,1,3,1.0000,1768.6,0,43.840,43.840,27.241,48.8,-264.5,0.0,0,144193.2580,-1.0000
25.883,1770,1769,Running,15,0,1,99,1,3,1.0000,1768.6,0,43.840,43.840,27.241,124.3,-673.2,0.0,0,70340.9497,-1.0000
25.897,1770,1769,Running,15,0,1,99,1,3,1.0000,1768.6,0,43.840,43.840,27.241,142.7,-772.7,0.0,0,131368.7576,-1.0000
25.914,1770,1769,Running,15,0,1,99,1,3,1.0000,1768.6,0,43.840,43.840,27.241,153.8,-832.6,0.0,0,148668.3060,-1.0000
25.933,1770,1769,Running,15,0,1,99,1,3,1.0000,1768.6,0,43.840,43.840,27.241,66.2,-358.5,0.0,0,157588.7468,-1.0000
25.947,1770,1769,Running,15,0,1,99,1,3,1.0000,1768.6,0,43.840,43.840,27.241,123.6,-669.4,0.0,0,69008.9995,-1.0000
25.964,1769,1769,Running,15,0,1,99,1,3,1.0000,1768.6,0,43.840,43.840,27.241,152.5,-825.5,0.0,0,130646.0779,-1.0000
25.983,1769,1769,Running,16,0,1,99,1,3,1.0000,1768.6,0,43.840,43.840,27.241,161.4,-874.0,0.0,0,151760.5800,-1.0000
25.997,1769,1769,Running,17,0,1,99,1,3,1.0000,1768.6,0,43.840,43.840,27.241,84.7,-458.8,0.0,0,169527.8423,-1.0000
26.014,1769,1769,Running,17,0,1,99,1,3,1.0000,1768.6,0,43.840,43.840,27.241,119.5,-646.9,0.0,0,62445.7829,-1.0000
26.033,1769,1769,Running,18,0,1,99,1,3,1.0000,1768.6,0,43.840,43.840,27.241,162.7,-881.1,0.0,0,128476.1755,-1.0000
26.048,1769,1769,Running,18,0,1,99,1,3,1.0000,1768.6,0,43.840,43.840,27.241,175.3,-949.2,0.0,0,151018.4595,-1.0000
26.064,1769,1769,Running,18,0,1,99,1,3,1.0000,1768.6,0,43.840,43.840,27.241,119.2,-645.5,0.0,0,184624.3188,-1.0000
26.083,1769,1769,Running,18,0,1,99,1,3,1.0000,1768.6,0,43.840,43.840,27.241,115.1,-623.3,0.0,0,54971.5249,-1.0000
26.097,1769,1769,Running,19,0,1,99,1,3,1.0000,1768.6,0,43.840,43.840,27.241,185.8,-1006.0,0.0,0,135533.1373,-1.0000
26.114,1769,1769,Running,19,0,1,99,1,3,1.0000,1768.6,0,43.840,43.840,27.241,196.5,-1064.0,0.0,0,160214.7559,-1.0000
26.133,1769,1769,Running,19,0,1,99,1,3,1.0000,1768.6,0,43.840,43.840,27.241,159.5,-863.5,0.0,0,185735.4255,-1.0000
26.147,1769,1769,Running,19,0,1,99,1,3,1.0000,1768.6,0,43.840,43.840,27.241,109.2,-591.0,0.0,0,72575.0239,-1.0000
26.164,1769,1769,Running,19,0,1,99,1,3,1.0000,1768.6,0,43.840,43.840,27.241,204.2,-1105.8,0.0,0,146127.6307,-1.0000
26.183,1769,1769,Running,19,0,1,99,1,3,1.0000,1768.6,0,43.840,43.840,27.241,212.9,-1152.6,0.0,0,170547.1154,-1.0000
26.197,1769,1769,Running,19,0,1,99,1,3,1.0000,1768.6,0,43.840,43.840,27.241,193.4,-1047.3,0.0,0,184697.1404,-1.0000
26.216,1769,1769,Running,19,0,1,99,1,3,1.0000,1768.6,0,43.840,43.840,27.241,100.8,-545.9,0.0,0,88128.8558,-1.0000
26.233,1769,1769,Running,19,0,1,99,1,3,1.0000,1768.6,0,43.840,43.840,27.241,220.2,-1192.2,0.0,0,154753.3830,-1.0000
26.247,1769,1769,Running,19,0,1,99,1,3,1.0000,1768.6,0,43.840,43.840,27.241,226.4,-1225.7,0.0,0,178197.7160,-1.0000
26.264,1769,1769,Running,20,0,1,99,1,3,1.0000,1768.6,0,43.840,43.840,27.241,219.9,-1190.5,0.0,0,186798.3744,-1.0000
26.283,1769,1769,Running,20,0,1,99,1,3,1.0000,1768.6,0,43.840,43.840,27.241,96.2,-520.8,0.0,0,96431.6535,-1.0000
26.297,1769,1769,Running,20,0,1,99,1,3,1.0000,1768.6,0,43.840,43.840,27.241,231.5,-1253.3,0.0,0,160917.9040,-1.0000
26.314,1767,1743,Running,20,0,1,99,1,3,1.0000,1739.6,0,43.212,43.120,26.851,270.5,-1464.3,0.0,0,183006.8643,-1.0000
26.333,1763,1740,Running,20,0,1,99,1,3,1.0000,1739.6,0,43.120,43.120,26.794,249.1,-1348.5,0.0,0,185598.7530,-1.0000
26.347,1759,1740,Running,20,0,1,99,1,3,1.0000,1739.6,0,43.120,43.120,26.794,91.5,-495.2,0.0,0,98263.9852,-1.0000
26.364,1756,1740,Running,20,0,1,99,1,3,1.0000,1739.6,0,43.120,43.120,26.794,243.6,-1319.0,0.0,0,161533.9172,-1.0000
26.383,1753,1740,Running,20,0,1,99,1,3,1.0000,1739.6,0,43.120,43.120,26.794,247.3,-1339.0,0.0,0,191461.2589,-1.0000
26.397,1751,1740,Running,20,0,1,99,1,3,1.0000,1739.6,0,43.120,43.120,26.794,258.4,-1399.3,0.0,0,191265.5657,-1.0000
26.414,1750,1740,Running,20,0,1,99,1,3,1.0000,1739.6,0,43.120,43.120,26.794,94.8,-513.0,0.0,0,102345.4415,-1.0000
26.433,1748,1740,Running,20,0,1,99,1,3,1.0000,1739.6,0,43.120,43.120,26.794,252.6,-1367.4,0.0,0,143500.5817,-1.0000
26.447,1747,1740,Running,20,0,1,99,1,3,1.0000,1739.6,0,43.120,43.120,26.794,254.5,-1377.9,0.0,0,188461.0837,-1.0000
26.464,1746,1740,Running,21,0,1,99,1,3,1.0000,1739.6,0,43.120,43.120,26.794,267.1,-1446.3,0.0,0,179417.2611,-1.0000
26.483,1745,1740,Running,22,0,1,99,1,3,1.0000,1739.6,0,43.120,43.120,26.794,100.2,-542.7,0.0,0,146066.4172,-1.0000
26.497,1745,1749,Running,23,0,1,99,1,3,1.0000,1749.3,0,43.360,43.360,26.943,245.3,-1328.1,0.0,0,104789.8315,-1.0000
26.514,1746,1749,Running,24,0,1,99,1,3,1.0000,1749.3,0,43.360,43.360,26.943,263.0,-1424.1,0.0,0,197404.5343,-1.0000
26.533,1746,1749,Running,24,0,1,99,1,3,1.0000,1749.3,0,43.360,43.360,26.943,281.1,-1522.1,0.0,0,194026.7332,-1.0000
26.547,1747,1749,Running,24,0,1,99,1,3,1.0000,1749.3,0,43.360,43.360,26.943,117.6,-636.6,0.0,0,188633.7516,-1.0000
26.564,1747,1749,Running,24,0,1,99,1,3,1.0000,1749.3,0,43.360,43.360,26.943,273.6,-1481.2,0.0,0,98895.4587,-1.0000
26.583,1748,1749,Running,24,0,1,99,1,3,1.0000,1749.3,0,43.360,43.360,26.943,286.0,-1548.3,0.0,0,204367.2695,-1.0000
26.597,1748,1749,Running,25,0,1,99,1,3,1.0000,1749.3,0,43.360,43.360,26.943,301.3,-1631.6,0.0,0,207684.3021,-1.0000
26.614,1748,1749,Running,25,0,1,99,1,3,1.0000,1749.3,0,43.360,43.360,26.943,147.3,-797.7,0.0,0,219601.7955,-1.0000
26.633,1748,1749,Running,25,0,1,99,1,3,1.0000,1749.3,0,43.360,43.360,26.943,273.5,-1481.1,0.0,0,99959.3105,-1.0000
26.647,1748,1749,Running,25,0,1,99,1,3,1.0000,1749.3,0,43.360,43.360,26.943,302.2,-1636.5,0.0,0,205067.8822,-1.0000
26.664,1749,1749,Running,25,0,1,99,1,3,1.0000,1749.3,0,43.360,43.360,26.943,315.1,-1706.2,0.0,0,217081.2706,-1.0000
26.683,1749,1749,Running,25,0,1,99,1,3,1.0000,1749.3,0,43.360,43.360,26.943,191.5,-1036.7,0.0,0,243812.0603,-1.0000
26.697,1749,1749,Running,25,0,1,99,1,3,1.0000,1749.3,0,43.360,43.360,26.943,253.5,-1372.3,0.0,0,93282.4422,-1.0000
26.714,1749,1749,Running,25,0,1,99,1,3,1.0000,1749.3,0,43.360,43.360,26.943,315.7,-1709.5,0.0,0,192959.0894,-1.0000
26.733,1749,1749,Running,25,0,1,99,1,3,1.0000,1749.3,0,43.360,43.360,26.943,326.9,-1769.7,0.0,0,208690.8155,-1.0000
26.747,1749,1749,Running,25,0,1,99,1,3,1.0000,1749.3,0,43.360,43.360,26.943,248.0,-1342.9,0.0,0,252191.1664,-1.0000
26.764,1749,1749,Running,26,0,1,99,1,3,1.0000,1749.3,0,43.360,43.360,26.943,217.7,-1178.7,0.0,0,76980.5694,-1.0000
26.783,1749,1749,Running,26,0,1,99,1,3,1.0000,1749.3,0,43.360,43.360,26.943,324.8,-1758.3,0.0,0,192344.1087,-1.0000
26.797,1749,1749,Running,26,0,1,99,1,3,1.0000,1749.3,0,43.360,43.360,26.943,331.3,-1794.0,0.0,0,213541.6066,-1.0000
26.814,1752,1772,Running,27,0,1,99,1,3,1.0000,1771.9,0,43.920,43.920,27.291,260.2,-1409.1,0.0,0,237777.8091,-1.0000
26.833,1755,1772,Running,27,0,1,99,1,3,1.0000,1771.9,0,43.920,43.920,27.291,178.3,-965.5,0.0,0,111410.7534,-1.0000
26.847,1757,1772,Running,27,0,1,99,1,3,1.0000,1771.9,0,43.920,43.920,27.291,326.4,-1767.2,0.0,0,203772.2302,-1.0000
26.864,1760,1772,Running,27,0,1,99,1,3,1.0000,1771.9,0,43.920,43.920,27.291,333.3,-1804.8,0.0,0,225274.4594,-1.0000
26.883,1761,1772,Running,27,0,1,99,1,3,1.0000,1771.9,0,43.920,43.920,27.291,315.9,-1710.4,0.0,0,237239.6672,-1.0000
26.897,1763,1772,Running,27,0,1,99,1,3,1.0000,1771.9,0,43.920,43.920,27.291,169.1,-915.7,0.0,0,123201.4757,-1.0000
26.914,1764,1772,Running,27,0,1,99,1,3,1.0000,1771.9,0,43.920,43.920,27.291,338.9,-1834.8,0.0,0,208860.6267,-1.0000
26.933,1766,1772,Running,28,0,1,99,1,3,1.0000,1771.9,0,43.920,43.920,27.291,347.5,-1881.3,0.0,0,229530.4125,-1.0000
26.947,1767,1772,Running,28,0,1,99,1,3,1.0000,1771.9,0,43.920,43.920,27.291,337.7,-1828.3,0.0,0,236558.6865,-1.0000
26.964,1767,1772,Running,28,0,1,99,1,3,1.0000,1771.9,0,43.920,43.920,27.291,160.5,-868.9,0.0,0,129419.7903,-1.0000
26.983,1768,1772,Running,28,0,1,99,1,3,1.0000,1771.9,0,43.920,43.920,27.291,352.1,-1906.5,0.0,0,211822.4443,-1.0000
26.997,1769,1772,Running,28,0,1,99,1,3,1.0000,1771.9,0,43.920,43.920,27.291,358.5,-1941.2,0.0,0,232169.9495,-1.0000
27.014,1769,1772,Running,28,0,1,99,1,3,1.0000,1771.9,0,43.920,43.920,27.291,354.5,-1919.3,0.0,0,236153.0636,-1.0000
27.033,1770,1772,Running,28,0,1,99,1,3,1.0000,1771.9,0,43.920,43.920,27.291,156.8,-848.9,0.0,0,132513.7897,-1.0000
27.047,1770,1772,Running,28,0,1,99,1,3,1.0000,1771.9,0,43.920,43.920,27.291,359.9,-1948.4,0.0,0,213278.8739,-1.0000
27.064,1770,1772,Running,28,0,1,99,1,3,1.0000,1771.9,0,43.920,43.920,27.291,362.5,-1962.5,0.0,0,235102.7851,-1.0000
27.083,1770,1772,Running,28,0,1,99,1,3,1.0000,1771.9,0,43.920,43.920,27.291,363.2,-1966.6,0.0,0,236446.0752,-1.0000
27.097,1771,1772,Running,28,0,1,99,1,3,1.0000,1771.9,0,43.920,43.920,27.291,156.9,-849.5,0.0,0,134427.6440,-1.0000
27.114,1771,1772,Running,28,0,1,99,1,3,1.0000,1771.9,0,43.920,43.920,27.291,364.6,-1974.3,0.0,0,214334.3038,-1.0000
27.133,1771,1772,Running,28,0,1,99,1,3,1.0000,1771.9,0,43.920,43.920,27.291,365.1,-1976.6,0.0,0,238024.5348,-1.0000
27.147,1771,1772,Running,28,0,1,99,1,3,1.0000,1771.9,0,43.920,43.920,27.291,374.3,-2026.8,0.0,0,237485.9451,-1.0000
27.164,1771,1772,Running,28,0,1,99,1,3,1.0000,1771.9,0,43.920,43.920,27.291,159.3,-862.5,0.0,0,135417.4632,-1.0000
27.183,1771,1772,Running,28,0,1,99,1,3,1.0000,1771.9,0,43.920,43.920,27.291,367.5,-1989.9,0.0,0,211551.0749,-1.0000
27.197,1771,1772,Running,28,0,1,99,1,3,1.0000,1771.9,0,43.920,43.920,27.291,373.6,-2022.7,0.0,0,238078.3333,-1.0000
27.214,1771,1772,Running,29,0,1,99,1,3,1.0000,1771.9,0,43.920,43.920,27.291,380.6,-2060.9,0.0,0,232734.0103,-1.0000
27.233,1772,1772,Running,29,0,1,99,1,3,1.0000,1771.9,0,43.920,43.920,27.291,160.2,-867.3,0.0,0,148122.9052,-1.0000
27.247,1772,1772,Running,29,0,1,99,1,3,1.0000,1771.9,0,43.920,43.920,27.291,378.6,-2049.6,0.0,0,188844.1605,-1.0000
27.264,1772,1772,Running,29,0,1,99,1,3,1.0000,1771.9,0,43.920,43.920,27.291,379.1,-2052.8,0.0,0,239690.3220,-1.0000
27.283,1772,1772,Running,29,0,1,99,1,3,1.0000,1771.9,0,43.920,43.920,27.291,391.1,-2117.3,0.0,0,232517.2093,-1.0000
27.297,1772,1772,Running,29,0,1,99,1,3,1.0000,1771.9,0,43.920,43.920,27.291,165.7,-897.3,0.0,0,174473.1077,-1.0000
27.314,1772,1772,Running,29,0,1,99,1,3,1.0000,1771.9,0,43.920,43.920,27.291,385.5,-2087.4,0.0,0,163648.9517,-1.0000
27.333,1772,1772,Running,29,0,1,99,1,3,1.0000,1771.9,0,43.920,43.920,27.291,385.8,-2089.1,0.0,0,242117.2420,-1.0000
27.347,1772,1772,Running,29,0,1,99,1,3,1.0000,1771.9,0,43.920,43.920,27.291,394.1,-2133.8,0.0,0,233831.4748,-1.0000
27.364,1772,1772,Running,29,0,1,99,1,3,1.0000,1771.9,0,43.920,43.920,27.291,169.1,-915.6,0.0,0,198346.2926,-1.0000
27.383,1772,1772,Running,29,0,1,99,1,3,1.0000,1771.9,0,43.920,43.920,27.291,384.5,-2081.6,0.0,0,143351.7513,-1.0000
27.397,1772,1772,Running,30,0,1,99,1,3,1.0000,1771.9,0,43.920,43.920,27.291,388.4,-2102.8,0.0,0,242876.9349,-1.0000
27.414,1772,1772,Running,30,0,1,99,1,3,1.0000,1771.9,0,43.920,43.920,27.291,400.5,-2168.2,0.0,0,236256.9467,-1.0000
27.433,1772,1772,Running,30,0,1,99,1,3,1.0000,1771.9,0,43.920,43.920,27.291,175.9,-952.3,0.0,0,219797.5130,-1.0000
27.447,1772,1772,Running,30,0,1,99,1,3,1.0000,1771.9,0,43.920,43.920,27.291,390.5,-2114.2,0.0,0,130291.7651,-1.0000
27.464,1772,1772,Running,30,0,1,99,1,3,1.0000,1771.9,0,43.920,43.920,27.291,399.6,-2163.8,0.0,0,244260.0118,-1.0000
27.483,1772,1772,Running,30,0,1,99,1,3,1.0000,1771.9,0,43.920,43.920,27.291,409.2,-2215.5,0.0,0,239686.6334,-1.0000
27.497,1772,1772,Running,30,0,1,99,1,3,1.0000,1771.9,0,43.920,43.920,27.291,185.1,-1002.3,0.0,0,236609.9200,-1.0000
27.514,1772,1772,Running,30,0,1,99,1,3,1.0000,1771.9,0,43.920,43.920,27.291,394.4,-2135.6,0.0,0,123480.4734,-1.0000
27.533,1772,1772,Running,30,0,1,99,1,3,1.0000,1771.9,0,43.920,43.920,27.291,405.2,-2193.7,0.0,0,243137.5640,-1.0000
27.547,1772,1772,Running,30,0,1,99,1,3,1.0000,1771.9,0,43.920,43.920,27.291,417.9,-2262.8,0.0,0,241914.3906,-1.0000
27.564,1772,1772,Running,30,0,1,99,1,3,1.0000,1771.9,0,43.920,43.920,27.291,197.9,-1071.3,0.0,0,248204.5934,-1.0000
27.583,1775,1808,Running,30,0,1,99,1,3,1.0000,1891.3,0,44.827,46.880,27.854,339.4,-1837.5,0.0,0,119850.6252,-1.0000
27.597,1783,1845,Running,29,0,1,99,1,3,1.0000,1891.3,0,45.739,46.880,28.421,352.1,-1906.6,0.0,0,247104.1419,-1.0000
27.614,1795,1882,Running,29,0,1,99,1,3,1.0000,1891.3,0,46.652,46.880,28.988,352.8,-1910.1,0.0,0,254672.5168,-1.0000
27.633,1810,1891,Running,29,0,1,99,1,3,1.0000,1891.3,0,46.880,46.880,29.130,176.1,-953.4,0.0,0,250087.7113,-1.0000
27.647,1822,1891,Running,29,0,1,99,1,3,1.0000,1891.3,0,46.880,46.880,29.130,397.1,-2150.1,0.0,0,149091.1200,-1.0000
27.664,1833,1891,Running,29,0,1,99,1,3,1.0000,1891.3,0,46.880,46.880,29.130,404.7,-2191.1,0.0,0,274078.1058,-1.0000
27.683,1842,1891,Running,29,0,1,99,1,3,1.0000,1891.3,0,46.880,46.880,29.130,415.4,-2249.1,0.0,0,267645.3513,-1.0000
27.697,1850,1891,Running,29,0,1,99,1,3,1.0000,1891.3,0,46.880,46.880,29.130,191.1,-1034.7,0.0,0,174097.7365,-1.0000
27.714,1856,1891,Running,29,0,1,99,1,3,1.0000,1891.3,0,46.880,46.880,29.130,406.5,-2200.9,0.0,0,222965.8851,-1.0000
27.733,1861,1891,Running,29,0,1,99,1,3,1.0000,1891.3,0,46.880,46.880,29.130,411.0,-2225.3,0.0,0,248375.2171,-1.0000
27.747,1866,1891,Running,27,0,1,99,1,3,1.0000,1891.3,0,46.880,46.880,29.130,404.5,-2190.1,0.0,0,251755.1030,-1.0000
27.764,1870,1891,Running,26,0,1,99,1,3,1.0000,1891.3,0,46.880,46.880,29.130,202.8,-1097.9,0.0,0,149739.4352,-1.0000
27.783,1876,1920,Running,26,0,1,99,1,3,1.0000,1920.3,0,47.600,47.600,29.577,356.6,-1930.6,0.0,0,232736.1894,-1.0000
27.797,1883,1920,Running,24,0,1,99,1,3,1.0000,1920.3,0,47.600,47.600,29.577,385.6,-2087.9,0.0,0,260259.0173,-1.0000
27.814,1889,1920,Running,23,0,1,99,1,3,1.0000,1920.3,0,47.600,47.600,29.577,279.1,-1511.3,0.0,0,307604.2041,-1.0000
27.833,1893,1920,Running,23,0,1,99,1,3,1.0000,1920.3,0,47.600,47.600,29.577,253.1,-1370.3,0.0,0,124522.3801,-1.0000
27.847,1898,1920,Running,22,0,1,99,1,3,1.0000,1920.3,0,47.600,47.600,29.577,351.6,-1903.8,0.0,0,226327.6686,-1.0000
27.864,1901,1920,Running,22,0,1,99,1,3,1.0000,1920.3,0,47.600,47.600,29.577,352.0,-1905.6,0.0,0,232721.1015,-1.0000
27.883,1904,1920,Running,22,0,1,99,1,3,1.0000,1920.3,0,47.600,47.600,29.577,170.1,-920.9,0.0,0,236381.6903,-1.0000
27.897,1907,1920,Running,22,0,1,99,1,3,1.0000,1920.3,0,47.600,47.600,29.577,296.8,-1606.7,0.0,0,112925.3963,-1.0000
27.914,1909,1920,Running,22,0,1,99,1,3,1.0000,1920.3,0,47.600,47.600,29.577,297.4,-1610.0,0.0,0,246649.6702,-1.0000
27.933,1910,1920,Running,21,0,1,99,1,3,1.0000,1920.3,0,47.600,47.600,29.577,296.2,-1603.5,0.0,0,245714.4325,-1.0000
27.947,1912,1920,Running,18,0,1,99,1,3,1.0000,1920.3,0,47.600,47.600,29.577,122.7,-664.2,0.0,0,162408.5343,-1.0000
27.964,1913,1920,Running,15,0,1,99,1,3,1.0000,1920.3,0,47.600,47.600,29.577,275.9,-1493.9,0.0,0,190928.1694,-1.0000
27.983,1916,1933,Running,13,0,1,99,1,3,1.0000,1933.2,0,47.920,47.920,29.776,252.3,-1365.9,0.0,0,217785.3293,-1.0000
27.997,1919,1933,Running,12,0,1,99,1,3,1.0000,1933.2,0,47.920,47.920,29.776,256.7,-1390.1,0.0,0,218543.4801,-1.0000
28.014,1921,1933,Running,11,0,1,99,1,3,1.0000,1933.2,0,47.920,47.920,29.776,113.1,-612.3,0.0,0,120382.7135,-1.0000
28.033,1923,1933,Running,10,0,1,99,1,3,1.0000,1933.2,0,47.920,47.920,29.776,222.4,-1204.3,0.0,0,190654.3145,-1.0000
28.047,1924,1933,Running,9,0,1,99,1,3,1.0000,1933.2,0,47.920,47.920,29.776,211.7,-1146.1,0.0,0,210631.3187,-1.0000
28.064,1926,1933,Running,9,0,1,99,1,3,1.0000,1933.2,0,47.920,47.920,29.776,116.9,-633.1,0.0,0,206401.2486,-1.0000
28.083,1927,1933,Running,9,0,1,99,1,3,1.0000,1933.2,0,47.920,47.920,29.776,148.1,-801.8,0.0,0,59836.2808,-1.0000
28.097,1928,1933,Running,9,0,1,99,1,3,1.0000,1933.2,0,47.920,47.920,29.776,172.4,-933.2,0.0,0,154640.2539,-1.0000
28.114,1929,1933,Running,8,0,1,99,1,3,1.0000,1933.2,0,47.920,47.920,29.776,169.6,-918.5,0.0,0,164754.8429,-1.0000
28.133,1929,1933,Running,7,0,1,99,1,3,1.0000,1933.2,0,47.920,47.920,29.776,54.6,-295.7,0.0,0,125748.5689,-1.0000
28.147,1930,1933,Running,7,0,1,99,1,3,1.0000,1933.2,0,47.920,47.920,29.776,135.5,-733.8,0.0,0,93847.0801,-1.0000
28.164,1930,1933,Running,6,0,1,99,1,3,1.0000,1933.2,0,47.920,47.920,29.776,120.7,-653.6,0.0,0,153802.0227,-1.0000
28.183,1931,1933,Running,6,0,1,99,1,3,1.0000,1933.2,0,47.920,47.920,29.776,115.1,-623.5,0.0,0,128518.1969,-1.0000
28.197,1931,1933,Running,6,0,1,99,1,3,1.0000,1933.2,0,47.920,47.920,29.776,23.1,-124.9,0.0,0,59709.6710,-1.0000
28.214,1932,1933,Running,5,0,1,99,1,3,1.0000,1933.2,0,47.920,47.920,29.776,97.3,-527.0,0.0,0,96198.3033,-1.0000
28.233,1932,1933,Running,5,0,1,99,1,3,1.0000,1933.2,0,47.920,47.920,29.776,89.4,-483.9,0.0,0,120027.7158,-1.0000
28.247,1932,1933,Running,5,0,1,99,1,3,1.0000,1933.2,0,47.920,47.920,29.776,45.9,-248.8,0.0,0,141450.8397,-1.0000
28.264,1932,1933,Running,5,0,1,99,1,3,1.0000,1933.2,0,47.920,47.920,29.776,28.5,-154.3,0.0,0,26896.4529,-1.0000
28.283,1932,1933,Running,5,0,1,99,1,3,1.0000,1933.2,0,47.920,47.920,29.776,51.1,-276.6,0.0,0,65292.2593,-1.0000
28.297,1933,1933,Running,5,0,1,99,1,3,1.0000,1933.2,0,47.920,47.920,29.776,52.9,-286.3,0.0,0,88469.1003,-1.0000
28.314,1933,1933,Running,5,0,1,99,1,3,1.0000,1933.2,0,47.920,47.920,29.776,-8.0,43.3,0.0,0,63987.8674,-1.0000
28.333,1933,1933,Running,4,0,1,99,1,3,1.0000,1933.2,0,47.920,47.920,29.776,35.7,-193.4,0.0,0,36172.6730,-1.0000
28.347,1933,1933,Running,3,0,1,99,1,3,1.0000,1933.2,0,47.920,47.920,29.776,33.4,-180.8,0.0,0,84395.6296,-1.0000
28.364,1933,1933,Running,3,0,1,99,1,3,1.0000,1933.2,0,47.920,47.920,29.776,26.1,-141.4,0.0,0,74072.6170,-1.0000
28.383,1933,1933,Running,2,0,1,99,1,3,1.0000,1933.2,0,47.920,47.920,29.776,-33.1,179.3,0.0,0,24280.2262,-1.0000
28.397,1933,1933,Running,2,0,1,99,1,3,1.0000,1933.2,0,47.920,47.920,29.776,8.1,-43.9,0.0,0,27202.0622,-1.0000
28.414,1933,1933,Running,2,0,1,99,1,3,1.0000,1933.2,0,47.920,47.920,29.776,4.7,-25.7,0.0,0,63870.3846,-1.0000
28.433,1933,1933,Running,2,1,1,99,1,3,1.0000,1933.2,0,47.920,47.920,29.776,-2.5,13.8,0.0,0,66332.6929,-1.0000
28.447,1933,1933,Running,1,1,1,99,1,3,1.0000,1933.2,0,47.920,47.920,29.776,-33.8,183.0,0.0,0,19901.3922,-1.0000
28.464,1933,1933,Running,1,1,1,99,1,3,1.0000,1933.2,0,47.920,47.920,29.776,-7.9,43.0,0.0,0,19544.4390,-1.0000
28.483,1933,1933,Running,1,1,1,99,1,3,1.0000,1933.2,0,47.920,47.920,29.776,-13.8,74.7,0.0,0,44024.7646,-1.0000
28.497,1933,1933,Running,1,1,1,99,1,3,1.0000,1933.2,0,47.920,47.920,29.776,-50.6,274.2,0.0,0,31211.5267,-1.0000
28.514,1933,1933,Running,1,1,1,99,1,3,1.0000,1933.2,0,47.920,47.920,29.776,-28.0,151.5,0.0,0,12084.7729,-1.0000
28.533,1933,1933,Running,1,1,1,99,1,3,1.0000,1933.2,0,47.920,47.920,29.776,-22.6,122.3,0.0,0,23960.2625,-1.0000
28.547,1933,1933,Running,1,1,1,99,1,3,1.0000,1933.2,0,47.920,47.920,29.776,-22.3,120.5,0.0,0,42075.6954,-1.0000
28.564,1933,1933,Running,1,1,1,99,1,3,1.0000,1933.2,0,47.920,47.920,29.776,-55.5,300.6,0.0,0,3513.1260,-1.0000
28.583,1933,1933,Running,1,1,1,99,1,3,1.0000,1933.2,0,47.920,47.920,29.776,-33.2,179.5,0.0,0,3409.8040,-1.0000
28.597,1933,1933,Running,1,1,1,99,1,3,1.0000,1933.2,0,47.920,47.920,29.776,-39.1,211.7,0.0,0,37202.4074,-1.0000
28.614,1933,1933,Running,1,1,1,99,1,3,1.0000,1933.2,0,47.920,47.920,29.776,-39.1,211.7,0.0,0,34517.8262,-1.0000
28.633,1933,1933,Running,2,1,1,99,1,3,1.0000,1933.2,0,47.920,47.920,29.776,-63.1,341.4,0.0,0,10498.2020,-1.0000
28.647,1933,1933,Running,2,1,1,99,1,3,1.0000,1933.2,0,47.920,47.920,29.776,-38.0,205.9,0.0,0,5198.7535,-1.0000
28.664,1933,1933,Running,2,1,1,99,1,3,1.0000,1933.2,0,47.920,47.920,29.776,-40.6,219.7,0.0,0,33584.8406,-1.0000
28.683,1933,1933,Running,2,1,1,99,1,3,1.0000,1933.2,0,47.920,47.920,29.776,-58.5,316.6,0.0,0,37427.3265,-1.0000
28.697,1933,1933,Running,2,1,1,99,1,3,1.0000,1933.2,0,47.920,47.920,29.776,-54.3,293.8,0.0,0,-2172.6969,-1.0000
28.714,1933,1933,Running,2,1,1,99,1,3,1.0000,1933.2,0,47.920,47.920,29.776,-48.4,262.0,0.0,0,-539.1384,-1.0000
28.733,1933,1933,Running,2,1,1,99,1,3,1.0000,1933.2,0,47.920,47.920,29.776,-45.8,247.8,0.0,0,31233.3173,-1.0000
28.747,1933,1933,Running,2,1,1,99,1,3,1.0000,1933.2,0,47.920,47.920,29.776,-67.7,366.5,0.0,0,4887.3784,-1.0000
28.764,1933,1933,Running,2,1,1,99,1,3,1.0000,1933.2,0,47.920,47.920,29.776,-48.7,263.6,0.0,0,16956.9600,-1.0000
28.783,1933,1933,Running,2,1,1,99,1,3,1.0000,1933.2,0,47.920,47.920,29.776,-47.3,256.0,0.0,0,28386.6871,-1.0000
28.797,1931,1903,Running,3,1,1,99,1,3,1.0000,1817.1,0,47.165,45.040,29.307,-7.7,41.5,0.0,0,28760.3699,-1.0000
28.814,1924,1872,Running,3,1,1,99,1,3,1.0000,1817.1,0,46.401,45.040,28.832,-27.9,151.3,0.0,0,786.9131,-1.0000
28.833,1914,1841,Running,3,1,1,99,1,3,1.0000,1817.1,0,45.646,45.040,28.363,-7.2,38.7,0.0,0,-7275.4250,-1.0000
28.847,1900,1817,Running,3,1,1,99,1,3,1.0000,1817.1,0,45.040,45.040,27.987,-17.7,95.6,0.0,0,33084.7477,-1.0000
28.864,1887,1817,Running,4,1,1,99,1,3,1.0000,1817.1,0,45.040,45.040,27.987,-48.0,259.8,0.0,0,28968.8951,-1.0000
28.883,1877,1817,Running,4,1,1,99,1,3,1.0000,1817.1,0,45.040,45.040,27.987,-68.4,370.5,0.0,0,8179.6798,-1.0000
28.897,1867,1817,Running,4,1,1,99,1,3,1.0000,1817.1,0,45.040,45.040,27.987,-45.7,247.3,0.0,0,-6318.8033,-1.0000
28.914,1860,1817,Running,4,1,1,99,1,3,1.0000,1817.1,0,45.040,45.040,27.987,-48.9,264.7,0.0,0,35754.5159,-1.0000
28.933,1853,1817,Running,4,1,1,99,1,3,1.0000,1817.1,0,45.040,45.040,27.987,-45.7,247.3,0.0,0,33999.2794,-1.0000
28.947,1848,1817,Running,4,1,1,99,1,3,1.0000,1817.1,0,45.040,45.040,27.987,-66.9,362.1,0.0,0,12354.6106,-1.0000
28.964,1843,1817,Running,4,1,1,99,1,3,1.0000,1817.1,0,45.040,45.040,27.987,-42.8,231.6,0.0,0,104.1712,-1.0000
28.983,1839,1817,Running,4,1,1,99,1,3,1.0000,1817.1,0,45.040,45.040,27.987,-45.7,247.2,0.0,0,37739.3783,-1.0000
28.997,1833,1787,Running,4,1,1,99,1,3,1.0000,1771.9,0,44.288,43.920,27.519,-1.7,9.1,0.0,0,37491.1906,-1.0000
29.014,1824,1772,Running,4,1,1,99,1,3,1.0000,1771.9,0,43.920,43.920,27.291,-44.5,240.8,0.0,0,12980.5127,-1.0000
29.033,1816,1772,Running,4,1,1,99,1,3,1.0000,1771.9,0,43.920,43.920,27.291,-38.8,210.0,0.0,0,551.3711,-1.0000
29.047,1809,1772,Running,4,1,1,99,1,3,1.0000,1771.9,0,43.920,43.920,27.291,-42.2,228.6,0.0,0,39202.3583,-1.0000
29.064,1804,1772,Running,4,1,1,99,1,3,1.0000,1771.9,0,43.920,43.920,27.291,-39.3,213.1,0.0,0,39261.2189,-1.0000
29.083,1799,1772,Running,4,1,1,99,1,3,1.0000,1771.9,0,43.920,43.920,27.291,-63.6,344.3,0.0,0,15788.5610,-1.0000
29.097,1795,1772,Running,4,1,1,99,1,3,1.0000,1771.9,0,43.920,43.920,27.291,-37.0,200.1,0.0,0,2119.1865,-1.0000
29.114,1791,1772,Running,4,1,1,99,1,3,1.0000,1771.9,0,43.920,43.920,27.291,-40.1,217.0,0.0,0,45062.2448,-1.0000
29.133,1788,1772,Running,4,1,1,99,1,3,1.0000,1771.9,0,43.920,43.920,27.291,-37.1,201.1,0.0,0,42526.4388,-1.0000
29.147,1786,1772,Running,4,1,1,99,1,3,1.0000,1771.9,0,43.920,43.920,27.291,-62.6,338.7,0.0,0,16902.1892,-1.0000
29.164,1784,1772,Running,4,1,1,99,1,3,1.0000,1771.9,0,43.920,43.920,27.291,-35.9,194.6,0.0,0,5952.0379,-1.0000
29.183,1782,1772,Running,4,1,1,99,1,3,1.0000,1771.9,0,43.920,43.920,27.291,-38.4,207.8,0.0,0,48720.7773,-1.0000
29.197,1780,1772,Running,4,1,1,99,1,3,1.0000,1771.9,0,43.920,43.920,27.291,-35.9,194.3,0.0,0,44731.6839,-1.0000
29.214,1779,1772,Running,4,1,1,99,1,3,1.0000,1771.9,0,43.920,43.920,27.291,-62.3,337.5,0.0,0,15300.3807,-1.0000
29.233,1778,1772,Running,4,1,1,99,1,3,1.0000,1771.9,0,43.920,43.920,27.291,-35.9,194.4,0.0,0,13066.8350,-1.0000
29.247,1777,1772,Running,4,1,1,99,1,3,1.0000,1771.9,0,43.920,43.920,27.291,-37.3,201.9,0.0,0,49353.0845,-1.0000
29.264,1776,1772,Running,4,1,1,99,1,3,1.0000,1771.9,0,43.920,43.920,27.291,-35.2,190.3,0.0,0,45758.9424,-1.0000
29.283,1775,1772,Running,4,1,1,99,1,3,1.0000,1771.9,0,43.920,43.920,27.291,-62.4,337.8,0.0,0,12987.7765,-1.0000
29.297,1775,1772,Running,4,1,1,99,1,3,1.0000,1771.9,0,43.920,43.920,27.291,-36.7,198.5,0.0,0,20416.9690,-1.0000
29.314,1774,1772,Running,4,1,1,99,1,3,1.0000,1771.9,0,43.920,43.920,27.291,-36.5,197.9,0.0,0,47232.8161,-1.0000
29.333,1774,1772,Running,4,1,1,99,1,3,1.0000,1771.9,0,43.920,43.920,27.291,-34.1,184.6,0.0,0,46176.7158,-1.0000
29.347,1774,1772,Running,4,1,1,99,1,3,1.0000,1771.9,0,43.920,43.920,27.291,-62.6,339.0,0.0,0,12781.1096,-1.0000
29.364,1773,1772,Running,4,1,1,99,1,3,1.0000,1771.9,0,43.920,43.920,27.291,-37.5,202.9,0.0,0,25810.1964,-1.0000
29.383,1771,1742,Running,4,1,1,99,1,3,1.0000,1665.4,0,43.171,41.280,26.825,5.9,-31.9,0.0,0,42763.1389,-1.0000
29.397,1764,1712,Running,4,1,1,99,1,3,1.0000,1665.4,0,42.424,41.280,26.361,8.7,-47.1,0.0,0,42766.2506,-1.0000
29.414,1753,1681,Running,4,1,1,99,1,3,1.0000,1665.4,0,41.662,41.280,25.888,-22.1,119.5,0.0,0,13156.6360,-1.0000
29.433,1740,1665,Running,4,1,1,99,1,3,1.0000,1665.4,0,41.280,41.280,25.650,-15.7,84.8,0.0,0,31548.8451,-1.0000
29.447,1729,1665,Running,4,1,1,99,1,3,1.0000,1665.4,0,41.280,41.280,25.650,-29.7,160.8,0.0,0,20925.3194,-1.0000
29.464,1719,1665,Running,4,1,1,99,1,3,1.0000,1665.4,0,41.280,41.280,25.650,-25.0,135.6,0.0,0,44097.7320,-1.0000
29.483,1711,1665,Running,4,1,1,99,1,3,1.0000,1665.4,0,41.280,41.280,25.650,-50.5,273.6,0.0,0,53187.9810,-1.0000
29.497,1704,1665,Running,4,1,1,99,1,3,1.0000,1665.4,0,41.280,41.280,25.650,-42.6,230.8,0.0,0,14572.5442,-1.0000
29.514,1698,1665,Running,4,1,1,99,1,3,1.0000,1665.4,0,41.280,41.280,25.650,-30.3,164.2,0.0,0,10994.2360,-1.0000
29.533,1693,1665,Running,4,1,1,99,1,3,1.0000,1665.4,0,41.280,41.280,25.650,-32.4,175.5,0.0,0,39285.0747,-1.0000
29.547,1689,1665,Running,4,1,1,99,1,3,1.0000,1665.4,0,41.280,41.280,25.650,-31.7,171.5,0.0,0,44758.6134,-1.0000
29.564,1685,1665,Running,5,1,1,99,1,3,1.0000,1665.4,0,41.280,41.280,25.650,-57.4,311.0,0.0,0,20808.7263,-1.0000
29.583,1680,1635,Running,5,1,1,99,1,3,1.0000,1607.3,0,40.536,39.840,25.188,17.4,-94.4,0.0,0,10323.0631,-1.0000
29.597,1670,1607,Running,5,1,1,99,1,3,1.0000,1607.3,0,39.840,39.840,24.755,11.5,-62.5,0.0,0,54041.0921,-1.0000
29.614,1661,1607,Running,5,1,1,99,1,3,1.0000,1607.3,0,39.840,39.840,24.755,-26.0,140.8,0.0,0,41566.6535,-1.0000
29.633,1653,1607,Running,5,1,1,99,1,3,1.0000,1607.3,0,39.840,39.840,24.755,-62.3,337.3,0.0,0,18031.4202,-1.0000
29.647,1646,1607,Running,5,1,1,99,1,3,1.0000,1607.3,0,39.840,39.840,24.755,-26.9,145.4,0.0,0,36120.1408,-1.0000
29.664,1640,1607,Running,5,1,1,99,1,3,1.0000,1607.3,0,39.840,39.840,24.755,-17.0,92.3,0.0,0,24007.8010,-1.0000
29.683,1635,1607,Running,6,1,1,99,1,3,1.0000,1607.3,0,39.840,39.840,24.755,-19.6,106.2,0.0,0,48525.0332,-1.0000
29.697,1630,1607,Running,6,1,1,99,1,3,1.0000,1607.3,0,39.840,39.840,24.755,-31.0,167.8,0.0,0,46348.8323,-1.0000
29.714,1627,1607,Running,6,1,1,99,1,3,1.0000,1607.3,0,39.840,39.840,24.755,-54.3,293.9,0.0,0,16184.0647,-1.0000
29.733,1624,1607,Running,6,1,1,99,1,3,1.0000,1607.3,0,39.840,39.840,24.755,-14.5,78.3,0.0,0,13441.4124,-1.0000
29.747,1621,1607,Running,6,1,1,99,1,3,1.0000,1607.3,0,39.840,39.840,24.755,-15.7,84.9,0.0,0,60085.4145,-1.0000
29.764,1619,1607,Running,6,1,1,99,1,3,1.0000,1607.3,0,39.840,39.840,24.755,-16.6,90.1,0.0,0,52878.5356,-1.0000
29.783,1615,1577,Running,6,1,1,99,1,3,1.0000,1558.9,0,39.081,38.640,24.284,-16.9,91.3,0.0,0,20265.7291,-1.0000
29.797,1607,1559,Running,6,1,1,99,1,3,1.0000,1558.9,0,38.640,38.640,24.010,5.2,-28.0,0.0,0,38594.1863,-1.0000
29.814,1600,1559,Running,6,1,1,99,1,3,1.0000,1558.9,0,38.640,38.640,24.010,-5.0,27.0,0.0,0,29620.8184,-1.0000
29.833,1593,1559,Running,6,1,1,99,1,3,1.0000,1558.9,0,38.640,38.640,24.010,-10.6,57.5,0.0,0,50412.5987,-1.0000
29.847,1588,1559,Running,6,1,1,99,1,3,1.0000,1558.9,0,38.640,38.640,24.010,-20.4,110.4,0.0,0,45698.4328,-1.0000
29.864,1584,1559,Running,6,1,1,99,1,3,1.0000,1558.9,0,38.640,38.640,24.010,-48.4,261.9,0.0,0,22274.1443,-1.0000
29.883,1580,1559,Running,6,1,1,99,1,3,1.0000,1558.9,0,38.640,38.640,24.010,-3.0,16.2,0.0,0,22116.2332,-1.0000
29.897,1577,1559,Running,6,1,1,99,1,3,1.0000,1558.9,0,38.640,38.640,24.010,-12.8,69.3,0.0,0,57553.1115,-1.0000
29.914,1574,1559,Running,6,1,1,99,1,3,1.0000,1558.9,0,38.640,38.640,24.010,-7.5,40.6,0.0,0,48183.6907,-1.0000
29.933,1572,1559,Running,6,1,1,99,1,3,1.0000,1558.9,0,38.640,38.640,24.010,-40.1,217.2,0.0,0,57215.5693,-1.0000
29.947,1570,1559,Running,6,1,1,99,1,3,1.0000,1558.9,0,38.640,38.640,24.010,-10.7,57.8,0.0,0,30962.0636,-1.0000
29.964,1566,1529,Running,6,1,1,99,1,3,1.0000,1520.1,0,37.904,37.680,23.553,34.9,-189.0,0.0,0,20738.2514,-1.0000
29.983,1558,1517,Running,7,1,1,99,1,3,1.0000,1516.9,0,37.600,37.600,23.364,12.3,-66.4,0.0,0,48621.5565,-1.0000
29.997,1552,1517,Running,7,1,1,99,1,3,1.0000,1516.9,0,37.600,37.600,23.364,8.7,-47.1,0.0,0,62532.4328,-1.0000
30.014,1547,1517,Running,7,1,1,99,1,3,1.0000,1516.9,0,37.600,37.600,23.364,-50.1,271.4,0.0,0,21723.9121,-1.0000
30.022,1542,1517,Running,7,1,1,99,1,3,1.0000,1516.9,0,37.600,37.600,23.364,-8.3,44.8,0.0,0,39756.0644,-1.0000
30.047,1538,1517,Running,7,1,1,99,1,3,1.0000,1516.9,0,37.600,37.600,23.364,11.4,-61.7,0.0,0,41946.7143,-1.0000
30.064,1535,1517,Running,7,1,1,99,1,3,1.0000,1516.9,0,37.600,37.600,23.364,6.8,-36.8,0.0,0,57032.7912,-1.0000
30.083,1532,1517,Running,7,1,1,99,1,3,1.0000,1516.9,0,37.600,37.600,23.364,-5.1,27.4,0.0,0,51464.3606,-1.0000
30.097,1530,1517,Running,7,1,1,99,1,3,1.0000,1516.9,0,37.600,37.600,23.364,-38.0,205.8,0.0,0,28452.9965,-1.0000
30.114,1528,1517,Running,7,1,1,99,1,3,1.0000,1516.9,0,37.600,37.600,23.364,8.0,-43.3,0.0,0,32707.0884,-1.0000
30.133,1526,1517,Running,7,1,1,99,1,3,1.0000,1516.9,0,37.600,37.600,23.364,-0.5,3.0,0.0,0,52129.7862,-1.0000
30.147,1525,1517,Running,7,1,1,99,1,3,1.0000,1516.9,0,37.600,37.600,23.364,17.2,-92.9,0.0,0,64082.3922,-1.0000
30.164,1524,1517,Running,7,1,1,99,1,3,1.0000,1516.9,0,37.600,37.600,23.364,-10.8,58.7,0.0,0,77724.1595,-1.0000
30.183,1523,1517,Running,7,1,1,99,1,3,1.0000,1516.9,0,37.600,37.600,23.364,-25.7,139.0,0.0,0,7310.5993,-1.0000
30.197,1522,1517,Running,7,1,1,99,1,3,1.0000,1516.9,0,37.600,37.600,23.364,13.0,-70.4,0.0,0,27206.2638,-1.0000
30.214,1521,1517,Running,7,1,1,99,1,3,1.0000,1516.9,0,37.600,37.600,23.364,18.9,-102.5,0.0,0,74459.4293,-1.0000
30.233,1520,1517,Running,7,1,1,99,1,3,1.0000,1516.9,0,37.600,37.600,23.364,13.0,-70.4,0.0,0,57183.2552,-1.0000
30.247,1520,1517,Running,7,1,1,99,1,3,1.0000,1516.9,0,37.600,37.600,23.364,-41.1,222.7,0.0,0,52569.2371,-1.0000
30.264,1519,1517,Running,7,1,1,99,1,3,1.0000,1516.9,0,37.600,37.600,23.364,16.2,-87.7,0.0,0,44080.8937,-1.0000
30.283,1519,1517,Running,8,1,1,99,1,3,1.0000,1516.9,0,37.600,37.600,23.364,15.5,-84.2,0.0,0,32700.7770,-1.0000
30.297,1519,1517,Running,9,1,1,99,1,3,1.0000,1516.9,0,37.600,37.600,23.364,11.8,-63.9,0.0,0,56342.7587,-1.0000
30.300,1516,1488,Running,9,1,1,99,1,3,0.9895,1455.6,0,36.879,36.080,22.916,67.7,-366.4,0.0,0,74923.3074,-1.0000
30.300,1509,1458,Running,9,1,1,99,1,3,0.9895,1455.6,0,36.129,36.080,22.449,1.9,-10.5,0.0,0,27525.6518,-1.0000
30.300,1501,1456,Running,9,1,1,99,1,3,0.9895,1455.6,0,36.080,36.080,22.419,17.6,-95.2,0.0,0,44421.0422,-1.0000
30.300,1494,1456,Running,10,1,1,99,1,3,0.9895,1455.6,0,36.080,36.080,22.419,40.8,-220.7,0.0,0,52218.6531,-1.0000
30.300,1488,1456,Running,10,1,1,99,1,3,0.9895,1455.6,0,36.080,36.080,22.419,25.6,-138.5,0.0,0,51145.0751,-1.0000
30.300,1483,1456,Running,10,1,1,99,1,3,0.9895,1455.6,0,36.080,36.080,22.419,35.1,-190.2,0.0,0,74371.4786,-1.0000
30.416,1479,1456,Running,10,1,1,99,1,3,0.9895,1455.6,0,36.080,36.080,22.419,-27.0,146.4,0.0,0,33946.1434,-1.0000
30.433,1475,1456,Running,10,1,1,99,1,3,0.9895,1455.6,0,36.080,36.080,22.419,26.5,-143.7,0.0,0,44917.5065,-1.0000
30.447,1472,1456,Running,10,1,1,99,1,3,0.9895,1455.6,0,36.080,36.080,22.419,54.9,-297.3,0.0,0,67676.6087,-1.0000
30.453,1470,1456,Running,10,1,1,99,1,3,0.9895,1455.6,0,36.080,36.080,22.419,47.0,-254.7,0.0,0,61283.4018,-1.0000
30.483,1465,1433,Running,11,1,1,99,1,3,0.9812,1433.0,0,35.520,35.520,22.071,75.4,-408.2,0.0,0,77853.1181,-1.0000
30.497,1460,1433,Running,11,1,1,99,1,3,0.9812,1433.0,0,35.520,35.520,22.071,-15.4,83.4,0.0,0,39615.1351,-1.0000
30.514,1456,1433,Running,12,1,1,99,1,3,0.9812,1433.0,0,35.520,35.520,22.071,42.2,-228.7,0.0,0,45823.2145,-1.0000
30.533,1453,1433,Running,12,1,1,99,1,3,0.9812,1433.0,0,35.520,35.520,22.071,72.7,-393.8,0.0,0,77854.6459,-1.0000
30.547,1450,1433,Running,12,1,1,99,1,3,0.9812,1433.0,0,35.520,35.520,22.071,66.5,-360.3,0.0,0,63636.6762,-1.0000
30.564,1447,1433,Running,12,1,1,99,1,3,0.9812,1433.0,0,35.520,35.520,22.071,67.5,-365.6,0.0,0,89462.0177,-1.0000
30.583,1445,1433,Running,12,1,1,99,1,3,0.9812,1433.0,0,35.520,35.520,22.071,-6.9,37.5,0.0,0,47159.6616,-1.0000
30.597,1441,1420,Running,12,1,1,99,1,3,0.9756,1420.1,0,35.200,35.200,21.872,83.6,-452.4,0.0,0,53068.2263,-1.0000
30.614,1438,1420,Running,12,1,1,99,1,3,0.9756,1420.1,0,35.200,35.200,21.872,102.0,-552.1,0.0,0,90398.5946,-1.0000
30.633,1435,1420,Running,12,1,1,99,1,3,0.9756,1420.1,0,35.200,35.200,21.872,88.7,-480.5,0.0,0,66170.7704,-1.0000
30.647,1433,1420,Running,12,1,1,99,1,3,0.9756,1420.1,0,35.200,35.200,21.872,101.1,-547.5,0.0,0,107008.1760,-1.0000
30.664,1431,1420,Running,12,1,1,99,1,3,0.9756,1420.1,0,35.200,35.200,21.872,-1.8,9.8,0.0,0,52421.6358,-1.0000
30.683,1429,1420,Running,12,1,1,99,1,3,0.9756,1420.1,0,35.200,35.200,21.872,90.9,-492.0,0.0,0,62979.7838,-1.0000
30.697,1428,1420,Running,12,1,1,99,1,3,0.9756,1420.1,0,35.200,35.200,21.872,123.2,-667.0,0.0,0,83358.3711,-1.0000
30.714,1427,1420,Running,12,1,1,99,1,3,0.9756,1420.1,0,35.200,35.200,21.872,105.9,-573.5,0.0,0,81571.9361,-1.0000
30.733,1426,1420,Running,12,1,1,99,1,3,0.9756,1420.1,0,35.200,35.200,21.872,130.1,-704.6,0.0,0,121297.2793,-1.0000
30.747,1425,1420,Running,12,1,1,99,1,3,0.9756,1420.1,0,35.200,35.200,21.872,0.6,-3.2,0.0,0,56486.8293,-1.0000
30.764,1424,1420,Running,12,1,1,99,1,3,0.9756,1420.1,0,35.200,35.200,21.872,113.0,-611.7,0.0,0,69927.0441,-1.0000
30.783,1423,1420,Running,13,1,1,99,1,3,0.9756,1420.1,0,35.200,35.200,21.872,134.1,-726.0,0.0,0,70999.5878,-1.0000
30.797,1421,1394,Running,13,1,1,99,1,3,0.9625,1394.3,0,34.560,34.560,21.475,155.0,-839.4,0.0,0,96350.1411,-1.0000
30.814,1417,1394,Running,13,1,1,99,1,3,0.9625,1394.3,0,34.560,34.560,21.475,152.6,-826.3,0.0,0,109335.4863,-1.0000
30.833,1413,1394,Running,13,1,1,99,1,3,0.9625,1394.3,0,34.560,34.560,21.475,3.0,-16.1,0.0,0,77723.4610,-1.0000
30.847,1410,1394,Running,13,1,1,99,1,3,0.9625,1394.3,0,34.560,34.560,21.475,138.0,-747.2,0.0,0,69404.2601,-1.0000
30.864,1408,1394,Running,13,1,1,99,1,3,0.9625,1394.3,0,34.560,34.560,21.475,130.9,-708.9,0.0,0,50873.9712,-1.0000
30.883,1406,1394,Running,13,1,1,99,1,3,0.9625,1394.3,0,34.560,34.560,21.475,149.5,-809.6,0.0,0,120995.6802,-1.0000
30.897,1404,1394,Running,13,1,1,99,1,3,0.9625,1394.3,0,34.560,34.560,21.475,149.2,-807.6,0.0,0,82262.6943,-1.0000
30.914,1401,1381,Running,13,1,1,99,1,3,0.9551,1381.3,0,34.240,34.240,21.276,54.9,-297.2,0.0,0,124034.1285,-1.0000
30.933,1398,1381,Running,13,1,1,99,1,3,0.9551,1381.3,0,34.240,34.240,21.276,122.4,-662.8,0.0,0,18476.6157,-1.0000
30.947,1395,1381,Running,13,1,1,99,1,3,0.9551,1381.3,0,34.240,34.240,21.276,143.1,-775.1,0.0,0,76363.9465,-1.0000
30.964,1393,1381,Running,13,1,1,99,1,3,0.9551,1381.3,0,34.240,34.240,21.276,165.3,-895.0,0.0,0,104591.6213,-1.0000
30.983,1391,1381,Running,13,1,1,99,1,3,0.9551,1381.3,0,34.240,34.240,21.276,151.2,-818.6,0.0,0,101628.5235,-1.0000
30.997,1390,1381,Running,13,1,1,99,1,3,0.9551,1381.3,0,34.240,34.240,21.276,116.7,-631.7,0.0,0,133696.7705,-1.0000
31.014,1389,1381,Running,13,1,1,99,1,3,0.9551,1381.3,0,34.240,34.240,21.276,56.7,-306.9,0.0,0,4233.6457,-1.0000
31.033,1387,1381,Running,13,1,1,99,1,3,0.9551,1381.3,0,34.240,34.240,21.276,178.6,-967.1,0.0,0,87970.9844,-1.0000
31.047,1387,1381,Running,13,1,1,99,1,3,0.9551,1381.3,0,34.240,34.240,21.276,147.4,-798.2,0.0,0,94460.4486,-1.0000
31.064,1386,1381,Running,13,1,1,99,1,3,0.9551,1381.3,0,34.240,34.240,21.276,188.1,-1018.3,0.0,0,130271.8695,-1.0000
31.083,1385,1381,Running,13,1,1,99,1,3,0.9551,1381.3,0,34.240,34.240,21.276,146.8,-795.1,0.0,0,82437.5182,-1.0000
31.097,1384,1381,Running,14,1,1,99,1,3,0.9551,1381.3,0,34.240,34.240,21.276,36.8,-199.2,0.0,0,55960.5777,-1.0000
31.114,1384,1381,Running,14,1,1,99,1,3,0.9551,1381.3,0,34.240,34.240,21.276,166.9,-903.7,0.0,0,60000.9652,-1.0000
31.133,1382,1362,Running,14,1,1,99,1,3,0.9430,1362.0,0,33.760,33.760,20.977,196.3,-1062.7,0.0,0,124668.5068,-1.0000
31.147,1379,1362,Running,14,1,1,99,1,3,0.9430,1362.0,0,33.760,33.760,20.977,188.6,-1021.3,0.0,0,85046.3154,-1.0000
31.164,1376,1362,Running,14,1,1,99,1,3,0.9430,1362.0,0,33.760,33.760,20.977,173.4,-938.8,0.0,0,121245.1348,-1.0000
31.183,1374,1362,Running,14,1,1,99,1,3,0.9430,1362.0,0,33.760,33.760,20.977,34.0,-184.1,0.0,0,63263.9410,-1.0000
31.197,1372,1362,Running,14,1,1,99,1,3,0.9430,1362.0,0,33.760,33.760,20.977,166.2,-900.0,0.0,0,70459.9355,-1.0000
31.214,1371,1362,Running,14,1,1,99,1,3,0.9430,1362.0,0,33.760,33.760,20.977,193.1,-1045.3,0.0,0,76253.1877,-1.0000
31.233,1369,1362,Running,14,1,1,99,1,3,0.9430,1362.0,0,33.760,33.760,20.977,175.5,-950.1,0.0,0,112362.5641,-1.0000
31.247,1368,1362,Running,14,1,1,99,1,3,0.9430,1362.0,0,33.760,33.760,20.977,204.0,-1104.8,0.0,0,100375.4608,-1.0000
31.264,1367,1362,Running,14,1,1,99,1,3,0.9430,1362.0,0,33.760,33.760,20.977,37.7,-204.0,0.0,0,115236.6298,-1.0000
31.283,1366,1362,Running,14,1,1,99,1,3,0.9430,1362.0,0,33.760,33.760,20.977,174.2,-943.2,0.0,0,31513.2900,-1.0000
31.297,1366,1362,Running,14,1,1,99,1,3,0.9430,1362.0,0,33.760,33.760,20.977,174.9,-947.2,0.0,0,77880.8910,-1.0000
31.308,1365,1362,Running,14,1,1,99,1,3,0.9430,1362.0,0,33.760,33.760,20.977,204.6,-1107.7,0.0,0,112755.9551,-1.0000
31.333,1365,1362,Running,14,1,1,99,1,3,0.9430,1362.0,0,33.760,33.760,20.977,183.4,-993.2,0.0,0,103957.2626,-1.0000
31.347,1364,1362,Running,14,1,1,99,1,3,0.9430,1362.0,0,33.760,33.760,20.977,145.9,-789.8,0.0,0,138949.9911,-1.0000
31.364,1364,1362,Running,14,1,1,99,1,3,0.9430,1362.0,0,33.760,33.760,20.977,73.3,-397.0,0.0,0,2480.9276,-1.0000
31.383,1364,1362,Running,14,1,1,99,1,3,0.9430,1362.0,0,33.760,33.760,20.977,210.7,-1140.7,0.0,0,84932.9797,-1.0000
31.397,1363,1362,Running,14,1,1,99,1,3,0.9430,1362.0,0,33.760,33.760,20.977,173.6,-940.1,0.0,0,105246.2543,-1.0000
31.414,1363,1362,Running,13,1,1,99,1,3,0.9430,1362.0,0,33.760,33.760,20.977,222.3,-1203.6,0.0,0,123189.8995,-1.0000
31.433,1432,1990,Running,13,1,1,99,1,2,1.0000,1990.3,0,33.120,33.120,20.580,-739.4,5963.3,0.0,0,176338.4281,-1.0000
31.447,1518,1990,Running,13,1,1,99,1,2,1.0000,1985.5,0,33.120,33.040,20.580,54.0,-435.9,0.0,0,127080.1699,-1.0000
31.464,1590,1990,Running,13,1,1,99,1,2,1.0000,1985.5,0,33.120,33.040,20.580,134.4,-1084.1,0.0,0,163561.9984,-1.0000
31.483,1652,1990,Running,13,1,1,99,1,2,1.0000,1985.5,0,33.120,33.040,20.580,158.1,-1274.7,0.0,0,187320.5263,-1.0000
31.497,1704,1990,Running,13,1,1,99,1,2,1.0000,1985.5,0,33.120,33.040,20.580,57.1,-460.5,0.0,0,163408.7609,-1.0000
31.514,1748,1990,Running,13,1,1,99,1,2,1.0000,1985.5,0,33.120,33.040,20.580,139.1,-1122.0,0.0,0,121741.7940,-1.0000
31.533,1785,1990,Running,13,1,1,99,1,2,1.0000,1985.5,0,33.120,33.040,20.580,133.6,-1077.9,0.0,0,185839.1894,-1.0000
31.547,1817,1990,Running,13,1,1,99,1,2,1.0000,1985.5,0,33.120,33.040,20.580,140.4,-1132.6,0.0,0,166018.2834,-1.0000
31.564,1843,1990,Running,13,1,1,99,1,2,1.0000,1985.5,0,33.120,33.040,20.580,46.3,-373.6,0.0,0,101079.2063,-1.0000
31.583,1866,1990,Running,13,1,1,99,1,2,1.0000,1985.5,0,33.120,33.040,20.580,127.9,-1031.3,0.0,0,152317.4295,-1.0000
31.597,1885,1990,Running,13,1,1,99,1,2,1.0000,1985.5,0,33.120,33.040,20.580,126.1,-1016.8,0.0,0,180468.2298,-1.0000
31.614,1901,1990,Running,13,1,1,99,1,2,1.0000,1985.5,0,33.120,33.040,20.580,48.9,-394.6,0.0,0,154401.2345,-1.0000
31.633,1912,1966,Running,12,1,1,99,1,2,1.0000,1966.3,0,32.720,32.720,20.331,138.3,-1115.6,0.0,0,65970.2558,-1.0000
31.647,1921,1966,Running,12,1,1,99,1,2,1.0000,1966.3,0,32.720,32.720,20.331,121.3,-978.3,0.0,0,149670.9868,-1.0000
31.664,1928,1966,Running,11,1,1,99,1,2,1.0000,1966.3,0,32.720,32.720,20.331,122.0,-983.9,0.0,0,163014.8019,-1.0000
31.683,1934,1966,Running,11,1,1,99,1,2,1.0000,1966.3,0,32.720,32.720,20.331,24.3,-196.2,0.0,0,97972.0673,-1.0000
31.697,1939,1966,Running,11,1,1,99,1,2,1.0000,1966.3,0,32.720,32.720,20.331,100.5,-810.7,0.0,0,107268.7670,-1.0000
31.714,1943,1966,Running,11,1,1,99,1,2,1.0000,1966.3,0,32.720,32.720,20.331,101.2,-816.0,0.0,0,140776.2702,-1.0000
31.733,1946,1966,Running,11,1,1,99,1,2,1.0000,1966.3,0,32.720,32.720,20.331,94.3,-760.9,0.0,0,148668.2772,-1.0000
31.747,1950,1966,Running,11,1,1,99,1,2,1.0000,1966.3,0,32.720,32.720,20.331,29.7,-239.9,0.0,0,82993.4124,-1.0000
31.764,1952,1966,Running,11,1,1,99,1,2,1.0000,1966.3,0,32.720,32.720,20.331,88.8,-716.0,0.0,0,122495.0026,-1.0000
31.783,1954,1966,Running,11,1,1,99,1,2,1.0000,1966.3,0,32.720,32.720,20.331,86.2,-695.0,0.0,0,125111.7690,-1.0000
31.797,1956,1966,Running,11,1,1,99,1,2,1.0000,1966.3,0,32.720,32.720,20.331,19.0,-153.0,0.0,0,115039.6422,-1.0000
31.814,1958,1966,Running,11,1,1,99,1,2,1.0000,1966.3,0,32.720,32.720,20.331,75.5,-608.6,0.0,0,58051.1892,-1.0000
31.833,1957,1947,Running,11,1,1,99,1,2,1.0000,1947.1,0,32.400,32.400,20.132,108.9,-878.2,0.0,0,128379.4714,-1.0000
31.847,1955,1947,Running,11,1,1,99,1,2,1.0000,1947.1,0,32.400,32.400,20.132,85.0,-685.2,0.0,0,135509.7693,-1.0000
31.864,1954,1947,Running,10,1,1,99,1,2,1.0000,1947.1,0,32.400,32.400,20.132,1.3,-10.6,0.0,0,64271.0178,-1.0000
31.883,1953,1947,Running,10,1,1,99,1,2,1.0000,1947.1,0,32.400,32.400,20.132,67.5,-544.7,0.0,0,82048.9795,-1.0000
31.889,1952,1947,Running,10,1,1,99,1,2,1.0000,1947.1,0,32.400,32.400,20.132,69.6,-561.0,0.0,0,117585.9696,-1.0000
31.914,1951,1947,Running,10,1,1,99,1,2,1.0000,1947.1,0,32.400,32.400,20.132,65.1,-525.4,0.0,0,124763.5134,-1.0000
31.933,1948,1928,Running,10,1,1,99,1,2,1.0000,1927.8,0,32.080,32.080,19.934,37.0,-298.6,0.0,0,64590.2093,-1.0000
31.947,1945,1928,Running,10,1,1,99,1,2,1.0000,1927.8,0,32.080,32.080,19.934,66.2,-533.8,0.0,0,94758.9643,-1.0000
31.964,1942,1928,Running,10,1,1,99,1,2,1.0000,1927.8,0,32.080,32.080,19.934,65.0,-524.1,0.0,0,112986.8830,-1.0000
31.983,1940,1928,Running,10,1,1,99,1,2,1.0000,1927.8,0,32.080,32.080,19.934,6.0,-48.8,0.0,0,105018.2242,-1.0000
31.997,1938,1928,Running,10,1,1,99,1,2,1.0000,1927.8,0,32.080,32.080,19.934,42.8,-345.1,0.0,0,42701.6226,-1.0000
32.014,1937,1928,Running,10,1,1,99,1,2,1.0000,1927.8,0,32.080,32.080,19.934,60.4,-487.5,0.0,0,91485.3700,-1.0000
32.033,1935,1928,Running,10,1,1,99,1,2,1.0000,1927.8,0,32.080,32.080,19.934,67.2,-542.4,0.0,0,112360.6616,-1.0000
32.047,1934,1928,Running,10,1,1,99,1,2,1.0000,1927.8,0,32.080,32.080,19.934,-2.9,23.1,0.0,0,77214.2383,-1.0000
32.064,1933,1928,Running,10,1,1,99,1,2,1.0000,1927.8,0,32.080,32.080,19.934,56.9,-459.2,0.0,0,69247.9646,-1.0000
32.083,1932,1928,Running,10,1,1,99,1,2,1.0000,1927.8,0,32.080,32.080,19.934,52.2,-420.8,0.0,0,111656.6725,-1.0000
32.097,1932,1928,Running,10,1,1,99,1,2,1.0000,1927.8,0,32.080,32.080,19.934,54.5,-439.2,0.0,0,104113.4227,-1.0000
32.114,1931,1928,Running,10,1,1,99,1,2,1.0000,1927.8,0,32.080,32.080,19.934,-10.1,81.7,0.0,0,51996.6133,-1.0000
32.133,1927,1887,Running,10,1,1,99,1,2,1.0000,1874.9,0,31.404,31.200,19.514,111.5,-899.3,0.0,0,77213.7915,-1.0000
32.147,1919,1870,Running,10,1,1,99,1,2,1.0000,1870.1,0,31.120,31.120,19.337,82.2,-663.3,0.0,0,101744.4303,-1.0000
32.164,1912,1870,Running,10,1,1,99,1,2,1.0000,1870.1,0,31.120,31.120,19.337,47.4,-382.2,0.0,0,110724.3297,-1.0000
32.183,1905,1870,Running,10,1,1,99,1,2,1.0000,1870.1,0,31.120,31.120,19.337,3.7,-29.9,0.0,0,50674.0844,-1.0000
32.197,1900,1870,Running,10,1,1,99,1,2,1.0000,1870.1,0,31.120,31.120,19.337,55.7,-449.1,0.0,0,78086.3346,-1.0000
32.214,1895,1870,Running,10,1,1,99,1,2,1.0000,1870.1,0,31.120,31.120,19.337,58.2,-469.1,0.0,0,104929.7546,-1.0000
32.233,1891,1870,Running,10,1,1,99,1,2,1.0000,1870.1,0,31.120,31.120,19.337,15.0,-121.3,0.0,0,116592.8080,-1.0000
32.247,1888,1870,Running,10,1,1,99,1,2,1.0000,1870.1,0,31.120,31.120,19.337,26.1,-210.7,0.0,0,35085.2620,-1.0000
32.264,1885,1870,Running,10,1,1,99,1,2,1.0000,1870.1,0,31.120,31.120,19.337,50.8,-409.6,0.0,0,73309.5356,-1.0000
32.283,1883,1870,Running,10,1,1,99,1,2,1.0000,1870.1,0,31.120,31.120,19.337,57.4,-462.7,0.0,0,99628.9877,-1.0000
32.297,1881,1870,Running,10,1,1,99,1,2,1.0000,1870.1,0,31.120,31.120,19.337,-3.1,24.9,0.0,0,92012.0338,-1.0000
32.314,1879,1870,Running,10,1,1,99,1,2,1.0000,1870.1,0,31.120,31.120,19.337,44.3,-356.9,0.0,0,46390.2385,-1.0000
32.333,1878,1870,Running,10,1,1,99,1,2,1.0000,1870.1,0,31.120,31.120,19.337,55.3,-445.8,0.0,0,88079.1962,-1.0000
32.347,1877,1870,Running,10,1,1,99,1,2,1.0000,1870.1,0,31.120,31.120,19.337,61.9,-499.4,0.0,0,104625.8191,-1.0000
32.364,1876,1870,Running,10,1,1,99,1,2,1.0000,1870.1,0,31.120,31.120,19.337,-6.2,50.1,0.0,0,77175.8490,-1.0000
32.383,1875,1870,Running,10,1,1,99,1,2,1.0000,1870.1,0,31.120,31.120,19.337,52.6,-424.4,0.0,0,56267.5526,-1.0000
32.397,1874,1870,Running,10,1,1,99,1,2,1.0000,1870.1,0,31.120,31.120,19.337,54.8,-442.4,0.0,0,108893.4911,-1.0000
32.414,1874,1870,Running,10,1,1,99,1,2,1.0000,1870.1,0,31.120,31.120,19.337,60.0,-484.3,0.0,0,109303.2501,-1.0000
32.433,1873,1870,Running,10,1,1,99,1,2,1.0000,1870.1,0,31.120,31.120,19.337,-10.1,81.5,0.0,0,54149.3809,-1.0000
32.447,1873,1870,Running,10,1,1,99,1,2,1.0000,1870.1,0,31.120,31.120,19.337,52.1,-420.6,0.0,0,66622.8744,-1.0000
32.464,1872,1870,Running,10,1,1,99,1,2,1.0000,1870.1,0,31.120,31.120,19.337,50.5,-407.1,0.0,0,107896.4718,-1.0000
32.483,1872,1870,Running,10,1,1,99,1,2,1.0000,1870.1,0,31.120,31.120,19.337,55.1,-444.7,0.0,0,102768.2295,-1.0000
32.497,1872,1870,Running,10,1,1,99,1,2,1.0000,1870.1,0,31.120,31.120,19.337,-11.8,94.9,0.0,0,50652.7819,-1.0000
32.514,1868,1829,Running,10,1,1,99,1,2,1.0000,1822.1,0,30.444,30.320,18.917,110.3,-889.3,0.0,0,71434.3936,-1.0000
32.533,1861,1822,Running,10,1,1,99,1,2,1.0000,1822.1,0,30.320,30.320,18.840,66.3,-535.0,0.0,0,99469.1795,-1.0000
32.547,1855,1822,Running,10,1,1,99,1,2,1.0000,1822.1,0,30.320,30.320,18.840,56.3,-453.9,0.0,0,101730.3303,-1.0000
32.564,1850,1822,Running,10,1,1,99,1,2,1.0000,1822.1,0,30.320,30.320,18.840,-8.6,69.3,0.0,0,48870.0364,-1.0000
32.583,1846,1822,Running,10,1,1,99,1,2,1.0000,1822.1,0,30.320,30.320,18.840,54.9,-442.4,0.0,0,70515.3958,-1.0000
32.597,1842,1822,Running,10,1,1,99,1,2,1.0000,1822.1,0,30.320,30.320,18.840,54.4,-438.6,0.0,0,97618.3277,-1.0000
32.614,1839,1822,Running,10,1,1,99,1,2,1.0000,1822.1,0,30.320,30.320,18.840,49.8,-402.0,0.0,0,103276.5430,-1.0000
32.633,1836,1822,Running,10,1,1,99,1,2,1.0000,1822.1,0,30.320,30.320,18.840,-6.5,52.6,0.0,0,48233.4513,-1.0000
32.647,1834,1822,Running,10,1,1,99,1,2,1.0000,1822.1,0,30.320,30.320,18.840,52.8,-425.5,0.0,0,70501.3041,-1.0000
32.664,1832,1822,Running,10,1,1,99,1,2,1.0000,1822.1,0,30.320,30.320,18.840,53.2,-429.0,0.0,0,96146.8308,-1.0000
32.683,1831,1822,Running,10,1,1,99,1,2,1.0000,1822.1,0,30.320,30.320,18.840,40.9,-330.2,0.0,0,104868.5827,-1.0000
32.697,1826,1779,Running,10,1,1,99,1,2,1.0000,1774.0,0,29.607,29.520,18.397,56.3,-454.2,0.0,0,43427.1657,-1.0000
32.714,1818,1774,Running,10,1,1,99,1,2,1.0000,1774.0,0,29.520,29.520,18.343,59.0,-475.5,0.0,0,63193.5410,-1.0000
32.733,1811,1774,Running,10,1,1,99,1,2,1.0000,1774.0,0,29.520,29.520,18.343,52.4,-422.9,0.0,0,88567.2790,-1.0000
32.747,1806,1774,Running,10,1,1,99,1,2,1.0000,1774.0,0,29.520,29.520,18.343,43.7,-352.1,0.0,0,96629.8414,-1.0000
32.764,1801,1774,Running,10,1,1,99,1,2,1.0000,1774.0,0,29.520,29.520,18.343,-7.6,61.2,0.0,0,41572.2945,-1.0000
32.783,1797,1774,Running,10,1,1,99,1,2,1.0000,1774.0,0,29.520,29.520,18.343,51.2,-412.6,0.0,0,63899.6553,-1.0000
32.797,1793,1774,Running,10,1,1,99,1,2,1.0000,1774.0,0,29.520,29.520,18.343,51.8,-418.1,0.0,0,90994.4430,-1.0000
32.814,1790,1774,Running,10,1,1,99,1,2,1.0000,1774.0,0,29.520,29.520,18.343,49.3,-397.3,0.0,0,96825.2640,-1.0000
32.833,1788,1774,Running,10,1,1,99,1,2,1.0000,1774.0,0,29.520,29.520,18.343,-11.0,88.7,0.0,0,44287.5705,-1.0000
32.847,1786,1774,Running,10,1,1,99,1,2,1.0000,1774.0,0,29.520,29.520,18.343,52.6,-424.1,0.0,0,65080.5493,-1.0000
32.864,1784,1774,Running,10,1,1,99,1,2,1.0000,1774.0,0,29.520,29.520,18.343,52.4,-422.9,0.0,0,93898.8817,-1.0000
32.883,1782,1774,Running,10,1,1,99,1,2,1.0000,1774.0,0,29.520,29.520,18.343,53.6,-432.5,0.0,0,97791.5474,-1.0000
32.897,1778,1731,Running,10,1,1,99,1,2,1.0000,1721.1,0,28.801,28.640,17.896,47.0,-379.3,0.0,0,44556.2799,-1.0000
32.914,1769,1721,Running,10,1,1,99,1,2,1.0000,1721.1,0,28.640,28.640,17.796,71.5,-576.6,0.0,0,59875.9932,-1.0000
32.933,1762,1721,Running,10,1,1,99,1,2,1.0000,1721.1,0,28.640,28.640,17.796,58.2,-469.8,0.0,0,97259.1730,-1.0000
32.947,1755,1721,Running,10,1,1,99,1,2,1.0000,1721.1,0,28.640,28.640,17.796,63.0,-508.1,0.0,0,96591.2638,-1.0000
32.964,1750,1721,Running,10,1,1,99,1,2,1.0000,1721.1,0,28.640,28.640,17.796,-10.5,84.6,0.0,0,43326.7513,-1.0000
32.983,1746,1721,Running,10,1,1,99,1,2,1.0000,1721.1,0,28.640,28.640,17.796,58.1,-468.4,0.0,0,59664.7825,-1.0000
32.997,1742,1721,Running,10,1,1,99,1,2,1.0000,1721.1,0,28.640,28.640,17.796,56.5,-455.9,0.0,0,95408.9080,-1.0000
33.014,1739,1721,Running,10,1,1,99,1,2,1.0000,1721.1,0,28.640,28.640,17.796,62.5,-504.2,0.0,0,89000.8851,-1.0000
33.033,1736,1721,Running,10,1,1,99,1,2,1.0000,1721.1,0,28.640,28.640,17.796,-12.0,96.9,0.0,0,61260.0082,-1.0000
33.047,1734,1721,Running,10,1,1,99,1,2,1.0000,1721.1,0,28.640,28.640,17.796,54.5,-439.4,0.0,0,49177.4332,-1.0000
33.064,1732,1721,Running,10,1,1,99,1,2,1.0000,1721.1,0,28.640,28.640,17.796,58.9,-475.1,0.0,0,88933.1074,-1.0000
33.083,1727,1681,Running,11,1,1,99,1,2,1.0000,1673.0,0,27.972,27.840,17.381,122.0,-983.6,0.0,0,94555.9666,-1.0000
33.097,1719,1673,Running,11,1,1,99,1,2,1.0000,1673.0,0,27.840,27.840,17.299,12.9,-104.4,0.0,0,91342.4428,-1.0000
33.114,1712,1673,Running,11,1,1,99,1,2,1.0000,1673.0,0,27.840,27.840,17.299,57.5,-463.5,0.0,0,48597.2089,-1.0000
33.133,1706,1673,Running,11,1,1,99,1,2,1.0000,1673.0,0,27.840,27.840,17.299,71.5,-576.3,0.0,0,72984.2679,-1.0000
33.147,1701,1673,Running,11,1,1,99,1,2,1.0000,1673.0,0,27.840,27.840,17.299,73.0,-588.6,0.0,0,86478.2290,-1.0000
33.164,1696,1673,Running,11,1,1,99,1,2,1.0000,1673.0,0,27.840,27.840,17.299,49.3,-397.9,0.0,0,95209.9317,-1.0000
33.183,1693,1673,Running,11,1,1,99,1,2,1.0000,1673.0,0,27.840,27.840,17.299,6.2,-50.1,0.0,0,33456.3860,-1.0000
33.197,1690,1673,Running,11,1,1,99,1,2,1.0000,1673.0,0,27.840,27.840,17.299,69.9,-564.0,0.0,0,66673.4018,-1.0000
33.214,1687,1673,Running,11,1,1,99,1,2,1.0000,1673.0,0,27.840,27.840,17.299,74.2,-598.4,0.0,0,100292.6140,-1.0000
33.233,1685,1673,Running,11,1,1,99,1,2,1.0000,1673.0,0,27.840,27.840,17.299,82.9,-668.3,0.0,0,107034.3284,-1.0000
33.247,1683,1673,Running,11,1,1,99,1,2,1.0000,1673.0,0,27.840,27.840,17.299,1.0,-8.3,0.0,0,49983.9710,-1.0000
33.264,1682,1673,Running,11,1,1,99,1,2,1.0000,1673.0,0,27.840,27.840,17.299,78.4,-632.7,0.0,0,63977.0270,-1.0000
33.283,1677,1633,Running,11,1,1,99,1,2,1.0000,1629.8,0,27.177,27.120,16.887,130.3,-1051.0,0.0,0,95797.2761,-1.0000
33.297,1670,1630,Running,12,1,1,99,1,2,1.0000,1629.8,0,27.120,27.120,16.852,88.5,-713.8,0.0,0,91641.1060,-1.0000
33.314,1664,1630,Running,12,1,1,99,1,2,1.0000,1629.8,0,27.120,27.120,16.852,3.5,-27.8,0.0,0,91209.1973,-1.0000
33.333,1658,1630,Running,12,1,1,99,1,2,1.0000,1629.8,0,27.120,27.120,16.852,77.5,-625.4,0.0,0,56251.6981,-1.0000
33.347,1654,1630,Running,12,1,1,99,1,2,1.0000,1629.8,0,27.120,27.120,16.852,93.1,-751.1,0.0,0,83830.6002,-1.0000
33.364,1650,1630,Running,12,1,1,99,1,2,1.0000,1629.8,0,27.120,27.120,16.852,92.1,-742.4,0.0,0,85704.4414,-1.0000
33.383,1647,1630,Running,12,1,1,99,1,2,1.0000,1629.8,0,27.120,27.120,16.852,75.0,-605.2,0.0,0,99203.5532,-1.0000
33.397,1644,1630,Running,12,1,1,99,1,2,1.0000,1629.8,0,27.120,27.120,16.852,7.7,-62.5,0.0,0,41874.8406,-1.0000
33.414,1642,1630,Running,12,1,1,99,1,2,1.0000,1629.8,0,27.120,27.120,16.852,96.5,-778.0,0.0,0,77024.1189,-1.0000
33.433,1640,1630,Running,12,1,1,99,1,2,1.0000,1629.8,0,27.120,27.120,16.852,102.7,-828.2,0.0,0,118804.1585,-1.0000
33.447,1639,1630,Running,12,1,1,99,1,2,1.0000,1629.8,0,27.120,27.120,16.852,104.6,-843.3,0.0,0,99161.6432,-1.0000
33.464,1637,1630,Running,13,1,1,99,1,2,1.0000,1629.8,0,27.120,27.120,16.852,3.5,-28.3,0.0,0,67877.3592,-1.0000
33.483,1634,1606,Running,13,1,1,99,1,2,1.0000,1605.7,0,26.720,26.720,16.603,123.0,-991.8,0.0,0,54389.1510,-1.0000
33.497,1629,1606,Running,14,1,1,99,1,2,1.0000,1605.7,0,26.720,26.720,16.603,103.6,-835.8,0.0,0,101987.0735,-1.0000
33.514,1626,1606,Running,14,1,1,99,1,2,1.0000,1605.7,0,26.720,26.720,16.603,125.1,-1009.0,0.0,0,118774.6122,-1.0000
33.533,1623,1606,Running,14,1,1,99,1,2,1.0000,1605.7,0,26.720,26.720,16.603,77.3,-623.3,0.0,0,112977.5418,-1.0000
33.547,1620,1606,Running,14,1,1,99,1,2,1.0000,1605.7,0,26.720,26.720,16.603,43.8,-353.0,0.0,0,24752.0625,-1.0000
33.564,1618,1606,Running,15,1,1,99,1,2,1.0000,1605.7,0,26.720,26.720,16.603,115.2,-929.2,0.0,0,84570.0210,-1.0000
33.583,1616,1606,Running,15,1,1,99,1,2,1.0000,1605.7,0,26.720,26.720,16.603,128.9,-1039.9,0.0,0,125672.1273,-1.0000
33.597,1614,1606,Running,15,1,1,99,1,2,1.0000,1605.7,0,26.720,26.720,16.603,144.5,-1165.7,0.0,0,125939.7983,-1.0000
33.614,1613,1606,Running,15,1,1,99,1,2,1.0000,1605.7,0,26.720,26.720,16.603,21.7,-174.7,0.0,0,68760.8643,-1.0000
33.633,1612,1606,Running,15,1,1,99,1,2,1.0000,1605.7,0,26.720,26.720,16.603,128.8,-1038.9,0.0,0,62367.4370,-1.0000
33.647,1611,1606,Running,15,1,1,99,1,2,1.0000,1605.7,0,26.720,26.720,16.603,136.4,-1100.0,0.0,0,124044.3723,-1.0000
33.664,1610,1606,Running,15,1,1,99,1,2,1.0000,1605.7,0,26.720,26.720,16.603,162.0,-1306.9,0.0,0,138783.1872,-1.0000
33.683,1607,1586,Running,15,1,1,99,1,2,1.0000,1586.5,0,26.400,26.400,16.404,132.1,-1065.8,0.0,0,142086.7218,-1.0000
33.697,1604,1586,Running,14,1,1,99,1,2,1.0000,1586.5,0,26.400,26.400,16.404,78.1,-629.9,0.0,0,18938.4625,-1.0000
33.714,1601,1586,Running,14,1,1,99,1,2,1.0000,1586.5,0,26.400,26.400,16.404,150.3,-1212.5,0.0,0,99039.9592,-1.0000
33.733,1599,1586,Running,14,1,1,99,1,2,1.0000,1586.5,0,26.400,26.400,16.404,162.2,-1308.4,0.0,0,139282.9083,-1.0000
33.747,1597,1586,Running,14,1,1,99,1,2,1.0000,1586.5,0,26.400,26.400,16.404,175.5,-1415.5,0.0,0,131626.8853,-1.0000
33.764,1595,1587,Running,14,1,1,99,1,2,1.0000,1586.5,0,26.400,26.400,16.404,35.4,-285.6,0.0,0,81974.5408,-1.0000
33.783,1594,1586,Running,14,1,1,99,1,2,1.0000,1586.5,0,26.400,26.400,16.404,152.3,-1228.5,0.0,0,66032.2039,-1.0000
33.797,1593,1586,Running,14,1,1,99,1,2,1.0000,1586.5,0,26.400,26.400,16.404,162.8,-1313.2,0.0,0,133523.9088,-1.0000
33.814,1592,1586,Running,14,1,1,99,1,2,1.0000,1586.5,0,26.400,26.400,16.404,185.8,-1498.2,0.0,0,141035.9188,-1.0000
33.833,1591,1586,Running,14,1,1,99,1,2,1.0000,1586.5,0,26.400,26.400,16.404,135.5,-1092.5,0.0,0,123795.2258,-1.0000
33.847,1590,1586,Running,15,1,1,99,1,2,1.0000,1586.5,0,26.400,26.400,16.404,67.4,-543.3,0.0,0,40582.0018,-1.0000
33.864,1587,1562,Running,15,1,1,99,1,2,1.0000,1562.5,0,26.000,26.000,16.156,200.4,-1616.4,0.0,0,107545.3575,-1.0000
33.883,1583,1558,Running,15,1,1,99,1,2,1.0000,1557.6,0,25.920,25.920,16.106,192.6,-1553.4,0.0,0,146935.6820,-1.0000
33.897,1579,1558,Running,15,1,1,99,1,2,1.0000,1557.6,0,25.920,25.920,16.106,184.9,-1491.6,0.0,0,104630.7544,-1.0000
33.914,1576,1558,Running,15,1,1,99,1,2,1.0000,1557.6,0,25.920,25.920,16.106,42.0,-338.6,0.0,0,113541.9833,-1.0000
33.933,1573,1558,Running,15,1,1,99,1,2,1.0000,1557.6,0,25.920,25.920,16.106,166.2,-1340.1,0.0,0,73486.7756,-1.0000
33.947,1571,1558,Running,15,1,1,99,1,2,1.0000,1557.6,0,25.920,25.920,16.106,192.5,-1552.2,0.0,0,119234.0676,-1.0000
33.964,1569,1558,Running,16,1,1,99,1,2,1.0000,1557.6,0,25.920,25.920,16.106,189.3,-1526.5,0.0,0,107242.0461,-1.0000
33.983,1567,1558,Running,16,1,1,99,1,2,1.0000,1557.6,0,25.920,25.920,16.106,177.5,-1431.3,0.0,0,134644.1623,-1.0000
33.997,1565,1558,Running,16,1,1,99,1,2,1.0000,1557.6,0,25.920,25.920,16.106,53.0,-427.1,0.0,0,71697.3587,-1.0000
34.014,1564,1558,Running,16,1,1,99,1,2,1.0000,1557.6,0,25.920,25.920,16.106,199.5,-1609.0,0.0,0,94620.0458,-1.0000
34.033,1563,1558,Running,16,1,1,99,1,2,1.0000,1557.6,0,25.920,25.920,16.106,186.9,-1507.4,0.0,0,128393.1281,-1.0000
34.047,1562,1558,Running,16,1,1,99,1,2,1.0000,1557.6,0,25.920,25.920,16.106,195.5,-1576.5,0.0,0,139081.9179,-1.0000
34.064,1559,1538,Running,16,1,1,99,1,2,1.0000,1538.4,0,25.600,25.600,15.907,135.2,-1090.4,0.0,0,171902.3550,-1.0000
34.083,1556,1538,Running,16,1,1,99,1,2,1.0000,1538.4,0,25.600,25.600,15.907,153.2,-1235.2,0.0,0,18067.0746,-1.0000
34.097,1553,1534,Running,16,1,1,99,1,2,1.0000,1533.6,0,25.520,25.520,15.857,202.0,-1629.2,0.0,0,101424.8620,-1.0000
34.114,1550,1534,Running,16,1,1,99,1,2,1.0000,1533.6,0,25.520,25.520,15.857,204.3,-1648.0,0.0,0,147166.6889,-1.0000
34.133,1547,1534,Running,16,1,1,99,1,2,1.0000,1533.6,0,25.520,25.520,15.857,224.2,-1808.1,0.0,0,134256.0695,-1.0000
34.147,1545,1534,Running,16,1,1,99,1,2,1.0000,1533.6,0,25.520,25.520,15.857,54.8,-442.1,0.0,0,98285.1767,-1.0000
34.164,1543,1534,Running,16,0,1,99,1,2,1.0000,1533.6,0,25.520,25.520,15.857,192.5,-1552.4,0.0,0,72772.1156,-1.0000
34.183,1542,1534,Running,16,0,1,99,1,2,1.0000,1533.6,0,25.520,25.520,15.857,219.8,-1772.9,0.0,0,143279.2445,-1.0000
34.197,1541,1534,Running,16,0,1,99,1,2,1.0000,1533.6,0,25.520,25.520,15.857,222.1,-1791.3,0.0,0,107718.6890,-1.0000
34.214,1540,1534,Running,16,0,1,99,1,2,1.0000,1533.6,0,25.520,25.520,15.857,202.5,-1633.0,0.0,0,138299.0899,-1.0000
34.233,1539,1534,Running,16,0,1,99,1,2,1.0000,1533.6,0,25.520,25.520,15.857,63.7,-513.6,0.0,0,74205.1386,-1.0000
34.247,1538,1534,Running,16,0,1,99,1,2,1.0000,1533.6,0,25.520,25.520,15.857,224.2,-1808.3,0.0,0,93867.2973,-1.0000
34.264,1535,1519,Running,16,0,1,99,1,2,1.0000,1519.2,0,25.280,25.280,15.708,229.3,-1849.6,0.0,0,134132.9438,-1.0000
34.283,1533,1519,Running,16,0,1,99,1,2,1.0000,1519.2,0,25.280,25.280,15.708,223.2,-1800.3,0.0,0,148477.1781,-1.0000
34.297,1531,1519,Running,16,0,1,99,1,2,1.0000,1519.2,0,25.280,25.280,15.708,156.6,-1263.3,0.0,0,171202.1279,-1.0000
34.314,1529,1519,Running,16,0,1,99,1,2,1.0000,1519.2,0,25.280,25.280,15.708,131.9,-1063.6,0.0,0,7198.2829,-1.0000
34.333,1528,1519,Running,16,0,1,99,1,2,1.0000,1519.2,0,25.280,25.280,15.708,212.5,-1713.5,0.0,0,116091.7156,-1.0000
34.347,1526,1519,Running,16,0,1,99,1,2,1.0000,1519.2,0,25.280,25.280,15.708,232.6,-1876.2,0.0,0,157328.5043,-1.0000
34.364,1525,1519,Running,16,0,1,99,1,2,1.0000,1519.2,0,25.280,25.280,15.708,232.3,-1873.4,0.0,0,109858.7949,-1.0000
34.383,1524,1519,Running,16,0,1,99,1,2,1.0000,1519.2,0,25.280,25.280,15.708,67.6,-545.4,0.0,0,137650.2011,-1.0000
34.397,1523,1519,Running,16,0,1,99,1,2,1.0000,1519.2,0,25.280,25.280,15.708,211.7,-1707.6,0.0,0,80445.2609,-1.0000
34.414,1523,1519,Running,16,0,1,99,1,2,1.0000,1519.2,0,25.280,25.280,15.708,228.6,-1843.9,0.0,0,91297.3287,-1.0000
34.433,1522,1519,Running,16,0,1,99,1,2,1.0000,1519.2,0,25.280,25.280,15.708,220.1,-1775.5,0.0,0,131577.6510,-1.0000
34.447,1522,1519,Running,16,0,1,99,1,2,1.0000,1519.2,0,25.280,25.280,15.708,231.8,-1869.1,0.0,0,158049.2914,-1.0000
34.464,1521,1519,Running,16,0,1,99,1,2,1.0000,1519.2,0,25.280,25.280,15.708,71.7,-578.2,0.0,0,78825.7223,-1.0000
34.483,1521,1519,Running,16,0,1,99,1,2,1.0000,1519.2,0,25.280,25.280,15.708,216.8,-1748.3,0.0,0,69128.7995,-1.0000
34.497,1521,1519,Running,16,0,1,99,1,2,1.0000,1519.2,0,25.280,25.280,15.708,218.4,-1761.4,0.0,0,151572.4316,-1.0000
34.514,1521,1519,Running,16,0,1,99,1,2,1.0000,1519.2,0,25.280,25.280,15.708,248.0,-2000.1,0.0,0,137961.4628,-1.0000
34.533,1520,1519,Running,16,0,1,99,1,2,1.0000,1519.2,0,25.280,25.280,15.708,206.9,-1668.6,0.0,0,125432.9105,-1.0000
34.547,1520,1519,Running,16,0,1,99,1,2,1.0000,1519.2,0,25.280,25.280,15.708,71.5,-576.6,0.0,0,59643.4138,-1.0000
34.564,1518,1505,Running,16,0,1,99,1,2,0.9994,1504.8,0,25.040,25.040,15.559,261.7,-2111.0,0.0,0,116882.1598,-1.0000
34.583,1516,1505,Running,16,0,1,99,1,2,0.9994,1504.8,0,25.040,25.040,15.559,225.7,-1820.5,0.0,0,120740.7371,-1.0000
34.597,1514,1505,Running,16,0,1,99,1,2,0.9994,1504.8,0,25.040,25.040,15.559,228.2,-1840.4,0.0,0,141512.7125,-1.0000
34.614,1513,1505,Running,16,0,1,99,1,2,0.9994,1504.8,0,25.040,25.040,15.559,145.8,-1175.9,0.0,0,179951.2410,-1.0000
34.633,1512,1505,Running,16,0,1,99,1,2,0.9994,1504.8,0,25.040,25.040,15.559,157.5,-1270.4,0.0,0,3242.2687,-1.0000
34.647,1511,1505,Running,16,0,1,99,1,2,0.9994,1504.8,0,25.040,25.040,15.559,219.4,-1769.3,0.0,0,112931.0129,-1.0000
34.664,1510,1505,Running,16,0,1,99,1,2,0.9994,1504.8,0,25.040,25.040,15.559,240.8,-1942.3,0.0,0,159734.2004,-1.0000
34.683,1509,1505,Running,16,0,1,99,1,2,0.9994,1504.8,0,25.040,25.040,15.559,240.2,-1937.3,0.0,0,107234.5387,-1.0000
34.697,1508,1505,Running,16,0,1,99,1,2,0.9994,1504.8,0,25.040,25.040,15.559,69.9,-563.7,0.0,0,136789.1344,-1.0000
34.708,1508,1505,Running,16,0,1,99,1,2,0.9994,1504.8,0,25.040,25.040,15.559,218.7,-1764.2,0.0,0,79493.1821,-1.0000
34.708,1507,1505,Running,16,0,1,99,1,2,0.9994,1504.8,0,25.040,25.040,15.559,233.1,-1880.4,0.0,0,86127.0870,-1.0000
34.747,1507,1505,Running,16,0,1,99,1,2,0.9994,1504.8,0,25.040,25.040,15.559,223.8,-1804.9,0.0,0,134064.7464,-1.0000
34.764,1507,1505,Running,15,0,1,99,1,2,0.9994,1504.8,0,25.040,25.040,15.559,243.8,-1966.2,0.0,0,161319.8199,-1.0000
34.783,1506,1505,Running,15,0,1,99,1,2,0.9994,1504.8,0,25.040,25.040,15.559,69.5,-560.7,0.0,0,75935.8437,-1.0000
34.797,1506,1505,Running,15,0,1,99,1,2,0.9994,1504.8,0,25.040,25.040,15.559,214.3,-1728.2,0.0,0,67814.7611,-1.0000
34.814,1506,1505,Running,15,0,1,99,1,2,0.9994,1504.8,0,25.040,25.040,15.559,231.3,-1865.6,0.0,0,152070.8672,-1.0000
34.833,1506,1505,Running,15,0,1,99,1,2,0.9994,1504.8,0,25.040,25.040,15.559,240.9,-1943.2,0.0,0,111167.5958,-1.0000
34.847,1506,1505,Running,15,0,1,99,1,2,0.9994,1504.8,0,25.040,25.040,15.559,211.1,-1702.5,0.0,0,131713.2152,-1.0000
34.864,1505,1505,Running,15,0,1,99,1,2,0.9994,1504.8,0,25.040,25.040,15.559,66.6,-537.0,0.0,0,69635.2374,-1.0000
34.881,1505,1505,Running,14,0,1,99,1,2,0.9994,1504.8,0,25.040,25.040,15.559,228.9,-1845.9,0.0,0,83973.4022,-1.0000
34.897,1505,1505,Running,14,0,1,99,1,2,0.9994,1504.8,0,25.040,25.040,15.559,206.2,-1663.1,0.0,0,133158.5901,-1.0000
34.914,1505,1505,Running,14,0,1,99,1,2,0.9994,1504.8,0,25.040,25.040,15.559,226.8,-1829.3,0.0,0,148572.4944,-1.0000
34.925,1505,1505,Running,14,0,1,99,1,2,0.9994,1504.8,0,25.040,25.040,15.559,169.5,-1367.4,0.0,0,144475.3619,-1.0000
34.925,1505,1505,Running,14,0,1,99,1,2,0.9994,1504.8,0,25.040,25.040,15.559,102.0,-822.6,0.0,0,14946.4982,-1.0000
34.964,1504,1495,Running,13,0,1,99,1,2,0.9984,1495.1,0,24.880,24.880,15.460,225.6,-1819.5,0.0,0,111531.1199,-1.0000
34.967,1502,1495,Running,13,0,1,99,1,2,0.9984,1495.1,0,24.880,24.880,15.460,220.6,-1779.1,0.0,0,126610.9640,-1.0000
34.997,1501,1495,Running,13,0,1,99,1,2,0.9984,1495.1,0,24.880,24.880,15.460,206.8,-1668.0,0.0,0,112762.1496,-1.0000
35.014,1500,1495,Running,13,0,1,99,1,2,0.9984,1495.1,0,24.880,24.880,15.460,85.0,-685.8,0.0,0,149818.7496,-1.0000
35.033,1500,1495,Running,13,0,1,99,1,2,0.9984,1495.1,0,24.880,24.880,15.460,175.5,-1415.4,0.0,0,30834.4944,-1.0000
35.047,1499,1495,Running,13,0,1,99,1,2,0.9984,1495.1,0,24.880,24.880,15.460,188.5,-1520.1,0.0,0,83773.5848,-1.0000
35.064,1498,1495,Running,13,0,1,99,1,2,0.9984,1495.1,0,24.880,24.880,15.460,196.0,-1580.4,0.0,0,135188.5338,-1.0000
35.083,1498,1495,Running,12,0,1,99,1,2,0.9984,1495.1,0,24.880,24.880,15.460,210.7,-1699.1,0.0,0,113599.8095,-1.0000
35.097,1497,1495,Running,12,0,1,99,1,2,0.9984,1495.1,0,24.880,24.880,15.460,39.7,-319.8,0.0,0,92298.2980,-1.0000
35.114,1497,1495,Running,12,0,1,99,1,2,0.9984,1495.1,0,24.880,24.880,15.460,176.0,-1419.5,0.0,0,67556.7235,-1.0000
35.133,1497,1495,Running,12,0,1,99,1,2,0.9984,1495.1,0,24.880,24.880,15.460,194.2,-1565.9,0.0,0,90679.5678,-1.0000
35.147,1495,1481,Running,12,0,1,99,1,2,0.9960,1480.7,0,24.640,24.640,15.311,195.0,-1572.6,0.0,0,99419.7464,-1.0000
35.164,1493,1481,Running,12,0,1,99,1,2,0.9960,1480.7,0,24.640,24.640,15.311,186.7,-1505.8,0.0,0,131200.5826,-1.0000
35.183,1491,1481,Running,11,0,1,99,1,2,0.9960,1480.7,0,24.640,24.640,15.311,45.3,-365.3,0.0,0,57818.0876,-1.0000
35.197,1489,1481,Running,11,0,1,99,1,2,0.9960,1480.7,0,24.640,24.640,15.311,155.4,-1253.0,0.0,0,52379.2960,-1.0000
35.214,1488,1481,Running,11,0,1,99,1,2,0.9960,1480.7,0,24.640,24.640,15.311,177.8,-1434.0,0.0,0,122546.7182,-1.0000
35.233,1487,1481,Running,11,0,1,99,1,2,0.9960,1480.7,0,24.640,24.640,15.311,177.3,-1429.6,0.0,0,87911.9039,-1.0000
35.247,1486,1481,Running,11,0,1,99,1,2,0.9960,1480.7,0,24.640,24.640,15.311,149.8,-1208.2,0.0,0,106304.6091,-1.0000
35.264,1485,1481,Running,11,0,1,99,1,2,0.9960,1480.7,0,24.640,24.640,15.311,44.4,-358.1,0.0,0,54912.8955,-1.0000
35.283,1484,1481,Running,11,0,1,99,1,2,0.9960,1480.7,0,24.640,24.640,15.311,155.7,-1256.0,0.0,0,52934.5172,-1.0000
35.297,1484,1481,Running,11,0,1,99,1,2,0.9960,1480.7,0,24.640,24.640,15.311,141.5,-1141.0,0.0,0,109726.4862,-1.0000
35.314,1483,1481,Running,10,0,1,99,1,2,0.9960,1480.7,0,24.640,24.640,15.311,179.9,-1450.9,0.0,0,122188.3419,-1.0000
35.333,1482,1471,Running,9,0,1,99,1,2,0.9938,1471.1,0,24.480,24.480,15.211,140.0,-1129.4,0.0,0,83345.6628,-1.0000
35.347,1480,1471,Running,8,0,1,99,1,2,0.9938,1471.1,0,24.480,24.480,15.211,31.6,-254.5,0.0,0,32387.2776,-1.0000
35.364,1479,1471,Running,8,0,1,99,1,2,0.9938,1471.1,0,24.480,24.480,15.211,161.8,-1305.2,0.0,0,72109.1256,-1.0000
35.383,1477,1471,Running,7,0,1,99,1,2,0.9938,1471.1,0,24.480,24.480,15.211,123.3,-994.1,0.0,0,87914.4874,-1.0000
35.397,1477,1471,Running,7,0,1,99,1,2,0.9938,1471.1,0,24.480,24.480,15.211,141.9,-1144.3,0.0,0,105595.8149,-1.0000
35.414,1476,1471,Running,7,0,1,99,1,2,0.9938,1471.1,0,24.480,24.480,15.211,93.6,-755.2,0.0,0,110281.6566,-1.0000
35.431,1475,1471,Running,7,0,1,99,1,2,0.9938,1471.1,0,24.480,24.480,15.211,37.3,-301.1,0.0,0,-3369.6117,-1.0000
35.447,1474,1471,Running,7,0,1,99,1,2,0.9938,1471.1,0,24.480,24.480,15.211,125.4,-1011.7,0.0,0,63724.7390,-1.0000
35.464,1474,1471,Running,7,0,1,99,1,2,0.9938,1471.1,0,24.480,24.480,15.211,111.1,-896.4,0.0,0,87082.5877,-1.0000
35.483,1473,1471,Running,7,0,1,99,1,2,0.9938,1471.1,0,24.480,24.480,15.211,98.2,-792.3,0.0,0,76473.3399,-1.0000
35.497,1473,1471,Running,6,0,1,99,1,2,0.9938,1471.1,0,24.480,24.480,15.211,44.4,-358.3,0.0,0,107672.9598,-1.0000
35.514,1473,1471,Running,6,0,1,99,1,2,0.9938,1471.1,0,24.480,24.480,15.211,56.7,-457.0,0.0,0,-2486.3196,-1.0000
35.531,1470,1447,Running,6,0,1,99,1,2,0.9866,1447.1,0,24.080,24.080,14.963,115.7,-932.9,0.0,0,40445.8755,-1.0000
35.547,1466,1447,Running,6,0,1,99,1,2,0.9866,1447.1,0,24.080,24.080,14.963,101.7,-820.1,0.0,0,90099.3811,-1.0000
35.564,1463,1447,Running,6,0,1,99,1,2,0.9866,1447.1,0,24.080,24.080,14.963,72.7,-586.4,0.0,0,52903.5362,-1.0000
35.583,1461,1447,Running,6,0,1,99,1,2,0.9866,1447.1,0,24.080,24.080,14.963,10.9,-87.9,0.0,0,80883.2422,-1.0000
35.597,1459,1447,Running,6,0,1,99,1,2,0.9866,1447.1,0,24.080,24.080,14.963,56.5,-455.5,0.0,0,11158.8142,-1.0000
35.614,1457,1447,Running,6,0,1,99,1,2,0.9866,1447.1,0,24.080,24.080,14.963,58.3,-470.1,0.0,0,24979.0157,-1.0000
35.633,1455,1447,Running,6,0,1,99,1,2,0.9866,1447.1,0,24.080,24.080,14.963,80.7,-651.0,0.0,0,79635.4270,-1.0000
35.647,1454,1447,Running,6,0,1,99,1,2,0.9866,1447.1,0,24.080,24.080,14.963,56.9,-458.7,0.0,0,50812.6488,-1.0000
35.664,1453,1447,Running,6,0,1,99,1,2,0.9866,1447.1,0,24.080,24.080,14.963,-9.7,78.2,0.0,0,63341.8418,-1.0000
35.681,1452,1447,Running,6,0,1,99,1,2,0.9866,1447.1,0,24.080,24.080,14.963,51.1,-411.7,0.0,0,21573.7031,-1.0000
35.697,1451,1447,Running,6,0,1,99,1,2,0.9866,1447.1,0,24.080,24.080,14.963,41.6,-335.7,0.0,0,15496.3454,-1.0000
35.714,1451,1447,Running,6,0,1,99,1,2,0.9866,1447.1,0,24.080,24.080,14.963,63.2,-509.9,0.0,0,69916.1118,-1.0000
35.733,1447,1406,Running,6,0,1,99,1,2,0.9676,1403.8,0,23.399,23.360,14.539,102.9,-830.0,0.0,0,49280.4182,-1.0000
35.747,1440,1404,Running,5,0,1,99,1,2,0.9676,1403.8,0,23.360,23.360,14.515,-15.8,127.3,0.0,0,51552.3549,-1.0000
35.764,1435,1404,Running,5,0,1,99,1,2,0.9676,1403.8,0,23.360,23.360,14.515,38.7,-312.0,0.0,0,15177.1460,-1.0000
35.783,1430,1404,Running,5,0,1,99,1,2,0.9676,1403.8,0,23.360,23.360,14.515,33.9,-273.1,0.0,0,7741.8871,-1.0000
35.797,1426,1404,Running,5,0,1,99,1,2,0.9676,1403.8,0,23.360,23.360,14.515,54.2,-436.7,0.0,0,65012.9329,-1.0000
35.814,1423,1404,Running,5,0,1,99,1,2,0.9676,1403.8,0,23.360,23.360,14.515,28.0,-225.5,0.0,0,38166.0090,-1.0000
35.833,1420,1404,Running,5,0,1,99,1,2,0.9676,1403.8,0,23.360,23.360,14.515,-1.9,15.6,0.0,0,66343.8758,-1.0000
35.847,1417,1404,Running,5,0,1,99,1,2,0.9676,1403.8,0,23.360,23.360,14.515,2.9,-23.3,0.0,0,-7713.0779,-1.0000
35.864,1415,1404,Running,5,0,1,99,1,2,0.9676,1403.8,0,23.360,23.360,14.515,38.3,-308.8,0.0,0,10903.8879,-1.0000
35.883,1413,1404,Running,5,0,1,99,1,2,0.9676,1403.8,0,23.360,23.360,14.515,28.8,-231.9,0.0,0,58032.9100,-1.0000
35.897,1412,1404,Running,5,0,1,99,1,2,0.9676,1403.8,0,23.360,23.360,14.515,26.9,-216.8,0.0,0,41885.1352,-1.0000
35.914,1411,1404,Running,5,0,1,99,1,2,0.9676,1403.8,0,23.360,23.360,14.515,6.8,-54.6,0.0,0,64752.7231,-1.0000
35.931,1406,1360,Running,5,0,1,99,1,2,0.9356,1350.9,0,22.632,22.480,14.063,35.2,-284.0,0.0,0,-16423.8702,-1.0000
35.947,1398,1351,Running,5,0,1,99,1,2,0.9356,1350.9,0,22.480,22.480,13.968,53.8,-434.3,0.0,0,12179.7425,-1.0000
35.964,1391,1351,Running,5,0,1,99,1,2,0.9356,1350.9,0,22.480,22.480,13.968,5.2,-41.6,0.0,0,38306.6800,-1.0000
35.983,1384,1351,Running,5,0,1,99,1,2,0.9356,1350.9,0,22.480,22.480,13.968,44.5,-358.5,0.0,0,49577.9149,-1.0000
35.997,1379,1351,Running,5,0,1,99,1,2,0.9356,1350.9,0,22.480,22.480,13.968,1.2,-9.4,0.0,0,29855.1873,-1.0000
36.014,1375,1351,Running,5,0,1,99,1,2,0.9356,1350.9,0,22.480,22.480,13.968,-26.3,211.9,0.0,0,8995.3984,-1.0000
36.033,1371,1351,Running,5,0,1,99,1,2,0.9356,1350.9,0,22.480,22.480,13.968,0.5,-3.7,0.0,0,19066.9600,-1.0000
36.047,1368,1351,Running,5,0,1,99,1,2,0.9356,1350.9,0,22.480,22.480,13.968,34.4,-277.5,0.0,0,32526.7964,-1.0000
36.064,1365,1351,Running,5,0,1,99,1,2,0.9356,1350.9,0,22.480,22.480,13.968,6.0,-48.7,0.0,0,27504.8883,-1.0000
36.081,1363,1351,Running,5,0,1,99,1,2,0.9356,1350.9,0,22.480,22.480,13.968,30.1,-243.0,0.0,0,50600.6379,-1.0000
36.097,1361,1351,Running,5,0,1,99,1,2,0.9356,1350.9,0,22.480,22.480,13.968,-55.6,448.7,0.0,0,10753.1446,-1.0000
36.114,1360,1351,Running,5,0,1,99,1,2,0.9356,1350.9,0,22.480,22.480,13.968,23.3,-187.6,0.0,0,30843.4487,-1.0000
36.133,1355,1308,Running,5,0,1,99,1,2,0.8999,1302.8,0,21.771,21.680,13.528,63.1,-508.8,0.0,0,-3376.8441,-1.0000
36.147,1347,1304,Running,6,0,1,99,1,2,0.8999,1302.8,0,21.680,21.680,13.471,35.3,-284.3,0.0,0,46860.2847,-1.0000
36.164,1340,1303,Running,6,0,1,99,1,2,0.8999,1302.8,0,21.680,21.680,13.471,8.2,-65.9,0.0,0,28564.1508,-1.0000
36.181,1335,1303,Running,6,0,1,99,1,2,0.8999,1302.8,0,21.680,21.680,13.471,1.8,-14.6,0.0,0,49798.4626,-1.0000
36.197,1329,1303,Running,6,0,1,99,1,2,0.8999,1302.8,0,21.680,21.680,13.471,-32.8,264.8,0.0,0,-10706.6140,-1.0000
36.214,1325,1303,Running,6,0,1,99,1,2,0.8999,1302.8,0,21.680,21.680,13.471,15.9,-127.8,0.0,0,11099.1828,-1.0000
36.233,1322,1303,Running,6,0,1,99,1,2,0.8999,1302.8,0,21.680,21.680,13.471,19.3,-155.7,0.0,0,35853.0022,-1.0000
36.247,1319,1303,Running,6,0,1,99,1,2,0.8999,1302.8,0,21.680,21.680,13.471,16.2,-130.8,0.0,0,32362.1038,-1.0000
36.264,1316,1303,Running,6,0,1,99,1,2,0.8999,1302.8,0,21.680,21.680,13.471,25.7,-207.3,0.0,0,46663.0815,-1.0000
36.283,1314,1298,Running,6,0,1,99,1,2,0.8999,1302.8,0,21.680,21.680,13.471,-48.0,387.2,0.0,0,10789.2894,-1.0000
36.297,1310,1273,Running,6,0,1,99,1,2,0.8640,1259.6,0,20.971,20.960,13.031,61.9,-499.3,0.0,0,32630.6018,-1.0000
36.314,1302,1260,Running,7,0,1,99,1,2,0.8640,1259.6,0,20.960,20.960,13.024,30.6,-246.6,0.0,0,-7416.5408,-1.0000
36.333,1296,1262,Running,7,0,1,99,1,2,0.8640,1259.6,0,20.960,20.960,13.024,23.6,-190.3,0.0,0,49185.3589,-1.0000
36.347,1290,1260,Running,8,0,1,99,1,2,0.8640,1259.6,0,20.960,20.960,13.024,34.0,-274.4,0.0,0,37890.0372,-1.0000
36.364,1286,1260,Running,8,0,1,99,1,2,0.8640,1259.6,0,20.960,20.960,13.024,6.6,-53.1,0.0,0,33612.4918,-1.0000
36.381,1281,1260,Running,8,0,1,99,1,2,0.8640,1259.6,0,20.960,20.960,13.024,-26.5,214.1,0.0,0,8293.0722,-1.0000
36.397,1278,1260,Running,8,0,1,99,1,2,0.8640,1259.6,0,20.960,20.960,13.024,11.0,-88.7,0.0,0,27377.6154,-1.0000
36.414,1275,1262,Running,9,0,1,99,1,2,0.8640,1259.6,0,20.960,20.960,13.024,41.5,-334.6,0.0,0,27039.9232,-1.0000
36.433,1273,1260,Running,9,0,1,99,1,2,0.8640,1259.6,0,20.960,20.960,13.024,38.6,-311.4,0.0,0,42654.4057,-1.0000
36.447,1271,1260,Running,9,0,1,99,1,2,0.8640,1259.6,0,20.960,20.960,13.024,32.8,-264.7,0.0,0,39863.1229,-1.0000
36.464,1270,1257,Running,9,0,1,99,1,2,0.8640,1259.6,0,20.960,20.960,13.024,11.1,-89.2,0.0,0,75241.0804,-1.0000
36.481,1268,1260,Running,10,0,1,99,1,2,0.8640,1259.6,0,20.960,20.960,13.024,-14.6,117.9,0.0,0,-20100.2962,-1.0000
36.497,1267,1266,Running,11,0,1,99,1,2,0.8640,1259.6,0,20.960,20.960,13.024,46.4,-374.0,0.0,0,24234.5029,-1.0000
36.514,1266,1260,Running,12,0,1,99,1,2,0.8640,1259.6,0,20.960,20.960,13.024,57.5,-463.9,0.0,0,55421.7664,-1.0000
36.531,1266,1262,Running,12,0,1,99,1,2,0.8640,1259.6,0,20.960,20.960,13.024,50.4,-406.4,0.0,0,42341.6681,-1.0000
36.547,1266,1270,Running,13,0,1,99,1,2,0.8640,1259.6,0,20.960,20.960,13.024,65.7,-529.8,0.0,0,74290.0688,-1.0000
36.564,1265,1245,Running,13,0,1,99,1,2,0.8640,1259.6,0,20.960,20.960,13.024,-6.1,49.4,0.0,0,36106.1147,-1.0000
36.583,1264,1271,Running,13,0,1,99,1,2,0.8640,1259.6,0,20.960,20.960,13.024,40.9,-329.7,0.0,0,26076.3580,-1.0000
36.597,1266,1282,Running,13,0,1,99,1,2,0.8640,1259.6,0,20.960,20.960,13.024,67.4,-543.7,0.0,0,30764.3869,-1.0000
36.614,1269,1292,Running,13,0,1,99,1,2,0.8640,1259.6,0,20.960,20.960,13.024,68.6,-553.1,0.0,0,68816.8525,-1.0000
36.633,1275,1325,Running,13,0,1,99,1,2,0.8640,1259.6,0,20.960,20.960,13.024,71.0,-572.9,0.0,0,94092.2298,-1.0000
36.648,1284,1332,Running,13,0,1,99,1,2,0.8640,1259.6,0,20.960,20.960,13.024,73.3,-590.8,0.0,0,62635.6565,-1.0000
36.664,1285,1291,Running,14,0,1,99,1,2,0.8640,1259.6,0,20.960,20.960,13.024,69.6,-561.5,0.0,0,43918.4171,-1.0000
36.681,1288,1315,Running,16,0,1,99,1,2,0.8302,1221.1,0,20.320,20.320,12.626,67.6,-545.3,0.0,0,49544.3344,-1.0000
36.697,1296,1366,Running,18,0,1,99,1,2,0.8302,1221.1,0,20.320,20.320,12.626,71.7,-578.7,0.0,0,88439.2502,-1.0000
36.714,1309,1399,Running,19,0,1,99,1,2,0.8302,1221.1,0,20.320,20.320,12.626,76.0,-612.7,0.0,0,82681.2239,-1.0000
36.731,1328,1454,Running,20,0,1,99,1,2,0.8302,1221.1,0,20.320,20.320,12.626,81.3,-655.5,0.0,0,130392.0346,-1.0000
36.747,1344,1406,Running,21,0,1,99,1,2,0.8302,1221.1,0,20.320,20.320,12.626,82.1,-662.1,0.0,0,77526.5734,-1.0000
36.764,1358,1466,Running,22,0,1,99,1,2,0.8302,1221.1,0,20.320,20.320,12.626,82.2,-662.7,0.0,0,83574.4255,-1.0000
36.781,1381,1541,Running,22,0,1,99,1,2,0.8302,1221.1,0,20.320,20.320,12.626,90.0,-726.2,0.0,0,103038.1647,-1.0000
36.797,1410,1613,Running,22,0,1,99,1,2,0.8302,1221.1,0,20.320,20.320,12.626,98.5,-798.1,0.0,0,143266.5360,-1.0000
36.814,1447,1677,Running,22,0,1,99,1,2,0.8302,1221.1,0,20.320,20.320,12.626,108.0,-881.1,0.0,0,177926.1026,-1.0000
36.831,1477,1645,Running,22,0,1,99,1,2,0.8302,1221.1,0,20.320,20.320,12.626,108.1,-882.1,0.0,0,108210.1677,-1.0000
36.847,1511,1728,Running,23,0,1,99,1,2,0.8302,1221.1,0,20.320,20.320,12.626,114.1,-934.5,0.0,0,168297.7053,-1.0000
36.864,1551,1802,Running,23,0,1,99,1,2,0.8302,1221.1,0,20.320,20.320,12.626,124.8,-1037.3,0.0,0,205516.5187,-1.0000
36.881,1596,1875,Running,24,0,1,99,1,2,0.8302,1221.1,0,20.320,20.320,12.626,135.6,-1156.6,0.0,0,219969.2923,-1.0000
36.897,1636,1842,Running,24,0,1,99,1,2,0.8302,1221.1,0,20.320,20.320,12.626,137.4,-1177.8,0.0,0,137614.0317,-1.0000
36.911,1675,1920,Running,24,0,1,99,1,2,0.8302,1221.1,0,20.320,20.320,12.626,142.0,-1228.5,0.0,0,198596.5104,-1.0000
36.933,1719,1993,Running,24,0,1,99,1,2,0.8302,1221.1,0,20.320,20.320,12.626,152.8,-1351.2,0.0,0,232152.7657,-1.0000
36.947,1766,2042,Running,24,0,1,99,1,2,0.8302,1221.1,0,20.320,20.320,12.626,163.2,-1469.5,0.0,0,257991.4298,-1.0000
36.964,1802,2027,Running,25,0,1,99,1,2,0.8302,1221.1,0,20.320,20.320,12.626,160.3,-1436.4,0.0,0,168454.4752,-1.0000
36.983,1842,2090,Running,26,0,1,99,1,2,0.8722,1269.2,0,21.120,21.120,13.123,177.7,-1597.5,0.0,0,253237.9293,-1.0000
36.997,1886,2164,Running,26,0,1,99,1,2,0.8722,1269.2,0,21.120,21.120,13.123,189.4,-1717.7,0.0,0,248845.1709,-1.0000
37.014,1926,2118,Running,26,0,1,99,1,2,0.8722,1269.2,0,21.120,21.120,13.123,193.2,-1763.5,0.0,0,239799.6677,-1.0000
37.033,1962,2195,Running,27,0,1,99,1,2,0.8722,1269.2,0,21.120,21.120,13.123,194.8,-1783.6,0.0,0,218957.7779,-1.0000
37.047,2004,2270,Running,27,0,1,99,1,2,0.8722,1269.2,0,21.120,21.120,13.123,208.6,-1953.5,0.0,0,282721.0345,-1.0000
37.064,2046,2240,Running,27,0,1,99,1,2,0.8722,1269.2,0,21.120,21.120,13.123,218.1,-2070.0,0.0,0,329651.1176,-1.0000
37.083,2081,2305,Running,27,0,1,99,1,2,0.8722,1269.2,0,21.120,21.120,13.123,215.1,-2033.4,0.0,0,159546.0969,-1.0000
37.097,2121,2376,Running,27,0,1,99,1,2,0.8722,1269.2,0,21.120,21.120,13.123,229.1,-2207.6,0.0,0,316891.8378,-1.0000
37.114,2163,2354,Running,27,0,1,99,1,2,0.8722,1269.2,0,21.120,21.120,13.123,240.3,-2347.4,0.0,0,373641.0535,-1.0000
37.133,2195,2406,Running,27,0,1,99,1,2,0.8722,1269.2,0,21.120,21.120,13.123,235.0,-2280.6,0.0,0,146265.2188,-1.0000
37.147,2232,2470,Running,28,0,1,99,1,2,0.8722,1269.2,0,21.120,21.120,13.123,248.5,-2450.4,0.0,0,336187.9016,-1.0000
37.166,2270,2434,Running,29,0,1,99,1,2,0.8722,1269.2,0,21.120,21.120,13.123,258.1,-2571.5,0.0,0,377701.6766,-1.0000
37.183,2298,2476,Running,29,0,1,99,1,2,0.9254,1336.5,0,22.091,22.240,13.727,266.4,-2601.4,0.0,0,178766.6047,-1.0000
37.192,2330,2538,Running,30,0,1,99,1,2,0.9254,1336.5,0,22.240,22.240,13.819,279.1,-2716.9,0.0,0,337094.6595,-1.0000
37.214,2362,2486,Running,30,0,1,99,1,2,0.9254,1336.5,0,22.240,22.240,13.819,285.5,-2797.6,0.0,0,352437.4566,-1.0000
37.228,2385,2547,Running,30,0,1,99,1,2,0.9254,1336.5,0,22.240,22.240,13.819,280.9,-2739.1,0.0,0,240685.2756,-1.0000
37.247,2415,2605,Running,30,0,1,99,1,2,0.9254,1336.5,0,22.240,22.240,13.819,295.2,-2919.0,0.0,0,368667.7418,-1.0000
37.264,2441,2551,Running,31,0,1,99,1,2,0.9254,1336.5,0,22.240,22.240,13.819,297.2,-2943.9,0.0,0,285484.7542,-1.0000
37.281,2464,2615,Running,31,0,1,99,1,2,0.9512,1375.0,0,22.880,22.880,14.217,305.3,-2991.7,0.0,0,315375.9273,-1.0000
37.297,2491,2669,Running,31,0,1,99,1,2,0.9512,1375.0,0,22.880,22.880,14.217,318.8,-3145.7,0.0,0,368933.7990,-1.0000
37.297,2510,2614,Running,31,0,1,99,1,2,0.9512,1375.0,0,22.880,22.880,14.217,312.9,-3071.3,0.0,0,277539.0983,-1.0000
37.318,2531,2675,Running,31,0,1,99,1,2,0.9512,1375.0,0,22.880,22.880,14.217,319.2,-3150.8,0.0,0,347562.9523,-1.0000
37.347,2557,2679,Running,32,0,1,99,1,2,0.9512,1375.0,0,22.880,22.880,14.217,332.3,-3315.8,0.0,0,407422.8181,-1.0000
37.361,2571,2678,Running,32,0,1,99,1,2,0.9512,1375.0,0,22.880,22.880,14.217,320.7,-3170.2,0.0,0,234082.9268,-1.0000
37.361,2592,2735,Running,32,0,1,99,1,2,0.9512,1375.0,0,22.880,22.880,14.217,333.8,-3335.0,0.0,0,391539.7339,-1.0000
37.384,2612,2673,Running,32,0,1,99,1,2,0.9512,1375.0,0,22.880,22.880,14.217,338.9,-3399.8,0.0,0,374305.6931,-1.0000
37.414,2626,2738,Running,32,0,1,99,1,2,0.9512,1375.0,0,22.880,22.880,14.217,333.9,-3336.2,0.0,0,291879.6666,-1.0000
37.420,2647,2790,Running,32,0,1,99,1,2,0.9512,1375.0,0,22.880,22.880,14.217,348.3,-3520.3,0.0,0,398961.3811,-1.0000
37.447,2660,2729,Running,32,0,1,99,1,2,0.9512,1375.0,0,22.880,22.880,14.217,341.5,-3434.6,0.0,0,305010.4463,-1.0000
37.447,2676,2783,Running,32,0,1,99,1,2,0.9512,1375.0,0,22.880,22.880,14.217,347.2,-3506.9,0.0,0,374871.3835,-1.0000
37.447,2694,2739,Running,32,0,1,99,1,2,0.9512,1375.0,0,22.880,22.880,14.217,357.2,-3637.0,0.0,0,449198.7331,-1.0000
37.497,2701,2760,Running,32,0,1,99,1,2,0.9926,1466.3,0,23.932,24.400,14.871,357.8,-3557.6,0.0,0,243253.7660,-1.0000
37.511,2714,2802,Running,32,0,1,99,1,2,0.9926,1466.3,0,24.400,24.400,15.161,369.3,-3628.7,0.0,0,405377.1075,-1.0000
37.522,2722,2727,Running,32,0,1,99,1,2,0.9926,1466.3,0,24.400,24.400,15.161,364.9,-3564.6,0.0,0,304975.5491,-1.0000
37.547,2727,2775,Running,32,0,1,99,1,2,0.9926,1466.3,0,24.400,24.400,15.161,361.0,-3516.1,0.0,0,366141.2886,-1.0000
37.564,2737,2794,Running,32,0,1,99,1,2,0.9926,1466.3,0,24.400,24.400,15.161,371.8,-3651.8,0.0,0,401450.5474,-1.0000
37.581,2736,2746,Running,32,0,1,99,1,2,0.9926,1466.3,0,24.400,24.400,15.161,355.9,-3451.4,0.0,0,270783.2047,-1.0000
37.597,2741,2790,Running,32,0,1,99,1,2,0.9926,1466.3,0,24.400,24.400,15.161,364.4,-3558.8,0.0,0,395414.5102,-1.0000
37.611,2746,2717,Running,32,0,1,99,1,2,0.9926,1466.3,0,24.400,24.400,15.161,367.1,-3591.9,0.0,0,390724.9409,-1.0000
37.611,2745,2769,Running,32,0,1,99,1,2,0.9926,1466.3,0,24.400,24.400,15.161,357.9,-3476.5,0.0,0,288690.5538,-1.0000
37.645,2752,2806,Running,32,0,1,99,1,2,0.9926,1466.3,0,24.400,24.400,15.161,369.7,-3625.2,0.0,0,403329.4664,-1.0000
37.666,2750,2732,Running,32,0,1,99,1,2,1.0000,1533.6,0,25.445,25.520,15.811,361.6,-3473.3,0.0,0,306125.6166,-1.0000
37.683,2751,2776,Running,32,0,1,99,1,2,1.0000,1543.2,0,25.680,25.680,15.957,364.2,-3443.8,0.0,0,374660.6439,-1.0000
37.697,2756,2721,Running,32,0,1,99,1,2,1.0000,1543.2,0,25.680,25.680,15.957,371.9,-3537.7,0.0,0,446073.8168,-1.0000
37.714,2751,2744,Running,32,0,1,99,1,2,1.0000,1543.2,0,25.680,25.680,15.957,356.0,-3340.6,0.0,0,237744.9096,-1.0000
37.733,2754,2787,Running,32,0,1,99,1,2,1.0000,1543.2,0,25.680,25.680,15.957,368.0,-3488.7,0.0,0,404340.3510,-1.0000
37.748,2754,2711,Running,32,0,1,99,1,2,1.0000,1543.2,0,25.680,25.680,15.957,364.3,-3442.6,0.0,0,307840.2309,-1.0000
37.764,2752,2760,Running,32,0,1,99,1,2,1.0000,1543.2,0,25.680,25.680,15.957,360.0,-3389.8,0.0,0,364821.9472,-1.0000
37.783,2756,2789,Running,32,0,1,99,1,2,1.0000,1543.2,0,25.680,25.680,15.957,371.8,-3535.6,0.0,0,397738.2346,-1.0000
37.797,2752,2737,Running,32,0,1,99,1,2,1.0000,1543.2,0,25.680,25.680,15.957,356.9,-3351.1,0.0,0,274842.2777,-1.0000
37.814,2753,2781,Running,32,0,1,99,1,2,1.0000,1543.2,0,25.680,25.680,15.957,365.3,-3454.8,0.0,0,389893.7973,-1.0000
37.831,2755,2707,Running,32,0,1,99,1,2,1.0000,1543.2,0,25.680,25.680,15.957,368.3,-3492.3,0.0,0,399148.1790,-1.0000
37.847,2751,2757,Running,32,0,1,99,1,2,1.0000,1543.2,0,25.680,25.680,15.957,357.5,-3358.1,0.0,0,274420.2217,-1.0000
37.864,2755,2802,Running,33,0,1,99,1,2,1.0000,1610.5,0,26.725,26.800,16.606,370.1,-3470.9,0.0,0,400094.6512,-1.0000
37.881,2753,2730,Running,33,0,1,99,1,2,1.0000,1610.5,0,26.800,26.800,16.653,361.7,-3318.2,0.0,0,307210.5749,-1.0000
37.898,2754,2779,Running,33,0,1,99,1,2,1.0000,1610.5,0,26.800,26.800,16.653,363.9,-3344.3,0.0,0,373572.7691,-1.0000
37.914,2759,2742,Running,33,0,1,99,1,2,1.0000,1610.5,0,26.800,26.800,16.653,373.8,-3466.8,0.0,0,449244.4294,-1.0000
37.933,2755,2753,Running,33,0,1,99,1,2,1.0000,1610.5,0,26.800,26.800,16.653,357.8,-3269.5,0.0,0,237404.3149,-1.0000
37.947,2758,2798,Running,33,0,1,99,1,2,1.0000,1610.5,0,26.800,26.800,16.653,370.2,-3421.8,0.0,0,411380.1982,-1.0000
37.964,2760,2725,Running,33,0,1,99,1,2,1.0000,1610.5,0,26.800,26.800,16.653,368.7,-3403.2,0.0,0,329322.5552,-1.0000
37.981,2760,2779,Running,33,0,1,99,1,2,1.0000,1610.5,0,26.800,26.800,16.653,364.5,-3352.1,0.0,0,367293.5388,-1.0000
37.997,2767,2817,Running,33,0,1,99,1,2,1.0000,1610.5,0,26.800,26.800,16.653,378.0,-3518.4,0.0,0,402972.2234,-1.0000
38.014,2765,2762,Running,33,0,1,99,1,2,1.0000,1610.5,0,26.800,26.800,16.653,363.8,-3343.0,0.0,0,282485.8066,-1.0000
38.031,2768,2814,Running,33,0,1,99,1,2,1.0000,1610.5,0,26.800,26.800,16.653,373.0,-3456.8,0.0,0,395547.8916,-1.0000
38.047,2773,2740,Running,33,0,1,99,1,2,1.0000,1610.5,0,26.800,26.800,16.653,376.8,-3503.5,0.0,0,404171.6358,-1.0000
38.064,2772,2795,Running,34,0,1,99,1,2,1.0000,1677.8,0,27.833,27.920,17.295,366.7,-3336.2,0.0,0,289240.5480,-1.0000
38.081,2779,2841,Running,34,0,1,99,1,2,1.0000,1677.8,0,27.920,27.920,17.349,380.4,-3452.8,0.0,0,413693.2275,-1.0000
38.097,2779,2773,Running,34,0,1,99,1,2,1.0000,1677.8,0,27.920,27.920,17.349,371.1,-3343.7,0.0,0,318516.7558,-1.0000
38.114,2782,2824,Running,34,0,1,99,1,2,1.0000,1677.8,0,27.920,27.920,17.349,376.3,-3403.3,0.0,0,393792.0683,-1.0000
38.131,2790,2767,Running,35,0,1,99,1,2,1.0000,1677.8,0,27.920,27.920,17.349,385.8,-3518.6,0.0,0,460083.2443,-1.0000
38.147,2790,2816,Running,35,0,1,99,1,2,1.0000,1677.8,0,27.920,27.920,17.349,372.9,-3362.9,0.0,0,259800.8657,-1.0000
38.164,2798,2873,Running,35,0,1,99,1,2,1.0000,1677.8,0,27.920,27.920,17.349,388.4,-3550.0,0.0,0,412152.5325,-1.0000
38.181,2802,2808,Running,35,0,1,99,1,2,1.0000,1677.8,0,27.920,27.920,17.349,383.4,-3489.3,0.0,0,325850.4280,-1.0000
38.197,2808,2864,Running,35,0,1,99,1,2,1.0000,1677.8,0,27.920,27.920,17.349,385.9,-3519.4,0.0,0,395448.1730,-1.0000
38.214,2818,2823,Running,35,0,1,99,1,2,1.0000,1677.8,0,27.920,27.920,17.349,397.7,-3663.4,0.0,0,477197.7091,-1.0000
38.231,2819,2847,Running,35,0,1,99,1,2,1.0000,1677.8,0,27.920,27.920,17.349,382.4,-3476.7,0.0,0,270409.7499,-1.0000
38.247,2828,2900,Running,35,0,1,99,1,2,1.0000,1677.8,0,27.920,27.920,17.349,396.9,-3653.6,0.0,0,429703.2211,-1.0000
38.264,2833,2835,Running,35,0,1,99,1,2,1.0000,1745.1,0,28.972,29.040,18.002,392.6,-3561.0,0.0,0,326981.3747,-1.0000
38.281,2837,2895,Running,35,0,1,99,1,2,1.0000,1745.1,0,29.040,29.040,18.045,393.7,-3526.6,0.0,0,396690.8670,-1.0000
38.297,2849,2860,Running,35,0,1,99,1,2,1.0000,1745.1,0,29.040,29.040,18.045,406.5,-3674.7,0.0,0,480687.6167,-1.0000
38.314,2849,2876,Running,35,0,1,99,1,2,1.0000,1745.1,0,29.040,29.040,18.045,390.4,-3488.7,0.0,0,278978.2143,-1.0000
38.331,2858,2930,Running,35,0,1,99,1,2,1.0000,1745.1,0,29.040,29.040,18.045,405.0,-3656.3,0.0,0,436743.0074,-1.0000
38.347,2862,2863,Running,36,0,1,99,1,2,1.0000,1745.1,0,29.040,29.040,18.045,400.3,-3603.8,0.0,0,332315.2044,-1.0000
38.364,2866,2917,Running,36,0,1,99,1,2,1.0000,1745.1,0,29.040,29.040,18.045,400.7,-3606.6,0.0,0,406081.2271,-1.0000
38.383,2876,2868,Running,36,0,1,99,1,2,1.0000,1793.2,0,29.840,29.840,18.542,412.0,-3702.1,0.0,0,491307.3579,-1.0000
38.397,2876,2900,Running,36,0,1,99,1,2,1.0000,1793.2,0,29.840,29.840,18.542,396.3,-3502.7,0.0,0,284562.7668,-1.0000
38.414,2884,2958,Running,36,0,1,99,1,2,1.0000,1793.2,0,29.840,29.840,18.542,412.4,-3685.7,0.0,0,427673.4659,-1.0000
38.431,2888,2893,Running,37,0,1,99,1,2,1.0000,1793.2,0,29.840,29.840,18.542,406.0,-3613.2,0.0,0,345052.3375,-1.0000
38.447,2893,2949,Running,37,0,1,99,1,2,1.0000,1793.2,0,29.840,29.840,18.542,409.7,-3655.0,0.0,0,420845.9031,-1.0000
38.464,2903,2887,Running,37,0,1,99,1,2,1.0000,1793.2,0,29.840,29.840,18.542,419.7,-3769.6,0.0,0,489937.5843,-1.0000
38.481,2904,2943,Running,37,0,1,99,1,2,1.0000,1793.2,0,29.840,29.840,18.542,406.6,-3619.9,0.0,0,282612.1626,-1.0000
38.497,2914,2998,Running,37,0,1,99,1,2,1.0000,1793.2,0,29.840,29.840,18.542,423.2,-3809.6,0.0,0,448460.0570,-1.0000
38.514,2917,2923,Running,37,0,1,99,1,2,1.0000,1793.2,0,29.840,29.840,18.542,413.1,-3694.2,0.0,0,358313.3870,-1.0000
38.531,2923,2984,Running,37,0,1,99,1,2,1.0000,1793.2,0,29.840,29.840,18.542,419.6,-3767.9,0.0,0,431031.4903,-1.0000
38.547,2931,2915,Running,37,0,1,99,1,2,1.0000,1793.2,0,29.840,29.840,18.542,425.0,-3832.0,0.0,0,435825.8168,-1.0000
38.564,2933,2971,Running,37,0,1,99,1,2,1.0000,1870.1,0,30.903,31.120,19.202,415.7,-3687.5,0.0,0,341744.9817,-1.0000
38.581,2943,3009,Running,37,0,1,99,1,2,1.0000,1879.8,0,31.280,31.280,19.436,430.6,-3798.2,0.0,0,471809.6257,-1.0000
38.597,2943,2958,Running,37,0,1,99,1,2,1.0000,1879.8,0,31.280,31.280,19.436,415.6,-3623.5,0.0,0,312195.3712,-1.0000
38.614,2949,3011,Running,37,0,1,99,1,2,1.0000,1879.8,0,31.280,31.280,19.436,427.4,-3757.8,0.0,0,456422.7490,-1.0000
38.631,2954,2933,Running,37,0,1,99,1,2,1.0000,1879.8,0,31.280,31.280,19.436,426.5,-3747.3,0.0,0,388365.2155,-1.0000
38.647,2956,3000,Running,37,0,1,99,1,2,1.0000,1879.8,0,31.280,31.280,19.436,423.2,-3709.7,0.0,0,406885.3839,-1.0000
38.664,2965,2970,Running,38,0,1,99,1,2,1.0000,1879.8,0,31.280,31.280,19.436,436.6,-3861.3,0.0,0,497295.9584,-1.0000
38.681,2964,2978,Running,38,0,1,99,1,2,1.0000,1879.8,0,31.280,31.280,19.436,419.2,-3664.2,0.0,0,311550.8656,-1.0000
38.697,2971,3038,Running,38,0,1,99,1,2,1.0000,1879.8,0,31.280,31.280,19.436,434.6,-3839.6,0.0,0,449927.6875,-1.0000
38.714,2973,2970,Running,38,0,1,99,1,2,1.0000,1879.8,0,31.280,31.280,19.436,427.5,-3758.6,0.0,0,362659.1014,-1.0000
38.731,2977,3022,Running,38,0,1,99,1,2,1.0000,1879.8,0,31.280,31.280,19.436,431.2,-3800.1,0.0,0,448333.5633,-1.0000
38.747,2983,2957,Running,38,0,1,99,1,2,1.0000,1879.8,0,31.280,31.280,19.436,438.6,-3884.7,0.0,0,460165.9726,-1.0000
38.764,2984,3016,Running,38,0,1,99,1,2,1.0000,1961.5,0,32.346,32.640,20.099,427.3,-3720.0,0.0,0,329397.1281,-1.0000
38.781,2992,3054,Running,38,0,1,99,1,2,1.0000,1961.5,0,32.640,32.640,20.282,443.2,-3844.0,0.0,0,483854.4192,-1.0000
38.797,2991,2998,Running,38,0,1,99,1,2,1.0000,1961.5,0,32.640,32.640,20.282,427.9,-3668.4,0.0,0,321653.7191,-1.0000
38.814,2996,3051,Running,38,0,1,99,1,2,1.0000,1961.5,0,32.640,32.640,20.282,439.3,-3796.4,0.0,0,464871.8308,-1.0000
38.831,2999,2975,Running,38,0,1,99,1,2,1.0000,1961.5,0,32.640,32.640,20.282,437.3,-3774.2,0.0,0,388064.5943,-1.0000
38.847,3001,3038,Running,38,0,1,99,1,2,1.0000,1961.5,0,32.640,32.640,20.282,434.1,-3737.9,0.0,0,416602.2629,-1.0000
38.864,3008,2983,Running,38,0,1,99,1,2,1.0000,1961.5,0,32.640,32.640,20.282,446.2,-3874.9,0.0,0,517056.2487,-1.0000
38.881,3005,3014,Running,38,0,1,99,1,2,1.0000,1961.5,0,32.640,32.640,20.282,428.6,-3676.5,0.0,0,303597.8869,-1.0000
38.897,3011,3070,Running,38,0,1,99,1,2,1.0000,1961.5,0,32.640,32.640,20.282,444.0,-3849.7,0.0,0,454116.2829,-1.0000
38.914,3010,2994,Running,38,0,1,99,1,2,1.0000,1961.5,0,32.640,32.640,20.282,433.5,-3732.0,0.0,0,371896.2487,-1.0000
38.931,3012,3050,Running,38,0,1,99,1,2,1.0000,1961.5,0,32.640,32.640,20.282,438.9,-3792.7,0.0,0,440372.9026,-1.0000
38.947,3015,2978,Running,38,0,1,99,1,2,1.0000,2062.4,0,33.712,34.320,20.947,442.1,-3790.7,0.0,0,434541.6582,-1.0000
38.964,3014,3028,Running,38,0,1,99,1,2,1.0000,2076.9,0,34.560,34.560,21.475,433.0,-3616.3,0.0,0,384045.2270,-1.0000
38.981,3020,3044,Running,38,0,1,99,1,2,1.0000,2086.5,0,34.720,34.720,21.574,447.7,-3744.9,0.0,0,463734.1759,-1.0000
38.997,3016,3015,Running,38,0,1,99,1,2,1.0000,2086.5,0,34.720,34.720,21.574,430.3,-3551.8,0.0,0,328941.2151,-1.0000
39.014,3020,3067,Running,38,0,1,99,1,2,1.0000,2086.5,0,34.720,34.720,21.574,444.2,-3704.5,0.0,0,485254.9424,-1.0000
39.031,3020,3001,Running,38,0,1,99,1,2,1.0000,2086.5,0,34.720,34.720,21.574,438.6,-3644.2,0.0,0,358335.2515,-1.0000
39.048,3022,3052,Running,38,0,1,99,1,2,1.0000,2086.5,0,34.720,34.720,21.574,440.2,-3660.2,0.0,0,445471.2688,-1.0000
39.064,3027,2984,Running,38,0,1,99,1,2,1.0000,2086.5,0,34.720,34.720,21.574,448.1,-3748.1,0.0,0,489605.9101,-1.0000
39.081,3024,3043,Running,38,0,1,99,1,2,1.0000,2086.5,0,34.720,34.720,21.574,434.7,-3599.4,0.0,0,322568.3561,-1.0000
39.098,3031,3086,Running,38,0,1,99,1,2,1.0000,2086.5,0,34.720,34.720,21.574,451.5,-3785.7,0.0,0,489701.3105,-1.0000
39.114,3028,3027,Running,38,0,1,99,1,2,1.0000,2086.5,0,34.720,34.720,21.574,436.5,-3619.5,0.0,0,331225.0209,-1.0000
39.131,3032,3080,Running,38,0,1,99,1,2,1.0000,2086.5,0,34.720,34.720,21.574,447.7,-3743.9,0.0,0,472301.8665,-1.0000
39.148,3034,3006,Running,38,0,1,99,1,2,1.0000,2086.5,0,34.720,34.720,21.574,445.4,-3718.1,0.0,0,390548.1172,-1.0000
39.164,3035,3071,Running,39,0,1,99,1,2,1.0000,2086.5,0,34.720,34.720,21.574,443.5,-3696.9,0.0,0,428043.2720,-1.0000
39.181,3042,3006,Running,39,0,1,99,1,2,1.0000,2086.5,0,34.720,34.720,21.574,454.9,-3823.7,0.0,0,525140.2971,-1.0000
39.198,3040,3062,Running,39,0,1,99,1,2,1.0000,2086.5,0,34.720,34.720,21.574,440.0,-3657.7,0.0,0,302345.4585,-1.0000
39.214,3047,3113,Running,39,0,1,99,1,2,1.0000,2086.5,0,34.720,34.720,21.574,457.5,-3852.3,0.0,0,476823.4859,-1.0000
39.231,3046,3043,Running,39,0,1,99,1,2,1.0000,2086.5,0,34.720,34.720,21.574,444.3,-3706.4,0.0,0,368211.3838,-1.0000
39.247,3051,3107,Running,39,0,1,99,1,2,1.0000,2086.5,0,34.720,34.720,21.574,454.1,-3814.8,0.0,0,454473.0827,-1.0000
39.264,3054,3026,Running,39,0,1,99,1,2,1.0000,2225.9,0,35.791,37.040,22.240,454.2,-3785.8,0.0,0,411052.7331,-1.0000
39.281,3056,3094,Running,39,0,1,99,1,2,1.0000,2225.9,0,36.855,37.040,22.900,450.3,-3694.8,0.0,0,421681.3734,-1.0000
39.297,3063,3036,Running,39,0,1,99,1,2,1.0000,2225.9,0,37.040,37.040,23.016,462.9,-3795.8,0.0,0,528569.3349,-1.0000
39.314,3061,3081,Running,39,0,1,99,1,2,1.0000,2225.9,0,37.040,37.040,23.016,446.3,-3649.7,0.0,0,311168.5637,-1.0000
39.331,3069,3137,Running,39,0,1,99,1,2,1.0000,2225.9,0,37.040,37.040,23.016,463.5,-3800.5,0.0,0,476815.5515,-1.0000
39.347,3068,3065,Running,39,0,1,99,1,2,1.0000,2225.9,0,37.040,37.040,23.016,451.3,-3693.4,0.0,0,375522.6971,-1.0000
39.364,3072,3127,Running,39,0,1,99,1,2,1.0000,2225.9,0,37.040,37.040,23.016,460.1,-3770.6,0.0,0,457526.4209,-1.0000
39.381,3075,3046,Running,39,0,1,99,1,2,1.0000,2225.9,0,37.040,37.040,23.016,459.6,-3766.6,0.0,0,412870.2800,-1.0000
39.397,3077,3117,Running,39,0,1,99,1,2,1.0000,2225.9,0,37.040,37.040,23.016,456.5,-3739.5,0.0,0,427060.9099,-1.0000
39.414,3084,3051,Running,39,0,1,99,1,2,1.0000,2225.9,0,37.040,37.040,23.016,468.6,-3845.4,0.0,0,533768.7911,-1.0000
39.431,3082,3100,Running,39,0,1,99,1,2,1.0000,2225.9,0,37.040,37.040,23.016,451.7,-3697.6,0.0,0,311415.3074,-1.0000
39.448,3089,3152,Running,39,0,1,99,1,2,1.0000,2225.9,0,37.040,37.040,23.016,469.2,-3850.5,0.0,0,487618.4462,-1.0000
39.464,3087,3085,Running,39,0,1,99,1,2,1.0000,2341.3,0,38.106,38.960,23.678,455.3,-3721.3,0.0,0,362492.2209,-1.0000
39.481,3091,3142,Running,39,0,1,99,1,2,1.0000,2341.3,0,38.960,38.960,24.209,465.2,-3792.9,0.0,0,475538.8367,-1.0000
39.497,3093,3070,Running,39,0,1,99,1,2,1.0000,2341.3,0,38.960,38.960,24.209,463.3,-3771.2,0.0,0,401818.4078,-1.0000
39.514,3095,3136,Running,40,0,1,99,1,2,1.0000,2341.3,0,38.960,38.960,24.209,462.6,-3764.8,0.0,0,442865.3683,-1.0000
39.531,3102,3064,Running,40,0,1,99,1,2,1.0000,2341.3,0,38.960,38.960,24.209,472.7,-3853.7,0.0,0,524740.3181,-1.0000
39.547,3100,3126,Running,40,0,1,99,1,2,1.0000,2341.3,0,38.960,38.960,24.209,458.4,-3728.0,0.0,0,324393.8729,-1.0000
39.564,3108,3162,Running,40,0,1,99,1,2,1.0000,2341.3,0,38.960,38.960,24.209,476.0,-3882.6,0.0,0,507655.7878,-1.0000
39.581,3105,3113,Running,40,0,1,99,1,2,1.0000,2341.3,0,38.960,38.960,24.209,459.5,-3737.8,0.0,0,339477.4385,-1.0000
39.598,3110,3159,Running,40,0,1,99,1,2,1.0000,2341.3,0,38.960,38.960,24.209,472.0,-3847.7,0.0,0,507015.0255,-1.0000
39.614,3111,3096,Running,40,0,1,99,1,2,1.0000,2341.3,0,38.960,38.960,24.209,466.7,-3800.9,0.0,0,378199.0797,-1.0000
39.631,3113,3144,Running,40,0,1,99,1,2,1.0000,2341.3,0,38.960,38.960,24.209,467.6,-3809.2,0.0,0,471367.6030,-1.0000
39.647,3117,3081,Running,40,0,1,99,1,3,1.0000,1639.5,0,39.981,40.640,24.843,474.0,-3186.5,0.0,0,472412.0173,-1.0000
39.664,3116,3135,Running,40,0,1,99,1,3,1.0000,1646.0,0,40.640,40.800,25.253,463.8,-3058.5,0.0,0,378913.3279,-1.0000
39.681,3123,3146,Running,41,0,1,99,1,3,1.0000,1646.0,0,40.640,40.800,25.253,480.6,-3191.1,0.0,0,497129.3293,-1.0000
39.697,3120,3124,Running,41,0,1,99,1,3,1.0000,1646.0,0,40.640,40.800,25.253,462.4,-3037.7,0.0,0,359512.2124,-1.0000
39.714,3127,3191,Running,41,0,1,99,1,3,1.0000,1646.0,0,40.640,40.800,25.253,478.9,-3176.5,0.0,0,487137.8609,-1.0000
39.731,3127,3118,Running,41,0,1,99,1,3,1.0000,1646.0,0,40.640,40.800,25.253,470.2,-3103.2,0.0,0,397808.5651,-1.0000
39.747,3131,3189,Running,41,0,1,99,1,3,1.0000,1646.0,0,40.640,40.800,25.253,477.6,-3166.0,0.0,0,467702.9320,-1.0000
39.764,3136,3110,Running,41,0,1,99,1,3,1.0000,1646.0,0,40.640,40.800,25.253,480.4,-3190.0,0.0,0,437499.2125,-1.0000
39.781,3138,3190,Running,41,0,1,99,1,3,1.0000,1646.0,0,40.640,40.800,25.253,476.7,-3158.1,0.0,0,434708.0936,-1.0000
39.797,3147,3120,Running,41,0,1,99,1,3,1.0000,1646.0,0,40.640,40.800,25.253,490.2,-3272.5,0.0,0,549416.7218,-1.0000
39.814,3147,3187,Running,41,0,1,99,1,3,1.0000,1646.0,0,40.640,40.800,25.253,475.0,-3144.0,0.0,0,327557.9882,-1.0000
39.831,3157,3221,Running,41,0,1,99,1,3,1.0000,1646.0,0,40.640,40.800,25.253,494.2,-3306.8,0.0,0,522183.1110,-1.0000
39.847,3156,3176,Running,41,0,1,99,1,3,1.0000,1646.0,0,40.800,40.800,25.352,477.5,-3158.5,0.0,0,354306.4131,-1.0000
39.864,3163,3229,Running,42,0,1,99,1,3,1.0000,1729.9,0,41.827,42.880,25.990,491.9,-3257.6,0.0,0,521268.1017,-1.0000
39.881,3165,3163,Running,42,0,1,99,1,3,1.0000,1729.9,0,42.845,42.880,26.622,485.1,-3156.2,0.0,0,392304.2423,-1.0000
39.897,3170,3229,Running,42,0,1,99,1,3,1.0000,1729.9,0,42.880,42.880,26.644,490.0,-3173.6,0.0,0,485095.0082,-1.0000
39.914,3176,3154,Running,43,0,1,99,1,3,1.0000,1729.9,0,42.880,42.880,26.644,494.9,-3214.5,0.0,0,453232.3342,-1.0000
39.931,3179,3233,Running,43,0,1,99,1,3,1.0000,1729.9,0,42.880,42.880,26.644,489.7,-3170.8,0.0,0,433525.0799,-1.0000
39.947,3189,3167,Running,43,0,1,99,1,3,1.0000,1729.9,0,42.880,42.880,26.644,504.6,-3296.5,0.0,0,558837.3013,-1.0000
39.964,3190,3241,Running,43,0,1,99,1,3,1.0000,1729.9,0,42.880,42.880,26.644,490.4,-3176.6,0.0,0,339525.3925,-1.0000
39.981,3202,3273,Running,43,0,1,99,1,3,1.0000,1729.9,0,42.880,42.880,26.644,511.5,-3354.5,0.0,0,534508.0629,-1.0000
39.997,3203,3233,Running,43,0,1,99,1,3,1.0000,1729.9,0,42.880,42.880,26.644,494.8,-3213.9,0.0,0,372577.8826,-1.0000
40.014,3213,3306,Running,43,0,1,99,1,3,1.0000,1729.9,0,42.880,42.880,26.644,512.7,-3364.2,0.0,0,521874.2645,-1.0000
40.031,3217,3223,Running,43,0,1,99,1,3,1.0000,1729.9,0,42.880,42.880,26.644,504.7,-3297.3,0.0,0,420921.4132,-1.0000
40.047,3208,3192,Running,44,0,1,99,1,3,1.0000,1807.4,0,43.890,44.800,27.272,479.0,-3059.8,0.0,0,370808.3671,-1.0000
40.064,3202,3130,Running,44,0,1,99,1,3,1.0000,1817.1,0,44.898,45.040,27.899,482.2,-3042.9,0.0,0,436753.7259,-1.0000
40.081,3200,3237,Running,45,0,1,99,1,3,1.0000,1817.1,0,45.040,45.040,27.987,488.0,-3063.7,0.0,0,459321.7743,-1.0000
40.098,3207,3177,Running,45,0,1,99,1,3,1.0000,1817.1,0,45.040,45.040,27.987,505.3,-3206.4,0.0,0,553190.0464,-1.0000
40.114,3209,3258,Running,45,0,1,99,1,3,1.0000,1817.1,0,45.040,45.040,27.987,496.7,-3135.0,0.0,0,366006.0422,-1.0000
40.131,3222,3281,Running,45,0,1,99,1,3,1.0000,1817.1,0,45.040,45.040,27.987,521.5,-3341.7,0.0,0,544020.5921,-1.0000
40.148,3226,3282,Running,45,0,1,99,1,3,1.0000,1817.1,0,45.040,45.040,27.987,506.4,-3215.6,0.0,0,401208.8159,-1.0000
40.164,3242,3363,Running,45,0,1,99,1,3,1.0000,1817.1,0,45.040,45.040,27.987,530.9,-3420.1,0.0,0,519610.2624,-1.0000
40.181,3249,3310,Running,45,0,1,99,1,3,1.0000,1875.1,0,46.071,46.480,28.627,520.0,-3305.7,0.0,0,407034.1388,-1.0000
40.197,3264,3375,Running,46,0,1,99,1,3,1.0000,1875.1,0,46.480,46.480,28.881,535.8,-3399.3,0.0,0,552313.7867,-1.0000
40.214,3273,3307,Running,46,0,1,99,1,3,1.0000,1875.1,0,46.480,46.480,28.881,531.0,-3355.3,0.0,0,423953.8351,-1.0000
40.231,3285,3392,Running,46,0,1,99,1,3,1.0000,1875.1,0,46.480,46.480,28.881,539.1,-3422.4,0.0,0,513430.3593,-1.0000
40.247,3295,3323,Running,46,0,1,99,1,3,1.0000,1875.1,0,46.480,46.480,28.881,539.8,-3428.8,0.0,0,453991.8655,-1.0000
40.264,3305,3386,Running,46,0,1,99,1,3,1.0000,1875.1,0,46.480,46.480,28.881,541.1,-3439.5,0.0,0,518781.8551,-1.0000
40.281,3315,3313,Running,46,0,1,99,1,3,1.0000,1875.1,0,46.480,46.480,28.881,546.6,-3485.1,0.0,0,485072.6924,-1.0000
40.297,3322,3395,Running,46,0,1,99,1,3,1.0000,1875.1,0,46.480,46.480,28.881,540.4,-3433.7,0.0,0,462497.4129,-1.0000
40.314,3332,3322,Running,46,0,1,99,1,3,1.0000,1875.1,0,46.480,46.480,28.881,551.9,-3529.3,0.0,0,560903.3724,-1.0000
40.331,3336,3384,Running,46,0,1,99,1,3,1.0000,1875.1,0,46.480,46.480,28.881,539.9,-3429.7,0.0,0,415816.7192,-1.0000
40.347,3346,3330,Running,45,0,1,99,1,3,1.0000,1875.1,0,46.480,46.480,28.881,556.9,-3570.8,0.0,0,578208.8591,-1.0000
40.364,3347,3388,Running,45,0,1,99,1,3,1.0000,1875.1,0,46.480,46.480,28.881,537.5,-3409.7,0.0,0,372732.5649,-1.0000
40.381,3356,3393,Running,45,0,1,99,1,3,1.0000,1972.0,0,47.531,48.880,29.535,557.3,-3550.2,0.0,0,559623.6040,-1.0000
40.397,3354,3367,Running,45,0,1,99,1,3,1.0000,1972.0,0,48.564,48.880,30.177,537.3,-3336.5,0.0,0,417819.2307,-1.0000
40.414,3362,3422,Running,45,0,1,99,1,3,1.0000,1972.0,0,48.880,48.880,30.373,555.3,-3448.4,0.0,0,534685.9177,-1.0000
40.431,3359,3362,Running,45,0,1,99,1,3,1.0000,1972.0,0,48.880,48.880,30.373,537.7,-3302.1,0.0,0,407474.5595,-1.0000
40.447,3364,3422,Running,45,0,1,99,1,3,1.0000,1972.0,0,48.880,48.880,30.373,551.3,-3413.4,0.0,0,549335.5627,-1.0000
40.464,3362,3342,Running,45,0,1,99,1,3,1.0000,1972.0,0,48.880,48.880,30.373,540.0,-3320.7,0.0,0,437216.7506,-1.0000
40.481,3365,3399,Running,45,0,1,99,1,3,1.0000,1972.0,0,48.880,48.880,30.373,547.0,-3378.5,0.0,0,520040.9957,-1.0000
40.498,3363,3337,Running,45,0,1,99,1,3,1.0000,1972.0,0,48.880,48.880,30.373,540.9,-3328.2,0.0,0,440106.5290,-1.0000
40.514,3363,3400,Running,45,0,1,99,1,3,1.0000,1972.0,0,48.880,48.880,30.373,543.3,-3347.7,0.0,0,514683.7636,-1.0000
40.531,3363,3315,Running,45,0,1,99,1,3,1.0000,1972.0,0,48.880,48.880,30.373,543.9,-3352.9,0.0,0,463558.2229,-1.0000
40.547,3362,3378,Running,44,0,1,99,1,3,1.0000,1972.0,0,48.880,48.880,30.373,539.9,-3320.0,0.0,0,490890.9908,-1.0000
40.564,3364,3312,Running,44,0,1,99,1,3,1.0000,1972.0,0,48.880,48.880,30.373,546.4,-3373.1,0.0,0,520072.8905,-1.0000
40.581,3360,3376,Running,44,0,1,99,1,3,1.0000,1972.0,0,48.880,48.880,30.373,535.8,-3285.8,0.0,0,435836.5128,-1.0000
40.597,3363,3298,Running,44,0,1,99,1,3,1.0000,1972.0,0,48.880,48.880,30.373,548.1,-3387.3,0.0,0,576477.8301,-1.0000
40.614,3357,3353,Running,44,0,1,99,1,3,1.0000,1972.0,0,48.880,48.880,30.373,530.8,-3245.2,0.0,0,368146.3579,-1.0000
40.631,3360,3338,Running,43,0,1,99,1,3,1.0000,1972.0,0,48.880,48.880,30.373,546.9,-3377.1,0.0,0,558945.9016,-1.0000
40.647,3352,3334,Running,43,0,1,99,1,3,1.0000,1972.0,0,48.880,48.880,30.373,525.1,-3198.7,0.0,0,393328.8586,-1.0000
40.664,3354,3378,Running,43,0,1,99,1,3,1.0000,1972.0,0,48.880,48.880,30.373,542.4,-3340.3,0.0,0,533941.1989,-1.0000
40.681,3346,3319,Running,43,0,1,99,1,3,1.0000,2123.7,0,49.899,52.640,31.006,524.2,-3172.4,0.0,0,389953.6638,-1.0000
40.697,3346,3373,Running,43,0,1,99,1,3,1.0000,2123.7,0,50.923,52.640,31.642,536.3,-3227.5,0.0,0,537099.1491,-1.0000
40.714,3339,3287,Running,42,0,1,99,1,3,1.0000,2123.7,0,51.937,52.640,32.272,524.3,-3100.9,0.0,0,426679.3088,-1.0000
40.731,3336,3344,Running,42,0,1,99,1,3,1.0000,2123.7,0,52.640,52.640,32.709,529.1,-3103.3,0.0,0,497981.7916,-1.0000
40.747,3330,3272,Running,42,0,1,99,1,3,1.0000,2123.7,0,52.640,52.640,32.709,522.7,-3046.4,0.0,0,431962.2680,-1.0000
40.764,3325,3317,Running,42,0,1,99,1,3,1.0000,2123.7,0,52.640,52.640,32.709,521.5,-3037.0,0.0,0,504147.0742,-1.0000
40.781,3321,3240,Running,42,0,1,99,1,3,1.0000,2123.7,0,52.640,52.640,32.709,523.6,-3053.4,0.0,0,465801.0763,-1.0000
40.797,3313,3297,Running,42,0,1,99,1,3,1.0000,2123.7,0,52.640,52.640,32.709,512.7,-2971.1,0.0,0,436106.7592,-1.0000
40.814,3311,3216,Running,42,0,1,99,1,3,1.0000,2123.7,0,52.640,52.640,32.709,521.9,-3040.4,0.0,0,561210.5285,-1.0000
40.831,3300,3274,Running,42,0,1,99,1,3,1.0000,2123.7,0,52.640,52.640,32.709,504.1,-2906.1,0.0,0,347181.6751,-1.0000
40.847,3299,3280,Running,42,0,1,99,1,3,1.0000,2123.7,0,52.640,52.640,32.709,520.8,-3032.1,0.0,0,528872.1696,-1.0000
40.864,3288,3242,Running,40,0,1,99,1,3,1.0000,2123.7,0,52.640,52.640,32.709,499.8,-2873.7,0.0,0,385517.8518,-1.0000
40.881,3286,3306,Running,39,0,1,99,1,4,1.0000,1577.5,0,53.610,54.800,33.312,515.1,-2586.5,0.0,0,503351.8564,-1.0000
40.898,3277,3217,Running,38,0,1,99,1,4,1.0000,1577.5,0,54.570,54.800,33.908,499.9,-2464.9,0.0,0,402032.6256,-1.0000
40.914,3271,3256,Running,38,0,1,99,1,4,1.0000,1577.5,0,54.800,54.800,34.051,503.6,-2470.6,0.0,0,486776.3354,-1.0000
40.931,3261,3167,Running,37,0,1,99,1,4,1.0000,1577.5,0,54.800,54.800,34.051,493.5,-2406.6,0.0,0,404751.1612,-1.0000
40.947,3249,3191,Running,37,0,1,99,1,4,1.0000,1577.5,0,54.800,54.800,34.051,485.8,-2357.6,0.0,0,466289.3080,-1.0000
40.964,3237,3103,Running,37,0,1,99,1,4,1.0000,1577.5,0,54.800,54.800,34.051,484.8,-2352.2,0.0,0,473785.2165,-1.0000
40.981,3219,3131,Running,36,0,1,99,1,4,1.0000,1577.5,0,54.800,54.800,34.051,466.4,-2238.4,0.0,0,369274.2674,-1.0000
40.997,3208,3119,Running,36,0,1,99,1,4,1.0000,1577.5,0,54.800,54.800,34.051,475.1,-2291.2,0.0,0,478207.1250,-1.0000
41.014,3186,3073,Running,36,0,1,99,1,4,1.0000,1577.5,0,54.800,54.800,34.051,450.8,-2143.4,0.0,0,337369.6295,-1.0000
41.031,3171,3105,Running,36,0,1,99,1,4,1.0000,1577.5,0,54.800,54.800,34.051,458.5,-2190.0,0.0,0,467692.7409,-1.0000
41.048,3151,3015,Running,35,0,1,99,1,4,1.0000,1577.5,0,54.800,54.800,34.051,444.4,-2105.0,0.0,0,363012.6572,-1.0000
41.064,3133,3042,Running,34,0,1,99,1,4,1.0000,1623.6,0,54.800,56.400,34.051,440.6,-2082.3,0.0,0,447306.7490,-1.0000
41.081,3116,2956,Running,33,0,1,99,1,4,1.0000,1623.6,0,55.726,56.400,34.627,440.6,-2072.3,0.0,0,437470.0653,-1.0000
41.097,3094,2987,Running,33,0,1,99,1,4,1.0000,1623.6,0,56.400,56.400,35.045,423.4,-1950.4,0.0,0,328435.6996,-1.0000
41.114,3079,2997,Running,33,0,1,99,1,4,1.0000,1630.5,0,56.640,56.640,35.194,430.8,-1985.3,0.0,0,458495.1432,-1.0000
41.131,3055,2920,Running,32,0,1,99,1,4,1.0000,1630.5,0,56.640,56.640,35.194,409.7,-1859.0,0.0,0,296103.1233,-1.0000
41.148,3035,2943,Running,32,0,1,99,1,4,1.0000,1630.5,0,56.640,56.640,35.194,412.0,-1873.0,0.0,0,424650.1626,-1.0000
41.164,3015,2845,Running,32,0,1,99,1,4,1.0000,1630.5,0,56.640,56.640,35.194,405.6,-1835.0,0.0,0,373611.8878,-1.0000
41.181,2992,2873,Running,32,0,1,99,1,4,1.0000,1630.5,0,56.640,56.640,35.194,393.6,-1763.5,0.0,0,364885.8500,-1.0000
41.197,2976,2881,Running,32,0,1,99,1,4,1.0000,1630.5,0,56.640,56.640,35.194,400.0,-1801.5,0.0,0,408341.6990,-1.0000
41.214,2951,2817,Running,32,0,1,99,1,4,1.0000,1630.5,0,56.640,56.640,35.194,379.7,-1681.6,0.0,0,277008.0690,-1.0000
41.231,2932,2847,Running,31,0,1,99,1,4,1.0000,1630.5,0,56.640,56.640,35.194,384.4,-1709.4,0.0,0,405056.3662,-1.0000
41.247,2915,2760,Running,30,0,1,99,1,4,1.0000,1630.5,0,56.640,56.640,35.194,381.7,-1693.5,0.0,0,375406.3497,-1.0000
41.264,2893,2791,Running,30,0,1,99,1,4,1.0000,1662.7,0,57.528,57.760,35.746,369.9,-1615.8,0.0,0,314845.3085,-1.0000
41.281,2880,2813,Running,30,0,1,99,1,4,1.0000,1662.7,0,57.760,57.760,35.890,377.2,-1646.1,0.0,0,403933.5625,-1.0000
41.298,2858,2727,Running,30,0,1,99,1,4,1.0000,1662.7,0,57.760,57.760,35.890,361.1,-1554.4,0.0,0,293603.2456,-1.0000
41.314,2841,2753,Running,30,0,1,99,1,4,1.0000,1662.7,0,57.760,57.760,35.890,361.3,-1554.9,0.0,0,369727.8288,-1.0000
41.331,2827,2679,Running,29,0,1,99,1,4,1.0000,1662.7,0,57.760,57.760,35.890,363.6,-1567.7,0.0,0,407136.4304,-1.0000
41.348,2805,2695,Running,29,0,1,99,1,4,1.0000,1662.7,0,57.760,57.760,35.890,345.7,-1470.0,0.0,0,234844.4354,-1.0000
41.364,2791,2724,Running,29,0,1,99,1,4,1.0000,1662.7,0,57.760,57.760,35.890,353.1,-1509.9,0.0,0,375396.9290,-1.0000
41.381,2774,2636,Running,29,0,1,99,1,4,1.0000,1662.7,0,57.760,57.760,35.890,345.7,-1469.8,0.0,0,283202.7731,-1.0000
41.398,2756,2669,Running,29,0,1,99,1,4,1.0000,1662.7,0,57.760,57.760,35.890,339.0,-1433.2,0.0,0,343484.1412,-1.0000
41.414,2745,2694,Running,29,0,1,99,1,4,1.0000,1662.7,0,57.760,57.760,35.890,346.4,-1473.5,0.0,0,371918.2775,-1.0000
41.431,2727,2617,Running,29,0,1,99,1,4,1.0000,1662.7,0,57.760,57.760,35.890,331.4,-1391.8,0.0,0,262656.1986,-1.0000
41.447,2713,2651,Running,29,0,1,99,1,4,1.0000,1662.7,0,57.760,57.760,35.890,334.0,-1406.3,0.0,0,340950.6715,-1.0000
41.464,2705,2601,Running,29,0,1,99,1,4,1.0000,1692.6,0,58.632,58.800,36.432,339.4,-1429.5,0.0,0,402662.8729,-1.0000
41.481,2688,2610,Running,29,0,1,99,1,4,1.0000,1692.6,0,58.800,58.800,36.537,322.7,-1330.5,0.0,0,190766.9250,-1.0000
41.497,2678,2643,Running,29,0,1,99,1,4,1.0000,1692.6,0,58.800,58.800,36.537,330.8,-1373.9,0.0,0,362516.0532,-1.0000
41.514,2669,2563,Running,29,0,1,99,1,4,1.0000,1692.6,0,58.800,58.800,36.537,329.9,-1369.3,0.0,0,338002.1168,-1.0000
41.531,2656,2602,Running,29,0,1,99,1,4,1.0000,1692.6,0,58.800,58.800,36.537,319.4,-1312.5,0.0,0,257480.9557,-1.0000
41.548,2649,2633,Running,29,0,1,99,1,4,1.0000,1692.6,0,58.800,58.800,36.537,328.2,-1360.2,0.0,0,358999.9498,-1.0000
41.564,2639,2553,Running,28,0,1,99,1,4,1.0000,1692.6,0,58.800,58.800,36.537,320.7,-1319.9,0.0,0,269190.6891,-1.0000
41.581,2629,2587,Running,28,0,1,99,1,4,1.0000,1692.6,0,58.800,58.800,36.537,317.5,-1302.3,0.0,0,333996.2709,-1.0000
41.597,2625,2617,Running,28,0,1,99,1,4,1.0000,1692.6,0,58.800,58.800,36.537,326.0,-1348.5,0.0,0,361460.6266,-1.0000
41.614,2614,2545,Running,28,0,1,99,1,4,1.0000,1692.6,0,58.800,58.800,36.537,313.0,-1278.5,0.0,0,245956.5227,-1.0000
41.631,2607,2582,Running,28,0,1,99,1,4,1.0000,1692.6,0,58.800,58.800,36.537,315.8,-1293.4,0.0,0,319477.8907,-1.0000
41.648,2605,2567,Running,27,0,1,99,1,4,1.0000,1692.6,0,58.800,58.800,36.537,322.7,-1330.7,0.0,0,371748.3631,-1.0000
41.664,2593,2542,Running,27,0,1,99,1,4,1.0000,1722.6,0,59.656,59.840,37.069,306.4,-1237.5,0.0,0,200475.6679,-1.0000
41.681,2587,2569,Running,27,0,1,99,1,4,1.0000,1722.6,0,59.840,59.840,37.183,313.2,-1265.6,0.0,0,351680.2969,-1.0000
41.697,2583,2496,Running,26,0,1,99,1,4,1.0000,1722.6,0,59.840,59.840,37.183,315.5,-1277.4,0.0,0,372762.0795,-1.0000
41.714,2571,2515,Running,26,0,1,99,1,4,1.0000,1722.6,0,59.840,59.840,37.183,300.4,-1197.1,0.0,0,198754.5881,-1.0000
41.731,2564,2542,Running,26,0,1,99,1,4,1.0000,1722.6,0,59.840,59.840,37.183,307.3,-1233.5,0.0,0,326623.7576,-1.0000
41.747,2557,2462,Running,26,0,1,99,1,4,1.0000,1722.6,0,59.840,59.840,37.183,305.0,-1221.7,0.0,0,311678.7912,-1.0000
41.764,2544,2487,Running,26,0,1,99,1,4,1.0000,1731.8,0,60.160,60.160,37.382,293.3,-1156.7,0.0,0,230215.0171,-1.0000
41.781,2537,2504,Running,26,0,1,99,1,4,1.0000,1731.8,0,60.160,60.160,37.382,299.0,-1185.3,0.0,0,340356.0290,-1.0000
41.798,2527,2419,Running,26,0,1,99,1,4,1.0000,1731.8,0,60.160,60.160,37.382,293.5,-1161.0,0.0,0,257167.1159,-1.0000
41.814,2513,2451,Running,26,0,1,99,1,4,1.0000,1731.8,0,60.160,60.160,37.382,284.7,-1119.7,0.0,0,248935.1430,-1.0000
41.831,2505,2471,Running,26,0,1,99,1,4,1.0000,1731.8,0,60.160,60.160,37.382,290.1,-1142.4,0.0,0,323194.1588,-1.0000
41.847,2493,2383,Running,26,0,1,99,1,4,1.0000,1731.8,0,60.160,60.160,37.382,283.7,-1115.3,0.0,0,244792.8976,-1.0000
41.864,2479,2418,Running,26,0,1,99,1,4,1.0000,1731.8,0,60.160,60.160,37.382,277.1,-1087.5,0.0,0,264077.2751,-1.0000
41.881,2471,2441,Running,26,0,1,99,1,4,1.0000,1731.8,0,60.160,60.160,37.382,282.7,-1111.1,0.0,0,309216.3662,-1.0000
41.897,2460,2355,Running,26,0,1,99,1,4,1.0000,1731.8,0,60.160,60.160,37.382,276.1,-1083.4,0.0,0,237955.0298,-1.0000
41.914,2447,2390,Running,26,0,1,99,1,4,1.0000,1731.8,0,60.160,60.160,37.382,270.7,-1060.5,0.0,0,265132.0453,-1.0000
41.931,2440,2416,Running,26,0,1,99,1,4,1.0000,1731.8,0,60.160,60.160,37.382,276.6,-1085.4,0.0,0,304609.1895,-1.0000
41.948,2429,2332,Running,24,0,1,99,1,4,1.0000,1731.8,0,60.160,60.160,37.382,270.8,-1061.2,0.0,0,237250.2306,-1.0000
41.964,2418,2370,Running,23,0,1,99,1,4,1.0000,1747.9,0,60.720,60.720,37.730,265.8,-1039.3,0.0,0,255023.7832,-1.0000
41.981,2412,2390,Running,22,0,1,99,1,4,1.0000,1747.9,0,60.720,60.720,37.730,271.6,-1063.1,0.0,0,304198.6245,-1.0000
41.998,2402,2302,Running,21,0,1,99,1,4,1.0000,1747.9,0,60.720,60.720,37.730,265.5,-1037.5,0.0,0,236109.7098,-1.0000
42.014,2389,2324,Running,21,0,1,99,1,4,1.0000,1747.9,0,60.720,60.720,37.730,257.0,-1001.8,0.0,0,226972.8869,-1.0000
42.031,2379,2324,Running,20,0,1,99,1,4,1.0000,1747.9,0,60.720,60.720,37.730,259.3,-1011.4,0.0,0,300463.8679,-1.0000
42.047,2365,2235,Running,20,0,1,99,1,4,1.0000,1747.9,0,60.720,60.720,37.730,252.6,-983.4,0.0,0,229531.8148,-1.0000
42.064,2345,2235,Running,20,0,1,99,1,4,1.0000,1747.9,0,60.720,60.720,37.730,239.7,-929.3,0.0,0,189912.1453,-1.0000
42.070,2328,2235,Running,20,0,1,99,1,4,1.0000,1747.9,0,60.720,60.720,37.730,239.9,-930.3,0.0,0,249105.7477,-1.0000
42.070,2311,2154,Running,20,0,1,99,1,4,1.0000,1747.9,0,60.720,60.720,37.730,236.0,-914.1,0.0,0,280066.1848,-1.0000
42.070,2285,2144,Running,20,0,1,99,1,4,1.0000,1747.9,0,60.720,60.720,37.730,220.1,-850.4,0.0,0,95754.0755,-1.0000
42.131,2263,2136,Running,19,0,1,99,1,4,1.0000,1747.9,0,60.720,60.720,37.730,219.8,-849.2,0.0,0,264309.6853,-1.0000
42.147,2244,2138,Running,19,0,1,99,1,4,1.0000,1747.9,0,60.720,60.720,37.730,219.9,-849.6,0.0,0,221293.5955,-1.0000
42.164,2218,2066,Running,18,0,1,99,1,4,1.0000,1747.9,0,60.720,60.720,37.730,207.6,-801.9,0.0,0,133446.5930,-1.0000
42.181,2195,2068,Running,18,0,1,99,1,4,1.0000,1747.9,0,60.720,60.720,37.730,205.3,-793.1,0.0,0,218140.2542,-1.0000
42.198,2177,2076,Running,18,0,1,99,1,4,1.0000,1754.8,0,60.960,60.960,37.879,206.3,-796.9,0.0,0,203364.7504,-1.0000
42.214,2148,1755,Running,18,0,1,99,1,4,1.0000,1754.8,0,60.960,60.960,37.879,540.6,-2088.6,0.0,0,184450.4331,-1.0000
42.223,2088,1755,Running,17,0,1,99,1,4,1.0000,1754.8,0,60.960,60.960,37.879,236.5,-913.5,0.0,0,71633.3995,-1.0000
42.248,2037,1755,Running,17,0,1,99,1,4,1.0000,1754.8,0,60.960,60.960,37.879,233.8,-903.4,0.0,0,165633.0941,-1.0000
42.264,1993,1755,Running,17,0,1,99,1,4,1.0000,1754.8,0,60.960,60.960,37.879,236.9,-915.1,0.0,0,164589.3915,-1.0000
42.281,1957,1755,Running,17,0,1,99,1,4,1.0000,1754.8,0,60.960,60.960,37.879,96.4,-372.5,0.0,0,159498.1704,-1.0000
42.298,1926,1755,Running,17,0,1,99,1,4,1.0000,1754.8,0,60.960,60.960,37.879,202.6,-782.5,0.0,0,71517.5611,-1.0000
42.314,1899,1755,Running,16,0,1,99,1,4,1.0000,1754.8,0,60.960,60.960,37.879,216.4,-835.9,0.0,0,160782.3077,-1.0000
42.331,1877,1755,Running,16,0,1,99,1,4,1.0000,1754.8,0,60.960,60.960,37.879,225.3,-870.4,0.0,0,168337.0702,-1.0000
42.348,1858,1755,Running,16,0,1,99,1,4,1.0000,1754.8,0,60.960,60.960,37.879,109.0,-421.1,0.0,0,175640.5504,-1.0000
42.364,1842,1755,Running,16,0,1,99,1,4,1.0000,1754.8,0,60.960,60.960,37.879,185.9,-718.2,0.0,0,70423.9064,-1.0000
42.381,1829,1755,Running,16,0,1,99,1,4,1.0000,1754.8,0,60.960,60.960,37.879,214.0,-826.9,0.0,0,150711.0855,-1.0000
42.398,1818,1755,Running,16,0,1,99,1,4,1.0000,1754.8,0,60.960,60.960,37.879,221.4,-855.4,0.0,0,167168.8837,-1.0000
42.414,1808,1755,Running,16,0,1,99,1,4,1.0000,1754.8,0,60.960,60.960,37.879,129.5,-500.3,0.0,0,184242.4815,-1.0000
42.431,1800,1755,Running,16,0,1,99,1,4,1.0000,1754.8,0,60.960,60.960,37.879,160.0,-618.0,0.0,0,56184.6112,-1.0000
42.448,1793,1755,Running,15,0,1,99,1,4,1.0000,1754.8,0,60.960,60.960,37.879,206.9,-799.4,0.0,0,134777.7028,-1.0000
42.464,1786,1748,Running,15,0,1,99,1,4,1.0000,1747.9,0,60.720,60.720,37.730,222.8,-860.8,0.0,0,152720.7413,-1.0000
42.481,1780,1748,Running,15,0,1,99,1,4,1.0000,1747.9,0,60.720,60.720,37.730,157.8,-609.6,0.0,0,182554.5885,-1.0000
42.498,1775,1748,Running,15,0,1,99,1,4,1.0000,1747.9,0,60.720,60.720,37.730,119.0,-459.8,0.0,0,46289.9566,-1.0000
42.514,1771,1748,Running,15,0,1,99,1,4,1.0000,1747.9,0,60.720,60.720,37.730,198.8,-768.0,0.0,0,129072.3290,-1.0000
42.531,1768,1748,Running,15,0,1,99,1,4,1.0000,1747.9,0,60.720,60.720,37.730,201.1,-776.9,0.0,0,151946.8521,-1.0000
42.547,1764,1748,Running,15,0,1,99,1,4,1.0000,1747.9,0,60.720,60.720,37.730,178.8,-690.8,0.0,0,163441.4499,-1.0000
42.564,1762,1748,Running,15,0,1,99,1,4,1.0000,1747.9,0,60.720,60.720,37.730,83.3,-321.8,0.0,0,68732.5309,-1.0000
42.581,1760,1748,Running,15,0,1,99,1,4,1.0000,1747.9,0,60.720,60.720,37.730,190.7,-736.7,0.0,0,128691.6074,-1.0000
42.598,1758,1748,Running,15,0,1,99,1,4,1.0000,1747.9,0,60.720,60.720,37.730,190.6,-736.6,0.0,0,152551.8527,-1.0000
42.614,1756,1748,Running,15,0,1,99,1,4,1.0000,1747.9,0,60.720,60.720,37.730,188.9,-729.7,0.0,0,157390.0133,-1.0000
42.631,1755,1748,Running,16,0,1,99,1,4,1.0000,1747.9,0,60.720,60.720,37.730,64.1,-247.6,0.0,0,74758.0084,-1.0000
42.648,1754,1748,Running,17,0,1,99,1,4,1.0000,1747.9,0,60.720,60.720,37.730,186.2,-719.2,0.0,0,127212.6476,-1.0000
42.664,1754,1757,Running,17,0,1,99,1,4,1.0000,1757.1,0,61.040,61.040,37.928,175.3,-677.4,0.0,0,157106.1471,-1.0000
42.681,1755,1757,Running,17,0,1,99,1,4,1.0000,1757.1,0,61.040,61.040,37.928,195.7,-756.1,0.0,0,159641.2634,-1.0000
42.698,1755,1757,Running,18,0,1,99,1,4,1.0000,1757.1,0,61.040,61.040,37.928,64.3,-248.3,0.0,0,79792.6201,-1.0000
42.714,1755,1757,Running,18,0,1,99,1,4,1.0000,1757.1,0,61.040,61.040,37.928,196.5,-759.2,0.0,0,129887.8317,-1.0000
42.731,1756,1757,Running,18,0,1,99,1,4,1.0000,1757.1,0,61.040,61.040,37.928,198.0,-764.8,0.0,0,169417.8577,-1.0000
42.748,1756,1757,Running,18,0,1,99,1,4,1.0000,1757.1,0,61.040,61.040,37.928,211.1,-815.6,0.0,0,163169.1850,-1.0000
42.764,1756,1757,Running,18,0,1,99,1,4,1.0000,1757.1,0,61.040,61.040,37.928,69.7,-269.2,0.0,0,86459.1638,-1.0000
42.781,1756,1757,Running,18,0,1,99,1,4,1.0000,1757.1,0,61.040,61.040,37.928,206.3,-797.2,0.0,0,118280.3478,-1.0000
42.798,1755,1748,Running,18,0,1,99,1,4,1.0000,1747.9,0,60.720,60.720,37.730,220.6,-852.4,0.0,0,168511.5332,-1.0000
42.814,1754,1748,Running,18,0,1,99,1,4,1.0000,1747.9,0,60.720,60.720,37.730,221.0,-853.7,0.0,0,158503.0355,-1.0000
42.831,1753,1748,Running,18,0,1,99,1,4,1.0000,1747.9,0,60.720,60.720,37.730,74.8,-289.1,0.0,0,121947.3977,-1.0000
42.848,1752,1748,Running,18,0,1,99,1,4,1.0000,1747.9,0,60.720,60.720,37.730,212.0,-819.2,0.0,0,88779.0120,-1.0000
42.864,1752,1748,Running,18,0,1,99,1,4,1.0000,1747.9,0,60.720,60.720,37.730,212.3,-820.3,0.0,0,172054.3328,-1.0000
42.881,1751,1748,Running,18,0,1,99,1,4,1.0000,1747.9,0,60.720,60.720,37.730,223.5,-863.5,0.0,0,166288.7699,-1.0000
42.898,1751,1748,Running,18,0,1,99,1,4,1.0000,1747.9,0,60.720,60.720,37.730,82.7,-319.6,0.0,0,152225.7874,-1.0000
42.914,1750,1748,Running,18,0,1,99,1,4,1.0000,1747.9,0,60.720,60.720,37.730,207.9,-803.1,0.0,0,78771.0088,-1.0000
42.931,1750,1748,Running,18,0,1,99,1,4,1.0000,1747.9,0,60.720,60.720,37.730,214.0,-826.7,0.0,0,169401.1992,-1.0000
42.948,1750,1748,Running,18,0,1,99,1,4,1.0000,1747.9,0,60.720,60.720,37.730,225.4,-870.7,0.0,0,170505.4767,-1.0000
42.964,1749,1748,Running,18,0,1,99,1,4,1.0000,1747.9,0,60.720,60.720,37.730,96.1,-371.3,0.0,0,172222.5257,-1.0000
42.981,1748,1741,Running,18,0,1,99,1,4,1.0000,1741.0,0,60.480,60.480,37.581,209.5,-809.2,0.0,0,77421.2616,-1.0000
42.998,1747,1741,Running,18,0,1,99,1,4,1.0000,1741.0,0,60.480,60.480,37.581,219.3,-847.3,0.0,0,161659.0472,-1.0000
43.014,1746,1741,Running,18,0,1,99,1,4,1.0000,1741.0,0,60.480,60.480,37.581,231.0,-892.3,0.0,0,174500.8043,-1.0000
43.031,1745,1741,Running,18,0,1,99,1,4,1.0000,1741.0,0,60.480,60.480,37.581,128.8,-497.6,0.0,0,192358.4235,-1.0000
43.048,1745,1741,Running,18,0,1,99,1,4,1.0000,1741.0,0,60.480,60.480,37.581,179.3,-692.9,0.0,0,70407.1399,-1.0000
43.064,1744,1741,Running,18,0,1,99,1,4,1.0000,1741.0,0,60.480,60.480,37.581,223.3,-862.8,0.0,0,145088.5076,-1.0000
43.081,1744,1741,Running,18,0,1,99,1,4,1.0000,1741.0,0,60.480,60.480,37.581,231.7,-895.0,0.0,0,161794.7475,-1.0000
43.097,1743,1741,Running,18,0,1,99,1,4,1.0000,1741.0,0,60.480,60.480,37.581,172.3,-665.7,0.0,0,195687.0288,-1.0000
43.114,1743,1741,Running,18,0,1,99,1,4,1.0000,1741.0,0,60.480,60.480,37.581,136.4,-527.1,0.0,0,52088.8630,-1.0000
43.131,1743,1741,Running,18,0,1,99,1,4,1.0000,1741.0,0,60.480,60.480,37.581,223.9,-865.1,0.0,0,142297.7975,-1.0000
43.148,1742,1741,Running,17,0,1,99,1,4,1.0000,1741.0,0,60.480,60.480,37.581,227.9,-880.5,0.0,0,165792.7497,-1.0000
43.164,1742,1741,Running,17,0,1,99,1,4,1.0000,1741.0,0,60.480,60.480,37.581,208.2,-804.2,0.0,0,177704.9344,-1.0000
43.181,1742,1741,Running,17,0,1,99,1,4,1.0000,1741.0,0,60.480,60.480,37.581,98.0,-378.4,0.0,0,80855.0488,-1.0000
43.198,1742,1741,Running,16,0,1,99,1,4,1.0000,1741.0,0,60.480,60.480,37.581,221.0,-853.8,0.0,0,146232.2946,-1.0000
43.214,1742,1741,Running,16,0,1,99,1,4,1.0000,1741.0,0,60.480,60.480,37.581,220.1,-850.4,0.0,0,169350.2027,-1.0000
43.231,1742,1741,Running,16,0,1,99,1,4,1.0000,1741.0,0,60.480,60.480,37.581,220.4,-851.6,0.0,0,172850.5714,-1.0000
43.248,1742,1741,Running,16,0,1,99,1,4,1.0000,1741.0,0,60.480,60.480,37.581,77.8,-300.6,0.0,0,86357.9304,-1.0000
43.264,1741,1741,Running,15,0,1,99,1,4,1.0000,1741.0,0,60.480,60.480,37.581,212.8,-822.0,0.0,0,142508.5398,-1.0000
43.281,1741,1741,Running,15,0,1,99,1,4,1.0000,1741.0,0,60.480,60.480,37.581,211.3,-816.3,0.0,0,171587.2286,-1.0000
43.298,1741,1741,Running,15,0,1,99,1,4,1.0000,1741.0,0,60.480,60.480,37.581,218.5,-844.2,0.0,0,169375.9849,-1.0000
43.314,1741,1741,Running,15,0,1,99,1,4,1.0000,1741.0,0,60.480,60.480,37.581,72.3,-279.3,0.0,0,84273.6380,-1.0000
43.331,1741,1741,Running,15,0,1,99,1,4,1.0000,1741.0,0,60.480,60.480,37.581,205.1,-792.3,0.0,0,125992.3927,-1.0000
43.348,1741,1741,Running,15,0,1,99,1,4,1.0000,1741.0,0,60.480,60.480,37.581,201.0,-776.6,0.0,0,164013.6935,-1.0000
43.364,1741,1741,Running,15,0,1,99,1,4,1.0000,1741.0,0,60.480,60.480,37.581,208.4,-805.2,0.0,0,151571.2570,-1.0000
43.381,1740,1734,Running,14,0,1,99,1,4,1.0000,1734.1,0,60.240,60.240,37.431,76.1,-293.8,0.0,0,106114.4000,-1.0000
43.398,1739,1734,Running,14,0,1,99,1,4,1.0000,1734.1,0,60.240,60.240,37.431,191.8,-741.1,0.0,0,82418.9871,-1.0000
43.414,1738,1734,Running,14,0,1,99,1,4,1.0000,1734.1,0,60.240,60.240,37.431,187.2,-723.1,0.0,0,157866.1386,-1.0000
43.431,1738,1734,Running,14,0,1,99,1,4,1.0000,1734.1,0,60.240,60.240,37.431,192.8,-745.0,0.0,0,149549.9171,-1.0000
43.448,1737,1734,Running,13,0,1,99,1,4,1.0000,1734.1,0,60.240,60.240,37.431,63.0,-243.3,0.0,0,132702.7767,-1.0000
43.464,1737,1734,Running,13,0,1,99,1,4,1.0000,1734.1,0,60.240,60.240,37.431,168.7,-651.6,0.0,0,66563.5253,-1.0000
43.481,1736,1734,Running,13,0,1,99,1,4,1.0000,1734.1,0,60.240,60.240,37.431,171.7,-663.2,0.0,0,144350.7920,-1.0000
43.498,1736,1734,Running,13,0,1,99,1,4,1.0000,1734.1,0,60.240,60.240,37.431,178.4,-689.2,0.0,0,146520.2381,-1.0000
43.514,1736,1734,Running,13,0,1,99,1,4,1.0000,1734.1,0,60.240,60.240,37.431,70.8,-273.4,0.0,0,147044.0482,-1.0000
43.531,1735,1734,Running,13,0,1,99,1,4,1.0000,1734.1,0,60.240,60.240,37.431,146.4,-565.6,0.0,0,63668.2330,-1.0000
43.548,1735,1734,Running,12,0,1,99,1,4,1.0000,1734.1,0,60.240,60.240,37.431,164.3,-634.9,0.0,0,126926.4332,-1.0000
43.564,1735,1732,Running,11,0,1,99,1,4,1.0000,1731.8,0,60.160,60.160,37.382,174.1,-672.6,0.0,0,143546.6566,-1.0000
43.581,1734,1732,Running,10,0,1,99,1,4,1.0000,1731.8,0,60.160,60.160,37.382,93.2,-360.2,0.0,0,157211.3445,-1.0000
43.598,1734,1732,Running,9,0,1,99,1,4,1.0000,1731.8,0,60.160,60.160,37.382,107.6,-415.7,0.0,0,39503.9368,-1.0000
43.614,1734,1732,Running,9,0,1,99,1,4,1.0000,1731.8,0,60.160,60.160,37.382,143.5,-554.6,0.0,0,99493.8042,-1.0000
43.631,1733,1732,Running,8,0,1,99,1,4,1.0000,1731.8,0,60.160,60.160,37.382,140.8,-544.1,0.0,0,119219.1077,-1.0000
43.648,1733,1732,Running,8,0,1,99,1,4,1.0000,1731.8,0,60.160,60.160,37.382,105.6,-408.1,0.0,0,132885.4611,-1.0000
43.664,1733,1732,Running,8,0,1,99,1,4,1.0000,1731.8,0,60.160,60.160,37.382,47.3,-182.8,0.0,0,42149.8464,-1.0000
43.681,1733,1732,Running,8,0,1,99,1,4,1.0000,1731.8,0,60.160,60.160,37.382,113.7,-439.4,0.0,0,87648.5353,-1.0000
43.698,1733,1732,Running,8,0,1,99,1,4,1.0000,1731.8,0,60.160,60.160,37.382,108.3,-418.5,0.0,0,109557.6772,-1.0000
43.714,1732,1732,Running,8,0,1,99,1,4,1.0000,1731.8,0,60.160,60.160,37.382,98.8,-381.5,0.0,0,112593.9228,-1.0000
43.731,1732,1732,Running,8,0,1,99,1,4,1.0000,1731.8,0,60.160,60.160,37.382,12.5,-48.5,0.0,0,45455.6788,-1.0000
43.748,1732,1732,Running,7,0,1,99,1,4,1.0000,1731.8,0,60.160,60.160,37.382,90.3,-349.0,0.0,0,72913.6303,-1.0000
43.764,1731,1725,Running,7,0,1,99,1,4,1.0000,1724.9,0,59.920,59.920,37.233,94.9,-366.8,0.0,0,103086.1763,-1.0000
43.781,1730,1725,Running,7,0,1,99,1,4,1.0000,1724.9,0,59.920,59.920,37.233,85.0,-328.3,0.0,0,100790.8027,-1.0000
43.797,1729,1725,Running,6,0,1,99,1,4,1.0000,1724.9,0,59.920,59.920,37.233,0.9,-3.4,0.0,0,40383.0871,-1.0000
43.814,1729,1725,Running,6,0,1,99,1,4,1.0000,1724.9,0,59.920,59.920,37.233,70.5,-272.5,0.0,0,53500.0971,-1.0000
43.831,1728,1725,Running,6,0,1,99,1,4,1.0000,1724.9,0,59.920,59.920,37.233,62.3,-240.7,0.0,0,96786.7211,-1.0000
43.847,1728,1725,Running,6,0,1,99,1,4,1.0000,1724.9,0,59.920,59.920,37.233,61.3,-236.7,0.0,0,83099.0418,-1.0000
43.864,1727,1725,Running,6,0,1,99,1,4,1.0000,1724.9,0,59.920,59.920,37.233,-15.2,58.5,0.0,0,34573.7447,-1.0000
43.881,1725,1706,Running,5,0,1,99,1,4,1.0000,1706.5,0,59.280,59.280,36.835,68.1,-263.2,0.0,0,36633.8400,-1.0000
43.898,1722,1706,Running,5,0,1,99,1,4,1.0000,1706.5,0,59.280,59.280,36.835,39.5,-152.4,0.0,0,71183.5144,-1.0000
43.914,1720,1706,Running,5,0,1,99,1,4,1.0000,1706.5,0,59.280,59.280,36.835,41.6,-160.7,0.0,0,68984.9582,-1.0000
43.931,1718,1706,Running,5,0,1,99,1,4,1.0000,1706.5,0,59.280,59.280,36.835,-22.2,85.6,0.0,0,49797.6102,-1.0000
43.948,1716,1706,Running,5,0,1,99,1,4,1.0000,1706.5,0,59.280,59.280,36.835,23.9,-92.3,0.0,0,32757.7684,-1.0000
43.964,1715,1706,Running,5,0,1,99,1,4,1.0000,1706.5,0,59.280,59.280,36.835,28.5,-110.0,0.0,0,46078.5134,-1.0000
43.981,1713,1706,Running,5,0,1,99,1,4,1.0000,1706.5,0,59.280,59.280,36.835,31.1,-120.2,0.0,0,64463.1383,-1.0000
43.997,1712,1706,Running,4,0,1,99,1,4,1.0000,1706.5,0,59.280,59.280,36.835,-15.6,60.1,0.0,0,66709.9293,-1.0000
44.014,1711,1706,Running,4,0,1,99,1,4,1.0000,1706.5,0,59.280,59.280,36.835,0.6,-2.3,0.0,0,14041.8497,-1.0000
44.031,1711,1706,Running,4,0,1,99,1,4,1.0000,1706.5,0,59.280,59.280,36.835,12.5,-48.4,0.0,0,27427.7602,-1.0000
44.048,1710,1706,Running,4,0,1,99,1,4,1.0000,1706.5,0,59.280,59.280,36.835,9.2,-35.5,0.0,0,51100.6739,-1.0000
44.061,1709,1706,Running,3,0,1,99,1,4,1.0000,1706.5,0,59.280,59.280,36.835,-4.7,18.2,0.0,0,53697.3190,-1.0000
44.081,1707,1685,Running,3,0,1,99,1,4,1.0000,1681.1,0,58.526,58.400,36.367,-6.9,26.6,0.0,0,9971.3460,-1.0000
44.098,1703,1679,Running,3,0,1,99,1,4,1.0000,1678.8,0,58.320,58.320,36.238,10.1,-39.0,0.0,0,13093.0496,-1.0000
44.116,1699,1679,Running,2,0,1,99,1,4,1.0000,1678.8,0,58.320,58.320,36.238,-1.0,3.8,0.0,0,48152.6171,-1.0000
44.131,1696,1679,Running,2,0,1,99,1,4,1.0000,1678.8,0,58.320,58.320,36.238,0.2,-0.6,0.0,0,48667.8964,-1.0000
44.148,1693,1679,Running,2,0,1,99,1,4,1.0000,1678.8,0,58.320,58.320,36.238,-43.6,168.6,0.0,0,11491.9138,-1.0000
44.164,1691,1679,Running,2,0,1,99,1,4,1.0000,1678.8,0,58.320,58.320,36.238,-9.4,36.3,0.0,0,10543.2828,-1.0000
44.181,1689,1679,Running,2,0,1,99,1,4,1.0000,1678.8,0,58.320,58.320,36.238,-15.2,58.7,0.0,0,45189.2323,-1.0000
44.198,1688,1679,Running,2,0,1,99,1,4,1.0000,1678.8,0,58.320,58.320,36.238,-14.1,54.4,0.0,0,38084.2923,-1.0000
44.214,1686,1679,Running,2,0,1,99,1,4,1.0000,1678.8,0,58.320,58.320,36.238,-54.6,210.9,0.0,0,10170.1435,-1.0000
44.231,1685,1679,Running,2,0,1,99,1,4,1.0000,1678.8,0,58.320,58.320,36.238,-22.9,88.3,0.0,0,23764.8144,-1.0000
44.248,1684,1679,Running,3,0,1,99,1,4,1.0000,1678.8,0,58.320,58.320,36.238,-17.6,67.9,0.0,0,17176.8502,-1.0000
44.264,1683,1679,Running,3,0,1,99,1,4,1.0000,1678.8,0,58.320,58.320,36.238,-14.6,56.5,0.0,0,37552.5525,-1.0000
44.281,1683,1679,Running,3,0,1,99,1,4,1.0000,1678.8,0,58.320,58.320,36.238,-45.1,174.2,0.0,0,45200.8011,-1.0000
44.298,1682,1679,Running,3,0,1,99,1,4,1.0000,1678.8,0,58.320,58.320,36.238,-36.0,139.1,0.0,0,4849.1130,-1.0000
44.314,1682,1679,Running,3,0,1,99,1,4,1.0000,1678.8,0,58.320,58.320,36.238,-25.8,99.8,0.0,0,3757.2295,-1.0000
44.331,1681,1679,Running,3,0,1,99,1,4,1.0000,1678.8,0,58.320,58.320,36.238,-28.6,110.5,0.0,0,30565.5865,-1.0000
44.348,1681,1679,Running,3,0,1,99,1,4,1.0000,1678.8,0,58.320,58.320,36.238,-30.9,119.5,0.0,0,34033.5507,-1.0000
44.364,1681,1679,Running,3,0,1,99,1,4,1.0000,1678.8,0,58.320,58.320,36.238,-57.4,221.7,0.0,0,8662.5258,-1.0000
44.381,1680,1679,Running,3,0,1,99,1,4,1.0000,1678.8,0,58.320,58.320,36.238,-23.9,92.4,0.0,0,-2558.0131,-1.0000
44.398,1680,1679,Running,3,0,1,99,1,4,1.0000,1678.8,0,58.320,58.320,36.238,-28.1,108.5,0.0,0,43591.1216,-1.0000
44.414,1680,1679,Running,3,0,1,99,1,4,1.0000,1678.8,0,58.320,58.320,36.238,-27.6,106.6,0.0,0,39925.3246,-1.0000
44.431,1680,1679,Running,3,0,1,99,1,4,1.0000,1678.8,0,58.320,58.320,36.238,-60.3,233.1,0.0,0,2058.8469,-1.0000
44.448,1680,1679,Running,3,0,1,99,1,4,1.0000,1678.8,0,58.320,58.320,36.238,-34.9,134.8,0.0,0,16874.1070,-1.0000
44.464,1678,1657,Running,3,0,1,99,1,4,1.0000,1621.3,0,57.567,56.320,35.771,-3.3,12.8,0.0,0,26536.1214,-1.0000
44.481,1673,1636,Running,3,0,1,99,1,4,1.0000,1621.3,0,56.816,56.320,35.304,1.6,-6.2,0.0,0,31764.5753,-1.0000
44.498,1666,1621,Running,3,0,1,99,1,4,1.0000,1621.3,0,56.320,56.320,34.996,-35.8,138.4,0.0,0,27352.2370,-1.0000
44.514,1659,1621,Running,3,0,1,99,1,4,1.0000,1621.3,0,56.320,56.320,34.996,-31.2,120.6,0.0,0,19082.3184,-1.0000
44.531,1653,1621,Running,3,0,1,99,1,4,1.0000,1621.3,0,56.320,56.320,34.996,-29.4,113.4,0.0,0,4925.7341,-1.0000
44.547,1648,1621,Running,3,0,1,99,1,4,1.0000,1621.3,0,56.320,56.320,34.996,-33.6,129.7,0.0,0,27730.8956,-1.0000
44.561,1644,1621,Running,3,0,1,99,1,4,1.0000,1621.3,0,56.320,56.320,34.996,-34.6,133.5,0.0,0,32128.8256,-1.0000
44.561,1641,1621,Running,3,0,1,99,1,4,1.0000,1621.3,0,56.320,56.320,34.996,-57.3,221.2,0.0,0,10535.6932,-1.0000
44.598,1638,1621,Running,3,0,1,99,1,4,1.0000,1621.3,0,56.320,56.320,34.996,-25.9,99.9,0.0,0,1322.8733,-1.0000
44.614,1635,1621,Running,3,0,1,99,1,4,1.0000,1621.3,0,56.320,56.320,34.996,-33.0,127.6,0.0,0,43730.9606,-1.0000
44.631,1633,1621,Running,3,0,1,99,1,4,1.0000,1621.3,0,56.320,56.320,34.996,-31.5,121.9,0.0,0,32285.7908,-1.0000
44.648,1631,1621,Running,3,0,1,99,1,4,1.0000,1621.3,0,56.320,56.320,34.996,-64.2,248.1,0.0,0,11479.7011,-1.0000
44.664,1628,1600,Running,3,0,1,99,1,4,1.0000,1577.5,0,55.568,54.800,34.528,-2.2,8.5,0.0,0,28337.2878,-1.0000
44.681,1622,1578,Running,3,0,1,99,1,4,1.0000,1577.5,0,54.818,54.800,34.062,5.9,-22.9,0.0,0,13106.6017,-1.0000
44.698,1615,1577,Running,4,0,1,99,1,4,1.0000,1577.5,0,54.800,54.800,34.051,-28.7,110.9,0.0,0,33022.4762,-1.0000
44.714,1609,1577,Running,4,0,1,99,1,4,1.0000,1577.5,0,54.800,54.800,34.051,-37.3,144.1,0.0,0,30884.5004,-1.0000
44.723,1604,1577,Running,3,0,1,99,1,4,1.0000,1577.5,0,54.800,54.800,34.051,-58.0,223.9,0.0,0,9384.6279,-1.0000
44.723,1600,1577,Running,3,0,1,99,1,4,1.0000,1577.5,0,54.800,54.800,34.051,-22.8,88.2,0.0,0,2124.9508,-1.0000
44.723,1597,1577,Running,3,0,1,99,1,4,1.0000,1577.5,0,54.800,54.800,34.051,-32.0,123.8,0.0,0,44074.7095,-1.0000
44.781,1594,1577,Running,4,0,1,99,1,4,1.0000,1577.5,0,54.800,54.800,34.051,-30.2,116.8,0.0,0,31732.7916,-1.0000
44.798,1591,1577,Running,5,0,1,99,1,4,1.0000,1577.5,0,54.800,54.800,34.051,-60.4,233.4,0.0,0,23672.2358,-1.0000
44.814,1589,1577,Running,5,0,1,99,1,4,1.0000,1577.5,0,54.800,54.800,34.051,-27.2,105.0,0.0,0,27243.5166,-1.0000
44.831,1587,1577,Running,5,0,1,99,1,4,1.0000,1577.5,0,54.800,54.800,34.051,-25.8,99.8,0.0,0,11264.6248,-1.0000
44.848,1586,1577,Running,5,0,1,99,1,4,1.0000,1577.5,0,54.800,54.800,34.051,-30.4,117.4,0.0,0,31687.5177,-1.0000
44.864,1585,1578,Running,6,0,1,99,1,4,1.0000,1577.5,0,54.800,54.800,34.051,-27.6,106.4,0.0,0,39357.5465,-1.0000
44.881,1583,1577,Running,6,0,1,99,1,4,1.0000,1577.5,0,54.800,54.800,34.051,-51.6,199.3,0.0,0,15750.7488,-1.0000
44.898,1583,1577,Running,6,0,1,99,1,4,1.0000,1577.5,0,54.800,54.800,34.051,-23.4,90.4,0.0,0,16215.8713,-1.0000
44.916,1582,1577,Running,6,0,1,99,1,4,1.0000,1577.5,0,54.800,54.800,34.051,-26.7,103.0,0.0,0,38922.0944,-1.0000
44.931,1581,1577,Running,7,0,1,99,1,4,1.0000,1577.5,0,54.800,54.800,34.051,-17.4,67.3,0.0,0,41803.0047,-1.0000
44.948,1581,1578,Running,7,0,1,99,1,4,1.0000,1577.5,0,54.800,54.800,34.051,-43.2,167.0,0.0,0,51491.2497,-1.0000
44.964,1578,1556,Running,8,0,1,99,1,4,1.0000,1533.7,0,54.050,53.280,33.585,4.1,-15.9,0.0,0,19531.2451,-1.0000
44.981,1573,1534,Running,8,0,1,99,1,4,1.0000,1533.7,0,53.303,53.280,33.121,13.4,-51.9,0.0,0,9211.2556,-1.0000
44.998,1567,1534,Running,9,0,1,99,1,4,1.0000,1533.7,0,53.280,53.280,33.107,-8.6,33.1,0.0,0,45277.9740,-1.0000
45.014,1562,1534,Running,9,0,1,99,1,4,1.0000,1533.7,0,53.280,53.280,33.107,2.2,-8.4,0.0,0,57363.7372,-1.0000
45.031,1558,1534,Running,9,0,1,99,1,4,1.0000,1533.7,0,53.280,53.280,33.107,-52.6,203.4,0.0,0,18744.6545,-1.0000
45.048,1554,1534,Running,9,0,1,99,1,4,1.0000,1533.7,0,53.280,53.280,33.107,-7.3,28.2,0.0,0,39124.9661,-1.0000
45.064,1551,1534,Running,9,0,1,99,1,4,1.0000,1533.7,0,53.280,53.280,33.107,14.6,-56.4,0.0,0,42264.3935,-1.0000
45.081,1548,1534,Running,9,0,1,99,1,4,1.0000,1533.7,0,53.280,53.280,33.107,13.8,-53.1,0.0,0,60206.2996,-1.0000
45.098,1546,1534,Running,9,0,1,99,1,4,1.0000,1533.7,0,53.280,53.280,33.107,3.5,-13.5,0.0,0,55794.1850,-1.0000
45.114,1544,1534,Running,10,0,1,99,1,4,1.0000,1533.7,0,53.280,53.280,33.107,-33.0,127.5,0.0,0,30791.1497,-1.0000
45.131,1543,1534,Running,11,0,1,99,1,4,1.0000,1533.7,0,53.280,53.280,33.107,26.9,-103.8,0.0,0,40318.3132,-1.0000
45.148,1541,1534,Running,11,0,1,99,1,4,1.0000,1533.7,0,53.280,53.280,33.107,18.6,-71.9,0.0,0,63645.6578,-1.0000
45.164,1540,1534,Running,11,0,1,99,1,4,1.0000,1533.7,0,53.280,53.280,33.107,34.4,-132.8,0.0,0,72706.3851,-1.0000
45.181,1539,1534,Running,12,0,1,99,1,4,1.0000,1533.7,0,53.280,53.280,33.107,2.0,-7.9,0.0,0,98293.7143,-1.0000
45.198,1538,1534,Running,12,0,1,99,1,4,1.0000,1533.7,0,53.280,53.280,33.107,10.5,-40.6,0.0,0,14342.3669,-1.0000
45.214,1538,1534,Running,12,0,1,99,1,4,1.0000,1533.7,0,53.280,53.280,33.107,41.3,-159.6,0.0,0,44685.3243,-1.0000
45.231,1537,1534,Running,12,0,1,99,1,4,1.0000,1533.7,0,53.280,53.280,33.107,58.2,-225.0,0.0,0,93855.0223,-1.0000
45.248,1536,1534,Running,12,0,1,99,1,4,1.0000,1533.7,0,53.280,53.280,33.107,64.4,-248.6,0.0,0,85301.4945,-1.0000
45.264,1536,1534,Running,12,0,1,99,1,4,1.0000,1533.7,0,53.280,53.280,33.107,-22.8,87.9,0.0,0,61629.7251,-1.0000
45.281,1536,1534,Running,12,0,1,99,1,4,1.0000,1533.7,0,53.280,53.280,33.107,59.1,-228.5,0.0,0,61618.2556,-1.0000
45.298,1535,1534,Running,12,0,1,99,1,4,1.0000,1533.7,0,53.280,53.280,33.107,81.2,-313.7,0.0,0,79808.8144,-1.0000
45.314,1535,1534,Running,12,0,1,99,1,4,1.0000,1533.7,0,53.280,53.280,33.107,75.5,-291.8,0.0,0,76064.4563,-1.0000
45.331,1535,1534,Running,12,0,1,99,1,4,1.0000,1533.7,0,53.280,53.280,33.107,72.8,-281.2,0.0,0,99774.6128,-1.0000
45.348,1533,1512,Running,12,0,1,99,1,4,0.9973,1487.7,0,52.539,51.680,32.646,32.9,-127.2,0.0,0,56325.4668,-1.0000
45.364,1528,1492,Running,12,0,1,99,1,4,0.9973,1487.7,0,51.825,51.680,32.203,114.1,-440.9,0.0,0,55715.6146,-1.0000
45.381,1522,1488,Running,12,0,1,99,1,4,0.9973,1487.7,0,51.680,51.680,32.112,88.1,-340.5,0.0,0,94736.2606,-1.0000
45.398,1517,1488,Running,12,0,1,99,1,4,0.9973,1487.7,0,51.680,51.680,32.112,115.9,-447.9,0.0,0,114037.0257,-1.0000
45.414,1512,1488,Running,12,0,1,99,1,4,0.9973,1487.7,0,51.680,51.680,32.112,76.7,-296.4,0.0,0,84494.5248,-1.0000
45.431,1509,1488,Running,12,0,1,99,1,4,0.9973,1487.7,0,51.680,51.680,32.112,7.0,-27.0,0.0,0,37748.3732,-1.0000
45.448,1505,1488,Running,12,0,1,99,1,4,0.9973,1487.7,0,51.680,51.680,32.112,116.1,-448.4,0.0,0,81896.2576,-1.0000
45.464,1503,1488,Running,12,0,1,99,1,4,0.9973,1487.7,0,51.680,51.680,32.112,98.7,-381.3,0.0,0,88901.1262,-1.0000
45.481,1500,1488,Running,12,0,1,99,1,4,0.9973,1487.7,0,51.680,51.680,32.112,109.9,-424.4,0.0,0,105987.7970,-1.0000
45.498,1498,1488,Running,12,0,1,99,1,4,0.9973,1487.7,0,51.680,51.680,32.112,66.0,-255.2,0.0,0,137938.9047,-1.0000
45.514,1497,1488,Running,12,0,1,99,1,4,0.9973,1487.7,0,51.680,51.680,32.112,51.8,-199.9,0.0,0,2962.8647,-1.0000
45.531,1495,1488,Running,12,0,1,99,1,4,0.9973,1487.7,0,51.680,51.680,32.112,111.0,-429.0,0.0,0,78630.7355,-1.0000
45.548,1493,1474,Running,12,0,1,99,1,4,0.9945,1473.9,0,51.200,51.200,31.814,146.7,-567.0,0.0,0,115127.8025,-1.0000
45.564,1490,1474,Running,12,0,1,99,1,4,0.9945,1473.9,0,51.200,51.200,31.814,116.6,-450.6,0.0,0,85332.3985,-1.0000
45.581,1487,1474,Running,12,0,1,99,1,4,0.9945,1473.9,0,51.200,51.200,31.814,29.9,-115.5,0.0,0,121502.8627,-1.0000
45.598,1485,1474,Running,12,0,1,99,1,4,0.9945,1473.9,0,51.200,51.200,31.814,101.2,-391.1,0.0,0,34303.0769,-1.0000
45.614,1484,1474,Running,12,0,1,99,1,4,0.9945,1473.9,0,51.200,51.200,31.814,111.7,-431.5,0.0,0,65217.0824,-1.0000
45.631,1482,1474,Running,12,0,1,99,1,4,0.9945,1473.9,0,51.200,51.200,31.814,128.6,-496.8,0.0,0,119223.5981,-1.0000
45.648,1481,1474,Running,12,0,1,99,1,4,0.9945,1473.9,0,51.200,51.200,31.814,131.4,-507.7,0.0,0,90211.0659,-1.0000
45.664,1480,1474,Running,12,0,1,99,1,4,0.9945,1473.9,0,51.200,51.200,31.814,8.0,-30.9,0.0,0,94040.6753,-1.0000
45.681,1479,1474,Running,12,0,1,99,1,4,0.9945,1473.9,0,51.200,51.200,31.814,121.1,-468.0,0.0,0,68572.2075,-1.0000
45.698,1478,1474,Running,11,0,1,99,1,4,0.9945,1473.9,0,51.200,51.200,31.814,122.6,-473.7,0.0,0,57156.1578,-1.0000
45.714,1477,1474,Running,11,0,1,99,1,4,0.9945,1473.9,0,51.200,51.200,31.814,118.4,-457.3,0.0,0,103717.8816,-1.0000
45.731,1475,1455,Running,11,0,1,99,1,4,0.9894,1455.4,0,50.560,50.560,31.417,170.3,-657.8,0.0,0,117391.1158,-1.0000
45.748,1472,1455,Running,11,0,1,99,1,4,0.9894,1455.4,0,50.560,50.560,31.417,4.2,-16.1,0.0,0,61790.0992,-1.0000
45.764,1470,1455,Running,11,0,1,99,1,4,0.9894,1455.4,0,50.560,50.560,31.417,118.0,-455.9,0.0,0,66301.6943,-1.0000
45.781,1467,1455,Running,11,0,1,99,1,4,0.9894,1455.4,0,50.560,50.560,31.417,135.3,-522.6,0.0,0,73435.0802,-1.0000
45.798,1466,1455,Running,11,0,1,99,1,4,0.9894,1455.4,0,50.560,50.560,31.417,116.3,-449.1,0.0,0,89009.3404,-1.0000
45.814,1464,1455,Running,11,0,1,99,1,4,0.9894,1455.4,0,50.560,50.560,31.417,138.6,-535.6,0.0,0,121279.5546,-1.0000
45.831,1463,1455,Running,11,0,1,99,1,4,0.9894,1455.4,0,50.560,50.560,31.417,7.4,-28.7,0.0,0,52256.0978,-1.0000
45.848,1462,1455,Running,11,0,1,99,1,4,0.9894,1455.4,0,50.560,50.560,31.417,109.3,-422.1,0.0,0,60761.5882,-1.0000
45.864,1461,1455,Running,11,0,1,99,1,4,0.9894,1455.4,0,50.560,50.560,31.417,137.7,-532.0,0.0,0,90929.6438,-1.0000
45.881,1460,1455,Running,11,0,1,99,1,4,0.9894,1455.4,0,50.560,50.560,31.417,116.7,-451.0,0.0,0,77346.0350,-1.0000
45.898,1459,1455,Running,11,0,1,99,1,4,0.9894,1455.4,0,50.560,50.560,31.417,127.2,-491.5,0.0,0,113925.5029,-1.0000
45.914,1459,1455,Running,11,0,1,99,1,4,0.9894,1455.4,0,50.560,50.560,31.417,14.2,-54.8,0.0,0,52180.8460,-1.0000
45.931,1458,1455,Running,10,0,1,99,1,4,0.9894,1455.4,0,50.560,50.560,31.417,104.5,-403.9,0.0,0,54242.6620,-1.0000
45.948,1458,1455,Running,10,0,1,99,1,4,0.9894,1455.4,0,50.560,50.560,31.417,134.9,-521.0,0.0,0,104041.2836,-1.0000
45.964,1457,1455,Running,10,0,1,99,1,4,0.9894,1455.4,0,50.560,50.560,31.417,119.3,-461.1,0.0,0,71846.3932,-1.0000
45.981,1457,1455,Running,10,0,1,99,1,4,0.9894,1455.4,0,50.560,50.560,31.417,112.7,-435.5,0.0,0,104063.1155,-1.0000
45.998,1457,1455,Running,10,0,1,99,1,4,0.9894,1455.4,0,50.560,50.560,31.417,18.8,-72.6,0.0,0,52336.2426,-1.0000
46.014,1457,1455,Running,10,0,1,99,1,4,0.9894,1455.4,0,50.560,50.560,31.417,99.7,-385.1,0.0,0,48800.6701,-1.0000
46.031,1456,1455,Running,10,0,1,99,1,4,0.9894,1455.4,0,50.560,50.560,31.417,119.9,-463.3,0.0,0,102130.7067,-1.0000
46.048,1455,1435,Running,10,0,1,99,1,4,0.9810,1432.4,0,49.858,49.760,30.980,150.7,-582.1,0.0,0,77561.4851,-1.0000
46.064,1451,1432,Running,10,0,1,99,1,4,0.9810,1432.4,0,49.760,49.760,30.919,104.1,-402.1,0.0,0,90314.2361,-1.0000
46.081,1448,1432,Running,10,0,1,99,1,4,0.9810,1432.4,0,49.760,49.760,30.919,18.8,-72.8,0.0,0,48068.4793,-1.0000
46.098,1446,1432,Running,10,0,1,99,1,4,0.9810,1432.4,0,49.760,49.760,30.919,92.6,-357.6,0.0,0,44467.9763,-1.0000
46.114,1444,1432,Running,10,0,1,99,1,4,0.9810,1432.4,0,49.760,49.760,30.919,114.3,-441.8,0.0,0,96582.8644,-1.0000
46.131,1442,1432,Running,10,0,1,99,1,4,0.9810,1432.4,0,49.760,49.760,30.919,114.5,-442.4,0.0,0,72484.3460,-1.0000
46.148,1441,1432,Running,10,0,1,99,1,4,0.9810,1432.4,0,49.760,49.760,30.919,95.1,-367.2,0.0,0,89011.9107,-1.0000
46.164,1439,1432,Running,10,0,1,99,1,4,0.9810,1432.4,0,49.760,49.760,30.919,14.7,-56.8,0.0,0,45959.5562,-1.0000
46.181,1438,1432,Running,10,0,1,99,1,4,0.9810,1432.4,0,49.760,49.760,30.919,85.9,-331.9,0.0,0,43577.6950,-1.0000
46.184,1437,1432,Running,10,0,1,99,1,4,0.9810,1432.4,0,49.760,49.760,30.919,111.7,-431.6,0.0,0,93586.1927,-1.0000
46.214,1437,1432,Running,10,0,1,99,1,4,0.9810,1432.4,0,49.760,49.760,30.919,107.2,-414.1,0.0,0,68984.8313,-1.0000
46.231,1436,1432,Running,11,0,1,99,1,4,0.9810,1432.4,0,49.760,49.760,30.919,92.5,-357.4,0.0,0,88815.7248,-1.0000
46.248,1496,1975,Running,11,0,1,99,1,3,1.0000,1975.2,0,48.960,48.960,30.422,-744.4,4030.5,0.0,0,67213.9179,-1.0000
46.264,1569,1975,Running,12,0,1,99,1,3,1.0000,1972.0,0,48.960,48.880,30.422,65.8,-356.0,0.0,0,119583.2942,-1.0000
46.281,1632,1975,Running,12,0,1,99,1,3,1.0000,1972.0,0,48.960,48.880,30.422,75.9,-411.1,0.0,0,149254.5682,-1.0000
46.298,1685,1975,Running,12,0,1,99,1,3,1.0000,1972.0,0,48.960,48.880,30.422,56.2,-304.3,0.0,0,177142.6675,-1.0000
46.314,1729,1975,Running,12,0,1,99,1,3,1.0000,1972.0,0,48.960,48.880,30.422,33.8,-183.3,0.0,0,77762.3406,-1.0000
46.331,1767,1975,Running,12,0,1,99,1,3,1.0000,1972.0,0,48.960,48.880,30.422,74.4,-403.0,0.0,0,105905.5362,-1.0000
46.348,1799,1975,Running,12,0,1,99,1,3,1.0000,1972.0,0,48.960,48.880,30.422,87.6,-474.4,0.0,0,135425.0617,-1.0000
46.364,1826,1975,Running,12,0,1,99,1,3,1.0000,1972.0,0,48.960,48.880,30.422,15.3,-83.0,0.0,0,118071.2008,-1.0000
46.381,1849,1975,Running,12,0,1,99,1,3,1.0000,1972.0,0,48.960,48.880,30.422,78.1,-422.9,0.0,0,84326.1302,-1.0000
46.398,1868,1975,Running,14,0,1,99,1,3,1.0000,1972.0,0,48.960,48.880,30.422,75.9,-411.2,0.0,0,151730.5343,-1.0000
46.414,1885,1975,Running,15,0,1,99,1,3,1.0000,1972.0,0,48.960,48.880,30.422,79.9,-432.5,0.0,0,130216.4267,-1.0000
46.431,1899,1975,Running,15,0,1,99,1,3,1.0000,1972.0,0,48.960,48.880,30.422,10.2,-55.4,0.0,0,75814.5337,-1.0000
46.448,1910,1972,Running,16,0,1,99,1,3,1.0000,1972.0,0,48.880,48.880,30.373,95.2,-515.6,0.0,0,116328.9790,-1.0000
46.464,1920,1972,Running,16,0,1,99,1,3,1.0000,1972.0,0,48.880,48.880,30.373,95.3,-515.9,0.0,0,150260.9653,-1.0000
46.481,1928,1972,Running,16,0,1,99,1,3,1.0000,1972.0,0,48.880,48.880,30.373,49.1,-265.7,0.0,0,179443.8946,-1.0000
46.498,1934,1972,Running,16,0,1,99,1,3,1.0000,1972.0,0,48.880,48.880,30.373,64.4,-348.5,0.0,0,57194.4127,-1.0000
46.514,1940,1972,Running,17,0,1,99,1,3,1.0000,1972.0,0,48.880,48.880,30.373,108.2,-585.8,0.0,0,126912.1270,-1.0000
46.531,1945,1972,Running,17,0,1,99,1,3,1.0000,1972.0,0,48.880,48.880,30.373,125.8,-681.0,0.0,0,157177.8838,-1.0000
46.548,1949,1972,Running,17,0,1,99,1,3,1.0000,1972.0,0,48.880,48.880,30.373,35.2,-190.5,0.0,0,132754.2901,-1.0000
46.564,1953,1972,Running,17,0,1,99,1,3,1.0000,1972.0,0,48.880,48.880,30.373,122.3,-662.0,0.0,0,115687.1949,-1.0000
46.581,1956,1972,Running,17,0,1,99,1,3,1.0000,1972.0,0,48.880,48.880,30.373,123.2,-667.1,0.0,0,170310.4743,-1.0000
46.598,1958,1972,Running,16,0,1,99,1,3,1.0000,1972.0,0,48.880,48.880,30.373,137.8,-745.8,0.0,0,161918.4624,-1.0000
46.614,1960,1972,Running,16,0,1,99,1,3,1.0000,1972.0,0,48.880,48.880,30.373,48.3,-261.3,0.0,0,99243.0182,-1.0000
46.631,1960,1956,Running,16,0,1,99,1,3,1.0000,1955.8,0,48.480,48.480,30.124,164.6,-891.1,0.0,0,150978.7922,-1.0000
46.648,1960,1956,Running,16,0,1,99,1,3,1.0000,1955.8,0,48.480,48.480,30.124,146.0,-790.5,0.0,0,183307.6236,-1.0000
46.664,1959,1956,Running,16,0,1,99,1,3,1.0000,1955.8,0,48.480,48.480,30.124,77.7,-420.7,0.0,0,197269.2941,-1.0000
46.681,1959,1956,Running,15,0,1,99,1,3,1.0000,1955.8,0,48.480,48.480,30.124,108.7,-588.3,0.0,0,66037.6362,-1.0000
46.698,1958,1956,Running,15,0,1,99,1,3,1.0000,1955.8,0,48.480,48.480,30.124,148.2,-802.5,0.0,0,150218.5571,-1.0000
46.714,1958,1956,Running,15,0,1,99,1,3,1.0000,1955.8,0,48.480,48.480,30.124,157.5,-852.5,0.0,0,171972.7128,-1.0000
46.731,1957,1956,Running,15,0,1,99,1,3,1.0000,1955.8,0,48.480,48.480,30.124,49.7,-269.1,0.0,0,141952.0212,-1.0000
46.748,1957,1956,Running,15,0,1,99,1,3,1.0000,1955.8,0,48.480,48.480,30.124,142.7,-772.5,0.0,0,120449.0037,-1.0000
46.764,1957,1956,Running,15,0,1,99,1,3,1.0000,1955.8,0,48.480,48.480,30.124,140.6,-761.3,0.0,0,176246.9054,-1.0000
46.781,1957,1956,Running,15,0,1,99,1,3,1.0000,1955.8,0,48.480,48.480,30.124,149.9,-811.8,0.0,0,162263.3711,-1.0000
46.798,1957,1956,Running,15,0,1,99,1,3,1.0000,1955.8,0,48.480,48.480,30.124,52.0,-281.5,0.0,0,94957.2412,-1.0000
46.814,1957,1956,Running,14,0,1,99,1,3,1.0000,1955.8,0,48.480,48.480,30.124,147.8,-800.5,0.0,0,147369.7340,-1.0000
46.831,1955,1940,Running,14,0,1,99,1,3,1.0000,1939.7,0,48.080,48.080,29.876,169.3,-916.8,0.0,0,175488.9142,-1.0000
46.848,1952,1940,Running,13,0,1,99,1,3,1.0000,1939.7,0,48.080,48.080,29.876,85.1,-460.7,0.0,0,199375.4562,-1.0000
46.864,1950,1940,Running,13,0,1,99,1,3,1.0000,1939.7,0,48.080,48.080,29.876,95.0,-514.5,0.0,0,60709.0427,-1.0000
46.881,1949,1940,Running,13,0,1,99,1,3,1.0000,1939.7,0,48.080,48.080,29.876,133.4,-722.4,0.0,0,132447.3572,-1.0000
46.898,1947,1940,Running,13,0,1,99,1,3,1.0000,1939.7,0,48.080,48.080,29.876,142.3,-770.4,0.0,0,155308.7716,-1.0000
46.914,1946,1940,Running,13,0,1,99,1,3,1.0000,1939.7,0,48.080,48.080,29.876,44.1,-238.6,0.0,0,132991.1917,-1.0000
46.931,1945,1940,Running,13,0,1,99,1,3,1.0000,1939.7,0,48.080,48.080,29.876,124.0,-671.2,0.0,0,88228.8584,-1.0000
46.948,1944,1940,Running,13,0,1,99,1,3,1.0000,1939.7,0,48.080,48.080,29.876,120.2,-650.7,0.0,0,171999.7129,-1.0000
46.964,1944,1940,Running,12,0,1,99,1,3,1.0000,1939.7,0,48.080,48.080,29.876,121.7,-658.9,0.0,0,145803.7347,-1.0000
46.981,1943,1940,Running,12,0,1,99,1,3,1.0000,1939.7,0,48.080,48.080,29.876,26.8,-145.0,0.0,0,73049.8629,-1.0000
46.998,1943,1940,Running,12,0,1,99,1,3,1.0000,1939.7,0,48.080,48.080,29.876,116.4,-630.4,0.0,0,117107.2823,-1.0000
47.014,1941,1927,Running,12,0,1,99,1,3,1.0000,1926.8,0,47.760,47.760,29.677,134.7,-729.6,0.0,0,143316.7734,-1.0000
47.031,1938,1927,Running,12,0,1,99,1,3,1.0000,1926.8,0,47.760,47.760,29.677,90.8,-491.4,0.0,0,161585.8432,-1.0000
47.048,1937,1927,Running,12,0,1,99,1,3,1.0000,1926.8,0,47.760,47.760,29.677,47.9,-259.5,0.0,0,75599.4974,-1.0000
47.064,1935,1927,Running,12,0,1,99,1,3,1.0000,1926.8,0,47.760,47.760,29.677,100.2,-542.7,0.0,0,114851.9329,-1.0000
47.081,1934,1927,Running,12,0,1,99,1,3,1.0000,1926.8,0,47.760,47.760,29.677,103.2,-558.6,0.0,0,128000.2176,-1.0000
47.098,1933,1927,Running,12,0,1,99,1,3,1.0000,1926.8,0,47.760,47.760,29.677,29.2,-157.9,0.0,0,121303.4840,-1.0000
47.114,1932,1927,Running,12,0,1,99,1,3,1.0000,1926.8,0,47.760,47.760,29.677,88.7,-480.3,0.0,0,57614.5955,-1.0000
47.131,1931,1927,Running,12,0,1,99,1,3,1.0000,1926.8,0,47.760,47.760,29.677,98.7,-534.4,0.0,0,128443.5969,-1.0000
47.148,1930,1927,Running,12,0,1,99,1,3,1.0000,1926.8,0,47.760,47.760,29.677,102.3,-553.7,0.0,0,137883.6733,-1.0000
47.164,1928,1914,Running,12,0,1,99,1,3,1.0000,1913.9,0,47.440,47.440,29.478,32.8,-177.7,0.0,0,84119.2115,-1.0000
47.181,1926,1914,Running,12,0,1,99,1,3,1.0000,1913.9,0,47.440,47.440,29.478,87.7,-474.8,0.0,0,87092.3963,-1.0000
47.198,1924,1914,Running,12,0,1,99,1,3,1.0000,1913.9,0,47.440,47.440,29.478,83.8,-453.8,0.0,0,126834.1924,-1.0000
47.214,1923,1914,Running,12,0,1,99,1,3,1.0000,1913.9,0,47.440,47.440,29.478,89.3,-483.3,0.0,0,122194.7927,-1.0000
47.231,1921,1914,Running,12,0,1,99,1,3,1.0000,1913.9,0,47.440,47.440,29.478,12.4,-67.1,0.0,0,63984.5396,-1.0000
47.248,1919,1904,Running,12,0,1,99,1,3,1.0000,1904.2,0,47.200,47.200,29.329,101.3,-548.7,0.0,0,97567.9319,-1.0000
47.264,1917,1904,Running,12,0,1,99,1,3,1.0000,1904.2,0,47.200,47.200,29.329,89.2,-483.0,0.0,0,124241.6831,-1.0000
47.281,1915,1904,Running,12,0,1,99,1,3,1.0000,1904.2,0,47.200,47.200,29.329,59.2,-320.8,0.0,0,146419.4390,-1.0000
47.298,1913,1904,Running,12,0,1,99,1,3,1.0000,1904.2,0,47.200,47.200,29.329,35.8,-193.7,0.0,0,57118.1977,-1.0000
47.314,1912,1904,Running,12,0,1,99,1,3,1.0000,1904.2,0,47.200,47.200,29.329,78.0,-422.4,0.0,0,92975.7101,-1.0000
47.331,1911,1904,Running,12,0,1,99,1,3,1.0000,1904.2,0,47.200,47.200,29.329,82.7,-447.8,0.0,0,115205.9745,-1.0000
47.348,1910,1904,Running,12,0,1,99,1,3,1.0000,1904.2,0,47.200,47.200,29.329,15.6,-84.5,0.0,0,109724.4428,-1.0000
47.364,1909,1904,Running,12,0,1,99,1,3,1.0000,1904.2,0,47.200,47.200,29.329,68.7,-372.2,0.0,0,51197.2476,-1.0000
47.381,1908,1904,Running,12,0,1,99,1,3,1.0000,1904.2,0,47.200,47.200,29.329,81.8,-443.0,0.0,0,109337.4733,-1.0000
47.398,1907,1904,Running,12,0,1,99,1,3,1.0000,1904.2,0,47.200,47.200,29.329,88.4,-478.8,0.0,0,123449.8252,-1.0000
47.414,1907,1904,Running,11,0,1,99,1,3,1.0000,1904.2,0,47.200,47.200,29.329,8.6,-46.5,0.0,0,86741.9937,-1.0000
47.431,1907,1904,Running,11,0,1,99,1,3,1.0000,1904.2,0,47.200,47.200,29.329,78.1,-422.6,0.0,0,76478.3323,-1.0000
47.448,1904,1885,Running,11,0,1,99,1,3,1.0000,1884.8,0,46.720,46.720,29.030,103.0,-557.9,0.0,0,127500.5911,-1.0000
47.464,1901,1885,Running,11,0,1,99,1,3,1.0000,1884.8,0,46.720,46.720,29.030,80.1,-433.8,0.0,0,114773.5249,-1.0000
47.481,1899,1885,Running,11,0,1,99,1,3,1.0000,1884.8,0,46.720,46.720,29.030,0.9,-4.7,0.0,0,55052.2999,-1.0000
47.498,1897,1885,Running,11,0,1,99,1,3,1.0000,1884.8,0,46.720,46.720,29.030,75.3,-407.7,0.0,0,83146.1200,-1.0000
47.514,1895,1885,Running,11,0,1,99,1,3,1.0000,1884.8,0,46.720,46.720,29.030,76.5,-414.2,0.0,0,115965.3325,-1.0000
47.531,1893,1885,Running,11,0,1,99,1,3,1.0000,1884.8,0,46.720,46.720,29.030,75.4,-408.4,0.0,0,120305.0485,-1.0000
47.548,1892,1885,Running,11,0,1,99,1,3,1.0000,1884.8,0,46.720,46.720,29.030,9.9,-53.5,0.0,0,61189.8273,-1.0000
47.564,1891,1885,Running,11,0,1,99,1,3,1.0000,1884.8,0,46.720,46.720,29.030,76.4,-413.7,0.0,0,92009.1841,-1.0000
47.581,1890,1885,Running,11,0,1,99,1,3,1.0000,1884.8,0,46.720,46.720,29.030,78.4,-424.5,0.0,0,118682.0251,-1.0000
47.598,1889,1885,Running,11,0,1,99,1,3,1.0000,1884.8,0,46.720,46.720,29.030,40.6,-219.8,0.0,0,144322.0559,-1.0000
47.614,1888,1885,Running,11,0,1,99,1,3,1.0000,1884.8,0,46.720,46.720,29.030,34.5,-186.8,0.0,0,42042.0174,-1.0000
47.631,1888,1885,Running,10,0,1,99,1,3,1.0000,1884.8,0,46.720,46.720,29.030,67.9,-367.8,0.0,0,84425.6429,-1.0000
47.648,1886,1869,Running,10,0,1,99,1,3,1.0000,1868.7,0,46.320,46.320,28.782,95.7,-518.2,0.0,0,109242.9765,-1.0000
47.664,1883,1869,Running,10,0,1,99,1,3,1.0000,1868.7,0,46.320,46.320,28.782,9.3,-50.5,0.0,0,103428.7719,-1.0000
47.681,1881,1869,Running,10,0,1,99,1,3,1.0000,1868.7,0,46.320,46.320,28.782,55.2,-299.1,0.0,0,47642.2481,-1.0000
47.698,1879,1869,Running,10,0,1,99,1,3,1.0000,1868.7,0,46.320,46.320,28.782,67.4,-364.7,0.0,0,92677.9315,-1.0000
47.714,1877,1869,Running,10,0,1,99,1,3,1.0000,1868.7,0,46.320,46.320,28.782,73.3,-396.9,0.0,0,109744.3985,-1.0000
47.731,1876,1869,Running,10,0,1,99,1,3,1.0000,1868.7,0,46.320,46.320,28.782,0.7,-3.7,0.0,0,84770.7143,-1.0000
47.748,1875,1869,Running,10,0,1,99,1,3,1.0000,1868.7,0,46.320,46.320,28.782,60.7,-328.8,0.0,0,55204.7583,-1.0000
47.764,1874,1869,Running,10,0,1,99,1,3,1.0000,1868.7,0,46.320,46.320,28.782,62.4,-338.1,0.0,0,110086.7045,-1.0000
47.781,1873,1869,Running,10,0,1,99,1,3,1.0000,1868.7,0,46.320,46.320,28.782,67.2,-363.6,0.0,0,111253.7003,-1.0000
47.798,1872,1869,Running,10,0,1,99,1,3,1.0000,1868.7,0,46.320,46.320,28.782,-6.4,34.5,0.0,0,59253.8712,-1.0000
47.814,1872,1869,Running,10,0,1,99,1,3,1.0000,1868.7,0,46.320,46.320,28.782,56.7,-307.1,0.0,0,67162.3173,-1.0000
47.831,1871,1869,Running,10,0,1,99,1,3,1.0000,1868.7,0,46.320,46.320,28.782,54.0,-292.6,0.0,0,108687.7398,-1.0000
47.848,1869,1840,Running,10,0,1,99,1,3,1.0000,1836.4,0,45.613,45.520,28.343,97.8,-529.4,0.0,0,101783.7129,-1.0000
47.864,1864,1836,Running,10,0,1,99,1,3,1.0000,1836.4,0,45.520,45.520,28.285,-5.3,28.7,0.0,0,46716.0236,-1.0000
47.881,1860,1836,Running,10,0,1,99,1,3,1.0000,1836.4,0,45.520,45.520,28.285,56.8,-307.4,0.0,0,65848.8710,-1.0000
47.898,1856,1836,Running,10,0,1,99,1,3,1.0000,1836.4,0,45.520,45.520,28.285,55.1,-298.1,0.0,0,102318.7518,-1.0000
47.914,1853,1836,Running,10,0,1,99,1,3,1.0000,1836.4,0,45.520,45.520,28.285,58.4,-316.3,0.0,0,101570.6756,-1.0000
47.931,1850,1836,Running,10,0,1,99,1,3,1.0000,1836.4,0,45.520,45.520,28.285,-8.8,47.9,0.0,0,49004.0263,-1.0000
47.948,1848,1836,Running,10,0,1,99,1,3,1.0000,1836.4,0,45.520,45.520,28.285,57.5,-311.5,0.0,0,71410.3022,-1.0000
47.964,1846,1836,Running,10,0,1,99,1,3,1.0000,1836.4,0,45.520,45.520,28.285,57.4,-311.0,0.0,0,100247.0640,-1.0000
47.981,1845,1836,Running,10,0,1,99,1,3,1.0000,1836.4,0,45.520,45.520,28.285,55.3,-299.2,0.0,0,105339.5347,-1.0000
47.998,1844,1836,Running,11,0,1,99,1,3,1.0000,1836.4,0,45.520,45.520,28.285,-4.2,22.7,0.0,0,50588.5389,-1.0000
48.014,1843,1836,Running,11,0,1,99,1,3,1.0000,1836.4,0,45.520,45.520,28.285,58.1,-314.4,0.0,0,74632.2550,-1.0000
48.031,1842,1836,Running,11,0,1,99,1,3,1.0000,1836.4,0,45.520,45.520,28.285,60.0,-325.0,0.0,0,101111.5989,-1.0000
48.048,1841,1836,Running,11,0,1,99,1,3,1.0000,1836.4,0,45.520,45.520,28.285,46.5,-251.8,0.0,0,112232.0213,-1.0000
48.064,1840,1836,Running,11,0,1,99,1,3,1.0000,1836.4,0,45.520,45.520,28.285,6.5,-35.2,0.0,0,49617.6065,-1.0000
48.081,1840,1836,Running,11,0,1,99,1,3,1.0000,1836.4,0,45.520,45.520,28.285,61.4,-332.5,0.0,0,78784.7856,-1.0000
48.098,1839,1836,Running,11,0,1,99,1,3,1.0000,1836.4,0,45.520,45.520,28.285,65.6,-355.4,0.0,0,105534.2716,-1.0000
48.114,1839,1836,Running,12,0,1,99,1,3,1.0000,1836.4,0,45.520,45.520,28.285,35.2,-190.5,0.0,0,127661.3701,-1.0000
48.131,1838,1836,Running,12,0,1,99,1,3,1.0000,1836.4,0,45.520,45.520,28.285,24.2,-130.9,0.0,0,42162.2426,-1.0000
48.148,1838,1836,Running,12,0,1,99,1,3,1.0000,1836.4,0,45.520,45.520,28.285,65.6,-355.0,0.0,0,83246.3924,-1.0000
48.164,1838,1836,Running,12,0,1,99,1,3,1.0000,1836.4,0,45.520,45.520,28.285,70.9,-383.9,0.0,0,109412.0019,-1.0000
48.181,1838,1836,Running,12,0,1,99,1,3,1.0000,1836.4,0,45.520,45.520,28.285,-54.1,292.8,0.0,0,70873.0786,-1.0000
48.198,1837,1836,Running,12,0,1,99,1,3,1.0000,1836.4,0,45.520,45.520,28.285,41.6,-225.4,0.0,0,49707.4902,-1.0000
48.214,1837,1836,Running,12,0,1,99,1,3,1.0000,1836.4,0,45.520,45.520,28.285,68.4,-370.4,0.0,0,85722.8740,-1.0000
48.231,1835,1808,Running,11,0,1,99,1,3,1.0000,1791.2,0,44.821,44.400,27.850,114.4,-619.6,0.0,0,110063.7124,-1.0000
48.248,1829,1791,Running,11,0,1,99,1,3,1.0000,1791.2,0,44.400,44.400,27.589,44.7,-241.9,0.0,0,115861.7453,-1.0000
48.264,1823,1791,Running,11,0,1,99,1,3,1.0000,1791.2,0,44.400,44.400,27.589,55.9,-302.9,0.0,0,47406.0481,-1.0000
48.281,1818,1791,Running,11,0,1,99,1,3,1.0000,1791.2,0,44.400,44.400,27.589,75.2,-407.0,0.0,0,85869.0478,-1.0000
48.298,1814,1791,Running,11,0,1,99,1,3,1.0000,1791.2,0,44.400,44.400,27.589,81.1,-439.3,0.0,0,110169.2468,-1.0000
48.314,1811,1791,Running,11,0,1,99,1,3,1.0000,1791.2,0,44.400,44.400,27.589,22.3,-120.6,0.0,0,117854.3541,-1.0000
48.331,1808,1791,Running,11,0,1,99,1,3,1.0000,1791.2,0,44.400,44.400,27.589,55.2,-299.0,0.0,0,47529.4896,-1.0000
48.348,1803,1772,Running,11,0,1,99,1,3,1.0000,1771.9,0,43.920,43.920,27.291,104.4,-565.2,0.0,0,86427.1889,-1.0000
48.364,1798,1772,Running,11,0,1,99,1,3,1.0000,1771.9,0,43.920,43.920,27.291,84.4,-457.1,0.0,0,110189.9900,-1.0000
48.381,1794,1772,Running,11,0,1,99,1,3,1.0000,1771.9,0,43.920,43.920,27.291,28.9,-156.6,0.0,0,122038.6560,-1.0000
48.398,1791,1772,Running,11,0,1,99,1,3,1.0000,1771.9,0,43.920,43.920,27.291,51.9,-280.9,0.0,0,43397.1730,-1.0000
48.414,1788,1772,Running,11,0,1,99,1,3,1.0000,1771.9,0,43.920,43.920,27.291,78.8,-426.5,0.0,0,84557.0515,-1.0000
48.431,1785,1772,Running,11,0,1,99,1,3,1.0000,1771.9,0,43.920,43.920,27.291,84.1,-455.2,0.0,0,108647.4513,-1.0000
48.448,1782,1759,Running,11,0,1,99,1,3,1.0000,1759.0,0,43.600,43.600,27.092,58.1,-314.5,0.0,0,127567.1771,-1.0000
48.464,1778,1759,Running,11,0,1,99,1,3,1.0000,1759.0,0,43.600,43.600,27.092,40.8,-220.9,0.0,0,32068.2677,-1.0000
48.464,1775,1759,Running,11,0,1,99,1,3,1.0000,1759.0,0,43.600,43.600,27.092,79.5,-430.2,0.0,0,78603.0916,-1.0000
48.464,1773,1759,Running,11,0,1,99,1,3,1.0000,1759.0,0,43.600,43.600,27.092,84.0,-454.8,0.0,0,103411.8393,-1.0000
48.464,1771,1759,Running,12,0,1,99,1,3,1.0000,1759.0,0,43.600,43.600,27.092,59.3,-320.9,0.0,0,118739.5567,-1.0000
48.464,1769,1759,Running,12,0,1,99,1,3,1.0000,1759.0,0,43.600,43.600,27.092,23.5,-127.2,0.0,0,43591.2785,-1.0000
48.464,1767,1759,Running,12,0,1,99,1,3,1.0000,1759.0,0,43.600,43.600,27.092,81.3,-440.1,0.0,0,81050.4750,-1.0000
48.464,1766,1759,Running,12,0,1,99,1,3,1.0000,1759.0,0,43.600,43.600,27.092,84.5,-457.6,0.0,0,106641.2629,-1.0000
48.464,1765,1759,Running,12,0,1,99,1,3,1.0000,1759.0,0,43.600,43.600,27.092,74.6,-404.1,0.0,0,115324.6171,-1.0000
48.599,1764,1759,Running,12,0,1,99,1,3,1.0000,1759.0,0,43.600,43.600,27.092,11.9,-64.7,0.0,0,51994.7601,-1.0000
48.614,1763,1759,Running,12,0,1,99,1,3,1.0000,1759.0,0,43.600,43.600,27.092,84.0,-455.0,0.0,0,83522.7765,-1.0000
48.631,1763,1759,Running,12,0,1,99,1,3,1.0000,1759.0,0,43.600,43.600,27.092,85.4,-462.1,0.0,0,110242.2520,-1.0000
48.648,1762,1759,Running,12,0,1,99,1,3,1.0000,1759.0,0,43.600,43.600,27.092,85.2,-461.1,0.0,0,115600.2331,-1.0000
48.648,1762,1759,Running,12,0,1,99,1,3,1.0000,1759.0,0,43.600,43.600,27.092,7.0,-37.6,0.0,0,55925.9541,-1.0000
48.681,1761,1759,Running,12,0,1,99,1,3,1.0000,1759.0,0,43.600,43.600,27.092,87.6,-474.5,0.0,0,85025.8037,-1.0000
48.698,1761,1759,Running,12,0,1,99,1,3,1.0000,1759.0,0,43.600,43.600,27.092,88.2,-477.3,0.0,0,115921.4864,-1.0000
48.714,1761,1759,Running,12,0,1,99,1,3,1.0000,1759.0,0,43.600,43.600,27.092,93.3,-505.2,0.0,0,118196.6840,-1.0000
48.731,1760,1759,Running,12,0,1,99,1,3,1.0000,1759.0,0,43.600,43.600,27.092,7.7,-41.7,0.0,0,58221.9532,-1.0000
48.748,1760,1759,Running,12,0,1,99,1,3,1.0000,1759.0,0,43.600,43.600,27.092,92.7,-502.0,0.0,0,84459.3783,-1.0000
48.764,1758,1740,Running,13,0,1,99,1,3,1.0000,1739.6,0,43.120,43.120,26.794,120.5,-652.5,0.0,0,122883.9015,-1.0000
48.781,1755,1740,Running,13,0,1,99,1,3,1.0000,1739.6,0,43.120,43.120,26.794,102.3,-554.0,0.0,0,119491.3676,-1.0000
48.798,1753,1740,Running,13,0,1,99,1,3,1.0000,1739.6,0,43.120,43.120,26.794,10.7,-58.0,0.0,0,57477.0710,-1.0000
48.814,1751,1740,Running,13,0,1,99,1,3,1.0000,1739.6,0,43.120,43.120,26.794,98.8,-534.8,0.0,0,79180.0489,-1.0000
48.831,1749,1740,Running,13,0,1,99,1,3,1.0000,1739.6,0,43.120,43.120,26.794,99.0,-536.0,0.0,0,120248.8105,-1.0000
48.848,1748,1740,Running,13,0,1,99,1,3,1.0000,1739.6,0,43.120,43.120,26.794,109.3,-591.9,0.0,0,114418.0328,-1.0000
48.864,1746,1740,Running,13,0,1,99,1,3,1.0000,1739.6,0,43.120,43.120,26.794,14.4,-77.8,0.0,0,85111.9008,-1.0000
48.881,1745,1740,Running,14,0,1,99,1,3,1.0000,1739.6,0,43.120,43.120,26.794,103.8,-562.1,0.0,0,63774.7816,-1.0000
48.898,1744,1740,Running,14,0,1,99,1,3,1.0000,1739.6,0,43.120,43.120,26.794,108.3,-586.6,0.0,0,122689.0626,-1.0000
48.914,1744,1740,Running,14,0,1,99,1,3,1.0000,1739.6,0,43.120,43.120,26.794,118.5,-641.4,0.0,0,123846.1445,-1.0000
48.931,1743,1740,Running,14,0,1,99,1,3,1.0000,1739.6,0,43.120,43.120,26.794,24.8,-134.4,0.0,0,113455.4096,-1.0000
48.948,1743,1740,Running,15,0,1,99,1,3,1.0000,1739.6,0,43.120,43.120,26.794,106.2,-575.0,0.0,0,62816.7723,-1.0000
48.964,1740,1714,Running,16,0,1,99,1,3,1.0000,1713.8,0,42.480,42.480,26.396,153.3,-830.0,0.0,0,117749.7233,-1.0000
48.981,1736,1714,Running,16,0,1,99,1,3,1.0000,1713.8,0,42.480,42.480,26.396,134.0,-725.5,0.0,0,130917.9835,-1.0000
48.998,1732,1714,Running,17,0,1,99,1,3,1.0000,1713.8,0,42.480,42.480,26.396,56.8,-307.5,0.0,0,144238.9039,-1.0000
49.014,1730,1714,Running,17,0,1,99,1,3,1.0000,1713.8,0,42.480,42.480,26.396,110.6,-598.6,0.0,0,61702.9545,-1.0000
49.031,1727,1714,Running,17,0,1,99,1,3,1.0000,1713.8,0,42.480,42.480,26.396,143.3,-775.8,0.0,0,107449.6364,-1.0000
49.048,1725,1714,Running,17,0,1,99,1,3,1.0000,1713.8,0,42.480,42.480,26.396,155.1,-839.5,0.0,0,126385.8003,-1.0000
49.064,1723,1714,Running,17,0,1,99,1,3,1.0000,1713.8,0,42.480,42.480,26.396,126.6,-685.4,0.0,0,148702.2500,-1.0000
49.081,1722,1714,Running,17,0,1,99,1,3,1.0000,1713.8,0,42.480,42.480,26.396,74.0,-400.6,0.0,0,58432.5282,-1.0000
49.098,1721,1714,Running,17,0,1,99,1,3,1.0000,1713.8,0,42.480,42.480,26.396,165.8,-897.4,0.0,0,120776.8874,-1.0000
49.114,1720,1714,Running,17,0,1,99,1,3,1.0000,1713.8,0,42.480,42.480,26.396,173.4,-938.7,0.0,0,149397.6124,-1.0000
49.131,1719,1714,Running,18,0,1,99,1,3,1.0000,1713.8,0,42.480,42.480,26.396,179.1,-969.5,0.0,0,158004.2289,-1.0000
49.148,1718,1714,Running,18,0,1,99,1,3,1.0000,1713.8,0,42.480,42.480,26.396,56.4,-305.3,0.0,0,83329.5496,-1.0000
49.164,1716,1707,Running,19,0,1,99,1,3,1.0000,1707.3,0,42.320,42.320,26.296,200.0,-1082.7,0.0,0,134802.1012,-1.0000
49.181,1715,1707,Running,20,0,1,99,1,3,1.0000,1707.3,0,42.320,42.320,26.296,197.8,-1070.8,0.0,0,172145.1420,-1.0000
49.198,1714,1707,Running,20,0,1,99,1,3,1.0000,1707.3,0,42.320,42.320,26.296,215.1,-1164.4,0.0,0,157991.9934,-1.0000
49.214,1713,1707,Running,20,0,1,99,1,3,1.0000,1707.3,0,42.320,42.320,26.296,69.5,-376.4,0.0,0,104077.2661,-1.0000
49.231,1712,1707,Running,20,0,1,99,1,3,1.0000,1707.3,0,42.320,42.320,26.296,216.1,-1170.2,0.0,0,98107.3179,-1.0000
49.248,1711,1707,Running,20,0,1,99,1,3,1.0000,1707.3,0,42.320,42.320,26.296,221.5,-1199.4,0.0,0,173305.6563,-1.0000
49.264,1711,1707,Running,21,0,1,99,1,3,1.0000,1707.3,0,42.320,42.320,26.296,237.6,-1286.2,0.0,0,172033.7278,-1.0000
49.281,1710,1707,Running,21,0,1,99,1,3,1.0000,1707.3,0,42.320,42.320,26.296,92.4,-500.4,0.0,0,173465.0107,-1.0000
49.298,1710,1707,Running,21,0,1,99,1,3,1.0000,1707.3,0,42.320,42.320,26.296,222.9,-1206.7,0.0,0,88446.8509,-1.0000
49.314,1709,1707,Running,22,0,1,99,1,3,1.0000,1707.3,0,42.320,42.320,26.296,242.0,-1310.5,0.0,0,178216.7984,-1.0000
49.331,1709,1707,Running,23,0,1,99,1,3,1.0000,1707.3,0,42.320,42.320,26.296,259.4,-1404.4,0.0,0,190525.8173,-1.0000
49.348,1709,1711,Running,24,0,1,99,1,3,1.0000,1710.5,0,42.400,42.400,26.346,156.2,-845.8,0.0,0,217081.4170,-1.0000
49.364,1709,1711,Running,25,0,1,99,1,3,1.0000,1710.5,0,42.400,42.400,26.346,205.6,-1113.2,0.0,0,67372.5303,-1.0000
49.381,1710,1711,Running,25,0,1,99,1,3,1.0000,1710.5,0,42.400,42.400,26.346,276.6,-1497.6,0.0,0,159382.8229,-1.0000
49.398,1710,1711,Running,25,0,1,99,1,3,1.0000,1710.5,0,42.400,42.400,26.346,292.5,-1583.9,0.0,0,185473.7480,-1.0000
49.414,1710,1711,Running,25,0,1,99,1,3,1.0000,1710.5,0,42.400,42.400,26.346,267.1,-1446.4,0.0,0,206983.6658,-1.0000
49.431,1710,1711,Running,26,0,1,99,1,3,1.0000,1710.5,0,42.400,42.400,26.346,147.6,-799.3,0.0,0,100858.7000,-1.0000
49.448,1710,1711,Running,26,0,1,99,1,3,1.0000,1710.5,0,42.400,42.400,26.346,302.4,-1637.4,0.0,0,185599.3454,-1.0000
49.464,1711,1720,Running,26,0,1,99,1,3,1.0000,1720.2,0,42.640,42.640,26.495,293.7,-1590.0,0.0,0,212431.9691,-1.0000
49.481,1713,1720,Running,26,0,1,99,1,3,1.0000,1720.2,0,42.640,42.640,26.495,317.5,-1719.3,0.0,0,219051.1057,-1.0000
49.498,1714,1720,Running,26,0,1,99,1,3,1.0000,1720.2,0,42.640,42.640,26.495,126.6,-685.6,0.0,0,123522.3567,-1.0000
49.514,1715,1720,Running,26,0,1,99,1,3,1.0000,1720.2,0,42.640,42.640,26.495,319.4,-1729.5,0.0,0,199524.8674,-1.0000
49.531,1716,1720,Running,26,0,1,99,1,3,1.0000,1720.2,0,42.640,42.640,26.495,327.7,-1774.2,0.0,0,218072.0258,-1.0000
49.548,1716,1720,Running,26,0,1,99,1,3,1.0000,1720.2,0,42.640,42.640,26.495,344.6,-1865.8,0.0,0,206776.9850,-1.0000
49.564,1717,1720,Running,26,0,1,99,1,3,1.0000,1720.2,0,42.640,42.640,26.495,140.2,-758.9,0.0,0,160424.7650,-1.0000
49.581,1717,1720,Running,26,0,1,99,1,3,1.0000,1720.2,0,42.640,42.640,26.495,336.4,-1821.2,0.0,0,134376.4340,-1.0000
49.598,1718,1720,Running,26,0,1,99,1,3,1.0000,1720.2,0,42.640,42.640,26.495,334.5,-1811.2,0.0,0,222519.4321,-1.0000
49.614,1718,1720,Running,26,0,1,99,1,3,1.0000,1720.2,0,42.640,42.640,26.495,345.8,-1872.3,0.0,0,218406.2814,-1.0000
49.631,1719,1720,Running,26,0,1,99,1,3,1.0000,1720.2,0,42.640,42.640,26.495,152.1,-823.7,0.0,0,220058.2359,-1.0000
49.648,1719,1720,Running,26,0,1,99,1,3,1.0000,1720.2,0,42.640,42.640,26.495,319.2,-1728.5,0.0,0,109824.7797,-1.0000
49.650,1719,1720,Running,26,0,1,99,1,3,1.0000,1720.2,0,42.640,42.640,26.495,332.0,-1797.7,0.0,0,222544.5525,-1.0000
49.681,1719,1720,Running,26,0,1,99,1,3,1.0000,1720.2,0,42.640,42.640,26.495,341.3,-1847.8,0.0,0,226525.4518,-1.0000
49.698,1719,1720,Running,26,0,1,99,1,3,1.0000,1720.2,0,42.640,42.640,26.495,197.3,-1068.5,0.0,0,252384.5662,-1.0000
49.714,1720,1720,Running,26,0,1,99,1,3,1.0000,1720.2,0,42.640,42.640,26.495,281.6,-1524.8,0.0,0,102225.3025,-1.0000
49.731,1720,1720,Running,26,0,1,99,1,3,1.0000,1720.2,0,42.640,42.640,26.495,338.7,-1834.0,0.0,0,196759.0413,-1.0000
49.748,1720,1720,Running,26,0,1,99,1,3,1.0000,1720.2,0,42.640,42.640,26.495,350.1,-1895.7,0.0,0,208509.6845,-1.0000
49.764,1720,1720,Running,26,0,1,99,1,3,1.0000,1720.2,0,42.640,42.640,26.495,282.8,-1531.0,0.0,0,246291.5565,-1.0000
49.781,1720,1720,Running,26,0,1,99,1,3,1.0000,1720.2,0,42.640,42.640,26.495,211.9,-1147.1,0.0,0,81774.5239,-1.0000
49.781,1720,1720,Running,26,0,1,99,1,3,1.0000,1720.2,0,42.640,42.640,26.495,341.1,-1846.9,0.0,0,195302.1262,-1.0000
49.812,1720,1720,Running,26,0,1,99,1,3,1.0000,1720.2,0,42.640,42.640,26.495,342.1,-1852.3,0.0,0,218308.8117,-1.0000
49.833,1720,1720,Running,25,0,1,99,1,3,1.0000,1720.2,0,42.640,42.640,26.495,332.2,-1798.7,0.0,0,226979.8825,-1.0000
49.848,1720,1720,Running,25,0,1,99,1,3,1.0000,1720.2,0,42.640,42.640,26.495,150.0,-812.0,0.0,0,119799.2240,-1.0000
49.864,1723,1756,Running,24,0,1,99,1,3,1.0000,1759.0,0,43.520,43.600,27.042,281.5,-1524.1,0.0,0,204833.8742,-1.0000
49.881,1728,1759,Running,24,0,1,99,1,3,1.0000,1759.0,0,43.600,43.600,27.092,321.1,-1738.4,0.0,0,228160.2804,-1.0000
49.898,1733,1759,Running,24,0,1,99,1,3,1.0000,1759.0,0,43.600,43.600,27.092,332.1,-1798.2,0.0,0,228358.4370,-1.0000
49.914,1737,1759,Running,23,0,1,99,1,3,1.0000,1759.0,0,43.600,43.600,27.092,134.8,-730.0,0.0,0,125489.0981,-1.0000
49.931,1740,1759,Running,23,0,1,99,1,3,1.0000,1759.0,0,43.600,43.600,27.092,321.3,-1739.4,0.0,0,201655.8881,-1.0000
49.948,1743,1759,Running,23,0,1,99,1,3,1.0000,1759.0,0,43.600,43.600,27.092,319.6,-1730.5,0.0,0,226075.4914,-1.0000
49.964,1746,1759,Running,22,0,1,99,1,3,1.0000,1759.0,0,43.600,43.600,27.092,330.1,-1787.4,0.0,0,220993.3797,-1.0000
49.981,1748,1759,Running,22,0,1,99,1,3,1.0000,1759.0,0,43.600,43.600,27.092,131.4,-711.4,0.0,0,122407.0351,-1.0000
49.998,1749,1759,Running,22,0,1,99,1,3,1.0000,1759.0,0,43.600,43.600,27.092,314.0,-1700.1,0.0,0,176899.2117,-1.0000
50.014,1751,1759,Running,22,0,1,99,1,3,1.0000,1759.0,0,43.600,43.600,27.092,308.2,-1668.6,0.0,0,216517.3738,-1.0000
50.031,1752,1759,Running,21,0,1,99,1,3,1.0000,1759.0,0,43.600,43.600,27.092,319.7,-1731.0,0.0,0,205910.1129,-1.0000
50.048,1753,1759,Running,21,0,1,99,1,3,1.0000,1759.0,0,43.600,43.600,27.092,127.6,-691.0,0.0,0,147179.8664,-1.0000
50.064,1754,1759,Running,21,0,1,99,1,3,1.0000,1759.0,0,43.600,43.600,27.092,301.2,-1631.0,0.0,0,135146.4196,-1.0000
50.081,1755,1759,Running,21,0,1,99,1,3,1.0000,1759.0,0,43.600,43.600,27.092,297.7,-1611.9,0.0,0,213293.4974,-1.0000
50.098,1755,1759,Running,21,0,1,99,1,3,1.0000,1759.0,0,43.600,43.600,27.092,307.6,-1665.5,0.0,0,201795.1257,-1.0000
50.114,1756,1759,Running,21,0,1,99,1,3,1.0000,1759.0,0,43.600,43.600,27.092,125.1,-677.3,0.0,0,173395.9877,-1.0000
50.131,1756,1759,Running,19,0,1,99,1,3,1.0000,1759.0,0,43.600,43.600,27.092,289.4,-1566.8,0.0,0,107305.2585,-1.0000
50.148,1757,1759,Running,18,0,1,99,1,3,1.0000,1759.0,0,43.600,43.600,27.092,288.9,-1564.1,0.0,0,209491.5832,-1.0000
50.164,1760,1785,Running,16,0,1,99,1,3,1.0000,1784.8,0,44.240,44.240,27.489,256.1,-1386.8,0.0,0,202377.2736,-1.0000
50.181,1764,1785,Running,15,0,1,99,1,3,1.0000,1784.8,0,44.240,44.240,27.489,120.4,-651.8,0.0,0,186808.7440,-1.0000
50.198,1767,1785,Running,14,0,1,99,1,3,1.0000,1784.8,0,44.240,44.240,27.489,259.6,-1405.5,0.0,0,94100.9423,-1.0000
50.214,1770,1785,Running,13,0,1,99,1,3,1.0000,1784.8,0,44.240,44.240,27.489,252.7,-1368.4,0.0,0,198706.2416,-1.0000
50.231,1772,1785,Running,13,0,1,99,1,3,1.0000,1784.8,0,44.240,44.240,27.489,253.0,-1369.6,0.0,0,187725.7804,-1.0000
50.248,1774,1785,Running,12,0,1,99,1,3,1.0000,1784.8,0,44.240,44.240,27.489,99.8,-540.4,0.0,0,167112.4857,-1.0000
50.264,1776,1785,Running,12,0,1,99,1,3,1.0000,1784.8,0,44.240,44.240,27.489,217.8,-1179.3,0.0,0,80067.7419,-1.0000
50.281,1777,1785,Running,12,0,1,99,1,3,1.0000,1784.8,0,44.240,44.240,27.489,213.4,-1155.6,0.0,0,176083.2355,-1.0000
50.298,1778,1785,Running,10,0,1,99,1,3,1.0000,1784.8,0,44.240,44.240,27.489,214.2,-1159.6,0.0,0,167107.3855,-1.0000
50.314,1779,1785,Running,9,0,1,99,1,3,1.0000,1784.8,0,44.240,44.240,27.489,78.9,-427.2,0.0,0,146489.0287,-1.0000
50.331,1780,1785,Running,8,0,1,99,1,3,1.0000,1784.8,0,44.240,44.240,27.489,179.3,-970.6,0.0,0,68034.1770,-1.0000
50.348,1781,1785,Running,7,0,1,99,1,3,1.0000,1784.8,0,44.240,44.240,27.489,173.9,-941.4,0.0,0,152879.2626,-1.0000
50.364,1781,1785,Running,7,0,1,99,1,3,1.0000,1784.8,0,44.240,44.240,27.489,171.6,-929.2,0.0,0,145427.0388,-1.0000
50.381,1782,1785,Running,6,0,1,99,1,3,1.0000,1784.8,0,44.240,44.240,27.489,53.6,-290.0,0.0,0,121796.9981,-1.0000
50.398,1782,1785,Running,6,0,1,99,1,3,1.0000,1784.8,0,44.240,44.240,27.489,134.1,-725.9,0.0,0,55370.0472,-1.0000
50.414,1783,1785,Running,6,0,1,99,1,3,1.0000,1784.8,0,44.240,44.240,27.489,128.8,-697.2,0.0,0,125590.1933,-1.0000
50.431,1783,1785,Running,6,0,1,99,1,3,1.0000,1784.8,0,44.240,44.240,27.489,126.9,-687.3,0.0,0,121791.4788,-1.0000
50.448,1783,1785,Running,6,0,1,99,1,3,1.0000,1784.8,0,44.240,44.240,27.489,27.9,-151.0,0.0,0,97060.9932,-1.0000
50.464,1784,1785,Running,6,0,1,99,1,3,1.0000,1784.8,0,44.240,44.240,27.489,93.5,-506.0,0.0,0,44773.6150,-1.0000
50.481,1784,1785,Running,6,0,1,99,1,3,1.0000,1784.8,0,44.240,44.240,27.489,91.2,-493.7,0.0,0,99908.5442,-1.0000
50.498,1784,1785,Running,6,0,1,99,1,3,1.0000,1784.8,0,44.240,44.240,27.489,90.4,-489.6,0.0,0,100685.9884,-1.0000
50.514,1784,1785,Running,6,0,1,99,1,3,1.0000,1784.8,0,44.240,44.240,27.489,7.2,-39.2,0.0,0,76335.7325,-1.0000
50.531,1783,1772,Running,6,0,1,99,1,3,1.0000,1771.9,0,43.920,43.920,27.291,79.5,-430.2,0.0,0,36428.7162,-1.0000
50.548,1781,1772,Running,6,0,1,99,1,3,1.0000,1771.9,0,43.920,43.920,27.291,61.6,-333.4,0.0,0,76394.2484,-1.0000
50.564,1780,1772,Running,6,0,1,99,1,3,1.0000,1771.9,0,43.920,43.920,27.291,62.4,-337.9,0.0,0,82894.8508,-1.0000
50.581,1778,1772,Running,6,0,1,99,1,3,1.0000,1771.9,0,43.920,43.920,27.291,-7.9,42.5,0.0,0,63452.7204,-1.0000
50.598,1777,1772,Running,6,0,1,99,1,3,1.0000,1771.9,0,43.920,43.920,27.291,37.5,-202.8,0.0,0,31219.9954,-1.0000
50.614,1777,1772,Running,6,0,1,99,1,3,1.0000,1771.9,0,43.920,43.920,27.291,39.7,-215.0,0.0,0,56602.0334,-1.0000
50.631,1776,1772,Running,6,0,1,99,1,3,1.0000,1771.9,0,43.920,43.920,27.291,41.9,-226.7,0.0,0,71103.3432,-1.0000
50.648,1775,1772,Running,6,0,1,99,1,3,1.0000,1771.9,0,43.920,43.920,27.291,-17.6,95.2,0.0,0,57453.9920,-1.0000
50.664,1775,1772,Running,6,0,1,99,1,3,1.0000,1771.9,0,43.920,43.920,27.291,19.6,-106.1,0.0,0,26721.4941,-1.0000
50.681,1774,1772,Running,6,0,1,99,1,3,1.0000,1771.9,0,43.920,43.920,27.291,24.4,-132.3,0.0,0,41855.3312,-1.0000
50.698,1774,1772,Running,5,0,1,99,1,3,1.0000,1771.9,0,43.920,43.920,27.291,26.5,-143.5,0.0,0,62774.1732,-1.0000
50.714,1774,1772,Running,5,0,1,99,1,3,1.0000,1771.9,0,43.920,43.920,27.291,-23.9,129.1,0.0,0,55201.3980,-1.0000
50.731,1773,1772,Running,5,1,1,99,1,3,1.0000,1771.9,0,43.920,43.920,27.291,5.9,-31.9,0.0,0,21162.0054,-1.0000
50.748,1773,1772,Running,4,1,1,99,1,3,1.0000,1771.9,0,43.920,43.920,27.291,12.3,-66.7,0.0,0,31424.2563,-1.0000
50.764,1773,1772,Running,4,1,1,99,1,3,1.0000,1771.9,0,43.920,43.920,27.291,13.3,-72.1,0.0,0,55738.8320,-1.0000
50.781,1773,1772,Running,4,1,1,99,1,3,1.0000,1771.9,0,43.920,43.920,27.291,-28.9,156.2,0.0,0,53905.3707,-1.0000
50.798,1773,1772,Running,4,1,1,99,1,3,1.0000,1771.9,0,43.920,43.920,27.291,-7.9,43.0,0.0,0,14416.6739,-1.0000
50.814,1772,1772,Running,4,1,1,99,1,3,1.0000,1771.9,0,43.920,43.920,27.291,0.8,-4.6,0.0,0,22756.0540,-1.0000
50.831,1772,1772,Running,4,1,1,99,1,3,1.0000,1771.9,0,43.920,43.920,27.291,1.2,-6.8,0.0,0,49452.5598,-1.0000
50.848,1770,1742,Running,4,1,1,99,1,3,1.0000,1726.7,0,43.173,42.800,26.826,9.0,-48.8,0.0,0,54713.5223,-1.0000
50.864,1764,1723,Running,4,1,1,99,1,3,1.0000,1723.5,0,42.720,42.720,26.545,5.1,-27.5,0.0,0,5247.4385,-1.0000
50.881,1757,1723,Running,4,1,1,99,1,3,1.0000,1723.5,0,42.720,42.720,26.545,-7.5,40.4,0.0,0,13360.3886,-1.0000
50.898,1752,1723,Running,4,1,1,99,1,3,1.0000,1723.5,0,42.720,42.720,26.545,-9.9,53.8,0.0,0,39649.0519,-1.0000
50.914,1748,1723,Running,4,1,1,99,1,3,1.0000,1723.5,0,42.720,42.720,26.545,-22.3,120.5,0.0,0,42933.1302,-1.0000
50.931,1744,1723,Running,4,1,1,99,1,3,1.0000,1723.5,0,42.720,42.720,26.545,-44.4,240.6,0.0,0,6794.9257,-1.0000
50.948,1741,1723,Running,4,1,1,99,1,3,1.0000,1723.5,0,42.720,42.720,26.545,-14.1,76.6,0.0,0,6746.4991,-1.0000
50.964,1738,1723,Running,4,1,1,99,1,3,1.0000,1723.5,0,42.720,42.720,26.545,-17.3,93.5,0.0,0,37754.0038,-1.0000
50.981,1736,1723,Running,4,1,1,99,1,3,1.0000,1723.5,0,42.720,42.720,26.545,-16.8,90.9,0.0,0,41624.1349,-1.0000
50.998,1734,1723,Running,4,1,1,99,1,3,1.0000,1723.5,0,42.720,42.720,26.545,-51.1,276.6,0.0,0,11342.6266,-1.0000
51.014,1732,1723,Running,3,1,1,99,1,3,1.0000,1723.5,0,42.720,42.720,26.545,-15.3,82.7,0.0,0,1535.8189,-1.0000
51.031,1731,1723,Running,2,1,1,99,1,3,1.0000,1723.5,0,42.720,42.720,26.545,-19.8,107.4,0.0,0,46851.3020,-1.0000
51.048,1727,1694,Running,1,1,1,99,1,3,1.0000,1671.8,0,41.979,41.440,26.084,22.1,-119.6,0.0,0,41772.0858,-1.0000
51.064,1720,1672,Running,1,1,1,99,1,3,1.0000,1671.8,0,41.440,41.440,25.750,-24.4,132.3,0.0,0,3341.8126,-1.0000
51.081,1713,1672,Running,1,1,1,99,1,3,1.0000,1671.8,0,41.440,41.440,25.750,-27.5,148.9,0.0,0,11652.7946,-1.0000
51.098,1706,1672,Running,1,1,1,99,1,3,1.0000,1671.8,0,41.440,41.440,25.750,-27.7,150.2,0.0,0,29628.5632,-1.0000
51.114,1701,1672,Running,0,1,1,99,1,3,1.0000,1671.8,0,41.440,41.440,25.750,-25.2,136.3,0.0,0,30710.7759,-1.0000
51.131,1697,1672,Running,0,1,1,99,1,3,1.0000,1671.8,0,41.440,41.440,25.750,-58.6,317.5,0.0,0,16196.4353,-1.0000
51.148,1693,1672,Running,0,1,1,99,1,3,1.0000,1671.8,0,41.440,41.440,25.750,-30.6,165.5,0.0,0,20767.1376,-1.0000
51.164,1690,1672,Running,0,1,1,99,1,3,1.0000,1671.8,0,41.440,41.440,25.750,-26.7,144.7,0.0,0,7997.4221,-1.0000
51.181,1687,1672,Running,0,1,1,99,1,3,1.0000,1671.8,0,41.440,41.440,25.750,-28.9,156.6,0.0,0,33968.4167,-1.0000
51.198,1685,1672,Running,0,1,1,99,1,3,1.0000,1671.8,0,41.440,41.440,25.750,-46.9,253.7,0.0,0,37047.8736,-1.0000
51.214,1683,1672,Running,0,1,1,99,1,3,1.0000,1671.8,0,41.440,41.440,25.750,-54.6,295.7,0.0,0,545.0318,-1.0000
51.231,1681,1672,Running,0,1,1,99,1,3,1.0000,1671.8,0,41.440,41.440,25.750,-35.4,191.6,0.0,0,-4053.1821,-1.0000
51.248,1680,1672,Running,0,1,1,99,1,3,1.0000,1671.8,0,41.440,41.440,25.750,-38.6,209.0,0.0,0,28878.2074,-1.0000
51.264,1678,1672,Running,0,1,1,99,1,3,1.0000,1671.8,0,41.440,41.440,25.750,-35.4,191.8,0.0,0,32559.2229,-1.0000
51.281,1677,1672,Running,0,1,1,99,1,3,1.0000,1671.8,0,41.440,41.440,25.750,-60.6,327.9,0.0,0,7396.9361,-1.0000
51.298,1674,1642,Running,0,1,1,99,1,3,1.0000,1597.6,0,40.691,39.600,25.284,4.6,-24.9,0.0,0,1978.1357,-1.0000
51.314,1667,1611,Running,0,1,1,99,1,3,1.0000,1597.6,0,39.939,39.600,24.817,-0.0,0.0,0.0,0,32276.2696,-1.0000
51.331,1656,1598,Running,0,1,1,99,1,3,1.0000,1597.6,0,39.600,39.600,24.606,-20.7,111.8,0.0,0,22112.5086,-1.0000
51.348,1647,1598,Running,0,1,1,99,1,3,1.0000,1597.6,0,39.600,39.600,24.606,-66.1,357.9,0.0,0,9679.5375,-1.0000
51.364,1640,1598,Running,0,1,1,99,1,3,1.0000,1597.6,0,39.600,39.600,24.606,-37.2,201.6,0.0,0,21954.5509,-1.0000
51.381,1633,1598,Running,0,1,1,99,1,3,1.0000,1597.6,0,39.600,39.600,24.606,-36.4,196.8,0.0,0,3937.6725,-1.0000
51.398,1628,1598,Running,0,1,1,99,1,3,1.0000,1597.6,0,39.600,39.600,24.606,-42.5,230.1,0.0,0,21961.8098,-1.0000
51.414,1623,1598,Running,0,1,1,99,1,3,1.0000,1597.6,0,39.600,39.600,24.606,-45.1,244.2,0.0,0,25131.1798,-1.0000
51.431,1619,1598,Running,0,1,1,99,1,3,1.0000,1597.6,0,39.600,39.600,24.606,-62.1,336.3,0.0,0,6514.6711,-1.0000
51.448,1616,1598,Running,0,1,1,99,1,3,1.0000,1597.6,0,39.600,39.600,24.606,-35.9,194.6,0.0,0,-1833.7561,-1.0000
51.464,1613,1598,Running,0,1,1,99,1,3,1.0000,1597.6,0,39.600,39.600,24.606,-43.8,237.0,0.0,0,34876.3227,-1.0000
51.481,1611,1598,Running,0,1,1,99,1,3,1.0000,1597.6,0,39.600,39.600,24.606,-42.1,227.8,0.0,0,24272.7242,-1.0000
51.498,1606,1567,Running,0,1,1,99,1,3,1.0000,1536.3,0,38.836,38.080,24.132,-26.3,142.3,0.0,0,12460.9943,-1.0000
51.514,1598,1537,Running,0,1,1,99,1,3,1.0000,1536.3,0,38.087,38.080,23.666,4.2,-22.6,0.0,0,24561.4238,-1.0000
51.531,1588,1536,Running,0,1,1,99,1,3,1.0000,1536.3,0,38.080,38.080,23.662,-37.5,203.3,0.0,0,-1288.2599,-1.0000
51.548,1580,1536,Running,0,1,1,99,1,3,1.0000,1536.3,0,38.080,38.080,23.662,-45.1,244.2,0.0,0,18674.6174,-1.0000
51.564,1574,1536,Running,0,1,1,99,1,3,1.0000,1536.3,0,38.080,38.080,23.662,-37.8,204.9,0.0,0,29115.1110,-1.0000
51.581,1568,1536,Running,0,1,1,99,1,3,1.0000,1536.3,0,38.080,38.080,23.662,-62.4,337.7,0.0,0,2000.9338,-1.0000
51.598,1563,1536,Running,0,1,1,99,1,3,1.0000,1536.3,0,38.080,38.080,23.662,-47.4,256.5,0.0,0,15160.7478,-1.0000
51.614,1559,1536,Running,0,1,1,99,1,3,1.0000,1536.3,0,38.080,38.080,23.662,-40.6,219.6,0.0,0,14150.4645,-1.0000
51.631,1555,1536,Running,0,1,1,99,1,3,1.0000,1536.3,0,38.080,38.080,23.662,-31.1,168.2,0.0,0,33727.1966,-1.0000
51.648,1552,1536,Running,0,1,1,99,1,3,1.0000,1536.3,0,38.080,38.080,23.662,-51.0,276.3,0.0,0,33069.5189,-1.0000
51.664,1550,1536,Running,0,1,1,99,1,3,1.0000,1536.3,0,38.080,38.080,23.662,-63.7,344.7,0.0,0,-93.3859,-1.0000
51.681,1548,1536,Running,0,1,1,99,1,3,1.0000,1536.3,0,38.080,38.080,23.662,-33.6,181.8,0.0,0,-7980.3904,-1.0000
51.698,1546,1536,Running,0,1,1,99,1,3,1.0000,1536.3,0,38.080,38.080,23.662,-40.3,218.1,0.0,0,43778.2714,-1.0000
51.714,1545,1536,Running,0,1,1,99,1,3,1.0000,1536.3,0,38.080,38.080,23.662,-42.1,228.1,0.0,0,24983.4818,-1.0000
51.731,1543,1536,Running,0,1,1,99,1,3,1.0000,1536.3,0,38.080,38.080,23.662,-67.5,365.4,0.0,0,17382.4201,-1.0000
51.748,1542,1536,Running,0,1,1,99,1,3,1.0000,1536.3,0,38.080,38.080,23.662,-37.3,201.7,0.0,0,27375.6736,-1.0000
51.764,1541,1536,Running,0,1,1,99,1,3,1.0000,1536.3,0,38.080,38.080,23.662,-39.4,213.5,0.0,0,-808.4214,-1.0000
51.781,1541,1536,Running,0,1,1,99,1,3,1.0000,1536.3,0,38.080,38.080,23.662,-44.9,242.9,0.0,0,24107.9657,-1.0000
51.798,1537,1506,Running,0,1,1,99,1,3,0.9884,1452.4,0,37.331,36.000,23.197,6.0,-32.6,0.0,0,35186.8568,-1.0000
51.814,1530,1475,Running,0,1,1,99,1,3,0.9884,1452.4,0,36.569,36.000,22.723,-23.0,124.6,0.0,0,766.7812,-1.0000
51.831,1519,1452,Running,0,1,1,99,1,3,0.9884,1452.4,0,36.000,36.000,22.369,-15.3,82.7,0.0,0,23799.0923,-1.0000
51.848,1509,1452,Running,0,1,1,99,1,3,0.9884,1452.4,0,36.000,36.000,22.369,-27.6,149.5,0.0,0,12063.5513,-1.0000
51.864,1500,1452,Running,0,1,1,99,1,3,0.9884,1452.4,0,36.000,36.000,22.369,-40.5,219.3,0.0,0,23441.6322,-1.0000
51.881,1493,1452,Running,0,1,1,99,1,3,0.9884,1452.4,0,36.000,36.000,22.369,-40.9,221.2,0.0,0,26485.0608,-1.0000
51.898,1487,1452,Running,0,1,1,99,1,3,0.9884,1452.4,0,36.000,36.000,22.369,-59.9,324.3,0.0,0,3806.0772,-1.0000
51.914,1481,1452,Running,0,1,1,99,1,3,0.9884,1452.4,0,36.000,36.000,22.369,-47.2,255.3,0.0,0,20631.8550,-1.0000
51.931,1477,1452,Running,0,1,1,99,1,3,0.9884,1452.4,0,36.000,36.000,22.369,-29.8,161.3,0.0,0,14223.4347,-1.0000
51.948,1473,1452,Running,0,1,1,99,1,3,0.9884,1452.4,0,36.000,36.000,22.369,-36.1,195.7,0.0,0,30363.0044,-1.0000
51.964,1468,1422,Running,0,1,1,99,1,3,0.9660,1400.7,0,35.247,34.720,21.902,-2.2,12.1,0.0,0,25408.1045,-1.0000
51.981,1458,1401,Running,0,1,1,99,1,3,0.9660,1400.7,0,34.720,34.720,21.574,-27.9,151.3,0.0,0,3341.3053,-1.0000
51.998,1450,1401,Running,0,1,1,99,1,3,0.9660,1400.7,0,34.720,34.720,21.574,-46.1,249.7,0.0,0,20409.6522,-1.0000
52.014,1442,1401,Running,0,1,1,99,1,3,0.9660,1400.7,0,34.720,34.720,21.574,-24.6,133.3,0.0,0,14453.8234,-1.0000
52.031,1436,1401,Running,0,1,1,99,1,3,0.9660,1400.7,0,34.720,34.720,21.574,-40.0,216.7,0.0,0,22312.5656,-1.0000
52.048,1430,1401,Running,0,1,1,99,1,3,0.9660,1400.7,0,34.720,34.720,21.574,-33.1,179.0,0.0,0,30743.9933,-1.0000
52.064,1426,1401,Running,0,1,1,99,1,3,0.9660,1400.7,0,34.720,34.720,21.574,-65.8,356.0,0.0,0,1573.3718,-1.0000
52.081,1422,1401,Running,0,1,1,99,1,3,0.9660,1400.7,0,34.720,34.720,21.574,-39.5,213.6,0.0,0,30130.0931,-1.0000
52.098,1419,1401,Running,0,1,1,99,1,3,0.9660,1400.7,0,34.720,34.720,21.574,-26.8,145.1,0.0,0,9522.2073,-1.0000
52.114,1416,1401,Running,0,1,1,99,1,3,0.9660,1400.7,0,34.720,34.720,21.574,-41.0,222.1,0.0,0,21083.5443,-1.0000
52.131,1414,1401,Running,0,1,1,99,1,3,0.9660,1400.7,0,34.720,34.720,21.574,-26.5,143.5,0.0,0,39396.4001,-1.0000
52.148,1474,2005,Running,0,1,1,99,1,2,1.0000,1999.9,0,33.358,33.280,20.728,-895.8,7225.1,0.0,0,23981.3378,-1.0000
52.164,1555,2000,Running,0,1,1,99,1,2,1.0000,1990.3,0,33.280,33.120,20.679,-63.3,510.7,0.0,0,14795.8267,-1.0000
52.181,1624,2000,Running,0,1,1,99,1,2,1.0000,1990.3,0,33.280,33.120,20.679,-53.7,433.1,0.0,0,69960.9392,-1.0000
52.198,1681,2000,Running,0,1,1,99,1,2,1.0000,1990.3,0,33.280,33.120,20.679,-47.1,379.5,0.0,0,71191.3405,-1.0000
52.214,1730,2000,Running,0,1,1,99,1,2,1.0000,1990.3,0,33.280,33.120,20.679,-65.1,525.2,0.0,0,44024.5998,-1.0000
52.231,1772,2000,Running,0,1,1,99,1,2,1.0000,1990.3,0,33.280,33.120,20.679,-50.1,404.1,0.0,0,28281.1444,-1.0000
52.248,1807,2000,Running,0,1,1,99,1,2,1.0000,1990.3,0,33.280,33.120,20.679,-52.3,421.7,0.0,0,51800.9999,-1.0000
52.264,1837,2000,Running,0,1,1,99,1,2,1.0000,1990.3,0,33.280,33.120,20.679,-71.1,573.1,0.0,0,36583.5940,-1.0000
52.281,1862,2000,Running,0,1,1,99,1,2,1.0000,1990.3,0,33.280,33.120,20.679,-52.7,424.8,0.0,0,37269.1279,-1.0000
52.298,1883,2000,Running,0,1,1,99,1,2,1.0000,1990.3,0,33.280,33.120,20.679,-52.7,425.4,0.0,0,49072.1384,-1.0000
52.314,1901,2000,Running,0,1,1,99,1,2,1.0000,1927.8,0,33.280,32.080,20.679,-55.3,446.0,0.0,0,48122.5655,-1.0000
52.331,1916,2000,Running,0,1,1,99,1,2,1.0000,1918.2,0,33.280,31.920,20.679,-75.1,605.4,0.0,0,29741.3757,-1.0000
52.348,1925,1955,Running,0,1,1,99,1,2,1.0000,1918.2,0,32.533,31.920,20.215,7.2,-58.4,0.0,0,22202.5759,-1.0000
52.364,1927,1918,Running,0,1,1,99,1,2,1.0000,1918.2,0,31.920,31.920,19.834,-4.8,38.4,0.0,0,50010.5928,-1.0000
52.381,1925,1918,Running,0,1,1,99,1,2,1.0000,1918.2,0,31.920,31.920,19.834,-64.3,518.4,0.0,0,54624.4954,-1.0000
52.398,1924,1918,Running,0,1,1,99,1,2,1.0000,1918.2,0,31.920,31.920,19.834,-65.3,526.7,0.0,0,19359.8171,-1.0000
52.414,1923,1918,Running,0,1,1,99,1,2,1.0000,1918.2,0,31.920,31.920,19.834,-58.1,468.9,0.0,0,9915.2249,-1.0000
52.431,1922,1918,Running,0,1,1,99,1,2,1.0000,1918.2,0,31.920,31.920,19.834,-57.5,463.8,0.0,0,41029.0040,-1.0000
52.448,1922,1918,Running,0,1,1,99,1,2,1.0000,1918.2,0,31.920,31.920,19.834,-75.1,605.5,0.0,0,26481.1441,-1.0000
52.464,1921,1918,Running,0,1,1,99,1,2,1.0000,1918.2,0,31.920,31.920,19.834,-58.5,471.9,0.0,0,32340.2860,-1.0000
52.481,1921,1918,Running,0,1,1,99,1,2,1.0000,1918.2,0,31.920,31.920,19.834,-55.5,448.0,0.0,0,32815.6151,-1.0000
52.498,1917,1873,Running,0,1,1,99,1,2,1.0000,1826.9,0,31.172,30.400,19.370,5.7,-45.7,0.0,0,46104.1265,-1.0000
52.514,1907,1828,Running,0,1,1,99,1,2,1.0000,1817.3,0,30.413,30.240,18.898,-11.3,91.2,0.0,0,9741.7532,-1.0000
52.531,1893,1817,Running,0,1,1,99,1,2,1.0000,1817.3,0,30.240,30.240,18.790,-42.2,340.7,0.0,0,22433.6122,-1.0000
52.548,1881,1817,Running,0,1,1,99,1,2,1.0000,1817.3,0,30.240,30.240,18.790,-56.3,454.5,0.0,0,39859.6187,-1.0000
52.564,1871,1817,Running,0,1,1,99,1,2,1.0000,1817.3,0,30.240,30.240,18.790,-55.4,446.7,0.0,0,39831.7422,-1.0000
52.581,1863,1817,Running,0,1,1,99,1,2,1.0000,1817.3,0,30.240,30.240,18.790,-73.4,591.9,0.0,0,9487.9348,-1.0000
52.598,1856,1817,Running,0,1,1,99,1,2,1.0000,1817.3,0,30.240,30.240,18.790,-56.5,455.4,0.0,0,18011.3926,-1.0000
52.614,1850,1817,Running,0,1,1,99,1,2,1.0000,1817.3,0,30.240,30.240,18.790,-57.3,462.2,0.0,0,43053.1853,-1.0000
52.631,1845,1817,Running,0,1,1,99,1,2,1.0000,1817.3,0,30.240,30.240,18.790,-55.7,449.4,0.0,0,40553.5679,-1.0000
52.648,1841,1817,Running,0,1,1,99,1,2,1.0000,1817.3,0,30.240,30.240,18.790,-73.2,590.7,0.0,0,13900.9689,-1.0000
52.664,1837,1817,Running,0,1,1,99,1,2,1.0000,1817.3,0,30.240,30.240,18.790,-55.7,449.1,0.0,0,12587.3259,-1.0000
52.681,1834,1817,Running,0,1,1,99,1,2,1.0000,1817.3,0,30.240,30.240,18.790,-57.9,467.2,0.0,0,45136.6715,-1.0000
52.698,1828,1772,Running,0,1,1,99,1,2,1.0000,1730.7,0,29.493,28.800,18.326,6.3,-50.5,0.0,0,41159.8310,-1.0000
52.714,1816,1731,Running,0,1,1,99,1,2,1.0000,1730.7,0,28.800,28.800,17.895,-14.4,115.9,0.0,0,13316.1856,-1.0000
52.731,1802,1726,Running,0,1,1,99,1,2,1.0000,1725.9,0,28.720,28.720,17.846,-46.3,373.5,0.0,0,13775.9015,-1.0000
52.748,1790,1726,Running,0,1,1,99,1,2,1.0000,1725.9,0,28.720,28.720,17.846,-54.4,438.8,0.0,0,41221.4648,-1.0000
52.764,1780,1726,Running,0,1,1,99,1,2,1.0000,1725.9,0,28.720,28.720,17.846,-52.5,423.8,0.0,0,37230.2079,-1.0000
52.781,1772,1726,Running,0,1,1,99,1,2,1.0000,1725.9,0,28.720,28.720,17.846,-73.1,589.8,0.0,0,5875.4823,-1.0000
52.798,1765,1726,Running,0,1,1,99,1,2,1.0000,1725.9,0,28.720,28.720,17.846,-56.5,456.0,0.0,0,28135.2677,-1.0000
52.814,1759,1726,Running,0,1,1,99,1,2,1.0000,1725.9,0,28.720,28.720,17.846,-53.1,428.6,0.0,0,27072.9787,-1.0000
52.831,1750,1681,Running,0,1,1,99,1,2,1.0000,1668.2,0,27.975,27.760,17.383,9.3,-74.8,0.0,0,36132.4307,-1.0000
52.848,1738,1668,Running,0,1,1,99,1,2,1.0000,1668.2,0,27.760,27.760,17.249,-55.4,446.4,0.0,0,20774.1412,-1.0000
52.864,1727,1668,Running,0,1,1,99,1,2,1.0000,1668.2,0,27.760,27.760,17.249,-50.7,408.7,0.0,0,32339.1615,-1.0000
52.881,1718,1668,Running,0,1,1,99,1,2,1.0000,1668.2,0,27.760,27.760,17.249,-47.4,382.0,0.0,0,13807.7332,-1.0000
52.898,1710,1668,Running,0,1,1,99,1,2,1.0000,1668.2,0,27.760,27.760,17.249,-49.0,395.4,0.0,0,38675.5324,-1.0000
52.914,1704,1668,Running,0,1,1,99,1,2,1.0000,1668.2,0,27.760,27.760,17.249,-59.5,480.1,0.0,0,41411.8477,-1.0000
52.931,1698,1668,Running,0,1,1,99,1,2,1.0000,1668.2,0,27.760,27.760,17.249,-66.0,531.9,0.0,0,12983.1403,-1.0000
52.948,1694,1668,Running,0,1,1,99,1,2,1.0000,1668.2,0,27.760,27.760,17.249,-50.3,405.5,0.0,0,2068.7144,-1.0000
52.964,1690,1668,Running,0,1,1,99,1,2,1.0000,1668.2,0,27.760,27.760,17.249,-52.5,423.3,0.0,0,37428.7663,-1.0000
52.981,1687,1668,Running,0,1,1,99,1,2,1.0000,1668.2,0,27.760,27.760,17.249,-48.1,387.6,0.0,0,42074.2036,-1.0000
52.998,1684,1668,Running,0,1,1,99,1,2,1.0000,1668.2,0,27.760,27.760,17.249,-67.4,543.8,0.0,0,17414.9765,-1.0000
53.014,1681,1668,Running,0,1,1,99,1,2,1.0000,1668.2,0,27.760,27.760,17.249,-49.5,399.3,0.0,0,17030.7945,-1.0000
53.031,1679,1668,Running,0,1,1,99,1,2,1.0000,1668.2,0,27.760,27.760,17.249,-50.9,410.2,0.0,0,39282.9525,-1.0000
53.048,1678,1668,Running,0,1,1,99,1,2,1.0000,1668.2,0,27.760,27.760,17.249,-48.9,394.6,0.0,0,36658.4954,-1.0000
53.064,1676,1668,Running,0,1,1,99,1,2,1.0000,1668.2,0,27.760,27.760,17.249,-73.5,592.4,0.0,0,15300.7904,-1.0000
53.081,1675,1668,Running,0,1,1,99,1,2,1.0000,1668.2,0,27.760,27.760,17.249,-51.7,417.3,0.0,0,34933.5334,-1.0000
53.098,1674,1668,Running,0,1,1,99,1,2,1.0000,1668.2,0,27.760,27.760,17.249,-45.9,370.0,0.0,0,17337.5471,-1.0000
53.114,1673,1668,Running,0,1,1,99,1,2,1.0000,1668.2,0,27.760,27.760,17.249,-44.5,358.9,0.0,0,43920.3825,-1.0000
53.131,1672,1668,Running,0,1,1,99,1,2,1.0000,1668.2,0,27.760,27.760,17.249,-61.5,496.1,0.0,0,50563.3924,-1.0000
53.148,1672,1668,Running,0,1,1,99,1,2,1.0000,1668.2,0,27.760,27.760,17.249,-59.3,478.4,0.0,0,14483.6068,-1.0000
53.164,1671,1668,Running,0,1,1,99,1,2,1.0000,1668.2,0,27.760,27.760,17.249,-48.5,390.9,0.0,0,5447.7286,-1.0000
53.181,1671,1668,Running,0,1,1,99,1,2,1.0000,1668.2,0,27.760,27.760,17.249,-51.8,418.1,0.0,0,36367.6007,-1.0000
53.198,1670,1668,Running,0,1,1,99,1,2,1.0000,1668.2,0,27.760,27.760,17.249,-49.5,399.6,0.0,0,41403.2027,-1.0000
53.214,1666,1623,Running,0,1,1,99,1,2,0.9977,1490.3,0,27.005,24.800,16.780,-4.6,37.2,0.0,0,20355.9271,-1.0000
53.231,1656,1578,Running,0,1,1,99,1,2,0.9977,1490.3,0,26.266,24.800,16.321,17.3,-139.2,0.0,0,11623.2407,-1.0000
53.248,1641,1534,Running,0,1,1,99,1,2,0.9977,1490.3,0,25.522,24.800,15.859,12.3,-99.2,0.0,0,35679.5622,-1.0000
53.264,1621,1490,Running,0,1,1,99,1,2,0.9977,1490.3,0,24.800,24.800,15.410,13.4,-107.7,0.0,0,27547.4283,-1.0000
53.281,1601,1490,Running,0,1,1,99,1,2,0.9977,1490.3,0,24.800,24.800,15.410,-58.7,473.3,0.0,0,41567.0843,-1.0000
53.298,1584,1490,Running,0,1,1,99,1,2,0.9977,1490.3,0,24.800,24.800,15.410,-51.7,416.6,0.0,0,9838.1836,-1.0000
53.314,1569,1490,Running,0,1,1,99,1,2,0.9977,1490.3,0,24.800,24.800,15.410,-45.0,362.7,0.0,0,-8832.4180,-1.0000
53.331,1557,1490,Running,0,1,1,99,1,2,0.9977,1490.3,0,24.800,24.800,15.410,-39.7,319.9,0.0,0,43747.0743,-1.0000
53.348,1547,1490,Running,0,1,1,99,1,2,0.9977,1490.3,0,24.800,24.800,15.410,-43.9,353.8,0.0,0,32523.9055,-1.0000
53.364,1538,1490,Running,0,1,1,99,1,2,0.9977,1490.3,0,24.800,24.800,15.410,-73.0,588.6,0.0,0,16176.6345,-1.0000
53.381,1531,1490,Running,0,1,1,99,1,2,0.9977,1490.3,0,24.800,24.800,15.410,-38.6,311.3,0.0,0,35666.4153,-1.0000
53.398,1525,1490,Running,0,1,1,99,1,2,0.9977,1490.3,0,24.800,24.800,15.410,-42.0,338.6,0.0,0,1085.7610,-1.0000
53.414,1519,1490,Running,0,1,1,99,1,2,0.9977,1490.3,0,24.800,24.800,15.410,-46.2,372.5,0.0,0,29285.8944,-1.0000
53.431,1515,1490,Running,0,1,1,99,1,2,0.9977,1490.3,0,24.800,24.800,15.410,-35.4,285.8,0.0,0,44597.1050,-1.0000
53.448,1511,1490,Running,0,1,1,99,1,2,0.9977,1490.3,0,24.800,24.800,15.410,-70.8,570.7,0.0,0,4817.7362,-1.0000
53.464,1508,1490,Running,0,1,1,99,1,2,0.9977,1490.3,0,24.800,24.800,15.410,-45.9,370.3,0.0,0,34898.1668,-1.0000
53.481,1505,1490,Running,0,1,1,99,1,2,0.9977,1490.3,0,24.800,24.800,15.410,-32.5,261.7,0.0,0,18554.2381,-1.0000
53.498,1503,1490,Running,0,1,1,99,1,2,0.9977,1490.3,0,24.800,24.800,15.410,-43.7,352.3,0.0,0,29955.5540,-1.0000
53.514,1501,1490,Running,0,1,1,99,1,2,0.9977,1490.3,0,24.800,24.800,15.410,-43.5,350.4,0.0,0,35368.7243,-1.0000
53.531,1499,1490,Running,0,1,1,99,1,2,0.9977,1490.3,0,24.800,24.800,15.410,-60.3,486.4,0.0,0,13908.1391,-1.0000
53.548,1498,1490,Running,0,1,1,99,1,2,0.9977,1490.3,0,24.800,24.800,15.410,-47.3,381.5,0.0,0,24104.5329,-1.0000
53.564,1497,1490,Running,0,1,1,99,1,2,0.9977,1490.3,0,24.800,24.800,15.410,-38.7,312.4,0.0,0,21940.6139,-1.0000
53.581,1496,1490,Running,0,1,1,99,1,2,0.9977,1490.3,0,24.800,24.800,15.410,-31.9,257.4,0.0,0,44028.5217,-1.0000
53.598,1491,1446,Running,0,1,1,99,1,2,0.9111,1317.3,0,24.057,21.920,14.948,12.3,-99.0,0.0,0,31861.1403,-1.0000
53.614,1481,1401,Running,0,1,1,99,1,2,0.9111,1317.3,0,23.307,21.920,14.482,1.7,-13.6,0.0,0,10926.3029,-1.0000
53.631,1465,1356,Running,0,1,1,99,1,2,0.9111,1317.3,0,22.569,21.920,14.024,20.7,-166.7,0.0,0,13396.9644,-1.0000
53.637,1445,1317,Running,0,1,1,99,1,2,0.9111,1317.3,0,21.920,21.920,13.620,21.2,-171.1,0.0,0,19112.7571,-1.0000
53.664,1425,1317,Running,0,1,1,99,1,2,0.9111,1317.3,0,21.920,21.920,13.620,-34.0,274.0,0.0,0,28145.4525,-1.0000
53.681,1409,1317,Running,0,1,1,99,1,2,0.9111,1317.3,0,21.920,21.920,13.620,-32.9,265.6,0.0,0,30473.9965,-1.0000
53.698,1394,1314,Running,0,1,1,99,1,2,0.9111,1317.3,0,21.920,21.920,13.620,-66.3,534.3,0.0,0,2305.7902,-1.0000
53.714,1382,1317,Running,0,1,1,99,1,2,0.9111,1317.3,0,21.920,21.920,13.620,-34.8,280.7,0.0,0,37628.9336,-1.0000
53.731,1369,1273,Running,0,1,1,99,1,2,0.8640,1259.6,0,21.184,20.960,13.163,22.8,-184.3,0.0,0,-9816.6198,-1.0000
53.748,1352,1260,Running,0,1,1,99,1,2,0.8640,1259.6,0,20.960,20.960,13.024,-6.9,55.5,0.0,0,36670.7502,-1.0000
53.765,1338,1259,Running,0,1,1,99,1,2,0.8640,1259.6,0,20.960,20.960,13.024,-33.6,271.0,0.0,0,21136.4338,-1.0000
53.781,1326,1260,Running,0,1,1,99,1,2,0.8640,1259.6,0,20.960,20.960,13.024,-39.7,320.3,0.0,0,33299.8027,-1.0000
53.798,1315,1260,Running,0,1,1,99,1,2,0.8640,1259.6,0,20.960,20.960,13.024,-56.0,451.5,0.0,0,389.9863,-1.0000
53.814,1306,1260,Running,0,1,1,99,1,2,0.8640,1259.6,0,20.960,20.960,13.024,-42.1,339.6,0.0,0,17639.3082,-1.0000
53.831,1299,1260,Running,0,1,1,99,1,2,0.8640,1259.6,0,20.960,20.960,13.024,-17.1,138.0,0.0,0,17637.0071,-1.0000
53.848,1293,1259,Running,0,1,1,99,1,2,0.8640,1259.6,0,20.960,20.960,13.024,-35.5,286.3,0.0,0,20636.2551,-1.0000
53.864,1288,1260,Running,0,1,1,99,1,2,0.8640,1259.6,0,20.960,20.960,13.024,-25.4,205.0,0.0,0,35053.0134,-1.0000
53.881,1283,1253,Running,0,1,1,99,1,2,0.8640,1259.6,0,20.960,20.960,13.024,-48.0,387.1,0.0,0,34185.2787,-1.0000
53.898,1279,1260,Running,0,1,1,99,1,2,0.8640,1259.6,0,20.960,20.960,13.024,-54.1,436.4,0.0,0,906.2340,-1.0000
53.914,1276,1260,Running,0,1,1,99,1,2,0.8640,1259.6,0,20.960,20.960,13.024,-18.4,148.7,0.0,0,4404.3737,-1.0000
53.931,1270,1215,Running,0,1,1,99,1,2,0.7913,1177.9,0,20.226,19.600,12.568,25.2,-203.3,0.0,0,26330.1995,-1.0000
53.948,1258,1178,Running,0,1,1,99,1,2,0.7913,1177.9,0,19.600,19.600,12.179,29.6,-238.4,0.0,0,27580.2777,-1.0000
53.964,1246,1178,Running,0,1,1,99,1,2,0.7913,1177.9,0,19.600,19.600,12.179,-17.0,136.9,0.0,0,32958.1252,-1.0000
53.981,1235,1164,Running,0,1,1,99,1,2,0.7913,1177.9,0,19.600,19.600,12.179,-49.4,398.7,0.0,0,16525.1258,-1.0000
53.998,1225,1177,Running,0,1,1,99,1,2,0.7913,1177.9,0,19.600,19.600,12.179,-51.8,418.1,0.0,0,8293.1788,-1.0000
54.014,1218,1178,Running,0,1,1,99,1,2,0.7913,1177.9,0,19.600,19.600,12.179,-16.0,128.7,0.0,0,1510.1359,-1.0000
54.031,1212,1177,Running,0,1,1,99,1,2,0.7913,1177.9,0,19.600,19.600,12.179,-24.0,193.6,0.0,0,24718.1334,-1.0000
54.048,1206,1177,Running,0,1,1,99,1,2,0.7913,1177.9,0,19.600,19.600,12.179,-29.0,234.1,0.0,0,23819.7609,-1.0000
54.065,1202,1178,Running,0,1,1,99,1,2,0.7913,1177.9,0,19.600,19.600,12.179,-14.9,120.3,0.0,0,35969.2468,-1.0000
54.081,1198,1169,Running,0,1,1,99,1,2,0.7913,1177.9,0,19.600,19.600,12.179,-43.3,349.5,0.0,0,33243.0219,-1.0000
54.098,1194,1175,Running,0,1,1,99,1,2,0.7913,1177.9,0,19.600,19.600,12.179,-51.5,415.1,0.0,0,-4125.0163,-1.0000
54.114,1191,1178,Running,0,1,1,99,1,2,0.7913,1177.9,0,19.600,19.600,12.179,-21.7,175.2,0.0,0,8871.3129,-1.0000
54.131,1189,1178,Running,0,1,1,99,1,2,0.7913,1177.9,0,19.600,19.600,12.179,-12.7,102.3,0.0,0,26082.8989,-1.0000
54.148,1184,1135,Running,0,1,1,99,1,2,0.7196,1096.1,0,18.869,18.240,11.725,30.2,-243.9,0.0,0,21763.0388,-1.0000
54.156,1174,1096,Running,0,1,1,99,1,2,0.7196,1096.1,0,18.240,18.240,11.334,35.1,-283.3,0.0,0,27559.6965,-1.0000
54.156,1162,1094,Running,0,1,1,99,1,2,0.7196,1096.1,0,18.240,18.240,11.334,-23.6,190.7,0.0,0,33595.1307,-1.0000
54.198,1208,1666,Running,0,1,1,99,1,1,1.0000,1678.7,0,18.097,18.240,11.245,-844.5,10431.1,0.0,0,11658.4055,-1.0000
54.214,1280,1679,Running,0,1,1,99,1,1,1.0000,1678.7,0,18.240,18.240,11.334,-56.2,694.1,0.0,0,31506.5810,-1.0000
54.231,1341,1679,Running,0,1,1,99,1,1,1.0000,1678.7,0,18.240,18.240,11.334,-36.1,445.3,0.0,0,74838.1787,-1.0000
54.248,1393,1679,Running,0,1,1,99,1,1,1.0000,1678.7,0,18.240,18.240,11.334,-28.3,349.3,0.0,0,70162.3332,-1.0000
54.264,1437,1679,Running,0,1,1,99,1,1,1.0000,1678.7,0,18.240,18.240,11.334,-61.2,755.8,0.0,0,33226.1129,-1.0000
54.281,1474,1679,Running,0,1,1,99,1,1,1.0000,1678.7,0,18.240,18.240,11.334,-35.7,440.5,0.0,0,40765.3769,-1.0000
54.298,1506,1679,Running,0,1,1,99,1,1,1.0000,1597.7,0,18.240,17.360,11.334,-34.6,427.4,0.0,0,47139.2273,-1.0000
54.314,1532,1679,Running,0,1,1,99,1,1,1.0000,1590.3,0,18.240,17.280,11.334,-31.8,392.6,0.0,0,56526.8661,-1.0000
54.331,1555,1679,Running,0,1,1,99,1,1,1.0000,1590.3,0,18.240,17.280,11.334,-59.9,739.4,0.0,0,51207.6273,-1.0000
54.348,1574,1679,Running,0,1,1,99,1,1,1.0000,1590.3,0,18.240,17.280,11.334,-37.8,466.8,0.0,0,38579.6450,-1.0000
54.364,1590,1679,Running,0,1,1,99,1,1,1.0000,1590.3,0,18.240,17.280,11.334,-33.7,416.4,0.0,0,28559.3016,-1.0000
54.381,1604,1679,Running,0,1,1,99,1,1,1.0000,1590.3,0,18.240,17.280,11.334,-35.8,441.9,0.0,0,53318.3728,-1.0000
54.398,1610,1614,Running,0,1,1,99,1,1,1.0000,1590.3,0,17.533,17.280,10.895,42.9,-530.5,0.0,0,52211.0058,-1.0000
54.414,1607,1590,Running,0,1,1,99,1,1,1.0000,1590.3,0,17.280,17.280,10.737,-30.1,371.7,0.0,0,16341.2702,-1.0000
54.431,1605,1590,Running,0,1,1,99,1,1,1.0000,1590.3,0,17.280,17.280,10.737,-34.2,422.4,0.0,0,7304.1987,-1.0000
54.448,1603,1590,Running,0,1,1,99,1,1,1.0000,1590.3,0,17.280,17.280,10.737,-35.6,440.3,0.0,0,54665.9228,-1.0000
54.464,1601,1590,Running,0,1,1,99,1,1,1.0000,1590.3,0,17.280,17.280,10.737,-37.3,460.9,0.0,0,46583.3525,-1.0000
54.481,1599,1590,Running,0,1,1,99,1,1,1.0000,1590.3,0,17.280,17.280,10.737,-69.4,857.2,0.0,0,14386.2247,-1.0000
54.498,1593,1525,Running,0,1,1,99,1,1,0.9983,1494.6,0,16.575,16.240,10.299,44.9,-554.7,0.0,0,37499.3063,-1.0000
54.514,1579,1495,Running,0,1,1,99,1,1,0.9983,1494.6,0,16.240,16.240,10.091,13.8,-170.0,0.0,0,20940.6118,-1.0000
54.531,1566,1495,Running,0,1,1,99,1,1,0.9983,1494.6,0,16.240,16.240,10.091,-39.2,484.7,0.0,0,33132.0631,-1.0000
54.548,1555,1495,Running,0,1,1,99,1,1,0.9983,1494.6,0,16.240,16.240,10.091,-42.6,525.9,0.0,0,34926.4730,-1.0000
54.564,1546,1495,Running,0,1,1,99,1,1,0.9983,1494.6,0,16.240,16.240,10.091,-58.4,721.1,0.0,0,15015.9092,-1.0000
54.581,1538,1495,Running,0,1,1,99,1,1,0.9983,1494.6,0,16.240,16.240,10.091,-44.1,545.0,0.0,0,21905.5474,-1.0000
54.598,1531,1495,Running,0,1,1,99,1,1,0.9983,1494.6,0,16.240,16.240,10.091,-40.1,494.8,0.0,0,24278.2331,-1.0000
54.615,1525,1495,Running,0,1,1,99,1,1,0.9983,1494.6,0,16.240,16.240,10.091,-28.7,354.4,0.0,0,44506.4194,-1.0000
54.631,1521,1495,Running,0,1,1,99,1,1,0.9983,1494.6,0,16.240,16.240,10.091,-47.6,587.7,0.0,0,37418.5334,-1.0000
54.648,1517,1495,Running,0,1,1,99,1,1,0.9983,1494.6,0,16.240,16.240,10.091,-64.5,796.6,0.0,0,11997.8398,-1.0000
54.664,1513,1495,Running,0,1,1,99,1,1,0.9983,1494.6,0,16.240,16.240,10.091,-31.2,385.2,0.0,0,10520.2300,-1.0000
54.681,1510,1495,Running,0,1,1,99,1,1,0.9983,1494.6,0,16.240,16.240,10.091,-43.0,531.4,0.0,0,38515.8313,-1.0000
54.698,1508,1495,Running,0,1,1,99,1,1,0.9983,1494.6,0,16.240,16.240,10.091,-37.0,457.0,0.0,0,35416.3192,-1.0000
54.714,1506,1495,Running,0,1,1,99,1,1,0.9983,1494.6,0,16.240,16.240,10.091,-51.0,629.7,0.0,0,53060.5066,-1.0000
54.731,1504,1495,Running,0,1,1,99,1,1,0.9983,1494.6,0,16.240,16.240,10.091,-53.1,656.1,0.0,0,7012.7332,-1.0000
54.748,1503,1495,Running,0,1,1,99,1,1,0.9983,1494.6,0,16.240,16.240,10.091,-37.0,456.7,0.0,0,-1685.0461,-1.0000
54.765,1501,1495,Running,0,1,1,99,1,1,0.9983,1494.6,0,16.240,16.240,10.091,-34.3,423.3,0.0,0,51211.9081,-1.0000
54.781,1500,1495,Running,0,1,1,99,1,1,0.9983,1494.6,0,16.240,16.240,10.091,-39.3,485.5,0.0,0,35224.1804,-1.0000
54.798,1494,1428,Running,0,1,1,99,1,1,0.9279,1340.0,0,15.513,14.560,9.640,23.9,-295.6,0.0,0,27185.1850,-1.0000
54.815,1479,1364,Running,0,1,1,99,1,1,0.9279,1340.0,0,14.818,14.560,9.207,53.7,-663.6,0.0,0,26790.1145,-1.0000
54.831,1458,1340,Running,0,1,1,99,1,1,0.9279,1340.0,0,14.560,14.560,9.047,-2.6,31.5,0.0,0,-13791.4941,-1.0000
54.848,1440,1340,Running,0,1,1,99,1,1,0.9279,1340.0,0,14.560,14.560,9.047,-30.2,373.4,0.0,0,42566.3861,-1.0000
54.864,1425,1340,Running,0,1,1,99,1,1,0.9279,1340.0,0,14.560,14.560,9.047,-36.0,444.3,0.0,0,24326.8784,-1.0000
54.881,1412,1340,Running,0,1,1,99,1,1,0.9279,1340.0,0,14.560,14.560,9.047,-41.7,515.7,0.0,0,41428.0265,-1.0000
54.898,1400,1340,Running,0,1,1,99,1,1,0.9279,1340.0,0,14.560,14.560,9.047,-60.6,748.4,0.0,0,-597.3586,-1.0000
54.915,1391,1340,Running,0,1,1,99,1,1,0.9279,1340.0,0,14.560,14.560,9.047,-30.2,373.0,0.0,0,9878.3570,-1.0000
54.931,1383,1340,Running,0,1,1,99,1,1,0.9279,1340.0,0,14.560,14.560,9.047,-36.4,449.7,0.0,0,23288.5611,-1.0000
54.948,1377,1340,Running,0,1,1,99,1,1,0.9279,1340.0,0,14.560,14.560,9.047,-25.8,318.3,0.0,0,36451.7145,-1.0000
54.964,1371,1340,Running,0,1,1,99,1,1,0.9279,1340.0,0,14.560,14.560,9.047,-38.7,478.0,0.0,0,29063.6264,-1.0000
54.981,1366,1340,Running,0,1,1,99,1,1,0.9279,1340.0,0,14.560,14.560,9.047,-60.8,750.8,0.0,0,7328.8266,-1.0000
54.998,1362,1340,Running,0,1,1,99,1,1,0.9279,1340.0,0,14.560,14.560,9.047,-37.0,457.1,0.0,0,34137.4598,-1.0000
55.014,1358,1340,Running,0,1,1,99,1,1,0.9279,1340.0,0,14.560,14.560,9.047,-25.3,313.1,0.0,0,9873.0314,-1.0000
55.031,1356,1340,Running,0,1,1,99,1,1,0.9279,1340.0,0,14.560,14.560,9.047,-33.2,409.8,0.0,0,28217.0941,-1.0000
55.048,1353,1340,Running,0,1,1,99,1,1,0.9279,1340.0,0,14.560,14.560,9.047,-27.9,344.9,0.0,0,38646.9093,-1.0000
55.064,1351,1334,Running,0,1,1,99,1,1,0.9279,1340.0,0,14.560,14.560,9.047,-54.7,675.9,0.0,0,28574.4222,-1.0000
55.081,1349,1340,Running,0,1,1,99,1,1,0.9279,1340.0,0,14.560,14.560,9.047,-44.0,543.6,0.0,0,17678.1233,-1.0000
55.098,1348,1340,Running,0,1,1,99,1,1,0.9279,1340.0,0,14.560,14.560,9.047,-26.4,326.6,0.0,0,-7243.3967,-1.0000
55.114,1347,1340,Running,0,1,1,99,1,1,0.9279,1340.0,0,14.560,14.560,9.047,-33.8,417.3,0.0,0,44283.9702,-1.0000
55.131,1346,1340,Running,0,1,1,99,1,1,0.9279,1340.0,0,14.560,14.560,9.047,-24.4,301.5,0.0,0,33557.7849,-1.0000
55.148,1345,1340,Running,0,1,1,99,1,1,0.9279,1340.0,0,14.560,14.560,9.047,-39.1,483.3,0.0,0,37743.0829,-1.0000
55.164,1344,1340,Running,0,1,1,99,1,1,0.9279,1340.0,0,14.560,14.560,9.047,-57.0,703.8,0.0,0,8253.3077,-1.0000
55.181,1343,1340,Running,0,1,1,99,1,1,0.9279,1340.0,0,14.560,14.560,9.047,-34.6,427.2,0.0,0,17224.3366,-1.0000
55.198,1343,1340,Running,0,1,1,99,1,1,0.9279,1340.0,0,14.560,14.560,9.047,-23.8,293.6,0.0,0,25121.5581,-1.0000
55.214,1342,1340,Running,0,1,1,99,1,1,0.9279,1340.0,0,14.560,14.560,9.047,-30.1,371.9,0.0,0,33415.7025,-1.0000
55.231,1342,1340,Running,0,1,1,99,1,1,0.9279,1340.0,0,14.560,14.560,9.047,-26.9,332.1,0.0,0,37839.4164,-1.0000
55.248,1341,1339,Running,0,1,1,99,1,1,0.9279,1340.0,0,14.560,14.560,9.047,-66.2,817.6,0.0,0,9115.1475,-1.0000
55.264,1341,1340,Running,0,1,1,99,1,1,0.9279,1340.0,0,14.560,14.560,9.047,-27.6,341.2,0.0,0,38977.8498,-1.0000
55.281,1341,1340,Running,0,1,1,99,1,1,0.9279,1340.0,0,14.560,14.560,9.047,-29.6,366.2,0.0,0,2961.5692,-1.0000
55.298,1341,1340,Running,0,1,1,99,1,1,0.9279,1340.0,0,14.560,14.560,9.047,-24.1,298.1,0.0,0,37964.7497,-1.0000
55.315,1341,1340,Running,0,1,1,99,1,1,0.9279,1340.0,0,14.560,14.560,9.047,-31.9,393.7,0.0,0,33962.4147,-1.0000
55.331,1340,1337,Running,0,1,1,99,1,1,0.9279,1340.0,0,14.560,14.560,9.047,-45.4,561.0,0.0,0,45606.6469,-1.0000
55.348,1340,1340,Running,0,1,1,99,1,1,0.9279,1340.0,0,14.560,14.560,9.047,-50.5,623.3,0.0,0,3520.4321,-1.0000
55.365,1340,1340,Running,0,1,1,99,1,1,0.9279,1340.0,0,14.560,14.560,9.047,-19.1,236.3,0.0,0,2673.5993,-1.0000
55.381,1340,1340,Running,0,1,1,99,1,1,0.9279,1340.0,0,14.560,14.560,9.047,-38.0,469.1,0.0,0,37903.5987,-1.0000
55.398,1340,1340,Running,0,1,1,99,1,1,0.9279,1340.0,0,14.560,14.560,9.047,-16.0,197.4,0.0,0,40888.0052,-1.0000
55.414,1335,1276,Running,0,1,1,99,1,1,0.6496,1001.3,0,13.857,10.880,8.610,46.7,-576.3,0.0,0,29755.3751,-1.0000
55.431,1321,1220,Running,0,1,1,99,1,1,0.6496,1001.3,0,13.132,10.880,8.160,24.8,-306.0,0.0,0,5488.8997,-1.0000
55.448,1301,1165,Running,0,1,1,99,1,1,0.6496,1001.3,0,12.426,10.880,7.721,44.3,-546.6,0.0,0,28410.5744,-1.0000
55.464,1277,1118,Running,0,1,1,99,1,1,0.6496,1001.3,0,11.717,10.880,7.281,40.7,-503.2,0.0,0,-7855.0987,-1.0000
55.481,1249,1078,Running,0,1,1,99,1,1,0.6496,1001.3,0,11.005,10.880,6.838,37.7,-465.2,0.0,0,28672.6998,-1.0000
55.498,1220,1048,Running,0,1,1,99,1,1,0.6221,949.8,0,10.320,10.320,6.413,33.6,-415.1,0.0,0,22129.9722,-1.0000
55.514,1190,1007,Running,0,1,1,99,1,1,0.6189,942.4,0,10.240,10.240,6.363,31.2,-384.9,0.0,0,16959.7293,-1.0000
55.531,1157,940,Running,0,1,1,99,1,1,0.6189,942.4,0,10.240,10.240,6.363,26.4,-326.3,0.0,0,13591.2548,-1.0000
55.548,1123,939,Running,0,1,1,99,1,1,0.6189,942.4,0,10.240,10.240,6.363,-25.3,312.0,0.0,0,-10337.9437,-1.0000
55.564,1094,937,Running,5,1,1,99,1,1,0.6189,942.4,0,10.240,10.240,6.363,-20.6,254.5,0.0,0,12533.4715,-1.0000
55.581,1070,938,Running,5,1,1,99,1,1,0.6189,942.4,0,10.240,10.240,6.363,-12.6,155.3,0.0,0,-25214.4318,-1.0000
55.598,1050,933,Running,5,1,1,99,1,1,0.6189,942.4,0,10.240,10.240,6.363,-17.9,221.2,0.0,0,27082.8115,-1.0000
55.614,1033,935,Running,5,1,1,99,1,1,0.6189,942.4,0,10.240,10.240,6.363,-14.1,173.9,0.0,0,14076.9506,-1.0000
55.631,1018,933,Running,5,1,1,99,1,1,0.6189,942.4,0,10.240,10.240,6.363,-9.4,116.4,0.0,0,18366.4485,-1.0000
55.648,1006,930,Running,5,1,1,99,1,1,0.6189,942.4,0,10.240,10.240,6.363,-18.2,225.3,0.0,0,18001.0877,-1.0000
55.664,993,899,Running,5,1,1,99,1,1,0.6189,942.4,0,10.240,10.240,6.363,-25.2,311.7,0.0,0,1643.0069,-1.0000
55.681,981,913,Running,5,1,1,99,1,1,0.6189,942.4,0,10.240,10.240,6.363,-24.8,306.0,0.0,0,10539.5809,-1.0000
55.698,971,900,Running,5,1,1,99,1,1,0.6000,846.7,0,9.501,9.200,5.904,12.0,-148.5,0.0,0,5978.3977,-1.0000
55.714,960,890,Running,5,1,1,99,1,1,0.6000,846.7,0,9.200,9.200,5.717,23.5,-290.5,0.0,0,82.5024,-1.0000
55.731,949,871,Running,5,1,1,99,1,1,0.6000,846.7,0,9.200,9.200,5.717,22.7,-280.8,0.0,0,23750.8290,-1.0000
55.748,938,865,Running,5,1,1,99,1,1,0.6000,846.7,0,9.200,9.200,5.717,22.2,-273.9,0.0,0,18332.3341,-1.0000
55.764,928,858,Running,5,1,1,99,1,1,0.6000,846.7,0,9.200,9.200,5.717,21.9,-270.2,0.0,0,22311.3580,-1.0000
55.781,917,844,Running,5,1,1,99,1,1,0.6000,846.7,0,9.200,9.200,5.717,16.8,-207.7,0.0,0,21041.0058,-1.0000
55.798,905,808,Running,5,1,1,99,1,1,0.6000,846.7,0,9.200,9.200,5.717,-12.2,150.5,0.0,0,13525.8975,-1.0000
55.815,892,834,Running,6,1,1,99,1,1,0.6000,846.7,0,9.200,9.200,5.717,-19.5,240.6,0.0,0,-2263.2576,-1.0000
55.831,885,848,Running,7,1,1,99,1,1,0.6000,846.7,0,9.200,9.200,5.717,-0.2,2.1,0.0,0,20611.7721,-1.0000
55.848,880,866,Running,7,1,1,99,1,1,0.6000,846.7,0,9.200,9.200,5.717,6.0,-74.5,0.0,0,-18766.0204,-1.0000
55.864,877,866,Running,6,1,1,99,1,1,0.6000,846.7,0,9.200,9.200,5.717,21.3,-262.6,0.0,0,39081.0224,-1.0000
55.881,874,873,Running,5,1,1,99,1,1,0.6000,846.7,0,9.200,9.200,5.717,21.2,-262.1,0.0,0,24627.4570,-1.0000
55.898,873,884,Running,5,1,1,99,1,1,0.6000,846.7,0,9.200,9.200,5.717,21.7,-268.0,0.0,0,29305.9510,-1.0000
55.914,874,884,Running,5,1,1,99,1,1,0.6000,846.7,0,9.200,9.200,5.717,22.1,-272.7,0.0,0,29279.6248,-1.0000
55.931,873,854,Running,5,1,1,99,1,1,0.6000,846.7,0,9.200,9.200,5.717,21.7,-268.5,0.0,0,45361.8236,-1.0000
55.948,866,848,Running,5,1,1,99,1,1,0.6000,846.7,0,9.200,9.200,5.717,-16.3,201.7,0.0,0,-28675.4980,-1.0000
55.965,864,865,Running,5,1,1,99,1,1,0.6000,846.7,0,9.200,9.200,5.717,8.1,-100.2,0.0,0,28629.3786,-1.0000
55.981,864,877,Running,6,1,1,99,1,1,0.6000,846.7,0,9.200,9.200,5.717,21.6,-267.0,0.0,0,-4842.5297,-1.0000
55.998,867,891,Running,5,1,1,99,1,1,0.6000,846.7,0,9.200,9.200,5.717,22.5,-277.9,0.0,0,32920.5908,-1.0000
56.014,871,904,Running,5,1,1,99,1,1,0.6000,846.7,0,9.200,9.200,5.717,23.1,-284.9,0.0,0,32030.9848,-1.0000
56.031,878,925,Running,5,1,1,99,1,1,0.6000,846.7,0,9.200,9.200,5.717,24.0,-296.6,0.0,0,34230.1457,-1.0000
56.048,886,939,Running,5,1,1,99,1,1,0.6000,846.7,0,9.200,9.200,5.717,25.0,-308.3,0.0,0,40421.0970,-1.0000
56.064,894,929,Running,5,1,1,99,1,1,0.6000,846.7,0,9.200,9.200,5.717,25.2,-311.3,0.0,0,50484.9735,-1.0000
56.081,893,888,Running,5,1,1,99,1,1,0.6000,846.7,0,9.200,9.200,5.717,22.8,-281.1,0.0,0,-10288.4329,-1.0000
56.098,893,906,Running,5,1,1,99,1,1,0.6000,846.7,0,9.200,9.200,5.717,22.9,-283.0,0.0,0,31747.6130,-1.0000
56.114,895,928,Running,5,1,1,99,1,1,0.6000,846.7,0,9.200,9.200,5.717,23.9,-295.3,0.0,0,2150.7166,-1.0000
56.131,901,949,Running,5,1,1,99,1,1,0.6000,662.6,0,8.475,7.200,5.266,25.1,-310.5,0.0,0,46107.9000,-1.0000
56.148,909,969,Running,5,1,1,99,1,1,0.6000,655.3,0,7.750,7.120,4.816,26.0,-322.6,0.0,0,41723.2150,-1.0000
56.165,919,992,Running,5,1,1,99,1,1,0.6000,655.3,0,7.120,7.120,4.424,27.3,-346.5,0.0,0,44154.5818,-1.0000
56.181,930,998,Running,5,1,1,99,1,1,0.6000,655.3,0,7.120,7.120,4.424,28.3,-369.5,0.0,0,42109.4673,-1.0000
56.198,938,948,Running,5,1,1,99,1,1,0.6000,655.3,0,7.120,7.120,4.424,27.8,-362.3,0.0,0,46571.3940,-1.0000
56.214,939,947,Running,5,1,1,99,1,1,0.6000,655.3,0,7.120,7.120,4.424,25.6,-324.0,0.0,0,-9162.0196,-1.0000
56.231,942,962,Running,5,1,1,99,1,1,0.6000,655.3,0,7.120,7.120,4.424,26.4,-338.6,0.0,0,34258.0597,-1.0000
56.248,948,984,Running,5,1,1,99,1,1,0.6000,655.3,0,7.120,7.120,4.424,27.6,-358.6,0.0,0,10790.3353,-1.0000
56.264,955,999,Running,5,1,1,99,1,1,0.6000,655.3,0,7.120,7.120,4.424,28.7,-376.6,0.0,0,48239.7635,-1.0000
56.281,965,1026,Running,5,1,1,99,1,1,0.6000,655.3,0,7.120,7.120,4.424,29.8,-395.7,0.0,0,46463.1210,-1.0000
56.298,976,1046,Running,5,1,1,99,1,1,0.6000,618.5,0,6.720,6.720,4.176,31.0,-426.2,0.0,0,55928.8603,-1.0000
56.314,986,1025,Running,5,1,1,99,1,1,0.6000,618.5,0,6.720,6.720,4.176,31.2,-435.2,0.0,0,76419.7554,-1.0000
56.331,987,1001,Running,5,1,1,99,1,1,0.6000,618.5,0,6.720,6.720,4.176,28.5,-387.0,0.0,0,-20096.9074,-1.0000
56.348,990,1013,Running,5,1,1,99,1,1,0.6000,618.5,0,6.720,6.720,4.176,29.0,-395.2,0.0,0,41435.8817,-1.0000
56.364,995,1027,Running,5,1,1,99,1,1,0.6000,618.5,0,6.720,6.720,4.176,30.0,-413.5,0.0,0,5420.3688,-1.0000
56.381,1001,1037,Running,5,1,1,99,1,1,0.6000,618.5,0,6.720,6.720,4.176,31.0,-431.0,0.0,0,50831.9328,-1.0000
56.398,1010,1062,Running,5,1,1,99,1,1,0.6000,618.5,0,6.720,6.720,4.176,32.0,-449.6,0.0,0,48228.9354,-1.0000
56.414,1019,1081,Running,5,1,1,99,1,1,0.6000,603.7,0,6.560,6.560,4.076,33.1,-476.7,0.0,0,59886.7161,-1.0000
56.431,1027,1049,Running,5,1,1,99,1,1,0.6000,603.7,0,6.560,6.560,4.076,33.1,-478.1,0.0,0,71582.9192,-1.0000
56.448,1027,1029,Running,5,1,1,99,1,1,0.6000,603.7,0,6.560,6.560,4.076,30.3,-425.1,0.0,0,-17567.6229,-1.0000
56.464,1028,1035,Running,5,1,1,99,1,1,0.6000,603.7,0,6.560,6.560,4.076,30.8,-433.4,0.0,0,35379.8337,-1.0000
56.481,1031,1052,Running,5,1,1,99,1,1,0.6000,603.7,0,6.560,6.560,4.076,31.7,-451.2,0.0,0,17082.0991,-1.0000
56.498,1036,1069,Running,5,1,1,99,1,1,0.6000,603.7,0,6.560,6.560,4.076,32.5,-466.7,0.0,0,52470.2382,-1.0000
56.515,1043,1092,Running,5,1,1,99,1,1,0.6000,603.7,0,6.560,6.560,4.076,33.5,-485.8,0.0,0,57587.0182,-1.0000
56.531,1051,1097,Running,5,1,1,99,1,1,0.6000,603.7,0,6.560,6.560,4.076,34.4,-501.7,0.0,0,52561.8908,-1.0000
56.548,1055,1038,Running,5,1,1,99,1,1,0.6000,603.7,0,6.560,6.560,4.076,33.5,-484.5,0.0,0,40301.4814,-1.0000
56.564,1052,1036,Running,5,1,1,99,1,1,0.6000,603.7,0,6.560,6.560,4.076,31.1,-439.1,0.0,0,-185.7618,-1.0000
56.581,1052,1053,Running,5,1,1,99,1,1,0.6000,603.7,0,6.560,6.560,4.076,31.7,-450.8,0.0,0,23292.2065,-1.0000
56.598,1054,1075,Running,5,1,1,99,1,1,0.6000,589.0,0,6.400,6.400,3.977,32.7,-476.1,0.0,0,48156.2702,-1.0000
56.615,1057,1090,Running,5,1,1,99,1,1,0.6000,589.0,0,6.400,6.400,3.977,33.4,-489.6,0.0,0,51324.0007,-1.0000
56.631,1062,1095,Running,7,1,1,99,1,1,0.6000,589.0,0,6.400,6.400,3.977,34.2,-506.4,0.0,0,43706.6345,-1.0000
56.648,1068,1090,Running,10,1,1,99,1,1,0.6000,589.0,0,6.400,6.400,3.977,34.6,-513.7,0.0,0,41261.4231,-1.0000
56.665,1067,1037,Running,11,1,1,99,1,1,0.6000,589.0,0,6.400,6.400,3.977,32.7,-476.5,0.0,0,23962.9972,-1.0000
56.681,1064,1055,Running,12,1,1,99,1,1,0.6000,589.0,0,6.400,6.400,3.977,31.5,-453.7,0.0,0,32871.6666,-1.0000
56.698,1063,1078,Running,13,1,1,99,1,1,0.6000,589.0,0,6.400,6.400,3.977,32.4,-470.7,0.0,0,14589.5622,-1.0000
56.715,1066,1090,Running,14,1,1,99,1,1,0.6000,589.0,0,6.400,6.400,3.977,33.6,-494.7,0.0,0,54837.6256,-1.0000
56.731,1071,1109,Running,14,1,1,99,1,1,0.6000,589.0,0,6.400,6.400,3.977,34.9,-518.7,0.0,0,44401.6546,-1.0000
56.748,1081,1146,Running,14,1,1,99,1,1,0.6000,589.0,0,6.400,6.400,3.977,36.9,-556.8,0.0,0,59963.7386,-1.0000
56.764,1092,1149,Running,16,1,1,99,1,1,0.6000,589.0,0,6.400,6.400,3.977,38.5,-588.8,0.0,0,98329.3604,-1.0000
56.781,1097,1132,Running,18,1,1,99,1,1,0.6000,589.0,0,6.400,6.400,3.977,36.2,-543.7,0.0,0,-2599.6492,-1.0000
56.798,1105,1170,Running,19,1,1,99,1,1,0.6000,625.8,0,6.800,6.800,4.225,38.2,-568.8,0.0,0,49883.4297,-1.0000
56.814,1121,1238,Running,20,1,1,99,1,1,0.6000,625.8,0,6.800,6.800,4.225,41.9,-633.6,0.0,0,68526.5794,-1.0000
56.831,1143,1297,Running,21,1,1,99,1,1,0.6000,625.8,0,6.800,6.800,4.225,46.1,-716.6,0.0,0,110511.7024,-1.0000
56.848,1173,1372,Running,21,1,1,99,1,1,0.6000,625.8,0,6.800,6.800,4.225,51.2,-819.0,0.0,0,91855.2059,-1.0000
56.865,1206,1368,Running,21,1,1,99,1,1,0.6000,625.8,0,6.800,6.800,4.225,55.8,-913.5,0.0,0,173457.3019,-1.0000
56.881,1233,1426,Running,22,1,1,99,1,1,0.6000,625.8,0,6.800,6.800,4.225,55.0,-896.3,0.0,0,17987.6467,-1.0000
56.898,1270,1508,Running,22,1,1,99,1,1,0.6000,625.8,0,6.800,6.800,4.225,62.0,-1042.0,0.0,0,132986.6957,-1.0000
56.915,1314,1601,Running,23,1,1,99,1,1,0.6000,684.7,0,7.440,7.440,4.623,69.9,-1176.8,0.0,0,176951.9230,-1.0000
56.931,1366,1700,Running,23,1,1,99,1,1,0.6000,699.4,0,7.600,7.600,4.722,78.4,-1321.3,0.0,0,169017.1827,-1.0000
56.948,1417,1689,Running,24,1,1,99,1,1,0.6000,699.4,0,7.600,7.600,4.722,83.3,-1423.8,0.0,0,185791.2231,-1.0000
56.964,1466,1785,Running,24,0,1,99,1,1,0.6000,699.4,0,7.600,7.600,4.722,86.1,-1482.6,0.0,0,117076.2240,-1.0000
56.981,1521,1878,Running,24,0,1,99,1,1,0.6000,699.4,0,7.600,7.600,4.722,96.0,-1691.0,0.0,0,224498.7647,-1.0000
56.998,1583,1968,Running,24,0,1,99,1,1,0.6000,699.4,0,7.600,7.600,4.722,105.9,-1900.8,0.0,0,244043.6006,-1.0000
57.015,1641,1953,Running,25,0,1,99,1,1,0.6000,699.4,0,7.600,7.600,4.722,111.2,-2012.9,0.0,0,218893.7480,-1.0000
57.031,1697,2051,Running,25,0,1,99,1,1,0.6000,699.4,0,7.600,7.600,4.722,115.7,-2111.3,0.0,0,210624.3717,-1.0000
57.048,1761,2162,Running,25,0,1,99,1,1,0.6000,699.4,0,7.600,7.600,4.722,127.9,-2373.2,0.0,0,254005.8975,-1.0000
57.065,1829,2205,Running,25,0,1,99,1,1,0.6000,699.4,0,7.600,7.600,4.722,139.8,-2632.2,0.0,0,334328.6648,-1.0000
57.081,1888,2259,Running,25,0,1,99,1,1,0.6000,699.4,0,7.600,7.600,4.722,140.9,-2655.3,0.0,0,154057.3794,-1.0000
57.098,1953,2351,Running,26,0,1,99,1,1,0.6000,699.4,0,7.600,7.600,4.722,153.3,-2926.6,0.0,0,301773.8533,-1.0000
57.114,2022,2429,Running,27,0,1,99,1,1,0.6000,699.4,0,7.600,7.600,4.722,165.9,-3203.7,0.0,0,316439.4644,-1.0000
57.131,2081,2443,Running,28,0,1,99,1,1,0.6049,898.2,0,8.621,9.760,5.357,168.2,-3189.9,0.0,0,231317.8743,-1.0000
57.148,2145,2536,Running,29,0,1,99,1,1,0.6049,898.2,0,9.653,9.760,5.998,180.4,-3329.6,0.0,0,327269.9660,-1.0000
57.165,2212,2577,Running,30,0,1,99,1,1,0.6049,898.2,0,9.760,9.760,6.065,193.7,-3538.3,0.0,0,380364.8544,-1.0000
57.181,2270,2639,Running,30,0,1,99,1,1,0.6049,898.2,0,9.760,9.760,6.065,194.6,-3556.2,0.0,0,200328.4747,-1.0000
57.198,2335,2739,Running,30,0,1,99,1,1,0.6049,898.2,0,9.760,9.760,6.065,209.6,-3880.6,0.0,0,377645.1231,-1.0000
57.215,2399,2734,Running,30,0,1,99,1,1,0.6049,898.2,0,9.760,9.760,6.065,220.2,-4109.8,0.0,0,360056.8116,-1.0000
57.231,2459,2831,Running,30,0,1,99,1,1,0.6049,898.2,0,9.760,9.760,6.065,225.0,-4213.9,0.0,0,315464.2523,-1.0000
57.248,2524,2924,Running,31,0,1,99,1,1,0.6049,898.2,0,9.760,9.760,6.065,240.8,-4556.3,0.0,0,419421.2007,-1.0000
57.264,2580,2920,Running,31,0,1,99,1,1,0.6049,898.2,0,9.760,9.760,6.065,243.0,-4604.8,0.0,0,300422.0740,-1.0000
57.281,2640,3011,Running,31,0,1,99,1,1,0.6049,898.2,0,9.760,9.760,6.065,255.3,-4873.2,0.0,0,405260.9694,-1.0000
57.298,2695,2964,Running,31,0,1,99,1,1,0.6965,1067.6,0,10.990,11.600,6.829,301.2,-5665.9,0.0,0,385881.4131,-1.0000
57.315,2742,3026,Running,31,0,1,99,1,1,0.6965,1067.6,0,11.600,11.600,7.208,300.3,-5462.7,0.0,0,372545.0630,-1.0000
57.331,2790,3041,Running,31,0,1,99,1,1,0.6965,1067.6,0,11.600,11.600,7.208,311.5,-5677.6,0.0,0,443452.6480,-1.0000
57.348,2825,3040,Running,31,0,1,99,1,1,0.6965,1067.6,0,11.600,11.600,7.208,304.3,-5522.4,0.0,0,309252.5294,-1.0000
57.364,2863,3101,Running,31,0,1,99,1,1,0.6965,1067.6,0,11.600,11.600,7.208,315.2,-5756.6,0.0,0,431115.1069,-1.0000
57.381,2893,3053,Running,32,0,1,99,1,1,0.6965,1067.6,0,11.600,11.600,7.208,313.5,-5719.6,0.0,0,349331.4156,-1.0000
57.398,2922,3108,Running,32,0,1,99,1,1,0.6965,1067.6,0,11.600,11.600,7.208,317.4,-5803.3,0.0,0,423391.3758,-1.0000
57.415,2950,3061,Running,32,0,1,99,1,1,0.6965,1067.6,0,11.600,11.600,7.208,322.3,-5908.8,0.0,0,410603.6481,-1.0000
57.431,2971,3109,Running,32,0,1,99,1,1,0.6965,1067.6,0,11.600,11.600,7.208,318.3,-5823.6,0.0,0,367755.0083,-1.0000
57.448,2996,3118,Running,32,0,1,99,1,1,0.6965,1067.6,0,11.600,11.600,7.208,328.3,-6038.1,0.0,0,450218.7187,-1.0000
57.465,3011,3110,Running,32,0,1,99,1,1,0.6965,1067.6,0,11.600,11.600,7.208,319.5,-5847.5,0.0,0,323876.3643,-1.0000
57.481,3031,3167,Running,32,0,1,99,1,1,0.6965,1067.6,0,11.600,11.600,7.208,329.3,-6060.0,0.0,0,432834.8437,-1.0000
57.498,3039,3051,Running,32,0,1,99,1,1,0.8883,1288.5,0,12.967,14.000,8.057,406.4,-7285.5,0.0,0,357331.5831,-1.0000
57.515,3042,3058,Running,32,0,1,99,1,1,0.8883,1288.5,0,14.000,14.000,8.699,398.1,-6814.7,0.0,0,405171.8860,-1.0000
57.531,3038,2953,Running,32,0,1,99,1,1,0.9060,1310.5,0,14.240,14.240,8.848,397.0,-6623.2,0.0,0,393388.3180,-1.0000
57.548,3026,2963,Running,32,0,1,99,1,1,0.9060,1310.5,0,14.240,14.240,8.848,381.0,-6285.8,0.0,0,353428.5376,-1.0000
57.565,3018,2958,Running,32,0,1,99,1,1,0.9060,1310.5,0,14.240,14.240,8.848,383.8,-6344.5,0.0,0,412267.0169,-1.0000
57.581,2999,2900,Running,32,0,1,99,1,1,0.9060,1310.5,0,14.240,14.240,8.848,364.1,-5939.3,0.0,0,280845.6504,-1.0000
57.598,2985,2921,Running,32,0,1,99,1,1,0.9060,1310.5,0,14.240,14.240,8.848,368.2,-6023.0,0.0,0,421240.7252,-1.0000
57.615,2970,2836,Running,32,0,1,99,1,1,0.9060,1310.5,0,14.240,14.240,8.848,362.6,-5909.1,0.0,0,342064.7060,-1.0000
57.631,2953,2874,Running,32,0,1,99,1,1,0.9060,1310.5,0,14.240,14.240,8.848,355.3,-5758.2,0.0,0,365638.7441,-1.0000
57.648,2943,2882,Running,32,0,1,99,1,1,0.9060,1310.5,0,14.240,14.240,8.848,363.3,-5923.4,0.0,0,408798.0239,-1.0000
57.664,2925,2841,Running,32,0,1,99,1,1,0.9060,1310.5,0,14.240,14.240,8.848,347.7,-5603.0,0.0,0,273660.6617,-1.0000
57.681,2915,2879,Running,32,0,1,99,1,1,0.9060,1310.5,0,14.240,14.240,8.848,355.2,-5757.8,0.0,0,415250.2702,-1.0000
57.698,2903,2777,Running,32,0,1,99,1,1,0.9983,1494.6,0,15.506,16.240,9.635,385.9,-6088.8,0.0,0,349516.5967,-1.0000
57.715,2886,2806,Running,32,0,1,99,1,1,1.0000,1516.7,0,16.480,16.480,10.240,374.8,-5606.7,0.0,0,353681.6633,-1.0000
57.731,2876,2824,Running,32,0,1,99,1,1,1.0000,1516.7,0,16.480,16.480,10.240,382.0,-5666.9,0.0,0,398806.6668,-1.0000
57.748,2857,2753,Running,32,0,1,99,1,1,1.0000,1516.7,0,16.480,16.480,10.240,364.1,-5324.5,0.0,0,275400.9490,-1.0000
57.765,2844,2788,Running,32,0,1,99,1,1,1.0000,1516.7,0,16.480,16.480,10.240,368.6,-5411.9,0.0,0,383356.8383,-1.0000
57.781,2833,2708,Running,32,0,1,99,1,1,1.0000,1516.7,0,16.480,16.480,10.240,369.5,-5428.7,0.0,0,396605.0699,-1.0000
57.798,2817,2751,Running,32,0,1,99,1,1,1.0000,1516.7,0,16.480,16.480,10.240,356.6,-5183.2,0.0,0,268319.6633,-1.0000
57.815,2809,2789,Running,32,0,1,99,1,1,1.0000,1516.7,0,16.480,16.480,10.240,367.6,-5392.2,0.0,0,393631.5711,-1.0000
57.831,2797,2712,Running,32,0,1,99,1,1,1.0000,1516.7,0,16.480,16.480,10.240,357.9,-5208.2,0.0,0,301167.1509,-1.0000
57.848,2787,2753,Running,32,0,1,99,1,1,1.0000,1516.7,0,16.480,16.480,10.240,358.2,-5212.2,0.0,0,364305.5854,-1.0000
57.864,2784,2729,Running,32,0,1,99,1,1,1.0000,1516.7,0,16.480,16.480,10.240,367.0,-5380.1,0.0,0,428031.2462,-1.0000
57.881,2771,2724,Running,33,0,1,99,1,1,1.0000,1516.7,0,16.480,16.480,10.240,350.3,-5062.7,0.0,0,235362.2136,-1.0000
57.898,2768,2771,Running,33,0,1,99,1,1,1.0000,1516.7,0,16.480,16.480,10.240,362.2,-5288.9,0.0,0,400672.8038,-1.0000
57.915,2764,2700,Running,34,0,1,99,1,1,1.0000,1516.7,0,16.480,16.480,10.240,362.9,-5303.4,0.0,0,354290.9924,-1.0000
57.931,2759,2759,Running,34,0,1,99,1,1,1.0000,1516.7,0,16.480,16.480,10.240,357.9,-5206.4,0.0,0,329130.9208,-1.0000
57.948,2764,2811,Running,35,0,1,99,1,1,1.0000,1516.7,0,16.480,16.480,10.240,372.7,-5490.2,0.0,0,413191.3432,-1.0000
57.964,2761,2751,Running,35,0,1,99,1,1,1.0000,1516.7,0,16.480,16.480,10.240,363.0,-5303.9,0.0,0,309592.2877,-1.0000
57.981,2766,2816,Running,35,0,1,99,1,1,1.0000,1516.7,0,16.480,16.480,10.240,372.9,-5494.0,0.0,0,396423.3375,-1.0000
57.998,2775,2761,Running,35,0,1,99,1,1,1.0000,1516.7,0,16.480,16.480,10.240,383.1,-5687.6,0.0,0,430489.1553,-1.0000
58.015,2777,2824,Running,35,0,1,99,1,1,1.0000,1516.7,0,16.480,16.480,10.240,373.2,-5499.6,0.0,0,275168.2874,-1.0000
58.031,2789,2884,Running,36,0,1,99,1,1,1.0000,1516.7,0,16.480,16.480,10.240,390.4,-5829.1,0.0,0,422666.7872,-1.0000
58.048,2795,2823,Running,36,0,1,99,1,1,1.0000,1516.7,0,16.480,16.480,10.240,384.4,-5713.1,0.0,0,336166.1976,-1.0000
58.065,2804,2883,Running,37,0,1,99,1,1,1.0000,1516.7,0,16.480,16.480,10.240,390.7,-5833.4,0.0,0,409055.0740,-1.0000
58.081,2818,2830,Running,37,0,1,99,1,1,1.0000,1516.7,0,16.480,16.480,10.240,402.7,-6065.4,0.0,0,483239.9687,-1.0000
58.098,2824,2890,Running,37,0,1,99,1,1,1.0000,1516.7,0,16.480,16.480,10.240,391.2,-5843.0,0.0,0,274001.4450,-1.0000
58.115,2839,2954,Running,37,0,1,99,1,1,1.0000,1516.7,0,16.480,16.480,10.240,409.5,-6195.0,0.0,0,433953.0932,-1.0000
58.131,2848,2889,Running,37,0,1,99,1,1,1.0000,1516.7,0,16.480,16.480,10.240,403.3,-6077.3,0.0,0,351587.6662,-1.0000
58.148,2859,2947,Running,37,0,1,99,1,1,1.0000,1516.7,0,16.480,16.480,10.240,409.3,-6191.2,0.0,0,431719.8159,-1.0000
58.165,2874,2891,Running,37,0,1,99,1,1,1.0000,1951.1,0,17.760,21.200,11.036,419.8,-6260.7,0.0,0,466334.4482,-1.0000
58.181,2881,2955,Running,37,0,1,99,1,1,1.0000,1951.1,0,19.001,21.200,11.806,408.9,-5790.6,0.0,0,300965.0843,-1.0000
58.198,2896,3007,Running,37,0,1,99,1,1,1.0000,1951.1,0,20.247,21.200,12.581,426.1,-5864.4,0.0,0,459988.5981,-1.0000
58.215,2903,2939,Running,37,0,1,99,1,1,1.0000,1951.1,0,21.200,21.200,13.173,415.1,-5477.0,0.0,0,358031.7416,-1.0000
58.231,2914,3001,Running,37,0,1,99,1,1,1.0000,1951.1,0,21.200,21.200,13.173,423.6,-5563.8,0.0,0,425708.8747,-1.0000
58.248,2924,2926,Running,37,0,1,99,1,1,1.0000,1951.1,0,21.200,21.200,13.173,427.1,-5623.4,0.0,0,425902.3152,-1.0000
58.265,2929,2981,Running,37,0,1,99,1,1,1.0000,1951.1,0,21.200,21.200,13.173,419.2,-5486.9,0.0,0,380488.8617,-1.0000
58.281,2942,3010,Running,37,0,1,99,1,1,1.0000,1951.1,0,21.200,21.200,13.173,435.2,-5761.8,0.0,0,454468.8840,-1.0000
58.298,2943,2973,Running,38,0,1,99,1,1,1.0000,1951.1,0,21.200,21.200,13.173,418.5,-5475.7,0.0,0,319986.0369,-1.0000
58.314,2952,3022,Running,39,0,1,99,1,1,1.0000,1951.1,0,21.200,21.200,13.173,431.6,-5700.7,0.0,0,476869.9913,-1.0000
58.331,2957,2958,Running,39,0,1,99,1,1,1.0000,2113.1,0,22.420,22.960,13.931,428.2,-5543.1,0.0,0,361152.7994,-1.0000
58.348,2963,3026,Running,40,0,1,99,1,1,1.0000,2113.1,0,22.960,22.960,14.267,429.8,-5414.7,0.0,0,427936.1969,-1.0000
58.365,2974,2968,Running,40,0,1,99,1,1,1.0000,2113.1,0,22.960,22.960,14.267,442.7,-5605.1,0.0,0,521451.9322,-1.0000
58.381,2977,3035,Running,40,0,1,99,1,1,1.0000,2113.1,0,22.960,22.960,14.267,430.5,-5419.4,0.0,0,300315.5282,-1.0000
58.398,2991,3099,Running,40,0,1,99,1,1,1.0000,2113.1,0,22.960,22.960,14.267,451.1,-5743.7,0.0,0,475692.4281,-1.0000
58.415,2997,3037,Running,40,0,1,99,1,1,1.0000,2113.1,0,22.960,22.960,14.267,441.8,-5590.1,0.0,0,379583.3062,-1.0000
58.431,3010,3113,Running,41,0,1,99,1,1,1.0000,2113.1,0,22.960,22.960,14.267,454.1,-5794.8,0.0,0,454175.0163,-1.0000
58.448,3022,3042,Running,41,0,1,99,1,1,1.0000,2113.1,0,22.960,22.960,14.267,458.1,-5862.4,0.0,0,423792.2537,-1.0000
58.465,3032,3127,Running,41,0,1,99,1,1,1.0000,2113.1,0,22.960,22.960,14.267,457.5,-5851.9,0.0,0,427556.6780,-1.0000
58.481,3049,3073,Running,41,0,1,99,1,1,1.0000,2113.1,0,22.960,22.960,14.267,473.7,-6128.5,0.0,0,539882.8688,-1.0000
58.498,3056,3132,Running,41,0,1,99,1,1,1.0000,2113.1,0,22.960,22.960,14.267,459.3,-5882.9,0.0,0,321640.6530,-1.0000
58.515,3072,3187,Running,41,0,1,99,1,2,0.9997,1509.6,0,24.145,25.120,15.003,479.4,-5136.3,0.0,0,498631.1081,-1.0000
58.531,3079,3133,Running,41,0,1,99,1,2,1.0000,1509.6,0,25.120,25.120,15.609,467.0,-4843.3,0.0,0,368462.3132,-1.0000
58.548,3093,3194,Running,41,0,1,99,1,2,1.0000,1509.6,0,25.120,25.120,15.609,480.8,-4981.3,0.0,0,497486.8594,-1.0000
58.565,3103,3137,Running,42,0,1,99,1,2,1.0000,1509.6,0,25.120,25.120,15.609,479.5,-4964.7,0.0,0,403181.2993,-1.0000
58.581,3113,3197,Running,42,0,1,99,1,2,1.0000,1509.6,0,25.120,25.120,15.609,482.1,-4998.8,0.0,0,476249.6794,-1.0000
58.598,3126,3138,Running,42,0,1,99,1,2,1.0000,1509.6,0,25.120,25.120,15.609,491.3,-5120.5,0.0,0,495323.9047,-1.0000
58.615,3133,3198,Running,42,0,1,99,1,2,1.0000,1509.6,0,25.120,25.120,15.609,481.9,-4995.2,0.0,0,395583.7766,-1.0000
58.631,3147,3193,Running,42,0,1,99,1,2,1.0000,1509.6,0,25.120,25.120,15.609,500.2,-5238.8,0.0,0,522098.7172,-1.0000
58.648,3151,3199,Running,42,0,1,99,1,2,1.0000,1509.6,0,25.120,25.120,15.609,482.6,-5004.7,0.0,0,371303.2603,-1.0000
58.665,3164,3266,Running,42,0,1,99,1,2,1.0000,1509.6,0,25.120,25.120,15.609,502.1,-5263.3,0.0,0,494477.9115,-1.0000
58.681,3168,3198,Running,42,0,1,99,1,2,1.0000,1509.6,0,25.120,25.120,15.609,489.4,-5095.5,0.0,0,393768.1537,-1.0000
58.698,3178,3255,Running,42,0,1,99,1,2,1.0000,1509.6,0,25.120,25.120,15.609,500.4,-5241.3,0.0,0,504499.3723,-1.0000
58.715,3184,3199,Running,43,0,1,99,1,2,1.0000,1644.2,0,26.305,27.360,16.345,497.4,-5135.0,0.0,0,413000.6524,-1.0000
58.731,3191,3255,Running,43,0,1,99,1,2,1.0000,1644.2,0,27.360,27.360,17.001,500.4,-5044.4,0.0,0,495727.6760,-1.0000
58.748,3200,3191,Running,43,0,1,99,1,2,1.0000,1644.2,0,27.360,27.360,17.001,506.9,-5079.3,0.0,0,475112.6847,-1.0000
58.765,3204,3261,Running,43,0,1,99,1,2,1.0000,1644.2,0,27.360,27.360,17.001,499.0,-4978.3,0.0,0,425708.7282,-1.0000
58.781,3215,3207,Running,43,0,1,99,1,2,1.0000,1644.2,0,27.360,27.360,17.001,516.4,-5200.4,0.0,0,557687.8313,-1.0000
58.798,3218,3271,Running,43,0,1,99,1,2,1.0000,1644.2,0,27.360,27.360,17.001,500.6,-4999.5,0.0,0,347555.7351,-1.0000
58.815,3230,3306,Running,43,0,1,99,1,2,1.0000,1644.2,0,27.360,27.360,17.001,521.5,-5265.2,0.0,0,541055.2028,-1.0000
58.831,3232,3263,Running,43,0,1,99,1,2,1.0000,1644.2,0,27.360,27.360,17.001,505.0,-5054.2,0.0,0,377602.1672,-1.0000
58.848,3242,3334,Running,44,0,1,99,1,2,1.0000,1644.2,0,27.360,27.360,17.001,521.9,-5271.1,0.0,0,526383.2966,-1.0000
58.865,3246,3258,Running,44,0,1,99,1,2,1.0000,1644.2,0,27.360,27.360,17.001,512.4,-5149.4,0.0,0,425060.9641,-1.0000
58.881,3254,3327,Running,45,0,1,99,1,2,1.0000,1644.2,0,27.360,27.360,17.001,521.5,-5265.2,0.0,0,498261.1308,-1.0000
58.898,3259,3267,Running,46,0,1,99,1,2,1.0000,1769.2,0,28.549,29.440,17.740,520.0,-5186.9,0.0,0,434443.5162,-1.0000
58.915,3266,3333,Running,47,0,1,99,1,2,1.0000,1769.2,0,29.440,29.440,18.293,522.9,-5107.5,0.0,0,513850.8004,-1.0000
58.931,3275,3273,Running,48,0,1,99,1,2,1.0000,1769.2,0,29.440,29.440,18.293,531.7,-5184.6,0.0,0,480132.9943,-1.0000
58.948,3282,3370,Running,48,0,1,99,1,2,1.0000,1769.2,0,29.440,29.440,18.293,529.3,-5154.6,0.0,0,457176.3235,-1.0000
58.965,3296,3304,Running,48,0,1,99,1,2,1.0000,1769.2,0,29.440,29.440,18.293,546.2,-5366.4,0.0,0,575109.3658,-1.0000
58.981,3304,3382,Running,49,0,1,99,1,2,1.0000,1769.2,0,29.440,29.440,18.293,537.0,-5251.3,0.0,0,402217.2454,-1.0000
58.998,3321,3354,Running,49,0,1,99,1,2,1.0000,1769.2,0,29.440,29.440,18.293,559.9,-5539.0,0.0,0,593536.4825,-1.0000
59.012,3328,3417,Running,49,0,1,99,1,2,1.0000,1769.2,0,29.440,29.440,18.293,544.6,-5346.2,0.0,0,381531.1257,-1.0000
59.031,3346,3436,Running,49,0,1,99,1,2,1.0000,1769.2,0,29.440,29.440,18.293,568.7,-5649.8,0.0,0,574299.3735,-1.0000
59.048,3353,3421,Running,49,0,1,99,1,2,1.0000,1769.2,0,29.440,29.440,18.293,552.1,-5440.8,0.0,0,432926.0592,-1.0000
59.065,3370,3485,Running,49,0,1,99,1,2,1.0000,1769.2,0,29.440,29.440,18.293,575.4,-5734.2,0.0,0,558387.5889,-1.0000
59.081,3377,3434,Running,49,0,1,99,1,2,1.0000,1769.2,0,29.440,29.440,18.293,560.2,-5542.2,0.0,0,425607.7999,-1.0000
59.098,3392,3514,Running,49,0,1,99,1,2,1.0000,1769.2,0,29.440,29.440,18.293,579.1,-5781.0,0.0,0,567201.8322,-1.0000
59.115,3399,3452,Running,49,0,1,99,1,2,1.0000,1769.2,0,29.440,29.440,18.293,566.7,-5624.4,0.0,0,438940.4053,-1.0000
59.131,3411,3520,Running,49,0,1,99,1,2,1.0000,1769.2,0,29.440,29.440,18.293,581.5,-5811.4,0.0,0,572871.3868,-1.0000
59.148,3418,3450,Running,49,0,1,99,1,2,1.0000,1769.2,0,29.440,29.440,18.293,572.7,-5700.7,0.0,0,456233.4814,-1.0000
59.165,3428,3514,Running,49,0,1,99,1,2,1.0000,1769.2,0,29.440,29.440,18.293,583.5,-5836.6,0.0,0,560528.3280,-1.0000
59.181,3434,3443,Running,49,0,1,99,1,2,1.0000,2014.4,0,30.671,33.520,19.058,576.4,-5683.8,0.0,0,454685.3822,-1.0000
59.198,3442,3517,Running,49,0,1,99,1,2,1.0000,2014.4,0,31.900,33.520,19.822,583.9,-5648.1,0.0,0,544390.1646,-1.0000
59.215,3447,3452,Running,49,0,1,99,1,2,1.0000,2014.4,0,33.113,33.520,20.576,579.8,-5468.7,0.0,0,469805.5344,-1.0000
59.231,3453,3525,Running,49,0,1,99,1,2,1.0000,2014.4,0,33.520,33.520,20.828,583.1,-5410.0,0.0,0,542506.1455,-1.0000
59.248,3457,3457,Running,49,0,1,99,1,2,1.0000,2014.4,0,33.520,33.520,20.828,581.9,-5387.4,0.0,0,477339.3347,-1.0000
59.265,3462,3522,Running,49,0,1,99,1,2,1.0000,2014.4,0,33.520,33.520,20.828,582.8,-5398.0,0.0,0,542841.1228,-1.0000
59.281,3466,3447,Running,49,0,1,99,1,2,1.0000,2014.4,0,33.520,33.520,20.828,584.8,-5422.6,0.0,0,483492.0704,-1.0000
59.298,3469,3515,Running,49,0,1,99,1,2,1.0000,2014.4,0,33.520,33.520,20.828,583.2,-5403.5,0.0,0,537027.5543,-1.0000
59.315,3473,3438,Running,51,0,1,99,1,2,1.0000,2014.4,0,33.520,33.520,20.828,587.7,-5459.1,0.0,0,497143.3103,-1.0000
59.331,3475,3514,Running,52,0,1,99,1,2,1.0000,2014.4,0,33.520,33.520,20.828,583.0,-5400.7,0.0,0,509774.7624,-1.0000
59.348,3480,3451,Running,53,0,1,99,1,2,1.0000,2177.8,0,34.731,36.240,21.581,591.9,-5447.0,0.0,0,537665.8664,-1.0000
59.365,3483,3538,Running,54,0,1,99,1,2,1.0000,2177.8,0,35.927,36.240,22.324,586.5,-5262.8,0.0,0,489623.3010,-1.0000
59.381,3491,3478,Running,54,0,1,99,1,2,1.0000,2177.8,0,36.240,36.240,22.518,599.7,-5342.3,0.0,0,570688.5105,-1.0000
59.398,3495,3569,Running,55,0,1,99,1,2,1.0000,2177.8,0,36.240,36.240,22.518,593.4,-5267.3,0.0,0,474360.7765,-1.0000
59.414,3505,3505,Running,55,0,1,99,1,2,1.0000,2177.8,0,36.240,36.240,22.518,609.0,-5445.7,0.0,0,590991.5173,-1.0000
59.431,3510,3588,Running,55,0,1,99,1,2,1.0000,2177.8,0,36.240,36.240,22.518,601.3,-5357.2,0.0,0,466022.0303,-1.0000
59.448,3522,3527,Running,55,0,1,99,1,2,1.0000,2177.8,0,36.240,36.240,22.518,617.3,-5540.4,0.0,0,601367.1872,-1.0000
59.465,3528,3603,Running,55,0,1,99,1,2,1.0000,2177.8,0,36.240,36.240,22.518,607.8,-5431.9,0.0,0,463363.7314,-1.0000
59.481,3539,3537,Running,55,0,1,99,1,2,1.0000,2177.8,0,36.240,36.240,22.518,623.0,-5605.5,0.0,0,606076.1923,-1.0000
59.498,3544,3616,Running,55,0,1,99,1,2,1.0000,2177.8,0,36.240,36.240,22.518,611.9,-5478.7,0.0,0,462920.6702,-1.0000
59.515,3555,3551,Running,56,0,1,99,1,2,1.0000,2177.8,0,36.240,36.240,22.518,627.8,-5661.6,0.0,0,607625.5526,-1.0000
59.531,3560,3629,Running,56,0,1,99,1,2,1.0000,2365.3,0,37.454,39.360,23.273,616.5,-5480.9,0.0,0,464280.0355,-1.0000
59.548,3570,3561,Running,56,0,1,99,1,2,1.0000,2365.3,0,38.674,39.360,24.031,631.2,-5545.6,0.0,0,607343.8639,-1.0000
59.565,3573,3639,Running,56,0,1,99,1,2,1.0000,2365.3,0,39.360,39.360,24.457,619.3,-5318.3,0.0,0,467984.0538,-1.0000
59.581,3582,3570,Running,56,0,1,99,1,2,1.0000,2365.3,0,39.360,39.360,24.457,633.3,-5459.7,0.0,0,603928.1324,-1.0000
59.598,3585,3648,Running,56,0,1,99,1,2,1.0000,2365.3,0,39.360,39.360,24.457,622.1,-5333.8,0.0,0,473058.6460,-1.0000
59.615,3593,3574,Running,56,0,1,99,1,2,1.0000,2365.3,0,39.360,39.360,24.457,634.8,-5475.7,0.0,0,599707.5146,-1.0000
59.631,3595,3650,Running,56,0,1,99,1,2,1.0000,2365.3,0,39.360,39.360,24.457,623.3,-5346.9,0.0,0,479802.5174,-1.0000
59.648,3601,3580,Running,56,0,1,99,1,2,1.0000,2365.3,0,39.360,39.360,24.457,635.7,-5486.4,0.0,0,592473.2092,-1.0000
59.665,3603,3653,Running,56,0,1,99,1,2,1.0000,2365.3,0,39.360,39.360,24.457,625.5,-5372.1,0.0,0,487158.8590,-1.0000
59.681,3608,3580,Running,56,0,1,99,1,2,1.0000,2365.3,0,39.360,39.360,24.457,636.6,-5496.4,0.0,0,585106.0499,-1.0000
59.698,3610,3651,Running,56,0,1,99,1,2,1.0000,2365.3,0,39.360,39.360,24.457,626.9,-5387.4,0.0,0,496302.9875,-1.0000
59.715,3614,3576,Running,56,0,1,99,1,2,1.0000,2365.3,0,39.360,39.360,24.457,636.3,-5492.9,0.0,0,576640.9804,-1.0000
59.731,3614,3647,Running,56,0,1,99,1,3,1.0000,1733.1,0,40.493,42.960,25.161,627.3,-4523.1,0.0,0,506047.6116,-1.0000
59.748,3618,3572,Running,56,0,1,99,1,3,1.0000,1733.1,0,41.628,42.960,25.866,635.5,-4532.7,0.0,0,567577.6737,-1.0000
59.765,3617,3643,Running,56,0,1,99,1,3,1.0000,1733.1,0,42.750,42.960,26.564,627.1,-4392.4,0.0,0,516292.0737,-1.0000
59.781,3620,3568,Running,56,0,1,99,1,3,1.0000,1733.1,0,42.960,42.960,26.694,634.3,-4413.8,0.0,0,558245.4343,-1.0000
59.798,3619,3640,Running,56,0,1,99,1,3,1.0000,1733.1,0,42.960,42.960,26.694,626.9,-4347.1,0.0,0,526424.1320,-1.0000
59.815,3621,3569,Running,56,0,1,99,1,3,1.0000,1733.1,0,42.960,42.960,26.694,633.7,-4407.0,0.0,0,548315.9200,-1.0000
59.831,3620,3642,Running,56,0,1,99,1,3,1.0000,1733.1,0,42.960,42.960,26.694,627.5,-4352.5,0.0,0,536786.6425,-1.0000
59.848,3622,3573,Running,56,0,1,99,1,3,1.0000,1733.1,0,42.960,42.960,26.694,633.7,-4407.3,0.0,0,538142.4913,-1.0000
59.865,3622,3646,Running,56,0,1,99,1,3,1.0000,1733.1,0,42.960,42.960,26.694,628.5,-4361.4,0.0,0,547597.6515,-1.0000
59.881,3623,3577,Running,56,0,1,99,1,3,1.0000,1733.1,0,42.960,42.960,26.694,633.6,-4406.6,0.0,0,527925.7667,-1.0000
59.898,3623,3649,Running,56,0,1,99,1,3,1.0000,1733.1,0,42.960,42.960,26.694,629.0,-4365.3,0.0,0,557665.6247,-1.0000
59.915,3624,3580,Running,56,0,1,99,1,3,1.0000,1862.2,0,42.960,46.160,26.694,632.7,-4399.0,0.0,0,518233.1916,-1.0000
59.931,3623,3652,Running,56,0,1,99,1,3,1.0000,1862.2,0,44.077,46.160,27.388,628.9,-4333.2,0.0,0,564964.5699,-1.0000
59.948,3624,3584,Running,56,0,1,99,1,3,1.0000,1862.2,0,45.192,46.160,28.081,632.0,-4298.8,0.0,0,510855.5716,-1.0000
59.965,3623,3657,Running,56,0,1,99,1,3,1.0000,1862.2,0,46.160,46.160,28.682,629.3,-4216.3,0.0,0,568228.5998,-1.0000
59.981,3624,3589,Running,56,0,1,99,1,3,1.0000,1862.2,0,46.160,46.160,28.682,631.7,-4216.4,0.0,0,507516.5557,-1.0000
59.998,3624,3661,Running,56,0,1,99,1,3,1.0000,1862.2,0,46.160,46.160,28.682,629.6,-4198.2,0.0,0,569385.1848,-1.0000
60.015,3624,3594,Running,55,0,1,99,1,3,1.0000,1862.2,0,46.160,46.160,28.682,631.2,-4212.1,0.0,0,506886.8548,-1.0000
60.031,3624,3666,Running,55,0,1,99,1,3,1.0000,1862.2,0,46.160,46.160,28.682,630.1,-4202.7,0.0,0,569730.5890,-1.0000
60.048,3624,3599,Running,55,0,1,99,1,3,1.0000,1862.2,0,46.160,46.160,28.682,631.0,-4210.1,0.0,0,506630.1325,-1.0000
60.065,3624,3670,Running,55,0,1,99,1,3,1.0000,1862.2,0,46.160,46.160,28.682,630.8,-4208.2,0.0,0,570352.4889,-1.0000
60.081,3624,3602,Running,55,0,1,99,1,3,1.0000,1862.2,0,46.160,46.160,28.682,630.8,-4208.4,0.0,0,506144.1890,-1.0000
60.098,3624,3671,Running,55,0,1,99,1,3,1.0000,1862.2,0,46.160,46.160,28.682,631.4,-4213.4,0.0,0,571032.0183,-1.0000
60.115,3624,3601,Running,55,0,1,99,1,3,1.0000,1862.2,0,46.160,46.160,28.682,630.4,-4205.4,0.0,0,505462.4299,-1.0000
60.131,3625,3669,Running,55,0,1,99,1,3,1.0000,1862.2,0,46.160,46.160,28.682,631.8,-4216.9,0.0,0,572069.6759,-1.0000
60.148,3624,3599,Running,55,0,1,99,1,3,1.0000,1862.2,0,46.160,46.160,28.682,629.9,-4201.0,0.0,0,504317.5818,-1.0000
60.165,3625,3666,Running,55,0,1,99,1,3,1.0000,1862.2,0,46.160,46.160,28.682,632.1,-4219.6,0.0,0,573571.0092,-1.0000
60.181,3624,3595,Running,55,0,1,99,1,3,1.0000,1862.2,0,46.160,46.160,28.682,629.4,-4196.7,0.0,0,502687.9652,-1.0000
60.198,3625,3663,Running,54,0,1,99,1,3,1.0000,1862.2,0,46.160,46.160,28.682,632.6,-4223.4,0.0,0,575517.7331,-1.0000
60.215,3624,3589,Running,54,0,1,99,1,3,1.0000,2078.5,0,47.263,51.520,29.368,628.0,-4157.5,0.0,0,500309.3890,-1.0000
60.231,3624,3654,Running,53,0,1,99,1,3,1.0000,2078.5,0,48.363,51.520,30.051,631.6,-4133.7,0.0,0,575753.6649,-1.0000
60.248,3621,3576,Running,53,0,1,99,1,3,1.0000,2078.5,0,49.454,51.520,30.729,624.8,-4022.5,0.0,0,496457.5053,-1.0000
60.265,3621,3640,Running,52,0,1,99,1,3,1.0000,2078.5,0,50.543,51.520,31.406,627.5,-3991.3,0.0,0,574463.6728,-1.0000
60.281,3616,3563,Running,52,0,1,99,1,3,1.0000,2078.5,0,51.520,51.520,32.013,620.3,-3878.9,0.0,0,490680.4479,-1.0000
60.298,3614,3627,Running,52,0,1,99,1,3,1.0000,2078.5,0,51.520,51.520,32.013,623.1,-3880.2,0.0,0,571899.9825,-1.0000
60.315,3609,3554,Running,52,0,1,99,1,3,1.0000,2078.5,0,51.520,51.520,32.013,616.4,-3824.8,0.0,0,487643.8881,-1.0000
60.331,3607,3617,Running,52,0,1,99,1,3,1.0000,2078.5,0,51.520,51.520,32.013,619.4,-3849.1,0.0,0,568972.8400,-1.0000
60.348,3601,3542,Running,52,0,1,99,1,3,1.0000,2078.5,0,51.520,51.520,32.013,612.2,-3790.7,0.0,0,485513.4244,-1.0000
60.365,3598,3605,Running,50,0,1,99,1,3,1.0000,2078.5,0,51.520,51.520,32.013,615.3,-3815.8,0.0,0,565043.0223,-1.0000
60.381,3592,3532,Running,48,0,1,99,1,3,1.0000,2078.5,0,51.520,51.520,32.013,609.1,-3764.6,0.0,0,483785.5831,-1.0000
60.398,3588,3590,Running,47,0,1,99,1,3,1.0000,2078.5,0,51.520,51.520,32.013,610.1,-3772.7,0.0,0,556767.0501,-1.0000
60.414,3580,3505,Running,46,0,1,99,1,3,1.0000,2204.3,0,52.582,54.640,32.673,601.4,-3677.9,0.0,0,477978.2515,-1.0000
60.431,3573,3556,Running,44,0,1,99,1,3,1.0000,2204.3,0,53.638,54.640,33.329,598.1,-3604.5,0.0,0,542985.9495,-1.0000
60.448,3561,3470,Running,44,0,1,99,1,3,1.0000,2204.3,0,54.640,54.640,33.952,588.8,-3494.8,0.0,0,469883.4012,-1.0000
60.465,3549,3506,Running,43,0,1,99,1,3,1.0000,2204.3,0,54.640,54.640,33.952,581.8,-3423.5,0.0,0,528591.9141,-1.0000
60.481,3535,3405,Running,43,0,1,99,1,3,1.0000,2204.3,0,54.640,54.640,33.952,573.6,-3361.7,0.0,0,464106.0757,-1.0000
60.498,3518,3436,Running,42,0,1,99,1,3,1.0000,2204.3,0,54.640,54.640,33.952,562.8,-3279.4,0.0,0,518006.5541,-1.0000
60.515,3501,3341,Running,42,0,1,99,1,3,1.0000,2204.3,0,54.640,54.640,33.952,559.1,-3251.5,0.0,0,472877.1074,-1.0000
60.531,3481,3391,Running,41,0,1,99,1,3,1.0000,2204.3,0,54.640,54.640,33.952,544.6,-3142.2,0.0,0,461830.9986,-1.0000
60.548,3464,3297,Running,39,0,1,99,1,4,1.0000,1619.0,0,55.622,56.240,34.562,546.5,-2733.6,0.0,0,536406.8013,-1.0000
60.565,3441,3326,Running,38,0,1,99,1,4,1.0000,1619.0,0,56.240,56.240,34.946,526.7,-2582.9,0.0,0,405617.0200,-1.0000
60.581,3424,3254,Running,38,0,1,99,1,4,1.0000,1619.0,0,56.240,56.240,34.946,533.0,-2617.7,0.0,0,547178.6400,-1.0000
60.598,3397,3262,Running,37,0,1,99,1,4,1.0000,1619.0,0,56.240,56.240,34.946,505.4,-2444.1,0.0,0,338003.2327,-1.0000
60.615,3377,3265,Running,37,0,1,99,1,4,1.0000,1619.0,0,56.240,56.240,34.946,512.4,-2487.9,0.0,0,515772.6605,-1.0000
60.631,3347,3186,Running,37,0,1,99,1,4,1.0000,1619.0,0,56.240,56.240,34.946,486.7,-2330.0,0.0,0,345443.4919,-1.0000
60.648,3323,3203,Running,36,0,1,99,1,4,1.0000,1619.0,0,56.240,56.240,34.946,489.4,-2346.1,0.0,0,502774.5110,-1.0000
60.665,3295,3112,Running,36,0,1,99,1,4,1.0000,1619.0,0,56.240,56.240,34.946,474.0,-2253.0,0.0,0,370878.6027,-1.0000
60.681,3268,3130,Running,36,0,1,99,1,4,1.0000,1619.0,0,56.240,56.240,34.946,467.3,-2212.3,0.0,0,460233.8766,-1.0000
60.698,3243,3035,Running,33,0,1,99,1,4,1.0000,1619.0,0,56.240,56.240,34.946,463.3,-2188.7,0.0,0,436087.6566,-1.0000
60.715,3213,3052,Running,30,0,1,99,1,4,1.0000,1619.0,0,56.240,56.240,34.946,445.2,-2079.3,0.0,0,372713.2544,-1.0000
60.731,3189,3027,Running,28,0,1,99,1,4,1.0000,1674.2,0,56.240,58.160,34.946,448.3,-2098.2,0.0,0,446089.9324,-1.0000
60.748,3153,2953,Running,27,0,1,99,1,4,1.0000,1674.2,0,57.153,58.160,35.514,419.9,-1918.4,0.0,0,299711.6928,-1.0000
60.765,3121,2938,Running,26,0,1,99,1,4,1.0000,1674.2,0,58.064,58.160,36.079,416.8,-1881.6,0.0,0,434840.2219,-1.0000
60.781,3084,2819,Running,25,0,1,99,1,4,1.0000,1674.2,0,58.160,58.160,36.139,398.1,-1760.3,0.0,0,301455.8284,-1.0000
60.798,3042,2802,Running,25,0,1,99,1,4,1.0000,1674.2,0,58.160,58.160,36.139,379.5,-1650.7,0.0,0,345795.1514,-1.0000
60.815,3002,2747,Running,24,0,1,99,1,4,1.0000,1674.2,0,58.160,58.160,36.139,372.6,-1611.3,0.0,0,376324.1358,-1.0000
60.831,2952,2658,Running,24,0,1,99,1,4,1.0000,1674.2,0,58.160,58.160,36.139,343.4,-1451.3,0.0,0,218328.1356,-1.0000
60.848,2904,2634,Running,24,0,1,99,1,4,1.0000,1674.2,0,58.160,58.160,36.139,335.6,-1409.3,0.0,0,339391.2731,-1.0000
60.865,2857,2522,Running,24,0,1,99,1,4,1.0000,1674.2,0,58.160,58.160,36.139,324.7,-1350.2,0.0,0,329952.8666,-1.0000
60.881,2804,2499,Running,23,0,1,99,1,4,1.0000,1674.2,0,58.160,58.160,36.139,301.9,-1227.6,0.0,0,206152.5879,-1.0000
60.898,2756,2484,Running,21,0,1,99,1,4,1.0000,1674.2,0,58.160,58.160,36.139,298.5,-1209.2,0.0,0,309009.5330,-1.0000
60.915,2708,2378,Running,19,0,1,99,1,4,1.0000,1674.2,0,58.160,58.160,36.139,287.3,-1150.0,0.0,0,251201.1568,-1.0000
60.931,2656,2363,Running,18,0,1,99,1,4,1.0000,1706.5,0,59.001,59.280,36.661,269.4,-1059.2,0.0,0,200805.2161,-1.0000
60.948,2609,2335,Running,16,0,1,99,1,4,1.0000,1706.5,0,59.280,59.280,36.835,265.3,-1040.1,0.0,0,287361.6132,-1.0000
60.965,2561,2230,Running,15,0,1,99,1,4,1.0000,1706.5,0,59.280,59.280,36.835,253.8,-991.7,0.0,0,222996.8289,-1.0000
60.981,2507,2195,Running,15,0,1,99,1,4,1.0000,1706.5,0,59.280,59.280,36.835,234.7,-911.7,0.0,0,163590.8252,-1.0000
60.998,2457,2170,Running,14,0,1,99,1,4,1.0000,1706.5,0,59.280,59.280,36.835,228.6,-886.2,0.0,0,209218.1011,-1.0000
61.015,2410,2106,Running,14,0,1,99,1,4,1.0000,1706.5,0,59.280,59.280,36.835,222.6,-861.2,0.0,0,261066.5183,-1.0000
61.031,2357,2046,Running,14,0,1,99,1,4,1.0000,1706.5,0,59.280,59.280,36.835,204.3,-789.1,0.0,0,73062.3644,-1.0000
61.048,2308,2030,Running,14,0,1,99,1,4,1.0000,1706.5,0,59.280,59.280,36.835,199.7,-771.6,0.0,0,162314.7702,-1.0000
61.065,2264,2016,Running,14,0,1,99,1,4,1.0000,1706.5,0,59.280,59.280,36.835,196.2,-757.9,0.0,0,186245.0450,-1.0000
61.081,2195,1706,Running,13,0,1,99,1,4,1.0000,1706.5,0,59.280,59.280,36.835,489.5,-1891.1,0.0,0,108250.1990,-1.0000
61.098,2120,1706,Running,12,0,1,99,1,4,1.0000,1706.5,0,59.280,59.280,36.835,177.2,-684.7,0.0,0,61118.8965,-1.0000
61.115,2056,1706,Running,11,0,1,99,1,4,1.0000,1706.5,0,59.280,59.280,36.835,169.1,-653.3,0.0,0,132187.3886,-1.0000
61.131,2003,1706,Running,10,0,1,99,1,4,1.0000,1706.5,0,59.280,59.280,36.835,168.1,-649.3,0.0,0,125487.3799,-1.0000
61.148,1957,1706,Running,9,0,1,99,1,4,1.0000,1706.5,0,59.280,59.280,36.835,49.0,-189.4,0.0,0,111680.9972,-1.0000
61.165,1919,1713,Running,9,0,1,99,1,4,1.0000,1713.4,0,59.520,59.520,36.984,126.3,-487.9,0.0,0,51633.6666,-1.0000
61.181,1888,1713,Running,8,0,1,99,1,4,1.0000,1713.4,0,59.520,59.520,36.984,141.2,-545.5,0.0,0,114220.5643,-1.0000
61.198,1861,1713,Running,8,0,1,99,1,4,1.0000,1713.4,0,59.520,59.520,36.984,145.0,-560.4,0.0,0,123105.7751,-1.0000
61.215,1838,1713,Running,8,0,1,99,1,4,1.0000,1713.4,0,59.520,59.520,36.984,61.2,-236.4,0.0,0,127354.1596,-1.0000
61.231,1819,1713,Running,8,0,1,99,1,4,1.0000,1713.4,0,59.520,59.520,36.984,94.3,-364.4,0.0,0,38131.6900,-1.0000
61.248,1803,1713,Running,7,0,1,99,1,4,1.0000,1713.4,0,59.520,59.520,36.984,114.2,-441.0,0.0,0,78214.4428,-1.0000
61.265,1789,1713,Running,6,0,1,99,1,4,1.0000,1713.4,0,59.520,59.520,36.984,110.1,-425.3,0.0,0,94097.6796,-1.0000
61.281,1777,1713,Running,4,0,1,99,1,4,1.0000,1713.4,0,59.520,59.520,36.984,73.7,-284.9,0.0,0,106649.3528,-1.0000
61.298,1768,1713,Running,3,0,1,99,1,4,1.0000,1713.4,0,59.520,59.520,36.984,26.3,-101.4,0.0,0,24335.2031,-1.0000
61.315,1759,1709,Running,2,0,1,99,1,4,1.0000,1708.8,0,59.360,59.360,36.885,86.5,-334.2,0.0,0,60621.9839,-1.0000
61.331,1751,1709,Running,2,0,1,99,1,4,1.0000,1708.8,0,59.360,59.360,36.885,73.0,-281.8,0.0,0,84059.9960,-1.0000
61.334,1744,1709,Running,1,0,1,99,1,4,1.0000,1708.8,0,59.360,59.360,36.885,65.3,-252.3,0.0,0,85729.3876,-1.0000
61.365,1739,1709,Running,1,0,1,99,1,4,1.0000,1708.8,0,59.360,59.360,36.885,-8.9,34.4,0.0,0,28816.1542,-1.0000
61.381,1734,1709,Running,1,0,1,99,1,4,1.0000,1708.8,0,59.360,59.360,36.885,54.4,-210.3,0.0,0,38272.1717,-1.0000
61.398,1730,1709,Running,0,0,1,99,1,4,1.0000,1708.8,0,59.360,59.360,36.885,45.1,-174.1,0.0,0,78276.5138,-1.0000
61.415,1727,1709,Running,0,0,1,99,1,4,1.0000,1708.8,0,59.360,59.360,36.885,40.6,-156.9,0.0,0,68273.4649,-1.0000
61.431,1724,1709,Running,0,0,1,99,1,4,1.0000,1708.8,0,59.360,59.360,36.885,-25.4,98.2,0.0,0,17210.2464,-1.0000
61.448,1722,1709,Running,0,0,1,99,1,4,1.0000,1708.8,0,59.360,59.360,36.885,20.6,-79.6,0.0,0,22463.5910,-1.0000
61.465,1720,1709,Running,0,0,1,99,1,4,1.0000,1708.8,0,59.360,59.360,36.885,13.1,-50.8,0.0,0,56379.1920,-1.0000
61.481,1718,1709,Running,0,0,1,99,1,4,1.0000,1708.8,0,59.360,59.360,36.885,12.8,-49.3,0.0,0,47727.3785,-1.0000
61.498,1717,1709,Running,0,0,1,99,1,4,1.0000,1708.8,0,59.360,59.360,36.885,-40.3,155.7,0.0,0,17025.2818,-1.0000
61.515,1714,1688,Running,0,0,1,99,1,4,1.0000,1688.0,0,58.640,58.640,36.437,24.5,-94.7,0.0,0,20073.8095,-1.0000
61.531,1710,1688,Running,0,0,1,99,1,4,1.0000,1688.0,0,58.640,58.640,36.437,-0.3,1.1,0.0,0,26027.2493,-1.0000
61.548,1706,1688,Running,0,0,1,99,1,4,1.0000,1688.0,0,58.640,58.640,36.437,2.7,-10.3,0.0,0,40957.6938,-1.0000
61.565,1704,1688,Running,0,0,1,99,1,4,1.0000,1688.0,0,58.640,58.640,36.437,-37.0,143.0,0.0,0,38033.4338,-1.0000
61.581,1701,1688,Running,0,0,1,99,1,4,1.0000,1688.0,0,58.640,58.640,36.437,-19.3,74.5,0.0,0,6781.9369,-1.0000
61.598,1699,1688,Running,0,0,1,99,1,4,1.0000,1688.0,0,58.640,58.640,36.437,-13.7,52.9,0.0,0,6799.6192,-1.0000
61.615,1698,1688,Running,0,0,1,99,1,4,1.0000,1688.0,0,58.640,58.640,36.437,-18.4,71.0,0.0,0,30502.9309,-1.0000
61.631,1696,1688,Running,0,0,1,99,1,4,1.0000,1688.0,0,58.640,58.640,36.437,-28.5,110.2,0.0,0,32047.6754,-1.0000
61.648,1695,1688,Running,0,0,1,99,1,4,1.0000,1688.0,0,58.640,58.640,36.437,-52.7,203.4,0.0,0,248.3341,-1.0000
61.665,1694,1688,Running,0,0,1,99,1,4,1.0000,1688.0,0,58.640,58.640,36.437,-22.5,86.8,0.0,0,-5568.0135,-1.0000
61.681,1693,1688,Running,0,0,1,99,1,4,1.0000,1688.0,0,58.640,58.640,36.437,-26.0,100.3,0.0,0,32874.2649,-1.0000
61.698,1692,1688,Running,0,0,1,99,1,4,1.0000,1688.0,0,58.640,58.640,36.437,-24.8,95.6,0.0,0,31537.5301,-1.0000
61.715,1692,1688,Running,0,0,1,99,1,4,1.0000,1688.0,0,58.640,58.640,36.437,-56.4,218.0,0.0,0,1678.8308,-1.0000
61.731,1691,1688,Running,0,0,1,99,1,4,1.0000,1688.0,0,58.640,58.640,36.437,-31.0,119.8,0.0,0,660.3255,-1.0000
61.748,1691,1688,Running,0,0,1,99,1,4,1.0000,1688.0,0,58.640,58.640,36.437,-34.7,133.9,0.0,0,31828.3771,-1.0000
61.765,1690,1688,Running,0,0,1,99,1,4,1.0000,1688.0,0,58.640,58.640,36.437,-33.6,129.9,0.0,0,25700.1312,-1.0000
61.781,1690,1688,Running,0,0,1,99,1,4,1.0000,1688.0,0,58.640,58.640,36.437,-64.5,249.3,0.0,0,-2547.8783,-1.0000
61.798,1688,1666,Running,0,0,1,99,1,4,1.0000,1632.8,0,57.885,56.720,35.968,-10.2,39.4,0.0,0,18826.2002,-1.0000
61.815,1683,1645,Running,0,0,1,99,1,4,1.0000,1632.8,0,57.132,56.720,35.500,-3.6,14.1,0.0,0,5692.1864,-1.0000
61.831,1676,1633,Running,0,0,1,99,1,4,1.0000,1632.8,0,56.720,56.720,35.244,-13.0,50.2,0.0,0,26391.9561,-1.0000
61.848,1669,1633,Running,0,0,1,99,1,4,1.0000,1632.8,0,56.720,56.720,35.244,-53.1,205.1,0.0,0,37236.1478,-1.0000
61.865,1663,1633,Running,0,0,1,99,1,4,1.0000,1632.8,0,56.720,56.720,35.244,-51.9,200.4,0.0,0,-6615.8368,-1.0000
61.881,1659,1633,Running,0,0,1,99,1,4,1.0000,1632.8,0,56.720,56.720,35.244,-39.1,150.9,0.0,0,-11209.7572,-1.0000
61.898,1655,1633,Running,0,0,1,99,1,4,1.0000,1632.8,0,56.720,56.720,35.244,-41.3,159.7,0.0,0,22947.4478,-1.0000
61.915,1651,1633,Running,0,0,1,99,1,4,1.0000,1632.8,0,56.720,56.720,35.244,-36.6,141.4,0.0,0,27915.4975,-1.0000
61.931,1648,1633,Running,0,0,1,99,1,4,1.0000,1632.8,0,56.720,56.720,35.244,-61.5,237.5,0.0,0,973.2880,-1.0000
61.948,1646,1633,Running,0,0,1,99,1,4,1.0000,1632.8,0,56.720,56.720,35.244,-42.5,164.4,0.0,0,5062.7440,-1.0000
61.965,1644,1633,Running,0,0,1,99,1,4,1.0000,1632.8,0,56.720,56.720,35.244,-43.9,169.7,0.0,0,22313.2179,-1.0000
61.981,1642,1633,Running,0,0,1,99,1,4,1.0000,1632.8,0,56.720,56.720,35.244,-40.4,155.9,0.0,0,23237.0968,-1.0000
61.998,1641,1633,Running,0,0,1,99,1,4,1.0000,1632.8,0,56.720,56.720,35.244,-65.1,251.5,0.0,0,15201.4926,-1.0000
62.015,1640,1633,Running,0,0,1,99,1,4,1.0000,1632.8,0,56.720,56.720,35.244,-40.6,156.9,0.0,0,19676.8530,-1.0000
62.031,1639,1633,Running,0,0,1,99,1,4,1.0000,1632.8,0,56.720,56.720,35.244,-38.9,150.4,0.0,0,3051.0956,-1.0000
62.048,1638,1633,Running,0,0,1,99,1,4,1.0000,1632.8,0,56.720,56.720,35.244,-43.4,167.8,0.0,0,23365.3455,-1.0000
62.065,1637,1633,Running,0,0,1,99,1,4,1.0000,1632.8,0,56.720,56.720,35.244,-48.1,185.9,0.0,0,25485.1785,-1.0000
62.081,1636,1633,Running,0,0,1,99,1,4,1.0000,1632.8,0,56.720,56.720,35.244,-65.4,252.7,0.0,0,5085.3249,-1.0000
62.098,1636,1633,Running,0,0,1,99,1,4,1.0000,1632.8,0,56.720,56.720,35.244,-37.5,144.7,0.0,0,-9197.8410,-1.0000
62.115,1635,1633,Running,0,0,1,99,1,4,1.0000,1632.8,0,56.720,56.720,35.244,-42.4,163.9,0.0,0,41871.1239,-1.0000
62.131,1635,1633,Running,0,0,1,99,1,4,1.0000,1632.8,0,56.720,56.720,35.244,-42.9,165.6,0.0,0,30278.6088,-1.0000
62.148,1635,1633,Running,0,0,1,99,1,4,1.0000,1632.8,0,56.720,56.720,35.244,-70.1,270.7,0.0,0,-3844.3949,-1.0000
62.165,1634,1633,Running,0,0,1,99,1,4,1.0000,1632.8,0,56.720,56.720,35.244,-48.3,186.8,0.0,0,23934.3482,-1.0000
62.181,1634,1633,Running,0,0,1,99,1,4,1.0000,1632.8,0,56.720,56.720,35.244,-41.0,158.5,0.0,0,9560.8801,-1.0000
62.198,1632,1611,Running,0,0,1,99,1,4,1.0000,1547.6,0,55.966,53.760,34.776,-7.2,27.9,0.0,0,33054.7130,-1.0000
62.215,1627,1589,Running,0,0,1,99,1,4,1.0000,1547.6,0,55.206,53.760,34.304,-26.0,100.3,0.0,0,39328.0949,-1.0000
62.231,1620,1567,Running,0,0,1,99,1,4,1.0000,1547.6,0,54.445,53.760,33.831,-29.2,112.7,0.0,0,-3558.8267,-1.0000
62.248,1610,1548,Running,0,0,1,99,1,4,1.0000,1547.6,0,53.760,53.760,33.405,-14.2,54.7,0.0,0,-12775.9545,-1.0000
62.265,1600,1548,Running,0,0,1,99,1,4,1.0000,1547.6,0,53.760,53.760,33.405,-38.5,148.9,0.0,0,35589.1962,-1.0000
62.281,1592,1548,Running,0,0,1,99,1,4,1.0000,1547.6,0,53.760,53.760,33.405,-41.5,160.4,0.0,0,30633.6146,-1.0000
62.298,1584,1527,Running,0,0,1,99,1,4,1.0000,1526.8,0,53.040,53.040,32.958,-44.5,171.8,0.0,0,-3182.5131,-1.0000
62.315,1575,1527,Running,0,0,1,99,1,4,1.0000,1526.8,0,53.040,53.040,32.958,-41.2,159.3,0.0,0,27457.9110,-1.0000
62.331,1567,1527,Running,0,0,1,99,1,4,1.0000,1526.8,0,53.040,53.040,32.958,-35.3,136.3,0.0,0,7630.9047,-1.0000
62.348,1561,1527,Running,0,0,1,99,1,4,1.0000,1526.8,0,53.040,53.040,32.958,-45.1,174.1,0.0,0,20407.3500,-1.0000
62.365,1556,1527,Running,0,0,1,99,1,4,1.0000,1526.8,0,53.040,53.040,32.958,-44.2,170.9,0.0,0,26598.4764,-1.0000
62.381,1551,1527,Running,0,0,1,99,1,4,1.0000,1526.8,0,53.040,53.040,32.958,-59.9,231.4,0.0,0,5842.5154,-1.0000
62.398,1548,1527,Running,0,0,1,99,1,4,1.0000,1526.8,0,53.040,53.040,32.958,-45.8,177.1,0.0,0,11595.5705,-1.0000
62.415,1544,1527,Running,0,0,1,99,1,4,1.0000,1526.8,0,53.040,53.040,32.958,-44.5,171.8,0.0,0,17935.4372,-1.0000
62.431,1542,1527,Running,0,0,1,99,1,4,1.0000,1526.8,0,53.040,53.040,32.958,-32.0,123.6,0.0,0,32431.4840,-1.0000
62.448,1539,1527,Running,0,0,1,99,1,4,1.0000,1526.8,0,53.040,53.040,32.958,-52.0,200.9,0.0,0,39296.7158,-1.0000
62.465,1538,1527,Running,0,0,1,99,1,4,1.0000,1526.8,0,53.040,53.040,32.958,-62.0,239.6,0.0,0,-1236.3440,-1.0000
62.481,1536,1527,Running,0,0,1,99,1,4,1.0000,1526.8,0,53.040,53.040,32.958,-35.5,137.2,0.0,0,-8474.5443,-1.0000
62.498,1533,1505,Running,0,0,1,99,1,4,0.9960,1480.8,0,52.285,51.440,32.489,-9.6,36.9,0.0,0,44854.9817,-1.0000
62.515,1527,1483,Running,0,0,1,99,1,4,0.9960,1480.8,0,51.530,51.440,32.019,-12.7,49.2,0.0,0,23663.8387,-1.0000
62.531,1520,1481,Running,0,0,1,99,1,4,0.9960,1480.8,0,51.440,51.440,31.963,-60.6,234.2,0.0,0,21843.7250,-1.0000
62.548,1514,1481,Running,0,0,1,99,1,4,0.9960,1480.8,0,51.440,51.440,31.963,-39.2,151.4,0.0,0,21809.2389,-1.0000
62.565,1509,1481,Running,0,0,1,99,1,4,0.9960,1480.8,0,51.440,51.440,31.963,-41.4,160.0,0.0,0,-10377.6167,-1.0000
62.581,1504,1481,Running,0,0,1,99,1,4,0.9960,1480.8,0,51.440,51.440,31.963,-36.8,142.3,0.0,0,31300.7286,-1.0000
62.598,1501,1481,Running,0,0,1,99,1,4,0.9960,1480.8,0,51.440,51.440,31.963,-36.5,141.1,0.0,0,36397.4539,-1.0000
62.615,1498,1481,Running,0,0,1,99,1,4,0.9960,1480.8,0,51.440,51.440,31.963,-72.8,281.2,0.0,0,3954.2530,-1.0000
62.631,1495,1481,Running,0,0,1,99,1,4,0.9960,1480.8,0,51.440,51.440,31.963,-35.3,136.2,0.0,0,32118.5898,-1.0000
62.648,1493,1481,Running,0,0,1,99,1,4,0.9960,1480.8,0,51.440,51.440,31.963,-35.9,138.7,0.0,0,4105.5139,-1.0000
62.665,1491,1481,Running,0,0,1,99,1,4,0.9960,1480.8,0,51.440,51.440,31.963,-44.0,169.9,0.0,0,23273.3386,-1.0000
62.681,1488,1459,Running,0,0,1,99,1,4,0.9846,1441.6,0,50.688,50.080,31.496,-2.1,8.1,0.0,0,38292.7571,-1.0000
62.698,1482,1437,Running,0,0,1,99,1,4,0.9829,1437.0,0,49.924,49.920,31.021,-39.2,151.5,0.0,0,-520.8367,-1.0000
62.715,1475,1437,Running,0,0,1,99,1,4,0.9829,1437.0,0,49.920,49.920,31.019,-40.0,154.5,0.0,0,30293.5667,-1.0000
62.731,1469,1437,Running,0,0,1,99,1,4,0.9829,1437.0,0,49.920,49.920,31.019,-29.2,113.0,0.0,0,10291.9534,-1.0000
62.748,1464,1437,Running,0,0,1,99,1,4,0.9829,1437.0,0,49.920,49.920,31.019,-43.4,167.8,0.0,0,20571.7779,-1.0000
62.765,1460,1437,Running,0,0,1,99,1,4,0.9829,1437.0,0,49.920,49.920,31.019,-30.5,118.0,0.0,0,37050.3911,-1.0000
62.781,1456,1437,Running,0,0,1,99,1,4,0.9829,1437.0,0,49.920,49.920,31.019,-68.9,266.2,0.0,0,923.0760,-1.0000
62.798,1453,1437,Running,0,0,1,99,1,4,0.9829,1437.0,0,49.920,49.920,31.019,-39.9,154.3,0.0,0,31442.4077,-1.0000
62.815,1451,1437,Running,0,0,1,99,1,4,0.9829,1437.0,0,49.920,49.920,31.019,-28.7,110.9,0.0,0,11520.4454,-1.0000
62.831,1449,1437,Running,0,0,1,99,1,4,0.9829,1437.0,0,49.920,49.920,31.019,-42.9,165.7,0.0,0,22053.6957,-1.0000
62.848,1447,1437,Running,0,0,1,99,1,4,0.9829,1437.0,0,49.920,49.920,31.019,-29.7,114.7,0.0,0,38550.0249,-1.0000
62.865,1445,1437,Running,0,0,1,99,1,4,0.9829,1437.0,0,49.920,49.920,31.019,-68.6,265.0,0.0,0,2316.4625,-1.0000
62.881,1444,1437,Running,0,0,1,99,1,4,0.9829,1437.0,0,49.920,49.920,31.019,-39.3,151.6,0.0,0,32284.9571,-1.0000
62.898,1443,1437,Running,0,0,1,99,1,4,0.9829,1437.0,0,49.920,49.920,31.019,-28.1,108.4,0.0,0,12443.8288,-1.0000
62.915,1442,1437,Running,0,0,1,99,1,4,0.9829,1437.0,0,49.920,49.920,31.019,-42.3,163.3,0.0,0,23142.5277,-1.0000
62.931,1441,1437,Running,0,0,1,99,1,4,0.9829,1437.0,0,49.920,49.920,31.019,-29.0,112.0,0.0,0,39627.8627,-1.0000
62.948,1441,1437,Running,0,0,1,99,1,4,0.9829,1437.0,0,49.920,49.920,31.019,-68.4,264.2,0.0,0,3366.8121,-1.0000
62.965,1440,1437,Running,0,0,1,99,1,4,0.9829,1437.0,0,49.920,49.920,31.019,-38.7,149.7,0.0,0,32956.3963,-1.0000
62.981,1499,1969,Running,0,0,1,99,1,3,1.0000,1926.8,0,48.811,47.760,30.330,-782.6,4237.4,0.0,0,23095.4262,-1.0000
62.998,1569,1939,Running,0,0,1,99,1,3,1.0000,1920.3,0,48.052,47.600,29.858,-16.1,87.1,0.0,0,46421.4597,-1.0000
63.015,1624,1927,Running,0,0,1,99,1,3,1.0000,1920.3,0,47.760,47.600,29.677,-52.6,284.6,0.0,0,45710.8750,-1.0000
63.031,1671,1927,Running,0,0,1,99,1,3,1.0000,1920.3,0,47.760,47.600,29.677,-47.2,255.7,0.0,0,40777.5065,-1.0000
63.048,1710,1927,Running,0,0,1,99,1,3,1.0000,1920.3,0,47.760,47.600,29.677,-44.3,239.9,0.0,0,54025.9935,-1.0000
63.065,1743,1927,Running,0,0,1,99,1,3,1.0000,1920.3,0,47.760,47.600,29.677,-47.1,254.9,0.0,0,58028.0806,-1.0000
63.081,1772,1927,Running,0,0,1,99,1,3,1.0000,1920.3,0,47.760,47.600,29.677,-71.2,385.3,0.0,0,26939.8382,-1.0000
63.098,1795,1927,Running,0,0,1,99,1,3,1.0000,1920.3,0,47.760,47.600,29.677,-51.3,277.6,0.0,0,18695.9765,-1.0000
63.115,1816,1927,Running,0,0,1,99,1,3,1.0000,1920.3,0,47.760,47.600,29.677,-53.2,287.9,0.0,0,57612.7423,-1.0000
63.131,1833,1927,Running,0,0,1,99,1,3,1.0000,1920.3,0,47.760,47.600,29.677,-51.5,279.1,0.0,0,57728.0072,-1.0000
63.148,1847,1927,Running,0,0,1,99,1,3,1.0000,1920.3,0,47.760,47.600,29.677,-68.9,373.0,0.0,0,34191.6501,-1.0000
63.165,1859,1927,Running,0,0,1,99,1,3,1.0000,1920.3,0,47.760,47.600,29.677,-52.4,283.6,0.0,0,21656.2132,-1.0000
63.181,1869,1920,Running,0,0,1,99,1,3,1.0000,1920.3,0,47.600,47.600,29.577,-44.7,242.0,0.0,0,47613.3150,-1.0000
63.198,1877,1920,Running,0,0,1,99,1,3,1.0000,1920.3,0,47.600,47.600,29.577,-72.0,389.8,0.0,0,43462.0331,-1.0000
63.215,1883,1920,Running,0,0,1,99,1,3,1.0000,1920.3,0,47.600,47.600,29.577,-60.7,328.9,0.0,0,23076.4987,-1.0000
63.231,1889,1920,Running,0,0,1,99,1,3,1.0000,1920.3,0,47.600,47.600,29.577,-55.4,300.1,0.0,0,21672.9705,-1.0000
63.248,1894,1920,Running,0,0,1,99,1,3,1.0000,1920.3,0,47.600,47.600,29.577,-52.6,284.6,0.0,0,50268.5711,-1.0000
63.265,1898,1920,Running,0,0,1,99,1,3,1.0000,1920.3,0,47.600,47.600,29.577,-72.7,393.9,0.0,0,21188.0971,-1.0000
63.281,1901,1920,Running,0,0,1,99,1,3,1.0000,1920.3,0,47.600,47.600,29.577,-57.3,310.3,0.0,0,31486.0980,-1.0000
63.298,1904,1920,Running,0,0,1,99,1,3,1.0000,1920.3,0,47.600,47.600,29.577,-56.7,307.2,0.0,0,44299.8656,-1.0000
63.315,1907,1920,Running,0,0,1,99,1,3,1.0000,1920.3,0,47.600,47.600,29.577,-57.3,310.3,0.0,0,43116.2730,-1.0000
63.331,1909,1920,Running,0,0,1,99,1,3,1.0000,1920.3,0,47.600,47.600,29.577,-76.0,411.7,0.0,0,22590.6394,-1.0000
63.348,1911,1920,Running,0,0,1,99,1,3,1.0000,1920.3,0,47.600,47.600,29.577,-57.7,312.3,0.0,0,12108.3233,-1.0000
63.365,1912,1920,Running,0,0,1,99,1,3,1.0000,1920.3,0,47.600,47.600,29.577,-58.8,318.6,0.0,0,49520.9740,-1.0000
63.381,1913,1920,Running,0,0,1,99,1,3,1.0000,1920.3,0,47.600,47.600,29.577,-59.5,322.2,0.0,0,52593.0009,-1.0000
63.398,1914,1920,Running,0,0,1,99,1,3,1.0000,1920.3,0,47.600,47.600,29.577,-71.2,385.6,0.0,0,29444.5087,-1.0000
63.415,1915,1920,Running,0,0,1,99,1,3,1.0000,1920.3,0,47.600,47.600,29.577,-58.0,314.2,0.0,0,14911.9384,-1.0000
63.431,1916,1920,Running,0,0,1,99,1,3,1.0000,1920.3,0,47.600,47.600,29.577,-58.7,318.1,0.0,0,40940.1005,-1.0000
63.448,1917,1920,Running,0,0,1,99,1,3,1.0000,1920.3,0,47.600,47.600,29.577,-76.5,414.3,0.0,0,34820.7712,-1.0000
63.465,1917,1920,Running,0,0,1,99,1,3,1.0000,1920.3,0,47.600,47.600,29.577,-62.7,339.3,0.0,0,24956.7461,-1.0000
63.481,1918,1920,Running,0,0,1,99,1,3,1.0000,1920.3,0,47.600,47.600,29.577,-58.1,314.6,0.0,0,22446.4233,-1.0000
63.498,1918,1920,Running,0,0,1,99,1,3,1.0000,1920.3,0,47.600,47.600,29.577,-55.9,302.8,0.0,0,48684.5731,-1.0000
63.515,1919,1920,Running,0,0,1,99,1,3,1.0000,1920.3,0,47.600,47.600,29.577,-74.6,404.1,0.0,0,17568.8109,-1.0000
63.531,1919,1920,Running,0,0,1,99,1,3,1.0000,1920.3,0,47.600,47.600,29.577,-60.0,324.9,0.0,0,28803.0243,-1.0000
63.548,1917,1890,Running,0,0,1,99,1,3,1.0000,1749.3,0,46.840,43.360,29.105,-18.1,97.8,0.0,0,42760.0105,-1.0000
63.565,1910,1859,Running,0,0,1,99,1,3,1.0000,1749.3,0,46.081,43.360,28.633,-16.8,91.0,0.0,0,40523.5971,-1.0000
63.581,1900,1828,Running,0,0,1,99,1,3,1.0000,1749.3,0,45.315,43.360,28.157,-32.6,176.5,0.0,0,17757.1370,-1.0000
63.598,1886,1798,Running,0,0,1,99,1,3,1.0000,1749.3,0,44.557,43.360,27.686,-14.5,78.7,0.0,0,6283.1193,-1.0000
63.615,1870,1767,Running,0,0,1,99,1,3,1.0000,1749.3,0,43.798,43.360,27.215,-16.3,88.5,0.0,0,44112.1225,-1.0000
63.631,1852,1749,Running,0,0,1,99,1,3,1.0000,1749.3,0,43.360,43.360,26.943,-30.5,165.4,0.0,0,40066.2901,-1.0000
63.648,1837,1749,Running,0,0,1,99,1,3,1.0000,1749.3,0,43.360,43.360,26.943,-71.9,389.4,0.0,0,13802.7837,-1.0000
63.665,1823,1749,Running,0,0,1,99,1,3,1.0000,1749.3,0,43.360,43.360,26.943,-54.9,297.3,0.0,0,12589.1328,-1.0000
63.681,1812,1749,Running,0,0,1,99,1,3,1.0000,1749.3,0,43.360,43.360,26.943,-56.3,304.9,0.0,0,43494.3572,-1.0000
63.698,1802,1749,Running,0,0,1,99,1,3,1.0000,1749.3,0,43.360,43.360,26.943,-54.3,293.9,0.0,0,39695.9660,-1.0000
63.715,1794,1749,Running,0,0,1,99,1,3,1.0000,1749.3,0,43.360,43.360,26.943,-72.9,394.8,0.0,0,7527.9258,-1.0000
63.731,1787,1749,Running,0,0,1,99,1,3,1.0000,1749.3,0,43.360,43.360,26.943,-56.5,306.0,0.0,0,24465.2251,-1.0000
63.748,1779,1719,Running,0,0,1,99,1,3,1.0000,1678.3,0,42.603,41.600,26.472,-12.9,69.7,0.0,0,34760.3422,-1.0000
63.765,1767,1688,Running,0,1,1,99,1,3,1.0000,1678.3,0,41.846,41.600,26.002,-10.8,58.7,0.0,0,35538.0497,-1.0000
63.781,1754,1678,Running,0,1,1,99,1,3,1.0000,1678.3,0,41.600,41.600,25.849,-61.2,331.5,0.0,0,10455.0195,-1.0000
63.798,1742,1678,Running,0,1,1,99,1,3,1.0000,1678.3,0,41.600,41.600,25.849,-55.0,298.0,0.0,0,33179.1677,-1.0000
63.815,1732,1678,Running,0,1,1,99,1,3,1.0000,1678.3,0,41.600,41.600,25.849,-49.7,269.2,0.0,0,14668.7014,-1.0000
63.831,1724,1678,Running,0,1,1,99,1,3,1.0000,1678.3,0,41.600,41.600,25.849,-47.5,257.3,0.0,0,41205.9834,-1.0000
63.848,1717,1678,Running,0,1,1,99,1,3,1.0000,1678.3,0,41.600,41.600,25.849,-65.6,355.0,0.0,0,47273.0947,-1.0000
63.865,1711,1678,Running,0,1,1,99,1,3,1.0000,1678.3,0,41.600,41.600,25.849,-58.3,315.5,0.0,0,17572.6541,-1.0000
63.881,1704,1648,Running,0,1,1,99,1,3,1.0000,1626.6,0,40.845,40.320,25.380,-8.7,47.2,0.0,0,3895.8960,-1.0000
63.898,1693,1627,Running,0,1,1,99,1,3,1.0000,1626.6,0,40.320,40.320,25.054,-24.5,132.9,0.0,0,30956.8298,-1.0000
63.915,1683,1627,Running,0,1,1,99,1,3,1.0000,1626.6,0,40.320,40.320,25.054,-51.0,276.2,0.0,0,36396.1715,-1.0000
63.931,1674,1627,Running,0,1,1,99,1,3,1.0000,1626.6,0,40.320,40.320,25.054,-66.5,360.0,0.0,0,17768.4368,-1.0000
63.948,1667,1627,Running,0,1,1,99,1,3,1.0000,1626.6,0,40.320,40.320,25.054,-47.2,255.3,0.0,0,12440.7795,-1.0000
63.965,1661,1627,Running,0,1,1,99,1,3,1.0000,1626.6,0,40.320,40.320,25.054,-50.8,275.1,0.0,0,39074.3407,-1.0000
63.981,1655,1627,Running,0,1,1,99,1,3,1.0000,1626.6,0,40.320,40.320,25.054,-49.2,266.4,0.0,0,33869.5489,-1.0000
63.998,1651,1627,Running,0,1,1,99,1,3,1.0000,1626.6,0,40.320,40.320,25.054,-73.4,397.3,0.0,0,19229.0416,-1.0000
64.015,1647,1627,Running,0,1,1,99,1,3,1.0000,1626.6,0,40.320,40.320,25.054,-48.1,260.6,0.0,0,35002.2553,-1.0000
64.031,1644,1627,Running,0,1,1,99,1,3,1.0000,1626.6,0,40.320,40.320,25.054,-43.6,235.9,0.0,0,16795.5418,-1.0000
64.048,1641,1627,Running,0,1,1,99,1,3,1.0000,1626.6,0,40.320,40.320,25.054,-46.8,253.4,0.0,0,38190.7252,-1.0000
64.065,1637,1596,Running,0,1,1,99,1,3,1.0000,1571.8,0,39.563,38.960,24.583,-12.7,68.8,0.0,0,36662.6016,-1.0000
64.081,1628,1565,Running,0,1,1,99,1,3,1.0000,1565.3,0,38.800,38.800,24.109,-26.7,144.7,0.0,0,13154.0341,-1.0000
64.098,1618,1565,Running,0,1,1,99,1,3,1.0000,1565.3,0,38.800,38.800,24.109,-39.6,214.6,0.0,0,1974.3718,-1.0000
64.115,1610,1565,Running,0,1,1,99,1,3,1.0000,1565.3,0,38.800,38.800,24.109,-46.1,249.4,0.0,0,47554.7046,-1.0000
64.131,1603,1565,Running,0,1,1,99,1,3,1.0000,1565.3,0,38.800,38.800,24.109,-46.8,253.4,0.0,0,31937.0531,-1.0000
64.148,1597,1565,Running,0,1,1,99,1,3,1.0000,1565.3,0,38.800,38.800,24.109,-72.6,393.0,0.0,0,19789.9364,-1.0000
64.165,1593,1565,Running,0,1,1,99,1,3,1.0000,1565.3,0,38.800,38.800,24.109,-42.9,232.2,0.0,0,35899.0104,-1.0000
64.181,1588,1565,Running,0,1,1,99,1,3,1.0000,1565.3,0,38.800,38.800,24.109,-41.9,226.9,0.0,0,11598.9317,-1.0000
64.198,1585,1565,Running,0,1,1,99,1,3,1.0000,1565.3,0,38.800,38.800,24.109,-48.5,262.8,0.0,0,30543.7597,-1.0000
64.215,1582,1565,Running,0,1,1,99,1,3,1.0000,1565.3,0,38.800,38.800,24.109,-47.7,258.1,0.0,0,37030.4635,-1.0000
64.231,1579,1565,Running,0,1,1,99,1,3,1.0000,1565.3,0,38.800,38.800,24.109,-62.6,339.0,0.0,0,17537.7176,-1.0000
64.248,1577,1565,Running,0,1,1,99,1,3,1.0000,1565.3,0,38.800,38.800,24.109,-45.5,246.3,0.0,0,18245.3783,-1.0000
64.265,1573,1535,Running,0,1,1,99,1,3,0.9978,1491.1,0,38.045,36.960,23.640,-6.8,36.9,0.0,0,29490.5192,-1.0000
64.281,1565,1505,Running,0,1,1,99,1,3,0.9978,1491.1,0,37.295,36.960,23.174,2.4,-13.0,0.0,0,35455.7069,-1.0000
64.298,1554,1491,Running,0,1,1,99,1,3,0.9978,1491.1,0,36.960,36.960,22.966,-34.3,185.9,0.0,0,50402.1202,-1.0000
64.315,1544,1491,Running,0,1,1,99,1,3,0.9978,1491.1,0,36.960,36.960,22.966,-59.6,322.8,0.0,0,1701.2680,-1.0000
64.331,1536,1491,Running,0,1,1,99,1,3,0.9978,1491.1,0,36.960,36.960,22.966,-38.1,206.4,0.0,0,-4283.3090,-1.0000
64.348,1529,1491,Running,0,1,1,99,1,3,0.9978,1491.1,0,36.960,36.960,22.966,-40.4,218.5,0.0,0,49341.4710,-1.0000
64.365,1523,1491,Running,0,1,1,99,1,3,0.9978,1491.1,0,36.960,36.960,22.966,-44.2,239.4,0.0,0,29689.9433,-1.0000
64.381,1518,1491,Running,0,1,1,99,1,3,0.9978,1491.1,0,36.960,36.960,22.966,-65.0,351.9,0.0,0,32187.1126,-1.0000
64.398,1514,1491,Running,0,1,1,99,1,3,0.9978,1491.1,0,36.960,36.960,22.966,-41.7,225.8,0.0,0,27454.8784,-1.0000
64.415,1511,1491,Running,0,1,1,99,1,3,0.9978,1491.1,0,36.960,36.960,22.966,-43.2,233.6,0.0,0,-2895.2097,-1.0000
64.431,1508,1491,Running,0,1,1,99,1,3,0.9978,1491.1,0,36.960,36.960,22.966,-39.6,214.2,0.0,0,37478.2648,-1.0000
64.448,1505,1491,Running,0,1,1,99,1,3,0.9978,1491.1,0,36.960,36.960,22.966,-36.8,199.1,0.0,0,44035.9037,-1.0000
64.465,1500,1460,Running,0,1,1,99,1,3,0.9726,1413.6,0,36.194,35.040,22.490,-31.6,171.2,0.0,0,9065.4760,-1.0000
64.481,1492,1430,Running,0,1,1,99,1,3,0.9677,1403.9,0,35.445,34.800,22.025,5.8,-31.3,0.0,0,37869.2674,-1.0000
64.498,1480,1404,Running,0,1,1,99,1,3,0.9677,1403.9,0,34.800,34.800,21.624,-0.8,4.5,0.0,0,3589.1174,-1.0000
64.515,1468,1404,Running,0,1,1,99,1,3,0.9677,1403.9,0,34.800,34.800,21.624,-39.4,213.2,0.0,0,27613.7005,-1.0000
64.531,1458,1404,Running,0,1,1,99,1,3,0.9677,1403.9,0,34.800,34.800,21.624,-32.7,176.9,0.0,0,40535.0394,-1.0000
64.548,1450,1404,Running,0,1,1,99,1,3,0.9677,1403.9,0,34.800,34.800,21.624,-73.3,397.1,0.0,0,12876.4503,-1.0000
64.565,1443,1404,Running,0,1,1,99,1,3,0.9677,1403.9,0,34.800,34.800,21.624,-32.2,174.2,0.0,0,35041.2586,-1.0000
64.581,1437,1404,Running,0,1,1,99,1,3,0.9677,1403.9,0,34.800,34.800,21.624,-40.3,218.1,0.0,0,-6544.2744,-1.0000
64.598,1432,1404,Running,0,1,1,99,1,3,0.9677,1403.9,0,34.800,34.800,21.624,-31.8,172.0,0.0,0,40157.2191,-1.0000
64.615,1428,1404,Running,0,1,1,99,1,3,0.9677,1403.9,0,34.800,34.800,21.624,-38.4,208.0,0.0,0,32834.7675,-1.0000
64.631,1424,1404,Running,0,1,1,99,1,3,0.9677,1403.9,0,34.800,34.800,21.624,-62.8,340.3,0.0,0,31892.7908,-1.0000
64.648,1421,1404,Running,0,1,1,99,1,3,0.9677,1403.9,0,34.800,34.800,21.624,-39.6,214.6,0.0,0,20270.5221,-1.0000
64.665,1482,2010,Running,0,1,1,99,1,2,1.0000,1990.3,0,33.455,33.120,20.788,-870.9,7024.1,0.0,0,23151.1545,-1.0000
64.681,1561,1990,Running,0,1,1,99,1,2,1.0000,1975.9,0,33.120,32.880,20.580,-29.0,234.2,0.0,0,75960.5764,-1.0000
64.698,1627,1990,Running,0,1,1,99,1,2,1.0000,1975.9,0,33.120,32.880,20.580,-69.2,557.9,0.0,0,67949.2947,-1.0000
64.715,1683,1990,Running,0,1,1,99,1,2,1.0000,1975.9,0,33.120,32.880,20.580,-57.0,460.0,0.0,0,37997.2926,-1.0000
64.720,1730,1990,Running,0,1,1,99,1,2,1.0000,1975.9,0,33.120,32.880,20.580,-47.0,378.7,0.0,0,46065.6973,-1.0000
64.748,1770,1990,Running,0,1,1,99,1,2,1.0000,1975.9,0,33.120,32.880,20.580,-46.9,378.3,0.0,0,69362.9252,-1.0000
64.765,1804,1990,Running,0,1,1,99,1,2,1.0000,1932.6,0,33.120,32.160,20.580,-71.5,576.6,0.0,0,33894.7048,-1.0000
64.781,1832,1990,Running,0,1,1,99,1,2,1.0000,1923.0,0,33.120,32.000,20.580,-54.5,439.6,0.0,0,26657.3525,-1.0000
64.798,1857,1990,Running,0,1,1,99,1,2,1.0000,1923.0,0,33.120,32.000,20.580,-56.2,453.3,0.0,0,62953.7760,-1.0000
64.815,1877,1990,Running,0,1,1,99,1,2,1.0000,1923.0,0,33.120,32.000,20.580,-54.6,440.6,0.0,0,66678.7527,-1.0000
64.831,1895,1990,Running,0,1,1,99,1,2,1.0000,1923.0,0,33.120,32.000,20.580,-69.8,562.8,0.0,0,39907.7084,-1.0000
64.848,1909,1990,Running,0,1,1,99,1,2,1.0000,1923.0,0,33.120,32.000,20.580,-57.2,461.4,0.0,0,20946.9702,-1.0000
64.865,1918,1945,Running,0,1,1,99,1,2,1.0000,1923.0,0,32.371,32.000,20.114,3.7,-29.6,0.0,0,48292.7496,-1.0000
64.881,1920,1923,Running,0,1,1,99,1,2,1.0000,1923.0,0,32.000,32.000,19.884,-43.3,349.6,0.0,0,33102.3484,-1.0000
64.898,1920,1923,Running,0,1,1,99,1,2,1.0000,1923.0,0,32.000,32.000,19.884,-57.2,461.1,0.0,0,36283.6614,-1.0000
64.915,1921,1923,Running,0,1,1,99,1,2,1.0000,1923.0,0,32.000,32.000,19.884,-54.5,439.6,0.0,0,38635.9290,-1.0000
64.931,1921,1923,Running,0,1,1,99,1,2,1.0000,1923.0,0,32.000,32.000,19.884,-55.2,445.4,0.0,0,52443.2652,-1.0000
64.948,1921,1923,Running,0,1,1,99,1,2,1.0000,1923.0,0,32.000,32.000,19.884,-74.7,602.4,0.0,0,19910.5511,-1.0000
64.965,1922,1923,Running,0,1,1,99,1,2,1.0000,1923.0,0,32.000,32.000,19.884,-58.9,474.8,0.0,0,18875.4547,-1.0000
64.981,1922,1923,Running,0,1,1,99,1,2,1.0000,1923.0,0,32.000,32.000,19.884,-61.9,498.9,0.0,0,48795.9372,-1.0000
64.998,1922,1923,Running,0,1,1,99,1,2,1.0000,1923.0,0,32.000,32.000,19.884,-58.1,468.7,0.0,0,50832.8780,-1.0000
65.015,1922,1923,Running,0,1,1,99,1,2,1.0000,1923.0,0,32.000,32.000,19.884,-73.4,592.2,0.0,0,33463.7935,-1.0000
65.031,1922,1923,Running,0,1,1,99,1,2,1.0000,1923.0,0,32.000,32.000,19.884,-56.9,458.9,0.0,0,19874.9892,-1.0000
65.048,1922,1923,Running,0,1,1,99,1,2,1.0000,1923.0,0,32.000,32.000,19.884,-58.7,473.2,0.0,0,49642.7399,-1.0000
65.065,1919,1878,Running,0,1,1,99,1,2,1.0000,1788.4,0,31.243,29.760,19.414,-8.1,65.0,0.0,0,52151.2770,-1.0000
65.081,1909,1832,Running,0,1,1,99,1,2,1.0000,1778.8,0,30.490,29.600,18.946,-2.4,19.3,0.0,0,21438.1361,-1.0000
65.098,1894,1787,Running,0,1,1,99,1,2,1.0000,1778.8,0,29.742,29.600,18.481,5.6,-45.3,0.0,0,11079.4233,-1.0000
65.115,1876,1779,Running,0,1,1,99,1,2,1.0000,1778.8,0,29.600,29.600,18.393,-42.6,343.9,0.0,0,39724.1507,-1.0000
65.131,1861,1779,Running,0,1,1,99,1,2,1.0000,1778.8,0,29.600,29.600,18.393,-70.1,565.1,0.0,0,45114.3369,-1.0000
65.148,1848,1779,Running,0,1,1,99,1,2,1.0000,1778.8,0,29.600,29.600,18.393,-61.3,494.3,0.0,0,21611.5053,-1.0000
65.165,1838,1779,Running,0,1,1,99,1,2,1.0000,1778.8,0,29.600,29.600,18.393,-55.0,443.3,0.0,0,10865.8309,-1.0000
65.181,1829,1779,Running,0,1,1,99,1,2,1.0000,1778.8,0,29.600,29.600,18.393,-55.0,443.9,0.0,0,40422.9591,-1.0000
65.198,1821,1779,Running,0,1,1,99,1,2,1.0000,1778.8,0,29.600,29.600,18.393,-67.3,543.1,0.0,0,48673.9473,-1.0000
65.215,1815,1779,Running,0,1,1,99,1,2,1.0000,1778.8,0,29.600,29.600,18.393,-63.1,508.9,0.0,0,20162.3385,-1.0000
65.231,1809,1779,Running,0,1,1,99,1,2,1.0000,1778.8,0,29.600,29.600,18.393,-54.3,437.8,0.0,0,11135.5056,-1.0000
65.248,1804,1779,Running,0,1,1,99,1,2,1.0000,1778.8,0,29.600,29.600,18.393,-54.7,441.3,0.0,0,40932.8694,-1.0000
65.265,1797,1734,Running,0,1,1,99,1,2,1.0000,1692.3,0,28.847,28.160,17.925,-1.9,15.4,0.0,0,47947.6213,-1.0000
65.281,1783,1688,Running,0,1,1,99,1,2,1.0000,1687.5,0,28.094,28.080,17.457,-3.1,24.9,0.0,0,15505.5596,-1.0000
65.298,1769,1687,Running,0,1,1,99,1,2,1.0000,1687.5,0,28.080,28.080,17.448,-50.8,409.9,0.0,0,3493.0347,-1.0000
65.315,1756,1687,Running,0,1,1,99,1,2,1.0000,1687.5,0,28.080,28.080,17.448,-55.2,445.4,0.0,0,34869.1207,-1.0000
65.331,1746,1687,Running,0,1,1,99,1,2,1.0000,1687.5,0,28.080,28.080,17.448,-53.7,432.9,0.0,0,39590.9565,-1.0000
65.348,1737,1687,Running,0,1,1,99,1,2,1.0000,1687.5,0,28.080,28.080,17.448,-69.9,563.5,0.0,0,21228.2067,-1.0000
65.365,1729,1687,Running,0,1,1,99,1,2,1.0000,1687.5,0,28.080,28.080,17.448,-48.8,393.2,0.0,0,6979.5993,-1.0000
65.381,1723,1687,Running,0,1,1,99,1,2,1.0000,1687.5,0,28.080,28.080,17.448,-52.0,419.3,0.0,0,49555.5581,-1.0000
65.398,1717,1687,Running,0,1,1,99,1,2,1.0000,1687.5,0,28.080,28.080,17.448,-50.4,406.4,0.0,0,42179.9359,-1.0000
65.415,1713,1687,Running,0,1,1,99,1,2,1.0000,1687.5,0,28.080,28.080,17.448,-72.1,581.2,0.0,0,8498.3379,-1.0000
65.431,1709,1687,Running,0,1,1,99,1,2,1.0000,1687.5,0,28.080,28.080,17.448,-55.3,445.8,0.0,0,30123.8912,-1.0000
65.448,1706,1687,Running,2,1,1,99,1,2,1.0000,1687.5,0,28.080,28.080,17.448,-51.6,416.1,0.0,0,27394.3287,-1.0000
65.465,1699,1643,Running,5,1,1,99,1,2,1.0000,1600.9,0,27.337,26.640,16.986,11.8,-94.8,0.0,0,38632.7696,-1.0000
65.481,1687,1601,Running,7,1,1,99,1,2,1.0000,1600.9,0,26.640,26.640,16.553,-10.5,85.0,0.0,0,35892.3257,-1.0000
65.498,1674,1601,Running,8,1,1,99,1,2,1.0000,1600.9,0,26.640,26.640,16.553,-46.2,372.9,0.0,0,30350.9572,-1.0000
65.515,1663,1601,Running,9,1,1,99,1,2,1.0000,1600.9,0,26.640,26.640,16.553,-43.0,346.8,0.0,0,6962.4362,-1.0000
65.531,1653,1601,Running,10,1,1,99,1,2,1.0000,1600.9,0,26.640,26.640,16.553,-43.8,353.4,0.0,0,35774.1854,-1.0000
65.548,1645,1601,Running,10,1,1,99,1,2,1.0000,1600.9,0,26.640,26.640,16.553,-36.0,290.5,0.0,0,46960.4347,-1.0000
65.565,1638,1601,Running,10,1,1,99,1,2,1.0000,1600.9,0,26.640,26.640,16.553,-55.6,448.3,0.0,0,27100.7012,-1.0000
65.581,1633,1601,Running,11,1,1,99,1,2,1.0000,1600.9,0,26.640,26.640,16.553,-22.8,184.1,0.0,0,29966.0866,-1.0000
65.598,1628,1601,Running,11,1,1,99,1,2,1.0000,1600.9,0,26.640,26.640,16.553,-19.8,159.3,0.0,0,55544.4391,-1.0000
65.615,1624,1601,Running,11,1,1,99,1,2,1.0000,1600.9,0,26.640,26.640,16.553,-7.9,63.4,0.0,0,60701.7575,-1.0000
65.631,1620,1601,Running,12,1,1,99,1,2,1.0000,1600.9,0,26.640,26.640,16.553,-38.2,308.1,0.0,0,75127.7514,-1.0000
65.648,1617,1601,Running,13,1,1,99,1,2,1.0000,1600.9,0,26.640,26.640,16.553,-2.8,22.8,0.0,0,44597.8530,-1.0000
65.665,1615,1601,Running,14,1,1,99,1,2,1.0000,1600.9,0,26.640,26.640,16.553,13.0,-104.6,0.0,0,44673.4429,-1.0000
65.681,1613,1601,Running,15,1,1,99,1,2,1.0000,1600.9,0,26.640,26.640,16.553,18.9,-152.2,0.0,0,74328.2374,-1.0000
65.698,1611,1601,Running,15,1,1,99,1,2,1.0000,1600.9,0,26.640,26.640,16.553,31.4,-253.3,0.0,0,94816.8814,-1.0000
65.715,1609,1601,Running,16,1,1,99,1,2,1.0000,1600.9,0,26.640,26.640,16.553,-20.0,161.3,0.0,0,57816.7678,-1.0000
65.731,1608,1601,Running,16,1,1,99,1,2,1.0000,1600.9,0,26.640,26.640,16.553,54.8,-442.2,0.0,0,68293.5714,-1.0000
65.748,1607,1601,Running,16,1,1,99,1,2,1.0000,1600.9,0,26.640,26.640,16.553,61.3,-494.7,0.0,0,100602.3087,-1.0000
65.765,1606,1601,Running,16,1,1,99,1,2,1.0000,1600.9,0,26.640,26.640,16.553,79.2,-639.0,0.0,0,114504.1759,-1.0000
65.781,1605,1601,Running,17,1,1,99,1,2,1.0000,1600.9,0,26.640,26.640,16.553,22.4,-180.8,0.0,0,142114.6879,-1.0000
65.798,1605,1601,Running,17,1,1,99,1,2,1.0000,1600.9,0,26.640,26.640,16.553,76.4,-616.5,0.0,0,59366.0572,-1.0000
65.815,1604,1601,Running,18,1,1,99,1,2,1.0000,1600.9,0,26.640,26.640,16.553,111.7,-901.0,0.0,0,87640.4383,-1.0000
65.831,1604,1601,Running,19,1,1,99,1,2,1.0000,1600.9,0,26.640,26.640,16.553,119.1,-960.4,0.0,0,128844.1841,-1.0000
65.848,1603,1601,Running,20,1,1,99,1,2,1.0000,1600.9,0,26.640,26.640,16.553,132.6,-1069.6,0.0,0,147822.0357,-1.0000
65.865,1603,1601,Running,20,1,1,99,1,2,1.0000,1600.9,0,26.640,26.640,16.553,30.2,-243.6,0.0,0,90327.4707,-1.0000
65.881,1602,1601,Running,21,1,1,99,1,2,1.0000,1600.9,0,26.640,26.640,16.553,164.1,-1323.2,0.0,0,98921.0931,-1.0000
65.898,1602,1601,Running,21,1,1,99,1,2,1.0000,1600.9,0,26.640,26.640,16.553,171.5,-1382.9,0.0,0,151285.7552,-1.0000
65.915,1602,1601,Running,21,1,1,99,1,2,1.0000,1600.9,0,26.640,26.640,16.553,188.6,-1521.4,0.0,0,163121.2368,-1.0000
65.931,1602,1601,Running,21,1,1,99,1,2,1.0000,1600.9,0,26.640,26.640,16.553,97.2,-783.8,0.0,0,199082.3920,-1.0000
65.948,1602,1601,Running,21,1,1,99,1,2,1.0000,1600.9,0,26.640,26.640,16.553,169.9,-1370.4,0.0,0,63708.5553,-1.0000
65.965,1602,1601,Running,21,1,1,99,1,2,1.0000,1600.9,0,26.640,26.640,16.553,227.5,-1834.7,0.0,0,130344.7967,-1.0000
65.981,1601,1601,Running,21,1,1,99,1,2,1.0000,1600.9,0,26.640,26.640,16.553,231.4,-1866.3,0.0,0,172228.5129,-1.0000
65.998,1601,1601,Running,22,1,1,99,1,2,1.0000,1600.9,0,26.640,26.640,16.553,240.2,-1937.6,0.0,0,188929.8006,-1.0000
66.015,1601,1601,Running,22,1,1,99,1,2,1.0000,1600.9,0,26.640,26.640,16.553,81.2,-654.7,0.0,0,113544.1610,-1.0000
66.031,1601,1601,Running,22,1,1,99,1,2,1.0000,1600.9,0,26.640,26.640,16.553,265.1,-2137.9,0.0,0,121558.5257,-1.0000
66.048,1601,1601,Running,22,1,1,99,1,2,1.0000,1600.9,0,26.640,26.640,16.553,263.5,-2125.3,0.0,0,181060.5619,-1.0000
66.065,1601,1601,Running,22,1,1,99,1,2,1.0000,1600.9,0,26.640,26.640,16.553,268.8,-2167.8,0.0,0,188406.8257,-1.0000
66.081,1601,1601,Running,22,1,1,99,1,2,1.0000,1600.9,0,26.640,26.640,16.553,142.9,-1152.2,0.0,0,223524.4562,-1.0000
66.098,1601,1601,Running,22,1,1,99,1,2,1.0000,1600.9,0,26.640,26.640,16.553,225.9,-1821.8,0.0,0,68118.0189,-1.0000
66.115,1601,1601,Running,22,1,1,99,1,2,1.0000,1600.9,0,26.640,26.640,16.553,287.9,-2322.1,0.0,0,144031.1639,-1.0000
66.131,1601,1601,Running,22,1,1,99,1,2,1.0000,1600.9,0,26.640,26.640,16.553,284.1,-2291.3,0.0,0,182972.7125,-1.0000
66.148,1601,1601,Running,22,1,1,99,1,2,1.0000,1600.9,0,26.640,26.640,16.553,284.4,-2294.0,0.0,0,197888.7955,-1.0000
66.165,1601,1601,Running,22,0,1,99,1,2,1.0000,1600.9,0,26.640,26.640,16.553,99.7,-804.0,0.0,0,115389.5006,-1.0000
66.181,1601,1601,Running,22,0,1,99,1,2,1.0000,1600.9,0,26.640,26.640,16.553,303.0,-2443.9,0.0,0,130608.8382,-1.0000
66.198,1601,1601,Running,23,0,1,99,1,2,1.0000,1600.9,0,26.640,26.640,16.553,297.9,-2402.4,0.0,0,184667.1935,-1.0000
66.215,1601,1601,Running,23,0,1,99,1,2,1.0000,1600.9,0,26.640,26.640,16.553,300.7,-2424.8,0.0,0,192202.4857,-1.0000
66.231,1601,1601,Running,23,0,1,99,1,2,1.0000,1600.9,0,26.640,26.640,16.553,154.9,-1249.1,0.0,0,225394.3871,-1.0000
66.248,1601,1601,Running,23,0,1,99,1,2,1.0000,1600.9,0,26.640,26.640,16.553,254.9,-2055.9,0.0,0,75531.8302,-1.0000
66.265,1601,1601,Running,24,0,1,99,1,2,1.0000,1600.9,0,26.640,26.640,16.553,316.1,-2549.4,0.0,0,145911.9147,-1.0000
66.281,1601,1601,Running,24,0,1,99,1,2,1.0000,1600.9,0,26.640,26.640,16.553,311.2,-2510.1,0.0,0,184994.1573,-1.0000
66.298,1598,1570,Running,25,0,1,99,1,2,1.0000,1567.3,0,26.129,26.080,16.236,352.7,-2844.3,0.0,0,200443.1394,-1.0000
66.315,1594,1567,Running,25,0,1,99,1,2,1.0000,1567.3,0,26.080,26.080,16.205,119.3,-962.0,0.0,0,114149.8133,-1.0000
66.331,1590,1567,Running,25,0,1,99,1,2,1.0000,1567.3,0,26.080,26.080,16.205,338.6,-2730.5,0.0,0,123553.1521,-1.0000
66.348,1586,1567,Running,25,0,1,99,1,2,1.0000,1567.3,0,26.080,26.080,16.205,327.9,-2644.3,0.0,0,191120.9877,-1.0000
66.365,1583,1567,Running,25,0,1,99,1,2,1.0000,1567.3,0,26.080,26.080,16.205,330.9,-2668.4,0.0,0,202822.4627,-1.0000
66.381,1581,1567,Running,25,0,1,99,1,2,1.0000,1567.3,0,26.080,26.080,16.205,223.8,-1805.3,0.0,0,236771.6117,-1.0000
66.398,1579,1567,Running,25,0,1,99,1,2,1.0000,1567.3,0,26.080,26.080,16.205,250.2,-2018.2,0.0,0,35183.8969,-1.0000
66.415,1577,1567,Running,25,0,1,99,1,2,1.0000,1567.3,0,26.080,26.080,16.205,338.7,-2731.9,0.0,0,169036.1372,-1.0000
66.431,1575,1567,Running,26,0,1,99,1,2,1.0000,1567.3,0,26.080,26.080,16.205,333.4,-2689.2,0.0,0,208371.1983,-1.0000
66.448,1574,1567,Running,26,0,1,99,1,2,1.0000,1567.3,0,26.080,26.080,16.205,360.0,-2903.5,0.0,0,200271.0685,-1.0000
66.465,1576,1591,Running,26,0,1,99,1,2,1.0000,1591.3,0,26.480,26.480,16.454,108.1,-872.2,0.0,0,143463.1273,-1.0000
66.481,1579,1596,Running,26,0,1,99,1,2,1.0000,1596.1,0,26.560,26.560,16.504,332.4,-2680.9,0.0,0,108811.7977,-1.0000
66.498,1582,1596,Running,26,0,1,99,1,2,1.0000,1596.1,0,26.560,26.560,16.504,331.5,-2673.3,0.0,0,212767.4528,-1.0000
66.515,1584,1596,Running,26,0,1,99,1,2,1.0000,1596.1,0,26.560,26.560,16.504,350.4,-2825.8,0.0,0,218828.1117,-1.0000
66.531,1586,1596,Running,26,0,1,99,1,2,1.0000,1596.1,0,26.560,26.560,16.504,289.0,-2330.7,0.0,0,211727.6720,-1.0000
66.548,1587,1596,Running,26,0,1,99,1,2,1.0000,1596.1,0,26.560,26.560,16.504,214.2,-1727.3,0.0,0,54702.7392,-1.0000
66.565,1589,1596,Running,26,0,1,99,1,2,1.0000,1596.1,0,26.560,26.560,16.504,342.3,-2761.0,0.0,0,184977.3107,-1.0000
66.581,1590,1596,Running,26,0,1,99,1,2,1.0000,1596.1,0,26.560,26.560,16.504,341.1,-2750.8,0.0,0,218045.6483,-1.0000
66.598,1591,1596,Running,26,0,1,99,1,2,1.0000,1596.1,0,26.560,26.560,16.504,368.0,-2968.0,0.0,0,197104.5330,-1.0000
66.615,1592,1596,Running,26,0,1,99,1,2,1.0000,1596.1,0,26.560,26.560,16.504,146.2,-1179.0,0.0,0,150461.4171,-1.0000
66.631,1592,1596,Running,26,0,1,99,1,2,1.0000,1596.1,0,26.560,26.560,16.504,347.0,-2798.2,0.0,0,107339.3580,-1.0000
66.648,1597,1630,Running,26,0,1,99,1,2,1.0000,1629.8,0,27.120,27.120,16.852,289.2,-2332.4,0.0,0,215297.9413,-1.0000
66.665,1602,1635,Running,26,0,1,99,1,2,1.0000,1634.6,0,27.200,27.200,16.901,337.7,-2723.6,0.0,0,224519.0286,-1.0000
66.681,1607,1635,Running,26,0,1,99,1,2,1.0000,1634.6,0,27.200,27.200,16.901,258.2,-2082.7,0.0,0,236692.7178,-1.0000
66.698,1612,1635,Running,26,0,1,99,1,2,1.0000,1634.6,0,27.200,27.200,16.901,243.4,-1963.4,0.0,0,50529.2001,-1.0000
66.715,1615,1635,Running,26,0,1,99,1,2,1.0000,1634.6,0,27.200,27.200,16.901,349.2,-2816.1,0.0,0,180612.1768,-1.0000
66.731,1618,1635,Running,26,0,1,99,1,2,1.0000,1634.6,0,27.200,27.200,16.901,343.3,-2769.0,0.0,0,211130.0241,-1.0000
66.748,1621,1635,Running,26,0,1,99,1,2,1.0000,1634.6,0,27.200,27.200,16.901,349.0,-2814.9,0.0,0,220747.4283,-1.0000
66.765,1623,1635,Running,26,0,1,99,1,2,1.0000,1634.6,0,27.200,27.200,16.901,133.2,-1074.3,0.0,0,123660.7234,-1.0000
66.781,1625,1635,Running,26,0,1,99,1,2,1.0000,1634.6,0,27.200,27.200,16.901,359.6,-2900.0,0.0,0,149974.0443,-1.0000
66.798,1626,1635,Running,26,0,1,99,1,2,1.0000,1634.6,0,27.200,27.200,16.901,354.3,-2857.7,0.0,0,201608.6182,-1.0000
66.815,1627,1635,Running,26,0,1,99,1,2,1.0000,1634.6,0,27.200,27.200,16.901,357.1,-2880.2,0.0,0,206437.7218,-1.0000
66.831,1629,1635,Running,26,0,1,99,1,2,1.0000,1634.6,0,27.200,27.200,16.901,163.5,-1319.0,0.0,0,227570.4143,-1.0000
66.848,1633,1663,Running,26,0,1,99,1,2,1.0000,1663.4,0,27.680,27.680,17.200,263.8,-2127.5,0.0,0,107258.8890,-1.0000
66.865,1637,1663,Running,26,0,1,99,1,2,1.0000,1663.4,0,27.680,27.680,17.200,341.7,-2756.1,0.0,0,199012.9313,-1.0000
66.881,1641,1663,Running,26,0,1,99,1,2,1.0000,1663.4,0,27.680,27.680,17.200,359.9,-2902.7,0.0,0,192459.6780,-1.0000
66.898,1645,1663,Running,27,0,1,99,1,2,1.0000,1663.4,0,27.680,27.680,17.200,314.4,-2535.5,0.0,0,218273.7437,-1.0000
66.915,1648,1663,Running,27,0,1,99,1,2,1.0000,1663.4,0,27.680,27.680,17.200,185.4,-1495.5,0.0,0,93791.8984,-1.0000
66.931,1650,1663,Running,27,0,1,99,1,2,1.0000,1663.4,0,27.680,27.680,17.200,344.1,-2775.5,0.0,0,196108.3868,-1.0000
66.948,1652,1663,Running,27,0,1,99,1,2,1.0000,1663.4,0,27.680,27.680,17.200,344.1,-2775.5,0.0,0,222166.9580,-1.0000
66.965,1654,1663,Running,27,0,1,99,1,2,1.0000,1663.4,0,27.680,27.680,17.200,356.3,-2873.5,0.0,0,228758.4142,-1.0000
66.981,1655,1663,Running,27,0,1,99,1,2,1.0000,1663.4,0,27.680,27.680,17.200,144.5,-1165.4,0.0,0,127383.7150,-1.0000
66.998,1657,1663,Running,27,0,1,99,1,2,1.0000,1663.4,0,27.680,27.680,17.200,362.2,-2921.0,0.0,0,145595.2148,-1.0000
67.015,1658,1663,Running,27,0,1,99,1,2,1.0000,1663.4,0,27.680,27.680,17.200,356.8,-2877.3,0.0,0,212502.8162,-1.0000
67.031,1659,1663,Running,28,0,1,99,1,2,1.0000,1663.4,0,27.680,27.680,17.200,362.6,-2924.2,0.0,0,214135.2447,-1.0000
67.048,1659,1663,Running,28,0,1,99,1,2,1.0000,1663.4,0,27.680,27.680,17.200,164.8,-1329.2,0.0,0,229849.7346,-1.0000
67.065,1660,1663,Running,29,0,1,99,1,2,1.0000,1663.4,0,27.680,27.680,17.200,319.7,-2578.1,0.0,0,109985.0976,-1.0000
67.081,1660,1663,Running,29,0,1,99,1,2,1.0000,1663.4,0,27.680,27.680,17.200,353.7,-2852.4,0.0,0,218663.5124,-1.0000
67.098,1661,1663,Running,29,0,1,99,1,2,1.0000,1663.4,0,27.680,27.680,17.200,376.0,-3032.3,0.0,0,200982.5636,-1.0000
67.115,1661,1663,Running,29,0,1,99,1,2,1.0000,1663.4,0,27.680,27.680,17.200,314.9,-2539.6,0.0,0,231421.4369,-1.0000
67.131,1662,1663,Running,29,0,1,99,1,2,1.0000,1663.4,0,27.680,27.680,17.200,215.0,-1733.7,0.0,0,84105.7938,-1.0000
67.148,1662,1663,Running,30,0,1,99,1,2,1.0000,1663.4,0,27.680,27.680,17.200,365.5,-2948.2,0.0,0,201559.2781,-1.0000
67.165,1667,1720,Running,31,0,1,99,1,2,1.0000,1740.3,0,28.624,28.960,17.786,282.9,-2282.0,0.0,0,230835.1472,-1.0000
67.181,1677,1740,Running,31,0,1,99,1,2,1.0000,1740.3,0,28.960,28.960,17.995,330.7,-2667.5,0.0,0,242187.5400,-1.0000
67.198,1687,1740,Running,32,0,1,99,1,2,1.0000,1740.3,0,28.960,28.960,17.995,157.4,-1269.4,0.0,0,139883.3680,-1.0000
67.215,1695,1740,Running,32,0,1,99,1,2,1.0000,1740.3,0,28.960,28.960,17.995,388.8,-3135.9,0.0,0,222631.7379,-1.0000
67.231,1705,1760,Running,32,0,1,99,1,2,1.0000,1759.6,0,29.280,29.280,18.194,371.3,-2995.0,0.0,0,248460.4162,-1.0000
67.248,1713,1760,Running,33,0,1,99,1,2,1.0000,1759.6,0,29.280,29.280,18.194,414.4,-3341.9,0.0,0,242592.0854,-1.0000
67.265,1720,1760,Running,33,0,1,99,1,2,1.0000,1759.6,0,29.280,29.280,18.194,184.6,-1488.8,0.0,0,150470.1582,-1.0000
67.281,1726,1760,Running,33,0,1,99,1,2,1.0000,1759.6,0,29.280,29.280,18.194,423.6,-3416.4,0.0,0,200885.7687,-1.0000
67.298,1731,1760,Running,33,0,1,99,1,2,1.0000,1759.6,0,29.280,29.280,18.194,435.8,-3514.9,0.0,0,245409.9766,-1.0000
67.315,1736,1760,Running,33,0,1,99,1,2,1.0000,1759.6,0,29.280,29.280,18.194,443.9,-3580.2,0.0,0,240100.4145,-1.0000
67.331,1739,1760,Running,33,0,1,99,1,2,1.0000,1759.6,0,29.280,29.280,18.194,196.3,-1583.2,0.0,0,190754.0708,-1.0000
67.348,1743,1760,Running,33,0,1,99,1,2,1.0000,1759.6,0,29.280,29.280,18.194,440.2,-3550.1,0.0,0,164335.9643,-1.0000
67.365,1745,1760,Running,33,0,1,99,1,2,1.0000,1759.6,0,29.280,29.280,18.194,448.7,-3618.6,0.0,0,249924.6930,-1.0000
67.381,1747,1760,Running,33,0,1,99,1,2,1.0000,1759.6,0,29.280,29.280,18.194,456.1,-3678.2,0.0,0,243497.1068,-1.0000
67.398,1749,1760,Running,33,0,1,99,1,2,1.0000,1759.6,0,29.280,29.280,18.194,203.7,-1642.8,0.0,0,225923.8136,-1.0000
67.415,1751,1760,Running,34,0,1,99,1,2,1.0000,1759.6,0,29.280,29.280,18.194,445.4,-3592.3,0.0,0,139425.1500,-1.0000
67.431,1752,1760,Running,34,0,1,99,1,2,1.0000,1759.6,0,29.280,29.280,18.194,455.2,-3671.5,0.0,0,251576.7776,-1.0000
67.448,1753,1760,Running,34,0,1,99,1,2,1.0000,1759.6,0,29.280,29.280,18.194,462.7,-3731.6,0.0,0,247880.5746,-1.0000
67.465,1754,1760,Running,34,0,1,99,1,2,1.0000,1759.6,0,29.280,29.280,18.194,213.4,-1721.3,0.0,0,250019.3590,-1.0000
67.481,1755,1760,Running,34,0,1,99,1,2,1.0000,1759.6,0,29.280,29.280,18.194,441.2,-3558.3,0.0,0,127968.8357,-1.0000
67.498,1756,1760,Running,34,0,1,99,1,2,1.0000,1759.6,0,29.280,29.280,18.194,457.5,-3689.8,0.0,0,249282.8898,-1.0000
67.515,1761,1820,Running,34,0,1,99,1,2,1.0000,1874.9,0,30.293,31.200,18.823,384.0,-3097.1,0.0,0,253803.0299,-1.0000
67.531,1775,1872,Running,34,0,1,99,1,2,1.0000,1879.8,0,31.151,31.280,19.356,155.9,-1257.7,0.0,0,269804.7220,-1.0000
67.548,1791,1880,Running,34,0,1,99,1,2,1.0000,1879.8,0,31.280,31.280,19.436,419.2,-3380.6,0.0,0,137980.5316,-1.0000
67.565,1804,1880,Running,34,0,1,99,1,2,1.0000,1879.8,0,31.280,31.280,19.436,459.0,-3702.2,0.0,0,273073.7269,-1.0000
67.581,1816,1880,Running,34,0,1,99,1,2,1.0000,1879.8,0,31.280,31.280,19.436,474.1,-3823.5,0.0,0,273919.6453,-1.0000
67.598,1826,1880,Running,34,0,1,99,1,2,1.0000,1879.8,0,31.280,31.280,19.436,224.4,-1809.5,0.0,0,229733.1116,-1.0000
67.615,1834,1880,Running,34,0,1,99,1,2,1.0000,1879.8,0,31.280,31.280,19.436,471.1,-3799.5,0.0,0,196491.0212,-1.0000
67.631,1841,1880,Running,34,0,1,99,1,2,1.0000,1879.8,0,31.280,31.280,19.436,476.8,-3845.5,0.0,0,284627.7271,-1.0000
67.648,1847,1880,Running,34,0,1,99,1,2,1.0000,1879.8,0,31.280,31.280,19.436,487.6,-3932.8,0.0,0,272139.6098,-1.0000
67.665,1852,1880,Running,34,0,1,99,1,2,1.0000,1879.8,0,31.280,31.280,19.436,227.1,-1831.7,0.0,0,158526.4395,-1.0000
67.681,1856,1880,Running,34,0,1,99,1,2,1.0000,1879.8,0,31.280,31.280,19.436,485.6,-3916.8,0.0,0,240092.5690,-1.0000
67.698,1860,1880,Running,33,0,1,99,1,2,1.0000,1879.8,0,31.280,31.280,19.436,484.8,-3909.6,0.0,0,262457.5674,-1.0000
67.715,1868,1940,Running,33,0,1,99,1,2,1.0000,1951.9,0,32.281,32.480,20.058,366.3,-2954.5,0.0,0,276093.6959,-1.0000
67.731,1880,1952,Running,32,0,1,99,1,2,1.0000,1951.9,0,32.480,32.480,20.182,249.5,-2012.0,0.0,0,176599.8682,-1.0000
67.748,1891,1952,Running,32,0,1,99,1,2,1.0000,1951.9,0,32.480,32.480,20.182,462.1,-3727.1,0.0,0,269357.6234,-1.0000
67.765,1901,1952,Running,32,0,1,99,1,2,1.0000,1951.9,0,32.480,32.480,20.182,470.2,-3792.5,0.0,0,294494.2235,-1.0000
67.781,1909,1952,Running,32,0,1,99,1,2,1.0000,1951.9,0,32.480,32.480,20.182,276.4,-2228.9,0.0,0,298433.3130,-1.0000
67.798,1915,1952,Running,31,0,1,99,1,2,1.0000,1951.9,0,32.480,32.480,20.182,434.9,-3507.7,0.0,0,120983.4215,-1.0000
67.815,1921,1952,Running,31,0,1,99,1,2,1.0000,1951.9,0,32.480,32.480,20.182,468.4,-3777.6,0.0,0,264674.5917,-1.0000
67.831,1926,1952,Running,31,0,1,99,1,2,1.0000,1951.9,0,32.480,32.480,20.182,467.6,-3771.0,0.0,0,278299.2256,-1.0000
67.848,1930,1952,Running,31,0,1,99,1,2,1.0000,1951.9,0,32.480,32.480,20.182,218.6,-1763.0,0.0,0,228497.1680,-1.0000
67.865,1933,1952,Running,31,0,1,99,1,2,1.0000,1951.9,0,32.480,32.480,20.182,449.2,-3622.7,0.0,0,224383.8850,-1.0000
67.881,1936,1952,Running,31,0,1,99,1,2,1.0000,1951.9,0,32.480,32.480,20.182,454.0,-3661.9,0.0,0,264268.0812,-1.0000
67.898,1938,1952,Running,31,0,1,99,1,2,1.0000,1951.9,0,32.480,32.480,20.182,446.2,-3599.1,0.0,0,265515.1970,-1.0000
67.915,1940,1952,Running,31,0,1,99,1,2,1.0000,1951.9,0,32.480,32.480,20.182,242.0,-1952.0,0.0,0,166225.6798,-1.0000
67.931,1942,1952,Running,31,0,1,99,1,2,1.0000,1951.9,0,32.480,32.480,20.182,440.8,-3554.9,0.0,0,255992.4469,-1.0000
67.948,1944,1952,Running,30,0,1,99,1,2,1.0000,1951.9,0,32.480,32.480,20.182,444.0,-3580.7,0.0,0,283977.5263,-1.0000
67.965,1945,1952,Running,30,0,1,99,1,2,1.0000,1951.9,0,32.480,32.480,20.182,270.4,-2181.1,0.0,0,313893.9696,-1.0000
67.981,1946,1952,Running,30,0,1,99,1,2,1.0000,1951.9,0,32.480,32.480,20.182,384.3,-3099.3,0.0,0,112887.7114,-1.0000
67.998,1947,1952,Running,30,0,1,99,1,2,1.0000,1951.9,0,32.480,32.480,20.182,448.0,-3612.9,0.0,0,252540.9873,-1.0000
68.015,1952,2012,Running,30,0,1,99,1,2,1.0000,2062.4,0,33.476,34.320,20.801,359.3,-2898.1,0.0,0,272715.5548,-1.0000
68.031,1966,2062,Running,30,0,1,99,1,2,1.0000,2062.4,0,34.317,34.320,21.324,131.3,-1059.1,0.0,0,240978.6748,-1.0000
68.048,1980,2062,Running,29,0,1,99,1,2,1.0000,2062.4,0,34.320,34.320,21.325,420.1,-3388.5,0.0,0,235699.2380,-1.0000
68.065,1993,2062,Running,29,0,1,99,1,2,1.0000,2062.4,0,34.320,34.320,21.325,436.0,-3516.1,0.0,0,271254.5874,-1.0000
68.081,2004,2062,Running,29,0,1,99,1,2,1.0000,2062.4,0,34.320,34.320,21.325,334.4,-2696.9,0.0,0,331185.4239,-1.0000
68.098,2013,2062,Running,29,0,1,99,1,2,1.0000,2062.4,0,34.320,34.320,21.325,302.1,-2436.3,0.0,0,166993.3213,-1.0000
68.115,2020,2062,Running,29,0,1,99,1,2,1.0000,2062.4,0,34.320,34.320,21.325,430.8,-3474.9,0.0,0,246116.7289,-1.0000
68.131,2027,2062,Running,29,0,1,99,1,2,1.0000,2062.4,0,34.320,34.320,21.325,430.8,-3474.4,0.0,0,279772.9456,-1.0000
68.148,2032,2062,Running,29,0,1,99,1,2,1.0000,2062.4,0,34.320,34.320,21.325,201.7,-1626.6,0.0,0,226039.5414,-1.0000
68.165,2037,2062,Running,29,0,1,99,1,2,1.0000,2062.4,0,34.320,34.320,21.325,415.2,-3348.5,0.0,0,231457.9339,-1.0000
68.181,2041,2062,Running,29,0,1,99,1,2,1.0000,2062.4,0,34.320,34.320,21.325,421.4,-3398.6,0.0,0,269417.0983,-1.0000
68.198,2049,2116,Running,28,0,1,99,1,2,1.0000,2120.1,0,35.218,35.280,21.884,215.4,-1737.0,0.0,0,344210.2893,-1.0000
68.215,2060,2120,Running,28,0,1,99,1,2,1.0000,2120.1,0,35.280,35.280,21.922,309.6,-2496.6,0.0,0,139617.7630,-1.0000
68.231,2069,2120,Running,28,0,1,99,1,2,1.0000,2120.1,0,35.280,35.280,21.922,405.6,-3271.3,0.0,0,269810.1894,-1.0000
68.248,2077,2120,Running,28,0,1,99,1,2,1.0000,2120.1,0,35.280,35.280,21.922,398.0,-3210.1,0.0,0,311784.4481,-1.0000
68.265,2083,2120,Running,28,0,1,99,1,2,1.0000,2120.1,0,35.280,35.280,21.922,212.4,-1712.8,0.0,0,180053.2351,-1.0000
68.281,2089,2120,Running,28,0,1,99,1,2,1.0000,2120.1,0,35.280,35.280,21.922,396.1,-3194.6,0.0,0,260059.6307,-1.0000
68.298,2094,2120,Running,28,0,1,99,1,2,1.0000,2120.1,0,35.280,35.280,21.922,385.8,-3111.3,0.0,0,310745.1652,-1.0000
68.315,2098,2120,Running,28,0,1,99,1,2,1.0000,2120.1,0,35.280,35.280,21.922,222.3,-1793.3,0.0,0,267993.9264,-1.0000
68.331,2101,2120,Running,28,0,1,99,1,2,1.0000,2120.1,0,35.280,35.280,21.922,368.6,-2972.8,0.0,0,159353.9806,-1.0000
68.348,2108,2159,Running,28,0,1,99,1,2,1.0000,2158.6,0,35.920,35.920,22.320,320.6,-2585.9,0.0,0,310079.7840,-1.0000
68.365,2116,2159,Running,28,0,1,99,1,2,1.0000,2158.6,0,35.920,35.920,22.320,352.1,-2840.1,0.0,0,282689.7731,-1.0000
68.381,2123,2159,Running,28,0,1,99,1,2,1.0000,2158.6,0,35.920,35.920,22.320,225.6,-1819.6,0.0,0,204784.9788,-1.0000
68.398,2128,2159,Running,28,0,1,99,1,2,1.0000,2158.6,0,35.920,35.920,22.320,386.5,-3117.1,0.0,0,255282.6875,-1.0000
68.415,2133,2159,Running,28,0,1,99,1,2,1.0000,2158.6,0,35.920,35.920,22.320,385.6,-3109.6,0.0,0,291256.4689,-1.0000
68.431,2137,2159,Running,28,0,1,99,1,2,1.0000,2158.6,0,35.920,35.920,22.320,189.8,-1531.0,0.0,0,206732.0749,-1.0000
68.448,2140,2159,Running,28,0,1,99,1,2,1.0000,2158.6,0,35.920,35.920,22.320,383.9,-3096.5,0.0,0,248741.7209,-1.0000
68.465,2143,2159,Running,28,0,1,99,1,2,1.0000,2158.6,0,35.920,35.920,22.320,368.3,-2970.7,0.0,0,310927.9646,-1.0000
68.481,2145,2159,Running,28,0,1,99,1,2,1.0000,2158.6,0,35.920,35.920,22.320,218.0,-1758.6,0.0,0,278128.2565,-1.0000
68.498,2147,2159,Running,28,0,1,99,1,2,1.0000,2158.6,0,35.920,35.920,22.320,355.7,-2868.8,0.0,0,161257.9468,-1.0000
68.515,2154,2207,Running,28,0,1,99,1,2,1.0000,2206.7,0,36.720,36.720,22.817,299.0,-2411.4,0.0,0,307779.0229,-1.0000
68.531,2162,2207,Running,28,0,1,99,1,2,1.0000,2206.7,0,36.720,36.720,22.817,321.4,-2592.1,0.0,0,306324.2358,-1.0000
68.548,2169,2211,Running,28,0,1,99,1,2,1.0000,2211.5,0,36.800,36.800,22.866,238.5,-1923.4,0.0,0,193790.6256,-1.0000
68.565,2176,2211,Running,28,0,1,99,1,2,1.0000,2211.5,0,36.800,36.800,22.866,382.2,-3082.3,0.0,0,263109.8921,-1.0000
68.581,2181,2211,Running,29,0,1,99,1,2,1.0000,2211.5,0,36.800,36.800,22.866,372.2,-3001.6,0.0,0,325001.4203,-1.0000
68.598,2186,2211,Running,29,0,1,99,1,2,1.0000,2211.5,0,36.800,36.800,22.866,210.4,-1696.6,0.0,0,179208.0180,-1.0000
68.615,2190,2211,Running,29,0,1,99,1,2,1.0000,2211.5,0,36.800,36.800,22.866,365.4,-2947.1,0.0,0,297706.5829,-1.0000
68.631,2193,2211,Running,29,0,1,99,1,2,1.0000,2211.5,0,36.800,36.800,22.866,401.1,-3235.1,0.0,0,278845.2352,-1.0000
68.648,2196,2211,Running,29,0,1,99,1,2,1.0000,2211.5,0,36.800,36.800,22.866,193.5,-1560.9,0.0,0,250059.5947,-1.0000
68.665,2198,2211,Running,29,0,1,99,1,2,1.0000,2211.5,0,36.800,36.800,22.866,389.7,-3142.6,0.0,0,236874.5124,-1.0000
68.681,2200,2211,Running,29,0,1,99,1,2,1.0000,2211.5,0,36.800,36.800,22.866,386.5,-3117.3,0.0,0,303733.8866,-1.0000
68.698,2202,2211,Running,29,0,1,99,1,2,1.0000,2211.5,0,36.800,36.800,22.866,226.9,-1830.0,0.0,0,315747.4993,-1.0000
68.715,2204,2211,Running,29,0,1,99,1,2,1.0000,2211.5,0,36.800,36.800,22.866,370.2,-2985.8,0.0,0,157931.7177,-1.0000
68.731,2205,2211,Running,29,0,1,99,1,2,1.0000,2211.5,0,36.800,36.800,22.866,383.1,-3089.8,0.0,0,317711.1046,-1.0000
68.748,2206,2211,Running,29,0,1,99,1,2,1.0000,2211.5,0,36.800,36.800,22.866,340.9,-2749.6,0.0,0,310252.3538,-1.0000
68.765,2207,2211,Running,29,0,1,99,1,2,1.0000,2211.5,0,36.800,36.800,22.866,259.7,-2094.5,0.0,0,194936.6896,-1.0000
68.781,2207,2211,Running,29,0,1,99,1,2,1.0000,2211.5,0,36.800,36.800,22.866,401.2,-3236.1,0.0,0,266782.6645,-1.0000
68.798,2208,2211,Running,29,0,1,99,1,2,1.0000,2211.5,0,36.800,36.800,22.866,387.5,-3125.2,0.0,0,327581.6439,-1.0000
68.815,2209,2211,Running,29,0,1,99,1,2,1.0000,2211.5,0,36.800,36.800,22.866,217.6,-1754.7,0.0,0,182126.2467,-1.0000
68.831,2214,2269,Running,30,0,1,99,1,2,1.0000,2307.6,0,37.754,38.400,23.459,296.8,-2393.4,0.0,0,306061.3387,-1.0000
68.848,2226,2308,Running,31,0,1,99,1,2,1.0000,2307.6,0,38.400,38.400,23.861,348.9,-2813.7,0.0,0,293356.7140,-1.0000
68.865,2239,2308,Running,32,0,1,99,1,2,1.0000,2307.6,0,38.400,38.400,23.861,201.4,-1624.1,0.0,0,251311.4102,-1.0000
68.881,2249,2308,Running,32,0,1,99,1,2,1.0000,2307.6,0,38.400,38.400,23.861,412.1,-3323.4,0.0,0,280536.0810,-1.0000
68.898,2258,2308,Running,32,0,1,99,1,2,1.0000,2307.6,0,38.400,38.400,23.861,419.6,-3383.9,0.0,0,332868.6112,-1.0000
68.915,2266,2308,Running,33,0,1,99,1,2,1.0000,2307.6,0,38.400,38.400,23.861,236.1,-1904.1,0.0,0,275382.7182,-1.0000
68.931,2272,2308,Running,33,0,1,99,1,2,1.0000,2307.6,0,38.400,38.400,23.861,436.4,-3519.9,0.0,0,252565.8472,-1.0000
68.948,2278,2308,Running,33,0,1,99,1,2,1.0000,2307.6,0,38.400,38.400,23.861,437.3,-3526.8,0.0,0,342509.5737,-1.0000
68.965,2282,2308,Running,33,0,1,99,1,2,1.0000,2307.6,0,38.400,38.400,23.861,264.6,-2133.8,0.0,0,308526.7113,-1.0000
68.981,2286,2308,Running,33,0,1,99,1,2,1.0000,2307.6,0,38.400,38.400,23.861,432.0,-3484.3,0.0,0,240236.6216,-1.0000
68.998,2289,2308,Running,33,0,1,99,1,2,1.0000,2307.6,0,38.400,38.400,23.861,467.1,-3767.4,0.0,0,309071.8509,-1.0000
69.015,2292,2308,Running,33,0,1,99,1,2,1.0000,2307.6,0,38.400,38.400,23.861,276.2,-2227.3,0.0,0,366491.0208,-1.0000
69.031,2295,2308,Running,33,0,1,99,1,2,1.0000,2307.6,0,38.400,38.400,23.861,436.9,-3523.7,0.0,0,181624.3384,-1.0000
69.048,2263,1962,Running,34,0,1,99,1,3,1.0000,1600.8,0,39.596,39.680,24.604,959.6,-5264.4,0.0,0,314696.4056,-1.0000
69.065,2223,2058,Running,34,0,1,99,1,3,1.0000,1600.8,0,39.680,39.680,24.656,380.6,-2061.6,0.0,0,262782.9451,-1.0000
69.081,2195,2116,Running,34,0,1,99,1,3,1.0000,1600.8,0,39.680,39.680,24.656,200.4,-1088.9,0.0,0,180920.9483,-1.0000
69.098,2195,2263,Running,34,0,1,99,1,3,1.0000,1600.8,0,39.680,39.680,24.656,231.1,-1268.7,0.0,0,317355.1820,-1.0000
69.115,2216,2393,Running,34,0,1,99,1,3,1.0000,1600.8,0,39.680,39.680,24.656,260.5,-1457.6,0.0,0,321591.8009,-1.0000
69.131,2240,2379,Running,34,0,1,99,1,3,1.0000,1600.8,0,39.680,39.680,24.656,269.7,-1525.5,0.0,0,272595.1768,-1.0000
69.148,2271,2498,Running,34,0,1,99,1,3,1.0000,1600.8,0,39.680,39.680,24.656,286.4,-1651.4,0.0,0,350552.8323,-1.0000
69.165,2316,2611,Running,34,0,1,99,1,3,1.0000,1600.8,0,39.680,39.680,24.656,314.3,-1862.3,0.0,0,372293.1106,-1.0000
69.181,2355,2585,Running,34,0,1,99,1,3,1.0000,1600.8,0,39.680,39.680,24.656,317.5,-1886.6,0.0,0,290756.6975,-1.0000
69.198,2398,2684,Running,34,0,1,99,1,3,1.0000,1600.8,0,39.680,39.680,24.656,333.2,-2007.1,0.0,0,368634.1948,-1.0000
69.215,2448,2709,Running,34,0,1,99,1,3,1.0000,1600.8,0,39.680,39.680,24.656,355.1,-2182.0,0.0,0,432447.3591,-1.0000
69.231,2485,2725,Running,34,0,1,99,1,3,1.0000,1600.8,0,39.680,39.680,24.656,346.5,-2111.6,0.0,0,258119.7708,-1.0000
69.248,2528,2798,Running,34,0,1,99,1,3,1.0000,1600.8,0,39.680,39.680,24.656,366.1,-2272.2,0.0,0,418273.6891,-1.0000
69.265,2567,2738,Running,34,0,1,99,1,3,1.0000,1600.8,0,39.680,39.680,24.656,371.9,-2320.7,0.0,0,380772.4820,-1.0000
69.281,2599,2805,Running,34,0,1,99,1,3,1.0000,1600.8,0,39.680,39.680,24.656,369.4,-2299.7,0.0,0,341321.4969,-1.0000
69.298,2635,2859,Running,34,0,1,99,1,3,1.0000,1600.8,0,39.680,39.680,24.656,386.0,-2436.8,0.0,0,432710.3140,-1.0000
69.315,2660,2801,Running,34,0,1,99,1,3,1.0000,1600.8,0,39.680,39.680,24.656,375.2,-2347.8,0.0,0,308261.7133,-1.0000
69.331,2686,2858,Running,33,0,1,99,1,3,1.0000,1684.7,0,40.635,41.760,25.249,385.0,-2410.3,0.0,0,400253.4711,-1.0000
69.348,2712,2789,Running,33,0,1,99,1,3,1.0000,1684.7,0,41.591,41.760,25.843,390.3,-2417.2,0.0,0,418150.8988,-1.0000
69.365,2727,2844,Running,33,0,1,99,1,3,1.0000,1684.7,0,41.760,41.760,25.948,380.0,-2308.9,0.0,0,298523.7119,-1.0000
69.381,2748,2886,Running,33,0,1,99,1,3,1.0000,1684.7,0,41.760,41.760,25.948,393.5,-2418.1,0.0,0,425515.0700,-1.0000
69.398,2759,2807,Running,33,0,1,99,1,3,1.0000,1684.7,0,41.760,41.760,25.948,381.5,-2320.9,0.0,0,325124.5943,-1.0000
69.415,2770,2850,Running,33,0,1,99,1,3,1.0000,1684.7,0,41.760,41.760,25.948,385.1,-2349.3,0.0,0,402028.9875,-1.0000
69.431,2782,2781,Running,33,0,1,99,1,3,1.0000,1684.7,0,41.760,41.760,25.948,390.0,-2390.2,0.0,0,423036.6898,-1.0000
69.448,2785,2821,Running,32,0,1,99,1,3,1.0000,1684.7,0,41.760,41.760,25.948,375.5,-2272.9,0.0,0,269150.9530,-1.0000
69.465,2793,2864,Running,32,0,1,99,1,3,1.0000,1684.7,0,41.760,41.760,25.948,387.2,-2366.5,0.0,0,409398.4900,-1.0000
69.481,2795,2788,Running,32,0,1,99,1,3,1.0000,1684.7,0,41.760,41.760,25.948,377.5,-2289.6,0.0,0,318938.6691,-1.0000
69.498,2797,2828,Running,32,0,1,99,1,3,1.0000,1684.7,0,41.760,41.760,25.948,378.3,-2294.7,0.0,0,384585.5094,-1.0000
69.515,2802,2767,Running,32,0,1,99,1,3,1.0000,1684.7,0,41.760,41.760,25.948,385.4,-2352.5,0.0,0,458044.5590,-1.0000
69.532,2798,2789,Running,32,0,1,99,1,3,1.0000,1684.7,0,41.760,41.760,25.948,368.5,-2218.9,0.0,0,251868.3734,-1.0000
69.548,2800,2830,Running,32,0,1,99,1,3,1.0000,1684.7,0,41.760,41.760,25.948,379.5,-2303.9,0.0,0,405297.9506,-1.0000
69.565,2798,2756,Running,32,0,1,99,1,3,1.0000,1684.7,0,41.760,41.760,25.948,373.7,-2260.0,0.0,0,307835.4336,-1.0000
69.581,2795,2803,Running,31,0,1,99,1,3,1.0000,1684.7,0,41.760,41.760,25.948,370.9,-2237.0,0.0,0,370703.4409,-1.0000
69.598,2799,2800,Running,30,0,1,99,1,3,1.0000,1684.7,0,41.760,41.760,25.948,380.7,-2313.7,0.0,0,415110.3271,-1.0000
69.615,2791,2761,Running,29,0,1,99,1,3,1.0000,1684.7,0,41.760,41.760,25.948,362.5,-2172.6,0.0,0,261549.1164,-1.0000
69.631,2788,2790,Running,28,0,1,99,1,3,1.0000,1684.7,0,41.760,41.760,25.948,369.2,-2224.0,0.0,0,399331.8837,-1.0000
69.648,2784,2699,Running,28,0,1,99,1,3,1.0000,1684.7,0,41.760,41.760,25.948,366.0,-2199.3,0.0,0,356086.2728,-1.0000
69.665,2773,2722,Running,28,0,1,99,1,3,1.0000,1684.7,0,41.760,41.760,25.948,352.7,-2097.6,0.0,0,297820.8376,-1.0000
69.681,2766,2736,Running,27,0,1,99,1,3,1.0000,1684.7,0,41.760,41.760,25.948,357.4,-2133.8,0.0,0,376479.4663,-1.0000
69.698,2750,2647,Running,27,0,1,99,1,3,1.0000,1684.7,0,41.760,41.760,25.948,341.7,-2014.2,0.0,0,272443.8368,-1.0000
69.715,2736,2663,Running,27,0,1,99,1,3,1.0000,1684.7,0,41.760,41.760,25.948,338.3,-1988.0,0.0,0,332079.9720,-1.0000
69.731,2724,2622,Running,27,0,1,99,1,3,1.0000,1684.7,0,41.760,41.760,25.948,340.3,-2003.0,0.0,0,385928.3644,-1.0000
69.748,2702,2586,Running,27,0,1,99,1,3,1.0000,1684.7,0,41.760,41.760,25.948,319.4,-1845.3,0.0,0,191013.3531,-1.0000
69.765,2685,2601,Running,27,0,1,99,1,3,1.0000,1797.7,0,42.668,44.560,26.513,322.3,-1854.4,0.0,0,348592.3469,-1.0000
69.781,2669,2513,Running,27,0,1,99,1,3,1.0000,1800.9,0,43.573,44.640,27.075,319.9,-1812.4,0.0,0,352086.6411,-1.0000
69.798,2646,2529,Running,27,0,1,99,1,3,1.0000,1800.9,0,44.466,44.640,27.630,304.6,-1680.8,0.0,0,222189.4609,-1.0000
69.815,2630,2545,Running,27,0,1,99,1,3,1.0000,1800.9,0,44.640,44.640,27.738,309.5,-1706.0,0.0,0,338617.6167,-1.0000
69.831,2612,2461,Running,27,0,1,99,1,3,1.0000,1800.9,0,44.640,44.640,27.738,304.3,-1675.5,0.0,0,275136.3802,-1.0000
69.848,2591,2493,Running,27,0,1,99,1,3,1.0000,1800.9,0,44.640,44.640,27.738,294.4,-1617.4,0.0,0,247999.2945,-1.0000
69.865,2578,2515,Running,27,0,1,99,1,3,1.0000,1800.9,0,44.640,44.640,27.738,300.3,-1652.2,0.0,0,333612.0808,-1.0000
69.881,2561,2431,Running,27,0,1,99,1,3,1.0000,1800.9,0,44.640,44.640,27.738,293.7,-1613.4,0.0,0,251085.7153,-1.0000
69.898,2544,2465,Running,27,0,1,99,1,3,1.0000,1800.9,0,44.640,44.640,27.738,288.3,-1581.5,0.0,0,285925.1533,-1.0000
69.915,2534,2496,Running,27,0,1,99,1,3,1.0000,1800.9,0,44.640,44.640,27.738,295.0,-1620.5,0.0,0,315713.3658,-1.0000
69.931,2520,2419,Running,27,0,1,99,1,3,1.0000,1800.9,0,44.640,44.640,27.738,287.2,-1575.0,0.0,0,238308.2576,-1.0000
69.948,2508,2451,Running,27,0,1,99,1,3,1.0000,1800.9,0,44.640,44.640,27.738,285.3,-1563.4,0.0,0,310488.1366,-1.0000
69.965,2502,2485,Running,27,0,1,99,1,3,1.0000,1836.4,0,45.520,45.520,28.285,292.9,-1606.0,0.0,0,309588.9810,-1.0000
69.981,2491,2416,Running,27,0,1,99,1,3,1.0000,1839.6,0,45.600,45.600,28.335,284.0,-1551.0,0.0,0,224428.5884,-1.0000
69.998,2482,2447,Running,27,0,1,99,1,3,1.0000,1839.6,0,45.600,45.600,28.335,283.8,-1549.9,0.0,0,308127.0014,-1.0000
70.015,2479,2474,Running,27,0,1,99,1,3,1.0000,1839.6,0,45.600,45.600,28.335,291.4,-1594.7,0.0,0,327484.6852,-1.0000
70.031,2470,2410,Running,27,0,1,99,1,3,1.0000,1839.6,0,45.600,45.600,28.335,281.2,-1534.5,0.0,0,213992.9802,-1.0000
70.048,2463,2445,Running,27,0,1,99,1,3,1.0000,1839.6,0,45.600,45.600,28.335,282.6,-1542.6,0.0,0,298642.5825,-1.0000
70.065,2463,2471,Running,27,0,1,99,1,3,1.0000,1839.6,0,45.600,45.600,28.335,290.5,-1589.1,0.0,0,342607.5196,-1.0000
70.081,2455,2407,Running,27,0,1,99,1,3,1.0000,1839.6,0,45.600,45.600,28.335,279.8,-1526.2,0.0,0,210803.1184,-1.0000
70.098,2451,2446,Running,27,0,1,99,1,3,1.0000,1839.6,0,45.600,45.600,28.335,282.4,-1541.8,0.0,0,289581.9228,-1.0000
70.115,2452,2469,Running,27,0,1,99,1,3,1.0000,1839.6,0,45.600,45.600,28.335,290.5,-1589.1,0.0,0,339903.2747,-1.0000
70.131,2446,2404,Running,27,0,1,99,1,3,1.0000,1839.6,0,45.600,45.600,28.335,278.7,-1520.1,0.0,0,223291.0153,-1.0000
70.148,2443,2449,Running,27,0,1,99,1,3,1.0000,1839.6,0,45.600,45.600,28.335,282.7,-1543.5,0.0,0,283899.2618,-1.0000
70.165,2446,2469,Running,27,0,1,99,1,3,1.0000,1871.9,0,46.400,46.400,28.832,291.0,-1590.1,0.0,0,335563.0206,-1.0000
70.181,2440,2407,Running,27,0,1,99,1,3,1.0000,1871.9,0,46.400,46.400,28.832,278.3,-1513.9,0.0,0,234373.0719,-1.0000
70.198,2439,2452,Running,27,0,1,99,1,3,1.0000,1871.9,0,46.400,46.400,28.832,283.8,-1545.9,0.0,0,284627.2516,-1.0000
70.215,2443,2466,Running,27,0,1,99,1,3,1.0000,1871.9,0,46.400,46.400,28.832,292.0,-1593.9,0.0,0,331510.7262,-1.0000
70.231,2438,2415,Running,27,0,1,99,1,3,1.0000,1871.9,0,46.400,46.400,28.832,278.8,-1516.7,0.0,0,227430.2218,-1.0000
70.248,2438,2455,Running,27,0,1,99,1,3,1.0000,1871.9,0,46.400,46.400,28.832,285.5,-1555.9,0.0,0,303813.8630,-1.0000
70.265,2443,2459,Running,27,0,1,99,1,3,1.0000,1871.9,0,46.400,46.400,28.832,293.4,-1602.3,0.0,0,334326.7615,-1.0000
70.282,2439,2428,Running,27,0,1,99,1,3,1.0000,1871.9,0,46.400,46.400,28.832,279.7,-1522.1,0.0,0,202280.6902,-1.0000
70.298,2440,2463,Running,27,0,1,99,1,3,1.0000,1871.9,0,46.400,46.400,28.832,287.6,-1568.4,0.0,0,333820.9030,-1.0000
70.315,2446,2445,Running,27,0,1,99,1,3,1.0000,1871.9,0,46.400,46.400,28.832,295.0,-1611.5,0.0,0,351558.9314,-1.0000
70.331,2442,2439,Running,27,0,1,99,1,3,1.0000,1871.9,0,46.400,46.400,28.832,280.8,-1528.2,0.0,0,162964.7635,-1.0000
70.348,2444,2473,Running,27,0,1,99,1,3,1.0000,1907.4,0,47.280,47.280,29.378,289.5,-1577.2,0.0,0,340924.5888,-1.0000
70.365,2450,2428,Running,27,0,1,99,1,3,1.0000,1907.4,0,47.280,47.280,29.378,295.7,-1611.0,0.0,0,371494.7868,-1.0000
70.381,2446,2445,Running,27,0,1,99,1,3,1.0000,1907.4,0,47.280,47.280,29.378,282.0,-1530.6,0.0,0,149916.1126,-1.0000
70.398,2449,2481,Running,27,0,1,99,1,3,1.0000,1907.4,0,47.280,47.280,29.378,290.8,-1582.5,0.0,0,333609.9744,-1.0000
70.415,2453,2416,Running,27,0,1,99,1,3,1.0000,1907.4,0,47.280,47.280,29.378,295.0,-1606.8,0.0,0,365004.1717,-1.0000
70.431,2449,2446,Running,27,0,1,99,1,3,1.0000,1907.4,0,47.280,47.280,29.378,282.5,-1533.9,0.0,0,176766.0161,-1.0000
70.448,2452,2486,Running,27,0,1,99,1,3,1.0000,1907.4,0,47.280,47.280,29.378,291.8,-1588.0,0.0,0,320140.8369,-1.0000
70.465,2455,2414,Running,27,0,1,99,1,3,1.0000,1907.4,0,47.280,47.280,29.378,293.9,-1600.6,0.0,0,339520.7418,-1.0000
70.481,2451,2445,Running,27,0,1,99,1,3,1.0000,1907.4,0,47.280,47.280,29.378,282.9,-1536.1,0.0,0,216982.3296,-1.0000
70.498,2453,2479,Running,27,0,1,99,1,3,1.0000,1907.4,0,47.280,47.280,29.378,291.4,-1585.9,0.0,0,313147.5237,-1.0000
70.515,2454,2408,Running,27,0,1,99,1,3,1.0000,1907.4,0,47.280,47.280,29.378,291.3,-1585.3,0.0,0,308066.7554,-1.0000
70.531,2450,2446,Running,27,0,1,99,1,3,1.0000,1907.4,0,47.280,47.280,29.378,282.3,-1532.4,0.0,0,225660.4378,-1.0000
70.548,2452,2475,Running,27,0,1,99,1,3,1.0000,1946.2,0,48.165,48.240,29.928,291.0,-1581.6,0.0,0,335726.4917,-1.0000
70.565,2452,2406,Running,27,0,1,99,1,3,1.0000,1946.2,0,48.240,48.240,29.975,289.7,-1571.5,0.0,0,276301.2824,-1.0000
70.581,2448,2451,Running,27,0,1,99,1,3,1.0000,1946.2,0,48.240,48.240,29.975,282.6,-1530.5,0.0,0,237175.8640,-1.0000
70.598,2451,2480,Running,27,0,1,99,1,3,1.0000,1946.2,0,48.240,48.240,29.975,291.6,-1582.2,0.0,0,340292.4607,-1.0000
70.615,2451,2405,Running,27,0,1,99,1,3,1.0000,1946.2,0,48.240,48.240,29.975,288.5,-1565.1,0.0,0,261259.5852,-1.0000
70.631,2448,2454,Running,27,0,1,99,1,3,1.0000,1946.2,0,48.240,48.240,29.975,283.4,-1534.9,0.0,0,256686.8877,-1.0000
70.648,2451,2487,Running,27,0,1,99,1,3,1.0000,1946.2,0,48.240,48.240,29.975,292.3,-1586.1,0.0,0,331696.3909,-1.0000
70.665,2450,2409,Running,27,0,1,99,1,3,1.0000,1946.2,0,48.240,48.240,29.975,287.8,-1560.7,0.0,0,253747.3417,-1.0000
70.681,2448,2457,Running,27,0,1,99,1,3,1.0000,1946.2,0,48.240,48.240,29.975,284.9,-1543.2,0.0,0,283897.2992,-1.0000
70.698,2452,2497,Running,27,0,1,99,1,3,1.0000,1946.2,0,48.240,48.240,29.975,294.2,-1597.3,0.0,0,320504.1099,-1.0000
70.715,2452,2421,Running,27,0,1,99,1,3,1.0000,1946.2,0,48.240,48.240,29.975,288.1,-1562.3,0.0,0,245187.7668,-1.0000
70.731,2451,2460,Running,27,0,1,99,1,3,1.0000,1946.2,0,48.240,48.240,29.975,286.7,-1553.5,0.0,0,312284.2968,-1.0000
70.748,2455,2499,Running,27,0,1,99,1,3,1.0000,1946.2,0,48.240,48.240,29.975,295.5,-1604.9,0.0,0,315433.3550,-1.0000
70.765,2454,2431,Running,27,0,1,99,1,3,1.0000,1946.2,0,48.240,48.240,29.975,287.5,-1558.6,0.0,0,230928.9958,-1.0000
70.781,2453,2468,Running,27,0,1,99,1,3,1.0000,1946.2,0,48.240,48.240,29.975,288.2,-1562.2,0.0,0,312587.6253,-1.0000
70.798,2459,2500,Running,27,0,1,99,1,3,1.0000,1946.2,0,48.240,48.240,29.975,296.9,-1613.0,0.0,0,338239.6168,-1.0000
70.815,2456,2435,Running,27,0,1,99,1,3,1.0000,1946.2,0,48.240,48.240,29.975,286.7,-1553.9,0.0,0,219743.6142,-1.0000
70.832,2456,2474,Running,28,0,1,99,1,3,1.0000,1946.2,0,48.240,48.240,29.975,288.9,-1566.2,0.0,0,299109.6414,-1.0000
70.848,2461,2499,Running,28,0,1,99,1,3,1.0000,1946.2,0,48.240,48.240,29.975,297.3,-1615.4,0.0,0,346059.2844,-1.0000
70.865,2457,2437,Running,28,0,1,99,1,3,1.0000,2007.5,0,49.122,49.760,30.523,285.7,-1547.9,0.0,0,232230.4569,-1.0000
70.881,2458,2483,Running,28,0,1,99,1,3,1.0000,2007.5,0,49.760,49.760,30.919,290.6,-1573.2,0.0,0,293981.7602,-1.0000
70.898,2464,2502,Running,28,0,1,99,1,3,1.0000,2007.5,0,49.760,49.760,30.919,299.8,-1623.4,0.0,0,342754.4101,-1.0000
70.915,2462,2455,Running,29,0,1,99,1,3,1.0000,2007.5,0,49.760,49.760,30.919,287.2,-1555.1,0.0,0,234774.9318,-1.0000
70.931,2465,2501,Running,29,0,1,99,1,3,1.0000,2007.5,0,49.760,49.760,30.919,295.4,-1599.5,0.0,0,322274.7828,-1.0000
70.948,2473,2492,Running,29,0,1,99,1,3,1.0000,2007.5,0,49.760,49.760,30.919,304.6,-1650.5,0.0,0,361876.1191,-1.0000
70.965,2472,2489,Running,29,0,1,99,1,3,1.0000,2007.5,0,49.760,49.760,30.919,291.5,-1578.3,0.0,0,184815.9930,-1.0000
70.981,2478,2532,Running,29,0,1,99,1,3,1.0000,2007.5,0,49.760,49.760,30.919,302.3,-1637.4,0.0,0,353151.9679,-1.0000
70.998,2487,2477,Running,29,0,1,99,1,3,1.0000,2007.5,0,49.760,49.760,30.919,309.2,-1677.3,0.0,0,388452.4831,-1.0000
71.015,2487,2510,Running,29,0,1,99,1,3,1.0000,2007.5,0,49.760,49.760,30.919,297.0,-1608.1,0.0,0,179449.4207,-1.0000
71.031,2494,2557,Running,29,0,1,99,1,3,1.0000,2007.5,0,49.760,49.760,30.919,308.1,-1671.0,0.0,0,343854.8917,-1.0000
71.048,2502,2491,Running,29,0,1,99,1,3,1.0000,2007.5,0,49.760,49.760,30.919,311.2,-1689.3,0.0,0,344937.2002,-1.0000
71.065,2504,2539,Running,29,0,1,99,1,3,1.0000,2059.1,0,50.650,51.040,31.472,303.1,-1640.9,0.0,0,239998.7002,-1.0000
71.081,2512,2578,Running,29,0,1,99,1,3,1.0000,2059.1,0,51.040,51.040,31.715,314.3,-1702.0,0.0,0,361205.0179,-1.0000
71.098,2518,2504,Running,28,0,1,99,1,3,1.0000,2065.6,0,51.200,51.200,31.814,312.2,-1690.7,0.0,0,274466.4709,-1.0000
71.115,2520,2555,Running,28,0,1,99,1,3,1.0000,2065.6,0,51.200,51.200,31.814,307.9,-1667.0,0.0,0,297527.6916,-1.0000
71.131,2529,2596,Running,28,0,1,99,1,3,1.0000,2065.6,0,51.200,51.200,31.814,318.2,-1723.0,0.0,0,346527.2168,-1.0000
71.148,2531,2526,Running,28,0,1,99,1,3,1.0000,2065.6,0,51.200,51.200,31.814,310.3,-1680.2,0.0,0,256422.1529,-1.0000
71.165,2533,2568,Running,28,0,1,99,1,3,1.0000,2065.6,0,51.200,51.200,31.814,311.1,-1684.5,0.0,0,326947.1017,-1.0000
71.181,2541,2592,Running,28,0,1,99,1,3,1.0000,2065.6,0,51.200,51.200,31.814,320.4,-1735.5,0.0,0,362763.0352,-1.0000
71.198,2539,2527,Running,28,0,1,99,1,3,1.0000,2065.6,0,51.200,51.200,31.814,307.2,-1663.4,0.0,0,253789.8606,-1.0000
71.215,2541,2568,Running,28,0,1,99,1,3,1.0000,2065.6,0,51.200,51.200,31.814,312.4,-1691.4,0.0,0,320033.1811,-1.0000
71.231,2547,2547,Running,28,0,1,99,1,3,1.0000,2065.6,0,51.200,51.200,31.814,319.7,-1731.3,0.0,0,379178.8862,-1.0000
71.248,2543,2538,Running,28,0,1,99,1,3,1.0000,2091.4,0,51.840,51.840,32.212,304.3,-1647.7,0.0,0,184983.7612,-1.0000
71.265,2545,2575,Running,27,0,1,99,1,3,1.0000,2097.8,0,52.000,52.000,32.311,313.2,-1696.0,0.0,0,353368.1375,-1.0000
71.281,2548,2501,Running,27,0,1,99,1,3,1.0000,2097.8,0,52.000,52.000,32.311,316.3,-1712.7,0.0,0,370767.7575,-1.0000
71.298,2542,2528,Running,27,0,1,99,1,3,1.0000,2097.8,0,52.000,52.000,32.311,302.9,-1640.1,0.0,0,218831.8822,-1.0000
71.315,2543,2559,Running,27,0,1,99,1,3,1.0000,2097.8,0,52.000,52.000,32.311,311.2,-1685.0,0.0,0,333367.8909,-1.0000
71.331,2542,2481,Running,27,0,1,99,1,3,1.0000,2097.8,0,52.000,52.000,32.311,308.9,-1672.5,0.0,0,300823.4127,-1.0000
71.348,2535,2519,Running,27,0,1,99,1,3,1.0000,2097.8,0,52.000,52.000,32.311,299.4,-1621.3,0.0,0,246318.0914,-1.0000
71.365,2534,2543,Running,27,0,1,99,1,3,1.0000,2097.8,0,52.000,52.000,32.311,307.0,-1662.0,0.0,0,342458.6218,-1.0000
71.382,2522,2211,Running,27,0,1,99,1,3,1.0000,2097.8,0,52.000,52.000,32.311,636.7,-3447.3,0.0,0,253822.4676,-1.0000
71.398,2458,2098,Running,27,0,1,99,1,3,1.0000,2097.8,0,52.000,52.000,32.311,562.4,-3045.2,0.0,0,217891.6530,-1.0000
71.415,2403,2098,Running,26,0,1,99,1,3,1.0000,2097.8,0,52.000,52.000,32.311,387.4,-2097.7,0.0,0,264629.8546,-1.0000
71.431,2356,2098,Running,25,0,1,99,1,3,1.0000,2097.8,0,52.000,52.000,32.311,204.4,-1106.9,0.0,0,292785.7681,-1.0000
71.448,2319,2133,Running,25,0,1,99,1,3,1.0000,2136.6,0,52.867,52.960,32.850,252.1,-1365.0,0.0,0,109768.3392,-1.0000
71.465,2292,2143,Running,24,0,1,99,1,3,1.0000,2143.0,0,53.120,53.120,33.007,291.2,-1576.6,0.0,0,291021.4971,-1.0000
71.482,2269,2143,Running,24,0,1,99,1,3,1.0000,2143.0,0,53.120,53.120,33.007,313.0,-1694.8,0.0,0,273807.2706,-1.0000
71.498,2249,2143,Running,24,0,1,99,1,3,1.0000,2143.0,0,53.120,53.120,33.007,164.6,-891.3,0.0,0,168985.0014,-1.0000
71.515,2233,2143,Running,24,0,1,99,1,3,1.0000,2143.0,0,53.120,53.120,33.007,296.5,-1605.4,0.0,0,273785.5318,-1.0000
71.533,2219,2143,Running,23,0,1,99,1,3,1.0000,2143.0,0,53.120,53.120,33.007,319.1,-1728.0,0.0,0,246196.1283,-1.0000
71.548,2208,2143,Running,23,0,1,99,1,3,1.0000,2143.0,0,53.120,53.120,33.007,142.5,-771.4,0.0,0,229020.4161,-1.0000
71.565,2198,2143,Running,23,0,1,99,1,3,1.0000,2143.0,0,53.120,53.120,33.007,287.5,-1556.4,0.0,0,204464.4992,-1.0000
71.581,2189,2143,Running,23,0,1,99,1,3,1.0000,2143.0,0,53.120,53.120,33.007,299.5,-1621.5,0.0,0,251000.3529,-1.0000
71.598,2182,2143,Running,23,0,1,99,1,3,1.0000,2143.0,0,53.120,53.120,33.007,188.5,-1020.5,0.0,0,321544.8685,-1.0000
71.615,2176,2143,Running,23,0,1,99,1,3,1.0000,2143.0,0,53.120,53.120,33.007,228.6,-1237.9,0.0,0,104189.6598,-1.0000
71.631,2171,2143,Running,22,0,1,99,1,3,1.0000,2143.0,0,53.120,53.120,33.007,275.3,-1490.6,0.0,0,261113.7347,-1.0000
71.648,2167,2143,Running,22,0,1,99,1,3,1.0000,2143.0,0,53.120,53.120,33.007,267.6,-1448.6,0.0,0,278705.0134,-1.0000
71.665,2163,2143,Running,22,0,1,99,1,3,1.0000,2143.0,0,53.120,53.120,33.007,137.9,-746.5,0.0,0,149386.1507,-1.0000
71.681,2160,2143,Running,22,0,1,99,1,3,1.0000,2143.0,0,53.120,53.120,33.007,249.7,-1351.8,0.0,0,254584.4402,-1.0000
71.698,2157,2143,Running,22,0,1,99,1,3,1.0000,2143.0,0,53.120,53.120,33.007,264.7,-1433.1,0.0,0,249006.4439,-1.0000
71.715,2155,2143,Running,22,0,1,99,1,3,1.0000,2143.0,0,53.120,53.120,33.007,126.9,-687.1,0.0,0,223540.5730,-1.0000
71.732,2153,2143,Running,22,0,1,99,1,3,1.0000,2143.0,0,53.120,53.120,33.007,231.6,-1254.2,0.0,0,189944.0397,-1.0000
71.748,2152,2143,Running,22,0,1,99,1,3,1.0000,2143.0,0,53.120,53.120,33.007,253.8,-1374.3,0.0,0,234149.1201,-1.0000
71.765,2100,1559,Running,22,0,1,99,1,4,1.0000,1559.1,0,54.160,54.160,33.653,1054.2,-4085.6,0.0,0,213412.6427,-1.0000
71.781,2017,1559,Running,21,0,1,99,1,4,1.0000,1559.1,0,54.160,54.160,33.653,139.6,-539.3,0.0,0,57131.1325,-1.0000
71.798,1946,1559,Running,21,0,1,99,1,4,1.0000,1559.1,0,54.160,54.160,33.653,332.5,-1284.5,0.0,0,142896.2414,-1.0000
71.815,1887,1559,Running,21,0,1,99,1,4,1.0000,1559.1,0,54.160,54.160,33.653,316.3,-1222.1,0.0,0,143867.9725,-1.0000
71.832,1836,1559,Running,21,0,1,99,1,4,1.0000,1559.1,0,54.160,54.160,33.653,308.7,-1192.6,0.0,0,148644.0268,-1.0000
71.848,1794,1559,Running,21,0,1,99,1,4,1.0000,1559.1,0,54.160,54.160,33.653,126.8,-489.7,0.0,0,180639.6103,-1.0000
71.865,1758,1559,Running,21,0,1,99,1,4,1.0000,1559.1,0,54.160,54.160,33.653,269.3,-1040.5,0.0,0,80325.9361,-1.0000
71.882,1727,1559,Running,21,0,1,99,1,4,1.0000,1559.1,0,54.160,54.160,33.653,308.2,-1190.7,0.0,0,117280.9759,-1.0000
71.898,1701,1559,Running,21,0,1,99,1,4,1.0000,1559.1,0,54.160,54.160,33.653,302.4,-1168.2,0.0,0,162255.7465,-1.0000
71.915,1679,1559,Running,21,0,1,99,1,4,1.0000,1559.1,0,54.160,54.160,33.653,303.2,-1171.3,0.0,0,184294.4926,-1.0000
71.932,1661,1559,Running,20,0,1,99,1,4,1.0000,1559.1,0,54.160,54.160,33.653,112.2,-433.6,0.0,0,99258.3751,-1.0000
71.948,1645,1559,Running,20,0,1,99,1,4,1.0000,1559.1,0,54.160,54.160,33.653,313.2,-1210.0,0.0,0,95117.6951,-1.0000
71.965,1634,1575,Running,20,0,1,99,1,4,1.0000,1575.2,0,54.720,54.720,34.001,273.3,-1055.7,0.0,0,180432.3802,-1.0000
71.981,1625,1577,Running,20,0,1,99,1,4,1.0000,1577.5,0,54.800,54.800,34.051,301.6,-1165.1,0.0,0,188723.0349,-1.0000
71.993,1618,1578,Running,19,0,1,99,1,4,1.0000,1577.5,0,54.800,54.800,34.051,215.2,-831.3,0.0,0,207694.0310,-1.0000
71.993,1612,1577,Running,19,0,1,99,1,4,1.0000,1577.5,0,54.800,54.800,34.051,205.2,-792.7,0.0,0,22235.4330,-1.0000
71.993,1606,1577,Running,19,0,1,99,1,4,1.0000,1577.5,0,54.800,54.800,34.051,292.2,-1128.9,0.0,0,147539.2931,-1.0000
72.048,1602,1577,Running,19,0,1,99,1,4,1.0000,1577.5,0,54.800,54.800,34.051,290.2,-1121.2,0.0,0,183698.6178,-1.0000
72.065,1598,1578,Running,19,0,1,99,1,4,1.0000,1577.5,0,54.800,54.800,34.051,311.5,-1203.6,0.0,0,177535.7937,-1.0000
72.081,1595,1577,Running,19,0,1,99,1,4,1.0000,1577.5,0,54.800,54.800,34.051,110.0,-424.8,0.0,0,111686.3038,-1.0000
72.098,1592,1578,Running,19,0,1,99,1,4,1.0000,1577.5,0,54.800,54.800,34.051,281.3,-1086.8,0.0,0,82456.2061,-1.0000
72.115,1590,1577,Running,17,0,1,99,1,4,1.0000,1577.5,0,54.800,54.800,34.051,277.8,-1073.2,0.0,0,180234.5341,-1.0000
72.132,1588,1577,Running,16,0,1,99,1,4,1.0000,1577.5,0,54.800,54.800,34.051,301.1,-1163.2,0.0,0,178380.0243,-1.0000
72.148,1586,1577,Running,16,0,1,99,1,4,1.0000,1577.5,0,54.800,54.800,34.051,244.4,-944.2,0.0,0,159635.3080,-1.0000
72.165,1585,1578,Running,15,0,1,99,1,4,1.0000,1577.5,0,54.800,54.800,34.051,138.1,-533.7,0.0,0,48348.6100,-1.0000
72.182,1584,1577,Running,15,0,1,99,1,4,1.0000,1577.5,0,54.800,54.800,34.051,263.9,-1019.7,0.0,0,144434.5966,-1.0000
72.198,1583,1577,Running,14,0,1,99,1,4,1.0000,1577.5,0,54.800,54.800,34.051,271.7,-1049.7,0.0,0,179067.4434,-1.0000
72.215,1582,1577,Running,14,0,1,99,1,4,1.0000,1577.5,0,54.800,54.800,34.051,272.6,-1053.1,0.0,0,130335.1205,-1.0000
72.232,1581,1577,Running,14,0,1,99,1,4,1.0000,1577.5,0,54.800,54.800,34.051,86.9,-335.6,0.0,0,129817.7471,-1.0000
72.248,1581,1577,Running,13,0,1,99,1,4,1.0000,1577.5,0,54.800,54.800,34.051,227.7,-879.6,0.0,0,72297.7092,-1.0000
72.265,1580,1577,Running,13,0,1,99,1,4,1.0000,1577.5,0,54.800,54.800,34.051,244.1,-942.9,0.0,0,157919.7509,-1.0000
72.281,1580,1577,Running,13,0,1,99,1,4,1.0000,1577.5,0,54.800,54.800,34.051,246.9,-953.9,0.0,0,123954.8083,-1.0000
72.298,1579,1577,Running,13,0,1,99,1,4,1.0000,1577.5,0,54.800,54.800,34.051,209.2,-808.1,0.0,0,137851.0190,-1.0000
72.315,1579,1577,Running,13,0,1,99,1,4,1.0000,1577.5,0,54.800,54.800,34.051,74.4,-287.4,0.0,0,55919.0664,-1.0000
72.331,1579,1577,Running,13,0,1,99,1,4,1.0000,1577.5,0,54.800,54.800,34.051,220.2,-850.8,0.0,0,120716.2261,-1.0000
72.348,1579,1577,Running,13,0,1,99,1,4,1.0000,1577.5,0,54.800,54.800,34.051,214.8,-829.9,0.0,0,135163.0262,-1.0000
72.365,1580,1594,Running,12,0,1,99,1,4,1.0000,1593.6,0,55.360,55.360,34.399,185.7,-717.3,0.0,0,118813.6266,-1.0000
72.381,1583,1596,Running,12,0,1,99,1,4,1.0000,1595.9,0,55.440,55.440,34.449,58.3,-225.1,0.0,0,126325.0612,-1.0000
72.398,1585,1596,Running,12,0,1,99,1,4,1.0000,1595.9,0,55.440,55.440,34.449,177.6,-686.3,0.0,0,66245.6096,-1.0000
72.415,1586,1596,Running,12,0,1,99,1,4,1.0000,1595.9,0,55.440,55.440,34.449,197.4,-762.5,0.0,0,122085.4442,-1.0000
72.431,1588,1596,Running,12,0,1,99,1,4,1.0000,1595.9,0,55.440,55.440,34.449,189.6,-732.6,0.0,0,104306.9403,-1.0000
72.448,1589,1596,Running,12,0,1,99,1,4,1.0000,1595.9,0,55.440,55.440,34.449,164.9,-637.1,0.0,0,124954.9846,-1.0000
72.465,1590,1596,Running,12,0,1,99,1,4,1.0000,1595.9,0,55.440,55.440,34.449,48.9,-188.9,0.0,0,51449.9861,-1.0000
72.481,1591,1596,Running,12,0,1,99,1,4,1.0000,1595.9,0,55.440,55.440,34.449,180.6,-697.7,0.0,0,101520.7000,-1.0000
72.498,1592,1596,Running,12,0,1,99,1,4,1.0000,1595.9,0,55.440,55.440,34.449,172.7,-667.2,0.0,0,124163.5478,-1.0000
72.515,1592,1596,Running,12,0,1,99,1,4,1.0000,1595.9,0,55.440,55.440,34.449,167.8,-648.2,0.0,0,105527.7917,-1.0000
72.531,1593,1596,Running,11,0,1,99,1,4,1.0000,1595.9,0,55.440,55.440,34.449,40.0,-154.6,0.0,0,107190.0404,-1.0000
72.548,1593,1596,Running,11,0,1,99,1,4,1.0000,1595.9,0,55.440,55.440,34.449,147.4,-569.5,0.0,0,60328.7205,-1.0000
72.565,1594,1598,Running,11,0,1,99,1,4,1.0000,1598.2,0,55.520,55.520,34.499,163.1,-630.1,0.0,0,109792.9965,-1.0000
72.581,1595,1598,Running,10,0,1,99,1,4,1.0000,1598.2,0,55.520,55.520,34.499,157.7,-609.2,0.0,0,94004.8401,-1.0000
72.598,1595,1598,Running,10,0,1,99,1,4,1.0000,1598.2,0,55.520,55.520,34.499,131.7,-508.8,0.0,0,111639.7893,-1.0000
72.615,1596,1598,Running,10,0,1,99,1,4,1.0000,1598.2,0,55.520,55.520,34.499,32.5,-125.8,0.0,0,43543.7934,-1.0000
72.631,1596,1598,Running,10,0,1,99,1,4,1.0000,1598.2,0,55.520,55.520,34.499,147.6,-570.2,0.0,0,85901.8357,-1.0000
72.648,1596,1598,Running,9,0,1,99,1,4,1.0000,1598.2,0,55.520,55.520,34.499,140.5,-542.7,0.0,0,116959.8274,-1.0000
72.665,1597,1598,Running,9,0,1,99,1,4,1.0000,1598.2,0,55.520,55.520,34.499,130.8,-505.2,0.0,0,90950.2346,-1.0000
72.681,1597,1598,Running,9,0,1,99,1,4,1.0000,1598.2,0,55.520,55.520,34.499,18.2,-70.1,0.0,0,85915.0497,-1.0000
72.698,1597,1598,Running,9,0,1,99,1,4,1.0000,1598.2,0,55.520,55.520,34.499,110.9,-428.5,0.0,0,52690.1961,-1.0000
72.715,1597,1598,Running,9,0,1,99,1,4,1.0000,1598.2,0,55.520,55.520,34.499,127.1,-491.0,0.0,0,93029.5174,-1.0000
72.732,1597,1598,Running,8,0,1,99,1,4,1.0000,1598.2,0,55.520,55.520,34.499,119.9,-463.3,0.0,0,85247.6230,-1.0000
72.748,1598,1598,Running,7,0,1,99,1,4,1.0000,1598.2,0,55.520,55.520,34.499,90.5,-349.5,0.0,0,93166.5161,-1.0000
72.765,1597,1594,Running,6,0,1,99,1,4,1.0000,1593.6,0,55.360,55.360,34.399,19.3,-74.5,0.0,0,31459.9040,-1.0000
72.782,1597,1594,Running,5,0,1,99,1,4,1.0000,1593.6,0,55.360,55.360,34.399,105.9,-409.0,0.0,0,64397.5463,-1.0000
72.798,1596,1594,Running,5,0,1,99,1,4,1.0000,1593.6,0,55.360,55.360,34.399,98.2,-379.5,0.0,0,103488.7708,-1.0000
72.815,1596,1594,Running,4,0,1,99,1,4,1.0000,1593.6,0,55.360,55.360,34.399,85.3,-329.4,0.0,0,72701.4405,-1.0000
72.832,1595,1594,Running,4,0,1,99,1,4,1.0000,1593.6,0,55.360,55.360,34.399,-7.7,29.7,0.0,0,58523.1599,-1.0000
72.848,1595,1594,Running,4,0,1,99,1,4,1.0000,1593.6,0,55.360,55.360,34.399,64.9,-250.7,0.0,0,42345.7075,-1.0000
72.865,1595,1594,Running,4,0,1,99,1,4,1.0000,1593.6,0,55.360,55.360,34.399,75.5,-291.6,0.0,0,63834.8982,-1.0000
72.882,1595,1594,Running,4,0,1,99,1,4,1.0000,1593.6,0,55.360,55.360,34.399,66.1,-255.5,0.0,0,68734.0050,-1.0000
72.898,1595,1594,Running,4,0,1,99,1,4,1.0000,1593.6,0,55.360,55.360,34.399,36.7,-142.0,0.0,0,65079.7512,-1.0000
72.915,1594,1594,Running,4,0,1,99,1,4,1.0000,1593.6,0,55.360,55.360,34.399,-17.0,65.7,0.0,0,16010.1891,-1.0000
72.931,1594,1594,Running,4,0,1,99,1,4,1.0000,1593.6,0,55.360,55.360,34.399,50.8,-196.3,0.0,0,31641.6493,-1.0000
72.948,1594,1594,Running,4,0,1,99,1,4,1.0000,1593.6,0,55.360,55.360,34.399,42.4,-163.9,0.0,0,74783.9909,-1.0000
72.965,1593,1582,Running,4,0,1,99,1,4,1.0000,1582.1,0,54.960,54.960,34.151,47.5,-183.5,0.0,0,53877.0822,-1.0000
72.981,1591,1582,Running,4,0,1,99,1,4,1.0000,1582.1,0,54.960,54.960,34.151,-34.6,133.8,0.0,0,28789.4397,-1.0000
72.998,1590,1582,Running,4,0,1,99,1,4,1.0000,1582.1,0,54.960,54.960,34.151,22.2,-85.8,0.0,0,32021.2944,-1.0000
73.015,1589,1582,Running,4,0,1,99,1,4,1.0000,1582.1,0,54.960,54.960,34.151,30.2,-116.5,0.0,0,32501.4377,-1.0000
73.031,1588,1582,Running,4,0,1,99,1,4,1.0000,1582.1,0,54.960,54.960,34.151,19.3,-74.4,0.0,0,48636.0996,-1.0000
73.048,1587,1582,Running,4,0,1,99,1,4,1.0000,1582.1,0,54.960,54.960,34.151,3.0,-11.6,0.0,0,43425.9811,-1.0000
73.065,1586,1582,Running,4,0,1,99,1,4,1.0000,1582.1,0,54.960,54.960,34.151,-36.1,139.3,0.0,0,10368.8341,-1.0000
73.082,1585,1582,Running,4,0,1,99,1,4,1.0000,1582.1,0,54.960,54.960,34.151,18.0,-69.6,0.0,0,10116.4159,-1.0000
73.098,1585,1582,Running,4,0,1,99,1,4,1.0000,1582.1,0,54.960,54.960,34.151,4.5,-17.4,0.0,0,56014.8960,-1.0000
73.115,1584,1582,Running,4,0,1,99,1,4,1.0000,1582.1,0,54.960,54.960,34.151,0.7,-2.7,0.0,0,38475.0903,-1.0000
73.131,1584,1582,Running,4,0,1,99,1,4,1.0000,1582.1,0,54.960,54.960,34.151,-44.2,170.9,0.0,0,26597.7566,-1.0000
73.148,1584,1582,Running,4,0,1,99,1,4,1.0000,1582.1,0,54.960,54.960,34.151,1.0,-3.7,0.0,0,24281.6454,-1.0000
73.165,1582,1566,Running,4,0,1,99,1,4,1.0000,1566.0,0,54.400,54.400,33.803,24.2,-93.6,0.0,0,16465.9936,-1.0000
73.181,1579,1566,Running,4,0,1,99,1,4,1.0000,1566.0,0,54.400,54.400,33.803,-8.3,32.0,0.0,0,32189.3355,-1.0000
73.198,1577,1566,Running,4,0,1,99,1,4,1.0000,1566.0,0,54.400,54.400,33.803,-8.5,33.0,0.0,0,37646.9633,-1.0000
73.215,1576,1566,Running,4,0,1,99,1,4,1.0000,1566.0,0,54.400,54.400,33.803,-40.9,158.2,0.0,0,9695.3470,-1.0000
73.232,1574,1566,Running,4,0,1,99,1,4,1.0000,1566.0,0,54.400,54.400,33.803,-7.2,27.7,0.0,0,8572.8988,-1.0000
73.249,1573,1566,Running,4,0,1,99,1,4,1.0000,1566.0,0,54.400,54.400,33.803,-16.3,63.1,0.0,0,36214.9608,-1.0000
73.265,1572,1566,Running,4,0,1,99,1,4,1.0000,1566.0,0,54.400,54.400,33.803,-6.5,25.1,0.0,0,35514.4350,-1.0000
73.280,1571,1566,Running,4,0,1,99,1,4,1.0000,1566.0,0,54.400,54.400,33.803,-36.1,139.5,0.0,0,43584.2543,-1.0000
73.298,1570,1566,Running,4,0,1,99,1,4,1.0000,1566.0,0,54.400,54.400,33.803,-22.3,86.3,0.0,0,8349.1057,-1.0000
73.315,1570,1566,Running,4,0,1,99,1,4,1.0000,1566.0,0,54.400,54.400,33.803,-15.3,59.3,0.0,0,1068.8031,-1.0000
73.332,1569,1566,Running,4,0,1,99,1,4,1.0000,1566.0,0,54.400,54.400,33.803,-13.8,53.2,0.0,0,34770.6495,-1.0000
73.348,1569,1566,Running,4,0,1,99,1,4,1.0000,1566.0,0,54.400,54.400,33.803,-6.1,23.5,0.0,0,42784.0941,-1.0000
73.365,1568,1566,Running,4,0,1,99,1,4,1.0000,1566.0,0,54.400,54.400,33.803,-53.0,204.8,0.0,0,5165.9487,-1.0000
73.382,1568,1566,Running,4,0,1,99,1,4,1.0000,1566.0,0,54.400,54.400,33.803,-23.3,90.1,0.0,0,20107.3005,-1.0000
73.398,1568,1566,Running,4,0,1,99,1,4,1.0000,1566.0,0,54.400,54.400,33.803,-13.3,51.4,0.0,0,24203.6370,-1.0000
73.415,1567,1566,Running,4,0,1,99,1,4,1.0000,1566.0,0,54.400,54.400,33.803,-3.9,15.1,0.0,0,41319.0751,-1.0000
73.432,1567,1566,Running,4,0,1,99,1,4,1.0000,1566.0,0,54.400,54.400,33.803,-31.1,120.3,0.0,0,43612.3931,-1.0000
73.448,1567,1566,Running,4,0,1,99,1,4,1.0000,1566.0,0,54.400,54.400,33.803,-48.1,185.8,0.0,0,190.5736,-1.0000
73.465,1567,1566,Running,4,0,1,99,1,4,1.0000,1566.0,0,54.400,54.400,33.803,-12.0,46.4,0.0,0,137.2961,-1.0000
73.481,1567,1566,Running,4,0,1,99,1,4,1.0000,1566.0,0,54.400,54.400,33.803,-12.2,47.3,0.0,0,48567.1294,-1.0000
73.498,1567,1566,Running,4,0,1,99,1,4,1.0000,1566.0,0,54.400,54.400,33.803,-17.6,67.8,0.0,0,39896.4975,-1.0000
73.515,1566,1566,Running,4,0,1,99,1,4,1.0000,1566.0,0,54.400,54.400,33.803,-59.5,229.7,0.0,0,10335.4142,-1.0000
73.531,1566,1566,Running,4,0,1,99,1,4,1.0000,1566.0,0,54.400,54.400,33.803,-18.5,71.4,0.0,0,30117.4429,-1.0000
73.548,1565,1545,Running,4,0,1,99,1,4,1.0000,1517.6,0,53.655,52.720,33.340,19.5,-75.2,0.0,0,17103.9027,-1.0000
73.565,1560,1523,Running,4,0,1,99,1,4,1.0000,1517.6,0,52.907,52.720,32.875,10.2,-39.6,0.0,0,33228.3133,-1.0000
73.581,1553,1518,Running,4,0,1,99,1,4,1.0000,1517.6,0,52.720,52.720,32.759,-14.8,57.3,0.0,0,32448.0223,-1.0000
73.598,1548,1518,Running,4,0,1,99,1,4,1.0000,1517.6,0,52.720,52.720,32.759,-46.2,178.5,0.0,0,9892.6362,-1.0000
73.615,1543,1518,Running,4,0,1,99,1,4,1.0000,1517.6,0,52.720,52.720,32.759,-21.0,81.0,0.0,0,12290.3228,-1.0000
73.632,1539,1518,Running,4,0,1,99,1,4,1.0000,1517.6,0,52.720,52.720,32.759,-23.4,90.2,0.0,0,28539.5070,-1.0000
73.648,1536,1518,Running,4,0,1,99,1,4,1.0000,1517.6,0,52.720,52.720,32.759,-5.9,22.8,0.0,0,40028.5218,-1.0000
73.665,1533,1518,Running,4,0,1,99,1,4,1.0000,1517.6,0,52.720,52.720,32.759,-32.4,125.3,0.0,0,46844.2526,-1.0000
73.682,1531,1518,Running,4,0,1,99,1,4,1.0000,1517.6,0,52.720,52.720,32.759,-48.4,187.1,0.0,0,-1373.0324,-1.0000
73.698,1529,1518,Running,4,0,1,99,1,4,1.0000,1517.6,0,52.720,52.720,32.759,-11.0,42.7,0.0,0,-31.4198,-1.0000
73.715,1527,1518,Running,4,0,1,99,1,4,1.0000,1517.6,0,52.720,52.720,32.759,-15.3,59.2,0.0,0,51113.4818,-1.0000
73.732,1524,1496,Running,4,0,1,99,1,4,0.9969,1485.4,0,51.971,51.600,32.294,9.1,-35.0,0.0,0,32859.6310,-1.0000
73.748,1518,1485,Running,4,0,1,99,1,4,0.9969,1485.4,0,51.600,51.600,32.063,-36.2,139.7,0.0,0,31168.7932,-1.0000
73.765,1513,1485,Running,4,0,1,99,1,4,0.9969,1485.4,0,51.600,51.600,32.063,-17.8,68.8,0.0,0,20938.1067,-1.0000
73.782,1509,1485,Running,4,0,1,99,1,4,0.9969,1485.4,0,51.600,51.600,32.063,-19.9,76.8,0.0,0,-675.7772,-1.0000
73.798,1505,1485,Running,4,0,1,99,1,4,0.9969,1485.4,0,51.600,51.600,32.063,-12.8,49.3,0.0,0,38312.1172,-1.0000
73.815,1502,1485,Running,4,0,1,99,1,4,0.9969,1485.4,0,51.600,51.600,32.063,-11.6,44.7,0.0,0,44734.0868,-1.0000
73.832,1500,1485,Running,4,0,1,99,1,4,0.9969,1485.4,0,51.600,51.600,32.063,-61.9,239.2,0.0,0,10375.8292,-1.0000
73.848,1497,1485,Running,4,0,1,99,1,4,0.9969,1485.4,0,51.600,51.600,32.063,-13.2,50.9,0.0,0,33249.1067,-1.0000
73.865,1496,1485,Running,4,0,1,99,1,4,0.9969,1485.4,0,51.600,51.600,32.063,-11.1,42.8,0.0,0,15336.2184,-1.0000
73.882,1494,1485,Running,4,0,1,99,1,4,0.9969,1485.4,0,51.600,51.600,32.063,-20.6,79.4,0.0,0,30427.8638,-1.0000
73.898,1493,1485,Running,5,0,1,99,1,4,0.9969,1485.4,0,51.600,51.600,32.063,-7.7,29.7,0.0,0,46029.8175,-1.0000
73.915,1490,1465,Running,5,0,1,99,1,4,0.9921,1464.7,0,50.880,50.880,31.615,-26.6,102.7,0.0,0,9325.9310,-1.0000
73.932,1486,1465,Running,5,0,1,99,1,4,0.9921,1464.7,0,50.880,50.880,31.615,-22.1,85.4,0.0,0,29721.0074,-1.0000
73.948,1482,1462,Running,5,0,1,99,1,4,0.9915,1462.4,0,50.800,50.800,31.566,2.3,-9.0,0.0,0,23852.3936,-1.0000
73.965,1479,1462,Running,5,0,1,99,1,4,0.9915,1462.4,0,50.800,50.800,31.566,-14.9,57.5,0.0,0,35450.6159,-1.0000
73.982,1477,1462,Running,5,0,1,99,1,4,0.9915,1462.4,0,50.800,50.800,31.566,-13.3,51.3,0.0,0,40917.4684,-1.0000
73.998,1474,1462,Running,5,0,1,99,1,4,0.9915,1462.4,0,50.800,50.800,31.566,-46.0,177.8,0.0,0,13180.3220,-1.0000
74.015,1473,1462,Running,6,0,1,99,1,4,0.9915,1462.4,0,50.800,50.800,31.566,-20.8,80.2,0.0,0,25278.0560,-1.0000
74.032,1471,1462,Running,6,0,1,99,1,4,0.9915,1462.4,0,50.800,50.800,31.566,-1.0,4.0,0.0,0,31129.7275,-1.0000
74.048,1470,1462,Running,6,0,1,99,1,4,0.9915,1462.4,0,50.800,50.800,31.566,-2.9,11.3,0.0,0,45977.0326,-1.0000
74.065,1469,1462,Running,6,0,1,99,1,4,0.9915,1462.4,0,50.800,50.800,31.566,-16.1,62.2,0.0,0,38335.8698,-1.0000
74.082,1468,1462,Running,6,0,1,99,1,4,0.9915,1462.4,0,50.800,50.800,31.566,-40.8,157.7,0.0,0,17968.0683,-1.0000
74.098,1467,1462,Running,6,0,1,99,1,4,0.9915,1462.4,0,50.800,50.800,31.566,-12.6,48.9,0.0,0,22979.6919,-1.0000
74.115,1466,1462,Running,6,0,1,99,1,4,0.9915,1462.4,0,50.800,50.800,31.566,-5.4,21.0,0.0,0,36752.8618,-1.0000
74.132,1464,1442,Running,6,0,1,99,1,4,0.9846,1441.6,0,50.080,50.080,31.118,37.9,-146.5,0.0,0,52229.4676,-1.0000
74.148,1460,1442,Running,6,0,1,99,1,4,0.9846,1441.6,0,50.080,50.080,31.118,-15.2,58.9,0.0,0,38262.6150,-1.0000
74.165,1458,1442,Running,6,1,1,99,1,4,0.9846,1441.6,0,50.080,50.080,31.118,-40.1,155.0,0.0,0,17675.5058,-1.0000
74.182,1455,1442,Running,6,1,1,99,1,4,0.9846,1441.6,0,50.080,50.080,31.118,-5.0,19.3,0.0,0,22435.4945,-1.0000
74.198,1453,1442,Running,6,1,1,99,1,4,0.9846,1441.6,0,50.080,50.080,31.118,-4.9,19.1,0.0,0,38499.4039,-1.0000
74.215,1451,1442,Running,6,1,1,99,1,4,0.9846,1441.6,0,50.080,50.080,31.118,14.8,-57.4,0.0,0,54610.5890,-1.0000
74.232,1450,1442,Running,6,1,1,99,1,4,0.9846,1441.6,0,50.080,50.080,31.118,-12.9,50.0,0.0,0,40547.6316,-1.0000
74.249,1447,1430,Running,6,1,1,99,1,4,0.9801,1430.1,0,49.680,49.680,30.870,-23.3,90.1,0.0,0,18374.1116,-1.0000
74.265,1445,1430,Running,6,1,1,99,1,4,0.9801,1430.1,0,49.680,49.680,30.870,-1.3,5.1,0.0,0,23127.7141,-1.0000
74.282,1442,1430,Running,6,1,1,99,1,4,0.9801,1430.1,0,49.680,49.680,30.870,-1.7,6.7,0.0,0,40068.9062,-1.0000
74.298,1440,1430,Running,6,1,1,99,1,4,0.9801,1430.1,0,49.680,49.680,30.870,17.4,-67.4,0.0,0,55685.9602,-1.0000
74.315,1439,1430,Running,6,1,1,99,1,4,0.9801,1430.1,0,49.680,49.680,30.870,-9.9,38.1,0.0,0,40462.0748,-1.0000
74.332,1438,1430,Running,6,1,1,99,1,4,0.9801,1430.1,0,49.680,49.680,30.870,-36.8,142.1,0.0,0,20658.9399,-1.0000
74.348,1436,1430,Running,6,1,1,99,1,4,0.9801,1430.1,0,49.680,49.680,30.870,-1.2,4.6,0.0,0,24953.2369,-1.0000
74.365,1435,1430,Running,6,1,1,99,1,4,0.9801,1430.1,0,49.680,49.680,30.870,3.9,-15.1,0.0,0,42796.0750,-1.0000
74.382,1435,1430,Running,6,1,1,99,1,4,0.9801,1430.1,0,49.680,49.680,30.870,18.5,-71.6,0.0,0,56730.9673,-1.0000
74.398,1434,1430,Running,6,1,1,99,1,4,0.9801,1430.1,0,49.680,49.680,30.870,-5.9,22.9,0.0,0,41968.5130,-1.0000
74.415,1433,1430,Running,6,1,1,99,1,4,0.9801,1430.1,0,49.680,49.680,30.870,-34.5,133.2,0.0,0,22752.6727,-1.0000
74.432,1431,1412,Running,6,1,1,99,1,4,0.9716,1411.7,0,49.040,49.040,30.472,24.2,-93.6,0.0,0,26191.2726,-1.0000
74.448,1428,1412,Running,6,1,1,99,1,4,0.9716,1411.7,0,49.040,49.040,30.472,12.4,-48.0,0.0,0,44318.9445,-1.0000
74.465,1426,1412,Running,7,1,1,99,1,4,0.9716,1411.7,0,49.040,49.040,30.472,17.3,-66.7,0.0,0,51776.1379,-1.0000
74.482,1423,1412,Running,7,1,1,99,1,4,0.9716,1411.7,0,49.040,49.040,30.472,1.4,-5.2,0.0,0,46832.9405,-1.0000
74.499,1422,1412,Running,7,1,1,99,1,4,0.9716,1411.7,0,49.040,49.040,30.472,-33.9,130.8,0.0,0,22317.9846,-1.0000
74.515,1420,1412,Running,7,1,1,99,1,4,0.9716,1411.7,0,49.040,49.040,30.472,-1.5,5.8,0.0,0,31940.6078,-1.0000
74.532,1419,1412,Running,7,1,1,99,1,4,0.9716,1411.7,0,49.040,49.040,30.472,25.3,-97.9,0.0,0,45227.7740,-1.0000
74.548,1418,1412,Running,7,1,1,99,1,4,0.9716,1411.7,0,49.040,49.040,30.472,11.7,-45.0,0.0,0,44846.7051,-1.0000
74.565,1417,1412,Running,8,1,1,99,1,4,0.9716,1411.7,0,49.040,49.040,30.472,16.1,-62.3,0.0,0,59360.0122,-1.0000
74.582,1416,1412,Running,9,1,1,99,1,4,0.9716,1411.7,0,49.040,49.040,30.472,-39.4,152.4,0.0,0,22363.5076,-1.0000
74.598,1415,1412,Running,10,1,1,99,1,4,0.9716,1411.7,0,49.040,49.040,30.472,7.1,-27.3,0.0,0,40773.8856,-1.0000
74.615,1477,1978,Running,10,1,1,99,1,3,1.0000,1978.4,0,49.040,49.040,30.472,-765.3,4143.7,0.0,0,61557.5295,-1.0000
74.632,1554,1978,Running,11,1,1,99,1,3,1.0000,1978.4,0,49.040,49.040,30.472,5.8,-31.5,0.0,0,114469.3782,-1.0000
74.648,1620,1978,Running,11,1,1,99,1,3,1.0000,1978.4,0,49.040,49.040,30.472,-33.1,179.4,0.0,0,95913.3726,-1.0000
74.665,1675,1978,Running,11,1,1,99,1,3,1.0000,1978.4,0,49.040,49.040,30.472,16.4,-89.0,0.0,0,76493.0972,-1.0000
74.682,1721,1978,Running,11,1,1,99,1,3,1.0000,1978.4,0,49.040,49.040,30.472,20.2,-109.4,0.0,0,118962.5252,-1.0000
74.698,1761,1978,Running,13,1,1,99,1,3,1.0000,1978.4,0,49.040,49.040,30.472,25.1,-135.8,0.0,0,111968.4881,-1.0000
74.715,1794,1978,Running,15,1,1,99,1,3,1.0000,1978.4,0,49.040,49.040,30.472,-22.7,122.8,0.0,0,69856.8576,-1.0000
74.732,1823,1978,Running,16,1,1,99,1,3,1.0000,1978.4,0,49.040,49.040,30.472,38.1,-206.4,0.0,0,97712.2574,-1.0000
74.748,1847,1978,Running,17,1,1,99,1,3,1.0000,1978.4,0,49.040,49.040,30.472,46.6,-252.4,0.0,0,134068.6690,-1.0000
74.765,1867,1978,Running,17,1,1,99,1,3,1.0000,1978.4,0,49.040,49.040,30.472,11.0,-59.4,0.0,0,153433.3839,-1.0000
74.782,1884,1978,Running,18,1,1,99,1,3,1.0000,1978.4,0,49.040,49.040,30.472,34.7,-187.7,0.0,0,59997.9898,-1.0000
74.798,1899,1978,Running,18,1,1,99,1,3,1.0000,1978.4,0,49.040,49.040,30.472,76.6,-415.0,0.0,0,122341.6256,-1.0000
74.815,1911,1978,Running,18,1,1,99,1,3,1.0000,1978.4,0,49.040,49.040,30.472,97.4,-527.3,0.0,0,155935.0075,-1.0000
74.832,1921,1978,Running,18,1,1,99,1,3,1.0000,1978.4,0,49.040,49.040,30.472,18.2,-98.6,0.0,0,132593.1199,-1.0000
74.848,1930,1978,Running,19,1,1,99,1,3,1.0000,1978.4,0,49.040,49.040,30.472,104.1,-563.4,0.0,0,127368.1630,-1.0000
74.865,1937,1978,Running,19,1,1,99,1,3,1.0000,1978.4,0,49.040,49.040,30.472,115.6,-626.1,0.0,0,170836.6862,-1.0000
74.882,1944,1978,Running,19,1,1,99,1,3,1.0000,1978.4,0,49.040,49.040,30.472,133.6,-723.2,0.0,0,173944.9566,-1.0000
74.898,1949,1978,Running,19,1,1,99,1,3,1.0000,1978.4,0,49.040,49.040,30.472,48.7,-263.9,0.0,0,113650.0719,-1.0000
74.915,1954,1978,Running,19,1,1,99,1,3,1.0000,1978.4,0,49.040,49.040,30.472,143.4,-776.5,0.0,0,170666.3619,-1.0000
74.932,1957,1978,Running,18,1,1,99,1,3,1.0000,1978.4,0,49.040,49.040,30.472,149.9,-811.5,0.0,0,205420.9811,-1.0000
74.948,1958,1953,Running,18,1,1,99,1,3,1.0000,1952.6,0,48.400,48.400,30.074,112.7,-610.2,0.0,0,197464.3213,-1.0000
74.965,1958,1953,Running,18,1,1,99,1,3,1.0000,1952.6,0,48.400,48.400,30.074,139.9,-757.4,0.0,0,84376.4137,-1.0000
74.982,1957,1953,Running,18,1,1,99,1,3,1.0000,1952.6,0,48.400,48.400,30.074,172.2,-932.5,0.0,0,179116.5610,-1.0000
74.998,1956,1953,Running,18,1,1,99,1,3,1.0000,1952.6,0,48.400,48.400,30.074,180.5,-977.4,0.0,0,195611.7729,-1.0000
75.015,1956,1953,Running,18,1,1,99,1,3,1.0000,1952.6,0,48.400,48.400,30.074,59.7,-323.2,0.0,0,158483.6547,-1.0000
75.032,1955,1953,Running,18,1,1,99,1,3,1.0000,1952.6,0,48.400,48.400,30.074,171.5,-928.8,0.0,0,152852.0589,-1.0000
75.048,1955,1953,Running,18,1,1,99,1,3,1.0000,1952.6,0,48.400,48.400,30.074,176.3,-954.7,0.0,0,190894.5994,-1.0000
75.065,1954,1953,Running,18,1,1,99,1,3,1.0000,1952.6,0,48.400,48.400,30.074,187.3,-1014.1,0.0,0,190327.7988,-1.0000
75.082,1954,1953,Running,18,1,1,99,1,3,1.0000,1952.6,0,48.400,48.400,30.074,76.3,-413.1,0.0,0,116703.8360,-1.0000
75.098,1954,1953,Running,18,1,1,99,1,3,1.0000,1952.6,0,48.400,48.400,30.074,182.9,-990.4,0.0,0,177878.4310,-1.0000
75.115,1954,1953,Running,18,1,1,99,1,3,1.0000,1952.6,0,48.400,48.400,30.074,186.1,-1007.4,0.0,0,209170.9595,-1.0000
75.132,1954,1953,Running,18,1,1,99,1,3,1.0000,1952.6,0,48.400,48.400,30.074,108.3,-586.4,0.0,0,225786.9258,-1.0000
75.148,1955,1962,Running,18,1,1,99,1,3,1.0000,1962.3,0,48.640,48.640,30.223,134.8,-729.8,0.0,0,78247.1040,-1.0000
75.165,1956,1962,Running,18,1,1,99,1,3,1.0000,1962.3,0,48.640,48.640,30.223,192.2,-1040.5,0.0,0,178545.5730,-1.0000
75.182,1957,1966,Running,18,1,1,99,1,3,1.0000,1965.5,0,48.720,48.720,30.273,196.1,-1061.7,0.0,0,198152.2400,-1.0000
75.198,1959,1966,Running,18,1,1,99,1,3,1.0000,1965.5,0,48.720,48.720,30.273,73.7,-399.0,0.0,0,166251.0225,-1.0000
75.215,1960,1966,Running,18,1,1,99,1,3,1.0000,1965.5,0,48.720,48.720,30.273,185.2,-1002.6,0.0,0,149414.9933,-1.0000
75.232,1961,1966,Running,18,1,1,99,1,3,1.0000,1965.5,0,48.720,48.720,30.273,189.1,-1023.9,0.0,0,196621.9211,-1.0000
75.248,1961,1966,Running,18,1,1,99,1,3,1.0000,1965.5,0,48.720,48.720,30.273,198.8,-1076.5,0.0,0,191332.5927,-1.0000
75.265,1962,1966,Running,18,1,1,99,1,3,1.0000,1965.5,0,48.720,48.720,30.273,83.6,-452.8,0.0,0,115824.2425,-1.0000
75.282,1963,1966,Running,18,1,1,99,1,3,1.0000,1965.5,0,48.720,48.720,30.273,192.4,-1041.9,0.0,0,181013.1780,-1.0000
75.298,1963,1966,Running,17,1,1,99,1,3,1.0000,1965.5,0,48.720,48.720,30.273,192.8,-1044.0,0.0,0,212607.2338,-1.0000
75.315,1963,1966,Running,17,1,1,99,1,3,1.0000,1965.5,0,48.720,48.720,30.273,108.1,-585.5,0.0,0,212688.5611,-1.0000
75.332,1965,1975,Running,17,1,1,99,1,3,1.0000,1975.2,0,48.960,48.960,30.422,148.7,-805.2,0.0,0,77147.1556,-1.0000
75.348,1967,1975,Running,17,1,1,99,1,3,1.0000,1975.2,0,48.960,48.960,30.422,194.0,-1050.3,0.0,0,184189.2986,-1.0000
75.365,1968,1975,Running,16,1,1,99,1,3,1.0000,1975.2,0,48.960,48.960,30.422,196.9,-1066.2,0.0,0,200168.2465,-1.0000
75.382,1969,1975,Running,16,1,1,99,1,3,1.0000,1975.2,0,48.960,48.960,30.422,69.2,-374.7,0.0,0,147808.6220,-1.0000
75.398,1970,1975,Running,16,1,1,99,1,3,1.0000,1975.2,0,48.960,48.960,30.422,178.8,-968.0,0.0,0,149204.2145,-1.0000
75.415,1971,1975,Running,16,1,1,99,1,3,1.0000,1975.2,0,48.960,48.960,30.422,182.0,-985.3,0.0,0,182558.2000,-1.0000
75.432,1971,1975,Running,16,1,1,99,1,3,1.0000,1975.2,0,48.960,48.960,30.422,178.3,-965.3,0.0,0,191313.7935,-1.0000
75.448,1972,1975,Running,16,1,1,99,1,3,1.0000,1975.2,0,48.960,48.960,30.422,80.9,-438.1,0.0,0,111585.4299,-1.0000
75.465,1973,1975,Running,16,1,1,99,1,3,1.0000,1975.2,0,48.960,48.960,30.422,171.0,-925.7,0.0,0,179003.3099,-1.0000
75.482,1973,1975,Running,15,1,1,99,1,3,1.0000,1975.2,0,48.960,48.960,30.422,174.3,-943.7,0.0,0,183190.4592,-1.0000
75.498,1973,1975,Running,14,1,1,99,1,3,1.0000,1975.2,0,48.960,48.960,30.422,81.9,-443.7,0.0,0,170008.6022,-1.0000
75.515,1975,1985,Running,14,1,1,99,1,3,1.0000,1984.9,0,49.200,49.200,30.571,144.9,-784.4,0.0,0,79813.5146,-1.0000
75.532,1976,1985,Running,13,1,1,99,1,3,1.0000,1984.9,0,49.200,49.200,30.571,163.3,-884.0,0.0,0,188412.6767,-1.0000
75.548,1978,1985,Running,12,1,1,99,1,3,1.0000,1984.9,0,49.200,49.200,30.571,163.2,-883.4,0.0,0,195599.8911,-1.0000
75.565,1979,1985,Running,12,0,1,99,1,3,1.0000,1984.9,0,49.200,49.200,30.571,47.4,-256.7,0.0,0,91122.8168,-1.0000
75.582,1980,1985,Running,12,0,1,99,1,3,1.0000,1984.9,0,49.200,49.200,30.571,148.3,-802.8,0.0,0,136248.1017,-1.0000
75.598,1981,1985,Running,12,0,1,99,1,3,1.0000,1984.9,0,49.200,49.200,30.571,145.4,-787.4,0.0,0,165088.3782,-1.0000
75.615,1981,1985,Running,12,0,1,99,1,3,1.0000,1984.9,0,49.200,49.200,30.571,102.6,-555.6,0.0,0,199032.6658,-1.0000
75.632,1982,1985,Running,11,0,1,99,1,3,1.0000,1984.9,0,49.200,49.200,30.571,70.0,-379.3,0.0,0,73450.0099,-1.0000
75.649,1982,1985,Running,11,0,1,99,1,3,1.0000,1984.9,0,49.200,49.200,30.571,116.6,-631.5,0.0,0,117813.4982,-1.0000
75.665,1983,1985,Running,11,0,1,99,1,3,1.0000,1984.9,0,49.200,49.200,30.571,126.3,-683.7,0.0,0,145760.7069,-1.0000
75.682,1983,1985,Running,10,0,1,99,1,3,1.0000,1984.9,0,49.200,49.200,30.571,36.4,-197.0,0.0,0,119609.6122,-1.0000
75.698,1983,1985,Running,8,0,1,99,1,3,1.0000,1984.9,0,49.200,49.200,30.571,106.5,-576.6,0.0,0,90767.1634,-1.0000
75.715,1984,1991,Running,7,0,1,99,1,3,1.0000,1991.3,0,49.360,49.360,30.671,84.2,-456.0,0.0,0,144923.1718,-1.0000
75.732,1985,1991,Running,7,0,1,99,1,3,1.0000,1991.3,0,49.360,49.360,30.671,92.3,-499.8,0.0,0,127858.1216,-1.0000
75.748,1986,1991,Running,6,0,1,99,1,3,1.0000,1991.3,0,49.360,49.360,30.671,16.8,-91.0,0.0,0,70387.0184,-1.0000
75.765,1987,1991,Running,6,0,1,99,1,3,1.0000,1991.3,0,49.360,49.360,30.671,79.1,-428.4,0.0,0,106878.1259,-1.0000
75.782,1988,1991,Running,6,0,1,99,1,3,1.0000,1991.3,0,49.360,49.360,30.671,69.6,-376.9,0.0,0,124515.0153,-1.0000
75.798,1988,1991,Running,6,0,1,99,1,3,1.0000,1991.3,0,49.360,49.360,30.671,2.7,-14.8,0.0,0,96098.0877,-1.0000
75.815,1989,1991,Running,6,0,1,99,1,3,1.0000,1991.3,0,49.360,49.360,30.671,41.8,-226.1,0.0,0,38279.6130,-1.0000
75.832,1989,1991,Running,5,0,1,99,1,3,1.0000,1991.3,0,49.360,49.360,30.671,49.8,-269.8,0.0,0,97909.7948,-1.0000
75.848,1990,1991,Running,5,0,1,99,1,3,1.0000,1991.3,0,49.360,49.360,30.671,45.5,-246.3,0.0,0,105969.1829,-1.0000
75.865,1990,1991,Running,5,0,1,99,1,3,1.0000,1991.3,0,49.360,49.360,30.671,-24.2,131.0,0.0,0,38011.8744,-1.0000
75.882,1989,1982,Running,5,0,1,99,1,3,1.0000,1981.7,0,49.120,49.120,30.522,36.3,-196.4,0.0,0,49238.3871,-1.0000
75.898,1987,1978,Running,5,0,1,99,1,3,1.0000,1978.4,0,49.040,49.040,30.472,28.0,-151.4,0.0,0,84138.8903,-1.0000
75.915,1986,1978,Running,5,0,1,99,1,3,1.0000,1978.4,0,49.040,49.040,30.472,5.7,-30.9,0.0,0,94943.6970,-1.0000
75.932,1985,1978,Running,5,0,1,99,1,3,1.0000,1978.4,0,49.040,49.040,30.472,-16.8,91.2,0.0,0,24773.7498,-1.0000
75.948,1984,1978,Running,5,0,1,99,1,3,1.0000,1978.4,0,49.040,49.040,30.472,2.0,-11.1,0.0,0,38180.7210,-1.0000
75.965,1983,1978,Running,5,0,1,99,1,3,1.0000,1978.4,0,49.040,49.040,30.472,5.3,-28.8,0.0,0,65521.7004,-1.0000
75.982,1982,1978,Running,5,0,1,99,1,3,1.0000,1978.4,0,49.040,49.040,30.472,-35.0,189.6,0.0,0,39298.3580,-1.0000
75.998,1982,1978,Running,5,0,1,99,1,3,1.0000,1978.4,0,49.040,49.040,30.472,-0.8,4.5,0.0,0,30923.0860,-1.0000
76.015,1981,1978,Running,5,0,1,99,1,3,1.0000,1978.4,0,49.040,49.040,30.472,-5.1,27.8,0.0,0,60413.7443,-1.0000
76.032,1981,1978,Running,5,0,1,99,1,3,1.0000,1978.4,0,49.040,49.040,30.472,-10.5,57.0,0.0,0,58437.7706,-1.0000
76.048,1980,1978,Running,5,0,1,99,1,3,1.0000,1978.4,0,49.040,49.040,30.472,-47.9,259.6,0.0,0,24082.6544,-1.0000
76.065,1980,1978,Running,5,0,1,99,1,3,1.0000,1978.4,0,49.040,49.040,30.472,-9.3,50.4,0.0,0,31847.8423,-1.0000
76.082,1980,1978,Running,5,0,1,99,1,3,1.0000,1978.4,0,49.040,49.040,30.472,-10.2,55.0,0.0,0,58289.8937,-1.0000
76.098,1980,1978,Running,5,0,1,99,1,3,1.0000,1978.4,0,49.040,49.040,30.472,-40.8,221.1,0.0,0,55582.5666,-1.0000
76.115,1977,1956,Running,5,0,1,99,1,3,1.0000,1955.8,0,48.480,48.480,30.124,-0.9,4.8,0.0,0,11986.0350,-1.0000
76.132,1974,1956,Running,5,0,1,99,1,3,1.0000,1955.8,0,48.480,48.480,30.124,-20.2,109.4,0.0,0,25502.1908,-1.0000
76.148,1971,1956,Running,5,0,1,99,1,3,1.0000,1955.8,0,48.480,48.480,30.124,-14.3,77.3,0.0,0,55218.7498,-1.0000
76.165,1969,1956,Running,5,0,1,99,1,3,1.0000,1955.8,0,48.480,48.480,30.124,-49.5,268.1,0.0,0,19691.6807,-1.0000
76.182,1967,1956,Running,5,0,1,99,1,3,1.0000,1955.8,0,48.480,48.480,30.124,-21.0,113.5,0.0,0,20663.9973,-1.0000
76.199,1965,1956,Running,5,0,1,99,1,3,1.0000,1955.8,0,48.480,48.480,30.124,-25.7,139.2,0.0,0,50771.0857,-1.0000
76.215,1964,1956,Running,5,0,1,99,1,3,1.0000,1955.8,0,48.480,48.480,30.124,-26.1,141.2,0.0,0,50230.4815,-1.0000
76.232,1962,1956,Running,5,0,1,99,1,3,1.0000,1955.8,0,48.480,48.480,30.124,-55.0,297.5,0.0,0,23113.0973,-1.0000
76.248,1961,1956,Running,5,0,1,99,1,3,1.0000,1955.8,0,48.480,48.480,30.124,-22.1,119.7,0.0,0,24028.5717,-1.0000
76.265,1961,1956,Running,5,0,1,99,1,3,1.0000,1955.8,0,48.480,48.480,30.124,-23.0,124.5,0.0,0,51791.4411,-1.0000
76.282,1960,1956,Running,6,0,1,99,1,3,1.0000,1955.8,0,48.480,48.480,30.124,-47.2,255.4,0.0,0,53422.0725,-1.0000
76.298,1957,1930,Running,6,0,1,99,1,3,1.0000,1930.0,0,47.840,47.840,29.726,-4.1,22.2,0.0,0,11090.5581,-1.0000
76.315,1953,1930,Running,6,0,1,99,1,3,1.0000,1930.0,0,47.840,47.840,29.726,-28.7,155.5,0.0,0,20561.4603,-1.0000
76.332,1949,1930,Running,6,0,1,99,1,3,1.0000,1930.0,0,47.840,47.840,29.726,-22.5,121.6,0.0,0,50776.0292,-1.0000
76.348,1946,1930,Running,6,0,1,99,1,3,1.0000,1930.0,0,47.840,47.840,29.726,-53.6,290.1,0.0,0,23946.3934,-1.0000
76.365,1944,1930,Running,7,0,1,99,1,3,1.0000,1930.0,0,47.840,47.840,29.726,-24.9,134.9,0.0,0,28124.9793,-1.0000
76.382,1942,1930,Running,7,0,1,99,1,3,1.0000,1930.0,0,47.840,47.840,29.726,-22.2,120.2,0.0,0,51123.1322,-1.0000
76.398,1940,1930,Running,7,0,1,99,1,3,1.0000,1930.0,0,47.840,47.840,29.726,-22.7,123.0,0.0,0,52329.7831,-1.0000
76.415,1938,1930,Running,7,0,1,99,1,3,1.0000,1930.0,0,47.840,47.840,29.726,-56.6,306.7,0.0,0,23667.3316,-1.0000
76.432,1937,1930,Running,7,0,1,99,1,3,1.0000,1930.0,0,47.840,47.840,29.726,-22.8,123.3,0.0,0,22025.0982,-1.0000
76.448,1936,1930,Running,7,0,1,99,1,3,1.0000,1930.0,0,47.840,47.840,29.726,-21.0,113.6,0.0,0,60250.2137,-1.0000
76.465,1935,1930,Running,7,0,1,99,1,3,1.0000,1930.0,0,47.840,47.840,29.726,-23.4,126.6,0.0,0,66397.7647,-1.0000
76.482,1934,1930,Running,7,0,1,99,1,3,1.0000,1930.0,0,47.840,47.840,29.726,-44.6,241.6,0.0,0,30814.7175,-1.0000
76.498,1931,1901,Running,7,0,1,99,1,3,1.0000,1901.0,0,47.120,47.120,29.279,22.9,-123.7,0.0,0,29099.4531,-1.0000
76.515,1927,1901,Running,7,0,1,99,1,3,1.0000,1901.0,0,47.120,47.120,29.279,-15.3,82.7,0.0,0,56513.2741,-1.0000
76.532,1923,1901,Running,7,0,1,99,1,3,1.0000,1901.0,0,47.120,47.120,29.279,-47.6,257.9,0.0,0,54844.9021,-1.0000
76.537,1919,1901,Running,7,0,1,99,1,3,1.0000,1901.0,0,47.120,47.120,29.279,-25.8,139.5,0.0,0,26576.2986,-1.0000
76.565,1917,1901,Running,7,0,1,99,1,3,1.0000,1901.0,0,47.120,47.120,29.279,-15.6,84.4,0.0,0,37480.7462,-1.0000
76.582,1914,1901,Running,7,0,1,99,1,3,1.0000,1901.0,0,47.120,47.120,29.279,-9.0,48.7,0.0,0,64907.9257,-1.0000
76.598,1911,1888,Running,7,0,1,99,1,3,1.0000,1888.1,0,46.800,46.800,29.080,-29.4,159.0,0.0,0,37086.2209,-1.0000
76.615,1907,1888,Running,7,0,1,99,1,3,1.0000,1888.1,0,46.800,46.800,29.080,-13.2,71.4,0.0,0,38064.8445,-1.0000
76.632,1904,1888,Running,7,0,1,99,1,3,1.0000,1888.1,0,46.800,46.800,29.080,-9.7,52.4,0.0,0,62598.6720,-1.0000
76.648,1902,1888,Running,7,0,1,99,1,3,1.0000,1888.1,0,46.800,46.800,29.080,-7.1,38.4,0.0,0,67092.3725,-1.0000
76.665,1900,1888,Running,7,0,1,99,1,3,1.0000,1888.1,0,46.800,46.800,29.080,-47.6,257.6,0.0,0,29864.7235,-1.0000
76.682,1898,1888,Running,7,0,1,99,1,3,1.0000,1888.1,0,46.800,46.800,29.080,-10.8,58.5,0.0,0,30487.9084,-1.0000
76.698,1896,1888,Running,7,0,1,99,1,3,1.0000,1888.1,0,46.800,46.800,29.080,-12.7,69.0,0.0,0,71359.4738,-1.0000
76.715,1895,1888,Running,7,0,1,99,1,3,1.0000,1888.1,0,46.800,46.800,29.080,-8.8,47.5,0.0,0,69182.1259,-1.0000
76.732,1894,1888,Running,7,0,1,99,1,3,1.0000,1888.1,0,46.800,46.800,29.080,-46.1,249.4,0.0,0,35605.0386,-1.0000
76.748,1893,1888,Running,7,0,1,99,1,3,1.0000,1888.1,0,46.800,46.800,29.080,-5.7,31.0,0.0,0,40653.2971,-1.0000
76.765,1892,1888,Running,7,0,1,99,1,3,1.0000,1888.1,0,46.800,46.800,29.080,-5.6,30.1,0.0,0,71062.9969,-1.0000
76.782,1892,1888,Running,7,0,1,99,1,3,1.0000,1888.1,0,46.800,46.800,29.080,-15.3,83.0,0.0,0,79503.4907,-1.0000
76.798,1891,1888,Running,7,0,1,99,1,3,1.0000,1888.1,0,46.800,46.800,29.080,-34.6,187.4,0.0,0,35313.0063,-1.0000
76.815,1891,1888,Running,7,0,1,99,1,3,1.0000,1888.1,0,46.800,46.800,29.080,-5.1,27.8,0.0,0,40977.1629,-1.0000
76.832,1890,1888,Running,8,0,1,99,1,3,1.0000,1888.1,0,46.800,46.800,29.080,-3.6,19.6,0.0,0,69716.8465,-1.0000
76.848,1890,1888,Running,8,0,1,99,1,3,1.0000,1888.1,0,46.800,46.800,29.080,-38.6,209.1,0.0,0,69927.6741,-1.0000
76.865,1890,1888,Running,8,0,1,99,1,3,1.0000,1888.1,0,46.800,46.800,29.080,-17.3,93.5,0.0,0,31969.9381,-1.0000
76.882,1889,1888,Running,8,0,1,99,1,3,1.0000,1888.1,0,46.800,46.800,29.080,-5.4,29.3,0.0,0,46739.9382,-1.0000
76.898,1889,1888,Running,8,0,1,99,1,3,1.0000,1888.1,0,46.800,46.800,29.080,1.0,-5.5,0.0,0,73507.1159,-1.0000
76.915,1889,1888,Running,8,0,1,99,1,3,1.0000,1888.1,0,46.800,46.800,29.080,-41.1,222.4,0.0,0,51638.8752,-1.0000
76.932,1889,1888,Running,8,0,1,99,1,3,1.0000,1888.1,0,46.800,46.800,29.080,-5.0,26.8,0.0,0,44087.1663,-1.0000
76.948,1889,1888,Running,9,0,1,99,1,3,1.0000,1888.1,0,46.800,46.800,29.080,-0.1,0.7,0.0,0,71717.2278,-1.0000
76.965,1889,1888,Running,9,0,1,99,1,3,1.0000,1888.1,0,46.800,46.800,29.080,2.9,-15.5,0.0,0,77993.2551,-1.0000
76.982,1886,1858,Running,10,0,1,99,1,3,1.0000,1849.3,0,46.049,45.840,28.613,0.3,-1.4,0.0,0,36395.8522,-1.0000
76.998,1881,1849,Running,11,0,1,99,1,3,1.0000,1849.3,0,45.840,45.840,28.484,15.2,-82.2,0.0,0,41546.4348,-1.0000
77.015,1876,1849,Running,11,0,1,99,1,3,1.0000,1849.3,0,45.840,45.840,28.484,5.6,-30.1,0.0,0,81935.0040,-1.0000
77.032,1872,1849,Running,11,0,1,99,1,3,1.0000,1849.3,0,45.840,45.840,28.484,11.7,-63.4,0.0,0,82129.3408,-1.0000
77.048,1868,1849,Running,11,0,1,99,1,3,1.0000,1849.3,0,45.840,45.840,28.484,-35.4,191.8,0.0,0,42654.2414,-1.0000
77.065,1865,1849,Running,12,0,1,99,1,3,1.0000,1849.3,0,45.840,45.840,28.484,18.7,-101.2,0.0,0,53283.4841,-1.0000
77.082,1863,1849,Running,12,0,1,99,1,3,1.0000,1849.3,0,45.840,45.840,28.484,22.1,-119.5,0.0,0,94032.8118,-1.0000
77.098,1861,1849,Running,12,0,1,99,1,3,1.0000,1849.3,0,45.840,45.840,28.484,30.6,-165.5,0.0,0,96153.4248,-1.0000
77.115,1859,1849,Running,12,0,1,99,1,3,1.0000,1849.3,0,45.840,45.840,28.484,-23.1,124.9,0.0,0,53028.4825,-1.0000
77.132,1858,1849,Running,12,0,1,99,1,3,1.0000,1849.3,0,45.840,45.840,28.484,38.9,-210.5,0.0,0,72564.8961,-1.0000
77.148,1856,1849,Running,12,0,1,99,1,3,1.0000,1849.3,0,45.840,45.840,28.484,43.2,-234.0,0.0,0,103478.7164,-1.0000
77.165,1855,1849,Running,12,0,1,99,1,3,1.0000,1849.3,0,45.840,45.840,28.484,43.6,-235.9,0.0,0,111545.2905,-1.0000
77.182,1854,1849,Running,12,0,1,99,1,3,1.0000,1849.3,0,45.840,45.840,28.484,-7.9,42.8,0.0,0,60970.4071,-1.0000
77.198,1854,1849,Running,12,0,1,99,1,3,1.0000,1849.3,0,45.840,45.840,28.484,53.6,-290.3,0.0,0,85488.7888,-1.0000
77.215,1853,1849,Running,12,0,1,99,1,3,1.0000,1849.3,0,45.840,45.840,28.484,58.4,-316.4,0.0,0,112735.7381,-1.0000
77.232,1852,1849,Running,12,0,1,99,1,3,1.0000,1849.3,0,45.840,45.840,28.484,40.5,-219.5,0.0,0,128568.9040,-1.0000
77.248,1852,1849,Running,12,0,1,99,1,3,1.0000,1849.3,0,45.840,45.840,28.484,11.5,-62.4,0.0,0,60636.2136,-1.0000
77.265,1851,1849,Running,12,0,1,99,1,3,1.0000,1849.3,0,45.840,45.840,28.484,62.5,-338.3,0.0,0,94334.7408,-1.0000
77.282,1851,1849,Running,12,0,1,99,1,3,1.0000,1849.3,0,45.840,45.840,28.484,68.7,-372.0,0.0,0,120672.8213,-1.0000
77.298,1849,1824,Running,12,0,1,99,1,3,1.0000,1823.5,0,45.200,45.200,28.086,61.3,-332.1,0.0,0,137016.0392,-1.0000
77.315,1845,1824,Running,12,0,1,99,1,3,1.0000,1823.5,0,45.200,45.200,28.086,37.3,-202.2,0.0,0,47794.4894,-1.0000
77.332,1842,1823,Running,12,0,1,99,1,3,1.0000,1823.5,0,45.200,45.200,28.086,70.1,-379.4,0.0,0,91225.2445,-1.0000
77.348,1839,1824,Running,12,0,1,99,1,3,1.0000,1823.5,0,45.200,45.200,28.086,75.8,-410.6,0.0,0,117614.4197,-1.0000
77.365,1836,1824,Running,12,0,1,99,1,3,1.0000,1823.5,0,45.200,45.200,28.086,19.6,-106.4,0.0,0,126630.1121,-1.0000
77.382,1834,1824,Running,12,0,1,99,1,3,1.0000,1823.5,0,45.200,45.200,28.086,49.2,-266.4,0.0,0,53011.9916,-1.0000
77.398,1833,1824,Running,12,0,1,99,1,3,1.0000,1823.5,0,45.200,45.200,28.086,72.6,-393.3,0.0,0,94399.0446,-1.0000
77.415,1831,1824,Running,12,0,1,99,1,3,1.0000,1823.5,0,45.200,45.200,28.086,79.8,-432.3,0.0,0,118753.3987,-1.0000
77.432,1830,1824,Running,12,0,1,99,1,3,1.0000,1823.5,0,45.200,45.200,28.086,14.6,-79.1,0.0,0,119998.7716,-1.0000
77.448,1829,1824,Running,12,0,1,99,1,3,1.0000,1823.5,0,45.200,45.200,28.086,58.9,-318.8,0.0,0,57164.7618,-1.0000
77.454,1828,1824,Running,12,0,1,99,1,3,1.0000,1823.5,0,45.200,45.200,28.086,75.6,-409.4,0.0,0,98575.2635,-1.0000
77.454,1828,1824,Running,12,0,1,99,1,3,1.0000,1823.5,0,45.200,45.200,28.086,83.2,-450.4,0.0,0,119347.0363,-1.0000
77.498,1825,1804,Running,11,0,1,99,1,3,1.0000,1804.1,0,44.720,44.720,27.788,37.7,-204.0,0.0,0,112976.9955,-1.0000
77.515,1822,1804,Running,11,0,1,99,1,3,1.0000,1804.1,0,44.720,44.720,27.788,66.7,-361.0,0.0,0,59090.8536,-1.0000
77.532,1819,1804,Running,11,0,1,99,1,3,1.0000,1804.1,0,44.720,44.720,27.788,78.5,-425.3,0.0,0,100922.9870,-1.0000
77.548,1817,1804,Running,11,0,1,99,1,3,1.0000,1804.1,0,44.720,44.720,27.788,85.4,-462.3,0.0,0,117430.4852,-1.0000
77.565,1815,1804,Running,11,0,1,99,1,3,1.0000,1804.1,0,44.720,44.720,27.788,10.0,-54.0,0.0,0,109502.9658,-1.0000
77.582,1813,1804,Running,11,0,1,99,1,3,1.0000,1804.1,0,44.720,44.720,27.788,66.6,-360.8,0.0,0,58603.9892,-1.0000
77.598,1812,1804,Running,11,0,1,99,1,3,1.0000,1804.1,0,44.720,44.720,27.788,77.0,-417.0,0.0,0,101275.8463,-1.0000
77.615,1811,1804,Running,10,0,1,99,1,3,1.0000,1804.1,0,44.720,44.720,27.788,83.1,-450.1,0.0,0,115751.1191,-1.0000
77.632,1810,1804,Running,9,0,1,99,1,3,1.0000,1804.1,0,44.720,44.720,27.788,7.7,-41.9,0.0,0,105175.7766,-1.0000
77.648,1809,1804,Running,9,0,1,99,1,3,1.0000,1804.1,0,44.720,44.720,27.788,64.4,-348.6,0.0,0,57220.0112,-1.0000
77.665,1808,1804,Running,8,0,1,99,1,3,1.0000,1804.1,0,44.720,44.720,27.788,71.4,-386.6,0.0,0,99176.9192,-1.0000
77.682,1807,1804,Running,8,0,1,99,1,3,1.0000,1804.1,0,44.720,44.720,27.788,74.3,-402.1,0.0,0,110521.8147,-1.0000
77.698,1807,1804,Running,8,0,1,99,1,3,1.0000,1804.1,0,44.720,44.720,27.788,0.4,-2.0,0.0,0,94337.3675,-1.0000
77.715,1807,1804,Running,8,0,1,99,1,3,1.0000,1804.1,0,44.720,44.720,27.788,54.0,-292.1,0.0,0,53272.6003,-1.0000
77.732,1806,1804,Running,7,0,1,99,1,3,1.0000,1804.1,0,44.720,44.720,27.788,58.0,-314.2,0.0,0,91866.4202,-1.0000
77.748,1806,1804,Running,7,0,1,99,1,3,1.0000,1804.1,0,44.720,44.720,27.788,60.5,-327.4,0.0,0,101349.8490,-1.0000
77.765,1806,1804,Running,6,0,1,99,1,3,1.0000,1804.1,0,44.720,44.720,27.788,-9.3,50.2,0.0,0,80445.2872,-1.0000
77.782,1805,1804,Running,6,0,1,99,1,3,1.0000,1804.1,0,44.720,44.720,27.788,40.1,-216.9,0.0,0,48587.0502,-1.0000
77.798,1805,1804,Running,6,0,1,99,1,3,1.0000,1804.1,0,44.720,44.720,27.788,41.8,-226.1,0.0,0,82535.9456,-1.0000
77.815,1805,1804,Running,6,0,1,99,1,3,1.0000,1804.1,0,44.720,44.720,27.788,43.0,-233.0,0.0,0,89729.4041,-1.0000
77.832,1805,1804,Running,5,0,1,99,1,3,1.0000,1804.1,0,44.720,44.720,27.788,-20.5,110.8,0.0,0,64032.4778,-1.0000
77.848,1805,1804,Running,5,0,1,99,1,3,1.0000,1804.1,0,44.720,44.720,27.788,23.9,-129.6,0.0,0,43459.4900,-1.0000
77.865,1805,1804,Running,5,0,1,99,1,3,1.0000,1804.1,0,44.720,44.720,27.788,25.3,-136.9,0.0,0,72337.3313,-1.0000
77.882,1805,1804,Running,5,0,1,99,1,3,1.0000,1804.1,0,44.720,44.720,27.788,26.3,-142.4,0.0,0,78317.6734,-1.0000
77.898,1805,1804,Running,4,0,1,99,1,3,1.0000,1804.1,0,44.720,44.720,27.788,-30.4,164.5,0.0,0,49126.3055,-1.0000
77.915,1802,1775,Running,4,0,1,99,1,3,1.0000,1768.6,0,43.991,43.840,27.335,49.8,-269.4,0.0,0,38528.8046,-1.0000
77.932,1797,1769,Running,4,0,1,99,1,3,1.0000,1768.6,0,43.840,43.840,27.241,19.4,-104.9,0.0,0,58964.4500,-1.0000
77.948,1793,1769,Running,3,0,1,99,1,3,1.0000,1768.6,0,43.840,43.840,27.241,11.5,-62.4,0.0,0,64093.9130,-1.0000
77.965,1789,1769,Running,3,1,1,99,1,3,1.0000,1768.6,0,43.840,43.840,27.241,-39.3,212.6,0.0,0,39030.2370,-1.0000
77.982,1786,1769,Running,3,1,1,99,1,3,1.0000,1768.6,0,43.840,43.840,27.241,-4.7,25.6,0.0,0,33445.2702,-1.0000
77.998,1783,1769,Running,3,1,1,99,1,3,1.0000,1768.6,0,43.840,43.840,27.241,-2.9,15.9,0.0,0,42917.0159,-1.0000
78.015,1781,1769,Running,3,1,1,99,1,3,1.0000,1768.6,0,43.840,43.840,27.241,-1.6,8.5,0.0,0,55850.8731,-1.0000
78.032,1779,1769,Running,3,1,1,99,1,3,1.0000,1768.6,0,43.840,43.840,27.241,-45.6,247.2,0.0,0,36916.9437,-1.0000
78.048,1777,1769,Running,3,1,1,99,1,3,1.0000,1768.6,0,43.840,43.840,27.241,-16.4,88.8,0.0,0,30134.3523,-1.0000
78.065,1776,1769,Running,3,1,1,99,1,3,1.0000,1768.6,0,43.840,43.840,27.241,-13.4,72.8,0.0,0,29741.5040,-1.0000
78.082,1775,1769,Running,3,1,1,99,1,3,1.0000,1768.6,0,43.840,43.840,27.241,-12.2,65.9,0.0,0,49653.4407,-1.0000
78.098,1774,1769,Running,3,1,1,99,1,3,1.0000,1768.6,0,43.840,43.840,27.241,-49.7,269.3,0.0,0,37446.0962,-1.0000
78.115,1773,1769,Running,3,1,1,99,1,3,1.0000,1768.6,0,43.840,43.840,27.241,-25.2,136.7,0.0,0,25280.6886,-1.0000
78.132,1772,1769,Running,3,1,1,99,1,3,1.0000,1768.6,0,43.840,43.840,27.241,-21.4,115.9,0.0,0,20808.3422,-1.0000
78.148,1772,1769,Running,3,1,1,99,1,3,1.0000,1768.6,0,43.840,43.840,27.241,-20.0,108.2,0.0,0,45262.1506,-1.0000
78.165,1771,1769,Running,3,1,1,99,1,3,1.0000,1768.6,0,43.840,43.840,27.241,-52.3,283.1,0.0,0,40645.3668,-1.0000
78.182,1771,1769,Running,3,1,1,99,1,3,1.0000,1768.6,0,43.840,43.840,27.241,-32.8,177.7,0.0,0,19753.9968,-1.0000
78.198,1771,1769,Running,3,1,1,99,1,3,1.0000,1768.6,0,43.840,43.840,27.241,-27.1,146.5,0.0,0,15371.3789,-1.0000
78.215,1768,1739,Running,3,1,1,99,1,3,1.0000,1723.5,0,43.095,42.720,26.778,15.1,-81.5,0.0,0,41927.1248,-1.0000
78.232,1762,1723,Running,3,1,1,99,1,3,1.0000,1723.5,0,42.720,42.720,26.545,-29.3,158.5,0.0,0,48279.8559,-1.0000
78.248,1756,1723,Running,3,1,1,99,1,3,1.0000,1723.5,0,42.720,42.720,26.545,-41.3,223.7,0.0,0,9502.3858,-1.0000
78.265,1751,1723,Running,3,1,1,99,1,3,1.0000,1723.5,0,42.720,42.720,26.545,-30.9,167.1,0.0,0,8664.5195,-1.0000
78.282,1747,1723,Running,3,1,1,99,1,3,1.0000,1723.5,0,42.720,42.720,26.545,-32.6,176.6,0.0,0,35649.7687,-1.0000
78.298,1743,1723,Running,3,1,1,99,1,3,1.0000,1723.5,0,42.720,42.720,26.545,-40.3,218.0,0.0,0,39864.3943,-1.0000
78.315,1740,1723,Running,3,1,1,99,1,3,1.0000,1723.5,0,42.720,42.720,26.545,-57.9,313.3,0.0,0,11550.9586,-1.0000
78.332,1737,1723,Running,3,1,1,99,1,3,1.0000,1723.5,0,42.720,42.720,26.545,-33.4,180.7,0.0,0,4907.6777,-1.0000
78.348,1733,1701,Running,3,1,1,99,1,3,1.0000,1700.9,0,42.160,42.160,26.197,-5.5,29.9,0.0,0,36023.9334,-1.0000
78.365,1728,1701,Running,3,1,1,99,1,3,1.0000,1700.9,0,42.160,42.160,26.197,-33.6,181.7,0.0,0,38814.9773,-1.0000
78.382,1724,1701,Running,3,1,1,99,1,3,1.0000,1700.9,0,42.160,42.160,26.197,-59.7,323.5,0.0,0,14170.3645,-1.0000
78.398,1720,1701,Running,3,1,1,99,1,3,1.0000,1700.9,0,42.160,42.160,26.197,-31.9,172.9,0.0,0,2634.2816,-1.0000
78.415,1717,1701,Running,3,1,1,99,1,3,1.0000,1700.9,0,42.160,42.160,26.197,-35.7,193.5,0.0,0,47265.5033,-1.0000
78.432,1715,1701,Running,3,1,1,99,1,3,1.0000,1700.9,0,42.160,42.160,26.197,-35.0,189.6,0.0,0,39875.2538,-1.0000
78.448,1713,1701,Running,3,1,1,99,1,3,1.0000,1700.9,0,42.160,42.160,26.197,-63.7,345.0,0.0,0,4761.1905,-1.0000
78.465,1711,1701,Running,3,1,1,99,1,3,1.0000,1700.9,0,42.160,42.160,26.197,-40.0,216.6,0.0,0,22790.8700,-1.0000
78.482,1709,1701,Running,3,1,1,99,1,3,1.0000,1700.9,0,42.160,42.160,26.197,-36.9,200.0,0.0,0,28407.0107,-1.0000
78.498,1708,1701,Running,3,1,1,99,1,3,1.0000,1700.9,0,42.160,42.160,26.197,-33.8,183.2,0.0,0,37196.5509,-1.0000
78.515,1707,1701,Running,3,1,1,99,1,3,1.0000,1700.9,0,42.160,42.160,26.197,-63.0,341.3,0.0,0,24294.5708,-1.0000
78.532,1704,1671,Running,3,1,1,99,1,3,1.0000,1655.7,0,41.410,41.040,25.731,4.1,-22.2,0.0,0,27574.9794,-1.0000
78.548,1697,1656,Running,3,1,1,99,1,3,1.0000,1655.7,0,41.040,41.040,25.501,-9.9,53.8,0.0,0,13945.5482,-1.0000
78.565,1690,1656,Running,3,1,1,99,1,3,1.0000,1655.7,0,41.040,41.040,25.501,-31.7,171.4,0.0,0,39495.4040,-1.0000
78.582,1685,1656,Running,3,1,1,99,1,3,1.0000,1655.7,0,41.040,41.040,25.501,-46.3,250.7,0.0,0,41092.9277,-1.0000
78.598,1681,1656,Running,3,1,1,99,1,3,1.0000,1655.7,0,41.040,41.040,25.501,-57.4,310.5,0.0,0,8409.0396,-1.0000
78.615,1677,1656,Running,3,1,1,99,1,3,1.0000,1655.7,0,41.040,41.040,25.501,-34.8,188.3,0.0,0,2328.6078,-1.0000
78.632,1674,1656,Running,3,1,1,99,1,3,1.0000,1655.7,0,41.040,41.040,25.501,-35.6,192.5,0.0,0,39136.3262,-1.0000
78.648,1671,1656,Running,3,1,1,99,1,3,1.0000,1655.7,0,41.040,41.040,25.501,-31.3,169.3,0.0,0,42890.5223,-1.0000
78.665,1668,1656,Running,3,1,1,99,1,3,1.0000,1655.7,0,41.040,41.040,25.501,-60.1,325.3,0.0,0,12892.5607,-1.0000
78.682,1666,1656,Running,3,1,1,99,1,3,1.0000,1655.7,0,41.040,41.040,25.501,-36.8,199.1,0.0,0,17632.8134,-1.0000
78.698,1665,1656,Running,4,1,1,99,1,3,1.0000,1655.7,0,41.040,41.040,25.501,-37.0,200.4,0.0,0,35979.3450,-1.0000
78.715,1663,1656,Running,4,1,1,99,1,3,1.0000,1655.7,0,41.040,41.040,25.501,-33.7,182.5,0.0,0,37121.5630,-1.0000
78.732,1662,1656,Running,5,1,1,99,1,3,1.0000,1655.7,0,41.040,41.040,25.501,-63.2,342.0,0.0,0,25341.1792,-1.0000
78.748,1661,1656,Running,5,1,1,99,1,3,1.0000,1655.7,0,41.040,41.040,25.501,-34.2,185.1,0.0,0,30489.0752,-1.0000
78.765,1660,1656,Running,5,1,1,99,1,3,1.0000,1655.7,0,41.040,41.040,25.501,-28.2,152.8,0.0,0,18292.6983,-1.0000
78.782,1660,1656,Running,6,1,1,99,1,3,1.0000,1655.7,0,41.040,41.040,25.501,-29.2,157.9,0.0,0,43846.0314,-1.0000
78.798,1659,1656,Running,6,1,1,99,1,3,1.0000,1655.7,0,41.040,41.040,25.501,-40.4,218.8,0.0,0,45575.1805,-1.0000
78.815,1659,1656,Running,6,1,1,99,1,3,1.0000,1655.7,0,41.040,41.040,25.501,-55.5,300.6,0.0,0,14596.5269,-1.0000
78.832,1658,1656,Running,6,1,1,99,1,3,1.0000,1655.7,0,41.040,41.040,25.501,-26.8,145.1,0.0,0,9924.4619,-1.0000
78.848,1658,1656,Running,6,1,1,99,1,3,1.0000,1655.7,0,41.040,41.040,25.501,-25.4,137.7,0.0,0,49604.5983,-1.0000
78.865,1657,1656,Running,6,1,1,99,1,3,1.0000,1655.7,0,41.040,41.040,25.501,-20.1,108.8,0.0,0,53386.2122,-1.0000
78.882,1657,1656,Running,6,1,1,99,1,3,1.0000,1655.7,0,41.040,41.040,25.501,-55.4,299.7,0.0,0,20007.3875,-1.0000
78.898,1657,1656,Running,7,1,1,99,1,3,1.0000,1655.7,0,41.040,41.040,25.501,-24.8,134.1,0.0,0,27829.8481,-1.0000
78.915,1654,1626,Running,7,1,1,99,1,3,1.0000,1584.7,0,40.297,39.280,25.039,17.9,-96.8,0.0,0,44465.2515,-1.0000
78.932,1648,1596,Running,8,1,1,99,1,3,1.0000,1584.7,0,39.557,39.280,24.579,25.4,-137.4,0.0,0,46897.8719,-1.0000
78.948,1638,1585,Running,8,1,1,99,1,3,1.0000,1584.7,0,39.280,39.280,24.407,-27.9,151.0,0.0,0,52135.1534,-1.0000
78.965,1630,1585,Running,9,1,1,99,1,3,1.0000,1584.7,0,39.280,39.280,24.407,-17.2,93.3,0.0,0,27858.3391,-1.0000
78.982,1623,1585,Running,9,1,1,99,1,3,1.0000,1584.7,0,39.280,39.280,24.407,-9.4,51.0,0.0,0,21010.9952,-1.0000
78.998,1617,1585,Running,9,1,1,99,1,3,1.0000,1584.7,0,39.280,39.280,24.407,-8.8,47.4,0.0,0,48137.9327,-1.0000
79.015,1612,1585,Running,9,1,1,99,1,3,1.0000,1584.7,0,39.280,39.280,24.407,3.1,-16.5,0.0,0,64747.7013,-1.0000
79.032,1608,1585,Running,9,1,1,99,1,3,1.0000,1584.7,0,39.280,39.280,24.407,-39.4,213.2,0.0,0,30054.6297,-1.0000
79.048,1604,1585,Running,9,1,1,99,1,3,1.0000,1584.7,0,39.280,39.280,24.407,2.3,-12.6,0.0,0,37800.5209,-1.0000
79.065,1601,1585,Running,9,1,1,99,1,3,1.0000,1584.7,0,39.280,39.280,24.407,5.6,-30.3,0.0,0,56966.1348,-1.0000
79.082,1599,1585,Running,10,1,1,99,1,3,1.0000,1584.7,0,39.280,39.280,24.407,22.2,-120.1,0.0,0,72734.8391,-1.0000
79.098,1597,1585,Running,11,1,1,99,1,3,1.0000,1584.7,0,39.280,39.280,24.407,-10.9,59.1,0.0,0,90214.8147,-1.0000
79.115,1592,1559,Running,12,1,1,99,1,3,1.0000,1558.9,0,38.640,38.640,24.010,32.7,-177.1,0.0,0,18975.5582,-1.0000
79.132,1587,1559,Running,12,1,1,99,1,3,1.0000,1558.9,0,38.640,38.640,24.010,25.0,-135.3,0.0,0,36495.7465,-1.0000
79.148,1583,1559,Running,13,1,1,99,1,3,1.0000,1558.9,0,38.640,38.640,24.010,37.7,-204.2,0.0,0,81917.2915,-1.0000
79.165,1579,1559,Running,13,1,1,99,1,3,1.0000,1558.9,0,38.640,38.640,24.010,50.9,-275.8,0.0,0,91883.0862,-1.0000
79.182,1576,1556,Running,13,1,1,99,1,3,1.0000,1555.6,0,38.560,38.560,23.960,-23.3,126.4,0.0,0,44771.6444,-1.0000
79.198,1573,1556,Running,13,1,1,99,1,3,1.0000,1555.6,0,38.560,38.560,23.960,43.6,-236.0,0.0,0,56057.6882,-1.0000
79.215,1570,1556,Running,14,1,1,99,1,3,1.0000,1555.6,0,38.560,38.560,23.960,68.8,-372.4,0.0,0,85659.2721,-1.0000
79.232,1568,1556,Running,14,1,1,99,1,3,1.0000,1555.6,0,38.560,38.560,23.960,78.8,-426.9,0.0,0,91459.2413,-1.0000
79.248,1566,1556,Running,14,1,1,99,1,3,1.0000,1555.6,0,38.560,38.560,23.960,62.2,-336.9,0.0,0,91690.6242,-1.0000
79.265,1564,1556,Running,14,1,1,99,1,3,1.0000,1555.6,0,38.560,38.560,23.960,-3.1,16.8,0.0,0,49891.8296,-1.0000
79.282,1563,1556,Running,14,1,1,99,1,3,1.0000,1555.6,0,38.560,38.560,23.960,100.5,-544.2,0.0,0,85953.2817,-1.0000
79.298,1562,1556,Running,15,1,1,99,1,3,1.0000,1555.6,0,38.560,38.560,23.960,96.8,-524.0,0.0,0,101151.7107,-1.0000
79.315,1561,1556,Running,15,1,1,99,1,3,1.0000,1555.6,0,38.560,38.560,23.960,105.5,-571.5,0.0,0,106501.8582,-1.0000
79.332,1560,1556,Running,15,1,1,99,1,3,1.0000,1555.6,0,38.560,38.560,23.960,26.8,-145.3,0.0,0,131615.1005,-1.0000
79.348,1559,1556,Running,15,1,1,99,1,3,1.0000,1555.6,0,38.560,38.560,23.960,101.1,-547.3,0.0,0,58836.1194,-1.0000
79.365,1559,1556,Running,15,1,1,99,1,3,1.0000,1555.6,0,38.560,38.560,23.960,123.0,-666.1,0.0,0,75775.0668,-1.0000
79.382,1558,1556,Running,15,1,1,99,1,3,1.0000,1555.6,0,38.560,38.560,23.960,124.5,-674.1,0.0,0,119811.1077,-1.0000
79.398,1558,1556,Running,15,1,1,99,1,3,1.0000,1555.6,0,38.560,38.560,23.960,143.4,-776.3,0.0,0,140595.4169,-1.0000
79.415,1558,1556,Running,15,1,1,99,1,3,1.0000,1555.6,0,38.560,38.560,23.960,26.5,-143.2,0.0,0,73805.2301,-1.0000
79.432,1557,1556,Running,16,1,1,99,1,3,1.0000,1555.6,0,38.560,38.560,23.960,137.5,-744.7,0.0,0,70842.7079,-1.0000
79.448,1557,1556,Running,16,1,1,99,1,3,1.0000,1555.6,0,38.560,38.560,23.960,140.8,-762.1,0.0,0,131954.7889,-1.0000
79.465,1557,1556,Running,16,1,1,99,1,3,1.0000,1555.6,0,38.560,38.560,23.960,171.3,-927.5,0.0,0,147206.9478,-1.0000
79.482,1557,1556,Running,16,1,1,99,1,3,1.0000,1555.6,0,38.560,38.560,23.960,128.2,-694.4,0.0,0,123493.2917,-1.0000
79.498,1556,1556,Running,16,1,1,99,1,3,1.0000,1555.6,0,38.560,38.560,23.960,61.4,-332.3,0.0,0,46906.7715,-1.0000
79.515,1556,1556,Running,16,1,1,99,1,3,1.0000,1555.6,0,38.560,38.560,23.960,166.2,-900.0,0.0,0,117078.3664,-1.0000
79.532,1556,1556,Running,16,1,1,99,1,3,1.0000,1555.6,0,38.560,38.560,23.960,182.9,-990.3,0.0,0,148766.9136,-1.0000
79.548,1556,1556,Running,16,1,1,99,1,3,1.0000,1555.6,0,38.560,38.560,23.960,188.1,-1018.3,0.0,0,115932.5634,-1.0000
79.565,1556,1556,Running,16,1,1,99,1,3,1.0000,1555.6,0,38.560,38.560,23.960,47.2,-255.4,0.0,0,136591.4275,-1.0000
79.582,1556,1556,Running,16,1,1,99,1,3,1.0000,1555.6,0,38.560,38.560,23.960,172.2,-932.2,0.0,0,84941.9078,-1.0000
79.598,1556,1556,Running,17,1,1,99,1,3,1.0000,1555.6,0,38.560,38.560,23.960,198.6,-1075.1,0.0,0,113965.4289,-1.0000
79.615,1554,1543,Running,17,1,1,99,1,3,1.0000,1542.7,0,38.240,38.240,23.761,216.9,-1174.4,0.0,0,123585.0506,-1.0000
79.632,1553,1543,Running,17,1,1,99,1,3,1.0000,1542.7,0,38.240,38.240,23.761,194.0,-1050.3,0.0,0,149588.3298,-1.0000
79.648,1551,1543,Running,17,1,1,99,1,3,1.0000,1542.7,0,38.240,38.240,23.761,60.1,-325.3,0.0,0,85970.8055,-1.0000
79.665,1550,1543,Running,17,1,1,99,1,3,1.0000,1542.7,0,38.240,38.240,23.761,210.5,-1139.5,0.0,0,87595.6154,-1.0000
79.682,1549,1543,Running,17,1,1,99,1,3,1.0000,1542.7,0,38.240,38.240,23.761,200.6,-1086.1,0.0,0,147787.9023,-1.0000
79.698,1548,1543,Running,17,1,1,99,1,3,1.0000,1542.7,0,38.240,38.240,23.761,220.6,-1194.5,0.0,0,161394.3201,-1.0000
79.715,1547,1543,Running,18,1,1,99,1,3,1.0000,1542.7,0,38.240,38.240,23.761,161.1,-872.3,0.0,0,174269.3416,-1.0000
79.732,1546,1543,Running,18,1,1,99,1,3,1.0000,1542.7,0,38.240,38.240,23.761,126.4,-684.3,0.0,0,21402.5850,-1.0000
79.748,1546,1543,Running,18,1,1,99,1,3,1.0000,1542.7,0,38.240,38.240,23.761,215.5,-1167.1,0.0,0,128942.4949,-1.0000
79.765,1545,1543,Running,18,1,1,99,1,3,1.0000,1542.7,0,38.240,38.240,23.761,234.0,-1266.8,0.0,0,170923.4108,-1.0000
79.782,1545,1543,Running,18,1,1,99,1,3,1.0000,1542.7,0,38.240,38.240,23.761,244.2,-1322.5,0.0,0,122759.3024,-1.0000
79.798,1545,1546,Running,18,1,1,99,1,3,1.0000,1545.9,0,38.320,38.320,23.811,67.2,-364.1,0.0,0,141093.8887,-1.0000
79.815,1546,1549,Running,18,1,1,99,1,3,1.0000,1549.2,0,38.400,38.400,23.861,211.3,-1143.8,0.0,0,87526.7166,-1.0000
79.832,1546,1549,Running,18,1,1,99,1,3,1.0000,1549.2,0,38.400,38.400,23.861,245.8,-1330.7,0.0,0,137254.0173,-1.0000
79.848,1547,1549,Running,19,1,1,99,1,3,1.0000,1549.2,0,38.400,38.400,23.861,248.5,-1345.6,0.0,0,130461.7107,-1.0000
79.865,1547,1549,Running,19,1,1,99,1,3,1.0000,1549.2,0,38.400,38.400,23.861,236.6,-1280.8,0.0,0,160849.3592,-1.0000
79.882,1547,1549,Running,19,1,1,99,1,3,1.0000,1549.2,0,38.400,38.400,23.861,78.9,-427.3,0.0,0,90682.9544,-1.0000
79.898,1548,1549,Running,19,1,1,99,1,3,1.0000,1549.2,0,38.400,38.400,23.861,257.1,-1392.3,0.0,0,105631.5643,-1.0000
79.915,1548,1549,Running,19,1,1,99,1,3,1.0000,1549.2,0,38.400,38.400,23.861,66.9,-362.4,0.0,0,147051.2002,-1.0000
79.932,1548,1549,Running,19,1,1,99,1,3,1.0000,1549.2,0,38.400,38.400,23.861,246.0,-1332.0,0.0,0,104292.5252,-1.0000
79.948,1548,1549,Running,19,1,1,99,1,3,1.0000,1549.2,0,38.400,38.400,23.861,168.8,-914.2,0.0,0,209428.2389,-1.0000
79.965,1548,1549,Running,19,1,1,99,1,3,1.0000,1549.2,0,38.400,38.400,23.861,182.2,-986.7,0.0,0,19415.0298,-1.0000
79.982,1549,1549,Running,19,1,1,99,1,3,1.0000,1549.2,0,38.400,38.400,23.861,252.3,-1365.8,0.0,0,134366.0945,-1.0000
79.998,1549,1549,Running,19,1,1,99,1,3,1.0000,1549.2,0,38.400,38.400,23.861,267.8,-1450.2,0.0,0,181790.9339,-1.0000
80.015,1550,1556,Running,20,1,1,99,1,3,1.0000,1555.6,0,38.560,38.560,23.960,272.0,-1472.5,0.0,0,152933.8367,-1.0000
80.032,1551,1556,Running,20,1,1,99,1,3,1.0000,1555.6,0,38.560,38.560,23.960,90.5,-489.8,0.0,0,126875.0975,-1.0000
80.048,1551,1556,Running,20,1,1,99,1,3,1.0000,1555.6,0,38.560,38.560,23.960,250.2,-1354.9,0.0,0,85589.5490,-1.0000
80.065,1552,1556,Running,20,1,1,99,1,3,1.0000,1555.6,0,38.560,38.560,23.960,272.0,-1472.9,0.0,0,177245.5696,-1.0000
80.082,1553,1556,Running,21,1,1,99,1,3,1.0000,1555.6,0,38.560,38.560,23.960,294.9,-1596.5,0.0,0,140378.7820,-1.0000
80.098,1553,1556,Running,21,1,1,99,1,3,1.0000,1555.6,0,38.560,38.560,23.960,264.9,-1434.5,0.0,0,161716.8064,-1.0000
80.115,1553,1556,Running,21,1,1,99,1,3,1.0000,1555.6,0,38.560,38.560,23.960,96.7,-523.7,0.0,0,83455.4812,-1.0000
80.132,1554,1556,Running,21,1,1,99,1,3,1.0000,1555.6,0,38.560,38.560,23.960,289.9,-1569.8,0.0,0,151839.9966,-1.0000
80.148,1554,1556,Running,21,1,1,99,1,3,1.0000,1555.6,0,38.560,38.560,23.960,295.2,-1598.4,0.0,0,149136.5055,-1.0000
80.165,1554,1556,Running,21,0,1,99,1,3,1.0000,1555.6,0,38.560,38.560,23.960,293.1,-1586.7,0.0,0,167269.2476,-1.0000
80.182,1556,1565,Running,21,0,1,99,1,3,1.0000,1565.3,0,38.800,38.800,24.109,122.9,-665.6,0.0,0,201803.7172,-1.0000
80.198,1557,1565,Running,21,0,1,99,1,3,1.0000,1565.3,0,38.800,38.800,24.109,253.9,-1374.8,0.0,0,69970.6614,-1.0000
80.215,1558,1565,Running,21,0,1,99,1,3,1.0000,1565.3,0,38.800,38.800,24.109,300.0,-1624.6,0.0,0,126953.9736,-1.0000
80.232,1560,1565,Running,21,0,1,99,1,3,1.0000,1565.3,0,38.800,38.800,24.109,293.7,-1590.1,0.0,0,173286.3638,-1.0000
80.248,1560,1565,Running,21,0,1,99,1,3,1.0000,1565.3,0,38.800,38.800,24.109,300.5,-1627.0,0.0,0,192237.0764,-1.0000
80.265,1561,1565,Running,21,0,1,99,1,3,1.0000,1565.3,0,38.800,38.800,24.109,109.8,-594.7,0.0,0,105307.2842,-1.0000
80.282,1562,1565,Running,22,0,1,99,1,3,1.0000,1565.3,0,38.800,38.800,24.109,305.7,-1655.1,0.0,0,98265.5126,-1.0000
80.298,1562,1565,Running,22,0,1,99,1,3,1.0000,1565.3,0,38.800,38.800,24.109,292.9,-1585.8,0.0,0,184633.8281,-1.0000
80.315,1564,1575,Running,23,0,1,99,1,3,1.0000,1575.0,0,39.040,39.040,24.258,293.2,-1587.7,0.0,0,195256.8718,-1.0000
80.332,1566,1575,Running,23,0,1,99,1,3,1.0000,1575.0,0,39.040,39.040,24.258,231.6,-1254.2,0.0,0,206762.6547,-1.0000
80.348,1567,1575,Running,23,0,1,99,1,3,1.0000,1575.0,0,39.040,39.040,24.258,198.8,-1076.4,0.0,0,29884.4455,-1.0000
80.365,1568,1575,Running,23,0,1,99,1,3,1.0000,1575.0,0,39.040,39.040,24.258,304.3,-1647.7,0.0,0,160712.3469,-1.0000
80.382,1569,1575,Running,23,0,1,99,1,3,1.0000,1575.0,0,39.040,39.040,24.258,308.9,-1672.7,0.0,0,199239.1158,-1.0000
80.399,1570,1575,Running,23,0,1,99,1,3,1.0000,1575.0,0,39.040,39.040,24.258,336.7,-1822.8,0.0,0,174801.1768,-1.0000
80.415,1571,1575,Running,23,0,1,99,1,3,1.0000,1575.0,0,39.040,39.040,24.258,125.7,-680.4,0.0,0,142285.1609,-1.0000
80.432,1572,1575,Running,23,0,1,99,1,3,1.0000,1575.0,0,39.040,39.040,24.258,309.9,-1678.2,0.0,0,95919.3793,-1.0000
80.448,1572,1575,Running,24,0,1,99,1,3,1.0000,1575.0,0,39.040,39.040,24.258,315.3,-1707.1,0.0,0,199523.6231,-1.0000
80.465,1573,1575,Running,24,0,1,99,1,3,1.0000,1575.0,0,39.040,39.040,24.258,342.3,-1853.3,0.0,0,178104.0579,-1.0000
80.482,1573,1575,Running,23,0,1,99,1,3,1.0000,1575.0,0,39.040,39.040,24.258,304.1,-1646.3,0.0,0,178034.9256,-1.0000
80.498,1575,1588,Running,23,0,1,99,1,3,1.0000,1587.9,0,39.360,39.360,24.457,132.0,-714.6,0.0,0,81911.6215,-1.0000
80.515,1577,1588,Running,23,0,1,99,1,3,1.0000,1587.9,0,39.360,39.360,24.457,318.4,-1723.8,0.0,0,180107.7257,-1.0000
80.532,1579,1588,Running,23,0,1,99,1,3,1.0000,1587.9,0,39.360,39.360,24.457,333.3,-1804.5,0.0,0,196601.2250,-1.0000
80.548,1580,1588,Running,23,0,1,99,1,3,1.0000,1587.9,0,39.360,39.360,24.457,351.3,-1902.0,0.0,0,163711.4144,-1.0000
80.565,1581,1588,Running,23,0,1,99,1,3,1.0000,1587.9,0,39.360,39.360,24.457,133.1,-720.7,0.0,0,182251.6344,-1.0000
80.582,1582,1588,Running,23,0,1,99,1,3,1.0000,1587.9,0,39.360,39.360,24.457,305.3,-1653.0,0.0,0,98932.2010,-1.0000
80.598,1583,1588,Running,23,0,1,99,1,3,1.0000,1587.9,0,39.360,39.360,24.457,328.1,-1776.6,0.0,0,196876.5267,-1.0000
80.615,1584,1588,Running,23,0,1,99,1,3,1.0000,1587.9,0,39.360,39.360,24.457,349.1,-1889.9,0.0,0,160650.9568,-1.0000
80.632,1584,1588,Running,24,0,1,99,1,3,1.0000,1587.9,0,39.360,39.360,24.457,317.2,-1717.7,0.0,0,187319.3894,-1.0000
80.648,1585,1588,Running,24,0,1,99,1,3,1.0000,1587.9,0,39.360,39.360,24.457,133.6,-723.4,0.0,0,93218.9391,-1.0000
80.665,1585,1588,Running,24,0,1,99,1,3,1.0000,1587.9,0,39.360,39.360,24.457,327.1,-1771.2,0.0,0,183396.4847,-1.0000
80.682,1586,1588,Running,24,0,1,99,1,3,1.0000,1587.9,0,39.360,39.360,24.457,342.8,-1856.0,0.0,0,179150.7108,-1.0000
80.698,1586,1588,Running,25,0,1,99,1,3,1.0000,1587.9,0,39.360,39.360,24.457,353.2,-1912.5,0.0,0,172611.9191,-1.0000
80.715,1586,1588,Running,25,0,1,99,1,3,1.0000,1587.9,0,39.360,39.360,24.457,139.9,-757.4,0.0,0,198523.4026,-1.0000
80.732,1587,1588,Running,25,0,1,99,1,3,1.0000,1587.9,0,39.360,39.360,24.457,306.3,-1658.6,0.0,0,102643.0230,-1.0000
80.748,1587,1588,Running,25,0,1,99,1,3,1.0000,1587.9,0,39.360,39.360,24.457,343.3,-1858.7,0.0,0,176834.0735,-1.0000
80.765,1587,1588,Running,25,0,1,99,1,3,1.0000,1587.9,0,39.360,39.360,24.457,357.1,-1933.6,0.0,0,167275.4900,-1.0000
80.782,1587,1588,Running,25,0,1,99,1,3,1.0000,1587.9,0,39.360,39.360,24.457,335.0,-1813.7,0.0,0,197216.1519,-1.0000
80.798,1589,1611,Running,25,0,1,99,1,3,1.0000,1610.5,0,39.920,39.920,24.805,96.5,-522.5,0.0,0,105330.1281,-1.0000
80.815,1593,1614,Running,26,0,1,99,1,3,1.0000,1613.7,0,40.000,40.000,24.855,330.6,-1789.8,0.0,0,189521.3675,-1.0000
80.832,1596,1614,Running,26,0,1,99,1,3,1.0000,1613.7,0,40.000,40.000,24.855,350.3,-1896.8,0.0,0,183675.1461,-1.0000
80.848,1599,1614,Running,26,0,1,99,1,3,1.0000,1613.7,0,40.000,40.000,24.855,360.5,-1952.1,0.0,0,185387.0047,-1.0000
80.865,1601,1614,Running,26,0,1,99,1,3,1.0000,1613.7,0,40.000,40.000,24.855,146.7,-794.4,0.0,0,205892.1888,-1.0000
80.882,1603,1614,Running,26,0,1,99,1,3,1.0000,1613.7,0,40.000,40.000,24.855,316.6,-1714.0,0.0,0,105269.0196,-1.0000
80.898,1605,1614,Running,26,0,1,99,1,3,1.0000,1613.7,0,40.000,40.000,24.855,344.8,-1867.0,0.0,0,204807.4343,-1.0000
80.915,1606,1614,Running,26,0,1,99,1,3,1.0000,1613.7,0,40.000,40.000,24.855,370.5,-2006.0,0.0,0,176715.0274,-1.0000
80.932,1607,1614,Running,26,0,1,99,1,3,1.0000,1613.7,0,40.000,40.000,24.855,333.5,-1805.7,0.0,0,201896.0325,-1.0000
80.948,1608,1614,Running,26,0,1,99,1,3,1.0000,1613.7,0,40.000,40.000,24.855,162.3,-878.5,0.0,0,97557.7016,-1.0000
80.965,1609,1614,Running,26,0,1,99,1,3,1.0000,1613.7,0,40.000,40.000,24.855,343.5,-1859.8,0.0,0,195092.6913,-1.0000
80.982,1610,1614,Running,26,0,1,99,1,3,1.0000,1613.7,0,40.000,40.000,24.855,354.6,-1919.9,0.0,0,217092.9861,-1.0000
80.998,1610,1614,Running,28,0,1,99,1,3,1.0000,1613.7,0,40.000,40.000,24.855,379.0,-2051.8,0.0,0,179946.9795,-1.0000
81.015,1611,1614,Running,28,0,1,99,1,3,1.0000,1613.7,0,40.000,40.000,24.855,150.0,-812.0,0.0,0,181945.0071,-1.0000
81.032,1611,1614,Running,29,0,1,99,1,3,1.0000,1613.7,0,40.000,40.000,24.855,343.6,-1860.6,0.0,0,108426.3916,-1.0000
81.048,1612,1614,Running,30,0,1,99,1,3,1.0000,1613.7,0,40.000,40.000,24.855,348.6,-1887.5,0.0,0,219218.3455,-1.0000
81.065,1612,1614,Running,30,0,1,99,1,3,1.0000,1613.7,0,40.000,40.000,24.855,373.6,-2023.0,0.0,0,213945.2796,-1.0000
81.082,1612,1614,Running,30,0,1,99,1,3,1.0000,1613.7,0,40.000,40.000,24.855,319.3,-1728.8,0.0,0,217278.9808,-1.0000
81.098,1613,1614,Running,30,0,1,99,1,3,1.0000,1613.7,0,40.000,40.000,24.855,217.2,-1175.8,0.0,0,73833.7024,-1.0000
81.115,1613,1614,Running,30,0,1,99,1,3,1.0000,1613.7,0,40.000,40.000,24.855,367.6,-1990.4,0.0,0,200092.2278,-1.0000
81.132,1613,1614,Running,31,0,1,99,1,3,1.0000,1613.7,0,40.000,40.000,24.855,367.6,-1990.1,0.0,0,231829.0908,-1.0000
81.148,1613,1614,Running,31,0,1,99,1,3,1.0000,1613.7,0,40.000,40.000,24.855,395.6,-2142.1,0.0,0,215564.6186,-1.0000
81.165,1613,1614,Running,31,0,1,99,1,3,1.0000,1613.7,0,40.000,40.000,24.855,164.2,-888.9,0.0,0,158226.3837,-1.0000
81.182,1613,1614,Running,31,0,1,99,1,3,1.0000,1613.7,0,40.000,40.000,24.855,387.1,-2095.8,0.0,0,122163.0257,-1.0000
81.198,1613,1614,Running,31,0,1,99,1,3,1.0000,1613.7,0,40.000,40.000,24.855,378.7,-2050.2,0.0,0,228244.4504,-1.0000
81.215,1613,1614,Running,32,0,1,99,1,3,1.0000,1613.7,0,40.000,40.000,24.855,387.4,-2097.5,0.0,0,236146.9498,-1.0000
81.232,1613,1614,Running,32,0,1,99,1,3,1.0000,1613.7,0,40.000,40.000,24.855,282.4,-1529.2,0.0,0,254936.4839,-1.0000
81.248,1613,1614,Running,32,0,1,99,1,3,1.0000,1613.7,0,40.000,40.000,24.855,284.2,-1538.5,0.0,0,53607.6733,-1.0000
81.265,1613,1614,Running,32,0,1,99,1,3,1.0000,1613.7,0,40.000,40.000,24.855,402.4,-2178.7,0.0,0,195374.7413,-1.0000
81.282,1614,1614,Running,32,0,1,99,1,3,1.0000,1613.7,0,40.000,40.000,24.855,395.4,-2141.0,0.0,0,229534.6831,-1.0000
81.298,1614,1614,Running,32,0,1,99,1,3,1.0000,1613.7,0,40.000,40.000,24.855,399.1,-2161.0,0.0,0,241000.5686,-1.0000
81.315,1614,1614,Running,32,0,1,99,1,3,1.0000,1613.7,0,40.000,40.000,24.855,170.5,-923.0,0.0,0,139099.8408,-1.0000
81.332,1614,1614,Running,32,0,1,99,1,3,1.0000,1613.7,0,40.000,40.000,24.855,430.0,-2328.4,0.0,0,142996.8501,-1.0000
81.348,1614,1614,Running,32,0,1,99,1,3,1.0000,1613.7,0,40.000,40.000,24.855,421.0,-2279.3,0.0,0,225687.5722,-1.0000
81.365,1614,1614,Running,32,0,1,99,1,3,1.0000,1613.7,0,40.000,40.000,24.855,419.4,-2270.7,0.0,0,232695.5403,-1.0000
81.382,1617,1648,Running,32,0,1,99,1,3,1.0000,1720.2,0,40.838,42.640,25.376,189.4,-1025.2,0.0,0,273740.5751,-1.0000
81.398,1624,1683,Running,32,0,1,99,1,3,1.0000,1720.2,0,41.719,42.640,25.923,283.8,-1536.3,0.0,0,92384.9879,-1.0000
81.415,1636,1720,Running,32,0,1,99,1,3,1.0000,1720.2,0,42.638,42.640,26.494,366.2,-1982.8,0.0,0,205651.0905,-1.0000
81.432,1649,1720,Running,32,0,1,99,1,3,1.0000,1720.2,0,42.640,42.640,26.495,423.7,-2293.9,0.0,0,232533.2122,-1.0000
81.437,1660,1720,Running,32,0,1,99,1,3,1.0000,1720.2,0,42.640,42.640,26.495,371.3,-2010.4,0.0,0,255714.5061,-1.0000
81.465,1669,1720,Running,32,0,1,99,1,3,1.0000,1720.2,0,42.640,42.640,26.495,248.1,-1343.6,0.0,0,119207.1565,-1.0000
81.482,1677,1720,Running,32,0,1,99,1,3,1.0000,1720.2,0,42.640,42.640,26.495,438.8,-2376.0,0.0,0,220711.1715,-1.0000
81.498,1684,1720,Running,32,0,1,99,1,3,1.0000,1720.2,0,42.640,42.640,26.495,444.7,-2407.7,0.0,0,242003.9080,-1.0000
81.515,1689,1720,Running,32,0,1,99,1,3,1.0000,1720.2,0,42.640,42.640,26.495,432.0,-2338.9,0.0,0,247390.2514,-1.0000
81.532,1694,1720,Running,32,0,1,99,1,3,1.0000,1720.2,0,42.640,42.640,26.495,195.0,-1055.5,0.0,0,141490.8482,-1.0000
81.548,1698,1720,Running,32,0,1,99,1,3,1.0000,1720.2,0,42.640,42.640,26.495,438.1,-2372.1,0.0,0,226134.9846,-1.0000
81.565,1701,1720,Running,32,0,1,99,1,3,1.0000,1720.2,0,42.640,42.640,26.495,441.3,-2389.4,0.0,0,250694.5409,-1.0000
81.582,1704,1720,Running,32,0,1,99,1,3,1.0000,1720.2,0,42.640,42.640,26.495,455.4,-2465.5,0.0,0,235971.0006,-1.0000
81.598,1707,1720,Running,32,0,1,99,1,3,1.0000,1720.2,0,42.640,42.640,26.495,191.9,-1039.2,0.0,0,160613.6851,-1.0000
81.615,1709,1720,Running,32,0,1,99,1,3,1.0000,1720.2,0,42.640,42.640,26.495,448.4,-2427.9,0.0,0,170706.6239,-1.0000
81.632,1711,1720,Running,32,0,1,99,1,3,1.0000,1720.2,0,42.640,42.640,26.495,448.9,-2430.5,0.0,0,239597.0271,-1.0000
81.648,1712,1720,Running,32,0,1,99,1,3,1.0000,1720.2,0,42.640,42.640,26.495,454.7,-2461.8,0.0,0,234872.4246,-1.0000
81.665,1713,1720,Running,32,0,1,99,1,3,1.0000,1720.2,0,42.640,42.640,26.495,200.1,-1083.3,0.0,0,231683.1991,-1.0000
81.682,1717,1758,Running,32,0,1,99,1,3,1.0000,1800.9,0,43.564,44.640,27.070,377.9,-2046.1,0.0,0,128257.1489,-1.0000
81.698,1726,1795,Running,32,0,1,99,1,3,1.0000,1804.1,0,44.489,44.720,27.644,379.7,-2056.0,0.0,0,251590.8531,-1.0000
81.715,1738,1804,Running,32,0,1,99,1,3,1.0000,1804.1,0,44.720,44.720,27.788,426.7,-2310.1,0.0,0,254493.9334,-1.0000
81.732,1748,1804,Running,32,0,1,99,1,3,1.0000,1804.1,0,44.720,44.720,27.788,210.9,-1141.8,0.0,0,256943.2151,-1.0000
81.748,1757,1804,Running,31,0,1,99,1,3,1.0000,1804.1,0,44.720,44.720,27.788,426.9,-2311.5,0.0,0,128257.0906,-1.0000
81.765,1764,1804,Running,31,0,1,99,1,3,1.0000,1804.1,0,44.720,44.720,27.788,444.2,-2404.9,0.0,0,253378.9284,-1.0000
81.782,1770,1804,Running,31,0,1,99,1,3,1.0000,1804.1,0,44.720,44.720,27.788,455.9,-2468.4,0.0,0,251039.6511,-1.0000
81.798,1776,1804,Running,31,0,1,99,1,3,1.0000,1804.1,0,44.720,44.720,27.788,211.5,-1145.1,0.0,0,248952.2978,-1.0000
81.815,1780,1804,Running,31,0,1,99,1,3,1.0000,1804.1,0,44.720,44.720,27.788,428.4,-2319.3,0.0,0,129578.1356,-1.0000
81.832,1784,1804,Running,31,0,1,99,1,3,1.0000,1804.1,0,44.720,44.720,27.788,441.1,-2388.1,0.0,0,252898.4029,-1.0000
81.848,1787,1804,Running,31,0,1,99,1,3,1.0000,1804.1,0,44.720,44.720,27.788,451.4,-2444.1,0.0,0,250051.0830,-1.0000
81.865,1789,1804,Running,31,0,1,99,1,3,1.0000,1804.1,0,44.720,44.720,27.788,206.4,-1117.6,0.0,0,244600.9591,-1.0000
81.882,1795,1841,Running,31,0,1,99,1,3,1.0000,1842.9,0,45.643,45.680,28.361,374.1,-2025.7,0.0,0,133926.1805,-1.0000
81.898,1802,1843,Running,30,0,1,99,1,3,1.0000,1842.9,0,45.680,45.680,28.384,429.3,-2324.6,0.0,0,261559.7779,-1.0000
81.915,1808,1843,Running,30,0,1,99,1,3,1.0000,1842.9,0,45.680,45.680,28.384,440.0,-2382.1,0.0,0,258193.7585,-1.0000
81.932,1814,1843,Running,30,0,1,99,1,3,1.0000,1842.9,0,45.680,45.680,28.384,198.7,-1076.0,0.0,0,227181.8513,-1.0000
81.948,1818,1843,Running,30,0,1,99,1,3,1.0000,1842.9,0,45.680,45.680,28.384,426.9,-2311.5,0.0,0,161894.5481,-1.0000
81.965,1822,1843,Running,29,0,1,99,1,3,1.0000,1842.9,0,45.680,45.680,28.384,424.4,-2297.8,0.0,0,265708.9864,-1.0000
81.982,1825,1843,Running,29,0,1,99,1,3,1.0000,1842.9,0,45.680,45.680,28.384,432.3,-2340.9,0.0,0,257761.6826,-1.0000
81.998,1828,1843,Running,29,0,1,99,1,3,1.0000,1842.9,0,45.680,45.680,28.384,190.9,-1033.5,0.0,0,181899.7286,-1.0000
82.015,1833,1872,Running,28,0,1,99,1,3,1.0000,1871.9,0,46.400,46.400,28.832,369.0,-1998.0,0.0,0,211324.8467,-1.0000
82.032,1839,1872,Running,28,0,1,99,1,3,1.0000,1871.9,0,46.400,46.400,28.832,411.0,-2225.3,0.0,0,261128.7754,-1.0000
82.048,1844,1872,Running,28,0,1,99,1,3,1.0000,1871.9,0,46.400,46.400,28.832,417.4,-2260.1,0.0,0,247038.6875,-1.0000
82.065,1848,1872,Running,27,0,1,99,1,3,1.0000,1871.9,0,46.400,46.400,28.832,190.2,-1030.0,0.0,0,146405.3412,-1.0000
82.082,1852,1872,Running,27,0,1,99,1,3,1.0000,1871.9,0,46.400,46.400,28.832,403.0,-2182.0,0.0,0,225591.1628,-1.0000
82.098,1855,1872,Running,27,0,1,99,1,3,1.0000,1871.9,0,46.400,46.400,28.832,402.3,-2178.3,0.0,0,245800.4529,-1.0000
82.115,1858,1872,Running,27,0,1,99,1,3,1.0000,1871.9,0,46.400,46.400,28.832,368.0,-1992.3,0.0,0,255392.1255,-1.0000
82.132,1860,1872,Running,27,0,1,99,1,3,1.0000,1871.9,0,46.400,46.400,28.832,204.7,-1108.4,0.0,0,144048.7421,-1.0000
82.148,1862,1872,Running,27,0,1,99,1,3,1.0000,1871.9,0,46.400,46.400,28.832,378.5,-2049.6,0.0,0,229288.6950,-1.0000
82.165,1863,1872,Running,27,0,1,99,1,3,1.0000,1871.9,0,46.400,46.400,28.832,381.6,-2066.2,0.0,0,251585.7780,-1.0000
82.182,1865,1872,Running,27,0,1,99,1,3,1.0000,1871.9,0,46.400,46.400,28.832,275.0,-1488.9,0.0,0,296992.9817,-1.0000
82.198,1868,1901,Running,25,0,1,99,1,3,1.0000,1901.0,0,47.120,47.120,29.279,214.0,-1158.9,0.0,0,117607.3663,-1.0000
82.215,1873,1901,Running,24,0,1,99,1,3,1.0000,1901.0,0,47.120,47.120,29.279,359.9,-1948.8,0.0,0,237934.5125,-1.0000
82.232,1878,1901,Running,24,0,1,99,1,3,1.0000,1901.0,0,47.120,47.120,29.279,366.4,-1983.8,0.0,0,237576.3934,-1.0000
82.248,1881,1901,Running,23,0,1,99,1,3,1.0000,1901.0,0,47.120,47.120,29.279,194.9,-1055.5,0.0,0,249197.5479,-1.0000
82.265,1884,1901,Running,23,0,1,99,1,3,1.0000,1901.0,0,47.120,47.120,29.279,323.5,-1751.7,0.0,0,108311.5908,-1.0000
82.282,1887,1901,Running,22,0,1,99,1,3,1.0000,1901.0,0,47.120,47.120,29.279,333.6,-1806.4,0.0,0,239510.9761,-1.0000
82.298,1889,1901,Running,22,0,1,99,1,3,1.0000,1901.0,0,47.120,47.120,29.279,325.2,-1760.5,0.0,0,241156.5483,-1.0000
82.315,1891,1901,Running,22,0,1,99,1,3,1.0000,1901.0,0,47.120,47.120,29.279,133.3,-721.5,0.0,0,201245.2150,-1.0000
82.332,1892,1901,Running,22,0,1,99,1,3,1.0000,1901.0,0,47.120,47.120,29.279,295.2,-1598.3,0.0,0,164618.8799,-1.0000
82.348,1894,1901,Running,22,0,1,99,1,3,1.0000,1901.0,0,47.120,47.120,29.279,288.5,-1562.2,0.0,0,251952.8407,-1.0000
82.365,1895,1901,Running,22,0,1,99,1,3,1.0000,1901.0,0,47.120,47.120,29.279,299.6,-1622.3,0.0,0,224679.0495,-1.0000
82.382,1896,1901,Running,22,0,1,99,1,3,1.0000,1901.0,0,47.120,47.120,29.279,130.5,-706.6,0.0,0,123764.5791,-1.0000
82.398,1899,1924,Running,20,0,1,99,1,3,1.0000,1923.6,0,47.680,47.680,29.627,252.6,-1367.8,0.0,0,201721.2180,-1.0000
82.415,1903,1924,Running,19,0,1,99,1,3,1.0000,1923.6,0,47.680,47.680,29.627,278.4,-1507.6,0.0,0,225652.8345,-1.0000
82.432,1906,1924,Running,18,0,1,99,1,3,1.0000,1923.6,0,47.680,47.680,29.627,239.5,-1296.6,0.0,0,248943.2407,-1.0000
82.448,1909,1924,Running,17,0,1,99,1,3,1.0000,1923.6,0,47.680,47.680,29.627,146.7,-794.2,0.0,0,125165.8122,-1.0000
82.465,1911,1924,Running,17,0,1,99,1,3,1.0000,1923.6,0,47.680,47.680,29.627,249.4,-1350.2,0.0,0,212109.4560,-1.0000
82.482,1913,1924,Running,16,0,1,99,1,3,1.0000,1923.6,0,47.680,47.680,29.627,252.8,-1368.7,0.0,0,211905.0361,-1.0000
82.498,1915,1924,Running,16,0,1,99,1,3,1.0000,1923.6,0,47.680,47.680,29.627,134.1,-726.3,0.0,0,205463.4207,-1.0000
82.515,1916,1924,Running,16,0,1,99,1,3,1.0000,1923.6,0,47.680,47.680,29.627,217.0,-1175.0,0.0,0,83008.6883,-1.0000
82.532,1917,1924,Running,16,0,1,99,1,3,1.0000,1923.6,0,47.680,47.680,29.627,229.0,-1239.8,0.0,0,199129.7886,-1.0000
82.548,1918,1924,Running,15,0,1,99,1,3,1.0000,1923.6,0,47.680,47.680,29.627,229.4,-1242.3,0.0,0,202018.1846,-1.0000
82.565,1919,1924,Running,15,0,1,99,1,3,1.0000,1923.6,0,47.680,47.680,29.627,87.0,-471.0,0.0,0,150370.1080,-1.0000
82.582,1921,1933,Running,14,0,1,99,1,3,1.0000,1933.2,0,47.920,47.920,29.776,189.9,-1028.3,0.0,0,143524.4442,-1.0000
82.598,1923,1933,Running,12,0,1,99,1,3,1.0000,1933.2,0,47.920,47.920,29.776,196.3,-1062.8,0.0,0,186774.9082,-1.0000
82.615,1924,1933,Running,11,0,1,99,1,3,1.0000,1933.2,0,47.920,47.920,29.776,199.0,-1077.7,0.0,0,177398.5726,-1.0000
82.632,1926,1933,Running,10,0,1,99,1,3,1.0000,1933.2,0,47.920,47.920,29.776,75.2,-407.0,0.0,0,94796.9502,-1.0000
82.648,1927,1933,Running,10,0,1,99,1,3,1.0000,1933.2,0,47.920,47.920,29.776,174.8,-946.5,0.0,0,150659.2036,-1.0000
82.665,1928,1933,Running,9,0,1,99,1,3,1.0000,1933.2,0,47.920,47.920,29.776,166.0,-898.6,0.0,0,174807.7460,-1.0000
82.682,1929,1933,Running,9,0,1,99,1,3,1.0000,1933.2,0,47.920,47.920,29.776,96.1,-520.2,0.0,0,196086.8766,-1.0000
82.698,1929,1933,Running,9,0,1,99,1,3,1.0000,1933.2,0,47.920,47.920,29.776,95.8,-518.5,0.0,0,49987.4140,-1.0000
82.715,1930,1933,Running,8,0,1,99,1,3,1.0000,1933.2,0,47.920,47.920,29.776,128.3,-694.8,0.0,0,118435.3243,-1.0000
82.732,1930,1933,Running,8,0,1,99,1,3,1.0000,1933.2,0,47.920,47.920,29.776,131.0,-709.1,0.0,0,138892.4449,-1.0000
82.748,1931,1933,Running,8,0,1,99,1,3,1.0000,1933.2,0,47.920,47.920,29.776,37.1,-201.1,0.0,0,111199.7798,-1.0000
82.762,1931,1933,Running,8,0,1,99,1,3,1.0000,1933.2,0,47.920,47.920,29.776,104.3,-564.7,0.0,0,66548.6651,-1.0000
82.782,1932,1936,Running,8,0,1,99,1,3,1.0000,1936.5,0,48.000,48.000,29.826,92.1,-498.4,0.0,0,144200.1998,-1.0000
82.798,1933,1936,Running,6,0,1,99,1,3,1.0000,1936.5,0,48.000,48.000,29.826,90.0,-487.4,0.0,0,118086.8415,-1.0000
82.815,1933,1936,Running,5,0,1,99,1,3,1.0000,1936.5,0,48.000,48.000,29.826,4.5,-24.6,0.0,0,49249.8127,-1.0000
82.832,1934,1936,Running,4,0,1,99,1,3,1.0000,1936.5,0,48.000,48.000,29.826,73.8,-399.5,0.0,0,78983.4770,-1.0000
82.848,1934,1936,Running,3,0,1,99,1,3,1.0000,1936.5,0,48.000,48.000,29.826,68.6,-371.5,0.0,0,106670.6192,-1.0000
82.865,1935,1936,Running,3,0,1,99,1,3,1.0000,1936.5,0,48.000,48.000,29.826,42.1,-227.9,0.0,0,117955.2373,-1.0000
82.882,1935,1936,Running,2,0,1,99,1,3,1.0000,1936.5,0,48.000,48.000,29.826,7.8,-42.4,0.0,0,39469.3373,-1.0000
82.898,1935,1936,Running,2,0,1,99,1,3,1.0000,1936.5,0,48.000,48.000,29.826,34.6,-187.2,0.0,0,54169.6363,-1.0000
82.915,1935,1936,Running,2,0,1,99,1,3,1.0000,1936.5,0,48.000,48.000,29.826,29.7,-161.0,0.0,0,76197.2236,-1.0000
82.932,1935,1936,Running,2,0,1,99,1,3,1.0000,1936.5,0,48.000,48.000,29.826,-22.2,120.0,0.0,0,53809.1642,-1.0000
82.949,1936,1936,Running,1,0,1,99,1,3,1.0000,1936.5,0,48.000,48.000,29.826,13.4,-72.8,0.0,0,27242.8709,-1.0000
82.965,1936,1936,Running,1,0,1,99,1,3,1.0000,1936.5,0,48.000,48.000,29.826,14.1,-76.4,0.0,0,63964.6380,-1.0000
82.982,1935,1930,Running,1,0,1,99,1,3,1.0000,1930.0,0,47.840,47.840,29.726,18.2,-98.4,0.0,0,62254.1542,-1.0000
82.999,1934,1927,Running,1,0,1,99,1,3,1.0000,1926.8,0,47.760,47.760,29.677,-37.3,201.8,0.0,0,16560.7447,-1.0000
83.015,1933,1927,Running,0,0,1,99,1,3,1.0000,1926.8,0,47.760,47.760,29.677,-9.4,51.2,0.0,0,12572.6401,-1.0000
83.032,1932,1927,Running,0,0,1,99,1,3,1.0000,1926.8,0,47.760,47.760,29.677,-15.7,85.2,0.0,0,53205.3507,-1.0000
83.048,1931,1927,Running,0,0,1,99,1,3,1.0000,1926.8,0,47.760,47.760,29.677,-16.0,86.5,0.0,0,49746.3762,-1.0000
83.065,1930,1927,Running,0,0,1,99,1,3,1.0000,1926.8,0,47.760,47.760,29.677,-48.0,260.0,0.0,0,16494.3765,-1.0000
83.082,1930,1927,Running,0,0,1,99,1,3,1.0000,1926.8,0,47.760,47.760,29.677,-20.0,108.2,0.0,0,13485.1098,-1.0000
83.098,1929,1927,Running,0,0,1,99,1,3,1.0000,1926.8,0,47.760,47.760,29.677,-24.3,131.7,0.0,0,37087.9870,-1.0000
83.115,1929,1927,Running,0,0,1,99,1,3,1.0000,1926.8,0,47.760,47.760,29.677,-54.1,293.1,0.0,0,32893.6815,-1.0000
83.132,1929,1927,Running,0,0,1,99,1,3,1.0000,1926.8,0,47.760,47.760,29.677,-41.8,226.5,0.0,0,4501.2758,-1.0000
83.148,1928,1927,Running,0,0,1,99,1,3,1.0000,1926.8,0,47.760,47.760,29.677,-36.3,196.5,0.0,0,8366.0967,-1.0000
83.165,1928,1927,Running,0,0,1,99,1,3,1.0000,1926.8,0,47.760,47.760,29.677,-33.3,180.1,0.0,0,35313.0611,-1.0000
83.182,1928,1927,Running,0,0,1,99,1,3,1.0000,1926.8,0,47.760,47.760,29.677,-61.1,330.7,0.0,0,3061.0084,-1.0000
83.198,1928,1927,Running,0,0,1,99,1,3,1.0000,1926.8,0,47.760,47.760,29.677,-40.2,217.7,0.0,0,12507.3423,-1.0000
83.215,1928,1927,Running,0,0,1,99,1,3,1.0000,1926.8,0,47.760,47.760,29.677,-41.9,227.0,0.0,0,30283.1132,-1.0000
83.232,1927,1927,Running,0,0,1,99,1,3,1.0000,1926.8,0,47.760,47.760,29.677,-45.2,244.6,0.0,0,26886.4493,-1.0000
83.249,1927,1927,Running,0,0,1,99,1,3,1.0000,1926.8,0,47.760,47.760,29.677,-69.1,374.0,0.0,0,6051.3455,-1.0000
83.265,1927,1927,Running,0,0,1,99,1,3,1.0000,1926.8,0,47.760,47.760,29.677,-46.5,251.7,0.0,0,-2850.2995,-1.0000
83.282,1927,1927,Running,0,0,1,99,1,3,1.0000,1926.8,0,47.760,47.760,29.677,-48.7,263.6,0.0,0,33943.2848,-1.0000
83.298,1927,1927,Running,0,0,1,99,1,3,1.0000,1926.8,0,47.760,47.760,29.677,-52.6,284.8,0.0,0,37308.6709,-1.0000
83.315,1927,1927,Running,0,0,1,99,1,3,1.0000,1926.8,0,47.760,47.760,29.677,-63.5,343.8,0.0,0,9591.0935,-1.0000
83.332,1927,1927,Running,0,0,1,99,1,3,1.0000,1926.8,0,47.760,47.760,29.677,-50.0,270.7,0.0,0,-1902.9977,-1.0000
83.349,1927,1927,Running,0,0,1,99,1,3,1.0000,1926.8,0,47.760,47.760,29.677,-52.0,281.6,0.0,0,23365.0105,-1.0000
83.365,1927,1927,Running,0,0,1,99,1,3,1.0000,1926.8,0,47.760,47.760,29.677,-73.5,397.8,0.0,0,13796.5967,-1.0000
83.382,1925,1896,Running,0,0,1,99,1,3,1.0000,1862.2,0,47.002,46.160,29.206,-14.0,75.9,0.0,0,14536.7928,-1.0000
83.399,1918,1866,Running,0,0,1,99,1,3,1.0000,1862.2,0,46.246,46.160,28.736,-9.7,52.6,0.0,0,8809.2753,-1.0000
83.415,1909,1862,Running,0,0,1,99,1,3,1.0000,1862.2,0,46.160,46.160,28.682,-44.7,242.0,0.0,0,29085.1574,-1.0000
83.432,1902,1862,Running,0,0,1,99,1,3,1.0000,1862.2,0,46.160,46.160,28.682,-71.1,385.1,0.0,0,-2137.2922,-1.0000
83.448,1896,1862,Running,0,0,1,99,1,3,1.0000,1862.2,0,46.160,46.160,28.682,-54.3,294.3,0.0,0,16867.0033,-1.0000
83.465,1891,1862,Running,0,0,1,99,1,3,1.0000,1862.2,0,46.160,46.160,28.682,-52.4,283.9,0.0,0,25257.8016,-1.0000
83.482,1886,1862,Running,0,0,1,99,1,3,1.0000,1862.2,0,46.160,46.160,28.682,-52.6,284.9,0.0,0,29990.9636,-1.0000
83.499,1883,1862,Running,0,0,1,99,1,3,1.0000,1862.2,0,46.160,46.160,28.682,-71.6,387.7,0.0,0,-3082.3692,-1.0000
83.515,1880,1862,Running,0,0,1,99,1,3,1.0000,1862.2,0,46.160,46.160,28.682,-54.4,294.6,0.0,0,5128.6854,-1.0000
83.532,1877,1862,Running,0,0,1,99,1,3,1.0000,1862.2,0,46.160,46.160,28.682,-56.7,307.2,0.0,0,32334.7308,-1.0000
83.549,1875,1862,Running,0,0,1,99,1,3,1.0000,1862.2,0,46.160,46.160,28.682,-55.6,301.1,0.0,0,28955.6946,-1.0000
83.565,1873,1862,Running,0,0,1,99,1,3,1.0000,1862.2,0,46.160,46.160,28.682,-73.3,396.8,0.0,0,9864.1455,-1.0000
83.582,1869,1832,Running,0,0,1,99,1,3,1.0000,1823.5,0,45.403,45.200,28.212,-12.4,67.1,0.0,0,-5033.5305,-1.0000
83.599,1862,1824,Running,0,0,1,99,1,3,1.0000,1823.5,0,45.200,45.200,28.086,-45.7,247.4,0.0,0,34113.4597,-1.0000
83.615,1856,1824,Running,0,0,1,99,1,3,1.0000,1823.5,0,45.200,45.200,28.086,-54.5,295.0,0.0,0,31852.3727,-1.0000
83.632,1851,1824,Running,0,0,1,99,1,3,1.0000,1823.5,0,45.200,45.200,28.086,-72.1,390.2,0.0,0,12422.3390,-1.0000
83.648,1847,1824,Running,0,0,1,99,1,3,1.0000,1823.5,0,45.200,45.200,28.086,-52.9,286.6,0.0,0,-2189.0368,-1.0000
83.665,1843,1824,Running,0,0,1,99,1,3,1.0000,1823.5,0,45.200,45.200,28.086,-56.6,306.2,0.0,0,33355.4897,-1.0000
83.682,1840,1824,Running,0,0,1,99,1,3,1.0000,1823.5,0,45.200,45.200,28.086,-55.4,299.9,0.0,0,34392.2737,-1.0000
83.698,1838,1824,Running,0,0,1,99,1,3,1.0000,1823.5,0,45.200,45.200,28.086,-71.3,386.1,0.0,0,14416.0004,-1.0000
83.715,1835,1824,Running,0,0,1,99,1,3,1.0000,1823.5,0,45.200,45.200,28.086,-53.0,287.2,0.0,0,1522.6661,-1.0000
83.732,1834,1824,Running,0,0,1,99,1,3,1.0000,1823.5,0,45.200,45.200,28.086,-55.9,302.6,0.0,0,33375.4348,-1.0000
83.748,1832,1824,Running,0,0,1,99,1,3,1.0000,1823.5,0,45.200,45.200,28.086,-57.2,309.8,0.0,0,36967.0119,-1.0000
83.765,1831,1824,Running,0,0,1,99,1,3,1.0000,1823.5,0,45.200,45.200,28.086,-69.9,378.3,0.0,0,15364.3668,-1.0000
83.782,1830,1824,Running,0,0,1,99,1,3,1.0000,1823.5,0,45.200,45.200,28.086,-53.2,288.1,0.0,0,3676.6388,-1.0000
83.798,1829,1824,Running,0,0,1,99,1,3,1.0000,1823.5,0,45.200,45.200,28.086,-55.4,299.8,0.0,0,33877.0596,-1.0000
83.815,1828,1824,Running,0,0,1,99,1,3,1.0000,1823.5,0,45.200,45.200,28.086,-60.3,326.6,0.0,0,39884.3262,-1.0000
83.832,1827,1824,Running,0,0,1,99,1,3,1.0000,1823.5,0,45.200,45.200,28.086,-67.6,366.2,0.0,0,14823.2582,-1.0000
83.848,1827,1824,Running,0,0,1,99,1,3,1.0000,1823.5,0,45.200,45.200,28.086,-53.5,289.8,0.0,0,4916.2459,-1.0000
83.865,1826,1824,Running,0,0,1,99,1,3,1.0000,1823.5,0,45.200,45.200,28.086,-54.9,297.4,0.0,0,34443.3675,-1.0000
83.882,1826,1824,Running,0,0,1,99,1,3,1.0000,1823.5,0,45.200,45.200,28.086,-64.3,348.2,0.0,0,43072.0292,-1.0000
83.898,1825,1824,Running,0,0,1,99,1,3,1.0000,1823.5,0,45.200,45.200,28.086,-64.8,350.6,0.0,0,12943.6707,-1.0000
83.915,1825,1824,Running,0,0,1,99,1,3,1.0000,1823.5,0,45.200,45.200,28.086,-53.9,291.9,0.0,0,5587.1878,-1.0000
83.932,1825,1824,Running,0,0,1,99,1,3,1.0000,1823.5,0,45.200,45.200,28.086,-54.6,295.6,0.0,0,34730.6880,-1.0000
83.948,1825,1824,Running,0,0,1,99,1,3,1.0000,1823.5,0,45.200,45.200,28.086,-68.5,370.9,0.0,0,41115.1768,-1.0000
83.965,1824,1824,Running,0,0,1,99,1,3,1.0000,1823.5,0,45.200,45.200,28.086,-61.6,333.4,0.0,0,14517.5951,-1.0000
83.982,1824,1824,Running,0,0,1,99,1,3,1.0000,1823.5,0,45.200,45.200,28.086,-54.4,294.6,0.0,0,5950.8908,-1.0000
83.999,1824,1824,Running,0,0,1,99,1,3,1.0000,1823.5,0,45.200,45.200,28.086,-54.4,294.8,0.0,0,35060.8621,-1.0000
84.015,1822,1793,Running,0,0,1,99,1,3,1.0000,1704.1,0,44.435,42.240,27.611,-29.3,158.5,0.0,0,37186.3497,-1.0000
84.032,1815,1762,Running,0,0,1,99,1,3,1.0000,1704.1,0,43.676,42.240,27.139,-16.0,86.6,0.0,0,17755.9475,-1.0000
84.048,1804,1732,Running,0,0,1,99,1,3,1.0000,1704.1,0,42.920,42.240,26.669,-10.1,54.5,0.0,0,6184.9137,-1.0000
84.065,1791,1704,Running,0,0,1,99,1,3,1.0000,1704.1,0,42.240,42.240,26.247,-14.0,75.7,0.0,0,32628.7834,-1.0000
84.082,1777,1704,Running,0,0,1,99,1,3,1.0000,1704.1,0,42.240,42.240,26.247,-62.1,336.4,0.0,0,37911.3623,-1.0000
84.099,1766,1704,Running,0,0,1,99,1,3,1.0000,1704.1,0,42.240,42.240,26.247,-64.9,351.4,0.0,0,8325.8827,-1.0000
84.115,1757,1704,Running,0,0,1,99,1,3,1.0000,1704.1,0,42.240,42.240,26.247,-51.8,280.6,0.0,0,-868.5889,-1.0000
84.132,1748,1704,Running,0,0,1,99,1,3,1.0000,1704.1,0,42.240,42.240,26.247,-54.9,297.5,0.0,0,30795.2480,-1.0000
84.148,1742,1704,Running,0,0,1,99,1,3,1.0000,1704.1,0,42.240,42.240,26.247,-53.3,288.6,0.0,0,35059.8201,-1.0000
84.165,1736,1704,Running,0,0,1,99,1,3,1.0000,1704.1,0,42.240,42.240,26.247,-70.0,379.0,0.0,0,16016.0202,-1.0000
84.182,1731,1704,Running,0,0,1,99,1,3,1.0000,1704.1,0,42.240,42.240,26.247,-48.3,261.7,0.0,0,-515.6890,-1.0000
84.198,1724,1674,Running,0,0,1,99,1,3,1.0000,1633.1,0,41.484,40.480,25.777,-9.7,52.5,0.0,0,44791.2084,-1.0000
84.215,1714,1643,Running,0,0,1,99,1,3,1.0000,1626.6,0,40.729,40.320,25.308,-7.2,39.0,0.0,0,37821.4297,-1.0000
84.232,1701,1627,Running,0,0,1,99,1,3,1.0000,1626.6,0,40.320,40.320,25.054,-49.1,266.0,0.0,0,-1249.5860,-1.0000
84.248,1690,1627,Running,0,0,1,99,1,3,1.0000,1626.6,0,40.320,40.320,25.054,-54.5,295.3,0.0,0,25459.2322,-1.0000
84.265,1680,1627,Running,0,0,1,99,1,3,1.0000,1626.6,0,40.320,40.320,25.054,-49.1,265.6,0.0,0,15227.7771,-1.0000
84.282,1672,1627,Running,0,0,1,99,1,3,1.0000,1626.6,0,40.320,40.320,25.054,-43.5,235.5,0.0,0,35398.2758,-1.0000
84.299,1665,1627,Running,0,0,1,99,1,3,1.0000,1626.6,0,40.320,40.320,25.054,-62.8,340.0,0.0,0,45041.5748,-1.0000
84.315,1659,1627,Running,0,0,1,99,1,3,1.0000,1626.6,0,40.320,40.320,25.054,-56.4,305.2,0.0,0,11333.7551,-1.0000
84.332,1654,1627,Running,0,0,1,99,1,3,1.0000,1626.6,0,40.320,40.320,25.054,-48.5,262.7,0.0,0,-1594.9825,-1.0000
84.349,1650,1627,Running,0,0,1,99,1,3,1.0000,1626.6,0,40.320,40.320,25.054,-51.7,279.9,0.0,0,30682.8261,-1.0000
84.365,1646,1627,Running,0,0,1,99,1,3,1.0000,1626.6,0,40.320,40.320,25.054,-46.6,252.1,0.0,0,37555.5127,-1.0000
84.382,1643,1627,Running,0,0,1,99,1,3,1.0000,1626.6,0,40.320,40.320,25.054,-65.5,354.6,0.0,0,13889.0953,-1.0000
84.399,1641,1627,Running,0,0,1,99,1,3,1.0000,1626.6,0,40.320,40.320,25.054,-48.5,262.5,0.0,0,15770.9226,-1.0000
84.415,1639,1627,Running,0,0,1,99,1,3,1.0000,1626.6,0,40.320,40.320,25.054,-49.8,269.6,0.0,0,31459.8403,-1.0000
84.432,1637,1627,Running,0,0,1,99,1,3,1.0000,1626.6,0,40.320,40.320,25.054,-47.3,256.4,0.0,0,32753.6765,-1.0000
84.448,1635,1627,Running,0,0,1,99,1,3,1.0000,1626.6,0,40.320,40.320,25.054,-69.5,376.4,0.0,0,25743.9291,-1.0000
84.465,1634,1627,Running,0,0,1,99,1,3,1.0000,1626.6,0,40.320,40.320,25.054,-45.9,248.5,0.0,0,31708.9994,-1.0000
84.482,1633,1627,Running,0,0,1,99,1,3,1.0000,1626.6,0,40.320,40.320,25.054,-44.0,238.0,0.0,0,11516.2352,-1.0000
84.498,1632,1627,Running,0,0,1,99,1,3,1.0000,1626.6,0,40.320,40.320,25.054,-47.9,259.4,0.0,0,32605.9752,-1.0000
84.515,1631,1627,Running,0,0,1,99,1,3,1.0000,1626.6,0,40.320,40.320,25.054,-51.9,281.2,0.0,0,35062.8343,-1.0000
84.532,1630,1627,Running,0,0,1,99,1,3,1.0000,1626.6,0,40.320,40.320,25.054,-68.3,369.6,0.0,0,15906.3135,-1.0000
84.548,1630,1627,Running,0,0,1,99,1,3,1.0000,1626.6,0,40.320,40.320,25.054,-41.6,225.2,0.0,0,2818.5715,-1.0000
84.565,1629,1627,Running,0,0,1,99,1,3,1.0000,1626.6,0,40.320,40.320,25.054,-46.5,251.5,0.0,0,49439.3094,-1.0000
84.582,1629,1627,Running,0,0,1,99,1,3,1.0000,1626.6,0,40.320,40.320,25.054,-45.8,248.0,0.0,0,37290.7231,-1.0000
84.598,1629,1627,Running,0,0,1,99,1,3,1.0000,1626.6,0,40.320,40.320,25.054,-72.5,392.5,0.0,0,8236.5172,-1.0000
84.615,1628,1627,Running,0,0,1,99,1,3,1.0000,1626.6,0,40.320,40.320,25.054,-50.6,274.1,0.0,0,33610.6706,-1.0000
84.632,1628,1627,Running,0,0,1,99,1,3,1.0000,1626.6,0,40.320,40.320,25.054,-42.5,229.9,0.0,0,16936.4833,-1.0000
84.648,1628,1627,Running,0,0,1,99,1,3,1.0000,1626.6,0,40.320,40.320,25.054,-40.8,220.9,0.0,0,43388.1279,-1.0000
84.665,1628,1627,Running,0,0,1,99,1,3,1.0000,1626.6,0,40.320,40.320,25.054,-56.9,308.3,0.0,0,45670.6950,-1.0000
84.682,1627,1627,Running,0,0,1,99,1,3,1.0000,1626.6,0,40.320,40.320,25.054,-62.5,338.3,0.0,0,10342.6806,-1.0000
84.698,1625,1596,Running,0,0,1,99,1,3,0.9812,1433.0,0,39.566,35.520,24.585,-4.8,26.0,0.0,0,279.9367,-1.0000
84.715,1618,1566,Running,0,0,1,99,1,3,0.9812,1433.0,0,38.814,35.520,24.118,-2.7,14.4,0.0,0,39185.5890,-1.0000
84.732,1608,1536,Running,0,0,1,99,1,3,0.9812,1433.0,0,38.063,35.520,23.651,1.4,-7.4,0.0,0,43017.4788,-1.0000
84.749,1594,1505,Running,0,0,1,99,1,3,0.9812,1433.0,0,37.297,35.520,23.176,-30.1,162.8,0.0,0,829.5948,-1.0000
84.765,1578,1474,Running,0,0,1,99,1,3,0.9812,1433.0,0,36.544,35.520,22.707,-4.6,24.9,0.0,0,32456.5561,-1.0000
84.782,1560,1444,Running,0,0,1,99,1,3,0.9812,1433.0,0,35.796,35.520,22.243,7.8,-42.4,0.0,0,13232.2941,-1.0000
84.798,1540,1433,Running,0,0,1,99,1,3,0.9812,1433.0,0,35.520,35.520,22.071,-32.0,173.3,0.0,0,20082.1284,-1.0000
84.815,1524,1433,Running,0,0,1,99,1,3,0.9812,1433.0,0,35.520,35.520,22.071,-36.6,198.3,0.0,0,34444.3399,-1.0000
84.832,1510,1433,Running,0,0,1,99,1,3,0.9812,1433.0,0,35.520,35.520,22.071,-68.5,370.8,0.0,0,1602.9830,-1.0000
84.849,1498,1433,Running,0,0,1,99,1,3,0.9812,1433.0,0,35.520,35.520,22.071,-46.2,250.3,0.0,0,31419.4296,-1.0000
84.865,1488,1433,Running,0,0,1,99,1,3,0.9812,1433.0,0,35.520,35.520,22.071,-31.5,170.5,0.0,0,13591.1538,-1.0000
84.882,1480,1433,Running,0,0,1,99,1,3,0.9812,1433.0,0,35.520,35.520,22.071,-46.3,250.7,0.0,0,22017.6194,-1.0000
84.898,1537,2053,Running,0,0,1,99,1,2,1.0000,2004.7,0,34.161,33.360,21.227,-891.9,7193.5,0.0,0,55758.2262,-1.0000
84.915,1613,2007,Running,0,0,1,99,1,2,1.0000,2004.7,0,33.403,33.360,20.755,-10.2,81.9,0.0,0,57422.5436,-1.0000
84.932,1673,2005,Running,0,0,1,99,1,2,1.0000,2004.7,0,33.360,33.360,20.729,-50.8,409.3,0.0,0,35252.0871,-1.0000
84.948,1724,2005,Running,0,0,1,99,1,2,1.0000,2004.7,0,33.360,33.360,20.729,-53.3,430.0,0.0,0,58321.5175,-1.0000
84.965,1767,2005,Running,0,0,1,99,1,2,1.0000,2004.7,0,33.360,33.360,20.729,-71.8,579.1,0.0,0,42171.6808,-1.0000
84.982,1804,2005,Running,0,0,1,99,1,2,1.0000,2004.7,0,33.360,33.360,20.729,-53.9,435.1,0.0,0,39589.9560,-1.0000
84.999,1835,2005,Running,0,0,1,99,1,2,1.0000,2004.7,0,33.360,33.360,20.729,-52.5,423.7,0.0,0,52456.0143,-1.0000
85.015,1861,2005,Running,0,0,1,99,1,2,1.0000,2004.7,0,33.360,33.360,20.729,-55.4,446.9,0.0,0,53254.2674,-1.0000
85.032,1883,2005,Running,0,0,1,99,1,2,1.0000,2004.7,0,33.360,33.360,20.729,-75.7,610.2,0.0,0,33023.4205,-1.0000
85.049,1902,2005,Running,0,0,1,99,1,2,1.0000,2004.7,0,33.360,33.360,20.729,-54.6,440.5,0.0,0,26811.8638,-1.0000
85.065,1917,2005,Running,0,0,1,99,1,2,1.0000,2004.7,0,33.360,33.360,20.729,-56.7,457.0,0.0,0,58405.4835,-1.0000
85.082,1931,2005,Running,0,0,1,99,1,2,1.0000,2004.7,0,33.360,33.360,20.729,-72.0,580.6,0.0,0,51939.1134,-1.0000
85.099,1942,2005,Running,0,0,1,99,1,2,1.0000,2004.7,0,33.360,33.360,20.729,-66.0,532.3,0.0,0,21524.8088,-1.0000
85.115,1952,2005,Running,0,0,1,99,1,2,1.0000,2004.7,0,33.360,33.360,20.729,-58.1,468.2,0.0,0,28608.3651,-1.0000
85.132,1960,2005,Running,0,0,1,99,1,2,1.0000,2004.7,0,33.360,33.360,20.729,-56.2,453.3,0.0,0,57358.2483,-1.0000
85.149,1967,2005,Running,0,0,1,99,1,2,1.0000,2004.7,0,33.360,33.360,20.729,-76.0,612.6,0.0,0,22811.8303,-1.0000
85.165,1973,2005,Running,0,0,1,99,1,2,1.0000,2004.7,0,33.360,33.360,20.729,-62.3,502.8,0.0,0,17747.1587,-1.0000
85.182,1978,2005,Running,0,0,1,99,1,2,1.0000,2004.7,0,33.360,33.360,20.729,-63.4,511.3,0.0,0,53511.8255,-1.0000
85.199,1978,1960,Running,0,0,1,99,1,2,1.0000,1802.8,0,32.608,30.000,20.262,-0.0,0.1,0.0,0,57483.2461,-1.0000
85.216,1972,1914,Running,0,0,1,99,1,2,1.0000,1793.2,0,31.850,29.840,19.791,-9.7,78.4,0.0,0,30339.4540,-1.0000
85.232,1959,1869,Running,0,0,1,99,1,2,1.0000,1793.2,0,31.101,29.840,19.325,3.2,-25.5,0.0,0,12728.8894,-1.0000
85.249,1942,1824,Running,0,0,1,99,1,2,1.0000,1793.2,0,30.352,29.840,18.860,3.9,-31.2,0.0,0,38952.8808,-1.0000
85.265,1920,1793,Running,0,0,1,99,1,2,1.0000,1793.2,0,29.840,29.840,18.542,-29.3,235.9,0.0,0,42710.1731,-1.0000
85.282,1901,1793,Running,0,0,1,99,1,2,1.0000,1793.2,0,29.840,29.840,18.542,-61.9,499.0,0.0,0,19499.6778,-1.0000
85.298,1884,1793,Running,0,0,1,99,1,2,1.0000,1793.2,0,29.840,29.840,18.542,-56.4,455.1,0.0,0,8718.1133,-1.0000
85.315,1870,1793,Running,0,0,1,99,1,2,1.0000,1793.2,0,29.840,29.840,18.542,-56.3,453.9,0.0,0,38420.1665,-1.0000
85.332,1858,1793,Running,0,0,1,99,1,2,1.0000,1793.2,0,29.840,29.840,18.542,-70.6,569.2,0.0,0,44456.9562,-1.0000
85.348,1848,1793,Running,0,0,1,99,1,2,1.0000,1793.2,0,29.840,29.840,18.542,-62.3,502.3,0.0,0,20722.6624,-1.0000
85.365,1840,1793,Running,0,0,1,99,1,2,1.0000,1793.2,0,29.840,29.840,18.542,-55.8,449.6,0.0,0,10070.7094,-1.0000
85.382,1833,1793,Running,0,0,1,99,1,2,1.0000,1793.2,0,29.840,29.840,18.542,-55.7,449.3,0.0,0,39756.7015,-1.0000
85.398,1823,1748,Running,0,0,1,99,1,2,1.0000,1677.8,0,29.084,27.920,18.072,-6.7,54.2,0.0,0,46485.1161,-1.0000
85.415,1808,1703,Running,0,0,1,99,1,2,1.0000,1677.8,0,28.333,27.920,17.605,0.5,-3.7,0.0,0,17346.9815,-1.0000
85.432,1789,1678,Running,0,0,1,99,1,2,1.0000,1677.8,0,27.920,27.920,17.349,-18.2,146.7,0.0,0,3469.8502,-1.0000
85.449,1772,1678,Running,0,0,1,99,1,2,1.0000,1677.8,0,27.920,27.920,17.349,-55.0,443.9,0.0,0,31349.6487,-1.0000
85.465,1757,1678,Running,0,0,1,99,1,2,1.0000,1677.8,0,27.920,27.920,17.349,-56.4,454.7,0.0,0,35803.0424,-1.0000
85.482,1745,1678,Running,0,0,1,99,1,2,1.0000,1677.8,0,27.920,27.920,17.349,-71.3,575.1,0.0,0,18099.3790,-1.0000
85.498,1735,1678,Running,0,0,1,99,1,2,1.0000,1677.8,0,27.920,27.920,17.349,-49.4,398.4,0.0,0,1348.8728,-1.0000
85.515,1726,1678,Running,0,0,1,99,1,2,1.0000,1677.8,0,27.920,27.920,17.349,-52.2,421.2,0.0,0,47831.5984,-1.0000
85.532,1719,1678,Running,0,0,1,99,1,2,1.0000,1677.8,0,27.920,27.920,17.349,-50.3,405.8,0.0,0,42978.7081,-1.0000
85.548,1712,1678,Running,0,0,1,99,1,2,1.0000,1677.8,0,27.920,27.920,17.349,-71.5,576.5,0.0,0,7389.1355,-1.0000
85.565,1707,1678,Running,0,0,1,99,1,2,1.0000,1677.8,0,27.920,27.920,17.349,-55.0,443.9,0.0,0,26647.9754,-1.0000
85.582,1703,1678,Running,0,0,1,99,1,2,1.0000,1677.8,0,27.920,27.920,17.349,-52.2,421.2,0.0,0,28150.3924,-1.0000
85.599,1695,1633,Running,0,0,1,99,1,2,1.0000,1581.7,0,27.176,26.320,16.886,10.9,-87.8,0.0,0,36433.8944,-1.0000
85.615,1682,1588,Running,0,0,1,99,1,2,1.0000,1581.7,0,26.420,26.320,16.416,-6.9,55.5,0.0,0,31742.9752,-1.0000
85.632,1667,1582,Running,0,0,1,99,1,2,1.0000,1581.7,0,26.320,26.320,16.354,-38.7,311.9,0.0,0,30595.2664,-1.0000
85.649,1654,1582,Running,0,0,1,99,1,2,1.0000,1581.7,0,26.320,26.320,16.354,-47.1,380.3,0.0,0,2549.6001,-1.0000
85.665,1643,1582,Running,0,0,1,99,1,2,1.0000,1581.7,0,26.320,26.320,16.354,-52.5,423.6,0.0,0,28681.1867,-1.0000
85.682,1633,1582,Running,0,0,1,99,1,2,1.0000,1581.7,0,26.320,26.320,16.354,-47.9,386.6,0.0,0,37069.4610,-1.0000
85.698,1625,1582,Running,0,0,1,99,1,2,1.0000,1581.7,0,26.320,26.320,16.354,-64.7,521.5,0.0,0,15581.8065,-1.0000
85.715,1619,1582,Running,0,0,1,99,1,2,1.0000,1581.7,0,26.320,26.320,16.354,-49.6,400.4,0.0,0,19310.9417,-1.0000
85.732,1613,1582,Running,0,0,1,99,1,2,1.0000,1581.7,0,26.320,26.320,16.354,-50.2,405.2,0.0,0,27777.0462,-1.0000
85.748,1608,1582,Running,0,0,1,99,1,2,1.0000,1581.7,0,26.320,26.320,16.354,-44.5,359.0,0.0,0,35961.7674,-1.0000
85.765,1604,1582,Running,0,0,1,99,1,2,1.0000,1581.7,0,26.320,26.320,16.354,-61.6,496.5,0.0,0,46749.2897,-1.0000
85.782,1597,1537,Running,0,0,1,99,1,2,0.9997,1509.6,0,25.575,25.120,15.892,9.5,-76.7,0.0,0,17793.6233,-1.0000
85.799,1584,1500,Running,0,0,1,99,1,2,0.9989,1500.0,0,24.960,24.960,15.509,4.1,-32.9,0.0,0,-4774.6683,-1.0000
85.815,1571,1500,Running,0,0,1,99,1,2,0.9989,1500.0,0,24.960,24.960,15.509,-41.6,335.9,0.0,0,36475.2019,-1.0000
85.832,1560,1500,Running,0,0,1,99,1,2,0.9989,1500.0,0,24.960,24.960,15.509,-40.6,327.1,0.0,0,40905.8917,-1.0000
85.849,1551,1500,Running,0,0,1,99,1,2,0.9989,1500.0,0,24.960,24.960,15.509,-74.4,600.4,0.0,0,6200.0631,-1.0000
85.865,1543,1500,Running,0,0,1,99,1,2,0.9989,1500.0,0,24.960,24.960,15.509,-42.5,342.6,0.0,0,37128.4031,-1.0000
85.882,1537,1500,Running,0,0,1,99,1,2,0.9989,1500.0,0,24.960,24.960,15.509,-38.0,306.7,0.0,0,12751.5193,-1.0000
85.898,1531,1500,Running,0,0,1,99,1,2,0.9989,1500.0,0,24.960,24.960,15.509,-48.0,387.1,0.0,0,27180.2987,-1.0000
85.915,1526,1500,Running,0,0,1,99,1,2,0.9989,1500.0,0,24.960,24.960,15.509,-40.9,329.7,0.0,0,38592.3049,-1.0000
85.932,1522,1500,Running,0,0,1,99,1,2,0.9989,1500.0,0,24.960,24.960,15.509,-64.0,516.5,0.0,0,11241.4553,-1.0000
85.948,1519,1500,Running,0,0,1,99,1,2,0.9989,1500.0,0,24.960,24.960,15.509,-50.1,403.9,0.0,0,27964.3927,-1.0000
85.965,1516,1500,Running,0,0,1,99,1,2,0.9989,1500.0,0,24.960,24.960,15.509,-37.5,302.2,0.0,0,20020.5555,-1.0000
85.982,1513,1500,Running,0,0,1,99,1,2,0.9989,1500.0,0,24.960,24.960,15.509,-35.9,289.5,0.0,0,42373.5334,-1.0000
85.999,1508,1455,Running,0,0,1,99,1,2,0.9791,1427.8,0,24.216,23.760,15.047,11.1,-89.6,0.0,0,30969.4711,-1.0000
86.015,1497,1428,Running,0,0,1,99,1,2,0.9791,1427.8,0,23.760,23.760,14.764,-22.2,178.8,0.0,0,11980.3287,-1.0000
86.032,1486,1428,Running,0,0,1,99,1,2,0.9791,1427.8,0,23.760,23.760,14.764,-42.2,340.3,0.0,0,15507.9510,-1.0000
86.049,1477,1428,Running,0,0,1,99,1,2,0.9791,1427.8,0,23.760,23.760,14.764,-40.6,327.2,0.0,0,21546.3096,-1.0000
86.066,1470,1428,Running,0,0,1,99,1,2,0.9791,1427.8,0,23.760,23.760,14.764,-29.7,239.3,0.0,0,40900.2513,-1.0000
86.082,1463,1428,Running,0,0,1,99,1,2,0.9791,1427.8,0,23.760,23.760,14.764,-48.9,394.4,0.0,0,28406.2291,-1.0000
86.099,1458,1428,Running,0,0,1,99,1,2,0.9791,1427.8,0,23.760,23.760,14.764,-58.4,471.3,0.0,0,12856.0328,-1.0000
86.115,1453,1428,Running,0,0,1,99,1,2,0.9791,1427.8,0,23.760,23.760,14.764,-43.9,353.8,0.0,0,18885.2283,-1.0000
86.132,1449,1428,Running,0,0,1,99,1,2,0.9791,1427.8,0,23.760,23.760,14.764,-36.9,297.9,0.0,0,22230.0545,-1.0000
86.149,1446,1428,Running,0,0,1,99,1,2,0.9791,1427.8,0,23.760,23.760,14.764,-30.4,245.1,0.0,0,41003.9588,-1.0000
86.165,1443,1428,Running,0,0,1,99,1,2,0.9791,1427.8,0,23.760,23.760,14.764,-47.0,378.7,0.0,0,30031.1597,-1.0000
86.182,1441,1428,Running,0,0,1,99,1,2,0.9791,1427.8,0,23.760,23.760,14.764,-57.1,460.7,0.0,0,13643.1305,-1.0000
86.199,1439,1428,Running,2,0,1,99,1,2,0.9791,1427.8,0,23.760,23.760,14.764,-44.5,359.1,0.0,0,22009.5520,-1.0000
86.216,1437,1428,Running,4,0,1,99,1,2,0.9791,1427.8,0,23.760,23.760,14.764,-32.8,264.6,0.0,0,22564.0510,-1.0000
86.232,1436,1428,Running,5,0,1,99,1,2,0.9791,1427.8,0,23.760,23.760,14.764,-31.4,253.1,0.0,0,39899.0291,-1.0000
86.249,1434,1428,Running,5,0,1,99,1,2,0.9791,1427.8,0,23.760,23.760,14.764,-43.8,353.6,0.0,0,32094.1673,-1.0000
86.265,1433,1428,Running,6,0,1,99,1,2,0.9791,1427.8,0,23.760,23.760,14.764,-56.1,452.8,0.0,0,14429.0614,-1.0000
86.282,1433,1428,Running,6,0,1,99,1,2,0.9791,1427.8,0,23.760,23.760,14.764,-41.7,336.4,0.0,0,26598.4019,-1.0000
86.299,1432,1428,Running,7,0,1,99,1,2,0.9791,1427.8,0,23.760,23.760,14.764,-23.5,189.6,0.0,0,26018.4250,-1.0000
86.315,1431,1428,Running,7,0,1,99,1,2,0.9791,1427.8,0,23.760,23.760,14.764,-25.5,205.8,0.0,0,42204.7670,-1.0000
86.332,1431,1428,Running,7,0,1,99,1,2,0.9791,1427.8,0,23.760,23.760,14.764,-31.4,252.9,0.0,0,40108.2786,-1.0000
86.349,1430,1428,Running,7,0,1,99,1,2,0.9791,1427.8,0,23.760,23.760,14.764,-51.7,416.8,0.0,0,19711.9983,-1.0000
86.365,1430,1428,Running,7,0,1,99,1,2,0.9791,1427.8,0,23.760,23.760,14.764,-30.0,241.6,0.0,0,33747.5890,-1.0000
86.382,1430,1428,Running,8,0,1,99,1,2,0.9791,1427.8,0,23.760,23.760,14.764,-6.3,51.0,0.0,0,34936.8529,-1.0000
86.399,1426,1385,Running,9,0,1,99,1,2,0.8843,1283.6,0,23.039,21.360,14.316,45.2,-364.8,0.0,0,43920.3125,-1.0000
86.415,1416,1342,Running,10,0,1,99,1,2,0.8843,1283.6,0,22.324,21.360,13.871,52.8,-426.1,0.0,0,50432.1828,-1.0000
86.432,1401,1297,Running,10,0,1,99,1,2,0.8843,1283.6,0,21.576,21.360,13.407,5.1,-41.4,0.0,0,18309.3547,-1.0000
86.449,1383,1284,Running,10,0,1,99,1,2,0.8843,1283.6,0,21.360,21.360,13.272,26.6,-214.9,0.0,0,44720.7270,-1.0000
86.465,1368,1284,Running,11,0,1,99,1,2,0.8843,1283.6,0,21.360,21.360,13.272,1.9,-15.1,0.0,0,8836.2742,-1.0000
86.482,1355,1284,Running,12,0,1,99,1,2,0.8843,1283.6,0,21.360,21.360,13.272,25.8,-208.2,0.0,0,61580.0386,-1.0000
86.499,1344,1284,Running,14,0,1,99,1,2,0.8843,1283.6,0,21.360,21.360,13.272,15.7,-126.2,0.0,0,45888.2780,-1.0000
86.516,1335,1284,Running,15,0,1,99,1,2,0.8843,1283.6,0,21.360,21.360,13.272,15.9,-128.0,0.0,0,65427.4857,-1.0000
86.532,1326,1284,Running,15,0,1,99,1,2,0.8843,1283.6,0,21.360,21.360,13.272,-25.4,204.6,0.0,0,16638.8136,-1.0000
86.549,1320,1286,Running,16,0,1,99,1,2,0.8843,1283.6,0,21.360,21.360,13.272,39.8,-321.3,0.0,0,39312.9684,-1.0000
86.565,1315,1291,Running,16,0,1,99,1,2,0.8843,1283.6,0,21.360,21.360,13.272,66.7,-538.2,0.0,0,79709.3622,-1.0000
86.582,1311,1293,Running,17,0,1,99,1,2,0.8843,1283.6,0,21.360,21.360,13.272,66.1,-533.1,0.0,0,58339.6748,-1.0000
86.599,1311,1317,Running,17,0,1,99,1,2,0.8843,1283.6,0,21.360,21.360,13.272,72.4,-584.3,0.0,0,96912.1096,-1.0000
86.615,1309,1275,Running,17,0,1,99,1,2,0.8843,1283.6,0,21.360,21.360,13.272,40.6,-327.3,0.0,0,84697.7487,-1.0000
86.632,1307,1315,Running,17,0,1,99,1,2,0.8843,1283.6,0,21.360,21.360,13.272,56.7,-457.6,0.0,0,35967.9488,-1.0000
86.649,1311,1349,Running,17,0,1,99,1,2,0.8843,1283.6,0,21.360,21.360,13.272,75.3,-607.2,0.0,0,76850.5157,-1.0000
86.665,1321,1399,Running,17,0,1,99,1,2,0.8843,1283.6,0,21.360,21.360,13.272,79.9,-644.3,0.0,0,107071.3524,-1.0000
86.682,1336,1439,Running,17,0,1,99,1,2,0.9074,1312.5,0,21.840,21.840,13.571,87.8,-707.8,0.0,0,128303.3314,-1.0000
86.698,1355,1447,Running,18,0,1,99,1,2,0.9074,1312.5,0,21.840,21.840,13.571,92.8,-748.2,0.0,0,165821.5912,-1.0000
86.715,1365,1441,Running,18,0,1,99,1,2,0.9074,1312.5,0,21.840,21.840,13.571,88.1,-710.9,0.0,0,22876.0620,-1.0000
86.732,1382,1499,Running,18,0,1,99,1,2,0.9074,1312.5,0,21.840,21.840,13.571,94.4,-761.7,0.0,0,130198.5915,-1.0000
86.749,1405,1561,Running,18,0,1,99,1,2,0.9074,1312.5,0,21.840,21.840,13.571,101.8,-821.2,0.0,0,138720.9772,-1.0000
86.765,1433,1617,Running,18,0,1,99,1,2,0.9074,1312.5,0,21.840,21.840,13.571,109.5,-882.8,0.0,0,153697.6898,-1.0000
86.782,1461,1574,Running,18,0,1,99,1,2,0.9074,1312.5,0,21.840,21.840,13.571,113.7,-916.8,0.0,0,181313.5881,-1.0000
86.798,1481,1619,Running,18,0,1,99,1,2,0.9074,1312.5,0,21.840,21.840,13.571,110.8,-893.6,0.0,0,99165.6865,-1.0000
86.815,1508,1678,Running,18,0,1,99,1,2,0.9074,1312.5,0,21.840,21.840,13.571,119.0,-961.2,0.0,0,150632.9443,-1.0000
86.832,1539,1735,Running,18,0,1,99,1,2,0.9074,1312.5,0,21.840,21.840,13.571,126.8,-1028.7,0.0,0,168980.2356,-1.0000
86.849,1572,1752,Running,18,0,1,99,1,2,0.9074,1312.5,0,21.840,21.840,13.571,133.9,-1091.3,0.0,0,206228.1743,-1.0000
86.865,1594,1738,Running,18,0,1,99,1,2,0.9074,1312.5,0,21.840,21.840,13.571,128.7,-1045.3,0.0,0,86523.6760,-1.0000
86.882,1619,1785,Running,19,0,1,99,1,2,0.9388,1355.7,0,22.560,22.560,14.018,139.2,-1131.1,0.0,0,164681.2140,-1.0000
86.899,1647,1827,Running,19,0,1,99,1,2,0.9388,1355.7,0,22.560,22.560,14.018,146.1,-1189.8,0.0,0,193280.4175,-1.0000
86.915,1677,1843,Running,20,0,1,99,1,2,0.9388,1355.7,0,22.560,22.560,14.018,152.7,-1247.5,0.0,0,215639.0738,-1.0000
86.932,1696,1814,Running,20,0,1,99,1,2,0.9388,1355.7,0,22.560,22.560,14.018,146.2,-1190.0,0.0,0,107337.8512,-1.0000
86.949,1717,1857,Running,20,0,1,99,1,2,0.9388,1355.7,0,22.560,22.560,14.018,151.4,-1235.8,0.0,0,178163.2647,-1.0000
86.965,1742,1897,Running,21,0,1,99,1,2,0.9388,1355.7,0,22.560,22.560,14.018,158.2,-1295.6,0.0,0,210325.7616,-1.0000
86.983,1767,1883,Running,21,0,1,99,1,2,0.9388,1355.7,0,22.560,22.560,14.018,164.2,-1347.8,0.0,0,258256.0113,-1.0000
86.999,1782,1880,Running,21,0,1,99,1,2,0.9388,1355.7,0,22.560,22.560,14.018,156.9,-1283.6,0.0,0,100509.1220,-1.0000
87.015,1801,1920,Running,21,0,1,99,1,2,0.9388,1355.7,0,22.560,22.560,14.018,163.5,-1341.9,0.0,0,189859.6708,-1.0000
87.032,1824,1965,Running,21,0,1,99,1,2,0.9388,1355.7,0,22.560,22.560,14.018,170.5,-1407.8,0.0,0,208516.3305,-1.0000
87.049,1845,1918,Running,21,0,1,99,1,2,0.9388,1355.7,0,22.560,22.560,14.018,173.4,-1440.3,0.0,0,215163.7558,-1.0000
87.065,1858,1959,Running,21,0,1,99,1,2,0.9388,1355.7,0,22.560,22.560,14.018,168.3,-1385.8,0.0,0,112262.1205,-1.0000
87.082,1876,1992,Running,24,0,1,99,1,2,0.9598,1389.4,0,23.120,23.120,14.366,179.4,-1478.7,0.0,0,240777.5930,-1.0000
87.098,1897,2024,Running,27,0,1,99,1,2,0.9651,1399.0,0,23.280,23.280,14.466,187.0,-1544.8,0.0,0,251943.2689,-1.0000
87.115,1910,1969,Running,28,0,1,99,1,2,0.9651,1399.0,0,23.280,23.280,14.466,182.9,-1507.2,0.0,0,134782.2581,-1.0000
87.132,1924,2027,Running,29,0,1,99,1,2,0.9651,1399.0,0,23.280,23.280,14.466,184.8,-1522.3,0.0,0,209882.3618,-1.0000
87.149,1944,2086,Running,30,0,1,99,1,2,0.9651,1399.0,0,23.280,23.280,14.466,195.2,-1635.1,0.0,0,257725.6409,-1.0000
87.165,1968,2063,Running,31,0,1,99,1,2,0.9651,1399.0,0,23.280,23.280,14.466,204.8,-1741.7,0.0,0,329704.4378,-1.0000
87.182,1986,2128,Running,31,0,1,99,1,2,0.9651,1399.0,0,23.280,23.280,14.466,200.7,-1696.2,0.0,0,115213.3761,-1.0000
87.198,2015,2216,Running,32,0,1,99,1,2,0.9651,1399.0,0,23.280,23.280,14.466,218.4,-1894.6,0.0,0,289217.3957,-1.0000
87.215,2053,2300,Running,32,0,1,99,1,2,0.9651,1399.0,0,23.280,23.280,14.466,236.7,-2102.4,0.0,0,323987.9702,-1.0000
87.232,2084,2287,Running,33,0,1,99,1,2,0.9651,1399.0,0,23.280,23.280,14.466,236.5,-2099.9,0.0,0,221338.6699,-1.0000
87.249,2124,2396,Running,33,0,1,99,1,2,0.9651,1399.0,0,23.280,23.280,14.466,253.7,-2298.6,0.0,0,310398.3914,-1.0000
87.265,2173,2487,Running,33,0,1,99,1,2,0.9651,1399.0,0,23.280,23.280,14.466,276.5,-2576.7,0.0,0,371955.5176,-1.0000
87.282,2215,2468,Running,33,0,1,99,1,2,0.9651,1399.0,0,23.280,23.280,14.466,277.3,-2587.5,0.0,0,249332.4407,-1.0000
87.298,2262,2572,Running,33,0,1,99,1,2,0.9651,1399.0,0,23.280,23.280,14.466,294.2,-2795.5,0.0,0,339242.8031,-1.0000
87.315,2316,2629,Running,33,0,1,99,1,2,0.9651,1399.0,0,23.280,23.280,14.466,316.1,-3068.5,0.0,0,395337.5911,-1.0000
87.332,2359,2630,Running,33,0,1,99,1,2,0.9651,1399.0,0,23.280,23.280,14.466,311.1,-3006.4,0.0,0,266498.0262,-1.0000
87.349,2407,2715,Running,34,0,1,99,1,2,0.9651,1399.0,0,23.280,23.280,14.466,330.7,-3251.9,0.0,0,394090.0972,-1.0000
87.365,2456,2673,Running,34,0,1,99,1,2,0.9651,1399.0,0,23.280,23.280,14.466,344.0,-3420.0,0.0,0,417671.1011,-1.0000
87.382,2494,2744,Running,34,0,1,99,1,2,1.0000,1543.2,0,24.321,25.680,15.113,351.0,-3432.8,0.0,0,271118.6952,-1.0000
87.399,2538,2809,Running,34,0,1,99,1,2,1.0000,1543.2,0,25.375,25.680,15.767,369.6,-3578.8,0.0,0,407614.9073,-1.0000
87.415,2572,2751,Running,34,0,1,99,1,2,1.0000,1543.2,0,25.680,25.680,15.957,366.2,-3470.4,0.0,0,320467.3811,-1.0000
87.432,2604,2815,Running,35,0,1,99,1,2,1.0000,1543.2,0,25.680,25.680,15.957,371.7,-3534.6,0.0,0,387108.7130,-1.0000
87.449,2640,2795,Running,35,0,1,99,1,2,1.0000,1543.2,0,25.680,25.680,15.957,386.0,-3712.0,0.0,0,463725.6295,-1.0000
87.465,2662,2811,Running,35,0,1,99,1,2,1.0000,1543.2,0,25.680,25.680,15.957,372.0,-3538.7,0.0,0,262292.9129,-1.0000
87.482,2690,2867,Running,35,0,1,99,1,2,1.0000,1596.1,0,26.560,26.560,16.504,387.9,-3691.6,0.0,0,436173.1274,-1.0000
87.499,2712,2801,Running,35,0,1,99,1,2,1.0000,1596.1,0,26.560,26.560,16.504,386.6,-3644.4,0.0,0,332952.9495,-1.0000
87.515,2731,2864,Running,35,0,1,99,1,2,1.0000,1596.1,0,26.560,26.560,16.504,385.7,-3633.4,0.0,0,387463.5565,-1.0000
87.532,2755,2871,Running,35,0,1,99,1,2,1.0000,1596.1,0,26.560,26.560,16.504,400.0,-3810.7,0.0,0,442589.5331,-1.0000
87.549,2767,2857,Running,35,0,1,99,1,2,1.0000,1596.1,0,26.560,26.560,16.504,384.6,-3620.4,0.0,0,288091.3340,-1.0000
87.565,2785,2905,Running,35,0,1,99,1,2,1.0000,1596.1,0,26.560,26.560,16.504,398.8,-3795.3,0.0,0,442850.7068,-1.0000
87.582,2799,2836,Running,36,0,1,99,1,2,1.0000,1596.1,0,26.560,26.560,16.504,397.6,-3781.2,0.0,0,354228.2057,-1.0000
87.599,2810,2902,Running,37,0,1,99,1,2,1.0000,1658.6,0,27.600,27.600,17.150,395.6,-3710.7,0.0,0,391017.6983,-1.0000
87.615,2828,2908,Running,38,0,1,99,1,2,1.0000,1668.2,0,27.760,27.760,17.249,411.1,-3844.2,0.0,0,452362.0962,-1.0000
87.632,2835,2902,Running,39,0,1,99,1,2,1.0000,1668.2,0,27.760,27.760,17.249,396.2,-3659.7,0.0,0,300918.2131,-1.0000
87.649,2850,2963,Running,39,0,1,99,1,2,1.0000,1668.2,0,27.760,27.760,17.249,413.1,-3867.2,0.0,0,465855.5077,-1.0000
87.665,2863,2905,Running,39,0,1,99,1,2,1.0000,1668.2,0,27.760,27.760,17.249,412.7,-3862.8,0.0,0,354820.6010,-1.0000
87.682,2875,2985,Running,39,0,1,99,1,2,1.0000,1668.2,0,27.760,27.760,17.249,416.2,-3905.9,0.0,0,419438.5630,-1.0000
87.699,2895,2943,Running,40,0,1,99,1,2,1.0000,1668.2,0,27.760,27.760,17.249,432.9,-4111.9,0.0,0,518169.2221,-1.0000
87.715,2905,2998,Running,40,0,1,99,1,2,1.0000,1668.2,0,27.760,27.760,17.249,420.7,-3961.2,0.0,0,305958.0680,-1.0000
87.732,2925,3072,Running,40,0,1,99,1,2,1.0000,1668.2,0,27.760,27.760,17.249,441.8,-4223.6,0.0,0,458386.3756,-1.0000
87.749,2938,3006,Running,40,0,1,99,1,2,1.0000,1740.3,0,28.857,28.960,17.931,435.6,-4096.6,0.0,0,379793.2865,-1.0000
87.765,2956,3086,Running,40,0,1,99,1,2,1.0000,1740.3,0,28.960,28.960,17.995,446.0,-4164.8,0.0,0,454554.6813,-1.0000
87.782,2974,3021,Running,40,0,1,99,1,2,1.0000,1740.3,0,28.960,28.960,17.995,454.0,-4263.8,0.0,0,444294.8815,-1.0000
87.798,2987,3092,Running,40,0,1,99,1,2,1.0000,1740.3,0,28.960,28.960,17.995,449.1,-4202.4,0.0,0,405725.0190,-1.0000
87.815,3008,3091,Running,40,0,1,99,1,2,1.0000,1740.3,0,28.960,28.960,17.995,467.4,-4429.8,0.0,0,494562.1436,-1.0000
87.832,3017,3092,Running,40,0,1,99,1,2,1.0000,1740.3,0,28.960,28.960,17.995,451.5,-4232.3,0.0,0,349171.6956,-1.0000
87.849,3034,3161,Running,40,0,1,99,1,2,1.0000,1740.3,0,28.960,28.960,17.995,469.8,-4459.3,0.0,0,475579.3645,-1.0000
87.865,3044,3085,Running,40,0,1,99,1,2,1.0000,1740.3,0,28.960,28.960,17.995,460.7,-4346.6,0.0,0,392749.3515,-1.0000
87.882,3056,3157,Running,40,0,1,99,1,2,1.0000,1740.3,0,28.960,28.960,17.995,467.7,-4433.6,0.0,0,460952.5778,-1.0000
87.899,3067,3075,Running,40,0,1,99,1,2,1.0000,1740.3,0,28.960,28.960,17.995,471.0,-4474.4,0.0,0,435940.4288,-1.0000
87.915,3075,3151,Running,40,0,1,99,1,2,1.0000,1740.3,0,28.960,28.960,17.995,465.9,-4410.9,0.0,0,422394.3760,-1.0000
87.932,3089,3095,Running,40,0,1,99,1,2,1.0000,1740.3,0,28.960,28.960,17.995,480.7,-4594.4,0.0,0,538293.3913,-1.0000
87.949,3092,3142,Running,40,0,1,99,1,2,1.0000,1740.3,0,28.960,28.960,17.995,463.8,-4384.6,0.0,0,322598.9382,-1.0000
87.965,3104,3191,Running,40,0,1,99,1,2,1.0000,1740.3,0,28.960,28.960,17.995,481.7,-4606.9,0.0,0,495438.2388,-1.0000
87.982,3106,3129,Running,40,0,1,99,1,2,1.0000,1740.3,0,28.960,28.960,17.995,467.2,-4426.7,0.0,0,367514.9126,-1.0000
87.999,3114,3180,Running,40,0,1,99,1,2,1.0000,1740.3,0,28.960,28.960,17.995,477.9,-4559.9,0.0,0,491248.8651,-1.0000
88.015,3118,3113,Running,40,0,1,99,1,2,1.0000,1740.3,0,28.960,28.960,17.995,474.5,-4517.4,0.0,0,398453.6049,-1.0000
88.032,3122,3168,Running,40,0,1,99,1,2,1.0000,1740.3,0,28.960,28.960,17.995,474.2,-4513.6,0.0,0,463024.8955,-1.0000
88.048,3129,3099,Running,40,0,1,99,1,2,1.0000,1740.3,0,28.960,28.960,17.995,481.9,-4609.7,0.0,0,500147.8335,-1.0000
88.065,3129,3156,Running,40,0,1,99,1,2,1.0000,1966.3,0,30.083,32.720,18.693,469.6,-4403.2,0.0,0,364034.0413,-1.0000
88.082,3137,3169,Running,40,0,1,99,1,2,1.0000,1966.3,0,31.215,32.720,19.396,486.3,-4502.3,0.0,0,502290.3123,-1.0000
88.099,3134,3137,Running,40,0,1,99,1,2,1.0000,1966.3,0,32.319,32.720,20.082,466.8,-4171.7,0.0,0,361149.2057,-1.0000
88.115,3140,3200,Running,40,0,1,99,1,2,1.0000,1966.3,0,32.720,32.720,20.331,481.9,-4278.8,0.0,0,490329.7989,-1.0000
88.132,3139,3120,Running,40,0,1,99,1,2,1.0000,1966.3,0,32.720,32.720,20.331,472.7,-4169.1,0.0,0,393606.4308,-1.0000
88.149,3142,3183,Running,40,0,1,99,1,2,1.0000,1966.3,0,32.720,32.720,20.331,477.2,-4219.4,0.0,0,465059.0978,-1.0000
88.165,3143,3100,Running,40,0,1,99,1,2,1.0000,1966.3,0,32.720,32.720,20.331,478.2,-4231.4,0.0,0,434218.2902,-1.0000
88.182,3142,3165,Running,40,0,1,99,1,2,1.0000,1966.3,0,32.720,32.720,20.331,471.6,-4155.9,0.0,0,425559.5910,-1.0000
88.199,3147,3096,Running,40,0,1,99,1,2,1.0000,1966.3,0,32.720,32.720,20.331,482.9,-4284.6,0.0,0,540199.9573,-1.0000
88.215,3141,3143,Running,39,0,1,99,1,2,1.0000,1966.3,0,32.720,32.720,20.331,464.8,-4078.6,0.0,0,319017.6854,-1.0000
88.232,3146,3188,Running,39,0,1,99,1,2,1.0000,1966.3,0,32.720,32.720,20.331,481.7,-4270.5,0.0,0,500098.1245,-1.0000
88.249,3141,3124,Running,39,0,1,99,1,2,1.0000,2086.5,0,33.814,34.720,21.011,465.8,-4050.6,0.0,0,355930.9181,-1.0000
88.265,3142,3169,Running,39,0,1,99,1,2,1.0000,2086.5,0,34.720,34.720,21.574,475.3,-4079.8,0.0,0,494810.1458,-1.0000
88.282,3139,3099,Running,39,0,1,99,1,2,1.0000,2086.5,0,34.720,34.720,21.574,469.9,-3991.3,0.0,0,388666.3437,-1.0000
88.299,3137,3142,Running,39,0,1,99,1,2,1.0000,2086.5,0,34.720,34.720,21.574,467.8,-3968.3,0.0,0,458961.3858,-1.0000
88.315,3137,3070,Running,39,0,1,99,1,2,1.0000,2086.5,0,34.720,34.720,21.574,473.1,-4027.5,0.0,0,491040.9978,-1.0000
88.332,3131,3120,Running,39,0,1,99,1,2,1.0000,2086.5,0,34.720,34.720,21.574,459.6,-3875.8,0.0,0,351713.7019,-1.0000
88.349,3133,3140,Running,38,0,1,99,1,2,1.0000,2086.5,0,34.720,34.720,21.574,474.8,-4046.0,0.0,0,491982.9156,-1.0000
88.365,3125,3100,Running,38,0,1,99,1,2,1.0000,2086.5,0,34.720,34.720,21.574,455.9,-3834.6,0.0,0,343894.7034,-1.0000
88.382,3125,3146,Running,38,0,1,99,1,2,1.0000,2086.5,0,34.720,34.720,21.574,467.9,-3968.6,0.0,0,493651.9604,-1.0000
88.398,3119,3069,Running,38,0,1,99,1,2,1.0000,2086.5,0,34.720,34.720,21.574,458.7,-3866.6,0.0,0,374326.6312,-1.0000
88.415,3115,3116,Running,38,0,1,99,1,2,1.0000,2086.5,0,34.720,34.720,21.574,459.2,-3871.7,0.0,0,467066.5286,-1.0000
88.432,3114,3046,Running,38,0,1,99,1,2,1.0000,2221.1,0,35.800,36.960,22.245,463.7,-3885.8,0.0,0,448389.4422,-1.0000
88.449,3107,3092,Running,37,0,1,99,1,2,1.0000,2221.1,0,36.865,36.960,22.907,452.2,-3711.9,0.0,0,380397.8901,-1.0000
88.465,3108,3091,Running,37,0,1,99,1,2,1.0000,2235.5,0,37.200,37.200,23.115,465.1,-3813.3,0.0,0,476444.4805,-1.0000
88.482,3098,3057,Running,37,0,1,99,1,2,1.0000,2235.5,0,37.200,37.200,23.115,444.3,-3630.2,0.0,0,337658.5002,-1.0000
88.499,3096,3103,Running,37,0,1,99,1,2,1.0000,2235.5,0,37.200,37.200,23.115,455.8,-3730.5,0.0,0,474437.8712,-1.0000
88.515,3088,3025,Running,37,0,1,99,1,2,1.0000,2235.5,0,37.200,37.200,23.115,445.4,-3640.0,0.0,0,365807.2601,-1.0000
88.532,3081,3060,Running,37,0,1,99,1,2,1.0000,2235.5,0,37.200,37.200,23.115,444.7,-3633.2,0.0,0,453322.8377,-1.0000
88.548,3076,2983,Running,37,0,1,99,1,2,1.0000,2235.5,0,37.200,37.200,23.115,446.8,-3651.7,0.0,0,448085.6172,-1.0000
88.565,3065,3024,Running,36,0,1,99,1,2,1.0000,2235.5,0,37.200,37.200,23.115,432.5,-3526.8,0.0,0,342008.1273,-1.0000
88.582,3061,3047,Running,36,0,1,99,1,2,1.0000,2235.5,0,37.200,37.200,23.115,444.2,-3629.4,0.0,0,473482.9692,-1.0000
88.599,3048,2991,Running,36,0,1,99,1,2,1.0000,2235.5,0,37.200,37.200,23.115,425.8,-3468.2,0.0,0,314838.0781,-1.0000
88.615,3043,3031,Running,36,0,1,99,1,2,1.0000,2235.5,0,37.200,37.200,23.115,435.4,-3551.8,0.0,0,465269.5318,-1.0000
88.632,3035,2952,Running,36,0,1,99,1,2,1.0000,2235.5,0,37.200,37.200,23.115,430.4,-3508.2,0.0,0,370872.3962,-1.0000
88.649,3027,3005,Running,36,0,1,99,1,3,1.0000,1578.2,0,38.192,39.120,23.732,426.1,-2852.9,0.0,0,411676.7486,-1.0000
88.665,3024,2947,Running,36,0,1,99,1,3,1.0000,1578.2,0,39.120,39.120,24.308,435.7,-2893.9,0.0,0,507115.6014,-1.0000
88.682,3013,2973,Running,36,0,1,99,1,3,1.0000,1578.2,0,39.120,39.120,24.308,417.6,-2723.4,0.0,0,295721.5090,-1.0000
88.699,3011,3022,Running,36,0,1,99,1,3,1.0000,1578.2,0,39.120,39.120,24.308,431.3,-2838.4,0.0,0,439019.5537,-1.0000
88.715,3003,2945,Running,36,0,1,99,1,3,1.0000,1578.2,0,39.120,39.120,24.308,420.6,-2748.5,0.0,0,358679.4394,-1.0000
88.732,2998,2992,Running,36,0,1,99,1,3,1.0000,1578.2,0,39.120,39.120,24.308,423.8,-2775.6,0.0,0,440977.0455,-1.0000
88.749,2996,2922,Running,36,0,1,99,1,3,1.0000,1578.2,0,39.120,39.120,24.308,428.7,-2816.4,0.0,0,441405.5044,-1.0000
88.765,2989,2976,Running,36,0,1,99,1,3,1.0000,1578.2,0,39.120,39.120,24.308,416.5,-2714.0,0.0,0,325426.6578,-1.0000
88.782,2990,3012,Running,36,0,1,99,1,3,1.0000,1578.2,0,39.120,39.120,24.308,430.8,-2834.4,0.0,0,470630.6118,-1.0000
88.799,2983,2951,Running,36,0,1,99,1,3,1.0000,1578.2,0,39.120,39.120,24.308,415.8,-2707.8,0.0,0,318180.7756,-1.0000
88.815,2982,3005,Running,36,0,1,99,1,3,1.0000,1578.2,0,39.120,39.120,24.308,425.5,-2789.6,0.0,0,443214.8587,-1.0000
88.832,2980,2921,Running,37,0,1,99,1,3,1.0000,1652.5,0,39.120,40.960,24.308,424.7,-2782.9,0.0,0,396029.6316,-1.0000
88.848,2976,2978,Running,36,0,1,99,1,3,1.0000,1652.5,0,40.100,40.960,24.917,418.6,-2711.9,0.0,0,396967.3043,-1.0000
88.865,2980,2970,Running,36,0,1,99,1,3,1.0000,1652.5,0,40.960,40.960,25.451,431.3,-2778.5,0.0,0,464621.1062,-1.0000
88.882,2972,2954,Running,36,0,1,99,1,3,1.0000,1652.5,0,40.960,40.960,25.451,412.8,-2609.7,0.0,0,310683.6705,-1.0000
88.899,2974,3004,Running,36,0,1,99,1,3,1.0000,1652.5,0,40.960,40.960,25.451,426.4,-2722.3,0.0,0,465731.5567,-1.0000
88.915,2971,2933,Running,36,0,1,99,1,3,1.0000,1652.5,0,40.960,40.960,25.451,420.3,-2672.1,0.0,0,344241.8464,-1.0000
88.932,2969,2982,Running,36,0,1,99,1,3,1.0000,1652.5,0,40.960,40.960,25.451,419.9,-2668.7,0.0,0,423262.0626,-1.0000
88.949,2972,2918,Running,36,0,1,99,1,3,1.0000,1652.5,0,40.960,40.960,25.451,428.9,-2743.5,0.0,0,500798.9434,-1.0000
88.965,2967,2965,Running,36,0,1,99,1,3,1.0000,1652.5,0,40.960,40.960,25.451,413.9,-2618.8,0.0,0,283412.5975,-1.0000
88.982,2970,3015,Running,36,0,1,99,1,3,1.0000,1652.5,0,40.960,40.960,25.451,428.5,-2740.3,0.0,0,449648.1987,-1.0000
88.999,2967,2936,Running,36,0,1,99,1,3,1.0000,1652.5,0,40.960,40.960,25.451,417.2,-2646.2,0.0,0,359594.9235,-1.0000
89.015,2967,2993,Running,36,0,1,99,1,3,1.0000,1652.5,0,40.960,40.960,25.451,423.0,-2694.0,0.0,0,428576.3179,-1.0000
89.032,2969,2916,Running,36,0,1,99,1,3,1.0000,1729.9,0,41.940,42.880,26.060,426.2,-2701.2,0.0,0,433466.9951,-1.0000
89.049,2965,2969,Running,36,0,1,99,1,3,1.0000,1729.9,0,42.880,42.880,26.644,415.4,-2572.8,0.0,0,345896.4263,-1.0000
89.065,2969,3002,Running,36,0,1,99,1,3,1.0000,1729.9,0,42.880,42.880,26.644,429.9,-2673.2,0.0,0,465236.6188,-1.0000
89.082,2964,2947,Running,36,0,1,99,1,3,1.0000,1729.9,0,42.880,42.880,26.644,413.2,-2535.7,0.0,0,310342.0947,-1.0000
89.099,2965,2998,Running,36,0,1,99,1,3,1.0000,1729.9,0,42.880,42.880,26.644,423.8,-2623.1,0.0,0,453350.1266,-1.0000
89.116,2965,2916,Running,36,0,1,99,1,3,1.0000,1729.9,0,42.880,42.880,26.644,422.1,-2608.9,0.0,0,382956.5740,-1.0000
89.132,2962,2978,Running,36,0,1,99,1,3,1.0000,1729.9,0,42.880,42.880,26.644,417.5,-2571.0,0.0,0,400731.4105,-1.0000
89.149,2967,2954,Running,36,0,1,99,1,3,1.0000,1729.9,0,42.880,42.880,26.644,430.1,-2674.8,0.0,0,480681.3821,-1.0000
89.165,2961,2951,Running,36,0,1,99,1,3,1.0000,1729.9,0,42.880,42.880,26.644,411.9,-2525.2,0.0,0,305520.1142,-1.0000
89.182,2964,3005,Running,36,0,1,99,1,3,1.0000,1729.9,0,42.880,42.880,26.644,426.4,-2644.3,0.0,0,452417.8593,-1.0000
89.199,2963,2934,Running,35,0,1,99,1,3,1.0000,1729.9,0,42.880,42.880,26.644,419.3,-2585.8,0.0,0,348440.7044,-1.0000
89.215,2962,2982,Running,35,0,1,99,1,3,1.0000,1800.9,0,43.849,44.640,27.246,420.2,-2574.3,0.0,0,425953.4981,-1.0000
89.232,2965,2908,Running,33,0,1,99,1,3,1.0000,1800.9,0,44.640,44.640,27.738,427.1,-2593.8,0.0,0,485940.7817,-1.0000
89.249,2959,2948,Running,33,0,1,99,1,3,1.0000,1800.9,0,44.640,44.640,27.738,410.5,-2454.0,0.0,0,282462.6605,-1.0000
89.265,2960,2980,Running,32,0,1,99,1,3,1.0000,1800.9,0,44.640,44.640,27.738,421.1,-2535.5,0.0,0,440597.7210,-1.0000
89.282,2951,2889,Running,32,0,1,99,1,3,1.0000,1800.9,0,44.640,44.640,27.738,405.9,-2419.3,0.0,0,341497.2450,-1.0000
89.299,2945,2917,Running,31,0,1,99,1,3,1.0000,1800.9,0,44.640,44.640,27.738,405.6,-2416.8,0.0,0,404297.7693,-1.0000
89.315,2938,2829,Running,31,0,1,99,1,3,1.0000,1800.9,0,44.640,44.640,27.738,404.1,-2405.3,0.0,0,411452.8707,-1.0000
89.332,2923,2855,Running,31,0,1,99,1,3,1.0000,1800.9,0,44.640,44.640,27.738,387.1,-2276.0,0.0,0,290208.2383,-1.0000
89.349,2914,2875,Running,31,0,1,99,1,3,1.0000,1800.9,0,44.640,44.640,27.738,393.6,-2325.0,0.0,0,413487.1849,-1.0000
89.365,2896,2781,Running,31,0,1,99,1,3,1.0000,1800.9,0,44.640,44.640,27.738,377.0,-2199.2,0.0,0,309974.5735,-1.0000
89.382,2881,2804,Running,31,0,1,99,1,3,1.0000,1800.9,0,44.640,44.640,27.738,375.2,-2185.9,0.0,0,382651.8405,-1.0000
89.399,2868,2726,Running,29,0,1,99,1,3,1.0000,1800.9,0,44.640,44.640,27.738,376.6,-2196.0,0.0,0,413682.2273,-1.0000
89.415,2847,2744,Running,28,0,1,99,1,3,1.0000,1800.9,0,44.640,44.640,27.738,358.2,-2057.0,0.0,0,243914.7298,-1.0000
89.432,2833,2765,Running,27,0,1,99,1,3,1.0000,1871.9,0,45.568,46.400,28.315,364.5,-2091.7,0.0,0,379529.3172,-1.0000
89.449,2815,2672,Running,26,0,1,99,1,3,1.0000,1871.9,0,46.400,46.400,28.832,353.4,-1982.9,0.0,0,284309.3982,-1.0000
89.465,2794,2685,Running,26,0,1,99,1,3,1.0000,1871.9,0,46.400,46.400,28.832,344.8,-1907.8,0.0,0,339229.8702,-1.0000
89.482,2778,2680,Running,25,0,1,99,1,3,1.0000,1871.9,0,46.400,46.400,28.832,346.9,-1922.8,0.0,0,364825.5865,-1.0000
89.499,2751,2596,Running,25,0,1,99,1,3,1.0000,1871.9,0,46.400,46.400,28.832,326.3,-1796.0,0.0,0,241275.7436,-1.0000
89.515,2728,2597,Running,25,0,1,99,1,3,1.0000,1871.9,0,46.400,46.400,28.832,324.4,-1784.5,0.0,0,338754.9296,-1.0000
89.532,2707,2520,Running,25,0,1,99,1,3,1.0000,1871.9,0,46.400,46.400,28.832,322.0,-1770.5,0.0,0,365993.0736,-1.0000
89.549,2675,2506,Running,25,0,1,99,1,3,1.0000,1871.9,0,46.400,46.400,28.832,301.0,-1646.6,0.0,0,160556.7326,-1.0000
89.554,2649,2510,Running,25,0,1,99,1,3,1.0000,1871.9,0,46.400,46.400,28.832,301.5,-1649.8,0.0,0,316728.6919,-1.0000
89.554,2624,2419,Running,25,0,1,99,1,3,1.0000,1871.9,0,46.400,46.400,28.832,297.0,-1623.6,0.0,0,321022.1846,-1.0000
89.599,2592,2418,Running,22,0,1,99,1,3,1.0000,1913.9,0,47.280,47.440,29.379,280.4,-1523.6,0.0,0,203556.4742,-1.0000
89.615,2566,2423,Running,19,0,1,99,1,3,1.0000,1917.1,0,47.520,47.520,29.528,281.8,-1528.4,0.0,0,288008.7171,-1.0000
89.632,2540,2330,Running,18,0,1,99,1,3,1.0000,1917.1,0,47.520,47.520,29.528,275.8,-1494.8,0.0,0,284221.6312,-1.0000
89.649,2506,2315,Running,16,0,1,99,1,3,1.0000,1917.1,0,47.520,47.520,29.528,258.7,-1400.7,0.0,0,186899.0844,-1.0000
89.665,2476,2301,Running,15,0,1,99,1,3,1.0000,1917.1,0,47.520,47.520,29.528,255.8,-1385.0,0.0,0,247487.9430,-1.0000
89.682,2443,2081,Running,15,0,1,99,1,3,1.0000,1917.1,0,47.520,47.520,29.528,415.0,-2247.2,0.0,0,277673.4237,-1.0000
89.699,2364,1917,Running,14,0,1,99,1,3,1.0000,1917.1,0,47.520,47.520,29.528,430.8,-2332.7,0.0,0,69562.3100,-1.0000
89.715,2296,1917,Running,14,0,1,99,1,3,1.0000,1917.1,0,47.520,47.520,29.528,222.4,-1204.2,0.0,0,176611.9009,-1.0000
89.732,2237,1917,Running,14,0,1,99,1,3,1.0000,1917.1,0,47.520,47.520,29.528,213.2,-1154.6,0.0,0,181646.5037,-1.0000
89.749,2188,1917,Running,14,0,1,99,1,3,1.0000,1917.1,0,47.520,47.520,29.528,73.6,-398.3,0.0,0,135156.7780,-1.0000
89.765,2146,1917,Running,14,0,1,99,1,3,1.0000,1917.1,0,47.520,47.520,29.528,176.9,-957.7,0.0,0,118210.2478,-1.0000
89.783,2111,1917,Running,11,0,1,99,1,3,1.0000,1917.1,0,47.520,47.520,29.528,169.9,-919.7,0.0,0,178773.8360,-1.0000
89.799,2083,1933,Running,9,0,1,99,1,3,1.0000,1933.2,0,47.920,47.920,29.776,149.0,-806.5,0.0,0,158443.4723,-1.0000
89.816,2060,1933,Running,7,0,1,99,1,3,1.0000,1933.2,0,47.920,47.920,29.776,56.6,-306.7,0.0,0,81260.9697,-1.0000
89.832,2041,1933,Running,6,0,1,99,1,3,1.0000,1933.2,0,47.920,47.920,29.776,149.9,-811.4,0.0,0,131435.0665,-1.0000
89.849,2024,1933,Running,5,0,1,99,1,3,1.0000,1933.2,0,47.920,47.920,29.776,139.8,-756.9,0.0,0,153863.7751,-1.0000
89.865,2011,1940,Running,4,0,1,99,1,3,1.0000,1939.7,0,48.080,48.080,29.876,75.9,-411.1,0.0,0,181745.3678,-1.0000
89.882,2000,1940,Running,3,0,1,99,1,3,1.0000,1939.7,0,48.080,48.080,29.876,63.8,-345.5,0.0,0,45446.5351,-1.0000
89.899,1991,1940,Running,2,0,1,99,1,3,1.0000,1939.7,0,48.080,48.080,29.876,93.1,-503.9,0.0,0,94573.1524,-1.0000
89.915,1983,1940,Running,1,0,1,99,1,3,1.0000,1939.7,0,48.080,48.080,29.876,93.0,-503.6,0.0,0,115536.6175,-1.0000
89.932,1976,1940,Running,1,0,1,99,1,3,1.0000,1939.7,0,48.080,48.080,29.876,14.9,-80.8,0.0,0,87171.1682,-1.0000
89.949,1971,1940,Running,1,0,1,99,1,3,1.0000,1939.7,0,48.080,48.080,29.876,65.4,-353.9,0.0,0,49012.3748,-1.0000
89.965,1966,1940,Running,1,0,1,99,1,3,1.0000,1939.7,0,48.080,48.080,29.876,56.8,-307.5,0.0,0,109160.5229,-1.0000
89.982,1962,1940,Running,0,0,1,99,1,3,1.0000,1939.7,0,48.080,48.080,29.876,45.4,-245.9,0.0,0,87113.8966,-1.0000
89.999,1958,1940,Running,0,0,1,99,1,3,1.0000,1939.7,0,48.080,48.080,29.876,-23.1,124.8,0.0,0,30299.9025,-1.0000
90.015,1956,1940,Running,0,0,1,99,1,3,1.0000,1939.7,0,48.080,48.080,29.876,27.3,-148.0,0.0,0,43386.1985,-1.0000
90.032,1953,1940,Running,0,0,1,99,1,3,1.0000,1939.7,0,48.080,48.080,29.876,22.8,-123.2,0.0,0,74474.7692,-1.0000
90.049,1951,1940,Running,0,0,1,99,1,3,1.0000,1939.7,0,48.080,48.080,29.876,3.3,-17.7,0.0,0,80404.0831,-1.0000
90.065,1948,1933,Running,0,0,1,99,1,3,1.0000,1933.2,0,47.920,47.920,29.776,-12.0,65.0,0.0,0,15696.9403,-1.0000
90.082,1946,1933,Running,0,0,1,99,1,3,1.0000,1933.2,0,47.920,47.920,29.776,-1.7,9.0,0.0,0,23808.2115,-1.0000
90.099,1944,1933,Running,0,0,1,99,1,3,1.0000,1933.2,0,47.920,47.920,29.776,-5.8,31.3,0.0,0,49898.9869,-1.0000
90.115,1942,1933,Running,0,0,1,99,1,3,1.0000,1933.2,0,47.920,47.920,29.776,-45.1,244.0,0.0,0,27582.9043,-1.0000
90.132,1941,1933,Running,0,0,1,99,1,3,1.0000,1933.2,0,47.920,47.920,29.776,-17.4,94.1,0.0,0,15917.0740,-1.0000
90.149,1940,1933,Running,0,0,1,99,1,3,1.0000,1933.2,0,47.920,47.920,29.776,-14.5,78.5,0.0,0,35061.3002,-1.0000
90.165,1939,1933,Running,0,0,1,99,1,3,1.0000,1933.2,0,47.920,47.920,29.776,-17.5,94.8,0.0,0,42772.8598,-1.0000
90.182,1938,1933,Running,0,0,1,99,1,3,1.0000,1933.2,0,47.920,47.920,29.776,-54.8,296.9,0.0,0,4093.3325,-1.0000
90.199,1937,1933,Running,0,0,1,99,1,3,1.0000,1933.2,0,47.920,47.920,29.776,-30.5,164.9,0.0,0,-1500.5860,-1.0000
90.216,1937,1933,Running,0,0,1,99,1,3,1.0000,1933.2,0,47.920,47.920,29.776,-36.3,196.5,0.0,0,40786.9632,-1.0000
90.232,1934,1903,Running,0,0,1,99,1,3,1.0000,1897.7,0,47.172,47.040,29.311,6.6,-35.5,0.0,0,35519.4796,-1.0000
90.249,1928,1898,Running,0,0,1,99,1,3,1.0000,1897.7,0,47.040,47.040,29.229,-52.1,282.2,0.0,0,8154.9841,-1.0000
90.265,1924,1898,Running,0,0,1,99,1,3,1.0000,1897.7,0,47.040,47.040,29.229,-35.0,189.5,0.0,0,2295.0482,-1.0000
90.282,1920,1898,Running,0,0,1,99,1,3,1.0000,1897.7,0,47.040,47.040,29.229,-38.1,206.4,0.0,0,29842.4876,-1.0000
90.299,1916,1898,Running,0,0,1,99,1,3,1.0000,1897.7,0,47.040,47.040,29.229,-55.9,302.8,0.0,0,36378.3327,-1.0000
90.315,1913,1898,Running,0,0,1,99,1,3,1.0000,1897.7,0,47.040,47.040,29.229,-52.7,285.4,0.0,0,-3741.7857,-1.0000
90.332,1911,1898,Running,0,0,1,99,1,3,1.0000,1897.7,0,47.040,47.040,29.229,-45.5,246.3,0.0,0,-4624.4577,-1.0000
90.349,1909,1898,Running,0,0,1,99,1,3,1.0000,1897.7,0,47.040,47.040,29.229,-45.6,247.0,0.0,0,26239.6810,-1.0000
90.365,1907,1898,Running,0,0,1,99,1,3,1.0000,1897.7,0,47.040,47.040,29.229,-69.2,374.6,0.0,0,8464.8524,-1.0000
90.382,1906,1898,Running,0,0,1,99,1,3,1.0000,1897.7,0,47.040,47.040,29.229,-49.6,268.8,0.0,0,14015.7377,-1.0000
90.399,1905,1898,Running,0,0,1,99,1,3,1.0000,1897.7,0,47.040,47.040,29.229,-46.4,251.4,0.0,0,13662.3416,-1.0000
90.415,1901,1867,Running,0,0,1,99,1,3,1.0000,1859.0,0,46.286,46.080,28.761,-4.8,25.7,0.0,0,29786.9328,-1.0000
90.432,1895,1859,Running,0,0,1,99,1,3,1.0000,1859.0,0,46.080,46.080,28.633,-57.2,309.8,0.0,0,-6280.9946,-1.0000
90.449,1889,1859,Running,0,0,1,99,1,3,1.0000,1859.0,0,46.080,46.080,28.633,-50.4,272.6,0.0,0,10699.3928,-1.0000
90.465,1885,1859,Running,0,0,1,99,1,3,1.0000,1859.0,0,46.080,46.080,28.633,-50.2,272.0,0.0,0,27388.1037,-1.0000
90.482,1881,1859,Running,0,0,1,99,1,3,1.0000,1859.0,0,46.080,46.080,28.633,-50.9,275.4,0.0,0,26374.8240,-1.0000
90.499,1877,1859,Running,0,0,1,99,1,3,1.0000,1859.0,0,46.080,46.080,28.633,-70.7,382.8,0.0,0,-2198.0036,-1.0000
90.516,1875,1859,Running,0,0,1,99,1,3,1.0000,1859.0,0,46.080,46.080,28.633,-51.9,280.9,0.0,0,-4467.8054,-1.0000
90.532,1872,1859,Running,0,0,1,99,1,3,1.0000,1859.0,0,46.080,46.080,28.633,-55.5,300.5,0.0,0,32304.6309,-1.0000
90.549,1870,1859,Running,0,0,1,99,1,3,1.0000,1859.0,0,46.080,46.080,28.633,-53.7,290.8,0.0,0,28712.1221,-1.0000
90.565,1868,1859,Running,0,0,1,99,1,3,1.0000,1859.0,0,46.080,46.080,28.633,-72.0,389.8,0.0,0,9873.6795,-1.0000
90.582,1867,1859,Running,0,0,1,99,1,3,1.0000,1859.0,0,46.080,46.080,28.633,-52.1,282.0,0.0,0,-4184.3729,-1.0000
90.599,1866,1859,Running,0,0,1,99,1,3,1.0000,1859.0,0,46.080,46.080,28.633,-55.4,299.9,0.0,0,32404.5495,-1.0000
90.615,1865,1859,Running,0,0,1,99,1,3,1.0000,1859.0,0,46.080,46.080,28.633,-54.8,296.8,0.0,0,33548.8375,-1.0000
90.632,1864,1859,Running,0,0,1,99,1,3,1.0000,1859.0,0,46.080,46.080,28.633,-69.9,378.4,0.0,0,12987.9732,-1.0000
90.649,1863,1859,Running,0,0,1,99,1,3,1.0000,1859.0,0,46.080,46.080,28.633,-52.3,283.2,0.0,0,1687.6613,-1.0000
90.665,1862,1859,Running,0,0,1,99,1,3,1.0000,1859.0,0,46.080,46.080,28.633,-54.5,294.9,0.0,0,31343.0769,-1.0000
90.682,1862,1859,Running,0,0,1,99,1,3,1.0000,1859.0,0,46.080,46.080,28.633,-63.0,341.1,0.0,0,38985.0616,-1.0000
90.699,1861,1859,Running,0,0,1,99,1,3,1.0000,1859.0,0,46.080,46.080,28.633,-64.8,350.7,0.0,0,9276.7839,-1.0000
90.715,1861,1859,Running,0,0,1,99,1,3,1.0000,1859.0,0,46.080,46.080,28.633,-54.0,292.2,0.0,0,1054.5794,-1.0000
90.732,1861,1859,Running,0,0,1,99,1,3,1.0000,1859.0,0,46.080,46.080,28.633,-54.8,296.6,0.0,0,28928.1965,-1.0000
90.749,1861,1859,Running,0,0,1,99,1,3,1.0000,1859.0,0,46.080,46.080,28.633,-72.5,392.4,0.0,0,29208.2933,-1.0000
90.765,1860,1859,Running,0,0,1,99,1,3,1.0000,1859.0,0,46.080,46.080,28.633,-59.7,323.2,0.0,0,11992.9478,-1.0000
90.782,1860,1859,Running,0,0,1,99,1,3,1.0000,1859.0,0,46.080,46.080,28.633,-56.1,303.9,0.0,0,2756.5881,-1.0000
90.799,1860,1859,Running,0,0,1,99,1,3,1.0000,1859.0,0,46.080,46.080,28.633,-54.6,295.6,0.0,0,32824.0856,-1.0000
90.815,1860,1859,Running,0,0,1,99,1,3,1.0000,1859.0,0,46.080,46.080,28.633,-74.7,404.2,0.0,0,16038.2949,-1.0000
90.832,1860,1859,Running,0,0,1,99,1,3,1.0000,1859.0,0,46.080,46.080,28.633,-57.4,311.0,0.0,0,23989.0935,-1.0000
90.849,1860,1859,Running,0,0,1,99,1,3,1.0000,1859.0,0,46.080,46.080,28.633,-54.5,295.3,0.0,0,15613.1645,-1.0000
90.865,1859,1859,Running,0,0,1,99,1,3,1.0000,1859.0,0,46.080,46.080,28.633,-53.2,288.0,0.0,0,36547.5775,-1.0000
90.882,1859,1859,Running,0,0,1,99,1,3,1.0000,1859.0,0,46.080,46.080,28.633,-73.4,397.2,0.0,0,6555.6503,-1.0000
90.899,1859,1859,Running,0,0,1,99,1,3,1.0000,1859.0,0,46.080,46.080,28.633,-57.2,309.7,0.0,0,24306.6289,-1.0000
90.915,1859,1859,Running,0,0,1,99,1,3,1.0000,1859.0,0,46.080,46.080,28.633,-54.9,297.4,0.0,0,30887.1485,-1.0000
90.932,1859,1859,Running,0,0,1,99,1,3,1.0000,1859.0,0,46.080,46.080,28.633,-54.8,296.8,0.0,0,37044.5083,-1.0000
90.949,1857,1828,Running,0,0,1,99,1,3,1.0000,1726.7,0,45.314,42.800,28.157,-31.1,168.3,0.0,0,3124.3075,-1.0000
90.965,1850,1798,Running,0,0,1,99,1,3,1.0000,1726.7,0,44.556,42.800,27.686,-13.8,74.7,0.0,0,14769.4640,-1.0000
90.982,1839,1767,Running,0,0,1,99,1,3,1.0000,1726.7,0,43.799,42.800,27.215,-13.4,72.8,0.0,0,35398.9410,-1.0000
90.999,1826,1736,Running,0,0,1,99,1,3,1.0000,1726.7,0,43.042,42.800,26.745,-11.6,62.6,0.0,0,31940.8913,-1.0000
91.015,1811,1727,Running,0,0,1,99,1,3,1.0000,1726.7,0,42.800,42.800,26.595,-59.1,320.1,0.0,0,-3372.9797,-1.0000
91.032,1798,1727,Running,0,0,1,99,1,3,1.0000,1726.7,0,42.800,42.800,26.595,-56.1,303.9,0.0,0,19858.4215,-1.0000
91.049,1787,1727,Running,0,0,1,99,1,3,1.0000,1726.7,0,42.800,42.800,26.595,-53.6,290.4,0.0,0,23665.9613,-1.0000
91.065,1778,1727,Running,0,0,1,99,1,3,1.0000,1726.7,0,42.800,42.800,26.595,-52.1,282.2,0.0,0,30645.5955,-1.0000
91.082,1770,1727,Running,0,0,1,99,1,3,1.0000,1726.7,0,42.800,42.800,26.595,-74.3,402.2,0.0,0,7981.2560,-1.0000
91.099,1763,1727,Running,0,0,1,99,1,3,1.0000,1726.7,0,42.800,42.800,26.595,-55.3,299.4,0.0,0,28440.6151,-1.0000
91.115,1758,1727,Running,0,0,1,99,1,3,1.0000,1726.7,0,42.800,42.800,26.595,-51.6,279.5,0.0,0,11613.9196,-1.0000
91.132,1753,1727,Running,0,0,1,99,1,3,1.0000,1726.7,0,42.800,42.800,26.595,-49.4,267.4,0.0,0,34510.0379,-1.0000
91.149,1749,1727,Running,0,0,1,99,1,3,1.0000,1726.7,0,42.800,42.800,26.595,-70.2,380.3,0.0,0,31504.0902,-1.0000
91.165,1745,1727,Running,0,0,1,99,1,3,1.0000,1726.7,0,42.800,42.800,26.595,-53.6,290.3,0.0,0,23408.4810,-1.0000
91.182,1743,1727,Running,0,0,1,99,1,3,1.0000,1726.7,0,42.800,42.800,26.595,-50.0,270.7,0.0,0,8540.4053,-1.0000
91.199,1740,1727,Running,0,0,1,99,1,3,1.0000,1726.7,0,42.800,42.800,26.595,-50.6,274.0,0.0,0,35685.4739,-1.0000
91.215,1738,1727,Running,0,0,1,99,1,3,1.0000,1726.7,0,42.800,42.800,26.595,-63.1,341.8,0.0,0,43286.2055,-1.0000
91.232,1736,1727,Running,0,0,1,99,1,3,1.0000,1726.7,0,42.800,42.800,26.595,-62.4,337.6,0.0,0,10910.7016,-1.0000
91.249,1735,1727,Running,0,0,1,99,1,3,1.0000,1726.7,0,42.800,42.800,26.595,-50.8,274.9,0.0,0,3391.6804,-1.0000
91.265,1734,1727,Running,0,0,1,99,1,3,1.0000,1726.7,0,42.800,42.800,26.595,-53.4,288.9,0.0,0,33144.6196,-1.0000
91.282,1733,1727,Running,0,0,1,99,1,3,1.0000,1726.7,0,42.800,42.800,26.595,-54.8,296.9,0.0,0,37362.4310,-1.0000
91.299,1732,1727,Running,0,0,1,99,1,3,1.0000,1726.7,0,42.800,42.800,26.595,-70.2,380.1,0.0,0,16273.6555,-1.0000
91.315,1731,1727,Running,0,0,1,99,1,3,1.0000,1726.7,0,42.800,42.800,26.595,-50.1,271.0,0.0,0,2032.2638,-1.0000
91.332,1730,1727,Running,0,0,1,99,1,3,1.0000,1726.7,0,42.800,42.800,26.595,-53.3,288.8,0.0,0,38849.9446,-1.0000
91.349,1730,1727,Running,0,0,1,99,1,3,1.0000,1726.7,0,42.800,42.800,26.595,-50.3,272.4,0.0,0,40046.8131,-1.0000
91.365,1729,1727,Running,0,0,1,99,1,3,1.0000,1726.7,0,42.800,42.800,26.595,-69.2,374.5,0.0,0,17982.3184,-1.0000
91.382,1729,1727,Running,0,0,1,99,1,3,1.0000,1726.7,0,42.800,42.800,26.595,-49.1,266.0,0.0,0,6630.3830,-1.0000
91.399,1728,1727,Running,0,0,1,99,1,3,1.0000,1726.7,0,42.800,42.800,26.595,-52.2,282.5,0.0,0,46168.7893,-1.0000
91.415,1728,1727,Running,0,0,1,99,1,3,1.0000,1726.7,0,42.800,42.800,26.595,-50.2,271.9,0.0,0,40426.6476,-1.0000
91.432,1726,1696,Running,0,0,1,99,1,3,1.0000,1568.5,0,42.035,38.880,26.119,-29.0,156.9,0.0,0,5465.3195,-1.0000
91.449,1719,1665,Running,0,0,1,99,1,3,1.0000,1568.5,0,41.278,38.880,25.649,-11.7,63.3,0.0,0,22994.7133,-1.0000
91.465,1708,1635,Running,0,0,1,99,1,3,1.0000,1568.5,0,40.523,38.880,25.180,-9.3,50.6,0.0,0,24179.4998,-1.0000
91.482,1694,1604,Running,0,0,1,99,1,3,1.0000,1568.5,0,39.769,38.880,24.711,-5.7,31.1,0.0,0,31372.6729,-1.0000
91.499,1678,1574,Running,0,0,1,99,1,3,1.0000,1568.5,0,39.006,38.880,24.237,-23.1,125.2,0.0,0,33845.6780,-1.0000
91.515,1661,1569,Running,0,0,1,99,1,3,1.0000,1568.5,0,38.880,38.880,24.159,-42.0,227.3,0.0,0,20772.9310,-1.0000
91.532,1647,1569,Running,0,0,1,99,1,3,1.0000,1568.5,0,38.880,38.880,24.159,-47.5,257.3,0.0,0,-4815.4569,-1.0000
91.549,1635,1569,Running,0,0,1,99,1,3,1.0000,1568.5,0,38.880,38.880,24.159,-50.9,275.7,0.0,0,27227.5631,-1.0000
91.565,1625,1569,Running,0,0,1,99,1,3,1.0000,1568.5,0,38.880,38.880,24.159,-43.0,232.8,0.0,0,38180.6224,-1.0000
91.582,1616,1569,Running,0,0,1,99,1,3,1.0000,1568.5,0,38.880,38.880,24.159,-67.1,363.5,0.0,0,6231.7577,-1.0000
91.599,1609,1569,Running,0,0,1,99,1,3,1.0000,1568.5,0,38.880,38.880,24.159,-52.4,283.6,0.0,0,22657.6412,-1.0000
91.615,1600,1538,Running,0,0,1,99,1,3,0.9993,1504.0,0,38.126,37.280,23.690,-5.3,28.8,0.0,0,17807.7936,-1.0000
91.632,1588,1508,Running,0,0,1,99,1,3,0.9993,1504.0,0,37.377,37.280,23.225,5.4,-29.1,0.0,0,37812.0333,-1.0000
91.649,1575,1504,Running,0,0,1,99,1,3,0.9993,1504.0,0,37.280,37.280,23.165,-48.1,260.2,0.0,0,34434.8289,-1.0000
91.665,1564,1504,Running,0,0,1,99,1,3,0.9993,1504.0,0,37.280,37.280,23.165,-66.6,360.5,0.0,0,3977.6307,-1.0000
91.682,1555,1504,Running,0,0,1,99,1,3,0.9993,1504.0,0,37.280,37.280,23.165,-36.1,195.3,0.0,0,68.0749,-1.0000
91.699,1547,1504,Running,0,0,1,99,1,3,0.9993,1504.0,0,37.280,37.280,23.165,-46.4,251.3,0.0,0,39127.4804,-1.0000
91.715,1541,1504,Running,0,0,1,99,1,3,0.9993,1504.0,0,37.280,37.280,23.165,-45.0,243.7,0.0,0,27212.0979,-1.0000
91.732,1535,1504,Running,0,0,1,99,1,3,0.9993,1504.0,0,37.280,37.280,23.165,-59.7,323.4,0.0,0,39817.9444,-1.0000
91.749,1530,1504,Running,0,0,1,99,1,3,0.9993,1504.0,0,37.280,37.280,23.165,-48.5,262.4,0.0,0,14624.0143,-1.0000
91.765,1526,1504,Running,0,0,1,99,1,3,0.9993,1504.0,0,37.280,37.280,23.165,-44.1,238.8,0.0,0,-6656.7786,-1.0000
91.782,1523,1504,Running,0,0,1,99,1,3,0.9993,1504.0,0,37.280,37.280,23.165,-38.9,210.4,0.0,0,39572.7652,-1.0000
91.799,1520,1504,Running,0,0,1,99,1,3,0.9993,1504.0,0,37.280,37.280,23.165,-40.0,216.5,0.0,0,38691.0213,-1.0000
91.815,1515,1473,Running,0,0,1,99,1,3,0.9812,1433.0,0,36.514,35.520,22.689,-32.0,173.2,0.0,0,8497.9307,-1.0000
91.832,1506,1443,Running,0,0,1,99,1,3,0.9812,1433.0,0,35.765,35.520,22.223,5.3,-28.9,0.0,0,35720.1584,-1.0000
91.849,1495,1433,Running,0,0,1,99,1,3,0.9812,1433.0,0,35.520,35.520,22.071,-24.7,133.5,0.0,0,560.5216,-1.0000
91.865,1486,1433,Running,0,0,1,99,1,3,0.9812,1433.0,0,35.520,35.520,22.071,-41.9,226.7,0.0,0,26035.1807,-1.0000
91.882,1477,1433,Running,0,0,1,99,1,3,0.9812,1433.0,0,35.520,35.520,22.071,-33.4,180.8,0.0,0,40842.1026,-1.0000
91.899,1471,1433,Running,0,0,1,99,1,3,0.9812,1433.0,0,35.520,35.520,22.071,-74.3,402.5,0.0,0,5446.6119,-1.0000
91.915,1465,1433,Running,0,0,1,99,1,3,0.9812,1433.0,0,35.520,35.520,22.071,-34.1,184.7,0.0,0,36517.0965,-1.0000
91.932,1460,1433,Running,0,0,1,99,1,3,0.9812,1433.0,0,35.520,35.520,22.071,-38.3,207.4,0.0,0,325.3812,-1.0000
91.949,1456,1433,Running,0,0,1,99,1,3,0.9812,1433.0,0,35.520,35.520,22.071,-40.0,216.8,0.0,0,28895.1642,-1.0000
91.965,1452,1433,Running,0,0,1,99,1,3,0.9812,1433.0,0,35.520,35.520,22.071,-32.8,177.7,0.0,0,41731.3254,-1.0000
91.982,1449,1433,Running,0,0,1,99,1,3,0.9812,1433.0,0,35.520,35.520,22.071,-73.7,399.1,0.0,0,8919.1807,-1.0000
91.999,1447,1433,Running,0,0,1,99,1,3,0.9812,1433.0,0,35.520,35.520,22.071,-32.5,176.0,0.0,0,36780.6754,-1.0000
92.015,1442,1403,Running,0,0,1,99,1,3,0.9409,1358.8,0,34.770,33.680,21.605,3.3,-18.1,0.0,0,-1064.8970,-1.0000
92.032,1434,1373,Running,0,0,1,99,1,3,0.9409,1358.8,0,34.022,33.680,21.140,7.0,-37.9,0.0,0,30791.1498,-1.0000
92.049,1423,1359,Running,0,0,1,99,1,3,0.9409,1358.8,0,33.680,33.680,20.928,-15.4,83.2,0.0,0,33498.3834,-1.0000
92.065,1413,1359,Running,0,0,1,99,1,3,0.9409,1358.8,0,33.680,33.680,20.928,-63.8,345.3,0.0,0,25061.1594,-1.0000
92.082,1405,1359,Running,0,0,1,99,1,3,0.9409,1358.8,0,33.680,33.680,20.928,-39.1,211.8,0.0,0,16320.2937,-1.0000
92.099,1398,1359,Running,0,0,1,99,1,3,0.9409,1358.8,0,33.680,33.680,20.928,-31.9,173.0,0.0,0,-11766.3057,-1.0000
92.115,1392,1359,Running,0,0,1,99,1,3,0.9409,1358.8,0,33.680,33.680,20.928,-35.9,194.6,0.0,0,43166.5130,-1.0000
92.132,1387,1359,Running,0,0,1,99,1,3,0.9409,1358.8,0,33.680,33.680,20.928,-32.5,175.9,0.0,0,28127.1886,-1.0000
92.149,1382,1359,Running,0,0,1,99,1,3,0.9409,1358.8,0,33.680,33.680,20.928,-41.8,226.5,0.0,0,40185.5240,-1.0000
92.165,1379,1359,Running,0,0,1,99,1,3,0.9409,1358.8,0,33.680,33.680,20.928,-61.0,330.2,0.0,0,2623.7127,-1.0000
92.182,1376,1359,Running,0,0,1,99,1,3,0.9409,1358.8,0,33.680,33.680,20.928,-30.4,164.5,0.0,0,10556.0098,-1.0000
92.199,1373,1359,Running,0,0,1,99,1,3,0.9409,1358.8,0,33.680,33.680,20.928,-37.2,201.5,0.0,0,24099.9972,-1.0000
92.215,1434,1945,Running,0,0,1,99,1,2,1.0000,1913.4,0,32.358,31.840,20.106,-837.9,6757.9,0.0,0,55960.8838,-1.0000
92.232,1509,1913,Running,0,0,1,99,1,2,1.0000,1913.4,0,31.840,31.840,19.784,-29.6,238.9,0.0,0,63644.0062,-1.0000
92.249,1571,1913,Running,0,0,1,99,1,2,1.0000,1913.4,0,31.840,31.840,19.784,-51.0,411.6,0.0,0,41883.2776,-1.0000
92.265,1624,1913,Running,0,0,1,99,1,2,1.0000,1913.4,0,31.840,31.840,19.784,-43.0,347.0,0.0,0,50158.6178,-1.0000
92.282,1668,1913,Running,0,0,1,99,1,2,1.0000,1913.4,0,31.840,31.840,19.784,-42.3,341.0,0.0,0,66777.3636,-1.0000
92.299,1706,1913,Running,0,0,1,99,1,2,1.0000,1913.4,0,31.840,31.840,19.784,-68.2,550.1,0.0,0,31695.1283,-1.0000
92.315,1738,1913,Running,0,0,1,99,1,2,1.0000,1913.4,0,31.840,31.840,19.784,-48.6,391.8,0.0,0,33075.6651,-1.0000
92.332,1765,1913,Running,0,0,1,99,1,2,1.0000,1913.4,0,31.840,31.840,19.784,-51.0,411.1,0.0,0,57735.3443,-1.0000
92.340,1788,1913,Running,0,0,1,99,1,2,1.0000,1913.4,0,31.840,31.840,19.784,-50.5,407.4,0.0,0,55248.4385,-1.0000
92.365,1807,1913,Running,0,0,1,99,1,2,1.0000,1913.4,0,31.840,31.840,19.784,-71.5,576.9,0.0,0,34540.0671,-1.0000
92.382,1823,1913,Running,0,0,1,99,1,2,1.0000,1913.4,0,31.840,31.840,19.784,-49.7,400.6,0.0,0,23800.2799,-1.0000
92.399,1837,1913,Running,0,0,1,99,1,2,1.0000,1913.4,0,31.840,31.840,19.784,-52.1,420.0,0.0,0,56450.6192,-1.0000
92.415,1849,1913,Running,0,0,1,99,1,2,1.0000,1913.4,0,31.840,31.840,19.784,-57.8,465.8,0.0,0,61409.7251,-1.0000
92.432,1859,1913,Running,0,0,1,99,1,2,1.0000,1913.4,0,31.840,31.840,19.784,-66.6,537.1,0.0,0,30148.8310,-1.0000
92.449,1867,1913,Running,0,0,1,99,1,2,1.0000,1913.4,0,31.840,31.840,19.784,-54.3,438.1,0.0,0,17896.5483,-1.0000
92.465,1874,1913,Running,0,0,1,99,1,2,1.0000,1913.4,0,31.840,31.840,19.784,-55.2,445.4,0.0,0,45867.5065,-1.0000
92.482,1880,1913,Running,0,0,1,99,1,2,1.0000,1913.4,0,31.840,31.840,19.784,-74.5,600.7,0.0,0,36812.0690,-1.0000
92.499,1885,1913,Running,0,0,1,99,1,2,1.0000,1913.4,0,31.840,31.840,19.784,-58.3,470.0,0.0,0,32316.8680,-1.0000
92.515,1890,1913,Running,0,0,1,99,1,2,1.0000,1913.4,0,31.840,31.840,19.784,-54.2,437.3,0.0,0,30365.8595,-1.0000
92.532,1890,1869,Running,0,0,1,99,1,2,1.0000,1721.1,0,31.094,28.640,19.321,8.1,-65.7,0.0,0,50825.3772,-1.0000
92.549,1883,1823,Running,0,0,1,99,1,2,1.0000,1721.1,0,30.335,28.640,18.849,-10.8,86.8,0.0,0,16197.4762,-1.0000
92.565,1870,1778,Running,0,0,1,99,1,2,1.0000,1721.1,0,29.587,28.640,18.385,5.2,-42.2,0.0,0,30170.6896,-1.0000
92.582,1852,1733,Running,0,0,1,99,1,2,1.0000,1721.1,0,28.841,28.640,17.921,8.1,-65.3,0.0,0,32703.4380,-1.0000
92.599,1832,1721,Running,0,0,1,99,1,2,1.0000,1721.1,0,28.640,28.640,17.796,-35.0,282.2,0.0,0,36606.7760,-1.0000
92.615,1815,1721,Running,0,0,1,99,1,2,1.0000,1721.1,0,28.640,28.640,17.796,-74.1,597.8,0.0,0,12706.9512,-1.0000
92.632,1801,1721,Running,0,0,1,99,1,2,1.0000,1721.1,0,28.640,28.640,17.796,-56.0,452.0,0.0,0,33457.1470,-1.0000
92.649,1789,1721,Running,0,0,1,99,1,2,1.0000,1721.1,0,28.640,28.640,17.796,-52.2,421.1,0.0,0,17727.5228,-1.0000
92.665,1778,1721,Running,0,0,1,99,1,2,1.0000,1721.1,0,28.640,28.640,17.796,-50.0,403.5,0.0,0,39882.7211,-1.0000
92.682,1769,1721,Running,0,0,1,99,1,2,1.0000,1721.1,0,28.640,28.640,17.796,-70.3,567.0,0.0,0,37662.4993,-1.0000
92.699,1762,1721,Running,0,0,1,99,1,2,1.0000,1721.1,0,28.640,28.640,17.796,-54.0,435.3,0.0,0,28876.6679,-1.0000
92.715,1756,1721,Running,0,0,1,99,1,2,1.0000,1721.1,0,28.640,28.640,17.796,-50.4,406.2,0.0,0,13432.0334,-1.0000
92.732,1747,1676,Running,0,0,1,99,1,2,1.0000,1596.1,0,27.896,26.560,17.334,10.6,-85.7,0.0,0,39685.7370,-1.0000
92.749,1732,1631,Running,0,0,1,99,1,2,1.0000,1596.1,0,27.146,26.560,16.868,2.5,-20.1,0.0,0,40611.5443,-1.0000
92.765,1713,1596,Running,0,0,1,99,1,2,1.0000,1596.1,0,26.560,26.560,16.504,-18.6,149.7,0.0,0,8772.2745,-1.0000
92.782,1695,1596,Running,0,0,1,99,1,2,1.0000,1596.1,0,26.560,26.560,16.504,-47.3,381.4,0.0,0,-3837.9777,-1.0000
92.799,1680,1596,Running,0,0,1,99,1,2,1.0000,1596.1,0,26.560,26.560,16.504,-47.0,378.7,0.0,0,43841.0619,-1.0000
92.815,1667,1596,Running,0,0,1,99,1,2,1.0000,1596.1,0,26.560,26.560,16.504,-46.6,376.1,0.0,0,40913.2256,-1.0000
92.832,1656,1596,Running,0,0,1,99,1,2,1.0000,1596.1,0,26.560,26.560,16.504,-72.7,586.1,0.0,0,3606.7016,-1.0000
92.849,1647,1596,Running,0,0,1,99,1,2,1.0000,1596.1,0,26.560,26.560,16.504,-53.8,434.2,0.0,0,32319.9412,-1.0000
92.865,1639,1596,Running,0,0,1,99,1,2,1.0000,1596.1,0,26.560,26.560,16.504,-44.4,358.5,0.0,0,16686.9289,-1.0000
92.882,1633,1596,Running,0,0,1,99,1,2,1.0000,1596.1,0,26.560,26.560,16.504,-41.8,337.3,0.0,0,43165.2447,-1.0000
92.899,1627,1596,Running,0,0,1,99,1,2,1.0000,1596.1,0,26.560,26.560,16.504,-56.8,457.8,0.0,0,41872.0271,-1.0000
92.916,1619,1551,Running,0,0,1,99,1,2,0.9984,1495.1,0,25.806,24.880,16.035,-4.2,34.2,0.0,0,8836.6402,-1.0000
92.932,1605,1506,Running,0,0,1,99,1,2,0.9984,1495.1,0,25.067,24.880,15.576,19.1,-154.3,0.0,0,-4138.8800,-1.0000
92.949,1588,1495,Running,0,0,1,99,1,2,0.9984,1495.1,0,24.880,24.880,15.460,-26.4,213.1,0.0,0,47545.3349,-1.0000
92.965,1574,1495,Running,0,0,1,99,1,2,0.9984,1495.1,0,24.880,24.880,15.460,-46.3,373.7,0.0,0,27018.9904,-1.0000
92.982,1562,1495,Running,0,0,1,99,1,2,0.9984,1495.1,0,24.880,24.880,15.460,-68.0,548.3,0.0,0,25979.2870,-1.0000
92.999,1551,1495,Running,0,0,1,99,1,2,0.9984,1495.1,0,24.880,24.880,15.460,-42.5,342.7,0.0,0,29588.0062,-1.0000
93.015,1543,1495,Running,0,0,1,99,1,2,0.9984,1495.1,0,24.880,24.880,15.460,-45.1,364.1,0.0,0,-4406.7550,-1.0000
93.032,1535,1495,Running,0,0,1,99,1,2,0.9984,1495.1,0,24.880,24.880,15.460,-43.5,350.5,0.0,0,33413.7938,-1.0000
93.049,1529,1495,Running,0,0,1,99,1,2,0.9984,1495.1,0,24.880,24.880,15.460,-38.1,307.5,0.0,0,43946.8406,-1.0000
93.065,1524,1495,Running,0,0,1,99,1,2,0.9984,1495.1,0,24.880,24.880,15.460,-73.3,591.1,0.0,0,5393.2649,-1.0000
93.082,1520,1495,Running,0,0,1,99,1,2,0.9984,1495.1,0,24.880,24.880,15.460,-43.0,346.7,0.0,0,36627.2206,-1.0000
93.099,1516,1495,Running,0,0,1,99,1,2,0.9984,1495.1,0,24.880,24.880,15.460,-35.3,284.4,0.0,0,15651.1294,-1.0000
93.115,1513,1495,Running,0,0,1,99,1,2,0.9984,1495.1,0,24.880,24.880,15.460,-46.3,373.3,0.0,0,27912.8656,-1.0000
93.132,1510,1495,Running,0,0,1,99,1,2,0.9984,1495.1,0,24.880,24.880,15.460,-40.8,329.1,0.0,0,37821.3810,-1.0000
93.149,1504,1450,Running,0,0,1,99,1,2,0.9541,1379.8,0,24.128,22.960,14.992,-0.9,7.6,0.0,0,10907.3254,-1.0000
93.165,1492,1405,Running,0,0,1,99,1,2,0.9541,1379.8,0,23.385,22.960,14.531,12.1,-97.8,0.0,0,27505.8329,-1.0000
93.182,1476,1380,Running,0,0,1,99,1,2,0.9541,1379.8,0,22.960,22.960,14.267,8.5,-68.7,0.0,0,18141.9821,-1.0000
93.199,1461,1380,Running,0,0,1,99,1,2,0.9541,1379.8,0,22.960,22.960,14.267,-43.3,349.2,0.0,0,22866.9628,-1.0000
93.216,1449,1380,Running,0,0,1,99,1,2,0.9541,1379.8,0,22.960,22.960,14.267,-32.2,259.7,0.0,0,36673.9783,-1.0000
93.232,1438,1380,Running,0,0,1,99,1,2,0.9541,1379.8,0,22.960,22.960,14.267,-71.0,572.4,0.0,0,3108.6826,-1.0000
93.249,1429,1380,Running,0,0,1,99,1,2,0.9541,1379.8,0,22.960,22.960,14.267,-36.3,292.5,0.0,0,36843.9028,-1.0000
93.265,1422,1380,Running,0,0,1,99,1,2,0.9541,1379.8,0,22.960,22.960,14.267,-34.4,277.7,0.0,0,4113.6002,-1.0000
93.282,1415,1380,Running,0,0,1,99,1,2,0.9541,1379.8,0,22.960,22.960,14.267,-37.6,302.9,0.0,0,28599.7134,-1.0000
93.299,1410,1380,Running,0,0,1,99,1,2,0.9541,1379.8,0,22.960,22.960,14.267,-32.5,262.3,0.0,0,39017.7868,-1.0000
93.315,1402,1334,Running,0,0,1,99,1,2,0.8999,1302.8,0,22.203,21.680,13.796,-7.7,61.7,0.0,0,20345.8653,-1.0000
93.332,1388,1303,Running,0,0,1,99,1,2,0.8999,1302.8,0,21.680,21.680,13.471,9.0,-72.5,0.0,0,21448.7874,-1.0000
93.349,1375,1303,Running,0,0,1,99,1,2,0.8999,1302.8,0,21.680,21.680,13.471,-29.0,234.1,0.0,0,-13352.7989,-1.0000
93.366,1364,1303,Running,0,0,1,99,1,2,0.8999,1302.8,0,21.680,21.680,13.471,-38.2,308.5,0.0,0,38966.7026,-1.0000
93.382,1354,1303,Running,0,0,1,99,1,2,0.8999,1302.8,0,21.680,21.680,13.471,-23.0,185.6,0.0,0,31821.0342,-1.0000
93.399,1346,1303,Running,0,0,1,99,1,2,0.8999,1302.8,0,21.680,21.680,13.471,-45.3,365.0,0.0,0,27872.2599,-1.0000
93.415,1339,1303,Running,0,0,1,99,1,2,0.8999,1302.8,0,21.680,21.680,13.471,-54.8,441.7,0.0,0,6602.7159,-1.0000
93.432,1334,1303,Running,0,0,1,99,1,2,0.8999,1302.8,0,21.680,21.680,13.471,-43.9,353.8,0.0,0,24109.6979,-1.0000
93.449,1329,1303,Running,0,0,1,99,1,2,0.8999,1302.8,0,21.680,21.680,13.471,-18.8,151.9,0.0,0,17530.4445,-1.0000
93.465,1325,1303,Running,0,0,1,99,1,2,0.8999,1302.8,0,21.680,21.680,13.471,-37.9,305.4,0.0,0,22894.7909,-1.0000
93.482,1322,1303,Running,0,0,1,99,1,2,0.8999,1302.8,0,21.680,21.680,13.471,-23.5,189.2,0.0,0,39438.9349,-1.0000
93.499,1318,1295,Running,0,0,1,99,1,2,0.8999,1302.8,0,21.680,21.680,13.471,-55.2,444.9,0.0,0,23707.4464,-1.0000
93.515,1316,1303,Running,0,0,1,99,1,2,0.8999,1302.8,0,21.680,21.680,13.471,-45.3,365.0,0.0,0,17637.2810,-1.0000
93.532,1314,1303,Running,0,0,1,99,1,2,0.8999,1302.8,0,21.680,21.680,13.471,-23.7,191.2,0.0,0,-6847.8858,-1.0000
93.549,1312,1303,Running,0,0,1,99,1,2,0.8999,1302.8,0,21.680,21.680,13.471,-37.5,302.6,0.0,0,39518.4990,-1.0000
93.565,1311,1303,Running,0,0,1,99,1,2,0.8999,1302.8,0,21.680,21.680,13.471,-16.9,136.6,0.0,0,37505.3078,-1.0000
93.582,1309,1303,Running,0,0,1,99,1,2,0.8999,1302.8,0,21.680,21.680,13.471,-42.7,344.6,0.0,0,28678.5859,-1.0000
93.599,1308,1303,Running,0,0,1,99,1,2,0.8999,1302.8,0,21.680,21.680,13.471,-53.2,429.5,0.0,0,9460.8165,-1.0000
93.615,1307,1303,Running,0,0,1,99,1,2,0.8999,1302.8,0,21.680,21.680,13.471,-40.0,322.8,0.0,0,28502.8381,-1.0000
93.632,1306,1303,Running,0,0,1,99,1,2,0.8999,1302.8,0,21.680,21.680,13.471,-16.4,132.5,0.0,0,17020.4708,-1.0000
93.649,1306,1303,Running,0,0,1,99,1,2,0.8999,1302.8,0,21.680,21.680,13.471,-33.1,266.7,0.0,0,26540.3471,-1.0000
93.665,1305,1303,Running,0,0,1,99,1,2,0.8999,1302.8,0,21.680,21.680,13.471,-22.6,182.2,0.0,0,39856.8929,-1.0000
93.682,1305,1296,Running,0,0,1,99,1,2,0.8999,1302.8,0,21.680,21.680,13.471,-50.8,410.0,0.0,0,31630.8673,-1.0000
93.699,1301,1258,Running,0,0,1,99,1,2,0.7870,1173.0,0,20.938,19.520,13.010,13.7,-110.9,0.0,0,10929.0909,-1.0000
93.715,1291,1220,Running,0,0,1,99,1,2,0.7826,1168.2,0,20.212,19.440,12.559,37.9,-305.7,0.0,0,-1004.1142,-1.0000
93.732,1276,1171,Running,0,0,1,99,1,2,0.7826,1168.2,0,19.482,19.440,12.106,31.4,-253.5,0.0,0,28235.1744,-1.0000
93.749,1259,1168,Running,0,0,1,99,1,2,0.7826,1168.2,0,19.440,19.440,12.079,-13.6,109.6,0.0,0,26836.9753,-1.0000
93.765,1245,1168,Running,0,0,1,99,1,2,0.7826,1168.2,0,19.440,19.440,12.079,-15.9,128.3,0.0,0,32774.0956,-1.0000
93.782,1233,1154,Running,0,0,1,99,1,2,0.7826,1168.2,0,19.440,19.440,12.079,-48.3,389.2,0.0,0,17870.6357,-1.0000
93.799,1222,1166,Running,0,0,1,99,1,2,0.7826,1168.2,0,19.440,19.440,12.079,-50.6,407.9,0.0,0,6369.6069,-1.0000
93.815,1213,1168,Running,0,0,1,99,1,2,0.7826,1168.2,0,19.440,19.440,12.079,-17.7,142.8,0.0,0,3153.7760,-1.0000
93.832,1206,1168,Running,0,0,1,99,1,2,0.7826,1168.2,0,19.440,19.440,12.079,-20.4,164.2,0.0,0,25072.9217,-1.0000
93.849,1200,1166,Running,0,0,1,99,1,2,0.7826,1168.2,0,19.440,19.440,12.079,-27.3,220.2,0.0,0,22891.0441,-1.0000
93.865,1195,1168,Running,1,0,1,99,1,2,0.7826,1168.2,0,19.440,19.440,12.079,-16.8,135.4,0.0,0,34517.7628,-1.0000
93.882,1191,1163,Running,2,0,1,99,1,2,0.7826,1168.2,0,19.440,19.440,12.079,-38.9,314.1,0.0,0,40967.2996,-1.0000
93.899,1184,1123,Running,2,0,1,99,1,2,0.7318,1110.5,0,18.694,18.480,11.616,7.5,-60.1,0.0,0,-10416.3631,-1.0000
93.916,1173,1108,Running,2,0,1,99,1,2,0.7318,1110.5,0,18.480,18.480,11.483,-3.4,27.4,0.0,0,11599.2246,-1.0000
93.932,1163,1111,Running,3,0,1,99,1,2,0.7318,1110.5,0,18.480,18.480,11.483,-8.3,66.6,0.0,0,14480.6142,-1.0000
93.949,1155,1111,Running,3,0,1,99,1,2,0.7318,1110.5,0,18.480,18.480,11.483,-12.6,101.6,0.0,0,26538.8454,-1.0000
93.966,1148,1109,Running,3,0,1,99,1,2,0.7318,1110.5,0,18.480,18.480,11.483,-17.5,140.9,0.0,0,23737.9390,-1.0000
93.982,1142,1105,Running,3,0,1,99,1,2,0.7318,1110.5,0,18.480,18.480,11.483,-26.7,215.3,0.0,0,25183.1581,-1.0000
93.999,1135,1095,Running,3,0,1,99,1,2,0.7318,1110.5,0,18.480,18.480,11.483,-42.5,342.6,0.0,0,2834.4371,-1.0000
94.015,1131,1111,Running,3,0,1,99,1,2,0.7318,1110.5,0,18.480,18.480,11.483,-30.4,245.0,0.0,0,35217.2694,-1.0000
94.032,1186,1690,Running,3,0,1,99,1,1,1.0000,1700.8,0,18.363,18.480,11.410,-819.3,10120.1,0.0,0,9701.4106,-1.0000
94.049,1265,1701,Running,4,0,1,99,1,1,1.0000,1700.8,0,18.480,18.480,11.483,-55.6,686.5,0.0,0,73436.9475,-1.0000
94.065,1332,1701,Running,6,0,1,99,1,1,1.0000,1700.8,0,18.480,18.480,11.483,-30.1,371.9,0.0,0,80326.8154,-1.0000
94.082,1389,1701,Running,8,0,1,99,1,1,1.0000,1700.8,0,18.480,18.480,11.483,-55.8,689.5,0.0,0,47311.3486,-1.0000
94.099,1437,1701,Running,9,0,1,99,1,1,1.0000,1700.8,0,18.480,18.480,11.483,-18.4,227.6,0.0,0,40385.0651,-1.0000
94.115,1477,1701,Running,11,0,1,99,1,1,1.0000,1641.9,0,18.480,17.840,11.483,-19.0,234.6,0.0,0,79323.5929,-1.0000
94.132,1512,1701,Running,12,0,1,99,1,1,1.0000,1641.9,0,18.480,17.840,11.483,-12.1,149.6,0.0,0,76015.9613,-1.0000
94.149,1541,1701,Running,12,0,1,99,1,1,1.0000,1641.9,0,18.480,17.840,11.483,-51.5,636.6,0.0,0,44417.0699,-1.0000
94.165,1565,1701,Running,13,0,1,99,1,1,1.0000,1641.9,0,18.480,17.840,11.483,-8.5,105.2,0.0,0,53225.0303,-1.0000
94.182,1586,1701,Running,13,0,1,99,1,1,1.0000,1641.9,0,18.480,17.840,11.483,2.0,-24.5,0.0,0,73820.1623,-1.0000
94.199,1604,1701,Running,14,0,1,99,1,1,1.0000,1641.9,0,18.480,17.840,11.483,15.3,-189.0,0.0,0,90862.0172,-1.0000
94.215,1619,1701,Running,14,0,1,99,1,1,1.0000,1641.9,0,18.480,17.840,11.483,-26.7,330.0,0.0,0,99161.3158,-1.0000
94.232,1627,1642,Running,15,0,1,99,1,1,1.0000,1641.9,0,17.840,17.840,11.085,103.9,-1283.9,0.0,0,62292.8359,-1.0000
94.249,1629,1642,Running,15,0,1,99,1,1,1.0000,1641.9,0,17.840,17.840,11.085,48.3,-596.9,0.0,0,80228.2293,-1.0000
94.266,1631,1642,Running,15,0,1,99,1,1,1.0000,1641.9,0,17.840,17.840,11.085,57.6,-711.6,0.0,0,92993.6214,-1.0000
94.282,1633,1642,Running,15,0,1,99,1,1,1.0000,1641.9,0,17.840,17.840,11.085,52.7,-650.6,0.0,0,110102.2876,-1.0000
94.299,1634,1642,Running,15,0,1,99,1,1,1.0000,1641.9,0,17.840,17.840,11.085,-5.7,69.8,0.0,0,62060.6420,-1.0000
94.315,1635,1642,Running,15,0,1,99,1,1,1.0000,1641.9,0,17.840,17.840,11.085,82.4,-1017.5,0.0,0,97629.9366,-1.0000
94.332,1636,1642,Running,15,0,1,99,1,1,1.0000,1641.9,0,17.840,17.840,11.085,94.5,-1166.6,0.0,0,139330.3598,-1.0000
94.349,1637,1642,Running,16,0,1,99,1,1,1.0000,1641.9,0,17.840,17.840,11.085,108.2,-1336.5,0.0,0,120212.6374,-1.0000
94.365,1638,1642,Running,16,0,1,99,1,1,1.0000,1641.9,0,17.840,17.840,11.085,9.6,-118.0,0.0,0,98895.1261,-1.0000
94.382,1638,1642,Running,16,0,1,99,1,1,1.0000,1641.9,0,17.840,17.840,11.085,106.1,-1310.5,0.0,0,78535.0068,-1.0000
94.399,1642,1664,Running,17,0,1,99,1,1,1.0000,1664.0,0,18.080,18.080,11.234,86.4,-1067.0,0.0,0,136514.9633,-1.0000
94.415,1645,1664,Running,17,0,1,99,1,1,1.0000,1664.0,0,18.080,18.080,11.234,135.5,-1673.0,0.0,0,151964.3463,-1.0000
94.432,1648,1664,Running,17,0,1,99,1,1,1.0000,1664.0,0,18.080,18.080,11.234,70.6,-871.6,0.0,0,177896.0488,-1.0000
94.449,1651,1664,Running,17,0,1,99,1,1,1.0000,1664.0,0,18.080,18.080,11.234,102.0,-1259.5,0.0,0,54828.0641,-1.0000
94.465,1653,1664,Running,17,0,1,99,1,1,1.0000,1664.0,0,18.080,18.080,11.234,152.5,-1884.1,0.0,0,114235.7414,-1.0000
94.482,1654,1664,Running,17,0,1,99,1,1,1.0000,1664.0,0,18.080,18.080,11.234,159.5,-1969.9,0.0,0,146759.4578,-1.0000
94.499,1656,1664,Running,17,0,1,99,1,1,1.0000,1664.0,0,18.080,18.080,11.234,157.0,-1939.1,0.0,0,159096.8922,-1.0000
94.515,1657,1664,Running,17,0,1,99,1,1,1.0000,1664.0,0,18.080,18.080,11.234,43.8,-541.5,0.0,0,89887.2639,-1.0000
94.532,1658,1664,Running,17,0,1,99,1,1,1.0000,1664.0,0,18.080,18.080,11.234,175.2,-2163.9,0.0,0,140981.9047,-1.0000
94.549,1659,1664,Running,18,0,1,99,1,1,1.0000,1664.0,0,18.080,18.080,11.234,181.9,-2246.3,0.0,0,169121.8725,-1.0000
94.565,1660,1664,Running,18,0,1,99,1,1,1.0000,1664.0,0,18.080,18.080,11.234,195.6,-2416.5,0.0,0,145290.5073,-1.0000
94.582,1660,1664,Running,18,0,1,99,1,1,1.0000,1664.0,0,18.080,18.080,11.234,56.4,-696.7,0.0,0,128663.0916,-1.0000
94.599,1667,1741,Running,19,0,1,99,1,1,1.0000,1752.3,0,18.915,19.040,11.753,79.7,-983.9,0.0,0,92686.0513,-1.0000
94.615,1680,1752,Running,19,0,1,99,1,1,1.0000,1752.3,0,19.040,19.040,11.831,169.3,-2090.9,0.0,0,177625.5587,-1.0000
94.632,1691,1752,Running,19,0,1,99,1,1,1.0000,1752.3,0,19.040,19.040,11.831,200.6,-2477.6,0.0,0,180182.6133,-1.0000
94.649,1701,1752,Running,19,0,1,99,1,1,1.0000,1752.3,0,19.040,19.040,11.831,78.1,-964.8,0.0,0,182079.7811,-1.0000
94.666,1708,1752,Running,19,0,1,99,1,1,1.0000,1752.3,0,19.040,19.040,11.831,189.8,-2344.7,0.0,0,93274.6432,-1.0000
94.682,1715,1752,Running,19,0,1,99,1,1,1.0000,1752.3,0,19.040,19.040,11.831,209.5,-2588.0,0.0,0,176367.0501,-1.0000
94.699,1721,1752,Running,19,0,1,99,1,1,1.0000,1752.3,0,19.040,19.040,11.831,221.7,-2738.6,0.0,0,185455.1701,-1.0000
94.715,1726,1752,Running,19,0,1,99,1,1,1.0000,1752.3,0,19.040,19.040,11.831,108.5,-1339.8,0.0,0,200314.6440,-1.0000
94.732,1730,1752,Running,19,0,1,99,1,1,1.0000,1752.3,0,19.040,19.040,11.831,189.7,-2343.1,0.0,0,91365.8743,-1.0000
94.749,1733,1752,Running,19,0,1,99,1,1,1.0000,1752.3,0,19.040,19.040,11.831,223.6,-2761.8,0.0,0,172666.4558,-1.0000
94.765,1742,1819,Running,20,0,1,99,1,1,1.0000,1818.6,0,19.760,19.760,12.278,138.1,-1706.0,0.0,0,191341.5982,-1.0000
94.782,1754,1819,Running,20,0,1,99,1,1,1.0000,1818.6,0,19.760,19.760,12.278,126.1,-1557.0,0.0,0,215501.1938,-1.0000
94.799,1764,1819,Running,20,0,1,99,1,1,1.0000,1818.6,0,19.760,19.760,12.278,181.3,-2239.8,0.0,0,88880.7099,-1.0000
94.815,1772,1819,Running,20,0,1,99,1,1,1.0000,1818.6,0,19.760,19.760,12.278,227.6,-2811.7,0.0,0,178724.1797,-1.0000
94.832,1780,1819,Running,20,0,1,99,1,1,1.0000,1818.6,0,19.760,19.760,12.278,240.4,-2969.7,0.0,0,195352.8854,-1.0000
94.849,1786,1819,Running,20,0,1,99,1,1,1.0000,1818.6,0,19.760,19.760,12.278,125.2,-1546.4,0.0,0,209459.0312,-1.0000
94.865,1791,1819,Running,20,0,1,99,1,1,1.0000,1818.6,0,19.760,19.760,12.278,206.0,-2544.6,0.0,0,91330.3126,-1.0000
94.882,1795,1819,Running,20,0,1,99,1,1,1.0000,1818.6,0,19.760,19.760,12.278,238.9,-2951.2,0.0,0,184769.6480,-1.0000
94.899,1799,1819,Running,20,0,1,99,1,1,1.0000,1818.6,0,19.760,19.760,12.278,250.0,-3088.1,0.0,0,197519.2012,-1.0000
94.915,1802,1819,Running,20,0,1,99,1,1,1.0000,1818.6,0,19.760,19.760,12.278,121.2,-1497.0,0.0,0,205447.1154,-1.0000
94.932,1804,1819,Running,22,0,1,99,1,1,1.0000,1818.6,0,19.760,19.760,12.278,222.5,-2748.8,0.0,0,92963.5628,-1.0000
94.949,1806,1819,Running,24,0,1,99,1,1,1.0000,1818.6,0,19.760,19.760,12.278,246.6,-3046.3,0.0,0,192173.1491,-1.0000
94.965,1815,1902,Running,26,0,1,99,1,1,1.0000,1906.9,0,20.664,20.720,12.840,146.0,-1803.9,0.0,0,206262.8425,-1.0000
94.982,1829,1907,Running,27,0,1,99,1,1,1.0000,1906.9,0,20.720,20.720,12.875,109.7,-1355.1,0.0,0,212270.5461,-1.0000
94.999,1843,1922,Running,28,0,1,99,1,1,1.0000,1921.6,0,20.880,20.880,12.974,230.5,-2846.8,0.0,0,120820.0915,-1.0000
95.015,1855,1922,Running,28,0,1,99,1,1,1.0000,1921.6,0,20.880,20.880,12.974,266.2,-3287.8,0.0,0,247406.7835,-1.0000
95.032,1865,1922,Running,29,0,1,99,1,1,1.0000,1921.6,0,20.880,20.880,12.974,290.4,-3587.4,0.0,0,250764.7619,-1.0000
95.049,1874,1922,Running,29,0,1,99,1,1,1.0000,1921.6,0,20.880,20.880,12.974,131.2,-1620.5,0.0,0,162894.5790,-1.0000
95.065,1881,1922,Running,29,0,1,99,1,1,1.0000,1921.6,0,20.880,20.880,12.974,325.5,-4020.9,0.0,0,212059.6509,-1.0000
95.082,1888,1922,Running,29,0,1,99,1,1,1.0000,1921.6,0,20.880,20.880,12.974,342.8,-4233.9,0.0,0,240160.3956,-1.0000
95.099,1893,1922,Running,29,0,1,99,1,1,1.0000,1921.6,0,20.880,20.880,12.974,335.5,-4144.2,0.0,0,251147.5213,-1.0000
95.115,1897,1922,Running,30,0,1,99,1,1,1.0000,1921.6,0,20.880,20.880,12.974,186.7,-2305.6,0.0,0,153758.8217,-1.0000
95.132,1901,1922,Running,30,0,1,99,1,1,1.0000,1921.6,0,20.880,20.880,12.974,363.4,-4488.4,0.0,0,238798.3549,-1.0000
95.149,1904,1922,Running,30,0,1,99,1,1,1.0000,1921.6,0,20.880,20.880,12.974,376.1,-4644.9,0.0,0,266361.4371,-1.0000
95.165,1907,1922,Running,30,0,1,99,1,1,1.0000,1921.6,0,20.880,20.880,12.974,249.6,-3082.7,0.0,0,308574.7219,-1.0000
95.182,1909,1922,Running,30,0,1,99,1,1,1.0000,1921.6,0,20.880,20.880,12.974,319.4,-3944.7,0.0,0,117610.6602,-1.0000
95.199,1911,1922,Running,30,0,1,99,1,1,1.0000,1921.6,0,20.880,20.880,12.974,405.5,-5009.0,0.0,0,234830.5428,-1.0000
95.215,1913,1922,Running,30,0,1,99,1,1,1.0000,1921.6,0,20.880,20.880,12.974,414.9,-5124.7,0.0,0,252784.0680,-1.0000
95.232,1914,1922,Running,30,0,1,99,1,1,1.0000,1921.6,0,20.880,20.880,12.974,199.5,-2463.8,0.0,0,252447.6301,-1.0000
95.249,1915,1922,Running,30,0,1,99,1,1,1.0000,1921.6,0,20.880,20.880,12.974,396.3,-4894.7,0.0,0,147410.4728,-1.0000
95.265,1916,1922,Running,30,0,1,99,1,1,1.0000,1921.6,0,20.880,20.880,12.974,405.3,-5006.2,0.0,0,279432.7507,-1.0000
95.282,1917,1922,Running,30,0,1,99,1,1,1.0000,1921.6,0,20.880,20.880,12.974,417.7,-5159.2,0.0,0,276633.8947,-1.0000
95.299,1918,1922,Running,30,0,1,99,1,1,1.0000,1921.6,0,20.880,20.880,12.974,197.6,-2441.1,0.0,0,168052.8416,-1.0000
95.315,1918,1922,Running,30,0,1,99,1,1,1.0000,1921.6,0,20.880,20.880,12.974,425.0,-5249.7,0.0,0,230230.1351,-1.0000
95.332,1919,1922,Running,31,0,1,99,1,1,1.0000,1921.6,0,20.880,20.880,12.974,432.6,-5343.3,0.0,0,254983.9187,-1.0000
95.349,1886,1578,Running,31,0,1,99,1,2,0.9701,1408.6,0,22.263,23.440,13.834,912.9,-7481.4,0.0,0,235084.1265,-1.0000
95.365,1822,1511,Running,31,0,1,99,1,2,1.0000,1418.2,0,23.224,23.600,14.431,307.1,-2476.8,0.0,0,108687.2060,-1.0000
95.382,1793,1736,Running,31,0,1,99,1,2,1.0000,1418.2,0,23.440,23.600,14.565,127.3,-1027.0,0.0,0,146953.6042,-1.0000
95.399,1797,1892,Running,31,0,1,99,1,2,1.0000,1418.2,0,23.440,23.600,14.565,158.6,-1285.7,0.0,0,254737.4636,-1.0000
95.415,1822,2005,Running,31,0,1,99,1,2,1.0000,1418.2,0,23.440,23.600,14.565,183.1,-1500.2,0.0,0,291677.4734,-1.0000
95.432,1848,1996,Running,31,0,1,99,1,2,1.0000,1418.2,0,23.440,23.600,14.565,190.6,-1567.2,0.0,0,196818.0240,-1.0000
95.449,1883,2146,Running,31,0,1,99,1,2,1.0000,1418.2,0,23.440,23.600,14.565,206.2,-1731.0,0.0,0,257014.7648,-1.0000
95.465,1932,2260,Running,31,0,1,99,1,2,1.0000,1418.2,0,23.440,23.600,14.565,232.8,-2029.0,0.0,0,328434.0760,-1.0000
95.482,1987,2254,Running,31,0,1,99,1,2,1.0000,1418.2,0,23.440,23.600,14.565,251.2,-2236.9,0.0,0,339997.8097,-1.0000
95.499,2036,2361,Running,31,0,1,99,1,2,1.0000,1418.2,0,23.440,23.600,14.565,255.3,-2283.8,0.0,0,218453.3770,-1.0000
95.515,2095,2469,Running,31,0,1,99,1,2,1.0000,1418.2,0,23.440,23.600,14.565,280.6,-2585.7,0.0,0,336956.2174,-1.0000
95.532,2155,2439,Running,31,0,1,99,1,2,1.0000,1418.2,0,23.440,23.600,14.565,295.9,-2774.2,0.0,0,376369.4676,-1.0000
95.549,2205,2525,Running,31,0,1,99,1,2,0.9999,1514.4,0,24.422,25.200,15.175,295.2,-2729.0,0.0,0,248318.1296,-1.0000
95.565,2261,2602,Running,31,0,1,99,1,2,0.9999,1514.4,0,25.200,25.200,15.659,316.2,-2913.7,0.0,0,372802.4570,-1.0000
95.582,2311,2551,Running,31,0,1,99,1,2,0.9999,1514.4,0,25.200,25.200,15.659,321.9,-2959.8,0.0,0,310170.3447,-1.0000
95.599,2354,2626,Running,31,0,1,99,1,2,0.9999,1514.4,0,25.200,25.200,15.659,322.3,-2964.3,0.0,0,309410.7413,-1.0000
95.616,2401,2686,Running,31,0,1,99,1,2,0.9999,1514.4,0,25.200,25.200,15.659,338.5,-3163.3,0.0,0,379635.2128,-1.0000
95.632,2436,2627,Running,31,0,1,99,1,2,0.9999,1514.4,0,25.200,25.200,15.659,332.7,-3091.9,0.0,0,286391.1673,-1.0000
95.649,2470,2682,Running,31,0,1,99,1,2,0.9999,1514.4,0,25.200,25.200,15.659,337.8,-3154.8,0.0,0,352993.7093,-1.0000
95.665,2505,2682,Running,31,0,1,99,1,2,0.9999,1514.4,0,25.200,25.200,15.659,350.2,-3307.7,0.0,0,406457.6505,-1.0000
95.682,2527,2669,Running,31,0,1,99,1,2,0.9999,1514.4,0,25.200,25.200,15.659,335.7,-3128.7,0.0,0,236331.7405,-1.0000
95.699,2552,2716,Running,31,0,1,99,1,2,0.9999,1514.4,0,25.200,25.200,15.659,347.4,-3273.0,0.0,0,386717.3920,-1.0000
95.715,2575,2645,Running,31,0,1,99,1,2,0.9999,1514.4,0,25.200,25.200,15.659,350.3,-3308.9,0.0,0,375962.5491,-1.0000
95.732,2589,2695,Running,30,0,1,99,1,2,0.9999,1514.4,0,25.200,25.200,15.659,341.5,-3200.9,0.0,0,273032.8754,-1.0000
95.749,2608,2736,Running,30,0,1,99,1,2,1.0000,1596.1,0,26.230,26.560,16.299,353.0,-3300.6,0.0,0,384834.7997,-1.0000
95.765,2619,2664,Running,30,0,1,99,1,2,1.0000,1596.1,0,26.560,26.560,16.504,345.3,-3142.7,0.0,0,290382.3238,-1.0000
95.782,2629,2709,Running,30,0,1,99,1,2,1.0000,1596.1,0,26.560,26.560,16.504,346.0,-3145.0,0.0,0,352956.7121,-1.0000
95.799,2644,2704,Running,30,0,1,99,1,2,1.0000,1596.1,0,26.560,26.560,16.504,355.6,-3263.4,0.0,0,399578.8887,-1.0000
95.815,2646,2674,Running,30,0,1,99,1,2,1.0000,1596.1,0,26.560,26.560,16.504,339.0,-3060.8,0.0,0,240037.6560,-1.0000
95.832,2653,2715,Running,30,0,1,99,1,2,1.0000,1596.1,0,26.560,26.560,16.504,347.9,-3169.1,0.0,0,381452.3033,-1.0000
95.849,2659,2635,Running,30,0,1,99,1,2,1.0000,1596.1,0,26.560,26.560,16.504,349.2,-3185.1,0.0,0,374681.1013,-1.0000
95.865,2659,2679,Running,30,0,1,99,1,2,1.0000,1596.1,0,26.560,26.560,16.504,338.3,-3052.9,0.0,0,262796.9572,-1.0000
95.882,2664,2713,Running,30,0,1,99,1,2,1.0000,1596.1,0,26.560,26.560,16.504,348.2,-3172.9,0.0,0,377421.7378,-1.0000
95.899,2663,2638,Running,30,0,1,99,1,2,1.0000,1596.1,0,26.560,26.560,16.504,339.8,-3073.8,0.0,0,284605.8568,-1.0000
95.915,2663,2679,Running,30,0,1,99,1,2,1.0000,1596.1,0,26.560,26.560,16.504,339.0,-3061.3,0.0,0,346337.8897,-1.0000
95.932,2668,2693,Running,30,0,1,99,1,2,1.0000,1596.1,0,26.560,26.560,16.504,348.6,-3177.5,0.0,0,383150.3417,-1.0000
95.949,2662,2644,Running,30,0,1,99,1,2,1.0000,1596.1,0,26.560,26.560,16.504,333.0,-2992.4,0.0,0,251685.4213,-1.0000
95.965,2662,2681,Running,30,0,1,99,1,2,1.0000,1596.1,0,26.560,26.560,16.504,340.2,-3074.8,0.0,0,370480.6793,-1.0000
95.982,2664,2609,Running,30,0,1,99,1,2,1.0000,1596.1,0,26.560,26.560,16.504,343.8,-3119.9,0.0,0,389382.7554,-1.0000
95.999,2658,2643,Running,30,0,1,99,1,2,1.0000,1596.1,0,26.560,26.560,16.504,330.3,-2960.8,0.0,0,240787.8806,-1.0000
96.015,2659,2678,Running,30,0,1,99,1,2,1.0000,1596.1,0,26.560,26.560,16.504,340.4,-3078.0,0.0,0,373214.7439,-1.0000
96.032,2656,2599,Running,30,0,1,99,1,2,1.0000,1596.1,0,26.560,26.560,16.504,335.2,-3019.3,0.0,0,282851.7863,-1.0000
96.049,2651,2641,Running,30,0,1,99,1,2,1.0000,1596.1,0,26.560,26.560,16.504,330.6,-2964.7,0.0,0,339290.9481,-1.0000
96.065,2653,2676,Running,30,0,1,99,1,2,1.0000,1596.1,0,26.560,26.560,16.504,340.2,-3075.6,0.0,0,367957.4801,-1.0000
96.082,2647,2605,Running,30,0,1,99,1,2,1.0000,1596.1,0,26.560,26.560,16.504,327.8,-2933.3,0.0,0,263652.2590,-1.0000
96.099,2644,2646,Running,30,0,1,99,1,2,1.0000,1596.1,0,26.560,26.560,16.504,331.6,-2976.4,0.0,0,338663.5888,-1.0000
96.115,2646,2617,Running,30,0,1,99,1,2,1.0000,1596.1,0,26.560,26.560,16.504,339.5,-3066.8,0.0,0,406490.8371,-1.0000
96.132,2639,2618,Running,30,0,1,99,1,2,1.0000,1596.1,0,26.560,26.560,16.504,323.5,-2883.2,0.0,0,196571.6216,-1.0000
96.149,2638,2656,Running,30,0,1,99,1,2,1.0000,1596.1,0,26.560,26.560,16.504,333.2,-2994.2,0.0,0,369257.5545,-1.0000
96.165,2638,2581,Running,30,0,1,99,1,2,1.0000,1596.1,0,26.560,26.560,16.504,334.2,-3006.4,0.0,0,357771.1042,-1.0000
96.182,2632,2626,Running,30,0,1,99,1,2,1.0000,1596.1,0,26.560,26.560,16.504,324.8,-2897.8,0.0,0,255881.7212,-1.0000
96.199,2634,2664,Running,30,0,1,99,1,2,1.0000,1596.1,0,26.560,26.560,16.504,335.2,-3017.5,0.0,0,368851.1872,-1.0000
96.216,2631,2588,Running,30,0,1,99,1,2,1.0000,1596.1,0,26.560,26.560,16.504,328.9,-2945.6,0.0,0,278101.2959,-1.0000
96.232,2628,2630,Running,30,0,1,99,1,2,1.0000,1596.1,0,26.560,26.560,16.504,327.2,-2925.5,0.0,0,342400.2724,-1.0000
96.249,2632,2660,Running,30,0,1,99,1,2,1.0000,1788.4,0,27.565,29.760,17.128,336.9,-3005.1,0.0,0,373971.6941,-1.0000
96.265,2626,2596,Running,30,0,1,99,1,2,1.0000,1788.4,0,28.553,29.760,17.742,323.9,-2797.9,0.0,0,263914.0304,-1.0000
96.282,2626,2639,Running,30,0,1,99,1,2,1.0000,1788.4,0,29.541,29.760,18.356,329.9,-2805.5,0.0,0,343305.3171,-1.0000
96.299,2629,2594,Running,30,0,1,99,1,2,1.0000,1788.4,0,29.760,29.760,18.492,337.4,-2846.7,0.0,0,404151.3627,-1.0000
96.315,2624,2611,Running,30,0,1,99,1,2,1.0000,1788.4,0,29.760,29.760,18.492,322.1,-2675.2,0.0,0,194180.5057,-1.0000
96.332,2625,2650,Running,30,0,1,99,1,2,1.0000,1788.4,0,29.760,29.760,18.492,332.0,-2785.0,0.0,0,367072.3005,-1.0000
96.349,2625,2575,Running,30,0,1,99,1,2,1.0000,1788.4,0,29.760,29.760,18.492,332.3,-2787.8,0.0,0,340796.0053,-1.0000
96.365,2621,2621,Running,30,0,1,99,1,2,1.0000,1788.4,0,29.760,29.760,18.492,323.6,-2691.0,0.0,0,267054.5545,-1.0000
96.382,2624,2661,Running,30,0,1,99,1,2,1.0000,1788.4,0,29.760,29.760,18.492,334.0,-2807.0,0.0,0,366432.2378,-1.0000
96.399,2621,2587,Running,30,0,1,99,1,2,1.0000,1788.4,0,29.760,29.760,18.492,327.2,-2731.4,0.0,0,276073.5436,-1.0000
96.415,2620,2631,Running,29,0,1,99,1,2,1.0000,1788.4,0,29.760,29.760,18.492,326.6,-2725.0,0.0,0,340397.4340,-1.0000
96.432,2624,2655,Running,28,0,1,99,1,2,1.0000,1788.4,0,29.760,29.760,18.492,336.5,-2835.3,0.0,0,373895.3715,-1.0000
96.449,2619,2593,Running,28,0,1,99,1,2,1.0000,1788.4,0,29.760,29.760,18.492,322.5,-2679.7,0.0,0,259367.7661,-1.0000
96.465,2618,2627,Running,27,0,1,99,1,2,1.0000,1788.4,0,29.760,29.760,18.492,328.3,-2743.7,0.0,0,351319.8316,-1.0000
96.482,2621,2570,Running,27,0,1,99,1,2,1.0000,1788.4,0,29.760,29.760,18.492,332.9,-2795.3,0.0,0,391919.7550,-1.0000
96.499,2612,2580,Running,26,0,1,99,1,2,1.0000,1788.4,0,29.760,29.760,18.492,316.0,-2607.2,0.0,0,186798.7566,-1.0000
96.515,2609,2602,Running,26,0,1,99,1,2,1.0000,1788.4,0,29.760,29.760,18.492,322.4,-2678.1,0.0,0,348220.1078,-1.0000
96.532,2604,2518,Running,26,0,1,99,1,2,1.0000,1788.4,0,29.760,29.760,18.492,319.4,-2649.0,0.0,0,323516.0555,-1.0000
96.549,2592,2541,Running,25,0,1,99,1,2,1.0000,1894.2,0,30.724,31.520,19.091,306.6,-2512.6,0.0,0,239655.7940,-1.0000
96.565,2585,2553,Running,25,0,1,99,1,2,1.0000,1894.2,0,31.520,31.520,19.586,311.1,-2540.7,0.0,0,341258.5084,-1.0000
96.582,2573,2460,Running,25,0,1,99,1,2,1.0000,1899.0,0,31.600,31.600,19.635,302.3,-2459.7,0.0,0,252442.9067,-1.0000
96.599,2558,2481,Running,25,0,1,99,1,2,1.0000,1899.0,0,31.600,31.600,19.635,293.5,-2382.7,0.0,0,281991.6020,-1.0000
96.615,2547,2496,Running,25,0,1,99,1,2,1.0000,1899.0,0,31.600,31.600,19.635,297.0,-2412.7,0.0,0,309138.3164,-1.0000
96.632,2530,2406,Running,25,0,1,99,1,2,1.0000,1899.0,0,31.600,31.600,19.635,285.9,-2316.1,0.0,0,228528.3632,-1.0000
96.649,2513,2421,Running,25,0,1,99,1,2,1.0000,1899.0,0,31.600,31.600,19.635,280.3,-2266.7,0.0,0,297952.2000,-1.0000
96.665,2500,2437,Running,25,0,1,99,1,2,1.0000,1899.0,0,31.600,31.600,19.635,283.3,-2293.4,0.0,0,290550.0291,-1.0000
96.682,2482,2353,Running,25,0,1,99,1,2,1.0000,1899.0,0,31.600,31.600,19.635,272.3,-2199.6,0.0,0,210588.9553,-1.0000
96.699,2463,2370,Running,25,0,1,99,1,2,1.0000,1899.0,0,31.600,31.600,19.635,268.1,-2161.9,0.0,0,291893.1069,-1.0000
96.715,2451,2393,Running,25,0,1,99,1,2,1.0000,1899.0,0,31.600,31.600,19.635,272.4,-2197.9,0.0,0,278902.7978,-1.0000
96.732,2434,2309,Running,24,0,1,99,1,2,1.0000,1899.0,0,31.600,31.600,19.635,263.2,-2123.1,0.0,0,211246.8708,-1.0000
96.749,2417,2334,Running,24,0,1,99,1,2,1.0000,1899.0,0,31.600,31.600,19.635,259.3,-2091.0,0.0,0,271822.4751,-1.0000
96.765,2406,2357,Running,23,0,1,99,1,2,1.0000,1899.0,0,31.600,31.600,19.635,263.9,-2128.1,0.0,0,279995.4202,-1.0000
96.782,2391,2268,Running,23,0,1,99,1,2,1.0000,1899.0,0,31.600,31.600,19.635,257.0,-2072.7,0.0,0,222987.4851,-1.0000
96.799,2375,2296,Running,23,0,1,99,1,2,1.0000,1899.0,0,31.600,31.600,19.635,250.1,-2017.4,0.0,0,233573.5866,-1.0000
96.815,2363,2306,Running,23,0,1,99,1,2,1.0000,1899.0,0,31.600,31.600,19.635,254.0,-2048.4,0.0,0,298176.1552,-1.0000
96.832,2348,2101,Running,23,0,1,99,1,2,1.0000,1899.0,0,31.615,31.600,19.644,422.3,-3406.2,0.0,0,233553.5452,-1.0000
96.849,2283,1899,Running,21,0,1,99,1,2,1.0000,1899.0,0,31.600,31.600,19.635,585.8,-4724.8,0.0,0,145397.7230,-1.0000
96.865,2224,1899,Running,20,0,1,99,1,2,1.0000,1899.0,0,31.600,31.600,19.635,292.5,-2359.3,0.0,0,227785.4441,-1.0000
96.882,2178,1953,Running,19,0,1,99,1,2,1.0000,1971.1,0,32.492,32.800,20.189,206.1,-1662.3,0.0,0,206250.6844,-1.0000
96.899,2146,1971,Running,18,0,1,99,1,2,1.0000,1971.1,0,32.800,32.800,20.381,90.0,-726.1,0.0,0,117879.6297,-1.0000
96.915,2119,1971,Running,17,0,1,99,1,2,1.0000,1971.1,0,32.800,32.800,20.381,244.6,-1972.9,0.0,0,194828.6751,-1.0000
96.932,2096,1971,Running,17,0,1,99,1,2,1.0000,1971.1,0,32.800,32.800,20.381,238.5,-1923.9,0.0,0,224436.4302,-1.0000
96.949,2077,1971,Running,17,0,1,99,1,2,1.0000,1971.1,0,32.800,32.800,20.381,161.8,-1304.6,0.0,0,263765.5143,-1.0000
96.966,2061,1971,Running,16,0,1,99,1,2,1.0000,1971.1,0,32.800,32.800,20.381,163.8,-1321.4,0.0,0,83817.5551,-1.0000
96.982,2047,1971,Running,16,0,1,99,1,2,1.0000,1971.1,0,32.800,32.800,20.381,223.8,-1804.8,0.0,0,179662.5206,-1.0000
96.999,2035,1971,Running,16,0,1,99,1,2,1.0000,1971.1,0,32.800,32.800,20.381,228.6,-1843.4,0.0,0,199842.8998,-1.0000
97.015,2025,1971,Running,16,0,1,99,1,2,1.0000,1971.1,0,32.800,32.800,20.381,90.9,-733.1,0.0,0,169397.6931,-1.0000
97.032,2017,1971,Running,16,0,1,99,1,2,1.0000,1971.1,0,32.800,32.800,20.381,197.9,-1595.9,0.0,0,134238.5006,-1.0000
97.049,2010,1971,Running,15,0,1,99,1,2,1.0000,1971.1,0,32.800,32.800,20.381,193.9,-1564.1,0.0,0,200354.6648,-1.0000
97.065,2004,1971,Running,15,0,1,99,1,2,1.0000,1971.1,0,32.800,32.800,20.381,201.6,-1626.2,0.0,0,181595.1398,-1.0000
97.082,2001,1990,Running,14,0,1,99,1,2,1.0000,1990.3,0,33.120,33.120,20.580,55.7,-449.0,0.0,0,104577.7910,-1.0000
97.099,2000,1995,Running,14,0,1,99,1,2,1.0000,1995.1,0,33.200,33.200,20.630,173.5,-1399.5,0.0,0,172275.8204,-1.0000
97.115,2000,1995,Running,13,0,1,99,1,2,1.0000,1995.1,0,33.200,33.200,20.630,174.7,-1409.2,0.0,0,201749.4670,-1.0000
97.132,1999,1995,Running,13,0,1,99,1,2,1.0000,1995.1,0,33.200,33.200,20.630,83.4,-672.6,0.0,0,171562.4639,-1.0000
97.149,1998,1995,Running,13,0,1,99,1,2,1.0000,1995.1,0,33.200,33.200,20.630,147.0,-1185.7,0.0,0,65933.1595,-1.0000
97.165,1998,1995,Running,13,0,1,99,1,2,1.0000,1995.1,0,33.200,33.200,20.630,158.3,-1276.9,0.0,0,172763.8771,-1.0000
97.182,1997,1995,Running,13,0,1,99,1,2,1.0000,1995.1,0,33.200,33.200,20.630,158.3,-1277.1,0.0,0,186275.0572,-1.0000
97.199,1997,1995,Running,13,0,1,99,1,2,1.0000,1995.1,0,33.200,33.200,20.630,42.9,-346.2,0.0,0,89923.5353,-1.0000
97.215,1997,1995,Running,13,0,1,99,1,2,1.0000,1995.1,0,33.200,33.200,20.630,138.4,-1115.9,0.0,0,124330.8220,-1.0000
97.232,1997,1995,Running,12,0,1,99,1,2,1.0000,1995.1,0,33.200,33.200,20.630,139.9,-1128.5,0.0,0,157332.7632,-1.0000
97.249,1996,1995,Running,12,0,1,99,1,2,1.0000,1995.1,0,33.200,33.200,20.630,101.8,-820.8,0.0,0,189609.6619,-1.0000
97.265,1996,1995,Running,12,0,1,99,1,2,1.0000,1995.1,0,33.200,33.200,20.630,67.3,-542.4,0.0,0,72033.1943,-1.0000
97.282,1996,1995,Running,12,0,1,99,1,2,1.0000,1995.1,0,33.200,33.200,20.630,114.3,-921.9,0.0,0,113310.2293,-1.0000
97.299,1996,1995,Running,12,0,1,99,1,2,1.0000,1995.1,0,33.200,33.200,20.630,127.5,-1028.4,0.0,0,143988.6305,-1.0000
97.315,1996,1995,Running,11,0,1,99,1,2,1.0000,1995.1,0,33.200,33.200,20.630,38.2,-307.9,0.0,0,117117.9346,-1.0000
97.332,1996,1995,Running,10,0,1,99,1,2,1.0000,1995.1,0,33.200,33.200,20.630,110.2,-888.8,0.0,0,93052.0496,-1.0000
97.349,1996,1995,Running,10,0,1,99,1,2,1.0000,1995.1,0,33.200,33.200,20.630,98.8,-796.8,0.0,0,143122.7929,-1.0000
97.365,1995,1995,Running,9,0,1,99,1,2,1.0000,1995.1,0,33.200,33.200,20.630,102.1,-823.8,0.0,0,132513.6634,-1.0000
97.382,1996,2000,Running,9,0,1,99,1,2,1.0000,1999.9,0,33.280,33.280,20.679,18.8,-151.6,0.0,0,74188.0106,-1.0000
97.399,1997,2000,Running,9,0,1,99,1,2,1.0000,1999.9,0,33.280,33.280,20.679,91.2,-735.7,0.0,0,116963.0432,-1.0000
97.415,1997,2000,Running,9,0,1,99,1,2,1.0000,1999.9,0,33.280,33.280,20.679,82.9,-668.3,0.0,0,129815.8289,-1.0000
97.432,1998,2000,Running,8,0,1,99,1,2,1.0000,1999.9,0,33.280,33.280,20.679,13.5,-108.8,0.0,0,103808.4911,-1.0000
97.449,1998,2000,Running,8,0,1,99,1,2,1.0000,1999.9,0,33.280,33.280,20.679,64.3,-518.9,0.0,0,46572.7365,-1.0000
97.465,1998,2000,Running,8,0,1,99,1,2,1.0000,1999.9,0,33.280,33.280,20.679,69.9,-563.4,0.0,0,119849.1667,-1.0000
97.482,1999,2000,Running,7,0,1,99,1,2,1.0000,1999.9,0,33.280,33.280,20.679,64.7,-521.8,0.0,0,119857.7624,-1.0000
97.499,1998,1995,Running,6,0,1,99,1,2,1.0000,1995.1,0,33.200,33.200,20.630,-6.3,51.1,0.0,0,44887.9270,-1.0000
97.515,1998,1995,Running,6,0,1,99,1,2,1.0000,1995.1,0,33.200,33.200,20.630,48.1,-387.7,0.0,0,69986.6540,-1.0000
97.532,1997,1995,Running,5,0,1,99,1,2,1.0000,1995.1,0,33.200,33.200,20.630,46.8,-377.3,0.0,0,103050.9996,-1.0000
97.549,1997,1995,Running,5,0,1,99,1,2,1.0000,1995.1,0,33.200,33.200,20.630,10.5,-84.3,0.0,0,116286.9536,-1.0000
97.565,1997,1995,Running,5,0,1,99,1,2,1.0000,1995.1,0,33.200,33.200,20.630,0.5,-4.2,0.0,0,20074.1588,-1.0000
97.582,1996,1995,Running,5,0,1,99,1,2,1.0000,1995.1,0,33.200,33.200,20.630,18.9,-152.5,0.0,0,53453.2508,-1.0000
97.599,1996,1995,Running,5,0,1,99,1,2,1.0000,1995.1,0,33.200,33.200,20.630,25.6,-206.4,0.0,0,83614.5145,-1.0000
97.615,1996,1995,Running,5,0,1,99,1,2,1.0000,1995.1,0,33.200,33.200,20.630,-26.2,211.3,0.0,0,42279.6435,-1.0000
97.632,1996,1995,Running,3,0,1,99,1,2,1.0000,1995.1,0,33.200,33.200,20.630,6.9,-55.3,0.0,0,31707.3206,-1.0000
97.649,1993,1976,Running,2,0,1,99,1,2,1.0000,1975.9,0,32.880,32.880,20.431,23.4,-188.8,0.0,0,69937.7621,-1.0000
97.665,1991,1976,Running,2,0,1,99,1,2,1.0000,1975.9,0,32.880,32.880,20.431,-1.7,14.0,0.0,0,65602.5743,-1.0000
97.682,1988,1976,Running,1,0,1,99,1,2,1.0000,1975.9,0,32.880,32.880,20.431,-38.7,312.2,0.0,0,30384.9003,-1.0000
97.699,1987,1976,Running,1,0,1,99,1,2,1.0000,1975.9,0,32.880,32.880,20.431,-7.4,60.0,0.0,0,28028.2409,-1.0000
97.716,1985,1976,Running,1,0,1,99,1,2,1.0000,1975.9,0,32.880,32.880,20.431,-14.4,116.4,0.0,0,48918.3319,-1.0000
97.732,1984,1976,Running,0,1,1,99,1,2,1.0000,1975.9,0,32.880,32.880,20.431,-52.2,420.6,0.0,0,33670.0942,-1.0000
97.749,1982,1976,Running,0,1,1,99,1,2,1.0000,1975.9,0,32.880,32.880,20.431,-27.9,225.2,0.0,0,16478.3226,-1.0000
97.765,1979,1952,Running,0,1,1,99,1,2,1.0000,1951.9,0,32.480,32.480,20.182,10.2,-82.5,0.0,0,33017.5951,-1.0000
97.782,1974,1947,Running,0,1,1,99,1,2,1.0000,1947.1,0,32.400,32.400,20.132,-17.8,143.8,0.0,0,43639.7655,-1.0000
97.799,1970,1947,Running,0,1,1,99,1,2,1.0000,1947.1,0,32.400,32.400,20.132,-58.6,472.9,0.0,0,5867.3033,-1.0000
97.815,1966,1947,Running,0,1,1,99,1,2,1.0000,1947.1,0,32.400,32.400,20.132,-36.5,294.3,0.0,0,720.0804,-1.0000
97.832,1963,1947,Running,0,1,1,99,1,2,1.0000,1947.1,0,32.400,32.400,20.132,-41.3,333.2,0.0,0,41710.7610,-1.0000
97.849,1961,1947,Running,0,1,1,99,1,2,1.0000,1947.1,0,32.400,32.400,20.132,-39.8,320.6,0.0,0,39620.4786,-1.0000
97.866,1959,1947,Running,0,1,1,99,1,2,1.0000,1947.1,0,32.400,32.400,20.132,-60.9,491.3,0.0,0,14892.6599,-1.0000
97.882,1957,1947,Running,0,1,1,99,1,2,1.0000,1947.1,0,32.400,32.400,20.132,-40.5,326.7,0.0,0,5898.1249,-1.0000
97.899,1955,1947,Running,0,1,1,99,1,2,1.0000,1947.1,0,32.400,32.400,20.132,-44.0,354.7,0.0,0,28148.6298,-1.0000
97.915,1954,1947,Running,0,1,1,99,1,2,1.0000,1947.1,0,32.400,32.400,20.132,-68.8,554.8,0.0,0,19501.0076,-1.0000
97.932,1953,1947,Running,0,1,1,99,1,2,1.0000,1947.1,0,32.400,32.400,20.132,-52.4,422.6,0.0,0,11016.5941,-1.0000
97.949,1952,1947,Running,0,1,1,99,1,2,1.0000,1947.1,0,32.400,32.400,20.132,-47.0,379.2,0.0,0,12412.6382,-1.0000
97.965,1948,1903,Running,0,1,1,99,1,2,1.0000,1879.8,0,31.659,31.280,19.672,14.9,-120.1,0.0,0,34265.8798,-1.0000
97.982,1938,1880,Running,0,1,1,99,1,2,1.0000,1879.8,0,31.280,31.280,19.436,-37.1,299.3,0.0,0,-3763.0609,-1.0000
97.999,1928,1875,Running,0,1,1,99,1,2,1.0000,1874.9,0,31.200,31.200,19.387,-43.2,348.4,0.0,0,10723.7263,-1.0000
98.015,1920,1875,Running,0,1,1,99,1,2,1.0000,1874.9,0,31.200,31.200,19.387,-50.8,409.7,0.0,0,28896.9286,-1.0000
98.032,1913,1875,Running,0,1,1,99,1,2,1.0000,1874.9,0,31.200,31.200,19.387,-51.7,416.6,0.0,0,26243.6172,-1.0000
98.049,1907,1875,Running,0,1,1,99,1,2,1.0000,1874.9,0,31.200,31.200,19.387,-71.5,576.5,0.0,0,2931.0842,-1.0000
98.065,1902,1875,Running,0,1,1,99,1,2,1.0000,1874.9,0,31.200,31.200,19.387,-52.3,422.2,0.0,0,-6853.2587,-1.0000
98.082,1898,1875,Running,0,1,1,99,1,2,1.0000,1874.9,0,31.200,31.200,19.387,-56.2,453.3,0.0,0,34563.3992,-1.0000
98.099,1895,1875,Running,0,1,1,99,1,2,1.0000,1874.9,0,31.200,31.200,19.387,-53.6,432.0,0.0,0,31714.8814,-1.0000
98.115,1892,1875,Running,0,1,1,99,1,2,1.0000,1874.9,0,31.200,31.200,19.387,-70.9,572.1,0.0,0,12351.0305,-1.0000
98.132,1889,1875,Running,0,1,1,99,1,2,1.0000,1874.9,0,31.200,31.200,19.387,-51.7,416.9,0.0,0,1133.8415,-1.0000
98.149,1887,1875,Running,0,1,1,99,1,2,1.0000,1874.9,0,31.200,31.200,19.387,-54.3,438.0,0.0,0,32165.0023,-1.0000
98.165,1885,1875,Running,0,1,1,99,1,2,1.0000,1874.9,0,31.200,31.200,19.387,-60.4,486.9,0.0,0,38089.6618,-1.0000
98.182,1883,1875,Running,0,1,1,99,1,2,1.0000,1874.9,0,31.200,31.200,19.387,-66.1,533.4,0.0,0,10949.0911,-1.0000
98.199,1882,1875,Running,0,1,1,99,1,2,1.0000,1874.9,0,31.200,31.200,19.387,-53.7,433.3,0.0,0,1231.1437,-1.0000
98.215,1881,1875,Running,0,1,1,99,1,2,1.0000,1874.9,0,31.200,31.200,19.387,-54.6,440.8,0.0,0,28323.2279,-1.0000
98.232,1880,1875,Running,0,1,1,99,1,2,1.0000,1874.9,0,31.200,31.200,19.387,-72.8,587.1,0.0,0,27487.8118,-1.0000
98.249,1879,1875,Running,0,1,1,99,1,2,1.0000,1874.9,0,31.200,31.200,19.387,-60.0,483.5,0.0,0,11061.1327,-1.0000
98.265,1879,1875,Running,0,1,1,99,1,2,1.0000,1874.9,0,31.200,31.200,19.387,-56.4,454.9,0.0,0,3243.5602,-1.0000
98.282,1878,1875,Running,0,1,1,99,1,2,1.0000,1874.9,0,31.200,31.200,19.387,-54.4,438.9,0.0,0,33427.2217,-1.0000
98.299,1878,1875,Running,0,1,1,99,1,2,1.0000,1874.9,0,31.200,31.200,19.387,-74.1,597.4,0.0,0,11674.3527,-1.0000
98.316,1877,1875,Running,0,1,1,99,1,2,1.0000,1874.9,0,31.200,31.200,19.387,-57.2,461.4,0.0,0,24255.1533,-1.0000
98.332,1877,1875,Running,0,1,1,99,1,2,1.0000,1874.9,0,31.200,31.200,19.387,-54.1,436.7,0.0,0,21071.4482,-1.0000
98.349,1877,1875,Running,0,1,1,99,1,2,1.0000,1874.9,0,31.200,31.200,19.387,-53.7,433.0,0.0,0,36816.2404,-1.0000
98.365,1873,1829,Running,0,1,1,99,1,2,1.0000,1716.3,0,30.441,28.560,18.915,-11.0,89.1,0.0,0,1902.1304,-1.0000
98.382,1862,1784,Running,0,1,1,99,1,2,1.0000,1711.5,0,29.693,28.480,18.450,5.3,-42.5,0.0,0,18529.8898,-1.0000
98.399,1847,1740,Running,0,1,1,99,1,2,1.0000,1711.5,0,28.947,28.480,17.987,7.4,-59.3,0.0,0,26691.5833,-1.0000
98.415,1827,1711,Running,0,1,1,99,1,2,1.0000,1711.5,0,28.480,28.480,17.697,-13.8,111.6,0.0,0,26238.8336,-1.0000
98.432,1810,1711,Running,0,1,1,99,1,2,1.0000,1711.5,0,28.480,28.480,17.697,-73.9,595.9,0.0,0,-2852.1589,-1.0000
98.449,1794,1711,Running,0,1,1,99,1,2,1.0000,1711.5,0,28.480,28.480,17.697,-56.1,452.7,0.0,0,24540.5301,-1.0000
98.465,1778,1678,Running,0,1,1,99,1,2,1.0000,1677.8,0,27.920,27.920,17.349,-6.2,50.1,0.0,0,9318.0470,-1.0000
98.482,1762,1673,Running,0,1,1,99,1,2,1.0000,1673.0,0,27.840,27.840,17.299,-40.9,329.7,0.0,0,28535.4088,-1.0000
98.499,1749,1673,Running,0,1,1,99,1,2,1.0000,1673.0,0,27.840,27.840,17.299,-67.9,547.9,0.0,0,32071.0491,-1.0000
98.516,1737,1673,Running,0,1,1,99,1,2,1.0000,1673.0,0,27.840,27.840,17.299,-53.5,431.7,0.0,0,17098.8752,-1.0000
98.532,1727,1673,Running,0,1,1,99,1,2,1.0000,1673.0,0,27.840,27.840,17.299,-49.7,400.6,0.0,0,-460.7243,-1.0000
98.549,1719,1673,Running,0,1,1,99,1,2,1.0000,1673.0,0,27.840,27.840,17.299,-52.4,422.2,0.0,0,25817.6590,-1.0000
98.565,1712,1673,Running,0,1,1,99,1,2,1.0000,1673.0,0,27.840,27.840,17.299,-55.1,444.7,0.0,0,29912.6389,-1.0000
98.582,1706,1673,Running,0,1,1,99,1,2,1.0000,1673.0,0,27.840,27.840,17.299,-69.9,564.1,0.0,0,10326.8950,-1.0000
98.599,1701,1673,Running,0,1,1,99,1,2,1.0000,1673.0,0,27.840,27.840,17.299,-47.0,379.0,0.0,0,-5317.4594,-1.0000
98.615,1696,1673,Running,0,1,1,99,1,2,1.0000,1673.0,0,27.840,27.840,17.299,-49.8,401.5,0.0,0,40885.4013,-1.0000
98.632,1693,1673,Running,0,1,1,99,1,2,1.0000,1673.0,0,27.840,27.840,17.299,-47.9,386.6,0.0,0,38551.6271,-1.0000
98.649,1686,1628,Running,0,1,1,99,1,2,1.0000,1600.9,0,27.083,26.640,16.829,-8.0,64.3,0.0,0,528.6962,-1.0000
98.665,1674,1601,Running,0,1,1,99,1,2,1.0000,1600.9,0,26.640,26.640,16.553,-16.8,135.5,0.0,0,19465.1899,-1.0000
98.682,1662,1591,Running,0,1,1,99,1,2,1.0000,1591.3,0,26.480,26.480,16.454,-35.7,288.0,0.0,0,15407.7473,-1.0000
98.699,1651,1591,Running,0,1,1,99,1,2,1.0000,1591.3,0,26.480,26.480,16.454,-41.1,331.1,0.0,0,31546.1387,-1.0000
98.716,1642,1591,Running,0,1,1,99,1,2,1.0000,1591.3,0,26.480,26.480,16.454,-60.8,490.4,0.0,0,43500.2645,-1.0000
98.732,1634,1591,Running,0,1,1,99,1,2,1.0000,1591.3,0,26.480,26.480,16.454,-57.2,460.9,0.0,0,4924.3162,-1.0000
98.749,1627,1591,Running,0,1,1,99,1,2,1.0000,1591.3,0,26.480,26.480,16.454,-47.7,384.6,0.0,0,-6621.6999,-1.0000
98.766,1622,1591,Running,0,1,1,99,1,2,1.0000,1591.3,0,26.480,26.480,16.454,-47.7,384.4,0.0,0,31483.3468,-1.0000
98.782,1617,1591,Running,0,1,1,99,1,2,1.0000,1591.3,0,26.480,26.480,16.454,-42.3,341.2,0.0,0,40239.8498,-1.0000
98.799,1613,1591,Running,0,1,1,99,1,2,1.0000,1591.3,0,26.480,26.480,16.454,-68.8,554.7,0.0,0,2294.4300,-1.0000
98.815,1610,1591,Running,0,1,1,99,1,2,1.0000,1591.3,0,26.480,26.480,16.454,-52.0,419.5,0.0,0,23462.4840,-1.0000
98.832,1603,1547,Running,0,1,1,99,1,2,1.0000,1524.0,0,25.739,25.360,15.993,14.9,-120.5,0.0,0,16245.9731,-1.0000
98.849,1591,1514,Running,0,1,1,99,1,2,0.9999,1514.4,0,25.200,25.200,15.659,9.3,-74.8,0.0,0,36223.6510,-1.0000
98.865,1580,1514,Running,0,1,1,99,1,2,0.9999,1514.4,0,25.200,25.200,15.659,-53.3,430.1,0.0,0,32989.8909,-1.0000
98.882,1570,1514,Running,0,1,1,99,1,2,0.9999,1514.4,0,25.200,25.200,15.659,-66.2,533.7,0.0,0,2362.5557,-1.0000
98.899,1561,1514,Running,0,1,1,99,1,2,0.9999,1514.4,0,25.200,25.200,15.659,-36.2,291.9,0.0,0,-2907.4463,-1.0000
98.915,1554,1514,Running,0,1,1,99,1,2,0.9999,1514.4,0,25.200,25.200,15.659,-45.6,367.7,0.0,0,40414.2410,-1.0000
98.932,1548,1514,Running,0,1,1,99,1,2,0.9999,1514.4,0,25.200,25.200,15.659,-45.2,364.5,0.0,0,25668.5106,-1.0000
98.949,1543,1514,Running,0,1,1,99,1,2,0.9999,1514.4,0,25.200,25.200,15.659,-62.7,506.0,0.0,0,32498.4753,-1.0000
98.966,1538,1514,Running,0,1,1,99,1,2,0.9999,1514.4,0,25.200,25.200,15.659,-45.0,363.2,0.0,0,20204.7861,-1.0000
98.982,1535,1514,Running,0,1,1,99,1,2,0.9999,1514.4,0,25.200,25.200,15.659,-44.1,355.4,0.0,0,-6517.5002,-1.0000
98.999,1532,1514,Running,0,1,1,99,1,2,0.9999,1514.4,0,25.200,25.200,15.659,-41.6,335.5,0.0,0,32903.2697,-1.0000
99.015,1529,1514,Running,0,1,1,99,1,2,0.9999,1514.4,0,25.200,25.200,15.659,-37.7,303.8,0.0,0,41836.0726,-1.0000
99.032,1527,1514,Running,0,1,1,99,1,2,0.9999,1514.4,0,25.200,25.200,15.659,-72.2,582.6,0.0,0,2232.3828,-1.0000
99.049,1525,1514,Running,0,1,1,99,1,2,0.9999,1514.4,0,25.200,25.200,15.659,-43.9,354.4,0.0,0,33261.8488,-1.0000
99.065,1523,1514,Running,0,1,1,99,1,2,0.9999,1514.4,0,25.200,25.200,15.659,-33.7,271.8,0.0,0,15478.1673,-1.0000
99.082,1522,1514,Running,0,1,1,99,1,2,0.9999,1514.4,0,25.200,25.200,15.659,-43.8,353.1,0.0,0,28112.0353,-1.0000
99.099,1521,1514,Running,0,1,1,99,1,2,0.9999,1514.4,0,25.200,25.200,15.659,-45.0,362.6,0.0,0,32542.8604,-1.0000
99.115,1520,1514,Running,0,1,1,99,1,2,0.9999,1514.4,0,25.200,25.200,15.659,-60.0,484.1,0.0,0,12564.0626,-1.0000
99.132,1519,1514,Running,0,1,1,99,1,2,0.9999,1514.4,0,25.200,25.200,15.659,-45.5,366.7,0.0,0,18065.9152,-1.0000
99.149,1518,1514,Running,0,1,1,99,1,2,0.9999,1514.4,0,25.200,25.200,15.659,-43.8,353.2,0.0,0,22657.2187,-1.0000
99.165,1518,1514,Running,0,1,1,99,1,2,0.9999,1514.4,0,25.200,25.200,15.659,-31.2,251.4,0.0,0,39938.6607,-1.0000
99.182,1517,1514,Running,0,1,1,99,1,2,0.9999,1514.4,0,25.200,25.200,15.659,-50.4,406.7,0.0,0,40719.0295,-1.0000
99.199,1517,1514,Running,0,1,1,99,1,2,0.9999,1514.4,0,25.200,25.200,15.659,-64.6,521.0,0.0,0,5850.8272,-1.0000
99.215,1513,1470,Running,0,1,1,99,1,2,0.9420,1360.5,0,24.467,22.640,15.203,27.7,-223.2,0.0,0,150.7418,-1.0000
99.232,1503,1426,Running,0,1,1,99,1,2,0.9356,1350.9,0,23.729,22.480,14.744,18.8,-151.4,0.0,0,40703.4615,-1.0000
99.249,1487,1382,Running,0,1,1,99,1,2,0.9356,1350.9,0,22.993,22.480,14.287,23.3,-187.7,0.0,0,25349.8925,-1.0000
99.265,1468,1351,Running,0,1,1,99,1,2,0.9356,1350.9,0,22.480,22.480,13.968,-2.1,17.0,0.0,0,39283.9489,-1.0000
99.282,1450,1351,Running,0,1,1,99,1,2,0.9356,1350.9,0,22.480,22.480,13.968,-61.0,491.7,0.0,0,-5034.4526,-1.0000
99.299,1435,1351,Running,0,1,1,99,1,2,0.9356,1350.9,0,22.480,22.480,13.968,-30.9,249.3,0.0,0,4888.7988,-1.0000
99.315,1422,1351,Running,0,1,1,99,1,2,0.9356,1350.9,0,22.480,22.480,13.968,-41.9,338.1,0.0,0,20036.3198,-1.0000
99.332,1411,1351,Running,0,1,1,99,1,2,0.9356,1350.9,0,22.480,22.480,13.968,-25.8,207.8,0.0,0,34344.6925,-1.0000
99.349,1402,1351,Running,0,1,1,99,1,2,0.9356,1350.9,0,22.480,22.480,13.968,-44.9,361.8,0.0,0,23643.4886,-1.0000
99.365,1390,1306,Running,0,1,1,99,1,2,0.8961,1298.0,0,21.731,21.600,13.503,3.1,-25.3,0.0,0,3363.4780,-1.0000
99.382,1376,1298,Running,0,1,1,99,1,2,0.8961,1298.0,0,21.600,21.600,13.422,-28.6,230.4,0.0,0,28186.6224,-1.0000
99.399,1364,1298,Running,0,1,1,99,1,2,0.8961,1298.0,0,21.600,21.600,13.422,-27.0,217.4,0.0,0,3789.0408,-1.0000
99.415,1354,1298,Running,0,1,1,99,1,2,0.8961,1298.0,0,21.600,21.600,13.422,-31.4,253.6,0.0,0,24161.0984,-1.0000
99.432,1345,1298,Running,0,1,1,99,1,2,0.8961,1298.0,0,21.600,21.600,13.422,-34.5,278.1,0.0,0,28888.3472,-1.0000
99.449,1338,1294,Running,0,1,1,99,1,2,0.8961,1298.0,0,21.600,21.600,13.422,-47.4,382.1,0.0,0,38562.5394,-1.0000
99.465,1331,1298,Running,0,1,1,99,1,2,0.8961,1298.0,0,21.600,21.600,13.422,-55.6,448.8,0.0,0,-4423.3996,-1.0000
99.482,1326,1298,Running,0,1,1,99,1,2,0.8961,1298.0,0,21.600,21.600,13.422,-21.5,173.2,0.0,0,1987.1760,-1.0000
99.499,1322,1297,Running,0,1,1,99,1,2,0.8961,1298.0,0,21.600,21.600,13.422,-40.1,323.5,0.0,0,25664.7768,-1.0000
99.515,1318,1298,Running,0,1,1,99,1,2,0.8961,1298.0,0,21.600,21.600,13.422,-19.7,158.6,0.0,0,35325.2940,-1.0000
99.532,1315,1297,Running,0,1,1,99,1,2,0.8961,1298.0,0,21.600,21.600,13.422,-37.4,301.3,0.0,0,25914.0769,-1.0000
99.549,1309,1253,Running,0,1,1,99,1,2,0.8302,1221.1,0,20.847,20.320,12.954,-1.8,14.7,0.0,0,3727.2955,-1.0000
99.566,1297,1216,Running,0,1,1,99,1,2,0.8259,1216.3,0,20.240,20.240,12.577,25.4,-204.7,0.0,0,34183.3485,-1.0000
99.582,1284,1216,Running,0,1,1,99,1,2,0.8259,1216.3,0,20.240,20.240,12.577,-30.1,242.4,0.0,0,-14078.4888,-1.0000
99.599,1274,1216,Running,0,1,1,99,1,2,0.8259,1216.3,0,20.240,20.240,12.577,-23.8,191.7,0.0,0,36083.8644,-1.0000
99.616,1265,1216,Running,0,1,1,99,1,2,0.8259,1216.3,0,20.240,20.240,12.577,-20.3,164.0,0.0,0,24877.6534,-1.0000
99.632,1257,1214,Running,0,1,1,99,1,2,0.8259,1216.3,0,20.240,20.240,12.577,-39.0,314.9,0.0,0,24342.2275,-1.0000
99.649,1250,1214,Running,0,1,1,99,1,2,0.8259,1216.3,0,20.240,20.240,12.577,-54.0,435.5,0.0,0,1713.0914,-1.0000
99.665,1245,1216,Running,0,1,1,99,1,2,0.8259,1216.3,0,20.240,20.240,12.577,-32.2,259.6,0.0,0,30484.4725,-1.0000
99.682,1240,1216,Running,0,1,1,99,1,2,0.8259,1216.3,0,20.240,20.240,12.577,-26.9,217.3,0.0,0,-4375.3643,-1.0000
99.699,1237,1216,Running,0,1,1,99,1,2,0.8259,1216.3,0,20.240,20.240,12.577,-18.1,145.9,0.0,0,36224.7965,-1.0000
99.715,1230,1173,Running,0,1,1,99,1,2,0.7697,1153.8,0,19.512,19.200,12.124,35.1,-283.3,0.0,0,23308.5805,-1.0000
99.732,1218,1141,Running,0,1,1,99,1,2,0.7612,1144.2,0,19.040,19.040,11.831,8.2,-65.9,0.0,0,24107.5239,-1.0000
99.749,1205,1135,Running,0,1,1,99,1,2,0.7612,1144.2,0,19.040,19.040,11.831,-46.8,377.6,0.0,0,-1771.0961,-1.0000
99.766,1195,1139,Running,0,1,1,99,1,2,0.7569,1139.4,0,18.960,18.960,11.781,-25.8,207.8,0.0,0,32493.4389,-1.0000
99.782,1186,1137,Running,0,1,1,99,1,2,0.7569,1139.4,0,18.960,18.960,11.781,-22.0,177.6,0.0,0,-18700.7268,-1.0000
99.799,1179,1138,Running,0,1,1,99,1,2,0.7569,1139.4,0,18.960,18.960,11.781,-28.8,232.1,0.0,0,33892.8832,-1.0000
99.816,1173,1139,Running,0,1,1,99,1,2,0.7569,1139.4,0,18.960,18.960,11.781,-8.2,65.8,0.0,0,30349.3677,-1.0000
99.832,1167,1139,Running,0,1,1,99,1,2,0.7569,1139.4,0,18.960,18.960,11.781,-23.7,191.3,0.0,0,24646.5837,-1.0000
99.849,1162,1120,Running,0,1,1,99,1,2,0.7569,1139.4,0,18.960,18.960,11.781,-46.5,374.7,0.0,0,11581.0551,-1.0000
99.865,1157,1139,Running,0,1,1,99,1,2,0.7569,1139.4,0,18.960,18.960,11.781,-46.5,374.7,0.0,0,15847.1190,-1.0000
99.882,1155,1139,Running,0,1,1,99,1,2,0.7569,1139.4,0,18.960,18.960,11.781,-11.1,89.4,0.0,0,-2468.4438,-1.0000
99.899,1152,1138,Running,0,1,1,99,1,2,0.7569,1139.4,0,18.960,18.960,11.781,-20.4,164.8,0.0,0,26779.9710,-1.0000
99.916,1150,1137,Running,0,1,1,99,1,2,0.7569,1139.4,0,18.960,18.960,11.781,-22.8,183.8,0.0,0,23112.7129,-1.0000
99.932,1148,1139,Running,0,1,1,99,1,2,0.7569,1139.4,0,18.960,18.960,11.781,-13.8,110.9,0.0,0,33399.5173,-1.0000
99.949,1147,1135,Running,0,1,1,99,1,2,0.7569,1139.4,0,18.960,18.960,11.781,-34.6,278.9,0.0,0,42404.5605,-1.0000
99.965,1144,1136,Running,0,1,1,99,1,2,0.7569,1139.4,0,18.960,18.960,11.781,-46.3,373.1,0.0,0,-12989.9779,-1.0000
99.982,1143,1137,Running,0,1,1,99,1,2,0.7569,1139.4,0,18.960,18.960,11.781,-28.7,231.8,0.0,0,15079.2416,-1.0000
99.999,1142,1139,Running,0,1,1,99,1,2,0.7569,1139.4,0,18.960,18.960,11.781,-6.4,51.3,0.0,0,15003.4883,-1.0000
100.016,1142,1139,Running,0,1,1,99,1,2,0.7569,1139.4,0,18.960,18.960,11.781,-12.1,97.5,0.0,0,28901.9075,-1.0000
100.032,1141,1137,Running,0,1,1,99,1,2,0.7569,1139.4,0,18.960,18.960,11.781,-18.6,150.2,0.0,0,25975.8303,-1.0000
100.049,1141,1138,Running,0,1,1,99,1,2,0.7569,1139.4,0,18.960,18.960,11.781,-27.2,219.4,0.0,0,28719.1844,-1.0000
100.065,1193,1607,Running,0,1,1,99,1,1,1.0000,1546.1,0,17.463,16.800,10.851,-714.9,8830.0,0.0,0,23978.4208,-1.0000
100.082,1251,1546,Running,0,1,1,99,1,1,1.0000,1546.1,0,16.800,16.800,10.439,40.5,-499.9,0.0,0,10102.8098,-1.0000
100.099,1297,1546,Running,0,1,1,99,1,1,1.0000,1516.7,0,16.800,16.480,10.439,-33.3,410.8,0.0,0,59122.1403,-1.0000
100.116,1335,1546,Running,0,1,1,99,1,1,1.0000,1516.7,0,16.800,16.480,10.439,-24.3,300.3,0.0,0,56206.1188,-1.0000
100.132,1368,1546,Running,0,1,1,99,1,1,1.0000,1516.7,0,16.800,16.480,10.439,-43.8,541.2,0.0,0,68502.4171,-1.0000
100.149,1395,1546,Running,0,1,1,99,1,1,1.0000,1516.7,0,16.800,16.480,10.439,-36.2,447.4,0.0,0,23270.6467,-1.0000
100.165,1418,1546,Running,0,1,1,99,1,1,1.0000,1516.7,0,16.800,16.480,10.439,-29.2,360.1,0.0,0,15453.2110,-1.0000
100.182,1438,1546,Running,0,1,1,99,1,1,1.0000,1516.7,0,16.800,16.480,10.439,-27.6,341.1,0.0,0,52616.7267,-1.0000
100.199,1455,1546,Running,0,1,1,99,1,1,1.0000,1516.7,0,16.800,16.480,10.439,-22.3,275.7,0.0,0,58557.3127,-1.0000
100.216,1469,1546,Running,0,1,1,99,1,1,1.0000,1516.7,0,16.800,16.480,10.439,-63.7,787.1,0.0,0,19422.1673,-1.0000
100.232,1481,1546,Running,0,1,1,99,1,1,1.0000,1516.7,0,16.800,16.480,10.439,-36.3,449.0,0.0,0,40145.7211,-1.0000
100.249,1491,1546,Running,0,1,1,99,1,1,1.0000,1516.7,0,16.800,16.480,10.439,-23.9,295.4,0.0,0,29496.0777,-1.0000
100.265,1496,1517,Running,0,1,1,99,1,1,1.0000,1516.7,0,16.480,16.480,10.240,12.8,-158.4,0.0,0,48299.4198,-1.0000
100.282,1499,1517,Running,0,1,1,99,1,1,1.0000,1516.7,0,16.480,16.480,10.240,-38.9,480.9,0.0,0,40443.9229,-1.0000
100.299,1502,1517,Running,0,1,1,99,1,1,1.0000,1516.7,0,16.480,16.480,10.240,-58.2,719.4,0.0,0,20495.7523,-1.0000
100.316,1504,1517,Running,0,1,1,99,1,1,1.0000,1516.7,0,16.480,16.480,10.240,-29.4,363.1,0.0,0,19037.2005,-1.0000
100.332,1506,1517,Running,0,1,1,99,1,1,1.0000,1516.7,0,16.480,16.480,10.240,-38.7,477.6,0.0,0,38848.7086,-1.0000
100.349,1508,1517,Running,0,1,1,99,1,1,1.0000,1516.7,0,16.480,16.480,10.240,-30.0,370.9,0.0,0,42296.2034,-1.0000
100.366,1509,1517,Running,0,1,1,99,1,1,1.0000,1516.7,0,16.480,16.480,10.240,-46.9,579.3,0.0,0,57781.0379,-1.0000
100.382,1510,1517,Running,0,1,1,99,1,1,1.0000,1516.7,0,16.480,16.480,10.240,-51.5,636.6,0.0,0,8099.9484,-1.0000
100.399,1511,1517,Running,0,1,1,99,1,1,1.0000,1516.7,0,16.480,16.480,10.240,-34.2,422.1,0.0,0,2748.5864,-1.0000
100.416,1512,1517,Running,0,1,1,99,1,1,1.0000,1516.7,0,16.480,16.480,10.240,-30.9,381.6,0.0,0,52444.4981,-1.0000
100.432,1513,1517,Running,0,1,1,99,1,1,1.0000,1516.7,0,16.480,16.480,10.240,-35.2,435.2,0.0,0,41087.8646,-1.0000
100.449,1513,1517,Running,0,1,1,99,1,1,1.0000,1516.7,0,16.480,16.480,10.240,-69.1,854.0,0.0,0,22161.6821,-1.0000
100.466,1514,1517,Running,0,1,1,99,1,1,1.0000,1516.7,0,16.480,16.480,10.240,-32.4,400.1,0.0,0,37772.4747,-1.0000
100.482,1509,1453,Running,0,1,1,99,1,1,0.8635,1259.0,0,15.785,13.680,9.808,54.2,-668.9,0.0,0,10909.1888,-1.0000
100.499,1495,1388,Running,0,1,1,99,1,1,0.8635,1259.0,0,15.085,13.680,9.373,49.3,-608.5,0.0,0,28308.8932,-1.0000
100.516,1474,1325,Running,0,1,1,99,1,1,0.8635,1259.0,0,14.399,13.680,8.947,62.5,-772.0,0.0,0,39683.2600,-1.0000
100.532,1446,1259,Running,0,1,1,99,1,1,0.8635,1259.0,0,13.680,13.680,8.500,19.8,-244.5,0.0,0,11507.0452,-1.0000
100.549,1417,1259,Running,0,1,1,99,1,1,0.8635,1259.0,0,13.680,13.680,8.500,-29.5,364.3,0.0,0,18217.9673,-1.0000
100.566,1393,1259,Running,0,1,1,99,1,1,0.8635,1259.0,0,13.680,13.680,8.500,-23.0,284.2,0.0,0,-13392.0965,-1.0000
100.582,1372,1259,Running,0,1,1,99,1,1,0.8635,1259.0,0,13.680,13.680,8.500,-42.2,521.0,0.0,0,30985.9086,-1.0000
100.599,1355,1259,Running,0,1,1,99,1,1,0.8635,1259.0,0,13.680,13.680,8.500,-16.5,204.4,0.0,0,33111.4005,-1.0000
100.615,1340,1257,Running,0,1,1,99,1,1,0.8635,1259.0,0,13.680,13.680,8.500,-39.4,486.8,0.0,0,21717.7379,-1.0000
100.632,1327,1256,Running,0,1,1,99,1,1,0.8635,1259.0,0,13.680,13.680,8.500,-58.8,726.8,0.0,0,2412.3966,-1.0000
100.649,1316,1259,Running,0,1,1,99,1,1,0.8635,1259.0,0,13.680,13.680,8.500,-32.3,398.7,0.0,0,34855.1982,-1.0000
100.666,1307,1259,Running,0,1,1,99,1,1,0.8635,1259.0,0,13.680,13.680,8.500,-31.7,392.1,0.0,0,-7097.3091,-1.0000
100.682,1295,1205,Running,0,1,1,99,1,1,0.7520,1133.8,0,12.983,12.320,8.067,52.0,-642.3,0.0,0,36138.1318,-1.0000
100.699,1277,1151,Running,0,1,1,99,1,1,0.7520,1133.8,0,12.320,12.320,7.655,50.0,-617.6,0.0,0,20291.6932,-1.0000
100.716,1255,1128,Running,0,1,1,99,1,1,0.7520,1133.8,0,12.320,12.320,7.655,-7.1,87.4,0.0,0,20958.8086,-1.0000
100.732,1235,1120,Running,0,1,1,99,1,1,0.7520,1133.8,0,12.320,12.320,7.655,-45.5,561.9,0.0,0,-3722.3970,-1.0000
100.749,1218,1134,Running,0,1,1,99,1,1,0.7520,1133.8,0,12.320,12.320,7.655,-38.2,471.8,0.0,0,33389.7732,-1.0000
100.766,1205,1133,Running,0,1,1,99,1,1,0.7520,1133.8,0,12.320,12.320,7.655,-23.0,284.1,0.0,0,-23007.8540,-1.0000
100.782,1194,1129,Running,0,1,1,99,1,1,0.7520,1133.8,0,12.320,12.320,7.655,-29.9,369.2,0.0,0,32484.7825,-1.0000
100.799,1182,1094,Running,0,1,1,99,1,1,0.6965,1067.6,0,11.608,11.600,7.213,37.9,-468.5,0.0,0,26615.9373,-1.0000
100.816,1165,1068,Running,0,1,1,99,1,1,0.6965,1067.6,0,11.600,11.600,7.208,19.5,-241.4,0.0,0,25580.9004,-1.0000
100.832,1149,1051,Running,0,1,1,99,1,1,0.6965,1067.6,0,11.600,11.600,7.208,-36.8,454.9,0.0,0,21441.4186,-1.0000
100.849,1134,1051,Running,0,1,1,99,1,1,0.6965,1067.6,0,11.600,11.600,7.208,-36.6,452.6,0.0,0,-8248.5381,-1.0000
100.866,1122,1059,Running,0,1,1,99,1,1,0.6965,1067.6,0,11.600,11.600,7.208,-37.4,461.7,0.0,0,10791.2273,-1.0000
100.882,1113,1068,Running,0,1,1,99,1,1,0.6965,1067.6,0,11.600,11.600,7.208,-20.7,255.7,0.0,0,3013.2500,-1.0000
100.899,1106,1068,Running,0,1,1,99,1,1,0.6965,1067.6,0,11.600,11.600,7.208,-13.7,168.8,0.0,0,26809.8483,-1.0000
100.916,1100,1068,Running,0,1,1,99,1,1,0.6965,1067.6,0,11.600,11.600,7.208,-8.9,110.4,0.0,0,23924.7583,-1.0000
100.932,1095,1064,Running,0,1,1,99,1,1,0.6965,1067.6,0,11.600,11.600,7.208,-25.2,311.4,0.0,0,20748.9403,-1.0000
100.949,1089,1040,Running,0,1,1,99,1,1,0.6965,1067.6,0,11.600,11.600,7.208,-37.4,461.9,0.0,0,10756.4908,-1.0000
100.966,1083,1053,Running,0,1,1,99,1,1,0.6965,1067.6,0,11.600,11.600,7.208,-36.8,455.1,0.0,0,10974.9162,-1.0000
100.982,1080,1068,Running,0,1,1,99,1,1,0.6965,1067.6,0,11.600,11.600,7.208,-29.5,364.2,0.0,0,2144.3103,-1.0000
100.999,1078,1068,Running,0,1,1,99,1,1,0.6965,1067.6,0,11.600,11.600,7.208,-4.4,54.7,0.0,0,24509.6271,-1.0000
101.016,1076,1068,Running,0,1,1,99,1,1,0.6965,1067.6,0,11.600,11.600,7.208,-13.6,168.2,0.0,0,21251.8847,-1.0000
101.032,1075,1064,Running,0,1,1,99,1,1,0.6965,1067.6,0,11.600,11.600,7.208,-13.6,167.8,0.0,0,25240.9900,-1.0000
101.049,1073,1061,Running,0,1,1,99,1,1,0.6965,1067.6,0,11.600,11.600,7.208,-22.5,277.3,0.0,0,24332.3770,-1.0000
101.066,1070,1046,Running,0,1,1,99,1,1,0.6965,1067.6,0,11.600,11.600,7.208,-37.1,458.8,0.0,0,2316.0159,-1.0000
101.082,1068,1068,Running,0,1,1,99,1,1,0.6965,1067.6,0,11.600,11.600,7.208,-36.8,454.7,0.0,0,30998.9767,-1.0000
101.099,1068,1068,Running,0,1,1,99,1,1,0.6965,1067.6,0,11.600,11.600,7.208,-4.7,58.4,0.0,0,-11680.1385,-1.0000
101.116,1068,1065,Running,0,1,1,99,1,1,0.6965,1067.6,0,11.600,11.600,7.208,-16.3,200.9,0.0,0,32103.7051,-1.0000
101.132,1067,1064,Running,0,1,1,99,1,1,0.6965,1067.6,0,11.600,11.600,7.208,-13.4,165.0,0.0,0,23494.6281,-1.0000
101.149,1067,1067,Running,0,1,1,99,1,1,0.6965,1067.6,0,11.600,11.600,7.208,-11.1,137.3,0.0,0,29302.3234,-1.0000
101.166,1067,1067,Running,0,1,1,99,1,1,0.6965,1067.6,0,11.600,11.600,7.208,-20.3,250.2,0.0,0,35746.2592,-1.0000
101.182,1065,1059,Running,0,1,1,99,1,1,0.6965,1067.6,0,11.600,11.600,7.208,-37.0,457.1,0.0,0,-5949.1313,-1.0000
101.199,1061,1031,Running,0,1,1,99,1,1,0.6367,979.2,0,10.875,10.640,6.757,25.4,-313.9,0.0,0,29797.4818,-1.0000
101.216,1054,1004,Running,0,1,1,99,1,1,0.6367,979.2,0,10.640,10.640,6.611,31.4,-387.9,0.0,0,-17741.2158,-1.0000
101.232,1044,975,Running,0,1,1,99,1,1,0.6367,979.2,0,10.640,10.640,6.611,22.0,-271.8,0.0,0,33865.2860,-1.0000
101.249,1034,974,Running,0,1,1,99,1,1,0.6367,979.2,0,10.640,10.640,6.611,-2.3,27.8,0.0,0,19680.7594,-1.0000
101.266,1025,973,Running,0,1,1,99,1,1,0.6367,979.2,0,10.640,10.640,6.611,-3.3,40.3,0.0,0,23896.5963,-1.0000
101.282,1018,972,Running,0,1,1,99,1,1,0.6367,979.2,0,10.640,10.640,6.611,-14.2,175.1,0.0,0,24817.5341,-1.0000
101.299,1008,948,Running,0,1,1,99,1,1,0.6367,979.2,0,10.640,10.640,6.611,-28.1,346.8,0.0,0,-3930.3394,-1.0000
101.316,1001,966,Running,0,1,1,99,1,1,0.6367,979.2,0,10.640,10.640,6.611,-28.1,346.9,0.0,0,24724.4721,-1.0000
101.332,997,982,Running,5,1,1,99,1,1,0.6367,979.2,0,10.640,10.640,6.611,-22.6,279.6,0.0,0,-7083.0335,-1.0000
101.349,994,981,Running,5,1,1,99,1,1,0.6367,979.2,0,10.640,10.640,6.611,2.3,-28.5,0.0,0,26907.7886,-1.0000
101.366,991,983,Running,5,1,1,99,1,1,0.6367,979.2,0,10.640,10.640,6.611,-5.8,71.4,0.0,0,22902.0053,-1.0000
101.382,990,981,Running,5,1,1,99,1,1,0.6367,979.2,0,10.640,10.640,6.611,3.9,-48.0,0.0,0,24761.4637,-1.0000
101.399,988,977,Running,5,1,1,99,1,1,0.6367,979.2,0,10.640,10.640,6.611,-7.4,91.4,0.0,0,24509.4099,-1.0000
101.416,983,922,Running,5,1,1,99,1,1,0.6160,935.1,0,10.160,10.160,6.313,13.4,-165.5,0.0,0,24098.7772,-1.0000
101.432,974,931,Running,5,1,1,99,1,1,0.6160,935.1,0,10.160,10.160,6.313,-20.7,256.2,0.0,0,-5399.6956,-1.0000
101.449,968,931,Running,5,1,1,99,1,1,0.6160,935.1,0,10.160,10.160,6.313,0.5,-6.8,0.0,0,20393.9375,-1.0000
101.466,963,934,Running,5,1,1,99,1,1,0.6160,935.1,0,10.160,10.160,6.313,9.2,-113.2,0.0,0,-11072.9146,-1.0000
101.482,959,930,Running,5,1,1,99,1,1,0.6160,935.1,0,10.160,10.160,6.313,7.4,-91.0,0.0,0,34898.5490,-1.0000
101.499,956,934,Running,5,1,1,99,1,1,0.6160,935.1,0,10.160,10.160,6.313,10.5,-129.5,0.0,0,24370.8691,-1.0000
101.516,954,935,Running,5,1,1,99,1,1,0.6160,935.1,0,10.160,10.160,6.313,15.5,-190.9,0.0,0,28608.0888,-1.0000
101.532,951,931,Running,5,1,1,99,1,1,0.6160,935.1,0,10.160,10.160,6.313,7.6,-93.3,0.0,0,28418.2978,-1.0000
101.549,946,900,Running,5,1,1,99,1,1,0.6160,935.1,0,10.160,10.160,6.313,-19.7,243.3,0.0,0,9068.5671,-1.0000
101.566,943,932,Running,5,1,1,99,1,1,0.6160,935.1,0,10.160,10.160,6.313,-25.2,310.8,0.0,0,14513.7159,-1.0000
101.582,942,938,Running,5,1,1,99,1,1,0.6160,935.1,0,10.160,10.160,6.313,12.1,-149.6,0.0,0,9325.5338,-1.0000
101.599,942,942,Running,5,1,1,99,1,1,0.6160,935.1,0,10.160,10.160,6.313,26.4,-326.3,0.0,0,22888.1678,-1.0000
101.616,942,941,Running,5,1,1,99,1,1,0.6049,898.2,0,9.760,9.760,6.065,25.8,-318.2,0.0,0,33287.0020,-1.0000
101.632,943,949,Running,5,1,1,99,1,1,0.6049,898.2,0,9.760,9.760,6.065,25.9,-320.3,0.0,0,32829.2991,-1.0000
101.649,944,951,Running,5,1,1,99,1,1,0.6049,898.2,0,9.760,9.760,6.065,26.2,-323.0,0.0,0,37046.5916,-1.0000
101.666,943,929,Running,5,1,1,99,1,1,0.6049,898.2,0,9.760,9.760,6.065,25.7,-317.8,0.0,0,44678.6839,-1.0000
101.682,936,906,Running,5,1,1,99,1,1,0.6049,898.2,0,9.760,9.760,6.065,-2.9,35.4,0.0,0,-16587.6199,-1.0000
101.699,931,916,Running,5,1,1,99,1,1,0.6049,898.2,0,9.760,9.760,6.065,17.5,-216.1,0.0,0,32931.8625,-1.0000
101.716,929,926,Running,5,1,1,99,1,1,0.6049,898.2,0,9.760,9.760,6.065,24.2,-298.9,0.0,0,-5227.7316,-1.0000
101.732,928,935,Running,5,1,1,99,1,1,0.6049,898.2,0,9.760,9.760,6.065,24.8,-306.6,0.0,0,40364.6596,-1.0000
101.749,928,945,Running,5,1,1,99,1,1,0.6049,898.2,0,9.760,9.760,6.065,25.1,-310.2,0.0,0,32500.2435,-1.0000
101.766,931,958,Running,5,1,1,99,1,1,0.6049,898.2,0,9.760,9.760,6.065,25.8,-319.0,0.0,0,36276.4498,-1.0000
101.782,934,959,Running,5,1,1,99,1,1,0.6049,898.2,0,9.760,9.760,6.065,26.3,-325.2,0.0,0,35392.9330,-1.0000
101.799,935,914,Running,5,1,1,99,1,1,0.6049,898.2,0,9.760,9.760,6.065,25.8,-318.4,0.0,0,45071.1829,-1.0000
101.816,930,915,Running,5,1,1,99,1,1,0.6049,898.2,0,9.760,9.760,6.065,5.8,-71.9,0.0,0,-17539.5288,-1.0000
101.832,928,926,Running,5,1,1,99,1,1,0.6049,898.2,0,9.760,9.760,6.065,24.3,-299.7,0.0,0,34128.2295,-1.0000
101.849,928,942,Running,5,1,1,99,1,1,0.6049,898.2,0,9.760,9.760,6.065,25.0,-308.4,0.0,0,-7359.8861,-1.0000
101.866,930,949,Running,5,1,1,99,1,1,0.6049,898.2,0,9.760,9.760,6.065,25.8,-318.8,0.0,0,48393.2233,-1.0000
101.882,934,962,Running,5,1,1,99,1,1,0.6049,898.2,0,9.760,9.760,6.065,26.5,-326.7,0.0,0,34381.6888,-1.0000
101.899,940,973,Running,5,1,1,99,1,1,0.6049,898.2,0,9.760,9.760,6.065,27.4,-338.4,0.0,0,38210.8247,-1.0000
101.916,946,973,Running,5,1,1,99,1,1,0.6049,898.2,0,9.760,9.760,6.065,27.9,-344.3,0.0,0,37883.2500,-1.0000
101.932,947,914,Running,5,1,1,99,1,1,0.6049,898.2,0,9.760,9.760,6.065,26.4,-325.5,0.0,0,23919.1580,-1.0000
101.949,944,927,Running,5,1,1,99,1,1,0.6049,898.2,0,9.760,9.760,6.065,25.0,-308.7,0.0,0,10058.9562,-1.0000
101.966,944,944,Running,5,1,1,99,1,1,0.6049,898.2,0,9.760,9.760,6.065,25.8,-318.4,0.0,0,17550.7304,-1.0000
101.982,946,966,Running,5,1,1,99,1,1,0.6049,898.2,0,9.760,9.760,6.065,26.8,-331.5,0.0,0,30347.1323,-1.0000
101.999,951,984,Running,5,1,1,99,1,1,0.6049,898.2,0,9.760,9.760,6.065,27.6,-341.2,0.0,0,43427.7165,-1.0000
102.016,958,1007,Running,5,1,1,99,1,1,0.6049,898.2,0,9.760,9.760,6.065,28.7,-354.2,0.0,0,46069.0809,-1.0000
102.032,966,1019,Running,5,1,1,99,1,1,0.6049,898.2,0,9.760,9.760,6.065,29.6,-365.6,0.0,0,51196.4897,-1.0000
102.049,972,980,Running,5,1,1,99,1,1,0.6049,898.2,0,9.760,9.760,6.065,29.4,-363.3,0.0,0,54813.1532,-1.0000
102.066,970,967,Running,5,1,1,99,1,1,0.6049,898.2,0,9.760,9.760,6.065,26.8,-330.6,0.0,0,-17595.9062,-1.0000
102.082,970,978,Running,5,1,1,99,1,1,0.6049,898.2,0,9.760,9.760,6.065,27.3,-337.6,0.0,0,36489.6237,-1.0000
102.099,973,993,Running,5,1,1,99,1,1,0.6049,898.2,0,9.760,9.760,6.065,28.3,-349.6,0.0,0,2600.9456,-1.0000
102.116,978,1002,Running,5,1,1,99,1,1,0.6049,898.2,0,9.760,9.760,6.065,29.2,-361.1,0.0,0,47836.7725,-1.0000
102.132,984,1024,Running,5,1,1,99,1,1,0.6049,898.2,0,9.760,9.760,6.065,30.2,-372.4,0.0,0,41850.9157,-1.0000
102.149,992,1043,Running,5,1,1,99,1,1,0.6049,898.2,0,9.760,9.760,6.065,31.2,-385.6,0.0,0,51371.6476,-1.0000
102.166,1000,1030,Running,5,1,1,99,1,1,0.6049,898.2,0,9.760,9.760,6.065,31.5,-388.8,0.0,0,67468.0940,-1.0000
102.182,999,999,Running,5,1,1,99,1,1,0.6049,898.2,0,9.760,9.760,6.065,28.7,-354.9,0.0,0,-10909.5297,-1.0000
102.199,999,1011,Running,5,1,1,99,1,1,0.6000,832.0,0,9.040,9.040,5.617,28.7,-354.6,0.0,0,41506.2429,-1.0000
102.216,1001,1024,Running,5,1,1,99,1,1,0.6000,832.0,0,9.040,9.040,5.617,29.6,-365.9,0.0,0,-6.2386,-1.0000
102.232,1006,1028,Running,5,1,1,99,1,1,0.6000,832.0,0,9.040,9.040,5.617,30.5,-377.1,0.0,0,50250.5293,-1.0000
102.249,1011,1047,Running,5,1,1,99,1,1,0.6000,832.0,0,9.040,9.040,5.617,31.3,-387.5,0.0,0,41417.2911,-1.0000
102.266,1019,1066,Running,5,1,1,99,1,1,0.6000,832.0,0,9.040,9.040,5.617,32.4,-401.1,0.0,0,52566.7841,-1.0000
102.282,1026,1051,Running,5,1,1,99,1,1,0.6000,832.0,0,9.040,9.040,5.617,32.6,-404.2,0.0,0,71226.3462,-1.0000
102.299,1024,1021,Running,5,1,1,99,1,1,0.6000,832.0,0,9.040,9.040,5.617,29.8,-368.3,0.0,0,-13024.3662,-1.0000
102.316,1024,1029,Running,5,1,1,99,1,1,0.6000,832.0,0,9.040,9.040,5.617,30.0,-370.6,0.0,0,40133.9611,-1.0000
102.332,1026,1040,Running,5,1,1,99,1,1,0.6000,832.0,0,9.040,9.040,5.617,30.9,-381.2,0.0,0,3056.1566,-1.0000
102.349,1029,1046,Running,5,1,1,99,1,1,0.6000,832.0,0,9.040,9.040,5.617,31.6,-391.3,0.0,0,48879.2361,-1.0000
102.366,1034,1069,Running,5,1,1,99,1,1,0.6000,780.4,0,8.480,8.480,5.269,32.5,-404.9,0.0,0,46976.4737,-1.0000
102.382,1041,1085,Running,5,1,1,99,1,1,0.6000,780.4,0,8.480,8.480,5.269,33.4,-419.0,0.0,0,58444.3890,-1.0000
102.399,1046,1048,Running,5,1,1,99,1,1,0.6000,780.4,0,8.480,8.480,5.269,33.2,-416.5,0.0,0,62580.0114,-1.0000
102.416,1043,1029,Running,5,1,1,99,1,1,0.6000,780.4,0,8.480,8.480,5.269,30.4,-378.5,0.0,0,-16429.3317,-1.0000
102.432,1042,1033,Running,5,1,1,99,1,1,0.6000,780.4,0,8.480,8.480,5.269,30.8,-383.3,0.0,0,31212.7990,-1.0000
102.449,1043,1049,Running,5,1,1,99,1,1,0.6000,780.4,0,8.480,8.480,5.269,31.6,-394.5,0.0,0,17446.9956,-1.0000
102.466,1045,1065,Running,5,1,1,99,1,1,0.6000,780.4,0,8.480,8.480,5.269,32.3,-403.9,0.0,0,50293.1052,-1.0000
102.482,1050,1086,Running,5,1,1,99,1,1,0.6000,780.4,0,8.480,8.480,5.269,33.2,-416.1,0.0,0,54929.8880,-1.0000
102.499,1055,1089,Running,5,1,1,99,1,1,0.6000,780.4,0,8.480,8.480,5.269,33.9,-425.7,0.0,0,47295.3590,-1.0000
102.516,1057,1029,Running,5,1,1,99,1,1,0.6000,780.4,0,8.480,8.480,5.269,32.9,-412.4,0.0,0,37195.2787,-1.0000
102.532,1053,1027,Running,5,1,1,99,1,1,0.6000,780.4,0,8.480,8.480,5.269,30.5,-380.4,0.0,0,-1243.7063,-1.0000
102.549,1051,1041,Running,5,1,1,99,1,1,0.6000,780.4,0,8.480,8.480,5.269,31.1,-387.8,0.0,0,20971.6896,-1.0000
102.566,1051,1062,Running,5,1,1,99,1,1,0.6000,736.3,0,8.000,8.000,4.971,32.0,-402.6,0.0,0,43077.7552,-1.0000
102.582,1053,1078,Running,5,1,1,99,1,1,0.6000,736.3,0,8.000,8.000,4.971,32.6,-414.4,0.0,0,50118.6225,-1.0000
102.599,1057,1086,Running,5,1,1,99,1,1,0.6000,736.3,0,8.000,8.000,4.971,33.5,-429.1,0.0,0,42550.6582,-1.0000
102.616,1061,1078,Running,5,1,1,99,1,1,0.6000,736.3,0,8.000,8.000,4.971,33.9,-435.8,0.0,0,38660.7642,-1.0000
102.632,1060,1022,Running,5,1,1,99,1,1,0.6000,736.3,0,8.000,8.000,4.971,32.1,-407.6,0.0,0,23366.5553,-1.0000
102.649,1056,1035,Running,5,1,1,99,1,1,0.6000,736.3,0,8.000,8.000,4.971,30.6,-384.5,0.0,0,22646.2998,-1.0000
102.666,1054,1054,Running,5,1,1,99,1,1,0.6000,736.3,0,8.000,8.000,4.971,31.3,-393.3,0.0,0,14353.8271,-1.0000
102.682,1054,1066,Running,5,1,1,99,1,1,0.6000,736.3,0,8.000,8.000,4.971,32.1,-406.4,0.0,0,50342.9787,-1.0000
102.699,1056,1072,Running,5,1,1,99,1,1,0.6000,736.3,0,8.000,8.000,4.971,32.6,-414.6,0.0,0,37033.2181,-1.0000
102.716,1059,1076,Running,5,1,1,99,1,1,0.6000,736.3,0,8.000,8.000,4.971,33.4,-427.5,0.0,0,39349.4098,-1.0000
102.732,1062,1076,Running,5,1,1,99,1,1,0.6000,736.3,0,8.000,8.000,4.971,33.7,-432.1,0.0,0,46466.1828,-1.0000
102.749,1059,1028,Running,5,1,1,99,1,1,0.6000,736.3,0,8.000,8.000,4.971,31.3,-395.0,0.0,0,12919.0896,-1.0000
102.766,1055,1043,Running,5,1,1,99,1,1,0.6000,692.1,0,7.520,7.520,4.673,30.6,-391.6,0.0,0,40699.7702,-1.0000
102.782,1053,1055,Running,5,1,1,99,1,1,0.6000,692.1,0,7.520,7.520,4.673,31.3,-407.8,0.0,0,-2874.2766,-1.0000
102.799,1053,1054,Running,5,1,1,99,1,1,0.6000,692.1,0,7.520,7.520,4.673,32.0,-420.2,0.0,0,49163.9696,-1.0000
102.816,1055,1063,Running,5,1,1,99,1,1,0.6000,692.1,0,7.520,7.520,4.673,32.5,-428.6,0.0,0,35430.1242,-1.0000
102.832,1058,1077,Running,5,1,1,99,1,1,0.6000,692.1,0,7.520,7.520,4.673,33.3,-442.1,0.0,0,46233.6754,-1.0000
102.849,1061,1066,Running,5,1,1,99,1,1,0.6000,692.1,0,7.520,7.520,4.673,33.4,-444.5,0.0,0,62402.0557,-1.0000
102.866,1056,1032,Running,5,1,1,99,1,1,0.6000,692.1,0,7.520,7.520,4.673,30.6,-395.9,0.0,0,-8128.7097,-1.0000
102.882,1052,1037,Running,5,1,1,99,1,1,0.6000,662.6,0,7.200,7.200,4.474,30.5,-402.6,0.0,0,37883.7034,-1.0000
102.899,1050,1044,Running,5,1,1,99,1,1,0.6000,662.6,0,7.200,7.200,4.474,31.1,-416.1,0.0,0,-1973.9075,-1.0000
102.916,1050,1046,Running,5,1,1,99,1,1,0.6000,662.6,0,7.200,7.200,4.474,31.7,-426.8,0.0,0,45894.3777,-1.0000
102.932,1052,1065,Running,5,1,1,99,1,1,0.6000,662.6,0,7.200,7.200,4.474,32.4,-438.1,0.0,0,41799.9992,-1.0000
102.949,1055,1080,Running,5,1,1,99,1,1,0.6000,662.6,0,7.200,7.200,4.474,33.2,-452.0,0.0,0,53398.2066,-1.0000
102.966,1057,1046,Running,5,1,1,99,1,1,0.6000,662.6,0,7.200,7.200,4.474,33.0,-448.2,0.0,0,61643.8122,-1.0000
102.982,1052,1024,Running,5,1,1,99,1,1,0.6000,662.6,0,7.200,7.200,4.474,30.1,-398.2,0.0,0,-20170.0344,-1.0000
102.999,1048,1026,Running,5,1,1,99,1,1,0.6000,662.6,0,7.200,7.200,4.474,30.3,-402.0,0.0,0,30531.9285,-1.0000
103.016,1046,1038,Running,5,1,1,99,1,1,0.6000,662.6,0,7.200,7.200,4.474,31.0,-414.0,0.0,0,7888.0088,-1.0000
103.032,1046,1049,Running,5,1,1,99,1,1,0.6000,662.6,0,7.200,7.200,4.474,31.6,-424.6,0.0,0,45420.7161,-1.0000
103.049,1049,1071,Running,5,1,1,99,1,1,0.6000,662.6,0,7.200,7.200,4.474,32.4,-438.2,0.0,0,48033.0386,-1.0000
103.066,1052,1079,Running,5,1,1,99,1,1,0.6000,662.6,0,7.200,7.200,4.474,33.1,-450.9,0.0,0,50278.7446,-1.0000
103.082,1054,1026,Running,5,1,1,99,1,1,0.6000,618.5,0,6.720,6.720,4.176,32.4,-450.7,0.0,0,42401.6446,-1.0000
103.099,1048,1015,Running,5,1,1,99,1,1,0.6000,618.5,0,6.720,6.720,4.176,29.8,-409.2,0.0,0,-10941.7067,-1.0000
103.116,1044,1021,Running,5,1,1,99,1,1,0.6000,618.5,0,6.720,6.720,4.176,30.2,-416.1,0.0,0,22614.7327,-1.0000
103.132,1043,1040,Running,5,1,1,99,1,1,0.6000,618.5,0,6.720,6.720,4.176,31.0,-430.5,0.0,0,23293.6990,-1.0000
103.149,1044,1055,Running,5,1,1,99,1,1,0.6000,618.5,0,6.720,6.720,4.176,31.6,-441.7,0.0,0,47243.2604,-1.0000
103.166,1047,1075,Running,5,1,1,99,1,1,0.6000,618.5,0,6.720,6.720,4.176,32.5,-458.0,0.0,0,49682.0879,-1.0000
103.182,1050,1073,Running,5,1,1,99,1,1,0.6000,618.5,0,6.720,6.720,4.176,33.1,-469.3,0.0,0,39095.8792,-1.0000
103.199,1051,1012,Running,5,1,1,99,1,1,0.6000,618.5,0,6.720,6.720,4.176,31.9,-448.1,0.0,0,31719.3925,-1.0000
103.216,1045,1011,Running,5,1,1,99,1,1,0.6000,618.5,0,6.720,6.720,4.176,29.7,-406.8,0.0,0,-1264.7638,-1.0000
103.232,1042,1025,Running,5,1,1,99,1,1,0.6000,618.5,0,6.720,6.720,4.176,30.2,-416.1,0.0,0,17621.6733,-1.0000
103.249,1041,1045,Running,5,1,1,99,1,1,0.6000,618.5,0,6.720,6.720,4.176,31.1,-432.1,0.0,0,37748.5633,-1.0000
103.266,1042,1062,Running,5,1,1,99,1,1,0.6000,618.5,0,6.720,6.720,4.176,31.7,-443.0,0.0,0,47466.1141,-1.0000
103.282,1046,1074,Running,5,1,1,99,1,1,0.6000,618.5,0,6.720,6.720,4.176,32.5,-459.5,0.0,0,41118.8310,-1.0000
103.299,1049,1066,Running,5,1,1,99,1,1,0.6000,618.5,0,6.720,6.720,4.176,33.0,-468.1,0.0,0,36751.7452,-1.0000
103.316,1049,1006,Running,5,1,1,99,1,1,0.6000,618.5,0,6.720,6.720,4.176,31.5,-440.0,0.0,0,23607.5133,-1.0000
103.332,1043,1015,Running,5,1,1,99,1,1,0.6000,618.5,0,6.720,6.720,4.176,29.7,-407.3,0.0,0,11036.4639,-1.0000
103.349,1041,1033,Running,5,1,1,99,1,1,0.6000,618.5,0,6.720,6.720,4.176,30.3,-417.9,0.0,0,13938.1090,-1.0000
103.366,1041,1051,Running,5,1,1,99,1,1,0.6000,618.5,0,6.720,6.720,4.176,31.2,-434.6,0.0,0,48297.0000,-1.0000
103.382,1042,1064,Running,5,1,1,99,1,1,0.6000,530.1,0,6.007,5.760,3.733,31.8,-461.0,0.0,0,38803.1842,-1.0000
103.399,1046,1068,Running,5,1,1,99,1,1,0.6000,530.1,0,5.760,5.760,3.579,32.6,-502.4,0.0,0,38840.8831,-1.0000
103.416,1049,1063,Running,5,1,1,99,1,1,0.6000,530.1,0,5.760,5.760,3.579,32.9,-511.3,0.0,0,36504.1648,-1.0000
103.432,1047,1007,Running,5,1,1,99,1,1,0.6000,530.1,0,5.760,5.760,3.579,31.1,-474.7,0.0,0,19082.9606,-1.0000
103.449,1043,1022,Running,5,1,1,99,1,1,0.6000,530.1,0,5.760,5.760,3.579,29.8,-449.6,0.0,0,23670.2032,-1.0000
103.466,1040,1041,Running,5,1,1,99,1,1,0.6000,530.1,0,5.760,5.760,3.579,30.4,-462.3,0.0,0,10125.7024,-1.0000
103.482,1041,1054,Running,5,1,1,99,1,1,0.6000,530.1,0,5.760,5.760,3.579,31.3,-479.9,0.0,0,47767.9419,-1.0000
103.499,1043,1060,Running,5,1,1,99,1,1,0.6000,530.1,0,5.760,5.760,3.579,31.9,-490.1,0.0,0,35245.1143,-1.0000
103.516,1046,1064,Running,5,1,1,99,1,1,0.6000,530.1,0,5.760,5.760,3.579,32.7,-505.7,0.0,0,37555.5023,-1.0000
103.532,1050,1064,Running,5,1,1,99,1,1,0.6000,530.1,0,5.760,5.760,3.579,33.0,-511.8,0.0,0,41735.7555,-1.0000
103.549,1047,1014,Running,5,1,1,99,1,1,0.6000,530.1,0,5.760,5.760,3.579,30.7,-468.2,0.0,0,13493.0926,-1.0000
103.566,1043,1030,Running,5,1,1,99,1,1,0.6000,471.2,0,5.120,5.120,3.181,29.9,-468.9,0.0,0,35614.8870,-1.0000
103.582,1041,1047,Running,5,1,1,99,1,1,0.6000,471.2,0,5.120,5.120,3.181,30.6,-497.1,0.0,0,-169.0782,-1.0000
103.599,1042,1050,Running,5,1,1,99,1,1,0.6000,471.2,0,5.120,5.120,3.181,31.4,-514.0,0.0,0,47762.9794,-1.0000
103.616,1043,1055,Running,5,1,1,99,1,1,0.6000,471.2,0,5.120,5.120,3.181,31.9,-524.3,0.0,0,33854.8927,-1.0000
103.632,1047,1066,Running,5,1,1,99,1,1,0.6000,471.2,0,5.120,5.120,3.181,32.7,-540.9,0.0,0,40109.5141,-1.0000
103.649,1051,1065,Running,5,1,1,99,1,1,0.6000,471.2,0,5.120,5.120,3.181,33.0,-546.3,0.0,0,51402.1392,-1.0000
103.666,1047,1022,Running,5,1,1,99,1,1,0.6000,471.2,0,5.120,5.120,3.181,30.4,-493.3,0.0,0,3162.8869,-1.0000
103.682,1043,1035,Running,5,1,1,99,1,1,0.6000,471.2,0,5.120,5.120,3.181,30.1,-486.3,0.0,0,39253.8759,-1.0000
103.699,1042,1045,Running,5,1,1,99,1,1,0.6000,471.2,0,5.120,5.120,3.181,30.8,-500.0,0.0,0,-5815.8648,-1.0000
103.716,1042,1044,Running,5,1,1,99,1,1,0.6000,471.2,0,5.120,5.120,3.181,31.5,-514.9,0.0,0,47652.1143,-1.0000
103.732,1044,1056,Running,5,1,1,99,1,1,0.6000,471.2,0,5.120,5.120,3.181,32.1,-526.6,0.0,0,35121.7295,-1.0000
103.749,1048,1072,Running,5,1,1,99,1,1,0.6000,471.2,0,5.120,5.120,3.181,32.9,-543.9,0.0,0,46660.1957,-1.0000
103.766,1051,1058,Running,5,1,1,99,1,1,0.6000,471.2,0,5.120,5.120,3.181,33.0,-546.1,0.0,0,63532.0892,-1.0000
103.782,1047,1026,Running,5,1,1,99,1,1,0.6000,471.2,0,5.120,5.120,3.181,30.2,-487.9,0.0,0,-13795.7411,-1.0000
103.799,1044,1032,Running,5,1,1,99,1,1,0.6000,471.2,0,5.120,5.120,3.181,30.2,-488.2,0.0,0,36087.6566,-1.0000
103.816,1042,1040,Running,5,1,1,99,1,1,0.6000,471.2,0,5.120,5.120,3.181,30.9,-502.1,0.0,0,-2710.2388,-1.0000
103.832,1043,1042,Running,5,1,1,99,1,1,0.6000,471.2,0,5.120,5.120,3.181,31.5,-515.5,0.0,0,45031.5476,-1.0000
103.849,1045,1063,Running,5,1,1,99,1,1,0.6000,471.2,0,5.120,5.120,3.181,32.2,-530.0,0.0,0,41158.6480,-1.0000
103.866,1049,1078,Running,5,1,1,99,1,1,0.6000,471.2,0,5.120,5.120,3.181,33.1,-547.1,0.0,0,52550.6940,-1.0000
103.882,1052,1044,Running,5,1,1,99,1,1,0.6000,471.2,0,5.120,5.120,3.181,32.8,-542.9,0.0,0,60479.8363,-1.0000
103.899,1047,1023,Running,5,1,1,99,1,1,0.6000,471.2,0,5.120,5.120,3.181,30.0,-484.0,0.0,0,-21021.9535,-1.0000
103.916,1044,1025,Running,5,1,1,99,1,1,0.6000,471.2,0,5.120,5.120,3.181,30.2,-489.2,0.0,0,29749.5726,-1.0000
103.932,1043,1037,Running,5,1,1,99,1,1,0.6000,471.2,0,5.120,5.120,3.181,31.0,-504.0,0.0,0,6908.1491,-1.0000
103.949,1043,1049,Running,5,1,1,99,1,1,0.6000,471.2,0,5.120,5.120,3.181,31.6,-516.9,0.0,0,44891.2368,-1.0000
103.966,1046,1071,Running,5,1,1,99,1,1,0.6000,471.2,0,5.120,5.120,3.181,32.4,-533.8,0.0,0,47391.6840,-1.0000
103.982,1050,1080,Running,5,1,1,99,1,1,0.6000,471.2,0,5.120,5.120,3.181,33.2,-549.3,0.0,0,49932.9479,-1.0000
103.999,1052,1028,Running,5,1,1,99,1,1,0.6000,471.2,0,5.120,5.120,3.181,32.5,-535.9,0.0,0,41883.9933,-1.0000
104.016,1047,1016,Running,5,1,1,99,1,1,0.6000,471.2,0,5.120,5.120,3.181,29.9,-481.7,0.0,0,-11771.9304,-1.0000
104.032,1044,1023,Running,5,1,1,99,1,1,0.6000,471.2,0,5.120,5.120,3.181,30.3,-490.1,0.0,0,21781.6331,-1.0000
104.049,1043,1042,Running,5,1,1,99,1,1,0.6000,471.2,0,5.120,5.120,3.181,31.1,-506.9,0.0,0,23158.1444,-1.0000
104.066,1044,1058,Running,5,1,1,99,1,1,0.6000,471.2,0,5.120,5.120,3.181,31.7,-519.7,0.0,0,47079.5299,-1.0000
104.082,1047,1078,Running,5,1,1,99,1,1,0.6000,471.2,0,5.120,5.120,3.181,32.6,-537.7,0.0,0,49021.0738,-1.0000
104.099,1051,1075,Running,5,1,1,99,1,1,0.6000,471.2,0,5.120,5.120,3.181,33.2,-550.2,0.0,0,38387.3975,-1.0000
104.116,1051,1013,Running,5,1,1,99,1,1,0.6000,471.2,0,5.120,5.120,3.181,32.0,-526.2,0.0,0,30262.0057,-1.0000
104.132,1046,1014,Running,5,1,1,99,1,1,0.6000,471.2,0,5.120,5.120,3.181,29.8,-480.7,0.0,0,-722.3591,-1.0000
104.149,1043,1028,Running,5,1,1,99,1,1,0.6000,471.2,0,5.120,5.120,3.181,30.4,-491.8,0.0,0,16452.7859,-1.0000
104.166,1043,1049,Running,5,1,1,99,1,1,0.6000,471.2,0,5.120,5.120,3.181,31.2,-510.1,0.0,0,39589.5820,-1.0000
104.182,1044,1065,Running,5,1,1,99,1,1,0.6000,471.2,0,5.120,5.120,3.181,31.8,-522.1,0.0,0,46041.8764,-1.0000
104.199,1048,1076,Running,5,1,1,99,1,1,0.6000,331.3,0,4.416,3.600,2.744,32.7,-558.7,0.0,0,39951.4020,-1.0000
104.216,1052,1068,Running,5,1,1,99,1,1,0.6000,331.3,0,3.715,3.600,2.309,33.2,-604.7,0.0,0,35935.3089,-1.0000
104.232,1051,1008,Running,5,1,1,99,1,1,0.6000,331.3,0,3.600,3.600,2.237,31.5,-593.6,0.0,0,21612.0988,-1.0000
104.249,1046,1020,Running,5,1,1,99,1,1,0.6000,331.3,0,3.600,3.600,2.237,29.9,-557.9,0.0,0,14023.9478,-1.0000
104.266,1043,1038,Running,5,1,1,99,1,1,0.6000,331.3,0,3.600,3.600,2.237,30.5,-571.5,0.0,0,12482.2645,-1.0000
104.282,1043,1056,Running,5,1,1,99,1,1,0.6000,331.3,0,3.600,3.600,2.237,31.4,-591.6,0.0,0,49045.4411,-1.0000
104.299,1045,1066,Running,5,1,1,99,1,1,0.6000,331.3,0,3.600,3.600,2.237,32.0,-603.5,0.0,0,36322.6182,-1.0000
104.316,1048,1069,Running,5,1,1,99,1,1,0.6000,331.3,0,3.600,3.600,2.237,32.8,-621.2,0.0,0,37804.9373,-1.0000
104.332,1052,1066,Running,5,1,1,99,1,1,0.6000,331.3,0,3.600,3.600,2.237,33.1,-628.3,0.0,0,37338.3392,-1.0000
104.349,1050,1013,Running,5,1,1,99,1,1,0.6000,331.3,0,3.600,3.600,2.237,31.1,-584.4,0.0,0,16604.2398,-1.0000
104.366,1045,1028,Running,5,1,1,99,1,1,0.6000,331.3,0,3.600,3.600,2.237,30.0,-560.6,0.0,0,28674.3829,-1.0000
104.382,1043,1047,Running,5,1,1,99,1,1,0.6000,331.3,0,3.600,3.600,2.237,30.7,-574.9,0.0,0,6065.2315,-1.0000
104.399,1044,1055,Running,5,1,1,99,1,1,0.6000,331.3,0,3.600,3.600,2.237,31.5,-594.0,0.0,0,46559.5361,-1.0000
104.416,1045,1060,Running,5,1,1,99,1,1,0.6000,331.3,0,3.600,3.600,2.237,32.0,-604.8,0.0,0,34183.4629,-1.0000
104.432,1049,1066,Running,5,1,1,99,1,1,0.6000,331.3,0,3.600,3.600,2.237,32.8,-621.9,0.0,0,37624.2815,-1.0000
104.449,1052,1067,Running,5,1,1,99,1,1,0.6000,331.3,0,3.600,3.600,2.237,33.1,-627.9,0.0,0,45944.5388,-1.0000
104.466,1049,1020,Running,5,1,1,99,1,1,0.6000,331.3,0,3.600,3.600,2.237,30.7,-575.2,0.0,0,8287.6469,-1.0000
104.482,1045,1035,Running,5,1,1,99,1,1,0.6000,331.3,0,3.600,3.600,2.237,30.1,-562.9,0.0,0,38682.6586,-1.0000
104.499,1043,1048,Running,5,1,1,99,1,1,0.6000,331.3,0,3.600,3.600,2.237,30.8,-577.6,0.0,0,-5545.1396,-1.0000
104.516,1044,1048,Running,5,1,1,99,1,1,0.6000,331.3,0,3.600,3.600,2.237,31.6,-594.5,0.0,0,47865.0841,-1.0000
104.532,1046,1056,Running,5,1,1,99,1,1,0.6000,331.3,0,3.600,3.600,2.237,32.1,-605.8,0.0,0,33358.9890,-1.0000
104.549,1049,1070,Running,5,1,1,99,1,1,0.6000,331.3,0,3.600,3.600,2.237,32.9,-623.7,0.0,0,43320.6604,-1.0000
104.566,1053,1063,Running,5,1,1,99,1,1,0.6000,331.3,0,3.600,3.600,2.237,33.1,-627.8,0.0,0,57880.1763,-1.0000
104.582,1048,1027,Running,5,1,1,99,1,1,0.6000,331.3,0,3.600,3.600,2.237,30.3,-567.7,0.0,0,-6508.7187,-1.0000
104.599,1045,1034,Running,5,1,1,99,1,1,0.6000,331.3,0,3.600,3.600,2.237,30.2,-565.1,0.0,0,37194.8340,-1.0000
104.616,1043,1043,Running,5,1,1,99,1,1,0.6000,331.3,0,3.600,3.600,2.237,30.9,-579.5,0.0,0,-5086.3164,-1.0000
104.632,1044,1042,Running,5,1,1,99,1,1,0.6000,331.3,0,3.600,3.600,2.237,31.5,-594.1,0.0,0,45642.9973,-1.0000
104.649,1046,1060,Running,5,1,1,99,1,1,0.6000,331.3,0,3.600,3.600,2.237,32.2,-608.0,0.0,0,38073.8501,-1.0000
104.666,1050,1076,Running,5,1,1,99,1,1,0.6000,331.3,0,3.600,3.600,2.237,33.0,-626.2,0.0,0,50177.5875,-1.0000
104.682,1053,1051,Running,5,1,1,99,1,1,0.6000,331.3,0,3.600,3.600,2.237,32.9,-624.9,0.0,0,66917.4496,-1.0000
104.699,1048,1025,Running,5,1,1,99,1,1,0.6000,331.3,0,3.600,3.600,2.237,30.1,-562.1,0.0,0,-23971.5864,-1.0000
104.716,1044,1028,Running,5,1,1,99,1,1,0.6000,331.3,0,3.600,3.600,2.237,30.2,-565.8,0.0,0,32023.8278,-1.0000
104.732,1043,1038,Running,5,1,1,99,1,1,0.6000,331.3,0,3.600,3.600,2.237,30.9,-580.9,0.0,0,1948.7340,-1.0000
104.749,1044,1046,Running,8,1,1,99,1,1,0.6000,331.3,0,3.600,3.600,2.237,31.6,-594.8,0.0,0,44194.6148,-1.0000
104.766,1046,1068,Running,10,1,1,99,1,1,0.6000,412.3,0,4.401,4.480,2.735,32.3,-590.8,0.0,0,44827.2686,-1.0000
104.782,1050,1081,Running,12,1,1,99,1,1,0.6000,412.3,0,4.480,4.480,2.784,33.1,-583.0,0.0,0,53093.9745,-1.0000
104.799,1053,1034,Running,13,1,1,99,1,1,0.6000,412.3,0,4.480,4.480,2.784,32.7,-573.8,0.0,0,47572.1159,-1.0000
104.816,1048,1024,Running,14,1,1,99,1,1,0.6000,412.3,0,4.480,4.480,2.784,30.0,-517.2,0.0,0,-15248.7746,-1.0000
104.832,1046,1038,Running,15,1,1,99,1,1,0.6000,412.3,0,4.480,4.480,2.784,30.9,-534.8,0.0,0,28016.4263,-1.0000
104.849,1049,1073,Running,15,1,1,99,1,1,0.6000,412.3,0,4.480,4.480,2.784,32.5,-568.9,0.0,0,26471.5676,-1.0000
104.866,1056,1117,Running,16,1,1,99,1,1,0.6000,412.3,0,4.480,4.480,2.784,34.5,-610.8,0.0,0,62034.5186,-1.0000
104.882,1068,1166,Running,16,1,1,99,1,1,0.6000,412.3,0,4.480,4.480,2.784,37.3,-670.2,0.0,0,77354.7903,-1.0000
104.899,1086,1192,Running,16,1,1,99,1,1,0.6000,412.3,0,4.480,4.480,2.784,40.1,-730.5,0.0,0,58290.1911,-1.0000
104.916,1099,1156,Running,16,1,1,99,1,1,0.6000,412.3,0,4.480,4.480,2.784,39.8,-724.4,0.0,0,53467.8221,-1.0000
104.932,1113,1222,Running,18,1,1,99,1,1,0.6000,508.0,0,5.292,5.520,3.288,40.5,-716.2,0.0,0,62000.2833,-1.0000
104.949,1134,1279,Running,20,1,1,99,1,1,0.6000,508.0,0,5.520,5.520,3.430,45.0,-775.0,0.0,0,50181.2560,-1.0000
104.966,1162,1358,Running,21,1,1,99,1,1,0.6000,530.1,0,5.760,5.760,3.579,50.0,-864.2,0.0,0,106019.3318,-1.0000
104.982,1198,1427,Running,22,1,1,99,1,1,0.6000,530.1,0,5.760,5.760,3.579,55.9,-986.3,0.0,0,128804.2580,-1.0000
104.999,1239,1470,Running,23,1,1,99,1,1,0.6000,530.1,0,5.760,5.760,3.579,61.8,-1112.2,0.0,0,169345.8468,-1.0000
105.016,1273,1493,Running,23,1,1,99,1,1,0.6000,530.1,0,5.760,5.760,3.579,61.1,-1096.8,0.0,0,34618.2420,-1.0000
105.032,1314,1583,Running,24,1,1,99,1,1,0.6000,530.1,0,5.760,5.760,3.579,68.3,-1252.6,0.0,0,151589.2750,-1.0000
105.049,1364,1679,Running,24,1,1,99,1,1,0.6000,530.1,0,5.760,5.760,3.579,77.1,-1440.9,0.0,0,190597.9057,-1.0000
105.066,1420,1777,Running,24,1,1,99,1,1,0.6000,530.1,0,5.760,5.760,3.579,86.3,-1641.6,0.0,0,192683.9388,-1.0000
105.082,1475,1767,Running,24,1,1,99,1,1,0.6000,530.1,0,5.760,5.760,3.579,90.8,-1741.9,0.0,0,171803.2312,-1.0000
105.099,1528,1867,Running,24,1,1,99,1,1,0.6000,530.1,0,5.760,5.760,3.579,95.1,-1835.1,0.0,0,155999.6845,-1.0000
105.116,1587,1952,Running,24,1,1,99,1,1,0.6000,530.1,0,5.760,5.760,3.579,105.3,-2060.2,0.0,0,258148.4090,-1.0000
105.132,1651,2041,Running,24,1,1,99,1,1,0.6000,530.1,0,5.760,5.760,3.579,115.4,-2285.2,0.0,0,256853.6711,-1.0000
105.149,1709,2049,Running,24,1,1,99,1,1,0.6000,530.1,0,5.760,5.760,3.579,118.3,-2349.1,0.0,0,162600.7930,-1.0000
105.166,1769,2152,Running,24,1,1,99,1,1,0.6000,530.1,0,5.760,5.760,3.579,126.9,-2540.5,0.0,0,251647.8730,-1.0000
105.182,1835,2246,Running,24,1,1,99,1,1,0.6000,530.1,0,5.760,5.760,3.579,139.2,-2815.8,0.0,0,299425.3160,-1.0000
105.199,1901,2245,Running,24,1,1,99,1,1,0.6000,530.1,0,5.760,5.760,3.579,147.3,-2999.6,0.0,0,262687.8306,-1.0000
105.216,1961,2337,Running,24,1,1,99,1,1,0.6000,530.1,0,5.760,5.760,3.579,150.9,-3081.4,0.0,0,224073.3332,-1.0000
105.232,2026,2422,Running,24,1,1,99,1,1,0.6000,530.1,0,5.760,5.760,3.579,163.3,-3360.0,0.0,0,311083.2953,-1.0000
105.249,2089,2413,Running,24,1,1,99,1,1,0.6000,530.1,0,5.760,5.760,3.579,171.1,-3538.1,0.0,0,300134.9122,-1.0000
105.266,2144,2491,Running,24,1,1,99,1,1,0.6000,530.1,0,5.760,5.760,3.579,172.7,-3573.6,0.0,0,229365.6202,-1.0000
105.282,2203,2558,Running,24,1,1,99,1,1,0.6000,530.1,0,5.760,5.760,3.579,183.6,-3820.9,0.0,0,340670.5032,-1.0000
105.299,2257,2530,Running,24,1,1,99,1,1,0.6000,530.1,0,5.760,5.760,3.579,188.1,-3923.2,0.0,0,262569.8873,-1.0000
105.316,2305,2596,Running,24,1,1,99,1,1,0.6000,530.1,0,5.760,5.760,3.579,189.6,-3958.5,0.0,0,281375.7828,-1.0000
105.332,2354,2653,Running,24,1,1,99,1,1,0.6000,530.1,0,5.760,5.760,3.579,198.4,-4157.6,0.0,0,332961.5656,-1.0000
105.349,2395,2619,Running,24,1,1,99,1,1,0.6000,530.1,0,5.760,5.760,3.579,197.9,-4147.5,0.0,0,250159.6866,-1.0000
105.366,2433,2666,Running,24,1,1,99,1,1,0.6049,898.2,0,6.864,9.760,4.265,202.5,-4178.4,0.0,0,308825.0286,-1.0000
105.382,2472,2682,Running,24,1,1,99,1,1,0.6049,898.2,0,7.969,9.760,4.952,209.1,-4179.9,0.0,0,351809.9321,-1.0000
105.399,2499,2662,Running,24,1,1,99,1,1,0.6049,898.2,0,9.051,9.760,5.624,203.5,-3913.1,0.0,0,209564.1145,-1.0000
105.416,2526,2698,Running,24,1,1,99,1,1,0.6049,898.2,0,9.760,9.760,6.065,208.1,-3878.0,0.0,0,338000.2106,-1.0000
105.432,2552,2650,Running,24,1,1,99,1,1,0.6049,898.2,0,9.760,9.760,6.065,210.4,-3896.3,0.0,0,328957.5204,-1.0000
105.449,2569,2680,Running,24,1,1,99,1,1,0.6049,898.2,0,9.760,9.760,6.065,205.7,-3794.4,0.0,0,230358.8029,-1.0000
105.466,2587,2700,Running,23,1,1,99,1,1,0.6451,994.0,0,10.800,10.800,6.711,223.6,-4061.5,0.0,0,331682.1021,-1.0000
105.482,2598,2638,Running,23,1,1,99,1,1,0.6451,994.0,0,10.800,10.800,6.711,219.4,-3901.5,0.0,0,245456.0668,-1.0000
105.499,2605,2655,Running,23,1,1,99,1,1,0.6451,994.0,0,10.800,10.800,6.711,216.7,-3844.9,0.0,0,299529.6899,-1.0000
105.516,2614,2660,Running,23,1,1,99,1,1,0.6451,994.0,0,10.800,10.800,6.711,219.2,-3898.3,0.0,0,329235.1358,-1.0000
105.532,2613,2605,Running,23,1,1,99,1,1,0.6451,994.0,0,10.800,10.800,6.711,210.9,-3721.2,0.0,0,216478.6469,-1.0000
105.549,2613,2620,Running,23,1,1,99,1,1,0.6451,994.0,0,10.800,10.800,6.711,211.6,-3737.0,0.0,0,312424.4903,-1.0000
105.566,2614,2572,Running,23,1,1,99,1,1,0.6451,994.0,0,10.800,10.800,6.711,212.6,-3758.1,0.0,0,341593.9673,-1.0000
105.582,2607,2573,Running,23,1,1,99,1,1,0.6451,994.0,0,10.800,10.800,6.711,204.1,-3577.7,0.0,0,170797.0272,-1.0000
105.599,2603,2590,Running,23,1,1,99,1,1,0.6451,994.0,0,10.800,10.800,6.711,206.6,-3629.9,0.0,0,304972.2889,-1.0000
105.616,2598,2528,Running,23,1,1,99,1,1,0.6451,994.0,0,10.800,10.800,6.711,205.0,-3596.4,0.0,0,272639.3624,-1.0000
105.632,2589,2547,Running,23,1,1,99,1,1,0.6451,994.0,0,10.800,10.800,6.711,199.0,-3471.4,0.0,0,218984.0730,-1.0000
105.649,2581,2534,Running,23,1,1,99,1,1,0.7782,1163.3,0,11.898,12.640,7.393,240.2,-4102.7,0.0,0,305966.0351,-1.0000
105.666,2567,2443,Running,23,1,1,99,1,1,0.7782,1163.3,0,12.640,12.640,7.854,231.8,-3761.8,0.0,0,221662.7605,-1.0000
105.682,2548,2446,Running,23,1,1,99,1,1,0.7782,1163.3,0,12.640,12.640,7.854,223.7,-3556.4,0.0,0,257542.8112,-1.0000
105.699,2533,2452,Running,22,1,1,99,1,1,0.7782,1163.3,0,12.640,12.640,7.854,223.9,-3560.1,0.0,0,274142.9355,-1.0000
105.716,2513,2371,Running,22,1,1,99,1,1,0.7782,1163.3,0,12.640,12.640,7.854,216.4,-3408.3,0.0,0,204525.5889,-1.0000
105.732,2492,2380,Running,22,1,1,99,1,1,0.7782,1163.3,0,12.640,12.640,7.854,211.1,-3301.8,0.0,0,260869.7226,-1.0000
105.749,2476,2395,Running,22,1,1,99,1,1,0.7782,1163.3,0,12.640,12.640,7.854,212.8,-3334.9,0.0,0,261081.6480,-1.0000
105.766,2457,2316,Running,22,1,1,99,1,1,0.7782,1163.3,0,12.640,12.640,7.854,206.8,-3215.4,0.0,0,201652.6880,-1.0000
105.782,2437,2334,Running,22,1,1,99,1,1,0.7782,1163.3,0,12.640,12.640,7.854,202.2,-3122.4,0.0,0,242386.6709,-1.0000
105.799,2422,2350,Running,22,1,1,99,1,1,0.7782,1163.3,0,12.640,12.640,7.854,204.5,-3168.0,0.0,0,268124.8689,-1.0000
105.816,2406,2275,Running,22,1,1,99,1,1,0.7782,1163.3,0,12.640,12.640,7.854,200.9,-3097.7,0.0,0,213692.7278,-1.0000
105.832,2388,2303,Running,22,1,1,99,1,1,0.7782,1163.3,0,12.640,12.640,7.854,195.8,-2997.8,0.0,0,210714.9380,-1.0000
105.849,2374,2294,Running,22,1,1,99,1,1,0.9002,1303.2,0,13.680,14.160,8.501,228.0,-3421.6,0.0,0,290915.5458,-1.0000
105.866,2358,2216,Running,21,1,1,99,1,1,0.9116,1317.9,0,14.320,14.320,8.898,225.8,-3226.0,0.0,0,220944.3378,-1.0000
105.882,2336,2215,Running,21,1,1,99,1,1,0.9116,1317.9,0,14.320,14.320,8.898,214.6,-2985.7,0.0,0,183021.7095,-1.0000
105.899,2318,2225,Running,21,1,1,99,1,1,0.9116,1317.9,0,14.320,14.320,8.898,215.5,-3002.1,0.0,0,234522.5624,-1.0000
105.916,2303,2168,Running,21,1,1,99,1,1,0.9116,1317.9,0,14.320,14.320,8.898,215.3,-2999.6,0.0,0,302911.4785,-1.0000
105.932,2280,2161,Running,21,1,1,99,1,1,0.9116,1317.9,0,14.320,14.320,8.898,202.9,-2776.6,0.0,0,86161.0771,-1.0000
105.949,2262,2168,Running,21,1,1,99,1,1,0.9116,1317.9,0,14.320,14.320,8.898,204.9,-2812.2,0.0,0,254271.7422,-1.0000
105.966,2249,2179,Running,21,1,1,99,1,1,0.9116,1317.9,0,14.320,14.320,8.898,207.0,-2848.8,0.0,0,242673.3759,-1.0000
105.982,2230,2116,Running,20,1,1,99,1,1,0.9116,1317.9,0,14.320,14.320,8.898,197.8,-2688.6,0.0,0,141185.0856,-1.0000
105.999,2213,2126,Running,20,1,1,99,1,1,0.9116,1317.9,0,14.320,14.320,8.898,197.0,-2673.9,0.0,0,235254.6938,-1.0000
106.016,2201,2147,Running,20,1,1,99,1,1,0.9116,1317.9,0,14.320,14.320,8.898,199.7,-2721.4,0.0,0,216017.1673,-1.0000
106.032,2188,2069,Running,20,1,1,99,1,1,0.9793,1428.3,0,15.308,15.520,9.512,210.9,-2804.8,0.0,0,199011.6892,-1.0000
106.049,2171,2079,Running,20,1,1,99,1,1,0.9823,1435.7,0,15.600,15.600,9.693,202.9,-2581.4,0.0,0,168940.5969,-1.0000
106.066,2158,2095,Running,20,1,1,99,1,1,0.9823,1435.7,0,15.600,15.600,9.693,205.4,-2619.3,0.0,0,211897.4485,-1.0000
106.082,2149,2084,Running,20,1,1,99,1,1,0.9823,1435.7,0,15.600,15.600,9.693,207.9,-2661.7,0.0,0,252584.0727,-1.0000
106.099,2132,2038,Running,20,1,1,99,1,1,0.9823,1435.7,0,15.600,15.600,9.693,195.9,-2467.5,0.0,0,133936.4987,-1.0000
106.116,2119,2057,Running,20,1,1,99,1,1,0.9823,1435.7,0,15.600,15.600,9.693,198.2,-2498.3,0.0,0,186057.2454,-1.0000
106.132,2112,2083,Running,20,1,1,99,1,1,0.9823,1435.7,0,15.600,15.600,9.693,201.7,-2556.3,0.0,0,217746.5787,-1.0000
106.149,2102,2008,Running,20,1,1,99,1,1,0.9823,1435.7,0,15.600,15.600,9.693,198.2,-2506.9,0.0,0,182416.9561,-1.0000
106.166,2090,2031,Running,20,1,1,99,1,1,0.9823,1435.7,0,15.600,15.600,9.693,192.6,-2421.6,0.0,0,168745.2523,-1.0000
106.182,2083,2057,Running,20,1,1,99,1,1,0.9823,1435.7,0,15.600,15.600,9.693,197.1,-2482.4,0.0,0,209176.7758,-1.0000
106.199,2080,2056,Running,20,1,1,99,1,1,0.9823,1435.7,0,15.600,15.600,9.693,201.3,-2548.1,0.0,0,243355.0639,-1.0000
106.216,2069,2012,Running,20,1,1,99,1,1,0.9823,1435.7,0,15.600,15.600,9.693,190.4,-2392.7,0.0,0,133834.9009,-1.0000
106.232,2063,2034,Running,20,1,1,99,1,1,0.9823,1435.7,0,15.600,15.600,9.693,193.5,-2434.2,0.0,0,193995.0635,-1.0000
106.249,2061,2065,Running,20,1,1,99,1,1,0.9823,1435.7,0,15.600,15.600,9.693,198.1,-2498.2,0.0,0,210991.0908,-1.0000
106.266,2057,1997,Running,20,1,1,99,1,1,0.9823,1435.7,0,15.600,15.600,9.693,196.3,-2477.3,0.0,0,192866.8697,-1.0000
106.282,2050,2019,Running,20,1,1,99,1,1,1.0000,1538.8,0,16.556,16.720,10.287,193.5,-2419.9,0.0,0,155661.0694,-1.0000
106.299,2047,2040,Running,20,1,1,99,1,1,1.0000,1538.8,0,16.720,16.720,10.389,198.0,-2466.7,0.0,0,217836.5374,-1.0000
106.316,2048,2056,Running,20,1,1,99,1,1,1.0000,1538.8,0,16.720,16.720,10.389,202.4,-2524.6,0.0,0,221251.0483,-1.0000
106.332,2041,2001,Running,20,1,1,99,1,1,1.0000,1538.8,0,16.720,16.720,10.389,192.2,-2389.2,0.0,0,132219.5552,-1.0000
106.349,2036,2020,Running,20,1,1,99,1,1,1.0000,1538.8,0,16.720,16.720,10.389,194.3,-2416.8,0.0,0,214370.1850,-1.0000
106.366,2036,2044,Running,20,1,1,99,1,1,1.0000,1538.8,0,16.720,16.720,10.389,198.6,-2473.9,0.0,0,207949.1913,-1.0000
106.382,2035,1983,Running,20,1,1,99,1,1,1.0000,1538.8,0,16.720,16.720,10.389,198.3,-2469.7,0.0,0,200760.7020,-1.0000
106.399,2028,2008,Running,20,1,1,99,1,1,1.0000,1538.8,0,16.720,16.720,10.389,190.3,-2362.8,0.0,0,113144.1770,-1.0000
106.416,2027,2024,Running,20,1,1,99,1,1,1.0000,1538.8,0,16.720,16.720,10.389,195.0,-2426.7,0.0,0,247163.9881,-1.0000
106.432,2029,2047,Running,20,1,1,99,1,1,1.0000,1538.8,0,16.720,16.720,10.389,199.5,-2486.8,0.0,0,211072.2305,-1.0000
106.449,2023,1986,Running,20,1,1,99,1,1,1.0000,1538.8,0,16.720,16.720,10.389,191.5,-2379.4,0.0,0,120099.0384,-1.0000
106.466,2020,2014,Running,20,1,1,99,1,1,1.0000,1538.8,0,16.720,16.720,10.389,191.8,-2382.8,0.0,0,194633.4838,-1.0000
106.482,2020,2033,Running,21,1,1,99,1,1,1.0000,1538.8,0,16.720,16.720,10.389,196.3,-2444.0,0.0,0,237888.7814,-1.0000
106.499,2022,1979,Running,21,1,1,99,1,1,1.0000,1538.8,0,16.720,16.720,10.389,198.3,-2470.7,0.0,0,226101.6562,-1.0000
106.516,2016,1998,Running,21,1,1,99,1,1,1.0000,1538.8,0,16.720,16.720,10.389,188.5,-2339.9,0.0,0,85679.4848,-1.0000
106.532,2015,2026,Running,21,1,1,99,1,1,1.0000,1538.8,0,16.720,16.720,10.389,193.9,-2412.0,0.0,0,216324.7712,-1.0000
106.549,2018,2049,Running,21,1,1,99,1,1,1.0000,1538.8,0,16.720,16.720,10.389,199.0,-2479.3,0.0,0,242648.0504,-1.0000
106.566,2017,1979,Running,21,1,1,99,1,1,1.0000,1538.8,0,16.720,16.720,10.389,193.7,-2409.1,0.0,0,132769.3143,-1.0000
106.582,2014,2015,Running,21,1,1,99,1,1,1.0000,1538.8,0,16.720,16.720,10.389,191.8,-2383.2,0.0,0,183031.9817,-1.0000
106.599,2016,2043,Running,21,1,1,99,1,1,1.0000,1538.8,0,16.720,16.720,10.389,197.1,-2454.3,0.0,0,220341.0685,-1.0000
106.616,2021,2014,Running,21,1,1,99,1,1,1.0000,1538.8,0,16.720,16.720,10.389,201.2,-2508.8,0.0,0,280893.8204,-1.0000
106.632,2016,1998,Running,21,1,1,99,1,1,1.0000,1678.7,0,17.670,18.240,10.980,190.3,-2354.4,0.0,0,94816.8107,-1.0000
106.649,2016,2031,Running,22,1,1,99,1,1,1.0000,1678.7,0,18.240,18.240,11.334,195.3,-2412.5,0.0,0,192020.0470,-1.0000
106.666,2021,2063,Running,22,1,1,99,1,1,1.0000,1686.0,0,18.320,18.320,11.384,200.6,-2478.1,0.0,0,226006.0625,-1.0000
106.682,2022,1990,Running,22,1,1,99,1,1,1.0000,1686.0,0,18.320,18.320,11.384,197.8,-2442.9,0.0,0,181746.3971,-1.0000
106.699,2020,2023,Running,22,1,1,99,1,1,1.0000,1686.0,0,18.320,18.320,11.384,193.8,-2393.6,0.0,0,177562.1097,-1.0000
106.716,2023,2058,Running,22,1,1,99,1,1,1.0000,1686.0,0,18.320,18.320,11.384,199.9,-2469.1,0.0,0,218199.9395,-1.0000
106.732,2030,2060,Running,22,1,1,99,1,1,1.0000,1686.0,0,18.320,18.320,11.384,205.6,-2539.2,0.0,0,259606.0152,-1.0000
106.749,2028,2022,Running,22,1,1,99,1,1,1.0000,1686.0,0,18.320,18.320,11.384,195.3,-2411.7,0.0,0,141206.9082,-1.0000
106.766,2030,2054,Running,22,1,1,99,1,1,1.0000,1686.0,0,18.320,18.320,11.384,199.9,-2469.6,0.0,0,204326.8838,-1.0000
106.782,2037,2092,Running,22,1,1,99,1,1,1.0000,1686.0,0,18.320,18.320,11.384,206.0,-2544.8,0.0,0,228750.4807,-1.0000
106.799,2041,2022,Running,22,1,1,99,1,1,1.0000,1686.0,0,18.320,18.320,11.384,204.4,-2524.3,0.0,0,203054.6209,-1.0000
106.816,2041,2054,Running,23,1,1,99,1,1,1.0000,1686.0,0,18.320,18.320,11.384,199.8,-2467.3,0.0,0,184588.3157,-1.0000
106.832,2046,2090,Running,23,1,1,99,1,1,1.0000,1686.0,0,18.320,18.320,11.384,206.1,-2546.1,0.0,0,226376.9142,-1.0000
106.849,2054,2087,Running,23,1,1,99,1,1,1.0000,1767.0,0,19.200,19.200,11.930,211.8,-2615.8,0.0,0,276348.6935,-1.0000
106.866,2021,1767,Running,23,1,1,99,1,1,1.0000,1767.0,0,19.200,19.200,11.930,626.9,-7743.2,0.0,0,105275.4958,-1.0000
106.882,1982,1767,Running,23,1,1,99,1,1,1.0000,1767.0,0,19.200,19.200,11.930,301.8,-3727.2,0.0,0,168204.9364,-1.0000
106.899,1949,1767,Running,23,1,1,99,1,1,1.0000,1767.0,0,19.200,19.200,11.930,304.1,-3756.3,0.0,0,189513.5111,-1.0000
106.916,1921,1767,Running,23,1,1,99,1,1,1.0000,1767.0,0,19.200,19.200,11.930,248.5,-3069.6,0.0,0,217761.5925,-1.0000
106.932,1897,1767,Running,24,1,1,99,1,1,1.0000,1767.0,0,19.200,19.200,11.930,165.3,-2041.3,0.0,0,84080.1370,-1.0000
106.949,1877,1767,Running,24,1,1,99,1,1,1.0000,1767.0,0,19.200,19.200,11.930,291.0,-3593.8,0.0,0,179268.7816,-1.0000
106.966,1860,1767,Running,24,1,1,99,1,1,1.0000,1767.0,0,19.200,19.200,11.930,298.9,-3691.9,0.0,0,202807.3576,-1.0000
106.982,1846,1767,Running,24,1,1,99,1,1,1.0000,1767.0,0,19.200,19.200,11.930,275.9,-3408.0,0.0,0,216840.5334,-1.0000
106.999,1834,1767,Running,24,1,1,99,1,1,1.0000,1767.0,0,19.200,19.200,11.930,149.7,-1848.9,0.0,0,104908.4663,-1.0000
107.016,1823,1767,Running,24,1,1,99,1,1,1.0000,1767.0,0,19.200,19.200,11.930,299.2,-3695.0,0.0,0,187219.7835,-1.0000
107.032,1821,1841,Running,24,1,1,99,1,1,1.0000,1840.7,0,20.000,20.000,12.427,199.8,-2467.7,0.0,0,215178.2247,-1.0000
107.049,1824,1841,Running,24,1,1,99,1,1,1.0000,1840.7,0,20.000,20.000,12.427,272.7,-3368.8,0.0,0,233535.9368,-1.0000
107.066,1827,1841,Running,24,1,1,99,1,1,1.0000,1840.7,0,20.000,20.000,12.427,150.9,-1863.7,0.0,0,123032.0166,-1.0000
107.082,1829,1841,Running,24,1,1,99,1,1,1.0000,1840.7,0,20.000,20.000,12.427,294.7,-3639.9,0.0,0,204787.9760,-1.0000
107.099,1831,1841,Running,24,1,1,99,1,1,1.0000,1840.7,0,20.000,20.000,12.427,302.1,-3731.4,0.0,0,226549.8357,-1.0000
107.116,1832,1841,Running,24,1,1,99,1,1,1.0000,1840.7,0,20.000,20.000,12.427,250.1,-3088.8,0.0,0,260034.7219,-1.0000
107.132,1834,1841,Running,24,1,1,99,1,1,1.0000,1840.7,0,20.000,20.000,12.427,185.3,-2288.3,0.0,0,105878.6774,-1.0000
107.149,1835,1841,Running,24,1,1,99,1,1,1.0000,1840.7,0,20.000,20.000,12.427,298.4,-3685.8,0.0,0,209531.9900,-1.0000
107.166,1836,1841,Running,24,0,1,99,1,1,1.0000,1840.7,0,20.000,20.000,12.427,305.6,-3774.8,0.0,0,230093.0050,-1.0000
107.182,1836,1841,Running,24,0,1,99,1,1,1.0000,1840.7,0,20.000,20.000,12.427,213.5,-2636.7,0.0,0,266783.5659,-1.0000
107.199,1837,1841,Running,24,0,1,99,1,1,1.0000,1840.7,0,20.000,20.000,12.427,224.9,-2777.8,0.0,0,99129.9491,-1.0000
107.216,1845,1922,Running,25,0,1,99,1,1,1.0000,1921.6,0,20.880,20.880,12.974,185.2,-2287.2,0.0,0,212811.3508,-1.0000
107.232,1856,1922,Running,25,0,1,99,1,1,1.0000,1921.6,0,20.880,20.880,12.974,301.5,-3724.4,0.0,0,229817.7989,-1.0000
107.249,1866,1922,Running,26,0,1,99,1,1,1.0000,1921.6,0,20.880,20.880,12.974,161.5,-1994.3,0.0,0,239132.9018,-1.0000
107.266,1875,1922,Running,26,0,1,99,1,1,1.0000,1921.6,0,20.880,20.880,12.974,292.1,-3608.4,0.0,0,113502.1329,-1.0000
107.282,1882,1922,Running,27,0,1,99,1,1,1.0000,1921.6,0,20.880,20.880,12.974,314.3,-3882.2,0.0,0,246998.6729,-1.0000
107.299,1888,1922,Running,27,0,1,99,1,1,1.0000,1921.6,0,20.880,20.880,12.974,319.0,-3939.9,0.0,0,252684.0510,-1.0000
107.316,1893,1922,Running,27,0,1,99,1,1,1.0000,1921.6,0,20.880,20.880,12.974,139.3,-1720.0,0.0,0,185967.6489,-1.0000
107.332,1905,1995,Running,27,0,1,99,1,1,1.0000,1995.3,0,21.680,21.680,13.471,220.6,-2724.7,0.0,0,210282.6684,-1.0000
107.349,1919,1995,Running,28,0,1,99,1,1,1.0000,1995.3,0,21.680,21.680,13.471,337.8,-4172.7,0.0,0,245379.1217,-1.0000
107.366,1930,1995,Running,28,0,1,99,1,1,1.0000,1995.3,0,21.680,21.680,13.471,316.7,-3911.6,0.0,0,262747.7505,-1.0000
107.382,1940,1995,Running,28,0,1,99,1,1,1.0000,1995.3,0,21.680,21.680,13.471,194.9,-2407.3,0.0,0,166359.1999,-1.0000
107.399,1949,1995,Running,28,0,1,99,1,1,1.0000,1995.3,0,21.680,21.680,13.471,352.9,-4359.3,0.0,0,259083.6653,-1.0000
107.416,1956,1995,Running,28,0,1,99,1,1,1.0000,1995.3,0,21.680,21.680,13.471,371.0,-4582.0,0.0,0,254123.9755,-1.0000
107.432,1962,1995,Running,28,0,1,99,1,1,1.0000,1995.3,0,21.680,21.680,13.471,200.2,-2473.4,0.0,0,253471.1991,-1.0000
107.449,1967,1995,Running,28,0,1,99,1,1,1.0000,1995.3,0,21.680,21.680,13.471,356.3,-4401.3,0.0,0,135096.2942,-1.0000
107.466,1971,1995,Running,28,0,1,99,1,1,1.0000,1995.3,0,21.680,21.680,13.471,365.1,-4509.3,0.0,0,286101.9890,-1.0000
107.482,1975,1995,Running,28,0,1,99,1,1,1.0000,1995.3,0,21.680,21.680,13.471,382.4,-4723.0,0.0,0,279510.5605,-1.0000
107.499,1978,1995,Running,28,0,1,99,1,1,1.0000,1995.3,0,21.680,21.680,13.471,190.6,-2354.2,0.0,0,151042.7050,-1.0000
107.516,1981,1995,Running,28,0,1,99,1,1,1.0000,1995.3,0,21.680,21.680,13.471,388.4,-4796.8,0.0,0,235940.2931,-1.0000
107.532,1990,2088,Running,29,0,1,99,1,1,1.0000,2113.1,0,22.691,22.960,14.099,248.3,-3067.5,0.0,0,281537.2960,-1.0000
107.549,2009,2113,Running,29,0,1,99,1,1,1.0000,2113.1,0,22.960,22.960,14.267,185.6,-2292.4,0.0,0,332594.7090,-1.0000
107.566,2025,2113,Running,29,0,1,99,1,1,1.0000,2113.1,0,22.960,22.960,14.267,344.9,-4259.8,0.0,0,121006.2020,-1.0000
107.582,2038,2113,Running,29,0,1,99,1,1,1.0000,2113.1,0,22.960,22.960,14.267,377.2,-4659.1,0.0,0,301503.4921,-1.0000
107.599,2050,2113,Running,29,0,1,99,1,1,1.0000,2113.1,0,22.960,22.960,14.267,393.2,-4857.2,0.0,0,295044.7731,-1.0000
107.616,2060,2113,Running,29,0,1,99,1,1,1.0000,2113.1,0,22.960,22.960,14.267,214.6,-2651.0,0.0,0,174264.7023,-1.0000
107.632,2068,2113,Running,29,0,1,99,1,1,1.0000,2113.1,0,22.960,22.960,14.267,382.8,-4727.9,0.0,0,280611.6435,-1.0000
107.649,2075,2113,Running,29,0,1,99,1,1,1.0000,2113.1,0,22.960,22.960,14.267,401.2,-4955.9,0.0,0,283854.5298,-1.0000
107.666,2081,2113,Running,29,0,1,99,1,1,1.0000,2113.1,0,22.960,22.960,14.267,213.3,-2634.6,0.0,0,261115.9826,-1.0000
107.682,2086,2113,Running,29,0,1,99,1,1,1.0000,2113.1,0,22.960,22.960,14.267,376.4,-4648.5,0.0,0,198495.5225,-1.0000
107.699,2090,2113,Running,29,0,1,99,1,1,1.0000,2113.1,0,22.960,22.960,14.267,399.5,-4935.0,0.0,0,280381.0090,-1.0000
107.716,2058,1725,Running,29,0,1,99,1,2,0.9866,1447.1,0,24.080,24.080,14.963,935.9,-7675.0,0.0,0,248541.3726,-1.0000
107.732,1989,1652,Running,29,0,1,99,1,2,1.0000,1447.1,0,24.080,24.080,14.963,324.6,-2618.4,0.0,0,100217.1082,-1.0000
107.749,1955,1853,Running,29,0,1,99,1,2,1.0000,1447.1,0,24.080,24.080,14.963,149.4,-1205.7,0.0,0,201461.7472,-1.0000
107.766,1951,1993,Running,29,0,1,99,1,2,1.0000,1447.1,0,24.080,24.080,14.963,178.0,-1449.5,0.0,0,250116.9790,-1.0000
107.782,1965,2073,Running,29,0,1,99,1,2,1.0000,1447.1,0,24.080,24.080,14.963,200.2,-1645.4,0.0,0,288266.8389,-1.0000
107.799,1977,2079,Running,29,0,1,99,1,2,1.0000,1447.1,0,24.080,24.080,14.963,200.0,-1643.1,0.0,0,192350.7506,-1.0000
107.816,2002,2197,Running,30,0,1,99,1,2,1.0000,1447.1,0,24.080,24.080,14.963,220.0,-1852.8,0.0,0,282989.3444,-1.0000
107.832,2041,2303,Running,30,0,1,99,1,2,1.0000,1447.1,0,24.080,24.080,14.963,242.9,-2109.9,0.0,0,307664.5771,-1.0000
107.849,2077,2276,Running,30,0,1,99,1,2,1.0000,1447.1,0,24.080,24.080,14.963,248.9,-2176.9,0.0,0,241197.2174,-1.0000
107.866,2116,2375,Running,30,0,1,99,1,2,1.0000,1447.1,0,24.080,24.080,14.963,260.4,-2307.3,0.0,0,304272.8495,-1.0000
107.882,2163,2466,Running,30,0,1,99,1,2,1.0000,1447.1,0,24.080,24.080,14.963,280.9,-2544.2,0.0,0,335330.6152,-1.0000
107.899,2204,2418,Running,30,0,1,99,1,2,1.0000,1447.1,0,24.080,24.080,14.963,284.3,-2584.8,0.0,0,269554.5471,-1.0000
107.916,2244,2499,Running,30,0,1,99,1,2,0.9999,1514.4,0,25.054,25.200,15.568,290.9,-2629.6,0.0,0,328362.8370,-1.0000
107.932,2289,2568,Running,30,0,1,99,1,2,0.9999,1514.4,0,25.200,25.200,15.659,308.5,-2796.2,0.0,0,348291.9980,-1.0000
107.949,2325,2521,Running,30,0,1,99,1,2,0.9999,1514.4,0,25.200,25.200,15.659,305.3,-2759.5,0.0,0,262482.5853,-1.0000
107.966,2360,2588,Running,30,0,1,99,1,2,0.9999,1514.4,0,25.200,25.200,15.659,312.9,-2848.6,0.0,0,338149.0864,-1.0000
107.982,2399,2628,Running,31,0,1,99,1,2,0.9999,1514.4,0,25.200,25.200,15.659,328.0,-3033.8,0.0,0,379292.7323,-1.0000
107.999,2426,2585,Running,31,0,1,99,1,2,0.9999,1514.4,0,25.200,25.200,15.659,317.5,-2905.2,0.0,0,262996.0749,-1.0000
108.016,2455,2641,Running,31,0,1,99,1,2,0.9999,1514.4,0,25.200,25.200,15.659,328.8,-3043.7,0.0,0,367831.2365,-1.0000
108.032,2486,2593,Running,31,0,1,99,1,2,0.9999,1514.4,0,25.200,25.200,15.659,338.3,-3161.3,0.0,0,409749.6581,-1.0000
108.049,2505,2632,Running,31,0,1,99,1,2,0.9999,1514.4,0,25.200,25.200,15.659,326.4,-3014.7,0.0,0,214241.3407,-1.0000
108.066,2529,2683,Running,31,0,1,99,1,2,0.9999,1514.4,0,25.200,25.200,15.659,339.6,-3177.5,0.0,0,376333.8375,-1.0000
108.082,2549,2613,Running,31,0,1,99,1,2,0.9999,1514.4,0,25.200,25.200,15.659,339.9,-3180.8,0.0,0,321250.4314,-1.0000
108.099,2564,2672,Running,31,0,1,99,1,2,0.9999,1514.4,0,25.200,25.200,15.659,335.6,-3127.4,0.0,0,312317.0711,-1.0000
108.116,2584,2714,Running,31,0,1,99,1,2,1.0000,1591.3,0,26.225,26.480,16.296,348.1,-3239.9,0.0,0,381714.6035,-1.0000
108.132,2594,2650,Running,31,0,1,99,1,2,1.0000,1591.3,0,26.480,26.480,16.454,338.6,-3066.1,0.0,0,284449.8843,-1.0000
108.149,2607,2696,Running,31,0,1,99,1,2,1.0000,1605.7,0,26.720,26.720,16.603,343.1,-3100.6,0.0,0,353908.0682,-1.0000
108.166,2623,2671,Running,31,0,1,99,1,2,1.0000,1605.7,0,26.720,26.720,16.603,352.8,-3215.5,0.0,0,423383.1758,-1.0000
108.182,2627,2676,Running,31,0,1,99,1,2,1.0000,1605.7,0,26.720,26.720,16.603,337.5,-3033.5,0.0,0,217406.9413,-1.0000
108.199,2638,2721,Running,31,0,1,99,1,2,1.0000,1605.7,0,26.720,26.720,16.603,349.4,-3173.7,0.0,0,388517.1907,-1.0000
108.216,2648,2649,Running,31,0,1,99,1,2,1.0000,1605.7,0,26.720,26.720,16.603,350.5,-3188.5,0.0,0,354344.0500,-1.0000
108.232,2652,2703,Running,31,0,1,99,1,2,1.0000,1605.7,0,26.720,26.720,16.603,343.7,-3105.4,0.0,0,296379.1362,-1.0000
108.249,2663,2744,Running,31,0,1,99,1,2,1.0000,1605.7,0,26.720,26.720,16.603,355.7,-3251.5,0.0,0,388402.2413,-1.0000
108.266,2666,2676,Running,31,0,1,99,1,2,1.0000,1605.7,0,26.720,26.720,16.603,346.1,-3135.7,0.0,0,291923.2004,-1.0000
108.282,2671,2721,Running,31,0,1,99,1,2,1.0000,1605.7,0,26.720,26.720,16.603,349.2,-3171.7,0.0,0,358989.9708,-1.0000
108.299,2681,2690,Running,31,0,1,99,1,2,1.0000,1605.7,0,26.720,26.720,16.603,358.5,-3285.1,0.0,0,428798.8384,-1.0000
108.316,2679,2695,Running,31,0,1,99,1,2,1.0000,1605.7,0,26.720,26.720,16.603,342.8,-3094.9,0.0,0,220982.8145,-1.0000
108.332,2685,2739,Running,31,0,1,99,1,2,1.0000,1605.7,0,26.720,26.720,16.603,353.9,-3229.1,0.0,0,392529.6673,-1.0000
108.349,2689,2661,Running,31,0,1,99,1,2,1.0000,1605.7,0,26.720,26.720,16.603,353.8,-3228.3,0.0,0,347375.7738,-1.0000
108.355,2689,2713,Running,31,0,1,99,1,2,1.0000,1605.7,0,26.720,26.720,16.603,346.7,-3141.0,0.0,0,308696.6519,-1.0000
108.382,2696,2751,Running,31,0,1,99,1,2,1.0000,1605.7,0,26.720,26.720,16.603,358.1,-3280.2,0.0,0,390582.8556,-1.0000
108.399,2695,2682,Running,31,0,1,99,1,2,1.0000,1605.7,0,26.720,26.720,16.603,347.4,-3150.6,0.0,0,291298.7564,-1.0000
108.416,2697,2727,Running,31,0,1,99,1,2,1.0000,1692.3,0,27.739,28.160,17.236,351.7,-3164.0,0.0,0,361859.1239,-1.0000
108.432,2703,2683,Running,32,0,1,99,1,2,1.0000,1692.3,0,28.160,28.160,17.498,360.1,-3206.1,0.0,0,434489.4900,-1.0000
108.449,2700,2702,Running,32,0,1,99,1,2,1.0000,1692.3,0,28.160,28.160,17.498,344.6,-3025.0,0.0,0,220843.3422,-1.0000
108.466,2704,2745,Running,32,0,1,99,1,2,1.0000,1692.3,0,28.160,28.160,17.498,356.7,-3161.8,0.0,0,393836.2506,-1.0000
108.482,2706,2673,Running,32,0,1,99,1,2,1.0000,1692.3,0,28.160,28.160,17.498,355.6,-3149.4,0.0,0,328362.8147,-1.0000
108.499,2706,2726,Running,32,0,1,99,1,2,1.0000,1692.3,0,28.160,28.160,17.498,350.9,-3096.1,0.0,0,336380.6130,-1.0000
108.516,2713,2768,Running,32,0,1,99,1,2,1.0000,1692.3,0,28.160,28.160,17.498,363.1,-3235.3,0.0,0,398716.3223,-1.0000
108.532,2711,2701,Running,32,0,1,99,1,2,1.0000,1692.3,0,28.160,28.160,17.498,351.2,-3099.8,0.0,0,291067.6538,-1.0000
108.549,2714,2750,Running,32,0,1,99,1,2,1.0000,1692.3,0,28.160,28.160,17.498,357.7,-3173.8,0.0,0,376241.2324,-1.0000
108.566,2721,2690,Running,32,0,1,99,1,2,1.0000,1692.3,0,28.160,28.160,17.498,365.2,-3259.0,0.0,0,424565.2343,-1.0000
108.582,2719,2730,Running,32,0,1,99,1,2,1.0000,1692.3,0,28.160,28.160,17.498,351.5,-3103.6,0.0,0,245025.3688,-1.0000
108.599,2725,2778,Running,32,0,1,99,1,2,1.0000,1692.3,0,28.160,28.160,17.498,364.6,-3252.3,0.0,0,392267.9524,-1.0000
108.616,2727,2707,Running,32,0,1,99,1,2,1.0000,1764.4,0,29.179,29.360,18.131,360.3,-3171.2,0.0,0,301961.2424,-1.0000
108.632,2728,2758,Running,32,0,1,99,1,2,1.0000,1764.4,0,29.360,29.360,18.243,358.7,-3110.3,0.0,0,364808.6574,-1.0000
108.649,2736,2778,Running,32,0,1,99,1,2,1.0000,1764.4,0,29.360,29.360,18.243,370.4,-3241.3,0.0,0,401937.4917,-1.0000
108.666,2733,2736,Running,32,0,1,99,1,2,1.0000,1764.4,0,29.360,29.360,18.243,355.3,-3070.7,0.0,0,268177.2692,-1.0000
108.682,2737,2781,Running,32,0,1,99,1,2,1.0000,1764.4,0,29.360,29.360,18.243,364.7,-3176.4,0.0,0,395528.0734,-1.0000
108.699,2741,2707,Running,32,0,1,99,1,2,1.0000,1764.4,0,29.360,29.360,18.243,367.1,-3203.2,0.0,0,390588.1070,-1.0000
108.716,2739,2756,Running,32,0,1,99,1,2,1.0000,1764.4,0,29.360,29.360,18.243,357.4,-3093.8,0.0,0,286669.6863,-1.0000
108.732,2745,2797,Running,32,0,1,99,1,2,1.0000,1764.4,0,29.360,29.360,18.243,369.2,-3227.5,0.0,0,401248.7537,-1.0000
108.749,2743,2724,Running,32,0,1,99,1,2,1.0000,1764.4,0,29.360,29.360,18.243,359.4,-3117.1,0.0,0,304984.6155,-1.0000
108.766,2744,2769,Running,32,0,1,99,1,2,1.0000,1764.4,0,29.360,29.360,18.243,362.2,-3148.8,0.0,0,372308.8323,-1.0000
108.782,2750,2725,Running,32,0,1,99,1,2,1.0000,1764.4,0,29.360,29.360,18.243,371.3,-3250.7,0.0,0,446592.8842,-1.0000
108.799,2745,2742,Running,32,0,1,99,1,2,1.0000,1764.4,0,29.360,29.360,18.243,355.4,-3071.2,0.0,0,234270.7419,-1.0000
108.816,2749,2785,Running,32,0,1,99,1,2,1.0000,1836.5,0,30.379,30.560,18.877,367.3,-3173.2,0.0,0,405266.0470,-1.0000
108.832,2749,2708,Running,31,0,1,99,1,2,1.0000,1836.5,0,30.560,30.560,18.989,364.3,-3095.9,0.0,0,315536.3943,-1.0000
108.849,2747,2756,Running,31,0,1,99,1,2,1.0000,1836.5,0,30.560,30.560,18.989,359.4,-3039.7,0.0,0,362447.3413,-1.0000
108.866,2752,2787,Running,31,0,1,99,1,2,1.0000,1836.5,0,30.560,30.560,18.989,370.3,-3162.7,0.0,0,394314.5308,-1.0000
108.882,2747,2724,Running,31,0,1,99,1,2,1.0000,1836.5,0,30.560,30.560,18.989,355.3,-2994.6,0.0,0,275252.4541,-1.0000
108.899,2747,2763,Running,31,0,1,99,1,2,1.0000,1836.5,0,30.560,30.560,18.989,361.4,-3063.0,0.0,0,381490.4279,-1.0000
108.916,2748,2687,Running,31,0,1,99,1,2,1.0000,1836.5,0,30.560,30.560,18.989,364.2,-3094.2,0.0,0,399623.1114,-1.0000
108.932,2741,2729,Running,31,0,1,99,1,2,1.0000,1836.5,0,30.560,30.560,18.989,351.0,-2946.9,0.0,0,258930.8190,-1.0000
108.949,2742,2768,Running,31,0,1,99,1,2,1.0000,1836.5,0,30.560,30.560,18.989,362.1,-3070.3,0.0,0,387373.1567,-1.0000
108.966,2738,2692,Running,31,0,1,99,1,2,1.0000,1836.5,0,30.560,30.560,18.989,354.0,-2980.7,0.0,0,295681.1295,-1.0000
108.982,2734,2732,Running,31,0,1,99,1,2,1.0000,1836.5,0,30.560,30.560,18.989,352.8,-2966.5,0.0,0,357033.9932,-1.0000
108.999,2735,2730,Running,30,0,1,99,1,2,1.0000,1836.5,0,30.560,30.560,18.989,361.7,-3066.0,0.0,0,401402.0956,-1.0000
109.016,2727,2695,Running,30,0,1,99,1,2,1.0000,1903.8,0,31.552,31.680,19.605,344.6,-2846.8,0.0,0,247559.5861,-1.0000
109.032,2725,2732,Running,30,0,1,99,1,2,1.0000,1903.8,0,31.680,31.680,19.685,353.0,-2904.2,0.0,0,385680.4100,-1.0000
109.049,2723,2653,Running,30,0,1,99,1,2,1.0000,1903.8,0,31.680,31.680,19.685,353.5,-2913.7,0.0,0,374743.7500,-1.0000
109.066,2715,2694,Running,30,0,1,99,1,2,1.0000,1903.8,0,31.680,31.680,19.685,342.3,-2808.4,0.0,0,268656.5122,-1.0000
109.082,2714,2725,Running,29,0,1,99,1,2,1.0000,1903.8,0,31.680,31.680,19.685,351.7,-2891.8,0.0,0,378488.8734,-1.0000
109.099,2706,2646,Running,29,0,1,99,1,2,1.0000,1903.8,0,31.680,31.680,19.685,341.9,-2806.1,0.0,0,283670.5265,-1.0000
109.116,2700,2680,Running,29,0,1,99,1,2,1.0000,1903.8,0,31.680,31.680,19.685,340.1,-2789.3,0.0,0,344422.7494,-1.0000
109.132,2698,2680,Running,29,0,1,99,1,2,1.0000,1903.8,0,31.680,31.680,19.685,347.6,-2855.8,0.0,0,383444.1929,-1.0000
109.149,2687,2636,Running,29,0,1,99,1,2,1.0000,1903.8,0,31.680,31.680,19.685,330.7,-2706.6,0.0,0,241192.8222,-1.0000
109.166,2681,2666,Running,29,0,1,99,1,2,1.0000,1903.8,0,31.680,31.680,19.685,337.0,-2762.1,0.0,0,368386.6313,-1.0000
109.182,2678,2591,Running,29,0,1,99,1,2,1.0000,1903.8,0,31.680,31.680,19.685,339.2,-2781.7,0.0,0,381351.2941,-1.0000
109.199,2666,2624,Running,29,0,1,99,1,2,1.0000,1903.8,0,31.680,31.680,19.685,325.6,-2662.7,0.0,0,238881.4483,-1.0000
109.216,2663,2654,Running,28,0,1,99,1,2,1.0000,1903.8,0,31.680,31.680,19.685,334.8,-2742.9,0.0,0,368581.9489,-1.0000
109.232,2656,2574,Running,28,0,1,99,1,2,1.0000,1903.8,0,31.680,31.680,19.685,329.5,-2696.3,0.0,0,277393.8359,-1.0000
109.249,2647,2612,Running,28,0,1,99,1,2,1.0000,1903.8,0,31.680,31.680,19.685,323.9,-2647.1,0.0,0,324327.8044,-1.0000
109.266,2644,2640,Running,27,0,1,99,1,2,1.0000,1903.8,0,31.680,31.680,19.685,331.5,-2714.2,0.0,0,353532.8396,-1.0000
109.282,2633,2562,Running,27,0,1,99,1,2,1.0000,1903.8,0,31.680,31.680,19.685,318.9,-2603.5,0.0,0,253123.9804,-1.0000
109.299,2625,2591,Running,27,0,1,99,1,2,1.0000,1903.8,0,31.680,31.680,19.685,318.6,-2601.0,0.0,0,318239.9196,-1.0000
109.316,2621,2582,Running,27,0,1,99,1,2,1.0000,1903.8,0,31.680,31.680,19.685,324.0,-2648.6,0.0,0,359445.9681,-1.0000
109.332,2606,2535,Running,27,0,1,99,1,2,1.0000,1903.8,0,31.680,31.680,19.685,306.7,-2496.7,0.0,0,218282.0307,-1.0000
109.349,2597,2558,Running,27,0,1,99,1,2,1.0000,1903.8,0,31.680,31.680,19.685,311.4,-2538.1,0.0,0,345852.2984,-1.0000
109.366,2591,2492,Running,27,0,1,99,1,2,1.0000,1903.8,0,31.680,31.680,19.685,314.0,-2560.4,0.0,0,376784.8881,-1.0000
109.382,2575,2503,Running,27,0,1,99,1,2,1.0000,1903.8,0,31.680,31.680,19.685,297.4,-2415.2,0.0,0,167625.7152,-1.0000
109.399,2566,2530,Running,26,0,1,99,1,2,1.0000,1903.8,0,31.680,31.680,19.685,303.8,-2471.1,0.0,0,329678.3102,-1.0000
109.416,2558,2451,Running,26,0,1,99,1,2,1.0000,2004.7,0,32.639,33.360,20.281,303.3,-2461.4,0.0,0,335469.0791,-1.0000
109.432,2543,2471,Running,25,0,1,99,1,2,1.0000,2004.7,0,33.360,33.360,20.729,290.3,-2341.7,0.0,0,219720.7526,-1.0000
109.449,2534,2490,Running,25,0,1,99,1,2,1.0000,2004.7,0,33.360,33.360,20.729,296.0,-2387.4,0.0,0,323938.5684,-1.0000
109.466,2523,2410,Running,24,0,1,99,1,2,1.0000,2004.7,0,33.360,33.360,20.729,292.1,-2355.7,0.0,0,280068.3027,-1.0000
109.482,2507,2432,Running,24,0,1,99,1,2,1.0000,2004.7,0,33.360,33.360,20.729,280.9,-2265.7,0.0,0,224186.0209,-1.0000
109.499,2497,2441,Running,24,0,1,99,1,2,1.0000,2004.7,0,33.360,33.360,20.729,285.2,-2300.4,0.0,0,327745.7646,-1.0000
109.516,2483,2323,Running,24,0,1,99,1,2,1.0000,2004.7,0,33.362,33.360,20.730,323.4,-2608.5,0.0,0,248133.8280,-1.0000
109.532,2420,2005,Running,23,0,1,99,1,2,1.0000,2004.7,0,33.360,33.360,20.729,761.6,-6142.1,0.0,0,188298.7884,-1.0000
109.549,2359,2029,Running,22,0,1,99,1,2,1.0000,2028.8,0,33.760,33.760,20.977,306.1,-2469.1,0.0,0,218762.3660,-1.0000
109.566,2308,2029,Running,21,0,1,99,1,2,1.0000,2028.8,0,33.760,33.760,20.977,257.4,-2076.0,0.0,0,254206.8823,-1.0000
109.582,2265,2029,Running,20,0,1,99,1,2,1.0000,2028.8,0,33.760,33.760,20.977,144.9,-1168.6,0.0,0,145341.1167,-1.0000
109.599,2229,2029,Running,20,0,1,99,1,2,1.0000,2028.8,0,33.760,33.760,20.977,247.4,-1995.4,0.0,0,211237.5561,-1.0000
109.616,2198,2029,Running,19,0,1,99,1,2,1.0000,2028.8,0,33.760,33.760,20.977,262.0,-2112.7,0.0,0,222217.4934,-1.0000
109.632,2172,2029,Running,19,0,1,99,1,2,1.0000,2028.8,0,33.760,33.760,20.977,115.3,-929.8,0.0,0,201671.1981,-1.0000
109.649,2150,2029,Running,18,0,1,99,1,2,1.0000,2028.8,0,33.760,33.760,20.977,229.5,-1851.0,0.0,0,164484.9070,-1.0000
109.666,2131,2029,Running,17,0,1,99,1,2,1.0000,2028.8,0,33.760,33.760,20.977,235.7,-1900.7,0.0,0,221410.5332,-1.0000
109.682,2118,2043,Running,16,0,1,99,1,2,1.0000,2043.2,0,34.000,34.000,21.127,208.4,-1680.5,0.0,0,222689.1181,-1.0000
109.699,2106,2043,Running,16,0,1,99,1,2,1.0000,2043.2,0,34.000,34.000,21.127,108.4,-874.6,0.0,0,139336.5374,-1.0000
109.716,2097,2043,Running,15,0,1,99,1,2,1.0000,2043.2,0,34.000,34.000,21.127,204.3,-1647.8,0.0,0,210247.8021,-1.0000
109.732,2088,2043,Running,15,0,1,99,1,2,1.0000,2043.2,0,34.000,34.000,21.127,217.3,-1752.4,0.0,0,194078.8657,-1.0000
109.749,2081,2043,Running,15,0,1,99,1,2,1.0000,2043.2,0,34.000,34.000,21.127,96.2,-775.5,0.0,0,181317.2608,-1.0000
109.766,2076,2043,Running,15,0,1,99,1,2,1.0000,2043.2,0,34.000,34.000,21.127,184.6,-1489.0,0.0,0,132119.0801,-1.0000
109.782,2071,2043,Running,15,0,1,99,1,2,1.0000,2043.2,0,34.000,34.000,21.127,180.6,-1456.5,0.0,0,202000.2750,-1.0000
109.799,2066,2043,Running,15,0,1,99,1,2,1.0000,2043.2,0,34.000,34.000,21.127,183.1,-1476.4,0.0,0,190265.3718,-1.0000
109.816,2063,2043,Running,15,0,1,99,1,2,1.0000,2043.2,0,34.000,34.000,21.127,79.6,-642.4,0.0,0,116179.1823,-1.0000
109.832,2060,2043,Running,14,0,1,99,1,2,1.0000,2043.2,0,34.000,34.000,21.127,161.8,-1304.9,0.0,0,181969.2957,-1.0000
109.849,2057,2043,Running,13,0,1,99,1,2,1.0000,2043.2,0,34.000,34.000,21.127,168.6,-1360.0,0.0,0,167062.6512,-1.0000
109.866,2056,2048,Running,12,0,1,99,1,2,1.0000,2048.0,0,34.080,34.080,21.176,65.3,-526.9,0.0,0,156093.6453,-1.0000
109.882,2055,2048,Running,12,0,1,99,1,2,1.0000,2048.0,0,34.080,34.080,21.176,148.2,-1194.9,0.0,0,109339.0805,-1.0000
109.899,2054,2048,Running,11,0,1,99,1,2,1.0000,2048.0,0,34.080,34.080,21.176,138.2,-1114.3,0.0,0,179663.2643,-1.0000
109.916,2053,2048,Running,11,0,1,99,1,2,1.0000,2048.0,0,34.080,34.080,21.176,140.0,-1129.3,0.0,0,163627.7711,-1.0000
109.932,2052,2048,Running,11,0,1,99,1,2,1.0000,2048.0,0,34.080,34.080,21.176,52.0,-419.3,0.0,0,98355.0884,-1.0000
109.949,2051,2048,Running,10,0,1,99,1,2,1.0000,2048.0,0,34.080,34.080,21.176,118.4,-955.0,0.0,0,149328.6242,-1.0000
109.966,2051,2048,Running,10,0,1,99,1,2,1.0000,2048.0,0,34.080,34.080,21.176,116.1,-936.2,0.0,0,138716.8059,-1.0000
109.982,2050,2048,Running,10,0,1,99,1,2,1.0000,2048.0,0,34.080,34.080,21.176,39.8,-321.1,0.0,0,122758.4978,-1.0000
109.999,2050,2048,Running,10,0,1,99,1,2,1.0000,2048.0,0,34.080,34.080,21.176,101.8,-821.0,0.0,0,87524.8807,-1.0000
110.016,2050,2048,Running,10,0,1,99,1,2,1.0000,2048.0,0,34.080,34.080,21.176,88.2,-711.1,0.0,0,142229.9199,-1.0000
110.032,2049,2048,Running,9,0,1,99,1,2,1.0000,2048.0,0,34.080,34.080,21.176,90.5,-730.2,0.0,0,133312.9234,-1.0000
110.049,2048,2038,Running,9,0,1,99,1,2,1.0000,2038.4,0,33.920,33.920,21.077,36.8,-296.4,0.0,0,77642.5933,-1.0000
110.066,2046,2038,Running,8,0,1,99,1,2,1.0000,2038.4,0,33.920,33.920,21.077,77.0,-621.0,0.0,0,111255.9589,-1.0000
110.082,2045,2038,Running,8,0,1,99,1,2,1.0000,2038.4,0,33.920,33.920,21.077,70.5,-568.3,0.0,0,111330.9662,-1.0000
110.099,2043,2034,Running,8,0,1,99,1,2,1.0000,2033.6,0,33.840,33.840,21.027,17.2,-139.0,0.0,0,92426.3225,-1.0000
110.116,2042,2034,Running,8,0,1,99,1,2,1.0000,2033.6,0,33.840,33.840,21.027,62.6,-504.9,0.0,0,62561.2932,-1.0000
110.132,2041,2034,Running,7,0,1,99,1,2,1.0000,2033.6,0,33.840,33.840,21.027,50.4,-406.3,0.0,0,114065.6311,-1.0000
110.149,2040,2034,Running,7,0,1,99,1,2,1.0000,2033.6,0,33.840,33.840,21.027,47.0,-378.9,0.0,0,100234.1128,-1.0000
110.166,2039,2034,Running,7,0,1,99,1,2,1.0000,2033.6,0,33.840,33.840,21.027,-6.2,50.0,0.0,0,56303.7363,-1.0000
110.182,2038,2034,Running,7,0,1,99,1,2,1.0000,2033.6,0,33.840,33.840,21.027,42.0,-338.6,0.0,0,80271.9919,-1.0000
110.199,2037,2034,Running,7,0,1,99,1,2,1.0000,2033.6,0,33.840,33.840,21.027,32.0,-257.9,0.0,0,87599.6163,-1.0000
110.216,2037,2034,Running,7,0,1,99,1,2,1.0000,2033.6,0,33.840,33.840,21.027,-17.6,141.7,0.0,0,66961.3750,-1.0000
110.232,2036,2034,Running,7,0,1,99,1,2,1.0000,2033.6,0,33.840,33.840,21.027,27.4,-220.6,0.0,0,42149.1628,-1.0000
110.249,2033,2005,Running,7,0,1,99,1,2,1.0000,2004.7,0,33.360,33.360,20.729,65.1,-525.1,0.0,0,88238.5373,-1.0000
110.266,2028,2005,Running,7,0,1,99,1,2,1.0000,2004.7,0,33.360,33.360,20.729,17.6,-141.9,0.0,0,77734.0066,-1.0000
110.282,2025,2005,Running,7,0,1,99,1,2,1.0000,2004.7,0,33.360,33.360,20.729,-30.7,247.9,0.0,0,34551.0749,-1.0000
110.299,2022,2005,Running,7,0,1,99,1,2,1.0000,2004.7,0,33.360,33.360,20.729,18.4,-148.7,0.0,0,54262.2700,-1.0000
110.316,2019,2005,Running,7,0,1,99,1,2,1.0000,2004.7,0,33.360,33.360,20.729,17.0,-136.8,0.0,0,80112.0571,-1.0000
110.332,2017,2005,Running,7,0,1,99,1,2,1.0000,2004.7,0,33.360,33.360,20.729,-28.7,231.5,0.0,0,67144.4446,-1.0000
110.349,2015,2005,Running,7,0,1,99,1,2,1.0000,2004.7,0,33.360,33.360,20.729,-7.2,58.2,0.0,0,20912.0246,-1.0000
110.366,2013,2005,Running,7,0,1,99,1,2,1.0000,2004.7,0,33.360,33.360,20.729,8.5,-68.4,0.0,0,57231.4730,-1.0000
110.382,2012,2005,Running,7,0,1,99,1,2,1.0000,2004.7,0,33.360,33.360,20.729,10.8,-87.0,0.0,0,77207.8443,-1.0000
110.399,2011,2005,Running,7,0,1,99,1,2,1.0000,2004.7,0,33.360,33.360,20.729,-39.8,320.7,0.0,0,28117.9175,-1.0000
110.416,2010,2005,Running,7,0,1,99,1,2,1.0000,2004.7,0,33.360,33.360,20.729,-4.6,37.4,0.0,0,30957.8600,-1.0000
110.432,2009,2005,Running,7,0,1,99,1,2,1.0000,2004.7,0,33.360,33.360,20.729,-1.2,9.6,0.0,0,71797.6397,-1.0000
110.449,2005,1962,Running,7,0,1,99,1,2,1.0000,1961.5,0,32.641,32.640,20.282,48.2,-389.1,0.0,0,79068.4795,-1.0000
110.466,1998,1961,Running,7,0,1,99,1,2,1.0000,1961.5,0,32.640,32.640,20.282,-27.6,222.4,0.0,0,22286.6958,-1.0000
110.482,1993,1961,Running,7,0,1,99,1,2,1.0000,1961.5,0,32.640,32.640,20.282,-7.2,57.7,0.0,0,30408.4693,-1.0000
110.499,1988,1961,Running,7,0,1,99,1,2,1.0000,1961.5,0,32.640,32.640,20.282,-5.2,42.3,0.0,0,60144.2139,-1.0000
110.516,1984,1961,Running,7,0,1,99,1,2,1.0000,1961.5,0,32.640,32.640,20.282,-41.4,333.9,0.0,0,39162.7515,-1.0000
110.532,1980,1961,Running,7,0,1,99,1,2,1.0000,1961.5,0,32.640,32.640,20.282,-6.7,53.7,0.0,0,32266.9193,-1.0000
110.549,1978,1961,Running,7,0,1,99,1,2,1.0000,1961.5,0,32.640,32.640,20.282,-3.4,27.3,0.0,0,60542.8288,-1.0000
110.566,1975,1961,Running,7,0,1,99,1,2,1.0000,1961.5,0,32.640,32.640,20.282,-6.1,48.9,0.0,0,61737.3250,-1.0000
110.582,1973,1961,Running,7,0,1,99,1,2,1.0000,1961.5,0,32.640,32.640,20.282,-49.0,394.9,0.0,0,25774.6078,-1.0000
110.599,1971,1961,Running,7,0,1,99,1,2,1.0000,1961.5,0,32.640,32.640,20.282,-9.3,74.8,0.0,0,30078.8171,-1.0000
110.616,1966,1918,Running,7,0,1,99,1,2,1.0000,1913.4,0,31.924,31.840,19.836,51.7,-417.0,0.0,0,64897.7574,-1.0000
110.632,1958,1913,Running,7,0,1,99,1,2,1.0000,1913.4,0,31.840,31.840,19.784,-7.6,61.6,0.0,0,68998.3323,-1.0000
110.649,1951,1913,Running,7,0,1,99,1,2,1.0000,1913.4,0,31.840,31.840,19.784,-34.2,275.9,0.0,0,25331.1856,-1.0000
110.666,1945,1913,Running,7,0,1,99,1,2,1.0000,1913.4,0,31.840,31.840,19.784,-7.9,63.9,0.0,0,29149.9962,-1.0000
110.682,1941,1913,Running,7,0,1,99,1,2,1.0000,1913.4,0,31.840,31.840,19.784,-8.1,65.6,0.0,0,58371.8938,-1.0000
110.699,1936,1913,Running,7,0,1,99,1,2,1.0000,1913.4,0,31.840,31.840,19.784,-44.6,360.0,0.0,0,50855.8132,-1.0000
110.716,1933,1913,Running,7,0,1,99,1,2,1.0000,1913.4,0,31.840,31.840,19.784,-17.6,142.1,0.0,0,25976.0131,-1.0000
110.732,1927,1880,Running,7,0,1,99,1,2,1.0000,1879.8,0,31.280,31.280,19.436,37.7,-304.4,0.0,0,40706.3306,-1.0000
110.749,1919,1875,Running,7,0,1,99,1,2,1.0000,1874.9,0,31.200,31.200,19.387,4.1,-32.9,0.0,0,61532.4053,-1.0000
110.766,1912,1875,Running,7,0,1,99,1,2,1.0000,1874.9,0,31.200,31.200,19.387,-43.9,354.4,0.0,0,30817.7884,-1.0000
110.782,1906,1875,Running,7,0,1,99,1,2,1.0000,1874.9,0,31.200,31.200,19.387,-9.2,74.4,0.0,0,33338.8461,-1.0000
110.799,1901,1875,Running,7,0,1,99,1,2,1.0000,1874.9,0,31.200,31.200,19.387,-6.6,53.3,0.0,0,59531.7213,-1.0000
110.816,1897,1875,Running,7,0,1,99,1,2,1.0000,1874.9,0,31.200,31.200,19.387,-4.7,38.1,0.0,0,62523.9770,-1.0000
110.832,1894,1875,Running,7,0,1,99,1,2,1.0000,1874.9,0,31.200,31.200,19.387,-46.1,371.7,0.0,0,24779.2714,-1.0000
110.849,1891,1875,Running,7,0,1,99,1,2,1.0000,1874.9,0,31.200,31.200,19.387,-9.0,72.2,0.0,0,25201.3214,-1.0000
110.866,1889,1875,Running,7,0,1,99,1,2,1.0000,1874.9,0,31.200,31.200,19.387,-11.3,91.2,0.0,0,66947.7352,-1.0000
110.882,1886,1875,Running,7,0,1,99,1,2,1.0000,1874.9,0,31.200,31.200,19.387,-8.4,67.9,0.0,0,63444.6911,-1.0000
110.899,1885,1875,Running,7,0,1,99,1,2,1.0000,1874.9,0,31.200,31.200,19.387,-47.1,380.1,0.0,0,29076.4711,-1.0000
110.916,1883,1875,Running,6,0,1,99,1,2,1.0000,1874.9,0,31.200,31.200,19.387,-6.8,55.0,0.0,0,32045.4811,-1.0000
110.932,1879,1832,Running,6,0,1,99,1,2,1.0000,1822.1,0,30.483,30.320,18.941,51.2,-413.2,0.0,0,62710.6827,-1.0000
110.949,1870,1822,Running,6,0,1,99,1,2,1.0000,1822.1,0,30.320,30.320,18.840,5.1,-41.2,0.0,0,63827.4411,-1.0000
110.966,1863,1822,Running,6,0,1,99,1,2,1.0000,1822.1,0,30.320,30.320,18.840,-42.8,345.4,0.0,0,27346.7032,-1.0000
110.982,1856,1822,Running,6,0,1,99,1,2,1.0000,1822.1,0,30.320,30.320,18.840,-6.4,51.4,0.0,0,30306.4750,-1.0000
110.999,1851,1822,Running,5,0,1,99,1,2,1.0000,1822.1,0,30.320,30.320,18.840,-8.0,64.1,0.0,0,58407.1792,-1.0000
111.016,1847,1822,Running,5,0,1,99,1,2,1.0000,1822.1,0,30.320,30.320,18.840,-15.6,126.2,0.0,0,64385.4818,-1.0000
111.032,1843,1822,Running,5,0,1,99,1,2,1.0000,1822.1,0,30.320,30.320,18.840,-41.6,335.3,0.0,0,26396.3384,-1.0000
111.049,1840,1822,Running,5,0,1,99,1,2,1.0000,1822.1,0,30.320,30.320,18.840,-10.1,81.3,0.0,0,28940.7847,-1.0000
111.066,1837,1822,Running,5,0,1,99,1,2,1.0000,1822.1,0,30.320,30.320,18.840,-11.1,89.1,0.0,0,57101.3270,-1.0000
111.082,1835,1822,Running,5,0,1,99,1,2,1.0000,1822.1,0,30.320,30.320,18.840,-24.5,197.8,0.0,0,63240.4326,-1.0000
111.099,1833,1822,Running,5,0,1,99,1,2,1.0000,1822.1,0,30.320,30.320,18.840,-39.2,316.1,0.0,0,22547.6356,-1.0000
111.116,1831,1822,Running,5,0,1,99,1,2,1.0000,1822.1,0,30.320,30.320,18.840,-13.8,111.6,0.0,0,26768.8986,-1.0000
111.132,1826,1779,Running,5,0,1,99,1,2,1.0000,1759.6,0,29.600,29.280,18.392,45.8,-369.7,0.0,0,53663.7653,-1.0000
111.149,1817,1760,Running,5,0,1,99,1,2,1.0000,1759.6,0,29.280,29.280,18.194,-2.7,22.1,0.0,0,57780.8794,-1.0000
111.166,1807,1755,Running,5,0,1,99,1,2,1.0000,1754.8,0,29.200,29.200,18.144,-32.9,265.5,0.0,0,15692.8958,-1.0000
111.182,1799,1755,Running,5,0,1,99,1,2,1.0000,1754.8,0,29.200,29.200,18.144,-15.2,123.0,0.0,0,20189.6729,-1.0000
111.199,1792,1755,Running,5,0,1,99,1,2,1.0000,1754.8,0,29.200,29.200,18.144,-16.4,132.6,0.0,0,48476.1305,-1.0000
111.216,1786,1755,Running,5,0,1,99,1,2,1.0000,1754.8,0,29.200,29.200,18.144,-22.6,182.3,0.0,0,52985.4170,-1.0000
111.232,1782,1755,Running,5,0,1,99,1,2,1.0000,1754.8,0,29.200,29.200,18.144,-48.5,391.2,0.0,0,20156.1633,-1.0000
111.249,1777,1755,Running,5,0,1,99,1,2,1.0000,1754.8,0,29.200,29.200,18.144,-16.4,132.2,0.0,0,19185.0562,-1.0000
111.266,1774,1755,Running,5,0,1,99,1,2,1.0000,1754.8,0,29.200,29.200,18.144,-18.5,149.4,0.0,0,49296.0243,-1.0000
111.282,1771,1755,Running,5,0,1,99,1,2,1.0000,1754.8,0,29.200,29.200,18.144,-18.6,149.8,0.0,0,53467.9918,-1.0000
111.299,1769,1755,Running,5,0,1,99,1,2,1.0000,1754.8,0,29.200,29.200,18.144,-52.1,420.4,0.0,0,22676.8613,-1.0000
111.316,1763,1711,Running,4,0,1,99,1,2,1.0000,1711.5,0,28.480,28.480,17.697,43.4,-350.3,0.0,0,16256.0111,-1.0000
111.332,1755,1711,Running,4,0,1,99,1,2,1.0000,1711.5,0,28.480,28.480,17.697,-16.7,134.4,0.0,0,52686.1451,-1.0000
111.349,1748,1711,Running,4,0,1,99,1,2,1.0000,1711.5,0,28.480,28.480,17.697,-15.2,122.9,0.0,0,51875.5880,-1.0000
111.366,1743,1711,Running,4,1,1,99,1,2,1.0000,1711.5,0,28.480,28.480,17.697,-51.7,417.2,0.0,0,19007.3123,-1.0000
111.382,1738,1711,Running,3,1,1,99,1,2,1.0000,1711.5,0,28.480,28.480,17.697,-19.9,160.6,0.0,0,17671.4282,-1.0000
111.399,1734,1711,Running,3,1,1,99,1,2,1.0000,1711.5,0,28.480,28.480,17.697,-22.7,183.3,0.0,0,52326.0832,-1.0000
111.416,1730,1711,Running,3,1,1,99,1,2,1.0000,1711.5,0,28.480,28.480,17.697,-21.1,170.1,0.0,0,46991.8513,-1.0000
111.432,1727,1711,Running,3,1,1,99,1,2,1.0000,1711.5,0,28.480,28.480,17.697,-57.7,465.4,0.0,0,14136.3776,-1.0000
111.449,1725,1711,Running,3,1,1,99,1,2,1.0000,1711.5,0,28.480,28.480,17.697,-29.2,235.4,0.0,0,29480.5920,-1.0000
111.466,1723,1711,Running,3,1,1,99,1,2,1.0000,1711.5,0,28.480,28.480,17.697,-25.7,207.6,0.0,0,31639.9949,-1.0000
111.482,1721,1711,Running,3,1,1,99,1,2,1.0000,1711.5,0,28.480,28.480,17.697,-22.6,182.2,0.0,0,44651.1557,-1.0000
111.499,1720,1711,Running,3,1,1,99,1,2,1.0000,1711.5,0,28.480,28.480,17.697,-55.8,450.0,0.0,0,34422.9560,-1.0000
111.516,1715,1668,Running,3,1,1,99,1,2,1.0000,1639.4,0,27.749,27.280,17.243,30.4,-245.5,0.0,0,27499.3498,-1.0000
111.532,1705,1639,Running,3,1,1,99,1,2,1.0000,1639.4,0,27.280,27.280,16.951,16.7,-134.6,0.0,0,17058.1265,-1.0000
111.549,1695,1639,Running,3,1,1,99,1,2,1.0000,1639.4,0,27.280,27.280,16.951,-25.3,203.8,0.0,0,39914.4774,-1.0000
111.566,1686,1639,Running,3,1,1,99,1,2,1.0000,1639.4,0,27.280,27.280,16.951,-37.6,303.1,0.0,0,39426.2340,-1.0000
111.582,1679,1639,Running,3,1,1,99,1,2,1.0000,1639.4,0,27.280,27.280,16.951,-57.1,460.2,0.0,0,9685.5003,-1.0000
111.599,1673,1639,Running,3,1,1,99,1,2,1.0000,1639.4,0,27.280,27.280,16.951,-26.5,213.9,0.0,0,2962.1434,-1.0000
111.616,1668,1639,Running,3,1,1,99,1,2,1.0000,1639.4,0,27.280,27.280,16.951,-27.2,219.4,0.0,0,45557.0983,-1.0000
111.632,1663,1639,Running,3,1,1,99,1,2,1.0000,1639.4,0,27.280,27.280,16.951,-26.5,213.7,0.0,0,45827.4944,-1.0000
111.649,1656,1601,Running,3,1,1,99,1,2,1.0000,1600.9,0,26.640,26.640,16.553,-9.1,73.2,0.0,0,6036.0909,-1.0000
111.666,1648,1601,Running,3,1,1,99,1,2,1.0000,1600.9,0,26.640,26.640,16.553,-35.9,289.7,0.0,0,24540.5550,-1.0000
111.682,1640,1601,Running,3,1,1,99,1,2,1.0000,1600.9,0,26.640,26.640,16.553,-29.1,234.4,0.0,0,22293.6347,-1.0000
111.699,1634,1601,Running,3,1,1,99,1,2,1.0000,1600.9,0,26.640,26.640,16.553,-21.0,169.0,0.0,0,40602.8045,-1.0000
111.716,1629,1601,Running,3,1,1,99,1,2,1.0000,1600.9,0,26.640,26.640,16.553,-46.0,370.6,0.0,0,51383.1305,-1.0000
111.732,1625,1601,Running,3,1,1,99,1,2,1.0000,1600.9,0,26.640,26.640,16.553,-48.3,389.9,0.0,0,4277.7625,-1.0000
111.749,1621,1601,Running,3,1,1,99,1,2,1.0000,1600.9,0,26.640,26.640,16.553,-30.9,249.0,0.0,0,1612.7312,-1.0000
111.766,1618,1601,Running,3,1,1,99,1,2,1.0000,1600.9,0,26.640,26.640,16.553,-29.5,237.6,0.0,0,39522.3472,-1.0000
111.782,1615,1601,Running,3,1,1,99,1,2,1.0000,1600.9,0,26.640,26.640,16.553,-25.1,202.7,0.0,0,45330.1657,-1.0000
111.799,1613,1601,Running,3,1,1,99,1,2,1.0000,1600.9,0,26.640,26.640,16.553,-61.0,492.3,0.0,0,8603.8514,-1.0000
111.816,1611,1601,Running,3,1,1,99,1,2,1.0000,1600.9,0,26.640,26.640,16.553,-36.8,296.8,0.0,0,24812.3072,-1.0000
111.832,1610,1601,Running,3,1,1,99,1,2,1.0000,1600.9,0,26.640,26.640,16.553,-31.3,252.1,0.0,0,25403.7991,-1.0000
111.849,1608,1601,Running,3,1,1,99,1,2,1.0000,1600.9,0,26.640,26.640,16.553,-22.2,179.0,0.0,0,41949.4345,-1.0000
111.866,1607,1601,Running,3,1,1,99,1,2,1.0000,1600.9,0,26.640,26.640,16.553,-47.1,379.6,0.0,0,53260.0376,-1.0000
111.882,1606,1601,Running,3,1,1,99,1,2,1.0000,1600.9,0,26.640,26.640,16.553,-46.2,372.5,0.0,0,7393.0906,-1.0000
111.899,1605,1601,Running,3,1,1,99,1,2,1.0000,1600.9,0,26.640,26.640,16.553,-31.5,254.1,0.0,0,3623.6782,-1.0000
111.916,1605,1601,Running,3,1,1,99,1,2,1.0000,1600.9,0,26.640,26.640,16.553,-31.2,251.5,0.0,0,39467.3227,-1.0000
111.932,1604,1601,Running,3,1,1,99,1,2,1.0000,1600.9,0,26.640,26.640,16.553,-25.4,205.0,0.0,0,46141.9220,-1.0000
111.949,1604,1601,Running,3,1,1,99,1,2,1.0000,1600.9,0,26.640,26.640,16.553,-60.0,484.2,0.0,0,11555.0058,-1.0000
111.966,1603,1601,Running,3,1,1,99,1,2,1.0000,1600.9,0,26.640,26.640,16.553,-36.5,294.0,0.0,0,24544.5559,-1.0000
111.982,1603,1601,Running,3,1,1,99,1,2,1.0000,1600.9,0,26.640,26.640,16.553,-32.5,261.9,0.0,0,27986.9924,-1.0000
111.999,1603,1601,Running,3,1,1,99,1,2,1.0000,1600.9,0,26.640,26.640,16.553,-23.4,189.0,0.0,0,42686.5155,-1.0000
112.016,1599,1556,Running,3,1,1,99,1,2,0.9913,1461.5,0,25.898,24.320,16.092,13.8,-111.0,0.0,0,53357.3513,-1.0000
112.032,1589,1512,Running,3,1,1,99,1,2,0.9913,1461.5,0,25.157,24.320,15.632,15.5,-124.7,0.0,0,3890.2248,-1.0000
112.049,1573,1468,Running,3,1,1,99,1,2,0.9913,1461.5,0,24.427,24.320,15.178,32.3,-260.7,0.0,0,-5385.2206,-1.0000
112.066,1556,1461,Running,3,1,1,99,1,2,0.9913,1461.5,0,24.320,24.320,15.112,-11.7,94.3,0.0,0,44597.8629,-1.0000
112.082,1542,1461,Running,3,1,1,99,1,2,0.9913,1461.5,0,24.320,24.320,15.112,-30.5,245.9,0.0,0,30089.1031,-1.0000
112.099,1529,1461,Running,3,1,1,99,1,2,0.9913,1461.5,0,24.320,24.320,15.112,-58.1,468.4,0.0,0,26940.1053,-1.0000
112.116,1519,1461,Running,3,1,1,99,1,2,0.9913,1461.5,0,24.320,24.320,15.112,-28.4,229.3,0.0,0,23024.0072,-1.0000
112.132,1510,1461,Running,3,1,1,99,1,2,0.9913,1461.5,0,24.320,24.320,15.112,-30.0,242.3,0.0,0,-4744.6392,-1.0000
112.149,1503,1461,Running,3,1,1,99,1,2,0.9913,1461.5,0,24.320,24.320,15.112,-21.4,172.7,0.0,0,39361.9930,-1.0000
112.166,1496,1461,Running,3,1,1,99,1,2,0.9913,1461.5,0,24.320,24.320,15.112,-25.6,206.6,0.0,0,39388.7582,-1.0000
112.182,1491,1461,Running,3,1,1,99,1,2,0.9913,1461.5,0,24.320,24.320,15.112,-65.1,524.8,0.0,0,17897.3556,-1.0000
112.199,1486,1461,Running,3,1,1,99,1,2,0.9913,1461.5,0,24.320,24.320,15.112,-21.4,172.8,0.0,0,32021.3996,-1.0000
112.216,1479,1418,Running,3,1,1,99,1,2,0.9570,1384.6,0,23.591,23.040,14.659,32.4,-261.5,0.0,0,998.5163,-1.0000
112.232,1466,1385,Running,3,1,1,99,1,2,0.9570,1384.6,0,23.040,23.040,14.316,25.5,-205.7,0.0,0,32606.5121,-1.0000
112.249,1454,1385,Running,3,1,1,99,1,2,0.9570,1384.6,0,23.040,23.040,14.316,-22.0,177.4,0.0,0,36225.6192,-1.0000
112.266,1443,1385,Running,3,1,1,99,1,2,0.9570,1384.6,0,23.040,23.040,14.316,-58.9,475.0,0.0,0,24303.3693,-1.0000
112.282,1434,1385,Running,3,1,1,99,1,2,0.9570,1384.6,0,23.040,23.040,14.316,-25.3,204.4,0.0,0,19786.5566,-1.0000
112.299,1427,1385,Running,3,1,1,99,1,2,0.9570,1384.6,0,23.040,23.040,14.316,-23.8,191.6,0.0,0,-9045.4290,-1.0000
112.316,1420,1385,Running,3,1,1,99,1,2,0.9570,1384.6,0,23.040,23.040,14.316,-18.1,146.2,0.0,0,46553.5244,-1.0000
112.332,1415,1385,Running,3,1,1,99,1,2,0.9570,1384.6,0,23.040,23.040,14.316,-26.1,210.7,0.0,0,28295.6388,-1.0000
112.349,1410,1385,Running,3,1,1,99,1,2,0.9570,1384.6,0,23.040,23.040,14.316,-36.4,293.9,0.0,0,51777.0828,-1.0000
112.366,1406,1385,Running,3,1,1,99,1,2,0.9570,1384.6,0,23.040,23.040,14.316,-48.4,390.5,0.0,0,-5981.0085,-1.0000
112.382,1403,1385,Running,3,1,1,99,1,2,0.9570,1384.6,0,23.040,23.040,14.316,-11.1,89.6,0.0,0,3245.3717,-1.0000
112.399,1400,1385,Running,3,1,1,99,1,2,0.9570,1384.6,0,23.040,23.040,14.316,-30.9,249.6,0.0,0,38390.9581,-1.0000
112.416,1394,1341,Running,3,1,1,99,1,2,0.9074,1312.5,0,22.322,21.840,13.871,49.9,-402.4,0.0,0,37300.4658,-1.0000
112.432,1383,1312,Running,3,1,1,99,1,2,0.9074,1312.5,0,21.840,21.840,13.571,7.2,-58.1,0.0,0,30431.0197,-1.0000
112.449,1372,1312,Running,3,1,1,99,1,2,0.9074,1312.5,0,21.840,21.840,13.571,-48.0,386.9,0.0,0,4958.5333,-1.0000
112.466,1363,1312,Running,2,1,1,99,1,2,0.9074,1312.5,0,21.840,21.840,13.571,-31.9,257.6,0.0,0,19183.5197,-1.0000
112.482,1355,1312,Running,2,1,1,99,1,2,0.9074,1312.5,0,21.840,21.840,13.571,-5.6,44.9,0.0,0,21391.9794,-1.0000
112.499,1349,1312,Running,2,1,1,99,1,2,0.9074,1312.5,0,21.840,21.840,13.571,-27.8,224.0,0.0,0,22896.4395,-1.0000
112.516,1343,1312,Running,2,1,1,99,1,2,0.9074,1312.5,0,21.840,21.840,13.571,-9.5,76.9,0.0,0,41707.8568,-1.0000
112.532,1338,1304,Running,2,1,1,99,1,2,0.9074,1312.5,0,21.840,21.840,13.571,-54.3,438.1,0.0,0,16283.9585,-1.0000
112.549,1334,1312,Running,2,1,1,99,1,2,0.9074,1312.5,0,21.840,21.840,13.571,-29.2,235.3,0.0,0,23954.7407,-1.0000
112.566,1331,1312,Running,2,1,1,99,1,2,0.9074,1312.5,0,21.840,21.840,13.571,-18.1,146.2,0.0,0,-10289.4724,-1.0000
112.582,1328,1312,Running,2,1,1,99,1,2,0.9074,1312.5,0,21.840,21.840,13.571,-20.0,161.0,0.0,0,44650.3413,-1.0000
112.599,1326,1312,Running,2,1,1,99,1,2,0.9074,1312.5,0,21.840,21.840,13.571,-12.6,101.4,0.0,0,32391.4279,-1.0000
112.616,1324,1312,Running,2,1,1,99,1,2,0.9074,1312.5,0,21.840,21.840,13.571,-29.4,237.4,0.0,0,35500.1723,-1.0000
112.632,1321,1312,Running,2,1,1,99,1,2,0.9074,1312.5,0,21.840,21.840,13.571,-49.7,400.6,0.0,0,5930.7907,-1.0000
112.649,1320,1312,Running,2,1,1,99,1,2,0.9074,1312.5,0,21.840,21.840,13.571,-28.4,229.4,0.0,0,17812.6821,-1.0000
112.666,1319,1312,Running,2,1,1,99,1,2,0.9074,1312.5,0,21.840,21.840,13.571,-6.3,50.8,0.0,0,25670.9276,-1.0000
112.682,1318,1312,Running,2,1,1,99,1,2,0.9074,1312.5,0,21.840,21.840,13.571,-25.6,206.8,0.0,0,26306.4886,-1.0000
112.699,1317,1312,Running,2,1,1,99,1,2,0.9074,1312.5,0,21.840,21.840,13.571,-8.3,66.9,0.0,0,43929.8855,-1.0000
112.716,1313,1267,Running,2,1,1,99,1,2,0.8259,1216.3,0,21.084,20.240,13.101,-6.7,53.8,0.0,0,14058.5207,-1.0000
112.732,1302,1226,Running,2,1,1,99,1,2,0.8259,1216.3,0,20.362,20.240,12.652,43.1,-347.8,0.0,0,23596.9580,-1.0000
112.749,1289,1216,Running,2,1,1,99,1,2,0.8259,1216.3,0,20.240,20.240,12.577,5.0,-40.6,0.0,0,-13788.0877,-1.0000
112.766,1278,1216,Running,2,1,1,99,1,2,0.8259,1216.3,0,20.240,20.240,12.577,-28.3,228.6,0.0,0,35125.9810,-1.0000
112.782,1269,1216,Running,2,1,1,99,1,2,0.8259,1216.3,0,20.240,20.240,12.577,0.7,-5.5,0.0,0,35069.2660,-1.0000
112.799,1261,1216,Running,2,1,1,99,1,2,0.8259,1216.3,0,20.240,20.240,12.577,-21.6,173.9,0.0,0,26034.6853,-1.0000
112.816,1253,1204,Running,2,1,1,99,1,2,0.8259,1216.3,0,20.240,20.240,12.577,-50.4,406.1,0.0,0,5367.2071,-1.0000
112.832,1244,1178,Running,2,1,1,99,1,2,0.7913,1177.9,0,19.600,19.600,12.179,28.0,-226.0,0.0,0,31655.0717,-1.0000
112.849,1234,1178,Running,2,1,1,99,1,2,0.7913,1177.9,0,19.600,19.600,12.179,-11.8,95.5,0.0,0,-17603.7826,-1.0000
112.866,1225,1177,Running,2,1,1,99,1,2,0.7913,1177.9,0,19.600,19.600,12.179,-25.7,206.9,0.0,0,35378.5853,-1.0000
112.882,1218,1178,Running,2,1,1,99,1,2,0.7913,1177.9,0,19.600,19.600,12.179,0.6,-5.2,0.0,0,33485.3084,-1.0000
112.899,1212,1178,Running,2,1,1,99,1,2,0.7913,1177.9,0,19.600,19.600,12.179,-16.7,135.0,0.0,0,26825.1322,-1.0000
112.916,1206,1161,Running,2,1,1,99,1,2,0.7913,1177.9,0,19.600,19.600,12.179,-46.8,377.7,0.0,0,9551.8252,-1.0000
112.932,1201,1178,Running,2,1,1,99,1,2,0.7913,1177.9,0,19.600,19.600,12.179,-34.0,274.2,0.0,0,22533.7078,-1.0000
112.949,1197,1178,Running,2,1,1,99,1,2,0.7913,1177.9,0,19.600,19.600,12.179,-5.2,42.0,0.0,0,-9470.0499,-1.0000
112.966,1194,1175,Running,2,1,1,99,1,2,0.7913,1177.9,0,19.600,19.600,12.179,-24.0,193.6,0.0,0,33015.0170,-1.0000
112.982,1192,1178,Running,2,1,1,99,1,2,0.7913,1177.9,0,19.600,19.600,12.179,-8.1,65.1,0.0,0,30334.3252,-1.0000
112.999,1189,1178,Running,1,1,1,99,1,2,0.7913,1177.9,0,19.600,19.600,12.179,-7.4,59.8,0.0,0,35016.6119,-1.0000
113.016,1187,1162,Running,1,1,1,99,1,2,0.7913,1177.9,0,19.600,19.600,12.179,-45.0,363.3,0.0,0,18631.7041,-1.0000
113.032,1185,1178,Running,1,1,1,99,1,2,0.7913,1177.9,0,19.600,19.600,12.179,-41.9,337.8,0.0,0,9114.4966,-1.0000
113.049,1184,1178,Running,0,1,1,99,1,2,0.7913,1177.9,0,19.600,19.600,12.179,-2.4,19.5,0.0,0,1250.4245,-1.0000
113.066,1183,1177,Running,0,1,1,99,1,2,0.7913,1177.9,0,19.600,19.600,12.179,-16.9,136.2,0.0,0,29754.7719,-1.0000
113.082,1182,1178,Running,0,1,1,99,1,2,0.7913,1177.9,0,19.600,19.600,12.179,-16.6,133.7,0.0,0,25889.5284,-1.0000
113.099,1181,1178,Running,0,1,1,99,1,2,0.7913,1177.9,0,19.600,19.600,12.179,-3.3,26.5,0.0,0,38732.6507,-1.0000
113.116,1181,1167,Running,0,1,1,99,1,2,0.7913,1177.9,0,19.600,19.600,12.179,-39.6,319.5,0.0,0,30391.4096,-1.0000
113.132,1179,1177,Running,0,1,1,99,1,2,0.7913,1177.9,0,19.600,19.600,12.179,-46.9,378.5,0.0,0,-2827.9807,-1.0000
113.149,1179,1178,Running,0,1,1,99,1,2,0.7913,1177.9,0,19.600,19.600,12.179,-7.4,60.0,0.0,0,7878.8332,-1.0000
113.166,1179,1178,Running,0,1,1,99,1,2,0.7913,1177.9,0,19.600,19.600,12.179,-7.3,59.1,0.0,0,28222.0753,-1.0000
113.182,1178,1177,Running,0,1,1,99,1,2,0.7913,1177.9,0,19.600,19.600,12.179,-20.3,163.6,0.0,0,23954.2094,-1.0000
113.199,1178,1178,Running,0,1,1,99,1,2,0.7913,1177.9,0,19.600,19.600,12.179,-7.8,62.9,0.0,0,35705.6762,-1.0000
113.216,1233,1666,Running,0,1,1,99,1,1,1.0000,1619.8,0,18.098,17.600,11.246,-719.7,8889.4,0.0,0,45426.5414,-1.0000
113.232,1295,1620,Running,0,1,1,99,1,1,1.0000,1619.8,0,17.600,17.600,10.936,27.2,-335.8,0.0,0,45882.1901,-1.0000
113.249,1345,1620,Running,0,1,1,99,1,1,1.0000,1619.8,0,17.600,17.600,10.936,-22.9,282.6,0.0,0,37581.6206,-1.0000
113.266,1387,1620,Running,0,1,1,99,1,1,1.0000,1619.8,0,17.600,17.600,10.936,-23.1,284.9,0.0,0,59074.0428,-1.0000
113.282,1423,1620,Running,0,1,1,99,1,1,1.0000,1619.8,0,17.600,17.600,10.936,-31.4,387.8,0.0,0,56363.5592,-1.0000
113.299,1453,1620,Running,0,1,1,99,1,1,1.0000,1619.8,0,17.600,17.600,10.936,-59.0,728.8,0.0,0,27115.4829,-1.0000
113.316,1479,1620,Running,0,1,1,99,1,1,1.0000,1619.8,0,17.600,17.600,10.936,-22.3,275.2,0.0,0,19543.8606,-1.0000
113.332,1500,1620,Running,0,1,1,99,1,1,1.0000,1619.8,0,17.600,17.600,10.936,-27.3,337.5,0.0,0,63734.6214,-1.0000
113.349,1519,1620,Running,0,1,1,99,1,1,1.0000,1619.8,0,17.600,17.600,10.936,-27.9,345.1,0.0,0,53449.0447,-1.0000
113.366,1534,1620,Running,0,1,1,99,1,1,1.0000,1619.8,0,17.600,17.600,10.936,-64.3,794.2,0.0,0,22655.7215,-1.0000
113.382,1547,1620,Running,0,1,1,99,1,1,1.0000,1619.8,0,17.600,17.600,10.936,-37.2,459.3,0.0,0,39056.5825,-1.0000
113.399,1559,1620,Running,0,1,1,99,1,1,1.0000,1619.8,0,17.600,17.600,10.936,-28.6,353.2,0.0,0,28394.0068,-1.0000
113.416,1568,1620,Running,0,1,1,99,1,1,1.0000,1619.8,0,17.600,17.600,10.936,-27.7,342.4,0.0,0,52336.1416,-1.0000
113.432,1576,1620,Running,0,1,1,99,1,1,1.0000,1619.8,0,17.600,17.600,10.936,-45.3,559.2,0.0,0,53488.1295,-1.0000
113.449,1583,1620,Running,0,1,1,99,1,1,1.0000,1619.8,0,17.600,17.600,10.936,-57.7,712.5,0.0,0,15264.1081,-1.0000
113.466,1588,1620,Running,0,1,1,99,1,1,1.0000,1619.8,0,17.600,17.600,10.936,-36.1,446.2,0.0,0,8898.0965,-1.0000
113.482,1593,1620,Running,0,1,1,99,1,1,1.0000,1619.8,0,17.600,17.600,10.936,-36.0,444.8,0.0,0,47956.1394,-1.0000
113.499,1597,1620,Running,0,1,1,99,1,1,1.0000,1619.8,0,17.600,17.600,10.936,-33.1,408.8,0.0,0,51454.3477,-1.0000
113.516,1601,1620,Running,0,1,1,99,1,1,1.0000,1619.8,0,17.600,17.600,10.936,-64.4,795.7,0.0,0,14179.1135,-1.0000
113.532,1604,1620,Running,0,1,1,99,1,1,1.0000,1619.8,0,17.600,17.600,10.936,-43.7,540.1,0.0,0,29339.6563,-1.0000
113.549,1606,1620,Running,0,1,1,99,1,1,1.0000,1619.8,0,17.600,17.600,10.936,-40.4,498.8,0.0,0,29080.6920,-1.0000
113.566,1608,1620,Running,0,1,1,99,1,1,1.0000,1619.8,0,17.600,17.600,10.936,-34.1,421.4,0.0,0,43891.9564,-1.0000
113.582,1610,1620,Running,0,1,1,99,1,1,1.0000,1619.8,0,17.600,17.600,10.936,-55.9,690.7,0.0,0,52255.1852,-1.0000
113.599,1612,1620,Running,0,1,1,99,1,1,1.0000,1619.8,0,17.600,17.600,10.936,-48.3,597.0,0.0,0,19179.3588,-1.0000
113.616,1613,1620,Running,0,1,1,99,1,1,1.0000,1619.8,0,17.600,17.600,10.936,-40.4,498.7,0.0,0,7196.9148,-1.0000
113.632,1614,1620,Running,0,1,1,99,1,1,1.0000,1619.8,0,17.600,17.600,10.936,-44.5,549.7,0.0,0,36819.0902,-1.0000
113.649,1615,1620,Running,0,1,1,99,1,1,1.0000,1619.8,0,17.600,17.600,10.936,-39.8,491.0,0.0,0,43858.9463,-1.0000
113.666,1616,1620,Running,0,1,1,99,1,1,1.0000,1619.8,0,17.600,17.600,10.936,-61.9,764.8,0.0,0,19286.7154,-1.0000
113.682,1616,1620,Running,0,1,1,99,1,1,1.0000,1619.8,0,17.600,17.600,10.936,-42.0,518.8,0.0,0,19150.4500,-1.0000
113.699,1617,1620,Running,0,1,1,99,1,1,1.0000,1619.8,0,17.600,17.600,10.936,-44.2,546.1,0.0,0,37333.0607,-1.0000
113.716,1617,1620,Running,0,1,1,99,1,1,1.0000,1619.8,0,17.600,17.600,10.936,-41.9,517.7,0.0,0,37548.9591,-1.0000
113.732,1618,1620,Running,0,1,1,99,1,1,1.0000,1619.8,0,17.600,17.600,10.936,-65.8,812.3,0.0,0,32550.2110,-1.0000
113.749,1618,1620,Running,0,1,1,99,1,1,1.0000,1619.8,0,17.600,17.600,10.936,-41.8,515.7,0.0,0,32778.1256,-1.0000
113.766,1618,1620,Running,0,1,1,99,1,1,1.0000,1619.8,0,17.600,17.600,10.936,-39.9,492.8,0.0,0,14327.1611,-1.0000
113.782,1618,1620,Running,0,1,1,99,1,1,1.0000,1619.8,0,17.600,17.600,10.936,-44.2,545.6,0.0,0,35636.1411,-1.0000
113.799,1614,1555,Running,0,1,1,99,1,1,0.9568,1384.2,0,16.892,15.040,10.496,41.4,-511.5,0.0,0,36268.7215,-1.0000
113.816,1599,1488,Running,0,1,1,99,1,1,0.9568,1384.2,0,16.171,15.040,10.048,29.6,-365.6,0.0,0,13887.7118,-1.0000
113.832,1577,1424,Running,0,1,1,99,1,1,0.9568,1384.2,0,15.471,15.040,9.613,49.0,-605.2,0.0,0,11099.9988,-1.0000
113.849,1549,1384,Running,0,1,1,99,1,1,0.9568,1384.2,0,15.040,15.040,9.345,11.9,-146.4,0.0,0,19075.5673,-1.0000
113.866,1524,1384,Running,0,1,1,99,1,1,0.9568,1384.2,0,15.040,15.040,9.345,-26.3,324.6,0.0,0,34611.4006,-1.0000
113.882,1502,1384,Running,0,1,1,99,1,1,0.9568,1384.2,0,15.040,15.040,9.345,-48.6,600.7,0.0,0,21464.9105,-1.0000
113.899,1484,1384,Running,0,1,1,99,1,1,0.9568,1384.2,0,15.040,15.040,9.345,-56.9,703.4,0.0,0,5688.8170,-1.0000
113.916,1469,1384,Running,0,1,1,99,1,1,0.9568,1384.2,0,15.040,15.040,9.345,-47.9,591.4,0.0,0,20275.1064,-1.0000
113.932,1456,1384,Running,0,1,1,99,1,1,0.9568,1384.2,0,15.040,15.040,9.345,-27.4,338.5,0.0,0,17242.1026,-1.0000
113.949,1445,1384,Running,0,1,1,99,1,1,0.9568,1384.2,0,15.040,15.040,9.345,-40.5,500.4,0.0,0,24775.7006,-1.0000
113.966,1435,1384,Running,0,1,1,99,1,1,0.9568,1384.2,0,15.040,15.040,9.345,-34.1,420.8,0.0,0,33233.3966,-1.0000
113.982,1428,1384,Running,0,1,1,99,1,1,0.9568,1384.2,0,15.040,15.040,9.345,-67.3,831.0,0.0,0,3818.1028,-1.0000
113.999,1421,1384,Running,0,1,1,99,1,1,0.9568,1384.2,0,15.040,15.040,9.345,-38.1,470.3,0.0,0,33858.2108,-1.0000
114.016,1415,1384,Running,0,1,1,99,1,1,0.9568,1384.2,0,15.040,15.040,9.345,-29.8,367.7,0.0,0,8385.3845,-1.0000
114.032,1410,1384,Running,0,1,1,99,1,1,0.9568,1384.2,0,15.040,15.040,9.345,-39.2,484.1,0.0,0,25081.0016,-1.0000
114.049,1406,1384,Running,0,1,1,99,1,1,0.9568,1384.2,0,15.040,15.040,9.345,-28.4,351.1,0.0,0,40652.2136,-1.0000
114.066,1403,1384,Running,0,1,1,99,1,1,0.9568,1384.2,0,15.040,15.040,9.345,-72.4,894.2,0.0,0,12502.3891,-1.0000
114.082,1400,1384,Running,0,1,1,99,1,1,0.9568,1384.2,0,15.040,15.040,9.345,-29.1,359.4,0.0,0,33257.1685,-1.0000
114.099,1398,1384,Running,0,1,1,99,1,1,0.9568,1384.2,0,15.040,15.040,9.345,-37.5,463.1,0.0,0,-8177.0705,-1.0000
114.116,1391,1321,Running,0,1,1,99,1,1,0.8822,1281.1,0,14.351,13.920,8.917,60.2,-743.1,0.0,0,41166.7409,-1.0000
114.132,1375,1281,Running,0,1,1,99,1,1,0.8822,1281.1,0,13.920,13.920,8.649,17.3,-213.5,0.0,0,22193.4844,-1.0000
114.149,1359,1266,Running,0,1,1,99,1,1,0.8698,1266.4,0,13.760,13.760,8.550,-16.9,208.9,0.0,0,39052.7462,-1.0000
114.166,1344,1266,Running,0,1,1,99,1,1,0.8698,1266.4,0,13.760,13.760,8.550,-55.6,686.9,0.0,0,-6017.7779,-1.0000
114.182,1332,1266,Running,0,1,1,99,1,1,0.8698,1266.4,0,13.760,13.760,8.550,-34.5,426.3,0.0,0,9556.9667,-1.0000
114.199,1322,1266,Running,0,1,1,99,1,1,0.8698,1266.4,0,13.760,13.760,8.550,-20.9,258.1,0.0,0,20736.0277,-1.0000
114.216,1313,1266,Running,0,1,1,99,1,1,0.8698,1266.4,0,13.760,13.760,8.550,-37.2,459.0,0.0,0,20867.0641,-1.0000
114.232,1306,1266,Running,0,1,1,99,1,1,0.8698,1266.4,0,13.760,13.760,8.550,-20.3,251.2,0.0,0,37568.7716,-1.0000
114.249,1300,1256,Running,0,1,1,99,1,1,0.8698,1266.4,0,13.760,13.760,8.550,-55.2,682.1,0.0,0,16254.0156,-1.0000
114.266,1294,1266,Running,0,1,1,99,1,1,0.8698,1266.4,0,13.760,13.760,8.550,-44.8,553.4,0.0,0,17590.4812,-1.0000
114.282,1290,1266,Running,0,1,1,99,1,1,0.8698,1266.4,0,13.760,13.760,8.550,-21.1,260.3,0.0,0,-8919.2674,-1.0000
114.299,1286,1266,Running,0,1,1,99,1,1,0.8698,1266.4,0,13.760,13.760,8.550,-39.1,483.0,0.0,0,34499.5717,-1.0000
114.316,1283,1266,Running,0,1,1,99,1,1,0.8698,1266.4,0,13.760,13.760,8.550,-13.2,163.0,0.0,0,36797.5142,-1.0000
114.332,1281,1265,Running,0,1,1,99,1,1,0.8698,1266.4,0,13.760,13.760,8.550,-37.6,463.8,0.0,0,25171.5547,-1.0000
114.349,1278,1265,Running,0,1,1,99,1,1,0.8698,1266.4,0,13.760,13.760,8.550,-58.1,717.2,0.0,0,5636.1622,-1.0000
114.366,1276,1266,Running,0,1,1,99,1,1,0.8698,1266.4,0,13.760,13.760,8.550,-29.0,358.5,0.0,0,34870.2119,-1.0000
114.382,1274,1266,Running,0,1,1,99,1,1,0.8698,1266.4,0,13.760,13.760,8.550,-27.6,340.6,0.0,0,-1611.7339,-1.0000
114.399,1273,1266,Running,0,1,1,99,1,1,0.8698,1266.4,0,13.760,13.760,8.550,-18.9,233.7,0.0,0,38622.8784,-1.0000
114.416,1272,1266,Running,0,1,1,99,1,1,0.8698,1266.4,0,13.760,13.760,8.550,-31.1,384.4,0.0,0,26007.1545,-1.0000
114.432,1271,1266,Running,0,1,1,99,1,1,0.8698,1266.4,0,13.760,13.760,8.550,-32.4,399.7,0.0,0,41059.0236,-1.0000
114.449,1270,1266,Running,0,1,1,99,1,1,0.8698,1266.4,0,13.760,13.760,8.550,-54.8,676.7,0.0,0,767.1963,-1.0000
114.466,1269,1266,Running,0,1,1,99,1,1,0.8698,1266.4,0,13.760,13.760,8.550,-32.0,395.8,0.0,0,15641.6533,-1.0000
114.482,1269,1266,Running,0,1,1,99,1,1,0.8698,1266.4,0,13.760,13.760,8.550,-13.5,166.9,0.0,0,24642.9407,-1.0000
114.499,1264,1208,Running,0,1,1,99,1,1,0.7716,1155.9,0,13.058,12.560,8.114,47.1,-582.0,0.0,0,22732.8668,-1.0000
114.516,1252,1159,Running,0,1,1,99,1,1,0.7716,1155.9,0,12.560,12.560,7.804,52.0,-642.7,0.0,0,33383.4466,-1.0000
114.532,1237,1151,Running,0,1,1,99,1,1,0.7716,1155.9,0,12.560,12.560,7.804,-33.5,414.1,0.0,0,38623.8507,-1.0000
114.549,1223,1153,Running,0,1,1,99,1,1,0.7716,1155.9,0,12.560,12.560,7.804,-48.7,601.4,0.0,0,-13243.6716,-1.0000
114.566,1212,1156,Running,0,1,1,99,1,1,0.7716,1155.9,0,12.560,12.560,7.804,-30.6,378.4,0.0,0,10515.1293,-1.0000
114.582,1204,1156,Running,0,1,1,99,1,1,0.7716,1155.9,0,12.560,12.560,7.804,-8.1,99.8,0.0,0,17705.9386,-1.0000
114.599,1196,1156,Running,0,1,1,99,1,1,0.7716,1155.9,0,12.560,12.560,7.804,-20.7,255.4,0.0,0,21891.8717,-1.0000
114.616,1186,1111,Running,0,1,1,99,1,1,0.7328,1111.8,0,12.080,12.080,7.506,34.3,-424.0,0.0,0,24493.1850,-1.0000
114.632,1175,1109,Running,0,1,1,99,1,1,0.7328,1111.8,0,12.080,12.080,7.506,-23.3,287.2,0.0,0,27912.5362,-1.0000
114.649,1163,1102,Running,0,1,1,99,1,1,0.7328,1111.8,0,12.080,12.080,7.506,-42.5,524.8,0.0,0,-3937.1794,-1.0000
114.666,1154,1112,Running,0,1,1,99,1,1,0.7328,1111.8,0,12.080,12.080,7.506,-32.7,403.5,0.0,0,30444.0343,-1.0000
114.682,1148,1109,Running,0,1,1,99,1,1,0.7328,1111.8,0,12.080,12.080,7.506,-18.3,225.8,0.0,0,-16016.4089,-1.0000
114.699,1142,1110,Running,0,1,1,99,1,1,0.7328,1111.8,0,12.080,12.080,7.506,-24.8,306.3,0.0,0,33907.8369,-1.0000
114.716,1137,1112,Running,0,1,1,99,1,1,0.7328,1111.8,0,12.080,12.080,7.506,-6.3,77.4,0.0,0,30702.6834,-1.0000
114.732,1133,1112,Running,0,1,1,99,1,1,0.7328,1111.8,0,12.080,12.080,7.506,-17.1,210.9,0.0,0,28024.9706,-1.0000
114.749,1129,1093,Running,0,1,1,99,1,1,0.7328,1111.8,0,12.080,12.080,7.506,-43.1,532.5,0.0,0,18436.7300,-1.0000
114.766,1125,1104,Running,0,1,1,99,1,1,0.7328,1111.8,0,12.080,12.080,7.506,-42.5,525.5,0.0,0,4756.8914,-1.0000
114.782,1122,1112,Running,0,1,1,99,1,1,0.7328,1111.8,0,12.080,12.080,7.506,-20.0,247.1,0.0,0,5831.7911,-1.0000
114.799,1121,1112,Running,0,1,1,99,1,1,0.7328,1111.8,0,12.080,12.080,7.506,-6.1,75.4,0.0,0,26389.2626,-1.0000
114.816,1119,1111,Running,0,1,1,99,1,1,0.7328,1111.8,0,12.080,12.080,7.506,-17.5,215.8,0.0,0,21787.0195,-1.0000
114.832,1118,1109,Running,0,1,1,99,1,1,0.7328,1111.8,0,12.080,12.080,7.506,-16.7,206.2,0.0,0,27250.0282,-1.0000
114.849,1117,1112,Running,0,1,1,99,1,1,0.7328,1111.8,0,12.080,12.080,7.506,-25.0,308.4,0.0,0,33129.2686,-1.0000
114.866,1114,1105,Running,0,1,1,99,1,1,0.7328,1111.8,0,12.080,12.080,7.506,-41.5,513.0,0.0,0,-1412.4607,-1.0000
114.882,1113,1111,Running,0,1,1,99,1,1,0.7328,1111.8,0,12.080,12.080,7.506,-26.6,328.9,0.0,0,31028.0683,-1.0000
114.899,1113,1109,Running,0,1,1,99,1,1,0.7328,1111.8,0,12.080,12.080,7.506,-14.2,175.5,0.0,0,-10628.9324,-1.0000
114.916,1112,1112,Running,0,1,1,99,1,1,0.7328,1111.8,0,12.080,12.080,7.506,-19.6,242.2,0.0,0,36718.7195,-1.0000
114.932,1110,1085,Running,0,1,1,99,1,1,0.6451,994.0,0,11.368,10.800,7.063,37.4,-462.1,0.0,0,33158.6983,-1.0000
114.949,1103,1052,Running,0,1,1,99,1,1,0.6451,994.0,0,10.800,10.800,6.711,35.2,-434.8,0.0,0,27639.2784,-1.0000
114.966,1091,988,Running,0,1,1,99,1,1,0.6451,994.0,0,10.800,10.800,6.711,26.6,-328.4,0.0,0,22844.0651,-1.0000
114.982,1074,990,Running,0,1,1,99,1,1,0.6451,994.0,0,10.800,10.800,6.711,-27.7,342.2,0.0,0,-7302.4902,-1.0000
114.999,1062,987,Running,0,1,1,99,1,1,0.6451,994.0,0,10.800,10.800,6.711,-13.4,165.7,0.0,0,14999.6694,-1.0000
115.016,1051,989,Running,0,1,1,99,1,1,0.6451,994.0,0,10.800,10.800,6.711,-5.6,69.2,0.0,0,-8592.9607,-1.0000
115.032,1042,989,Running,0,1,1,99,1,1,0.6451,994.0,0,10.800,10.800,6.711,-12.4,152.8,0.0,0,27759.2568,-1.0000
115.049,1034,994,Running,0,1,1,99,1,1,0.6451,994.0,0,10.800,10.800,6.711,-5.8,72.2,0.0,0,23798.4422,-1.0000
115.066,1028,994,Running,0,1,1,99,1,1,0.6451,994.0,0,10.800,10.800,6.711,-3.6,44.8,0.0,0,26947.1188,-1.0000
115.082,1022,988,Running,0,1,1,99,1,1,0.6451,994.0,0,10.800,10.800,6.711,-22.7,279.9,0.0,0,32847.4587,-1.0000
115.099,1014,978,Running,0,1,1,99,1,1,0.6451,994.0,0,10.800,10.800,6.711,-29.1,359.5,0.0,0,-17520.0376,-1.0000
115.116,1009,992,Running,0,1,1,99,1,1,0.6451,994.0,0,10.800,10.800,6.711,-29.7,366.9,0.0,0,27404.2199,-1.0000
115.132,1006,994,Running,0,1,1,99,1,1,0.6451,994.0,0,10.800,10.800,6.711,-5.9,72.5,0.0,0,-19816.7545,-1.0000
115.149,1004,989,Running,0,1,1,99,1,1,0.6451,994.0,0,10.800,10.800,6.711,-10.3,127.0,0.0,0,35562.1668,-1.0000
115.166,1002,989,Running,0,1,1,99,1,1,0.6451,994.0,0,10.800,10.800,6.711,-5.9,72.3,0.0,0,21639.5028,-1.0000
115.182,1001,988,Running,0,1,1,99,1,1,0.6451,994.0,0,10.800,10.800,6.711,-3.5,42.9,0.0,0,25401.7949,-1.0000
115.199,999,988,Running,0,1,1,99,1,1,0.6451,994.0,0,10.800,10.800,6.711,-13.6,168.6,0.0,0,26414.9920,-1.0000
115.216,996,966,Running,0,1,1,99,1,1,0.6451,994.0,0,10.800,10.800,6.711,-29.5,364.1,0.0,0,-138.7430,-1.0000
115.232,993,986,Running,0,1,1,99,1,1,0.6451,994.0,0,10.800,10.800,6.711,-29.6,365.2,0.0,0,26367.7691,-1.0000
115.249,993,998,Running,0,1,1,99,1,1,0.6451,994.0,0,10.800,10.800,6.711,-14.1,173.7,0.0,0,-6041.1737,-1.0000
115.266,993,995,Running,0,1,1,99,1,1,0.6451,994.0,0,10.800,10.800,6.711,6.1,-75.5,0.0,0,30385.3719,-1.0000
115.282,993,996,Running,0,1,1,99,1,1,0.6451,994.0,0,10.800,10.800,6.711,-3.6,44.9,0.0,0,23356.2248,-1.0000
115.299,993,993,Running,0,1,1,99,1,1,0.6451,994.0,0,10.800,10.800,6.711,2.1,-26.5,0.0,0,26378.4625,-1.0000
115.316,993,988,Running,0,1,1,99,1,1,0.6451,994.0,0,10.800,10.800,6.711,-11.3,139.4,0.0,0,25234.0028,-1.0000
115.332,989,927,Running,0,1,1,99,1,1,0.6000,846.7,0,10.067,9.200,6.256,18.2,-225.0,0.0,0,15943.7093,-1.0000
115.349,978,904,Running,0,1,1,99,1,1,0.6000,846.7,0,9.341,9.200,5.804,24.0,-297.0,0.0,0,1794.5071,-1.0000
115.366,966,886,Running,5,1,1,99,1,1,0.6000,846.7,0,9.200,9.200,5.717,23.4,-289.0,0.0,0,13656.0546,-1.0000
115.382,954,878,Running,5,1,1,99,1,1,0.6000,846.7,0,9.200,9.200,5.717,22.7,-280.6,0.0,0,-12307.1882,-1.0000
115.399,942,860,Running,5,1,1,99,1,1,0.6000,846.7,0,9.200,9.200,5.717,22.1,-272.5,0.0,0,29257.2684,-1.0000
115.416,930,854,Running,5,1,1,99,1,1,0.6000,846.7,0,9.200,9.200,5.717,21.4,-264.1,0.0,0,17746.1055,-1.0000
115.432,918,849,Running,5,1,1,99,1,1,0.6000,846.7,0,9.200,9.200,5.717,21.0,-259.5,0.0,0,21030.6735,-1.0000
115.449,907,844,Running,5,1,1,99,1,1,0.6000,846.7,0,9.200,9.200,5.717,5.4,-67.0,0.0,0,19258.8613,-1.0000
115.466,897,822,Running,5,1,1,99,1,1,0.6000,846.7,0,9.200,9.200,5.717,-20.2,250.0,0.0,0,24348.6505,-1.0000
115.482,884,832,Running,6,1,1,99,1,1,0.6000,846.7,0,9.200,9.200,5.717,-19.1,235.5,0.0,0,-18051.9906,-1.0000
115.499,876,850,Running,7,1,1,99,1,1,0.6000,846.7,0,9.200,9.200,5.717,-14.3,176.1,0.0,0,23892.8254,-1.0000
115.516,872,863,Running,6,1,1,99,1,1,0.6000,846.7,0,9.200,9.200,5.717,-1.4,17.6,0.0,0,-16861.8916,-1.0000
115.532,869,858,Running,6,1,1,99,1,1,0.6000,780.4,0,8.480,8.480,5.269,21.0,-259.6,0.0,0,30941.9976,-1.0000
115.549,866,854,Running,5,1,1,99,1,1,0.6000,780.4,0,8.480,8.480,5.269,20.8,-256.6,0.0,0,21534.4598,-1.0000
115.566,864,858,Running,5,1,1,99,1,1,0.6000,780.4,0,8.480,8.480,5.269,21.0,-259.7,0.0,0,21194.4955,-1.0000
115.582,864,859,Running,5,1,1,99,1,1,0.6000,780.4,0,8.480,8.480,5.269,21.3,-263.4,0.0,0,25388.9708,-1.0000
115.599,862,848,Running,5,1,1,99,1,1,0.6000,780.4,0,8.480,8.480,5.269,21.1,-261.0,0.0,0,27299.0008,-1.0000
115.616,855,782,Running,5,1,1,99,1,1,0.6000,780.4,0,8.480,8.480,5.269,18.6,-229.3,0.0,0,706.7908,-1.0000
115.632,846,790,Running,6,1,1,99,1,1,0.6000,780.4,0,8.480,8.480,5.269,18.3,-226.2,0.0,0,8181.4532,-1.0000
115.649,840,805,Running,9,1,1,99,1,1,0.6000,743.6,0,8.080,8.080,5.021,18.8,-232.0,0.0,0,20108.8790,-1.0000
115.666,837,829,Running,9,1,1,99,1,1,0.6000,743.6,0,8.080,8.080,5.021,19.4,-240.0,0.0,0,-8669.4509,-1.0000
115.682,837,844,Running,8,1,1,99,1,1,0.6000,743.6,0,8.080,8.080,5.021,20.1,-248.6,0.0,0,42384.5028,-1.0000
115.699,839,867,Running,7,1,1,99,1,1,0.6000,743.6,0,8.080,8.080,5.021,20.7,-256.1,0.0,0,29266.8548,-1.0000
115.716,844,890,Running,7,1,1,99,1,1,0.6000,743.6,0,8.080,8.080,5.021,21.8,-269.6,0.0,0,35288.3023,-1.0000
115.732,851,902,Running,6,1,1,99,1,1,0.6000,743.6,0,8.080,8.080,5.021,22.8,-281.4,0.0,0,36381.0623,-1.0000
115.749,857,866,Running,5,1,1,99,1,1,0.6000,743.6,0,8.080,8.080,5.021,22.8,-281.6,0.0,0,51988.4101,-1.0000
115.766,855,862,Running,5,1,1,99,1,1,0.6000,743.6,0,8.080,8.080,5.021,20.5,-253.1,0.0,0,-23355.8237,-1.0000
115.782,856,889,Running,5,1,1,99,1,1,0.6000,743.6,0,8.080,8.080,5.021,21.5,-265.4,0.0,0,39190.4505,-1.0000
115.799,862,918,Running,5,1,1,99,1,1,0.6000,743.6,0,8.080,8.080,5.021,22.9,-282.8,0.0,0,-1524.3787,-1.0000
115.816,871,942,Running,5,1,1,99,1,1,0.6000,692.1,0,7.520,7.520,4.673,24.5,-304.2,0.0,0,51753.7798,-1.0000
115.832,883,968,Running,5,1,1,99,1,1,0.6000,677.4,0,7.360,7.360,4.573,25.7,-323.1,0.0,0,41670.3502,-1.0000
115.849,897,993,Running,5,1,1,99,1,1,0.6000,677.4,0,7.360,7.360,4.573,27.3,-346.6,0.0,0,45928.1026,-1.0000
115.866,912,1002,Running,5,1,1,99,1,1,0.6000,677.4,0,7.360,7.360,4.573,28.6,-368.0,0.0,0,45093.9035,-1.0000
115.882,924,949,Running,5,1,1,99,1,1,0.6000,677.4,0,7.360,7.360,4.573,28.2,-360.9,0.0,0,44514.3114,-1.0000
115.899,929,961,Running,5,1,1,99,1,1,0.6000,677.4,0,7.360,7.360,4.573,26.4,-332.1,0.0,0,-1668.1999,-1.0000
115.916,937,987,Running,5,1,1,99,1,1,0.6000,677.4,0,7.360,7.360,4.573,27.7,-353.1,0.0,0,31446.0581,-1.0000
115.932,948,1019,Running,5,1,1,99,1,1,0.6000,677.4,0,7.360,7.360,4.573,29.4,-380.5,0.0,0,33390.6025,-1.0000
115.949,961,1046,Running,5,1,1,99,1,1,0.6000,677.4,0,7.360,7.360,4.573,30.7,-403.7,0.0,0,56216.2210,-1.0000
115.966,976,1076,Running,5,1,1,99,1,1,0.6000,677.4,0,7.360,7.360,4.573,32.3,-430.3,0.0,0,62530.9866,-1.0000
115.982,992,1087,Running,5,1,1,99,1,1,0.6000,677.4,0,7.360,7.360,4.573,33.6,-452.8,0.0,0,57142.3198,-1.0000
115.999,1004,1030,Running,5,1,1,99,1,1,0.6000,677.4,0,7.360,7.360,4.573,33.0,-443.6,0.0,0,46277.2736,-1.0000
116.016,1009,1037,Running,5,1,1,99,1,1,0.6000,677.4,0,7.360,7.360,4.573,30.9,-406.2,0.0,0,1258.7293,-1.0000
116.033,1016,1062,Running,5,1,1,99,1,1,0.6000,618.5,0,6.720,6.720,4.176,32.0,-437.5,0.0,0,28757.8977,-1.0000
116.049,1025,1089,Running,5,1,1,99,1,1,0.6000,618.5,0,6.720,6.720,4.176,33.4,-475.4,0.0,0,56962.2144,-1.0000
116.066,1036,1108,Running,5,1,1,99,1,1,0.6000,618.5,0,6.720,6.720,4.176,34.4,-495.1,0.0,0,58862.2798,-1.0000
116.082,1048,1117,Running,5,1,1,99,1,1,0.6000,618.5,0,6.720,6.720,4.176,35.6,-517.9,0.0,0,47909.0920,-1.0000
116.099,1059,1120,Running,0,1,1,99,1,1,0.6000,618.5,0,6.720,6.720,4.176,36.3,-530.2,0.0,0,50437.9611,-1.0000
116.116,1064,1072,Running,0,1,1,99,1,1,0.6000,618.5,0,6.720,6.720,4.176,34.2,-491.2,0.0,0,27875.2812,-1.0000
116.132,1066,1091,Running,0,1,1,99,1,1,0.6000,618.5,0,6.720,6.720,4.176,33.4,-476.7,0.0,0,48420.4640,-1.0000
116.149,1070,1103,Running,0,1,1,99,1,1,0.6000,618.5,0,6.720,6.720,4.176,34.4,-493.9,0.0,0,5736.2964,-1.0000
116.166,1075,1101,Running,0,1,1,99,1,1,0.6000,618.5,0,6.720,6.720,4.176,35.1,-507.8,0.0,0,53432.8682,-1.0000
116.182,1081,1118,Running,0,1,1,99,1,1,0.6000,618.5,0,6.720,6.720,4.176,35.7,-518.5,0.0,0,48654.8452,-1.0000
116.199,1087,1129,Running,0,1,1,99,1,1,0.6000,618.5,0,6.720,6.720,4.176,36.4,-531.9,0.0,0,63458.9526,-1.0000
116.216,1091,1082,Running,0,1,1,99,1,1,0.6000,559.6,0,6.080,6.080,3.778,35.7,-536.7,0.0,0,55857.1529,-1.0000
116.232,1087,1060,Running,0,1,1,99,1,1,0.6000,559.6,0,6.080,6.080,3.778,32.7,-492.1,0.0,0,-11132.6470,-1.0000
116.249,1084,1062,Running,0,1,1,99,1,1,0.6000,559.6,0,6.080,6.080,3.778,32.7,-492.3,0.0,0,23529.5862,-1.0000
116.266,1083,1075,Running,0,1,1,99,1,1,0.6000,559.6,0,6.080,6.080,3.778,33.2,-500.6,0.0,0,33721.1540,-1.0000
116.282,1081,1083,Running,0,1,1,99,1,1,0.6000,559.6,0,6.080,6.080,3.778,33.3,-502.9,0.0,0,49079.0599,-1.0000
116.299,1081,1084,Running,0,1,1,99,1,1,0.6000,559.6,0,6.080,6.080,3.778,33.6,-508.3,0.0,0,39579.8380,-1.0000
116.316,1080,1067,Running,0,1,1,99,1,1,0.6000,559.6,0,6.080,6.080,3.778,33.4,-504.8,0.0,0,34383.3984,-1.0000
116.333,1074,1004,Running,0,1,1,99,1,1,0.6000,559.6,0,6.080,6.080,3.778,31.4,-466.3,0.0,0,18495.2667,-1.0000
116.349,1064,1003,Running,0,1,1,99,1,1,0.6000,559.6,0,6.080,6.080,3.778,29.3,-426.4,0.0,0,13718.9296,-1.0000
116.366,1055,1007,Running,0,1,1,99,1,1,0.6000,559.6,0,6.080,6.080,3.778,29.2,-424.3,0.0,0,8114.7888,-1.0000
116.382,1048,1012,Running,0,1,1,99,1,1,0.6000,559.6,0,6.080,6.080,3.778,29.3,-427.5,0.0,0,37170.6724,-1.0000
116.399,1042,1013,Running,0,1,1,99,1,1,0.6000,493.3,0,5.366,5.360,3.334,29.1,-438.5,0.0,0,30644.6885,-1.0000
116.416,1036,1011,Running,0,1,1,99,1,1,0.6000,493.3,0,5.360,5.360,3.331,29.2,-455.9,0.0,0,30850.4251,-1.0000
116.432,1031,995,Running,0,1,1,99,1,1,0.6000,493.3,0,5.360,5.360,3.331,28.9,-449.9,0.0,0,28456.4137,-1.0000
116.449,1022,932,Running,0,1,1,99,1,1,0.6000,493.3,0,5.360,5.360,3.331,27.3,-417.8,0.0,0,21800.4142,-1.0000
116.466,1008,921,Running,0,1,1,99,1,1,0.6000,493.3,0,5.360,5.360,3.331,24.9,-371.5,0.0,0,-4808.1223,-1.0000
116.482,995,916,Running,5,1,1,99,1,1,0.6000,493.3,0,5.360,5.360,3.331,24.6,-366.8,0.0,0,16480.7477,-1.0000
116.499,984,918,Running,5,1,1,99,1,1,0.6000,493.3,0,5.360,5.360,3.331,24.6,-366.6,0.0,0,-6676.2220,-1.0000
116.516,974,910,Running,5,1,1,99,1,1,0.6000,493.3,0,5.360,5.360,3.331,24.5,-364.5,0.0,0,31413.0289,-1.0000
116.532,966,913,Running,5,1,1,99,1,1,0.6000,493.3,0,5.360,5.360,3.331,24.4,-362.5,0.0,0,22038.3037,-1.0000
116.549,959,913,Running,5,1,1,99,1,1,0.6000,493.3,0,5.360,5.360,3.331,24.5,-364.3,0.0,0,25906.4067,-1.0000
116.566,953,902,Running,5,1,1,99,1,1,0.6000,493.3,0,5.360,5.360,3.331,24.2,-358.2,0.0,0,24946.1651,-1.0000
116.583,941,839,Running,5,1,1,99,1,1,0.6000,493.3,0,5.360,5.360,3.331,22.2,-321.6,0.0,0,6808.3666,-1.0000
116.599,927,841,Running,5,1,1,99,1,1,0.6000,493.3,0,5.360,5.360,3.331,20.8,-294.4,0.0,0,3945.9994,-1.0000
116.616,916,846,Running,6,1,1,99,1,1,0.6000,493.3,0,5.360,5.360,3.331,21.0,-297.3,0.0,0,14729.5721,-1.0000
116.633,907,861,Running,6,1,1,99,1,1,0.6000,493.3,0,5.360,5.360,3.331,21.3,-304.3,0.0,0,-9700.8831,-1.0000
116.649,901,865,Running,6,1,1,99,1,1,0.6000,493.3,0,5.360,5.360,3.331,21.7,-311.2,0.0,0,35958.4582,-1.0000
116.666,897,879,Running,5,1,1,99,1,1,0.6000,493.3,0,5.360,5.360,3.331,22.0,-317.3,0.0,0,23952.1148,-1.0000
116.682,896,892,Running,5,1,1,99,1,1,0.6000,493.3,0,5.360,5.360,3.331,22.7,-329.6,0.0,0,28629.3945,-1.0000
116.699,895,891,Running,5,1,1,99,1,1,0.6000,382.9,0,4.638,4.160,2.882,23.0,-349.8,0.0,0,28007.4677,-1.0000
116.716,892,840,Running,5,1,1,99,1,1,0.6000,382.9,0,4.160,4.160,2.585,22.1,-360.8,0.0,0,30046.4224,-1.0000
116.733,884,846,Running,5,1,1,99,1,1,0.6000,382.9,0,4.160,4.160,2.585,20.1,-325.6,0.0,0,-13857.0601,-1.0000
116.749,878,863,Running,6,1,1,99,1,1,0.6000,382.9,0,4.160,4.160,2.585,20.7,-337.6,0.0,0,27213.9682,-1.0000
116.766,876,885,Running,6,1,1,99,1,1,0.6000,382.9,0,4.160,4.160,2.585,21.5,-354.0,0.0,0,-14273.7124,-1.0000
116.783,877,900,Running,6,1,1,99,1,1,0.6000,382.9,0,4.160,4.160,2.585,22.5,-374.7,0.0,0,43995.4932,-1.0000
116.799,880,919,Running,5,1,1,99,1,1,0.6000,382.9,0,4.160,4.160,2.585,23.2,-389.7,0.0,0,30333.1464,-1.0000
116.816,886,939,Running,5,1,1,99,1,1,0.6000,382.9,0,4.160,4.160,2.585,24.3,-413.6,0.0,0,35434.1057,-1.0000
116.833,894,946,Running,5,1,1,99,1,1,0.6000,382.9,0,4.160,4.160,2.585,25.3,-432.5,0.0,0,35300.4269,-1.0000
116.849,900,902,Running,5,1,1,99,1,1,0.6000,382.9,0,4.160,4.160,2.585,25.0,-427.4,0.0,0,45071.4525,-1.0000
116.866,898,901,Running,5,1,1,99,1,1,0.6000,382.9,0,4.160,4.160,2.585,22.7,-379.8,0.0,0,-18430.8425,-1.0000
116.883,899,921,Running,5,1,1,99,1,1,0.6000,382.9,0,4.160,4.160,2.585,23.6,-397.5,0.0,0,34551.8842,-1.0000
116.899,904,945,Running,5,1,1,99,1,1,0.6000,316.6,0,3.445,3.440,2.141,24.7,-438.0,0.0,0,-6424.3893,-1.0000
116.916,911,959,Running,5,1,1,99,1,1,0.6000,316.6,0,3.440,3.440,2.138,26.0,-481.4,0.0,0,50312.3283,-1.0000
116.933,920,978,Running,5,1,1,99,1,1,0.6000,316.6,0,3.440,3.440,2.138,27.0,-503.8,0.0,0,36098.2570,-1.0000
116.949,931,995,Running,5,1,1,99,1,1,0.6000,316.6,0,3.440,3.440,2.138,28.3,-532.3,0.0,0,40200.0370,-1.0000
116.966,942,1003,Running,5,1,1,99,1,1,0.6000,316.6,0,3.440,3.440,2.138,29.1,-549.6,0.0,0,41923.2057,-1.0000
116.983,948,948,Running,5,1,1,99,1,1,0.6000,316.6,0,3.440,3.440,2.138,27.5,-515.0,0.0,0,22565.0925,-1.0000
116.999,950,970,Running,5,1,1,99,1,1,0.6000,316.6,0,3.440,3.440,2.138,26.7,-496.3,0.0,0,19480.2583,-1.0000
117.016,955,996,Running,5,1,1,99,1,1,0.6000,316.6,0,3.440,3.440,2.138,27.8,-520.7,0.0,0,14267.1370,-1.0000
117.032,963,1021,Running,5,1,1,99,1,1,0.6000,316.6,0,3.440,3.440,2.138,29.2,-550.4,0.0,0,52175.4951,-1.0000
117.049,972,1042,Running,5,1,1,99,1,1,0.6000,316.6,0,3.440,3.440,2.138,30.2,-572.3,0.0,0,46967.7535,-1.0000
117.066,983,1056,Running,5,1,1,99,1,1,0.6000,316.6,0,3.440,3.440,2.138,31.5,-600.4,0.0,0,44129.1382,-1.0000
117.082,995,1055,Running,5,1,1,99,1,1,0.6000,316.6,0,3.440,3.440,2.138,32.3,-618.3,0.0,0,41292.9540,-1.0000
117.099,1001,999,Running,5,1,1,99,1,1,0.6000,316.6,0,3.440,3.440,2.138,30.9,-588.5,0.0,0,28951.8375,-1.0000
117.116,1003,1017,Running,5,1,1,99,1,1,0.6000,316.6,0,3.440,3.440,2.138,29.5,-557.5,0.0,0,16629.2259,-1.0000
117.132,1007,1042,Running,5,1,1,99,1,1,0.6000,316.6,0,3.440,3.440,2.138,30.5,-579.4,0.0,0,18673.0653,-1.0000
117.149,1013,1063,Running,5,1,1,99,1,1,0.6000,316.6,0,3.440,3.440,2.138,31.7,-606.8,0.0,0,57929.9180,-1.0000
117.166,1021,1077,Running,5,1,1,99,1,1,0.6000,228.2,0,2.743,2.480,1.704,32.6,-643.7,0.0,0,42555.0852,-1.0000
117.183,1031,1084,Running,5,1,1,99,1,1,0.6000,228.2,0,2.480,2.480,1.541,33.7,-697.3,0.0,0,42893.7993,-1.0000
117.199,1040,1087,Running,5,1,1,99,1,1,0.6000,228.2,0,2.480,2.480,1.541,34.2,-712.8,0.0,0,45982.2354,-1.0000
117.216,1042,1038,Running,5,1,1,99,1,1,0.6000,228.2,0,2.480,2.480,1.541,32.2,-665.9,0.0,0,21704.7107,-1.0000
117.232,1042,1057,Running,5,1,1,99,1,1,0.6000,228.2,0,2.480,2.480,1.541,31.4,-648.5,0.0,0,40406.1405,-1.0000
117.249,1045,1074,Running,5,1,1,99,1,1,0.6000,228.2,0,2.480,2.480,1.541,32.3,-668.9,0.0,0,4976.9976,-1.0000
117.266,1050,1076,Running,5,1,1,99,1,1,0.6000,228.2,0,2.480,2.480,1.541,33.2,-690.0,0.0,0,52233.2340,-1.0000
117.282,1055,1087,Running,5,1,1,99,1,1,0.6000,228.2,0,2.480,2.480,1.541,33.9,-704.8,0.0,0,39240.1349,-1.0000
117.299,1062,1104,Running,5,1,1,99,1,1,0.6000,228.2,0,2.480,2.480,1.541,34.8,-726.3,0.0,0,52573.5333,-1.0000
117.316,1068,1088,Running,5,1,1,99,1,1,0.6000,228.2,0,2.480,2.480,1.541,35.0,-730.7,0.0,0,75661.7112,-1.0000
117.332,1066,1058,Running,0,1,1,99,1,1,0.6000,228.2,0,2.480,2.480,1.541,32.1,-664.6,0.0,0,-15662.7631,-1.0000
117.349,1065,1060,Running,0,1,1,99,1,1,0.6000,228.2,0,2.480,2.480,1.541,32.2,-667.1,0.0,0,35830.8852,-1.0000
117.366,1066,1071,Running,0,1,1,99,1,1,0.6000,228.2,0,2.480,2.480,1.541,33.0,-683.9,0.0,0,10550.7378,-1.0000
117.382,1068,1083,Running,0,1,1,99,1,1,0.6000,228.2,0,2.480,2.480,1.541,33.6,-698.4,0.0,0,50292.7142,-1.0000
117.399,1072,1102,Running,0,1,1,99,1,1,0.6000,117.8,0,1.790,1.280,1.113,34.3,-733.6,0.0,0,54529.3177,-1.0000
117.416,1076,1101,Running,0,1,1,99,1,1,0.6000,117.8,0,1.280,1.280,0.795,34.8,-781.0,0.0,0,45652.5627,-1.0000
117.432,1076,1039,Running,0,1,1,99,1,1,0.6000,117.8,0,1.280,1.280,0.795,33.6,-761.5,0.0,0,32507.6924,-1.0000
117.449,1070,1032,Running,0,1,1,99,1,1,0.6000,117.8,0,1.280,1.280,0.795,31.0,-701.6,0.0,0,-693.1901,-1.0000
117.466,1066,1040,Running,0,1,1,99,1,1,0.6000,117.8,0,1.280,1.280,0.795,31.2,-705.4,0.0,0,16031.8762,-1.0000
117.482,1063,1054,Running,0,1,1,99,1,1,0.6000,117.8,0,1.280,1.280,0.795,31.7,-717.2,0.0,0,39861.7030,-1.0000
117.499,1061,1061,Running,0,1,1,99,1,1,0.6000,117.8,0,1.280,1.280,0.795,31.8,-720.0,0.0,0,39529.6991,-1.0000
117.516,1061,1060,Running,0,1,1,99,1,1,0.6000,117.8,0,1.280,1.280,0.795,32.1,-727.3,0.0,0,35350.5220,-1.0000
117.532,1060,1044,Running,0,1,1,99,1,1,0.6000,117.8,0,1.280,1.280,0.795,32.0,-723.5,0.0,0,31471.9202,-1.0000
117.549,1053,981,Running,0,1,1,99,1,1,0.6000,117.8,0,1.280,1.280,0.795,30.0,-677.5,0.0,0,15783.9517,-1.0000
117.566,1043,979,Running,0,1,1,99,1,1,0.6000,117.8,0,1.280,1.280,0.795,28.0,-629.9,0.0,0,9509.8515,-1.0000
117.583,1034,982,Running,0,1,1,99,1,1,0.6000,117.8,0,1.280,1.280,0.795,27.9,-627.8,0.0,0,6285.3875,-1.0000
117.599,1027,989,Running,0,1,1,99,1,1,0.6000,51.5,0,0.583,0.560,0.362,28.1,-649.5,0.0,0,30237.1322,-1.0000
117.616,1021,991,Running,0,1,1,99,1,1,0.6000,51.5,0,0.560,0.560,0.348,28.0,-663.7,0.0,0,31064.1025,-1.0000
117.632,1015,995,Running,0,1,1,99,1,1,0.6000,51.5,0,0.560,0.560,0.348,28.1,-666.5,0.0,0,30326.6065,-1.0000
117.649,1011,985,Running,0,1,1,99,1,1,0.6000,51.5,0,0.560,0.560,0.348,27.9,-663.2,0.0,0,27004.4219,-1.0000
117.666,1003,931,Running,0,1,1,99,1,1,0.6000,51.5,0,0.560,0.560,0.348,26.7,-634.0,0.0,0,30308.6983,-1.0000
117.682,990,914,Running,0,1,1,99,1,1,0.6000,51.5,0,0.560,0.560,0.348,24.0,-568.7,0.0,0,-16695.2661,-1.0000
117.699,977,910,Running,5,1,1,99,1,1,0.6000,51.5,0,0.560,0.560,0.348,23.8,-562.4,0.0,0,21133.7016,-1.0000
117.716,967,914,Running,5,1,1,99,1,1,0.6000,51.5,0,0.560,0.560,0.348,23.7,-561.5,0.0,0,-20135.0935,-1.0000
117.733,958,908,Running,5,1,1,99,1,1,0.6000,51.5,0,0.560,0.560,0.348,23.8,-563.1,0.0,0,36689.3505,-1.0000
117.749,950,910,Running,5,1,1,99,1,1,0.6000,51.5,0,0.560,0.560,0.348,23.6,-559.3,0.0,0,20831.8068,-1.0000
117.766,944,912,Running,5,1,1,99,1,1,0.6000,51.5,0,0.560,0.560,0.348,23.8,-563.8,0.0,0,24703.7694,-1.0000
117.783,938,902,Running,5,1,1,99,1,1,0.6000,51.5,0,0.560,0.560,0.348,23.7,-560.9,0.0,0,23234.4340,-1.0000
117.799,930,848,Running,5,1,1,99,1,1,0.6000,0.0,0,0.000,0.000,0.000,22.5,-546.2,0.0,0,23504.8053,-1.0000
117.816,916,846,Running,5,1,1,99,1,1,0.6000,0.0,0,0.000,0.000,0.000,20.3,-500.9,0.0,0,-14958.5689,-1.0000
117.832,904,853,Running,6,1,1,99,1,1,0.6000,0.0,0,0.000,0.000,0.000,20.4,-504.0,0.0,0,21066.3467,-1.0000
117.849,896,866,Running,6,1,1,99,1,1,0.6000,0.0,0,0.000,0.000,0.000,20.7,-511.6,0.0,0,-20728.4857,-1.0000
117.866,890,872,Running,6,1,1,99,1,1,0.6000,0.0,0,0.000,0.000,0.000,21.3,-525.5,0.0,0,37376.8231,-1.0000
117.882,886,882,Running,5,1,1,99,1,1,0.6000,0.0,0,0.000,0.000,0.000,21.5,-531.7,0.0,0,22760.4072,-1.0000
117.899,885,895,Running,5,1,1,99,1,1,0.6000,7.4,0,0.080,0.080,0.050,22.2,-545.9,0.0,0,26767.2614,-1.0000
117.916,886,899,Running,5,1,1,99,1,1,0.6000,7.4,0,0.080,0.080,0.050,22.8,-559.6,0.0,0,27411.6336,-1.0000
117.932,886,875,Running,5,1,1,99,1,1,0.6000,7.4,0,0.080,0.080,0.050,22.7,-556.4,0.0,0,40387.6446,-1.0000
117.949,878,839,Running,5,1,1,99,1,1,0.6000,7.4,0,0.080,0.080,0.050,20.2,-494.8,0.0,0,-28236.1920,-1.0000
117.966,872,850,Running,5,1,1,99,1,1,0.6000,7.4,0,0.080,0.080,0.050,20.3,-499.0,0.0,0,21973.8640,-1.0000
117.982,870,864,Running,7,1,1,99,1,1,0.6000,7.4,0,0.080,0.080,0.050,21.1,-517.5,0.0,0,-6971.7730,-1.0000
117.999,871,882,Running,6,1,1,99,1,1,0.6000,7.4,0,0.080,0.080,0.050,22.1,-543.3,0.0,0,26847.1680,-1.0000
118.016,874,896,Running,5,1,1,99,1,1,0.6000,7.4,0,0.080,0.080,0.050,22.9,-561.1,0.0,0,29522.6903,-1.0000
118.032,880,920,Running,5,1,1,99,1,1,0.6000,7.4,0,0.080,0.080,0.050,23.9,-586.9,0.0,0,31029.8751,-1.0000
118.049,888,938,Running,5,1,1,99,1,1,0.6000,7.4,0,0.080,0.080,0.050,25.0,-613.2,0.0,0,37402.6969,-1.0000
118.066,896,936,Running,5,1,1,99,1,1,0.6000,7.4,0,0.080,0.080,0.050,25.4,-624.0,0.0,0,44544.8880,-1.0000
118.082,895,889,Running,5,1,1,99,1,1,0.6000,7.4,0,0.080,0.080,0.050,23.1,-568.1,0.0,0,-5000.3435,-1.0000
118.099,896,910,Running,5,1,1,99,1,1,0.6000,7.4,0,0.080,0.080,0.050,23.2,-569.5,0.0,0,25159.8569,-1.0000
118.116,899,934,Running,5,1,1,99,1,1,0.6000,7.4,0,0.080,0.080,0.050,24.3,-596.4,0.0,0,2256.9899,-1.0000
118.132,906,958,Running,5,1,1,99,1,1,0.6000,7.4,0,0.080,0.080,0.050,25.6,-629.8,0.0,0,43690.5063,-1.0000
118.149,915,981,Running,5,1,1,99,1,1,0.6000,7.4,0,0.080,0.080,0.050,26.6,-654.4,0.0,0,41640.3955,-1.0000
118.166,926,1005,Running,5,1,1,99,1,1,0.6000,7.4,0,0.080,0.080,0.050,28.0,-687.7,0.0,0,44159.8570,-1.0000
118.182,938,1013,Running,5,1,1,99,1,1,0.6000,7.4,0,0.080,0.080,0.050,29.1,-714.3,0.0,0,40725.0278,-1.0000
118.199,947,961,Running,5,1,1,99,1,1,0.6000,0.0,0,0.000,0.000,0.000,28.7,-708.2,0.0,0,43512.5011,-1.0000
118.216,949,963,Running,5,1,1,99,1,1,0.6000,0.0,0,0.000,0.000,0.000,26.5,-654.1,0.0,0,-10179.5386,-1.0000
118.233,953,979,Running,5,1,1,99,1,1,0.6000,0.0,0,0.000,0.000,0.000,27.4,-678.0,0.0,0,29472.0495,-1.0000
118.249,960,1003,Running,5,1,1,99,1,1,0.6000,0.0,0,0.000,0.000,0.000,28.7,-709.4,0.0,0,15798.9853,-1.0000
118.266,969,1023,Running,5,1,1,99,1,1,0.6000,0.0,0,0.000,0.000,0.000,29.8,-736.6,0.0,0,47743.7066,-1.0000
118.282,980,1052,Running,5,1,1,99,1,1,0.6000,0.0,0,0.000,0.000,0.000,31.1,-767.2,0.0,0,50122.2563,-1.0000
118.299,992,1069,Running,5,1,1,99,1,1,0.6000,0.0,0,0.000,0.000,0.000,32.2,-796.3,0.0,0,59008.1911,-1.0000
118.316,1002,1026,Running,5,1,1,99,1,1,0.6000,0.0,0,0.000,0.000,0.000,32.1,-793.5,0.0,0,54970.1135,-1.0000
118.332,1003,1015,Running,5,1,1,99,1,1,0.6000,0.0,0,0.000,0.000,0.000,29.5,-729.0,0.0,0,-14783.8547,-1.0000
118.349,1007,1026,Running,5,1,1,99,1,1,0.6000,0.0,0,0.000,0.000,0.000,30.2,-746.7,0.0,0,30138.2430,-1.0000
118.366,1012,1048,Running,5,1,1,99,1,1,0.6000,0.0,0,0.000,0.000,0.000,31.4,-774.6,0.0,0,21865.7597,-1.0000
118.383,1020,1068,Running,5,1,1,99,1,1,0.6000,0.0,0,0.000,0.000,0.000,32.3,-798.4,0.0,0,52392.4151,-1.0000
118.399,1029,1093,Running,5,1,1,99,1,1,0.6000,0.0,0,0.000,0.000,0.000,33.5,-826.8,0.0,0,57937.0312,-1.0000
118.416,1038,1096,Running,5,1,1,99,1,1,0.6000,0.0,0,0.000,0.000,0.000,34.4,-849.4,0.0,0,47290.5548,-1.0000
118.433,1044,1036,Running,5,1,1,99,1,1,0.6000,0.0,0,0.000,0.000,0.000,33.4,-825.2,0.0,0,35958.2524,-1.0000
118.449,1044,1041,Running,5,1,1,99,1,1,0.6000,0.0,0,0.000,0.000,0.000,31.2,-771.2,0.0,0,2600.5789,-1.0000
118.466,1045,1061,Running,5,1,1,99,1,1,0.6000,0.0,0,0.000,0.000,0.000,32.0,-790.0,0.0,0,21079.2622,-1.0000
118.483,1049,1083,Running,5,1,1,99,1,1,0.6000,0.0,0,0.000,0.000,0.000,33.1,-817.3,0.0,0,53495.2031,-1.0000
118.499,1055,1097,Running,5,1,1,99,1,1,0.6000,0.0,0,0.000,0.000,0.000,33.8,-835.4,0.0,0,46135.7281,-1.0000
118.516,1061,1101,Running,5,1,1,99,1,1,0.6000,0.0,0,0.000,0.000,0.000,34.7,-858.3,0.0,0,41995.5190,-1.0000
118.533,1068,1100,Running,5,1,1,99,1,1,0.6000,0.0,0,0.000,0.000,0.000,35.2,-868.4,0.0,0,43772.2441,-1.0000
118.549,1068,1051,Running,0,1,1,99,1,1,0.6000,0.0,0,0.000,0.000,0.000,33.0,-815.2,0.0,0,20197.6255,-1.0000
118.566,1066,1068,Running,0,1,1,99,1,1,0.6000,0.0,0,0.000,0.000,0.000,32.1,-793.5,0.0,0,40810.0153,-1.0000
118.583,1067,1082,Running,0,1,1,99,1,1,0.6000,0.0,0,0.000,0.000,0.000,32.9,-811.9,0.0,0,1118.5591,-1.0000
118.599,1069,1078,Running,0,1,1,99,1,1,0.6000,0.0,0,0.000,0.000,0.000,33.6,-830.0,0.0,0,50126.0942,-1.0000
118.616,1072,1087,Running,0,1,1,99,1,1,0.6000,0.0,0,0.000,0.000,0.000,34.0,-840.4,0.0,0,37499.0100,-1.0000
118.633,1076,1100,Running,0,1,1,99,1,1,0.6000,0.0,0,0.000,0.000,0.000,34.7,-856.3,0.0,0,50802.1259,-1.0000
118.649,1078,1075,Running,0,1,1,99,1,1,0.6000,0.0,0,0.000,0.000,0.000,34.4,-850.8,0.0,0,69297.7350,-1.0000
118.666,1073,1043,Running,0,1,1,99,1,1,0.6000,0.0,0,0.000,0.000,0.000,31.4,-775.4,0.0,0,-21313.1252,-1.0000
118.683,1068,1039,Running,0,1,1,99,1,1,0.6000,0.0,0,0.000,0.000,0.000,31.2,-769.9,0.0,0,30428.5901,-1.0000
118.699,1064,1042,Running,0,1,1,99,1,1,0.6000,0.0,0,0.000,0.000,0.000,31.5,-777.0,0.0,0,2497.0073,-1.0000
118.716,1062,1044,Running,0,1,1,99,1,1,0.6000,0.0,0,0.000,0.000,0.000,31.6,-781.0,0.0,0,41817.2763,-1.0000
118.733,1060,1056,Running,0,1,1,99,1,1,0.6000,0.0,0,0.000,0.000,0.000,31.9,-787.0,0.0,0,41651.8654,-1.0000
118.749,1059,1057,Running,0,1,1,99,1,1,0.6000,0.0,0,0.000,0.000,0.000,32.0,-791.0,0.0,0,42657.2708,-1.0000
118.766,1056,1007,Running,0,1,1,99,1,1,0.6000,0.0,0,0.000,0.000,0.000,31.0,-766.4,0.0,0,38882.6876,-1.0000
118.783,1045,985,Running,0,1,1,99,1,1,0.6000,0.0,0,0.000,0.000,0.000,28.1,-693.8,0.0,0,-16119.8843,-1.0000
118.799,1036,978,Running,0,1,1,99,1,1,0.6000,0.0,0,0.000,0.000,0.000,27.8,-687.2,0.0,0,21997.3829,-1.0000
118.816,1028,979,Running,0,1,1,99,1,1,0.6000,0.0,0,0.000,0.000,0.000,27.9,-688.5,0.0,0,-4863.5164,-1.0000
118.833,1021,973,Running,0,1,1,99,1,1,0.6000,0.0,0,0.000,0.000,0.000,27.8,-687.2,0.0,0,33963.6259,-1.0000
118.849,1015,978,Running,0,1,1,99,1,1,0.6000,0.0,0,0.000,0.000,0.000,27.8,-686.5,0.0,0,27591.5480,-1.0000
118.866,1010,979,Running,0,1,1,99,1,1,0.6000,0.0,0,0.000,0.000,0.000,27.8,-687.5,0.0,0,32635.2206,-1.0000
118.883,1004,960,Running,0,1,1,99,1,1,0.6000,0.0,0,0.000,0.000,0.000,27.2,-672.9,0.0,0,36377.9943,-1.0000
118.899,991,911,Running,0,1,1,99,1,1,0.6000,0.0,0,0.000,0.000,0.000,24.4,-603.8,0.0,0,-16660.6515,-1.0000
118.916,978,909,Running,0,1,1,99,1,1,0.6000,0.0,0,0.000,0.000,0.000,23.6,-584.2,0.0,0,24423.1025,-1.0000
118.933,967,909,Running,5,1,1,99,1,1,0.6000,0.0,0,0.000,0.000,0.000,23.5,-580.7,0.0,0,-13929.3911,-1.0000
118.949,957,910,Running,5,1,1,99,1,1,0.6000,0.0,0,0.000,0.000,0.000,23.7,-584.9,0.0,0,27885.0538,-1.0000
118.966,949,908,Running,5,1,1,99,1,1,0.6000,0.0,0,0.000,0.000,0.000,23.4,-579.1,0.0,0,20638.4641,-1.0000
118.983,942,911,Running,5,1,1,99,1,1,0.6000,0.0,0,0.000,0.000,0.000,23.6,-582.2,0.0,0,22712.0908,-1.0000
118.999,936,907,Running,5,1,1,99,1,1,0.6000,0.0,0,0.000,0.000,0.000,23.6,-582.7,0.0,0,23075.2567,-1.0000
119.016,930,881,Running,5,1,1,99,1,1,0.6000,0.0,0,0.000,0.000,0.000,23.0,-568.6,0.0,0,30949.4730,-1.0000
119.024,916,835,Running,5,1,1,99,1,1,0.6000,0.0,0,0.000,0.000,0.000,20.4,-503.4,0.0,0,-26377.8757,-1.0000
119.049,903,835,Running,5,1,1,99,1,1,0.6000,0.0,0,0.000,0.000,0.000,20.0,-494.9,0.0,0,17668.5016,-1.0000
119.066,893,837,Running,7,1,1,99,1,1,0.6000,0.0,0,0.000,0.000,0.000,20.3,-500.5,0.0,0,-9835.1863,-1.0000
119.083,887,846,Running,7,1,1,99,1,1,0.6000,0.0,0,0.000,0.000,0.000,20.8,-514.0,0.0,0,13666.3517,-1.0000
119.099,882,848,Running,7,1,1,99,1,1,0.6000,0.0,0,0.000,0.000,0.000,21.1,-520.8,0.0,0,23166.8370,-1.0000
119.116,879,862,Running,6,1,1,99,1,1,0.6000,0.0,0,0.000,0.000,0.000,21.6,-533.3,0.0,0,21792.8471,-1.0000
119.133,879,874,Running,6,1,1,99,1,1,0.6000,0.0,0,0.000,0.000,0.000,22.2,-549.5,0.0,0,27090.0695,-1.0000
119.149,880,873,Running,5,1,1,99,1,1,0.6000,0.0,0,0.000,0.000,0.000,22.5,-554.9,0.0,0,27092.9432,-1.0000
119.166,876,812,Running,5,1,1,99,1,1,0.6000,0.0,0,0.000,0.000,0.000,21.1,-520.1,0.0,0,15919.2518,-1.0000
119.183,869,829,Running,5,1,1,99,1,1,0.6000,0.0,0,0.000,0.000,0.000,19.8,-488.8,0.0,0,-1158.8827,-1.0000
119.199,865,851,Running,8,1,1,99,1,1,0.6000,0.0,0,0.000,0.000,0.000,20.6,-508.2,0.0,0,23465.4717,-1.0000
119.216,865,878,Running,7,1,1,99,1,1,0.6000,0.0,0,0.000,0.000,0.000,21.6,-532.5,0.0,0,-10100.9055,-1.0000
119.233,869,894,Running,7,1,1,99,1,1,0.6000,0.0,0,0.000,0.000,0.000,22.6,-558.4,0.0,0,44476.6891,-1.0000
119.249,874,917,Running,6,1,1,99,1,1,0.6000,0.0,0,0.000,0.000,0.000,23.5,-581.3,0.0,0,30927.1544,-1.0000
119.266,883,939,Running,5,1,1,99,1,1,0.6000,0.0,0,0.000,0.000,0.000,24.8,-613.5,0.0,0,35989.4412,-1.0000
119.283,892,946,Running,5,1,1,99,1,1,0.6000,0.0,0,0.000,0.000,0.000,25.8,-637.1,0.0,0,36020.0589,-1.0000
119.299,898,891,Running,5,1,1,99,1,1,0.6000,0.0,0,0.000,0.000,0.000,25.1,-619.4,0.0,0,32988.6691,-1.0000
119.316,899,908,Running,5,1,1,99,1,1,0.6000,0.0,0,0.000,0.000,0.000,23.5,-581.0,0.0,0,-4076.6238,-1.0000
119.333,904,932,Running,5,1,1,99,1,1,0.6000,0.0,0,0.000,0.000,0.000,24.8,-612.2,0.0,0,27986.8115,-1.0000
119.349,912,961,Running,5,1,1,99,1,1,0.6000,0.0,0,0.000,0.000,0.000,26.3,-649.1,0.0,0,12350.8060,-1.0000
119.366,922,982,Running,5,1,1,99,1,1,0.6000,0.0,0,0.000,0.000,0.000,27.6,-681.8,0.0,0,45757.4718,-1.0000
119.383,935,1014,Running,5,1,1,99,1,1,0.6000,0.0,0,0.000,0.000,0.000,29.0,-716.5,0.0,0,44205.6493,-1.0000
119.399,949,1040,Running,5,1,1,99,1,1,0.6000,0.0,0,0.000,0.000,0.000,30.5,-753.1,0.0,0,53870.8499,-1.0000
119.416,963,1026,Running,5,1,1,99,1,1,0.6000,0.0,0,0.000,0.000,0.000,31.1,-767.4,0.0,0,75828.1245,-1.0000
119.433,968,1003,Running,5,1,1,99,1,1,0.6000,0.0,0,0.000,0.000,0.000,28.5,-703.8,0.0,0,-20085.9755,-1.0000
119.449,974,1020,Running,5,1,1,99,1,1,0.6000,0.0,0,0.000,0.000,0.000,29.2,-721.7,0.0,0,41516.7356,-1.0000
119.466,983,1039,Running,5,1,1,99,1,1,0.6000,0.0,0,0.000,0.000,0.000,30.5,-754.7,0.0,0,4603.1571,-1.0000
119.483,993,1052,Running,5,1,1,99,1,1,0.6000,0.0,0,0.000,0.000,0.000,31.8,-785.2,0.0,0,51467.3279,-1.0000
119.499,1005,1082,Running,5,1,1,99,1,1,0.6000,0.0,0,0.000,0.000,0.000,33.0,-815.7,0.0,0,49944.2507,-1.0000
119.516,1018,1103,Running,5,1,1,99,1,1,0.6000,0.0,0,0.000,0.000,0.000,34.3,-848.4,0.0,0,63429.5813,-1.0000
119.533,1030,1064,Running,5,1,1,99,1,1,0.6000,0.0,0,0.000,0.000,0.000,34.4,-849.8,0.0,0,65128.6621,-1.0000
119.549,1033,1050,Running,0,1,1,99,1,1,0.6000,0.0,0,0.000,0.000,0.000,31.7,-782.5,0.0,0,-15481.7269,-1.0000
119.566,1037,1061,Running,0,1,1,99,1,1,0.6000,0.0,0,0.000,0.000,0.000,32.4,-799.6,0.0,0,29059.8976,-1.0000
119.583,1044,1086,Running,0,1,1,99,1,1,0.6000,0.0,0,0.000,0.000,0.000,33.5,-828.7,0.0,0,33356.6222,-1.0000
119.599,1051,1106,Running,0,1,1,99,1,1,0.6000,0.0,0,0.000,0.000,0.000,34.5,-851.3,0.0,0,59002.4267,-1.0000
119.616,1060,1120,Running,0,1,1,99,1,1,0.6000,0.0,0,0.000,0.000,0.000,35.5,-876.7,0.0,0,51703.8962,-1.0000
119.633,1069,1111,Running,0,1,1,99,1,1,0.6000,0.0,0,0.000,0.000,0.000,35.9,-888.0,0.0,0,40290.6745,-1.0000
119.649,1072,1055,Running,0,1,1,99,1,1,0.6000,0.0,0,0.000,0.000,0.000,34.1,-842.6,0.0,0,24298.5366,-1.0000
119.666,1070,1067,Running,0,1,1,99,1,1,0.6000,0.0,0,0.000,0.000,0.000,32.5,-802.6,0.0,0,27043.0215,-1.0000
119.683,1070,1083,Running,0,1,1,99,1,1,0.6000,0.0,0,0.000,0.000,0.000,33.0,-814.5,0.0,0,11418.2654,-1.0000
119.699,1072,1082,Running,0,1,1,99,1,1,0.6000,0.0,0,0.000,0.000,0.000,33.6,-829.1,0.0,0,47501.3721,-1.0000
119.716,1073,1080,Running,0,1,1,99,1,1,0.6000,0.0,0,0.000,0.000,0.000,33.7,-831.9,0.0,0,33585.5158,-1.0000
119.733,1075,1083,Running,0,1,1,99,1,1,0.6000,0.0,0,0.000,0.000,0.000,34.0,-840.0,0.0,0,40031.1918,-1.0000
119.749,1076,1072,Running,0,1,1,99,1,1,0.6000,0.0,0,0.000,0.000,0.000,33.8,-833.8,0.0,0,52896.5110,-1.0000
119.766,1070,1029,Running,0,1,1,99,1,1,0.6000,0.0,0,0.000,0.000,0.000,30.8,-761.0,0.0,0,-4899.6743,-1.0000
119.783,1062,1027,Running,0,1,1,99,1,1,0.6000,0.0,0,0.000,0.000,0.000,30.1,-743.3,0.0,0,33804.9110,-1.0000
119.799,1056,1026,Running,0,1,1,99,1,1,0.6000,0.0,0,0.000,0.000,0.000,30.1,-743.6,0.0,0,-10852.6133,-1.0000
119.816,1051,1015,Running,0,1,1,99,1,1,0.6000,0.0,0,0.000,0.000,0.000,30.1,-744.8,0.0,0,41328.7727,-1.0000
119.833,1047,1016,Running,0,1,1,99,1,1,0.6000,0.0,0,0.000,0.000,0.000,30.0,-741.6,0.0,0,27790.4731,-1.0000
119.849,1043,1017,Running,0,1,1,99,1,1,0.6000,0.0,0,0.000,0.000,0.000,30.1,-743.3,0.0,0,35095.5237,-1.0000
119.866,1038,1001,Running,0,1,1,99,1,1,0.6000,0.0,0,0.000,0.000,0.000,29.6,-730.3,0.0,0,40832.5674,-1.0000
119.883,1026,953,Running,0,1,1,99,1,1,0.6000,0.0,0,0.000,0.000,0.000,26.7,-659.7,0.0,0,-11639.7219,-1.0000
119.899,1014,952,Running,0,1,1,99,1,1,0.6000,0.0,0,0.000,0.000,0.000,25.8,-638.3,0.0,0,28269.6344,-1.0000
119.916,1003,955,Running,0,1,1,99,1,1,0.6000,0.0,0,0.000,0.000,0.000,25.7,-634.6,0.0,0,-15031.7255,-1.0000
119.933,995,952,Running,0,1,1,99,1,1,0.6000,0.0,0,0.000,0.000,0.000,25.8,-637.4,0.0,0,34548.2758,-1.0000
119.949,986,950,Running,0,1,1,99,1,1,0.6000,0.0,0,0.000,0.000,0.000,25.5,-630.6,0.0,0,22028.7743,-1.0000
119.966,980,949,Running,0,1,1,99,1,1,0.6000,0.0,0,0.000,0.000,0.000,25.6,-632.3,0.0,0,25202.4849,-1.0000
119.983,973,935,Running,0,1,1,99,1,1,0.6000,0.0,0,0.000,0.000,0.000,25.4,-626.3,0.0,0,23090.5829,-1.0000
119.999,964,881,Running,5,1,1,99,1,1,0.6000,0.0,0,0.000,0.000,0.000,24.1,-594.8,0.0,0,25230.8830,-1.0000
