timestamp_ms,vehicle_id,speed_kmh,throttle_percent,brake_light,acceleration_g,steering_angle_deg,motor_rpm,motor_hv_voltage,motor_hv_current,motor_torque_nm,gear_selector,dbc_signal_count
1786538088200,tesla,,,,,,,,,,,0
1786538088200,tesla,,,,,,,,,,,0
1786538088202,tesla,,,,,,,,,,,0
1786538088205,tesla,,,,,,,,,,,0
1786538088208,tesla,,,,,,,,,,,0
1786538088211,tesla,,,,,,,,,,,0
1786538088213,tesla,,,,,,,,,,,0
1786538088216,tesla,,,,,,,,,,,0
1786538088219,tesla,,,,,,,,,,,0
1786538088219,tesla,,,,,,,,,,,0
1786538088222,tesla,,,,,,,,,,,0
1786538088225,tesla,,,,,,,,,,,0
1786538088227,tesla,,,,,,,,,,,0
1786538088230,tesla,,,,,,,,,,,0
1786538088233,tesla,,,,,,,,,,,0
1786538088233,tesla,,,,,,,,,,,0
1786538088236,tesla,,,,,,,,,,,0
1786538088239,tesla,,,,,,,,,,,0
1786538088241,tesla,,,,,,,,,,,0
1786538088244,tesla,,,,,,,,,,,0
1786538088247,tesla,,,,,,,,,,,0
1786538088247,tesla,,,,,,,,,,,0
1786538088250,tesla,,,,,,,,,,,0
1786538088252,tesla,,,,,,,,,,,0
1786538088255,tesla,,,,,,,,,,,0
1786538088255,tesla,,,,,,,,,,,0
1786538088258,tesla,,,,,,,,,,,0
1786538088261,tesla,,,,,,,,,,,0
1786538088261,tesla,,,,,,,,,,,0
1786538088264,tesla,,,,,,,,,,,0
1786538088266,tesla,,,,,,,,,,,0
1786538088269,tesla,,,,,,,,,,,0
1786538088272,tesla,,,,,,,,,,,0
1786538088275,tesla,,,,,,,,,,,0
1786538088277,tesla,,,,,,,,,,,0
1786538088280,tesla,,,,,,,,,,,0
1786538088280,tesla,,,,,,,,,,,0
1786538088283,tesla,,,,,,,,,,,0
1786538088286,tesla,,,,,,,,,,,0
1786538088286,tesla,,,,,,,,,,,0
1786538088288,tesla,,,,,,,,,,,0
1786538088291,tesla,,,,,,,,,,,0
1786538088291,tesla,,,,,,,,,,,0
1786538088294,tesla,,,,,,,,,,,0
1786538088297,tesla,,,,,,,,,,,0
1786538088300,tesla,,,,,,,,,,,0
1786538088300,tesla,,,,,,,,,,,0
1786538088302,tesla,,,,,,,,,,,0
1786538088305,tesla,,,,,,,,,,,0
1786538088308,tesla,,,,,,,,,,,0
1786538088311,tesla,,,,,,,,,,,0
1786538088311,tesla,,,,,,,,,,,0
1786538088313,tesla,,,,,,,,,,,0
1786538088316,tesla,,,,,,,,,,,0
1786538088316,tesla,,,,,,,,,,,0
1786538088319,tesla,,,,,,,,,,,0
1786538088322,tesla,,,,,,,,,,,0
1786538088325,tesla,,,,,,,,,,,0
1786538088327,tesla,,,,,,,,,,,0
1786538088327,tesla,,,,,,,,,,,0
1786538088330,tesla,,,,,,,,,,,0
1786538088333,tesla,,,,,,,,,,,0
1786538088333,tesla,,,,,,,,,,,0
1786538088336,tesla,,,,,,,,,,,0
1786538088338,tesla,,,,,,,,,,,0
1786538088339,tesla,,,,,,,,,,,0
1786538088341,tesla,,,,,,,,,,,0
1786538088344,tesla,,,,,,,,,,,0
1786538088347,tesla,,,,,,,,,,,0
1786538088350,tesla,,,,,,,,,,,0
1786538088352,tesla,,,,,,,,,,,0
1786538088352,tesla,,0.00,,,,,,,,P,2
1786538088355,tesla,,0.00,,,101.00,,,,,P,3
1786538088358,tesla,,0.00,,,101.00,,,,,P,3
1786538088361,tesla,,0.00,,,101.00,,,,,P,3
1786538088363,tesla,,0.00,,,101.00,,,,,P,3
1786538088366,tesla,,0.00,,,101.00,,,,,P,3
1786538088366,tesla,,0.00,,,101.00,,,,,P,3
1786538088369,tesla,,0.00,,,101.00,,,,,P,3
1786538088372,tesla,,0.00,,,101.00,,,,,P,3
1786538088375,tesla,,0.00,,,101.00,,,,,P,3
1786538088375,tesla,,0.00,,,101.00,,,,,P,3
1786538088377,tesla,,0.00,,,101.00,,,,0.00,P,4
1786538088380,tesla,,0.00,,,101.00,,,,0.00,P,4
1786538088383,tesla,,0.00,,,101.00,,,,0.00,P,4
1786538088386,tesla,,0.00,,,101.00,,,,0.00,P,4
1786538088386,tesla,,0.00,,,101.00,,,,0.00,P,4
1786538088388,tesla,,0.00,,,101.00,,,,0.00,P,4
1786538088391,tesla,,0.00,,,101.00,,,,0.00,P,4
1786538088394,tesla,,0.00,,,101.00,,,,0.00,P,4
1786538088397,tesla,,0.00,,,101.00,,,,0.00,P,4
1786538088400,tesla,,0.00,,,101.00,,,,0.00,P,4
1786538088402,tesla,,0.00,,,101.00,,,,0.00,P,4
1786538088402,tesla,,0.00,,,101.00,,,,0.00,P,4
1786538088405,tesla,,0.00,,,101.00,,,,0.00,P,4
1786538088408,tesla,,0.00,,,101.00,,,,0.00,P,4
1786538088411,tesla,,0.00,,,101.00,,,,0.00,P,4
1786538088411,tesla,,0.00,,,101.00,,,,0.00,P,4
1786538088413,tesla,,0.00,,,101.00,,,,0.00,P,4
1786538088416,tesla,,0.00,,,101.00,,,,0.00,P,4
1786538088419,tesla,,0.00,,,101.00,,,,0.00,P,4
1786538088422,tesla,,0.00,,,101.00,,,,0.00,P,4
1786538088425,tesla,,0.00,,,101.00,,,,0.00,P,4
1786538088425,tesla,,0.00,,,101.00,,,,0.00,P,4
1786538088425,tesla,,0.00,,,101.00,,,,0.00,P,4
1786538088427,tesla,,0.00,,,101.00,,,,0.00,P,4
1786538088430,tesla,,0.00,,,101.00,,,,0.00,P,4
1786538088433,tesla,,0.00,,,101.00,,,,0.00,P,4
1786538088436,tesla,,0.00,,,101.00,,,,0.00,P,4
1786538088436,tesla,,0.00,,,101.00,,,,0.00,P,4
1786538088438,tesla,,0.00,,,101.00,,,,0.00,P,4
1786538088439,tesla,,0.00,,,101.00,,,,0.00,P,4
1786538088441,tesla,,0.00,,,101.00,,,,0.00,P,4
1786538088444,tesla,,0.00,,,101.00,,,,0.00,P,4
1786538088447,tesla,,0.00,,,101.00,,,,0.00,P,4
1786538088447,tesla,,0.00,,,101.00,,,,0.00,P,4
1786538088450,tesla,,0.00,,,101.00,,,,0.00,P,4
1786538088452,tesla,,0.00,,,101.00,,,,0.00,P,4
1786538088455,tesla,,0.00,,,101.00,,,,0.00,P,4
1786538088458,tesla,,0.00,,,101.00,,,,0.00,P,4
1786538088461,tesla,,0.00,,,101.00,,,,0.00,P,4
1786538088463,tesla,,0.00,,,101.00,,,,0.00,P,4
1786538088464,tesla,,0.00,,,101.00,,,,0.00,P,4
1786538088466,tesla,,0.00,,,101.00,,,,0.00,P,4
1786538088469,tesla,,0.00,,,101.00,,,,0.00,P,4
1786538088472,tesla,,0.00,,,101.00,,,,0.00,P,4
1786538088475,tesla,,0.00,,,101.00,,,,0.00,P,4
1786538088477,tesla,,0.00,,,101.00,,,,0.00,P,4
1786538088480,tesla,,0.00,,,101.00,,,,0.00,P,4
1786538088483,tesla,,0.00,,,101.00,,,,0.00,P,4
1786538088483,tesla,,0.00,,,101.00,,,,0.00,P,4
1786538088486,tesla,,0.00,,,101.00,,,,0.00,P,4
1786538088486,tesla,,0.00,,,101.00,,,,0.00,P,4
1786538088488,tesla,,0.00,,,101.00,,,,0.00,P,4
1786538088491,tesla,,0.00,,,101.00,,,,0.00,P,4
1786538088494,tesla,,0.00,,,101.00,,,,0.00,P,4
1786538088497,tesla,,0.00,,,101.00,,,,0.00,P,4
1786538088500,tesla,,0.00,,,101.00,,,,0.00,P,4
1786538088500,tesla,,0.00,,,101.00,,,,0.00,P,4
1786538088502,tesla,,0.00,,,101.00,,,,0.00,P,4
1786538088505,tesla,,0.00,,,101.00,,,,0.00,P,4
1786538088508,tesla,,0.00,,,101.00,,,,0.00,P,4
1786538088508,tesla,,0.00,,,101.00,,,,0.00,P,4
1786538088511,tesla,,0.00,,,101.00,,,,0.00,P,4
1786538088513,tesla,,0.00,,,101.00,,,,0.00,P,4
1786538088516,tesla,,0.00,,,101.00,,,,0.00,P,4
1786538088519,tesla,,0.00,,,101.00,,,,0.00,P,4
1786538088519,tesla,,0.00,,,101.00,,,,0.00,P,4
1786538088522,tesla,,0.00,,,101.00,,,,0.00,P,4
1786538088525,tesla,,0.00,,,101.00,,,,0.00,P,4
1786538088527,tesla,,0.00,,,101.00,,,,0.00,P,4
1786538088527,tesla,,0.00,,,101.00,,,,0.00,P,4
1786538088530,tesla,,0.00,,,101.00,,,,0.00,P,4
1786538088533,tesla,,0.00,,,101.00,,,,0.00,P,4
1786538088536,tesla,,0.00,,,101.00,,,,0.00,P,4
1786538088538,tesla,,0.00,,,101.00,,,,0.00,P,4
1786538088539,tesla,,0.00,,,101.00,,,,0.00,P,4
1786538088541,tesla,,0.00,,,101.00,,,,0.00,P,4
1786538088544,tesla,,0.00,,,101.00,,,,0.00,P,4
1786538088547,tesla,,0.00,,,101.00,,,,0.00,P,4
1786538088547,tesla,,0.00,,,101.00,,,,0.00,P,4
1786538088550,tesla,,0.00,,,101.00,,,,0.00,P,4
1786538088552,tesla,,0.00,,,101.00,,,,0.00,P,4
1786538088555,tesla,,0.00,,,101.00,,,,0.00,P,4
1786538088555,tesla,,0.00,,,101.00,,,,0.00,P,4
1786538088558,tesla,,0.00,,,101.00,,,,0.00,P,4
1786538088561,tesla,,0.00,,,101.00,,,,0.00,P,4
1786538088564,tesla,,0.00,,,101.00,,,,0.00,P,4
1786538088566,tesla,0.00,0.00,,,101.00,,,,0.00,P,5
1786538088566,tesla,0.00,0.00,,,101.00,,,,0.00,P,5
1786538088569,tesla,0.00,0.00,,,101.00,,,,0.00,P,5
1786538088572,tesla,0.00,0.00,,,101.00,,,,0.00,P,5
1786538088575,tesla,0.00,0.00,,,101.00,,,,0.00,P,5
1786538088577,tesla,0.00,0.00,,,101.00,,,,0.00,P,5
1786538088578,tesla,0.00,0.00,,,101.00,,,,0.00,P,5
1786538088580,tesla,0.00,0.00,,,101.00,,,,0.00,P,5
1786538088583,tesla,0.00,0.00,,,101.00,,,,0.00,P,5
1786538088586,tesla,0.00,0.00,,,101.00,,,,0.00,P,5
1786538088586,tesla,0.00,0.00,,,101.00,,,,0.00,P,5
1786538088589,tesla,0.00,0.00,,,101.00,,,,0.00,P,5
1786538088591,tesla,0.00,0.00,,,101.00,,,,0.00,P,5
1786538088594,tesla,0.00,0.00,,,101.00,,,,0.00,P,5
1786538088597,tesla,0.00,0.00,,,101.00,,,,0.00,P,5
1786538088597,tesla,0.00,0.00,,,101.00,,,,0.00,P,5
1786538088600,tesla,0.00,0.00,,,101.00,,,,0.00,P,5
1786538088602,tesla,0.00,0.00,,,101.00,,,,0.00,P,5
1786538088605,tesla,0.00,0.00,,,101.00,,,,0.00,P,5
1786538088605,tesla,0.00,0.00,,,101.00,,,,0.00,P,5
1786538088608,tesla,0.00,0.00,,,101.00,,,,0.00,P,5
1786538088611,tesla,0.00,0.00,,,101.00,,,,0.00,P,5
1786538088613,tesla,0.00,0.00,,,101.00,,,,0.00,P,5
1786538088614,tesla,0.00,0.00,,,101.00,,,,0.00,P,5
1786538088616,tesla,0.00,0.00,,,101.00,,,,0.00,P,5
1786538088619,tesla,0.00,0.00,,,101.00,,,,0.00,P,5
1786538088622,tesla,0.00,0.00,,,101.00,,,,0.00,P,5
1786538088625,tesla,0.00,0.00,,,101.00,,,,0.00,P,5
1786538088627,tesla,0.00,0.00,,,101.00,,,,0.00,P,5
1786538088628,tesla,0.00,0.00,,,101.00,,,,0.00,P,5
1786538088630,tesla,0.00,0.00,,,101.00,,,,0.00,P,5
1786538088633,tesla,0.00,0.00,,,101.00,,,,0.00,P,5
1786538088636,tesla,0.00,0.00,,,101.00,,,,0.00,P,5
1786538088639,tesla,0.00,0.00,,,101.00,,,,0.00,P,5
1786538088639,tesla,0.00,0.00,,,101.00,,,,0.00,P,5
1786538088641,tesla,0.00,0.00,,,101.00,,,,0.00,P,5
1786538088642,tesla,0.00,0.00,,,101.00,,,,0.00,P,5
1786538088644,tesla,0.00,0.00,,,101.00,,,,0.00,P,5
1786538088647,tesla,0.00,0.00,,,101.00,,,,0.00,P,5
1786538088650,tesla,0.00,0.00,,,101.00,,,,0.00,P,5
1786538088652,tesla,0.00,0.00,,,101.00,,,,0.00,P,5
1786538088655,tesla,0.00,0.00,,,101.00,,,,0.00,P,5
1786538088658,tesla,0.00,0.00,,,101.00,,,,0.00,P,5
1786538088658,tesla,0.00,0.00,,,101.00,,,,0.00,P,5
1786538088661,tesla,0.00,0.00,,,101.00,,,,0.00,P,5
1786538088664,tesla,0.00,0.00,,,101.00,,,,0.00,P,5
1786538088666,tesla,0.00,0.00,,,101.00,,,,0.00,P,5
1786538088669,tesla,0.00,0.00,,,101.00,,,,0.00,P,5
1786538088672,tesla,0.00,0.00,,,101.00,,,,0.00,P,5
1786538088675,tesla,0.00,0.00,,,101.00,,,,0.00,P,5
1786538088677,tesla,0.00,0.00,,,101.00,,,,0.00,P,5
1786538088678,tesla,0.00,0.00,,,101.00,,,,0.00,P,5
1786538088680,tesla,0.00,0.00,,,101.00,,,,0.00,P,5
1786538088683,tesla,0.00,0.00,,,101.00,,,,0.00,P,5
1786538088683,tesla,0.00,0.00,,,101.00,,,,0.00,P,5
1786538088686,tesla,0.00,0.00,,,101.00,,,,0.00,P,5
1786538088689,tesla,0.00,0.00,,,101.00,,,,0.00,P,5
1786538088691,tesla,0.00,0.00,,,101.00,,,,0.00,P,5
1786538088694,tesla,0.00,0.00,,,101.00,,,,0.00,P,5
1786538088697,tesla,0.00,0.00,,,101.00,,,,0.00,P,5
1786538088697,tesla,0.00,0.00,,,101.00,,,,0.00,P,5
1786538088697,tesla,0.00,0.00,,,101.00,,,,0.00,P,5
1786538088700,tesla,0.00,0.00,,,101.00,,,,0.00,P,5
1786538088702,tesla,0.00,0.00,,,101.00,,,,0.00,P,5
1786538088705,tesla,0.00,0.00,,,101.00,,,,0.00,P,5
1786538088708,tesla,0.00,0.00,,,101.00,,,,0.00,P,5
1786538088711,tesla,0.00,0.00,,,101.00,,,,0.00,P,5
1786538088714,tesla,0.00,0.00,,,101.00,,,,0.00,P,5
1786538088716,tesla,0.00,0.00,,,101.00,,,,0.00,P,5
1786538088716,tesla,0.00,0.00,,,101.00,,,,0.00,P,5
1786538088719,tesla,0.00,0.00,,,101.00,,,,0.00,P,5
1786538088722,tesla,0.00,0.00,,,101.00,,,,0.00,P,5
1786538088725,tesla,0.00,0.00,,,101.00,,,,0.00,P,5
1786538088725,tesla,0.00,0.00,,,101.00,,,,0.00,P,5
1786538088727,tesla,0.00,0.00,,,101.00,,,,0.00,P,5
1786538088730,tesla,0.00,0.00,,,101.00,,,,0.00,P,5
1786538088733,tesla,0.00,0.00,,,101.00,,,,0.00,P,5
1786538088733,tesla,0.00,0.00,,,101.00,,,,0.00,P,5
1786538088736,tesla,0.00,0.00,,,101.00,,,,0.00,P,5
1786538088739,tesla,0.00,0.00,,,101.00,,,,0.00,P,5
1786538088741,tesla,0.00,0.00,,,101.00,,,,0.00,P,5
1786538088741,tesla,0.00,0.00,,,101.00,,,,0.00,P,5
1786538088744,tesla,0.00,0.00,,,101.00,,,,0.00,P,5
1786538088744,tesla,0.00,0.00,,,101.00,,,,0.00,P,5
1786538088747,tesla,0.00,0.00,,,101.00,,,,0.00,P,5
1786538088750,tesla,0.00,0.00,,,101.00,,,,0.00,P,5
1786538088752,tesla,0.00,0.00,,,101.00,,,,0.00,P,5
1786538088753,tesla,0.00,0.00,,,101.00,,,,0.00,P,5
1786538088755,tesla,0.00,0.00,,,101.00,,,,0.00,P,5
1786538088758,tesla,0.00,0.00,,,101.00,,,,0.00,P,5
1786538088761,tesla,0.00,0.00,,,101.00,,,,0.00,P,5
1786538088763,tesla,0.00,0.00,,,101.00,,,,0.00,P,5
1786538088766,tesla,0.00,0.00,,,101.00,,,,0.00,P,5
1786538088766,tesla,0.00,0.00,,,101.00,,,,0.00,P,5
1786538088769,tesla,0.00,0.00,,,101.00,,,,0.00,P,5
1786538088772,tesla,0.00,0.00,,,101.00,,,,0.00,P,5
1786538088775,tesla,0.00,0.00,,,101.00,,,,0.00,P,5
1786538088777,tesla,0.00,0.00,,,101.00,,,,0.00,P,5
1786538088780,tesla,0.00,0.00,,,101.00,,,,0.00,P,5
1786538088783,tesla,0.00,0.00,,,101.00,,,,0.00,P,5
1786538088783,tesla,0.00,0.00,,,101.00,,,,0.00,P,5
1786538088786,tesla,0.00,0.00,,,101.00,,,,0.00,P,5
1786538088788,tesla,0.00,0.00,,,101.00,,,,0.00,P,5
1786538088791,tesla,0.00,0.00,,,101.00,,,,0.00,P,5
1786538088794,tesla,0.00,0.00,,,101.00,,,,0.00,P,5
1786538088797,tesla,0.00,0.00,,,101.00,,,,0.00,P,5
1786538088797,tesla,0.00,0.00,,,101.00,,,,0.00,P,5
1786538088800,tesla,0.00,0.00,,,101.00,,,,0.00,P,5
1786538088802,tesla,0.00,0.00,,,101.00,,,,0.00,P,5
1786538088803,tesla,0.00,0.00,,,101.00,,,,0.00,P,5
1786538088805,tesla,0.00,0.00,,,101.00,,,,0.00,P,5
1786538088808,tesla,0.00,0.00,,,101.00,,,,0.00,P,5
1786538088811,tesla,0.00,0.00,,,101.00,,,,0.00,P,5
1786538088814,tesla,0.00,0.00,,,101.00,,,,0.00,P,5
1786538088814,tesla,0.00,0.00,,,101.00,,,,0.00,P,5
1786538088816,tesla,0.00,0.00,,,101.00,,,,0.00,P,5
1786538088819,tesla,0.00,0.00,,,101.00,,,,0.00,P,5
1786538088822,tesla,0.00,0.00,,,101.00,,,,0.00,P,5
1786538088822,tesla,0.00,0.00,,,101.00,,,,0.00,P,5
1786538088825,tesla,0.00,0.00,,,101.00,,,,0.00,P,5
1786538088825,tesla,0.00,0.00,,,101.00,,,,0.00,P,5
1786538088827,tesla,0.00,0.00,,,101.00,,,,0.00,P,5
1786538088830,tesla,0.00,0.00,,,101.00,,,,0.00,P,5
1786538088830,tesla,0.00,0.00,,,101.00,,,,0.00,P,5
1786538088833,tesla,0.00,0.00,,,101.00,,,,0.00,P,5
1786538088836,tesla,0.00,0.00,,,101.00,,,,0.00,P,5
1786538088839,tesla,0.00,0.00,,,101.00,,,,0.00,P,5
1786538088841,tesla,0.00,0.00,,,101.00,,,,0.00,P,5
1786538088844,tesla,0.00,0.00,,,101.00,,,,0.00,P,5
1786538088847,tesla,0.00,0.00,,,101.00,,,,0.00,P,5
1786538088847,tesla,0.00,0.00,,,101.00,,,,0.00,P,5
1786538088850,tesla,0.00,0.00,,,101.00,,,,0.00,P,5
1786538088852,tesla,0.00,0.00,,,101.00,,,,0.00,P,5
1786538088855,tesla,0.00,0.00,,,101.00,,,,0.00,P,5
1786538088858,tesla,0.00,0.00,,,101.00,,,,0.00,P,5
1786538088861,tesla,0.00,0.00,,,101.00,,,,0.00,P,5
1786538088861,tesla,0.00,0.00,,,101.00,,,,0.00,P,5
1786538088863,tesla,0.00,0.00,,,101.00,,,,0.00,P,5
1786538088866,tesla,0.00,0.00,,,101.00,,,,0.00,P,5
1786538088869,tesla,0.00,0.00,,,101.00,,,,0.00,P,5
1786538088872,tesla,0.00,0.00,,,101.00,,,,0.00,P,5
1786538088875,tesla,0.00,0.00,,,101.00,,,,0.00,P,5
1786538088877,tesla,0.00,0.00,,,101.00,,,,0.00,P,5
1786538088880,tesla,0.00,0.00,,,101.00,,,,0.00,P,5
1786538088880,tesla,0.00,0.00,,,101.00,,,,0.00,P,5
1786538088883,tesla,0.00,0.00,,,101.00,,,,0.00,P,5
1786538088886,tesla,0.00,0.00,,,101.00,,,,0.00,P,5
1786538088889,tesla,0.00,0.00,,,101.00,,,,0.00,P,5
1786538088891,tesla,0.00,0.00,,,101.00,,,,0.00,P,5
1786538088894,tesla,0.00,0.00,,,101.00,,,,0.00,P,5
1786538088897,tesla,0.00,0.00,,,101.00,,,,0.00,P,5
1786538088897,tesla,0.00,0.00,,,101.00,,,,0.00,P,5
1786538088900,tesla,0.00,0.00,,,101.00,,,,0.00,P,5
1786538088902,tesla,0.00,0.00,,,101.00,,,,0.00,P,5
1786538088905,tesla,0.00,0.00,,,101.00,,,,0.00,P,5
1786538088908,tesla,0.00,0.00,,,101.00,,,,0.00,P,5
1786538088911,tesla,0.00,0.00,,,101.00,,,,0.00,P,5
1786538088911,tesla,0.00,0.00,,,101.00,,,,0.00,P,5
1786538088914,tesla,0.00,0.00,,,101.00,,,,0.00,P,5
1786538088916,tesla,0.00,0.00,,,101.00,,,,0.00,P,5
1786538088919,tesla,0.00,0.00,,,101.00,,,,0.00,P,5
1786538088922,tesla,0.00,0.00,,,101.00,,,,0.00,P,5
1786538088925,tesla,0.00,0.00,,,101.00,,,,0.00,P,5
1786538088927,tesla,0.00,0.00,,,101.00,,,,0.00,P,5
1786538088927,tesla,0.00,0.00,,,101.00,,,,0.00,P,5
1786538088930,tesla,0.00,0.00,,,101.00,,,,0.00,P,5
1786538088933,tesla,0.00,0.00,,,101.00,,,,0.00,P,5
1786538088936,tesla,0.00,0.00,,,101.00,,,,0.00,P,5
1786538088939,tesla,0.00,0.00,,,101.00,,,,0.00,P,5
1786538088939,tesla,0.00,0.00,,,101.00,,,,0.00,P,5
1786538088941,tesla,0.00,0.00,,,101.00,,,,0.00,P,5
1786538088944,tesla,0.00,0.00,,,101.00,,,,0.00,P,5
1786538088947,tesla,0.00,0.00,,,101.00,,,,0.00,P,5
1786538088950,tesla,0.00,0.00,,,101.00,,,,0.00,P,5
1786538088950,tesla,0.00,0.00,,,101.00,,,,0.00,P,5
1786538088952,tesla,0.00,0.00,,,101.00,,,,0.00,P,5
1786538088955,tesla,0.00,0.00,,,101.00,,,,0.00,P,5
1786538088958,tesla,0.00,0.00,,,101.00,,,,0.00,P,5
1786538088961,tesla,0.00,0.00,,,101.00,,,,0.00,P,5
1786538088964,tesla,0.00,0.00,,,101.00,,,,0.00,P,5
1786538088966,tesla,0.00,0.00,,,101.00,,,,0.00,P,5
1786538088969,tesla,0.00,0.00,,,101.00,,,,0.00,P,5
1786538088969,tesla,0.00,0.00,,,101.00,,,,0.00,P,5
1786538088972,tesla,0.00,0.00,,,101.00,,,,0.00,P,5
1786538088975,tesla,0.00,0.00,,,101.00,,,,0.00,P,5
1786538088977,tesla,0.00,0.00,,,101.00,,,,0.00,P,5
1786538088980,tesla,0.00,0.00,,,101.00,,,,0.00,P,5
1786538088983,tesla,0.00,0.00,,,101.00,,,,0.00,P,5
1786538088986,tesla,0.00,0.00,,,101.00,,,,0.00,P,5
1786538088989,tesla,0.00,0.00,,,101.00,,,,0.00,P,5
1786538088989,tesla,0.00,0.00,,,101.00,,,,0.00,P,5
1786538088991,tesla,0.00,0.00,,,101.00,,,,0.00,P,5
1786538088994,tesla,0.00,0.00,,,101.00,,,,0.00,P,5
1786538088994,tesla,0.00,0.00,,,101.00,,,,0.00,P,5
1786538088997,tesla,0.00,0.00,,,101.00,,,,0.00,P,5
1786538089000,tesla,0.00,0.00,,,101.00,,,,0.00,P,5
1786538089000,tesla,0.00,0.00,,,101.00,,,,0.00,P,5
1786538089002,tesla,0.00,0.00,,,101.00,,,,0.00,P,5
1786538089005,tesla,0.00,0.00,,,101.00,,,,0.00,P,5
1786538089008,tesla,0.00,0.00,,,101.00,,,,0.00,P,5
1786538089008,tesla,0.00,0.00,,,101.00,,,,0.00,P,5
1786538089011,tesla,0.00,0.00,,,101.00,,,,0.00,P,5
1786538089014,tesla,0.00,0.00,,,101.00,,,,0.00,P,5
1786538089016,tesla,0.00,0.00,,,101.00,,,,0.00,P,5
1786538089019,tesla,0.00,0.00,,,101.00,,,,0.00,P,5
1786538089022,tesla,0.00,0.00,,,101.00,,,,0.00,P,5
1786538089022,tesla,0.00,0.00,,,101.00,,,,0.00,P,5
1786538089022,tesla,0.00,0.00,,,101.00,,,,0.00,P,5
1786538089025,tesla,0.00,0.00,,,101.00,,,,0.00,P,5
1786538089028,tesla,0.00,0.00,,,101.00,,,,0.00,P,5
1786538089105,tesla,0.00,0.00,,,101.00,,,,0.00,P,5
1786538089108,tesla,0.00,0.00,,,101.00,,,,0.00,P,5
1786538089108,tesla,0.00,0.00,,,101.00,,,,0.00,P,5
1786538089111,tesla,0.00,0.00,,,101.00,,,,0.00,P,5
1786538089114,tesla,0.00,0.00,,,101.00,,,,0.00,P,5
1786538089116,tesla,0.00,0.00,,,101.00,,,,0.00,P,5
1786538089119,tesla,0.00,0.00,,,101.00,,,,0.00,P,5
1786538089122,tesla,0.00,0.00,,,101.00,,,,0.00,P,5
1786538089125,tesla,0.00,0.00,,,101.00,,,,0.00,P,5
1786538089128,tesla,0.00,0.00,,,101.00,,,,0.00,P,5
1786538089128,tesla,0.00,0.00,,,101.00,,,,0.00,P,5
1786538089130,tesla,0.00,0.00,,,101.00,,,,0.00,P,5
1786538089133,tesla,0.00,0.00,,,101.00,,,,0.00,P,5
1786538089136,tesla,0.00,0.00,,,101.00,,,,0.00,P,5
1786538089136,tesla,0.00,0.00,,,101.00,,,,0.00,P,5
1786538089139,tesla,0.00,0.00,,,101.00,,,,0.00,P,5
1786538089141,tesla,0.00,0.00,,,101.00,,,,0.00,P,5
1786538089144,tesla,0.00,0.00,,,101.00,,,,0.00,P,5
1786538089147,tesla,0.00,0.00,,,101.00,,,,0.00,P,5
1786538089150,tesla,0.00,0.00,,,101.00,,,,0.00,P,5
1786538089153,tesla,0.00,0.00,,,101.00,,,,0.00,P,5
1786538089153,tesla,0.00,0.00,,,101.00,,,,0.00,P,5
1786538089155,tesla,0.00,0.00,,,101.00,,,,0.00,P,5
1786538089158,tesla,0.00,0.00,,,101.00,,,,0.00,P,5
1786538089161,tesla,0.00,0.00,,,101.00,,,,0.00,P,5
1786538089164,tesla,0.00,0.00,,,101.00,,,,0.00,P,5
1786538089166,tesla,0.00,0.00,,,101.00,,,,0.00,P,5
1786538089169,tesla,0.00,0.00,,,101.00,,,,0.00,P,5
1786538089172,tesla,0.00,0.00,,,101.00,,,,0.00,P,5
1786538089172,tesla,0.00,0.00,,,101.00,,,,0.00,P,5
1786538089175,tesla,0.00,0.00,,,101.00,,,,0.00,P,5
1786538089177,tesla,0.00,0.00,,,101.00,,,,0.00,P,5
1786538089180,tesla,0.00,0.00,,,101.00,,,,0.00,P,5
1786538089183,tesla,0.00,0.00,,,101.00,,,,0.00,P,5
1786538089186,tesla,0.00,0.00,,,101.00,,,,0.00,P,5
1786538089186,tesla,0.00,0.00,,,101.00,,,,0.00,P,5
1786538089189,tesla,0.00,0.00,,,101.00,,,,0.00,P,5
1786538089191,tesla,0.00,0.00,,,101.00,,,,0.00,P,5
1786538089194,tesla,0.00,0.00,,,101.00,,,,0.00,P,5
1786538089197,tesla,0.00,0.00,,,101.00,,,,0.00,P,5
1786538089197,tesla,0.00,0.00,,,101.00,,,,0.00,P,5
1786538089200,tesla,0.00,0.00,,,101.00,,,,0.00,P,5
1786538089202,tesla,0.00,0.00,,,101.00,,,,0.00,P,5
1786538089205,tesla,0.00,0.00,,,101.00,,,,0.00,P,5
1786538089208,tesla,0.00,0.00,,,101.00,,,,0.00,P,5
1786538089211,tesla,0.00,0.00,,,101.00,,,,0.00,P,5
1786538089214,tesla,0.00,0.00,,,101.00,,,,0.00,P,5
1786538089216,tesla,0.00,0.00,,,101.00,,,,0.00,P,5
1786538089216,tesla,0.00,0.00,,,101.00,,,,0.00,P,5
1786538089219,tesla,0.00,0.00,,,101.00,,,,0.00,P,5
1786538089222,tesla,0.00,0.00,,,101.00,,,,0.00,P,5
1786538089225,tesla,0.00,0.00,,,101.00,,,,0.00,P,5
1786538089225,tesla,0.00,0.00,,,101.00,,,,0.00,P,5
1786538089227,tesla,0.00,0.00,,,101.00,,,,0.00,P,5
1786538089230,tesla,0.00,0.00,,,101.00,,,,0.00,P,5
1786538089233,tesla,0.00,0.00,,,101.00,,,,0.00,P,5
1786538089236,tesla,0.00,0.00,,,101.00,,,,0.00,P,5
1786538089236,tesla,0.00,0.00,,,101.00,,,,0.00,P,5
1786538089239,tesla,0.00,0.00,,,101.00,,,,0.00,P,5
1786538089241,tesla,0.00,0.00,,,101.00,,,,0.00,P,5
1786538089244,tesla,0.00,0.00,,,101.00,,,,0.00,P,5
1786538089244,tesla,0.00,0.00,,,101.00,,,,0.00,P,5
1786538089247,tesla,0.00,0.00,,,101.00,,,,0.00,P,5
1786538089250,tesla,0.00,0.00,,,101.00,,,,0.00,P,5
1786538089253,tesla,0.00,0.00,,,101.00,,,,0.00,P,5
1786538089255,tesla,0.00,0.00,,,101.00,,,,0.00,P,5
1786538089258,tesla,0.00,0.00,,,101.00,,,,0.00,P,5
1786538089258,tesla,0.00,0.00,,,101.00,,,,0.00,P,5
1786538089261,tesla,0.00,0.00,,,101.00,,,,0.00,P,5
1786538089261,tesla,0.00,0.00,,,101.00,,,,0.00,P,5
1786538089264,tesla,0.00,0.00,,,101.00,,,,0.00,P,5
1786538089266,tesla,0.00,0.00,,,101.00,,,,0.00,P,5
1786538089269,tesla,0.00,0.00,,,101.00,,,,0.00,P,5
1786538089272,tesla,0.00,0.00,,,101.00,,,,0.00,P,5
1786538089272,tesla,0.00,0.00,,,101.00,,,,0.00,P,5
1786538089275,tesla,0.00,0.00,,,101.00,,,,0.00,P,5
1786538089277,tesla,0.00,0.00,,,101.00,,,,0.00,P,5
1786538089280,tesla,0.00,0.00,,,101.00,,,,0.00,P,5
1786538089283,tesla,0.00,0.00,,,101.00,,,,0.00,P,5
1786538089283,tesla,0.00,0.00,,,101.00,,,,0.00,P,5
1786538089286,tesla,0.00,0.00,,,101.00,,,,0.00,P,5
1786538089289,tesla,0.00,0.00,,,101.00,,,,0.00,P,5
1786538089291,tesla,0.00,0.00,,,101.00,,,,0.00,P,5
1786538089294,tesla,0.00,0.00,,,101.00,,,,0.00,P,5
1786538089297,tesla,0.00,0.00,,,101.00,,,,0.00,P,5
1786538089297,tesla,0.00,0.00,,,101.00,,,,0.00,P,5
1786538089300,tesla,0.00,0.00,,,101.00,,,,0.00,P,5
1786538089303,tesla,0.00,0.00,,,101.00,,,,0.00,P,5
1786538089305,tesla,0.00,0.00,,,101.00,,,,0.00,P,5
1786538089308,tesla,0.00,0.00,,,101.00,,,,0.00,P,5
1786538089308,tesla,0.00,0.00,,,101.00,,,,0.00,P,5
1786538089311,tesla,0.00,0.00,,,101.00,,,,0.00,P,5
1786538089314,tesla,0.00,0.00,,,101.00,,,,0.00,P,5
1786538089316,tesla,0.00,0.00,,,101.00,,,,0.00,P,5
1786538089319,tesla,0.00,0.00,,,101.00,,,,0.00,P,5
1786538089322,tesla,0.00,0.00,,,101.00,,,,0.00,P,5
1786538089325,tesla,0.00,0.00,,,101.00,,,,0.00,P,5
1786538089327,tesla,0.00,0.00,,,101.00,,,,0.00,P,5
1786538089328,tesla,0.00,0.00,,,101.00,,,,0.00,P,5
1786538089330,tesla,0.00,0.00,,,101.00,,,,0.00,P,5
1786538089333,tesla,0.00,0.00,,,101.00,,,,0.00,P,5
1786538089336,tesla,0.00,0.00,,,101.00,,,,0.00,P,5
1786538089339,tesla,0.00,0.00,,,101.00,,,,0.00,P,5
1786538089339,tesla,0.00,0.00,,,101.00,,,,0.00,P,5
1786538089341,tesla,0.00,0.00,,,101.00,,,,0.00,P,5
1786538089344,tesla,0.00,0.00,,,101.00,,,,0.00,P,5
1786538089344,tesla,0.00,0.00,,,101.00,,,,0.00,P,5
1786538089347,tesla,0.00,0.00,,,101.00,,,,0.00,P,5
1786538089350,tesla,0.00,0.00,,,101.00,,,,0.00,P,5
1786538089353,tesla,0.00,0.00,,,101.00,,,,0.00,P,5
1786538089355,tesla,0.00,0.00,,,101.00,,,,0.00,P,5
1786538089358,tesla,0.00,0.00,,,101.00,,,,0.00,P,5
1786538089361,tesla,0.00,0.00,,,101.00,,,,0.00,P,5
1786538089364,tesla,0.00,0.00,,,101.00,,,,0.00,P,5
1786538089364,tesla,0.00,0.00,,,101.00,,,,0.00,P,5
1786538089366,tesla,0.00,0.00,,,101.00,,,,0.00,P,5
1786538089369,tesla,0.00,0.00,,,101.00,,,,0.00,P,5
1786538089372,tesla,0.00,0.00,,,101.00,,,,0.00,P,5
1786538089375,tesla,0.00,0.00,,,101.00,,,,0.00,P,5
1786538089377,tesla,0.00,0.00,,,101.00,,,,0.00,P,5
1786538089380,tesla,0.00,0.00,,,101.00,,,,0.00,P,5
1786538089380,tesla,0.00,0.00,,,101.00,,,,0.00,P,5
1786538089383,tesla,0.00,0.00,,,101.00,,,,0.00,P,5
1786538089386,tesla,0.00,0.00,,,101.00,,,,0.00,P,5
1786538089389,tesla,0.00,0.00,,,101.00,,,,0.00,P,5
1786538089391,tesla,0.00,0.00,,,101.00,,,,0.00,P,5
1786538089394,tesla,0.00,0.00,,,101.00,,,,0.00,P,5
1786538089394,tesla,0.00,0.00,,,101.00,,,,0.00,P,5
1786538089397,tesla,0.00,0.00,,,101.00,,,,0.00,P,5
1786538089400,tesla,0.00,0.00,,,101.00,,,,0.00,P,5
1786538089403,tesla,0.00,0.00,,,101.00,,,,0.00,P,5
1786538089405,tesla,0.00,0.00,,,101.00,,,,0.00,P,5
1786538089408,tesla,0.00,0.00,,,101.00,,,,0.00,P,5
1786538089411,tesla,0.00,0.00,,,101.00,,,,0.00,P,5
1786538089411,tesla,0.00,0.00,,,101.00,,,,0.00,P,5
1786538089414,tesla,0.00,0.00,,,101.00,,,,0.00,P,5
1786538089416,tesla,0.00,0.00,,,101.00,,,,0.00,P,5
1786538089417,tesla,0.00,0.00,,,101.00,,,,0.00,P,5
1786538089419,tesla,0.00,0.00,,,101.00,,,,0.00,P,5
1786538089422,tesla,0.00,0.00,,,101.00,,,,0.00,P,5
1786538089425,tesla,0.00,0.00,,,101.00,,,,0.00,P,5
1786538089427,tesla,0.00,0.00,,,101.00,,,,0.00,P,5
1786538089430,tesla,0.00,0.00,,,101.00,,,,0.00,P,5
1786538089433,tesla,0.00,0.00,,,101.00,,,,0.00,P,5
1786538089433,tesla,0.00,0.00,,,101.00,,,,0.00,P,5
1786538089436,tesla,0.00,0.00,,,101.00,,,,0.00,P,5
1786538089439,tesla,0.00,0.00,,,101.00,,,,0.00,P,5
1786538089441,tesla,0.00,0.00,,,101.00,,,,0.00,P,5
1786538089444,tesla,0.00,0.00,,,101.00,,,,0.00,P,5
1786538089444,tesla,0.00,0.00,,,101.00,,,,0.00,P,5
1786538089447,tesla,0.00,0.00,,,101.00,,,,0.00,P,5
1786538089450,tesla,0.00,0.00,,,101.00,,,,0.00,P,5
1786538089453,tesla,0.00,0.00,,,101.00,,,,0.00,P,5
1786538089455,tesla,0.00,0.00,,,101.00,,,,0.00,P,5
1786538089455,tesla,0.00,0.00,,,101.00,,,,0.00,P,5
1786538089458,tesla,0.00,0.00,,,101.00,,,,0.00,P,5
1786538089461,tesla,0.00,0.00,,,101.00,,,,0.00,P,5
1786538089461,tesla,0.00,0.00,,,101.00,,,,0.00,P,5
1786538089464,tesla,0.00,0.00,,,101.00,,,,0.00,P,5
1786538089466,tesla,0.00,0.00,,,101.00,,,,0.00,P,5
1786538089469,tesla,0.00,0.00,,,101.00,,,,0.00,P,5
1786538089472,tesla,0.00,0.00,,,101.00,,,,0.00,P,5
1786538089472,tesla,0.00,0.00,,,101.00,,,,0.00,P,5
1786538089475,tesla,0.00,0.00,,,101.00,,,,0.00,P,5
1786538089477,tesla,0.00,0.00,,,101.00,,,,0.00,P,5
1786538089480,tesla,0.00,0.00,,,101.00,,,,0.00,P,5
1786538089480,tesla,0.00,0.00,,,101.00,,,,0.00,P,5
1786538089483,tesla,0.00,0.00,,,101.00,,,,0.00,P,5
1786538089486,tesla,0.00,0.00,,,101.00,,,,0.00,P,5
1786538089489,tesla,0.00,0.00,,,101.00,,,,0.00,P,5
1786538089491,tesla,0.00,0.00,,,101.00,,,,0.00,P,5
1786538089494,tesla,0.00,0.00,,,101.00,,,,0.00,P,5
1786538089494,tesla,0.00,0.00,,,101.00,,,,0.00,P,5
1786538089497,tesla,0.00,0.00,,,101.00,,,,0.00,P,5
1786538089500,tesla,0.00,0.00,,,101.00,,,,0.00,P,5
1786538089502,tesla,0.00,0.00,,,101.00,,,,0.00,P,5
1786538089505,tesla,0.00,0.00,,,101.00,,,,0.00,P,5
1786538089505,tesla,0.00,0.00,,,101.00,,,,0.00,P,5
1786538089508,tesla,0.00,0.00,,,101.00,,,,0.00,P,5
1786538089511,tesla,0.00,0.00,,,101.00,,,,0.00,P,5
1786538089514,tesla,0.00,0.00,,,101.00,,,,0.00,P,5
1786538089516,tesla,0.00,0.00,,,101.00,,,,0.00,P,5
1786538089519,tesla,0.00,0.00,,,101.00,,,,0.00,P,5
1786538089522,tesla,0.00,0.00,,,101.00,,,,0.00,P,5
1786538089525,tesla,0.00,0.00,,,101.00,,,,0.00,P,5
1786538089525,tesla,0.00,0.00,,,101.00,,,,0.00,P,5
1786538089528,tesla,0.00,0.00,,,101.00,,,,0.00,P,5
1786538089530,tesla,0.00,0.00,,,101.00,,,,0.00,P,5
1786538089533,tesla,0.00,0.00,,,101.00,,,,0.00,P,5
1786538089536,tesla,0.00,0.00,,,101.00,,,,0.00,P,5
1786538089536,tesla,0.00,0.00,,,101.00,,,,0.00,P,5
1786538089539,tesla,0.00,0.00,,,101.00,,,,0.00,P,5
1786538089541,tesla,0.00,0.00,,,101.00,,,,0.00,P,5
1786538089544,tesla,0.00,0.00,,,101.00,,,,0.00,P,5
1786538089547,tesla,0.00,0.00,,,101.00,,,,0.00,P,5
1786538089550,tesla,0.00,0.00,,,101.00,,,,0.00,P,5
1786538089550,tesla,0.00,0.00,,,101.00,,,,0.00,P,5
1786538089553,tesla,0.00,0.00,,,101.00,,,,0.00,P,5
1786538089555,tesla,0.00,0.00,,,101.00,,,,0.00,P,5
1786538089558,tesla,0.00,0.00,,,101.00,,,,0.00,P,5
1786538089561,tesla,0.00,0.00,,,101.00,,,,0.00,P,5
1786538089564,tesla,0.00,0.00,,,101.00,,,,0.00,P,5
1786538089564,tesla,0.00,0.00,,,101.00,,,,0.00,P,5
1786538089566,tesla,0.00,0.00,,,101.00,,,,0.00,P,5
1786538089569,tesla,0.00,0.00,,,101.00,,,,0.00,P,5
1786538089572,tesla,0.00,0.00,,,101.00,,,,0.00,P,5
1786538089575,tesla,0.00,0.00,,,101.00,,,,0.00,P,5
1786538089577,tesla,0.00,0.00,,,101.00,,,,0.00,P,5
1786538089580,tesla,0.00,0.00,,,101.00,,,,0.00,P,5
1786538089583,tesla,0.00,0.00,,,101.00,,,,0.00,P,5
1786538089583,tesla,0.00,0.00,,,101.00,,,,0.00,P,5
1786538089586,tesla,0.00,0.00,,,101.00,,,,0.00,P,5
1786538089589,tesla,0.00,0.00,,,101.00,,,,0.00,P,5
1786538089591,tesla,0.00,0.00,,,101.00,,,,0.00,P,5
1786538089594,tesla,0.00,0.00,,,101.00,,,,0.00,P,5
1786538089597,tesla,0.00,0.00,,,101.00,,,,0.00,P,5
1786538089597,tesla,0.00,0.00,,,101.00,,,,0.00,P,5
1786538089600,tesla,0.00,0.00,,,101.00,,,,0.00,P,5
1786538089602,tesla,0.00,0.00,,,101.00,,,,0.00,P,5
1786538089605,tesla,0.00,0.00,,,101.00,,,,0.00,P,5
1786538089608,tesla,0.00,0.00,,,101.00,,,,0.00,P,5
1786538089608,tesla,0.00,0.00,,,101.00,,,,0.00,P,5
1786538089611,tesla,0.00,0.00,,,101.00,,,,0.00,P,5
1786538089614,tesla,0.00,0.00,,,101.00,,,,0.00,P,5
1786538089616,tesla,0.00,0.00,,,101.00,,,,0.00,P,5
1786538089616,tesla,0.00,0.00,,,101.00,,,,0.00,P,5
1786538089619,tesla,0.00,0.00,,,101.00,,,,0.00,P,5
1786538089622,tesla,0.00,0.00,,,101.00,,,,0.00,P,5
1786538089625,tesla,0.00,0.00,,,101.00,,,,0.00,P,5
1786538089628,tesla,0.00,0.00,,,101.00,,,,0.00,P,5
1786538089630,tesla,0.00,0.00,,,101.00,,,,0.00,P,5
1786538089633,tesla,0.00,0.00,,,101.00,,,,0.00,P,5
1786538089633,tesla,0.00,0.00,,,101.00,,,,0.00,P,5
1786538089636,tesla,0.00,0.00,,,101.00,,,,0.00,P,5
1786538089639,tesla,0.00,0.00,,,101.00,,,,0.00,P,5
1786538089641,tesla,0.00,0.00,,,101.00,,,,0.00,P,5
1786538089644,tesla,0.00,0.00,,,101.00,,,,0.00,P,5
1786538089644,tesla,0.00,0.00,,,101.00,,,,0.00,P,5
1786538089647,tesla,0.00,0.00,,,101.00,,,,0.00,P,5
1786538089650,tesla,0.00,0.00,,,101.00,,,,0.00,P,5
1786538089653,tesla,0.00,0.00,,,101.00,,,,0.00,P,5
1786538089655,tesla,0.00,0.00,,,101.00,,,,0.00,P,5
1786538089655,tesla,0.00,0.00,,,101.00,,,,0.00,P,5
1786538089658,tesla,0.00,0.00,,,101.00,,,,0.00,P,5
1786538089658,tesla,0.00,0.00,,,101.00,,,,0.00,P,5
1786538089661,tesla,0.00,0.00,,,101.00,,,,0.00,P,5
1786538089664,tesla,0.00,0.00,,,101.00,,,,0.00,P,5
1786538089666,tesla,0.00,0.00,,,101.00,,,,0.00,P,5
1786538089669,tesla,0.00,0.00,,,101.00,,,,0.00,P,5
1786538089669,tesla,0.00,0.00,,,101.00,,,,0.00,P,5
1786538089672,tesla,0.00,0.00,,,101.00,,,,0.00,P,5
1786538089675,tesla,0.00,0.00,,,101.00,,,,0.00,P,5
1786538089677,tesla,0.00,0.00,,,101.00,,,,0.00,P,5
1786538089680,tesla,0.00,0.00,,,101.00,,,,0.00,P,5
1786538089683,tesla,0.00,0.00,,,101.00,,,,0.00,P,5
1786538089683,tesla,0.00,0.00,,,101.00,,,,0.00,P,5
1786538089686,tesla,0.00,0.00,,,101.00,,,,0.00,P,5
1786538089689,tesla,0.00,0.00,,,101.00,,,,0.00,P,5
1786538089691,tesla,0.00,0.00,,,101.00,,,,0.00,P,5
1786538089692,tesla,0.00,0.00,,,101.00,,,,0.00,P,5
1786538089694,tesla,0.00,0.00,,,101.00,,,,0.00,P,5
1786538089697,tesla,0.00,0.00,,,101.00,,,,0.00,P,5
1786538089700,tesla,0.00,0.00,,,101.00,,,,0.00,P,5
1786538089702,tesla,0.00,0.00,,,101.00,,,,0.00,P,5
1786538089703,tesla,0.00,0.00,,,101.00,,,,0.00,P,5
1786538089705,tesla,0.00,0.00,,,101.00,,,,0.00,P,5
1786538089708,tesla,0.00,0.00,,,101.00,,,,0.00,P,5
1786538089711,tesla,0.00,0.00,,,101.00,,,,0.00,P,5
1786538089714,tesla,0.00,0.00,,,101.00,,,,0.00,P,5
1786538089716,tesla,0.00,0.00,,,101.00,,,,0.00,P,5
1786538089719,tesla,0.00,0.00,,,101.00,,,,0.00,P,5
1786538089722,tesla,0.00,0.00,,,101.00,,,,0.00,P,5
1786538089722,tesla,0.00,0.00,,,101.00,,,,0.00,P,5
1786538089725,tesla,0.00,0.00,,,101.00,,,,0.00,P,5
1786538089728,tesla,0.00,0.00,,,101.00,,,,0.00,P,5
1786538089730,tesla,0.00,0.00,,,101.00,,,,0.00,P,5
1786538089733,tesla,0.00,0.00,,,101.00,,,,0.00,P,5
1786538089733,tesla,0.00,0.00,,,101.00,,,,0.00,P,5
1786538089736,tesla,0.00,0.00,,,101.00,,,,0.00,P,5
1786538089739,tesla,0.00,0.00,,,101.00,,,,0.00,P,5
1786538089741,tesla,0.00,0.00,,,101.00,,,,0.00,P,5
1786538089744,tesla,0.00,0.00,,,101.00,,,,0.00,P,5
1786538089747,tesla,0.00,0.00,,,101.00,,,,0.00,P,5
1786538089747,tesla,0.00,0.00,,,101.00,,,,0.00,P,5
1786538089750,tesla,0.00,0.00,,,101.00,,,,0.00,P,5
1786538089753,tesla,0.00,0.00,,,101.00,,,,0.00,P,5
1786538089755,tesla,0.00,0.00,,,101.00,,,,0.00,P,5
1786538089758,tesla,0.00,0.00,,,101.00,,,,0.00,P,5
1786538089761,tesla,0.00,0.00,,,101.00,,,,0.00,P,5
1786538089761,tesla,0.00,0.00,,,101.00,,,,0.00,P,5
1786538089764,tesla,0.00,0.00,,,101.00,,,,0.00,P,5
1786538089766,tesla,0.00,0.00,,,101.00,,,,0.00,P,5
1786538089769,tesla,0.00,0.00,,,101.00,,,,0.00,P,5
1786538089769,tesla,0.00,0.00,,,101.00,,,,0.00,P,5
1786538089772,tesla,0.00,0.00,,,101.00,,,,0.00,P,5
1786538089775,tesla,0.00,0.00,,,101.00,,,,0.00,P,5
1786538089777,tesla,0.00,0.00,,,101.00,,,,0.00,P,5
1786538089780,tesla,0.00,0.00,,,101.00,,,,0.00,P,5
1786538089780,tesla,0.00,0.00,,,101.00,,,,0.00,P,5
1786538089783,tesla,0.00,0.00,,,101.00,,,,0.00,P,5
1786538089786,tesla,0.00,0.00,,,101.00,,,,0.00,P,5
1786538089789,tesla,0.00,0.00,,,101.00,,,,0.00,P,5
1786538089791,tesla,0.00,0.00,,,101.00,,,,0.00,P,5
1786538089794,tesla,0.00,0.00,,,101.00,,,,0.00,P,5
1786538089797,tesla,0.00,0.00,,,101.00,,,,0.00,P,5
1786538089800,tesla,0.00,0.00,,,101.00,,,,0.00,P,5
1786538089800,tesla,0.00,0.00,,,101.00,,,,0.00,P,5
1786538089802,tesla,0.00,0.00,,,101.00,,,,0.00,P,5
1786538089805,tesla,0.00,0.00,,,101.00,,,,0.00,P,5
1786538089808,tesla,0.00,0.00,,,101.00,,,,0.00,P,5
1786538089811,tesla,0.00,0.00,,,101.00,,,,0.00,P,5
1786538089814,tesla,0.00,0.00,,,101.00,,,,0.00,P,5
1786538089816,tesla,0.00,0.00,,,101.00,,,,0.00,P,5
1786538089816,tesla,0.00,0.00,,,101.00,,,,0.00,P,5
1786538089819,tesla,0.00,0.00,,,101.00,,,,0.00,P,5
1786538089822,tesla,0.00,0.00,,,101.00,,,,0.00,P,5
1786538089825,tesla,0.00,0.00,,,101.00,,,,0.00,P,5
1786538089827,tesla,0.00,0.00,,,101.00,,,,0.00,P,5
1786538089830,tesla,0.00,0.00,,,101.00,,,,0.00,P,5
1786538089830,tesla,0.00,0.00,,,101.00,,,,0.00,P,5
1786538089833,tesla,0.00,0.00,,,101.00,,,,0.00,P,5
1786538089836,tesla,0.00,0.00,,,101.00,,,,0.00,P,5
1786538089839,tesla,0.00,0.00,,,101.00,,,,0.00,P,5
1786538089839,tesla,0.00,0.00,,,101.00,,,,0.00,P,5
1786538089841,tesla,0.00,0.00,,,101.00,,,,0.00,P,5
1786538089844,tesla,0.00,0.00,,,101.00,,,,0.00,P,5
1786538089847,tesla,0.00,0.00,,,101.00,,,,0.00,P,5
1786538089850,tesla,0.00,0.00,,,101.00,,,,0.00,P,5
1786538089850,tesla,0.00,0.00,,,101.00,,,,0.00,P,5
1786538089853,tesla,0.00,0.00,,,101.00,,,,0.00,P,5
1786538089855,tesla,0.00,0.00,,,101.00,,,,0.00,P,5
1786538089858,tesla,0.00,0.00,,,101.00,,,,0.00,P,5
1786538089858,tesla,0.00,0.00,,,101.00,,,,0.00,P,5
1786538089861,tesla,0.00,0.00,,,101.00,,,,0.00,P,5
1786538089864,tesla,0.00,0.00,,,101.00,,,,0.00,P,5
1786538089866,tesla,0.00,0.00,,,101.00,,,,0.00,P,5
1786538089867,tesla,0.00,0.00,,,101.00,,,,0.00,P,5
1786538089869,tesla,0.00,0.00,,,101.00,,,,0.00,P,5
1786538089872,tesla,0.00,0.00,,,101.00,,,,0.00,P,5
1786538089875,tesla,0.00,0.00,,,101.00,,,,0.00,P,5
1786538089877,tesla,0.00,0.00,,,101.00,,,,0.00,P,5
1786538089878,tesla,0.00,0.00,,,101.00,,,,0.00,P,5
1786538089880,tesla,0.00,0.00,,,101.00,,,,0.00,P,5
1786538089883,tesla,0.00,0.00,,,101.00,,,,0.00,P,5
1786538089886,tesla,0.00,0.00,,,101.00,,,,0.00,P,5
1786538089886,tesla,0.00,0.00,,,101.00,,,,0.00,P,5
1786538089889,tesla,0.00,6.80,,,101.00,,,,0.00,P,5
1786538089891,tesla,0.00,6.80,,,101.00,,,,0.00,P,5
1786538089894,tesla,0.00,6.80,,,101.00,,,,0.00,P,5
1786538089897,tesla,0.00,6.80,,,101.00,,,,0.00,P,5
1786538089900,tesla,0.00,6.80,,,101.00,,,,0.00,P,5
1786538089900,tesla,0.00,6.80,,,101.00,,,,0.00,P,5
1786538089902,tesla,0.00,6.80,,,101.00,,,,0.00,P,5
1786538089905,tesla,0.00,6.80,,,101.00,,,,0.00,P,5
1786538089908,tesla,0.00,6.80,,,101.00,,,,0.00,P,5
1786538089911,tesla,0.00,6.80,,,101.00,,,,0.00,P,5
1786538089914,tesla,0.00,6.80,,,101.00,,,,0.00,P,5
1786538089916,tesla,0.00,6.80,,,101.00,,,,0.00,P,5
1786538089916,tesla,0.00,6.80,,,101.00,,,,0.00,P,5
1786538089919,tesla,0.00,6.80,,,101.00,,,,0.00,P,5
1786538089922,tesla,0.00,6.80,,,101.00,,,,0.00,P,5
1786538089925,tesla,0.00,6.80,,,101.00,,,,0.00,P,5
1786538089927,tesla,0.00,6.80,,,101.00,,,,0.00,P,5
1786538089930,tesla,0.00,6.80,,,101.00,,,,0.00,P,5
1786538089933,tesla,0.00,6.80,,,101.00,,,,0.00,P,5
1786538089933,tesla,0.00,6.80,,,101.00,,,,0.00,P,5
1786538089936,tesla,0.00,6.80,,,101.00,,,,0.00,P,5
1786538089939,tesla,0.00,6.80,,,101.00,,,,0.00,P,5
1786538089941,tesla,0.00,6.80,,,101.00,,,,0.00,P,5
1786538089944,tesla,0.00,6.80,,,101.00,,,,0.00,P,5
1786538089947,tesla,0.00,6.80,,,101.00,,,,0.00,P,5
1786538089947,tesla,0.00,6.80,,,101.00,,,,0.00,P,5
1786538089950,tesla,0.00,6.80,,,101.00,,,,0.00,P,5
1786538089953,tesla,0.00,6.80,,,101.00,,,,0.00,P,5
1786538089955,tesla,0.00,6.80,,,101.00,,,,0.00,P,5
1786538089958,tesla,0.00,6.80,,,101.00,,,,0.00,P,5
1786538089958,tesla,0.00,6.80,,,101.00,,,,0.00,P,5
1786538089961,tesla,0.00,6.80,,,101.00,,,,0.00,P,5
1786538089964,tesla,0.00,6.80,,,101.00,,,,0.00,P,5
1786538089966,tesla,0.00,6.80,,,101.00,,,,0.00,P,5
1786538089969,tesla,0.00,6.80,,,101.00,,,,0.00,P,5
1786538089972,tesla,0.00,6.80,,,101.00,,,,0.00,P,5
1786538089975,tesla,0.00,6.80,,,101.00,,,,0.00,P,5
1786538089978,tesla,0.00,6.80,,,101.00,,,,0.00,P,5
1786538089978,tesla,0.00,6.80,,,101.00,,,,0.00,P,5
1786538089980,tesla,0.00,6.80,,,101.00,,,,0.00,P,5
1786538089983,tesla,0.00,6.80,,,101.00,,,,0.00,P,5
1786538089986,tesla,0.00,6.80,,,101.00,,,,0.00,P,5
1786538089989,tesla,0.00,6.80,,,101.00,,,,0.00,P,5
1786538089989,tesla,0.00,6.80,,,101.00,,,,0.00,P,5
1786538089991,tesla,0.00,6.80,,,101.00,,,,0.00,P,5
1786538089994,tesla,0.00,6.80,,,101.00,,,,0.00,P,5
1786538089995,tesla,0.00,6.80,,,101.00,,,,0.00,P,5
1786538089997,tesla,0.00,6.80,,,101.00,,,,0.00,P,5
1786538090000,tesla,0.00,6.80,,,101.00,,,,0.00,P,5
1786538090002,tesla,0.00,6.80,,,101.00,,,,0.00,P,5
1786538090005,tesla,0.00,6.80,,,101.00,,,,0.00,P,5
1786538090008,tesla,0.00,6.80,,,101.00,,,,0.00,P,5
1786538090008,tesla,0.00,6.80,,,101.00,,,,0.00,P,5
1786538090011,tesla,0.00,6.80,,,101.00,,,,0.00,P,5
1786538090014,tesla,0.00,6.80,,,101.00,,,,0.00,P,5
1786538090016,tesla,0.00,6.80,,,101.00,,,,0.00,P,5
1786538090017,tesla,0.00,6.80,,,101.00,,,,0.00,P,5
1786538090019,tesla,0.00,6.80,,,101.00,,,,0.00,P,5
1786538090022,tesla,0.00,6.80,,,101.00,,,,0.00,P,5
1786538090025,tesla,0.00,6.80,,,101.00,,,,0.00,P,5
1786538090027,tesla,0.00,6.80,,,101.00,,,,0.00,P,5
1786538090030,tesla,0.00,6.80,,,101.00,,,,0.00,P,5
1786538090033,tesla,0.00,6.80,,,101.00,,,,0.00,P,5
1786538090033,tesla,0.00,6.80,,,101.00,,,,0.00,P,5
1786538090036,tesla,0.00,6.80,,,101.00,,,,0.00,P,5
1786538090036,tesla,0.00,6.80,,,101.00,,,,0.00,P,5
1786538090039,tesla,0.00,6.80,,,101.00,,,,0.00,P,5
1786538090041,tesla,0.00,6.80,,,101.00,,,,0.00,P,5
1786538090041,tesla,0.00,6.80,,,101.00,,,,0.00,P,5
1786538090044,tesla,0.00,6.80,,,101.00,,,,0.00,P,5
1786538090047,tesla,0.00,6.80,,,101.00,,,,0.00,P,5
1786538090050,tesla,0.00,6.80,,,101.00,,,,0.00,P,5
1786538090053,tesla,0.00,6.80,,,101.00,,,,0.00,P,5
1786538090053,tesla,0.00,6.80,,,101.00,,,,0.00,P,5
1786538090055,tesla,0.00,27.60,,,101.00,,,,0.00,P,5
1786538090058,tesla,0.00,26.40,,,101.00,,,,0.00,P,5
1786538090061,tesla,0.00,26.40,,,101.00,,,,0.00,P,5
1786538090064,tesla,0.00,26.40,,,101.00,,,,0.00,P,5
1786538090066,tesla,0.00,26.40,,,101.00,,,,0.00,P,5
1786538090066,tesla,0.00,26.40,,,101.00,,,,0.00,P,5
1786538090069,tesla,0.00,26.40,,,101.00,,,,0.00,P,5
1786538090072,tesla,0.00,22.80,,,101.00,,,,0.00,P,5
1786538090075,tesla,0.00,22.80,,,101.00,,,,0.00,P,5
1786538090075,tesla,0.00,22.80,,,101.00,,,,0.00,P,5
1786538090077,tesla,0.00,22.80,,,101.00,,,,0.00,P,5
1786538090080,tesla,0.00,22.80,,,101.00,,,,0.00,P,5
1786538090083,tesla,0.00,22.80,,,101.00,,,,0.00,P,5
1786538090083,tesla,0.00,22.80,,,101.00,,,,0.00,P,5
1786538090086,tesla,0.00,22.80,,,101.00,,,,0.00,P,5
1786538090089,tesla,0.00,22.80,,,101.00,,,,0.00,P,5
1786538090091,tesla,0.00,22.80,,,101.00,,,,0.00,P,5
1786538090094,tesla,0.00,22.80,,,101.00,,,,0.00,P,5
1786538090097,tesla,0.00,22.80,,,101.00,,,,0.00,P,5
1786538090100,tesla,0.00,22.80,,,101.00,,,,0.00,P,5
1786538090103,tesla,0.00,22.80,,,101.00,,,,0.00,P,5
1786538090103,tesla,0.00,22.80,,,101.00,,,,0.00,P,5
1786538090105,tesla,0.00,22.80,,,101.00,,,,0.00,P,5
1786538090108,tesla,0.00,22.80,,,101.00,,,,0.00,P,5
1786538090111,tesla,0.00,22.80,,,101.00,,,,0.00,P,5
1786538090111,tesla,0.00,22.80,,,101.00,,,,0.00,P,5
1786538090114,tesla,0.00,22.80,,,101.00,,,,0.00,P,5
1786538090116,tesla,0.00,22.80,,,101.00,,,,0.00,P,5
1786538090119,tesla,0.00,22.80,,,101.00,,,,0.00,P,5
1786538090122,tesla,0.00,22.80,,,101.00,,,,0.00,P,5
1786538090125,tesla,0.00,22.80,,,101.00,,,,0.00,P,5
1786538090125,tesla,0.00,22.80,,,101.00,,,,0.00,P,5
1786538090125,tesla,0.00,22.80,,,101.00,,,,0.00,P,5
1786538090128,tesla,0.00,22.80,,,101.00,,,,0.00,P,5
1786538090130,tesla,0.00,22.80,,,101.00,,,,0.00,P,5
1786538090133,tesla,0.00,22.80,,,101.00,,,,0.00,P,5
1786538090136,tesla,0.00,22.80,,,101.00,,,,0.00,P,5
1786538090136,tesla,0.00,22.80,,,101.00,,,,0.00,P,5
1786538090139,tesla,0.00,22.80,,,101.00,,,,0.00,P,5
1786538090141,tesla,0.00,22.80,,,101.00,,,,0.00,P,5
1786538090142,tesla,0.00,22.80,,,101.00,,,,0.00,P,5
1786538090144,tesla,0.00,22.80,,,101.00,,,,0.00,P,5
1786538090147,tesla,0.00,22.80,,,101.00,,,,0.00,P,5
1786538090150,tesla,0.00,22.80,,,101.00,,,,0.00,P,5
1786538090153,tesla,0.00,22.80,,,101.00,,,,0.00,P,5
1786538090153,tesla,0.00,22.80,,,101.00,,,,0.00,P,5
1786538090155,tesla,0.00,22.80,,,101.00,,,,0.00,P,5
1786538090158,tesla,0.00,22.80,,,101.00,,,,0.00,P,5
1786538090161,tesla,0.00,22.80,,,101.00,,,,0.00,P,5
1786538090164,tesla,0.00,22.80,,,101.00,,,,0.00,P,5
1786538090166,tesla,0.00,22.80,,,101.00,,,,0.00,P,5
1786538090167,tesla,0.00,22.80,,,101.00,,,,0.00,P,5
1786538090169,tesla,0.00,22.80,,,101.00,,,,0.00,P,5
1786538090172,tesla,0.00,22.80,,,101.00,,,,0.00,P,5
1786538090175,tesla,0.00,22.80,,,101.00,,,,0.00,P,5
1786538090178,tesla,0.00,22.80,,,101.00,,,,0.00,P,5
1786538090181,tesla,0.00,22.80,,,101.00,,,,0.00,P,5
1786538090183,tesla,0.00,22.80,,,101.00,,,,0.00,P,5
1786538090183,tesla,0.00,22.80,,,101.00,,,,0.00,P,5
1786538090188,tesla,0.00,22.80,,,101.00,,,,0.00,P,5
1786538090188,tesla,0.00,22.80,,,101.00,,,,0.00,P,5
1786538090189,tesla,0.00,22.80,,,101.00,,,,0.00,P,5
1786538090192,tesla,0.00,22.80,,,101.00,,,,0.00,P,5
1786538090194,tesla,0.00,22.80,,,101.00,,,,0.00,P,5
1786538090197,tesla,0.00,22.80,,,101.00,,,,0.00,P,5
1786538090200,tesla,0.00,22.80,,,101.00,,,,0.00,P,5
1786538090205,tesla,0.00,22.80,,,101.00,,,,0.00,P,5
1786538090207,tesla,0.00,22.80,,,101.00,,,,0.00,P,5
1786538090207,tesla,0.00,22.80,,,101.00,,,,0.00,P,5
1786538090212,tesla,0.00,22.80,,,101.00,,,,0.00,P,5
1786538090212,tesla,0.00,22.80,,,101.00,,,,0.00,P,5
1786538090215,tesla,0.00,22.80,,,101.00,,,,0.00,P,5
1786538090217,tesla,0.00,22.80,,,101.00,,,,0.00,P,5
1786538090220,tesla,0.00,22.80,,,101.00,,,,0.00,P,5
1786538090220,tesla,0.00,22.80,,,101.00,,,,0.00,P,5
1786538090223,tesla,0.00,22.80,,,101.00,,,,0.00,P,5
1786538090225,tesla,0.00,22.80,,,101.00,,,,0.00,P,5
1786538090228,tesla,0.00,22.80,,,101.00,,,,0.00,P,5
1786538090230,tesla,0.00,22.80,,,101.00,,,,0.00,P,5
1786538090231,tesla,0.00,22.80,,,101.00,,,,0.00,P,5
1786538090233,tesla,0.00,22.80,,,101.00,,,,0.00,P,5
1786538090236,tesla,0.00,22.80,,,101.00,,,,0.00,P,5
1786538090239,tesla,0.00,22.80,,,101.00,,,,0.00,P,5
1786538090242,tesla,0.00,22.80,,,101.00,,,,0.00,P,5
1786538090242,tesla,0.00,22.80,,,101.00,,,,0.00,P,5
1786538090245,tesla,0.00,22.80,,,101.00,,,,0.00,P,5
1786538090247,tesla,0.00,22.80,,,101.00,,,,0.00,P,5
1786538090250,tesla,0.00,22.80,,,101.00,,,,0.00,P,5
1786538090253,tesla,0.00,22.80,,,101.00,,,,0.00,P,5
1786538090253,tesla,0.00,0.00,,,101.00,,,,0.00,P,5
1786538090256,tesla,0.00,0.00,,,101.00,,,,0.00,P,5
1786538090258,tesla,0.00,0.00,,,101.00,,,,0.00,P,5
1786538090262,tesla,0.00,0.00,,,101.00,,,,0.00,P,5
1786538090265,tesla,0.00,0.00,,,101.00,,,,0.00,P,5
1786538090265,tesla,0.00,0.00,,,101.00,,,,0.00,P,5
1786538090266,tesla,0.00,0.00,,,101.00,,,,0.00,P,5
1786538090269,tesla,0.00,0.00,,,101.00,,,,0.00,P,5
1786538090272,tesla,0.00,0.00,,,101.00,,,,0.00,P,5
1786538090275,tesla,0.00,0.00,,,101.00,,,,0.00,P,5
1786538090278,tesla,0.00,0.00,,,101.00,,,,0.00,P,5
1786538090280,tesla,0.00,0.00,,,101.00,,,,0.00,P,5
1786538090283,tesla,0.00,0.00,,,101.00,,,,0.00,P,5
1786538090283,tesla,0.00,0.00,,,101.00,,,,0.00,P,5
1786538090286,tesla,0.00,0.00,,,101.00,,,,0.00,P,5
1786538090289,tesla,0.00,0.00,,,101.00,,,,0.00,P,5
1786538090291,tesla,0.00,0.00,,,101.00,,,,0.00,P,5
1786538090294,tesla,0.00,0.00,,,101.00,,,,0.00,P,5
1786538090297,tesla,0.00,0.00,,,101.00,,,,0.00,P,5
1786538090300,tesla,0.00,0.00,,,101.00,,,,0.00,P,5
1786538090303,tesla,0.00,0.00,,,101.00,,,,0.00,P,5
1786538090303,tesla,0.00,0.00,,,101.00,,,,0.00,P,5
1786538090305,tesla,0.00,0.00,,,101.00,,,,0.00,P,5
1786538090308,tesla,0.00,0.00,,,101.00,,,,0.00,P,5
1786538090311,tesla,0.00,0.00,,,101.00,,,,0.00,P,5
1786538090316,tesla,0.00,0.00,,,101.00,,,,0.00,P,5
1786538090316,tesla,0.00,0.00,,,101.00,,,,0.00,P,5
1786538090316,tesla,0.00,0.00,,,101.00,,,,0.00,P,5
1786538090322,tesla,0.00,0.00,,,101.00,,,,0.00,P,5
1786538090322,tesla,0.00,0.00,,,101.00,,,,0.00,P,5
1786538090329,tesla,0.00,0.00,,,101.00,,,,0.00,P,5
1786538090329,tesla,0.00,0.00,,,101.00,,,,0.00,P,5
1786538090329,tesla,0.00,0.00,,,101.00,,,,0.00,P,5
1786538090330,tesla,0.00,0.00,,,101.00,,,,0.00,P,5
1786538090330,tesla,0.00,0.00,,,101.00,,,,0.00,P,5
1786538090331,tesla,0.00,0.00,,,101.00,,,,0.00,P,5
1786538090333,tesla,0.00,0.00,,,101.00,,,,0.00,P,5
1786538090337,tesla,0.00,0.00,,,101.00,,,,0.00,P,5
1786538090339,tesla,0.00,0.00,,,101.00,,,,0.00,P,5
1786538090342,tesla,0.00,0.00,,,101.00,,,,0.00,P,5
1786538090344,tesla,0.00,0.00,,,101.00,,,,0.00,P,5
1786538090347,tesla,0.00,0.00,,,101.00,,,,0.00,P,5
1786538090350,tesla,0.00,0.00,,,101.00,,,,0.00,P,5
1786538090350,tesla,0.00,0.00,,,101.00,,,,0.00,P,5
1786538090353,tesla,0.00,0.00,,,101.00,,,,0.00,P,5
1786538090355,tesla,0.00,0.00,,,101.00,,,,0.00,P,5
1786538090358,tesla,0.00,0.00,,,101.00,,,,0.00,P,5
1786538090361,tesla,0.00,0.00,,,101.00,,,,0.00,P,5
1786538090364,tesla,0.00,0.00,,,101.00,,,,0.00,P,5
1786538090364,tesla,0.00,0.00,,,101.00,,,,0.00,P,5
1786538090366,tesla,0.00,0.00,,,101.00,,,,0.00,P,5
1786538090369,tesla,0.00,0.00,,,101.00,,,,0.00,P,5
1786538090372,tesla,0.00,0.00,,,101.00,,,,0.00,P,5
1786538090375,tesla,0.00,0.00,,,101.00,,,,0.00,P,5
1786538090378,tesla,0.00,0.00,,,101.00,,,,0.00,P,5
1786538090380,tesla,0.00,0.00,,,101.00,,,,0.00,P,5
1786538090381,tesla,0.00,0.00,,,101.00,,,,0.00,P,5
1786538090384,tesla,0.00,0.00,,,101.00,,,,0.00,P,5
1786538090384,tesla,0.00,0.00,,,101.00,,,,0.00,P,5
1786538090386,tesla,0.00,0.00,,,101.00,,,,0.00,P,5
1786538090389,tesla,0.00,0.00,,,101.00,,,,0.00,P,5
1786538090392,tesla,0.00,0.00,,,101.00,,,,0.00,P,5
1786538090394,tesla,0.00,0.00,,,101.00,,,,0.00,P,5
1786538090397,tesla,0.00,0.00,,,101.00,,,,0.00,P,5
1786538090400,tesla,0.00,0.00,,,101.00,,,,0.00,P,5
1786538090403,tesla,0.00,0.00,,,101.00,,,,0.00,P,5
1786538090403,tesla,0.00,0.00,,,101.00,,,,0.00,P,5
1786538090405,tesla,0.00,0.00,,,101.00,,,,0.00,P,5
1786538090408,tesla,0.00,0.00,,,101.00,,,,0.00,P,5
1786538090411,tesla,0.00,0.00,,,101.00,,,,0.00,P,5
1786538090414,tesla,0.00,0.00,,,101.00,,,,0.00,P,5
1786538090416,tesla,0.00,0.00,,,101.00,,,,0.00,P,5
1786538090417,tesla,0.00,0.00,,,101.00,,,,0.00,P,5
1786538090420,tesla,0.00,0.00,,,101.00,,,,0.00,P,5
1786538090422,tesla,0.00,0.00,,,101.00,,,,0.00,P,5
1786538090425,tesla,0.00,0.00,,,101.00,,,,0.00,P,5
1786538090428,tesla,0.00,0.00,,,101.00,,,,0.00,P,5
1786538090428,tesla,0.00,0.00,,,101.00,,,,0.00,P,5
1786538090430,tesla,0.00,0.00,,,101.00,,,,0.00,P,5
1786538090433,tesla,0.00,0.00,,,101.00,,,,0.00,P,5
1786538090436,tesla,0.00,0.00,,,101.00,,,,0.00,P,5
1786538090439,tesla,0.00,0.00,,,101.00,,,,0.00,P,5
1786538090439,tesla,0.00,0.00,,,101.00,,,,0.00,P,5
1786538090441,tesla,0.00,0.00,,,101.00,,,,0.00,P,5
1786538090444,tesla,0.00,0.00,,,101.00,,,,0.00,P,5
1786538090447,tesla,0.00,0.00,,,101.00,,,,0.00,P,5
1786538090450,tesla,0.00,0.00,,,101.00,,,,0.00,P,5
1786538090453,tesla,0.00,0.00,,,101.00,,,,0.00,P,5
1786538090455,tesla,0.00,0.00,,,101.00,,,,0.00,P,5
1786538090456,tesla,0.00,0.00,,,101.00,,,,0.00,P,5
1786538090458,tesla,0.00,0.00,,,101.00,,,,0.00,P,5
1786538090461,tesla,0.00,0.00,,,101.00,,,,0.00,P,5
1786538090464,tesla,0.00,0.00,,,101.00,,,,0.00,P,5
1786538090466,tesla,0.00,0.00,,,101.00,,,,0.00,P,5
1786538090469,tesla,0.00,0.00,,,101.00,,,,0.00,P,5
1786538090472,tesla,0.00,0.00,,,101.00,,,,0.00,P,5
1786538090475,tesla,0.00,0.00,,,101.00,,,,0.00,P,5
1786538090475,tesla,0.00,0.00,,,101.00,,,,0.00,P,5
1786538090478,tesla,0.00,0.00,,,101.00,,,,0.00,P,5
1786538090480,tesla,0.00,0.00,,,101.00,,,,0.00,P,5
1786538090483,tesla,0.00,0.00,,,101.00,,,,0.00,P,5
1786538090486,tesla,0.00,0.00,,,101.00,,,,0.00,P,5
1786538090486,tesla,0.00,0.00,,,101.00,,,,0.00,P,5
1786538090489,tesla,0.00,0.00,,,101.00,,,,0.00,P,5
1786538090491,tesla,0.00,0.00,,,101.00,,,,0.00,P,5
1786538090494,tesla,0.00,0.00,,,101.00,,,,0.00,P,5
1786538090497,tesla,0.00,0.00,,,101.00,,,,0.00,P,5
1786538090500,tesla,0.00,0.00,,,101.00,,,,0.00,P,5
1786538090503,tesla,0.00,0.00,,,101.00,,,,0.00,P,5
1786538090503,tesla,0.00,0.00,,,101.00,,,,0.00,P,5
1786538090505,tesla,0.00,0.00,,,101.00,,,,0.00,P,5
1786538090508,tesla,0.00,0.00,,,101.00,,,,0.00,P,5
1786538090511,tesla,0.00,0.00,,,101.00,,,,0.00,P,5
1786538090514,tesla,0.00,0.00,,,101.00,,,,0.00,P,5
1786538090516,tesla,0.00,0.00,,,101.00,,,,0.00,P,5
1786538090517,tesla,0.00,0.00,,,101.00,,,,0.00,P,5
1786538090519,tesla,0.00,0.00,,,101.00,,,,0.00,P,5
1786538090522,tesla,0.00,0.00,,,101.00,,,,0.00,P,5
1786538090525,tesla,0.00,0.00,,,101.00,,,,0.00,P,5
1786538090525,tesla,0.00,0.00,,,101.00,,,,0.00,P,5
1786538090528,tesla,0.00,0.00,,,101.00,,,,0.00,P,5
1786538090602,tesla,0.00,0.00,,,101.00,,,,0.00,P,5
1786538090605,tesla,0.00,0.00,,,101.00,,,,0.00,P,5
1786538090606,tesla,0.00,0.00,,,101.00,,,,0.00,P,5
1786538090608,tesla,0.00,0.00,,,101.00,,,,0.00,P,5
1786538090611,tesla,0.00,0.00,,,101.00,,,,0.00,P,5
1786538090688,tesla,0.00,0.00,,,101.00,,,,0.00,P,5
1786538090691,tesla,0.00,0.00,,,101.00,,,,0.00,P,5
1786538090694,tesla,0.00,0.00,,,101.00,,,,0.00,P,5
1786538090697,tesla,0.00,0.00,,,101.00,,,,0.00,P,5
1786538090699,tesla,0.00,0.00,,,101.00,,,,0.00,P,5
1786538090700,tesla,0.00,0.00,,,101.00,,,,0.00,P,5
1786538090702,tesla,0.00,0.00,,,101.00,,,,0.00,P,5
1786538090705,tesla,0.00,0.00,,,101.00,,,,0.00,P,5
1786538090705,tesla,0.00,0.00,,,101.00,,,,0.00,P,5
1786538090708,tesla,0.00,0.00,,,101.00,,,,0.00,P,5
1786538090711,tesla,0.00,0.00,,,101.00,,,,0.00,P,5
1786538090713,tesla,0.00,0.00,,,101.00,,,,0.00,P,5
1786538090716,tesla,0.00,0.00,,,101.00,,,,0.00,P,5
1786538090716,tesla,0.00,0.00,,,101.00,,,,0.00,P,5
1786538090719,tesla,0.00,0.00,,,101.00,,,,0.00,P,5
1786538090722,tesla,0.00,0.00,,,101.00,,,,0.00,P,5
1786538090724,tesla,0.00,0.00,,,101.00,,,,0.00,P,5
1786538090727,tesla,0.00,0.00,,,101.00,,,,0.00,P,5
1786538090730,tesla,0.00,0.00,,,101.00,,,,0.00,P,5
1786538090730,tesla,0.00,0.00,,,101.00,,,,0.00,P,5
1786538090733,tesla,0.00,0.00,,,101.00,,,,0.00,P,5
1786538090733,tesla,0.00,0.00,,,101.00,,,,0.00,P,5
1786538090736,tesla,0.00,0.00,,,101.00,,,,0.00,P,5
1786538090738,tesla,0.00,0.00,,,101.00,,,,0.00,P,5
1786538090741,tesla,0.00,0.00,,,101.00,,,,0.00,P,5
1786538090741,tesla,0.00,0.00,,,101.00,,,,0.00,P,5
1786538090744,tesla,0.00,0.00,,,101.00,,,,0.00,P,5
1786538090747,tesla,0.00,0.00,,,101.00,,,,0.00,P,5
1786538090749,tesla,0.00,0.00,,,101.00,,,,0.00,P,5
1786538090750,tesla,0.00,0.00,,,101.00,,,,0.00,P,5
1786538090752,tesla,0.00,0.00,,,101.00,,,,0.00,P,5
1786538090755,tesla,0.00,0.00,,,101.00,,,,0.00,P,5
1786538090755,tesla,0.00,0.00,,,101.00,,,,0.00,P,5
1786538090758,tesla,0.00,0.00,,,101.00,,,,0.00,P,5
1786538090761,tesla,0.00,0.00,,,101.00,,,,0.00,P,5
1786538090761,tesla,0.00,0.00,,,101.00,,,,0.00,P,5
1786538090763,tesla,0.00,39.20,,,101.00,,,,0.00,P,5
1786538090766,tesla,0.00,39.20,,,101.00,,,,0.00,P,5
1786538090769,tesla,0.00,39.20,,,101.00,,,,0.00,P,5
1786538090772,tesla,0.00,39.20,,,101.00,,,,0.00,P,5
1786538090772,tesla,0.00,39.20,,,101.00,,,,0.00,P,5
1786538090774,tesla,0.00,36.40,,,101.00,,,,0.00,P,5
1786538090777,tesla,0.00,36.40,,,101.00,,,,0.00,P,5
1786538090780,tesla,0.00,36.40,,,101.00,,,,0.00,P,5
1786538090783,tesla,0.00,36.40,,,101.00,,,,0.00,P,5
1786538090786,tesla,0.00,36.40,,,101.00,,,,0.00,P,5
1786538090786,tesla,0.00,36.40,,,101.00,,,,0.00,P,5
1786538090788,tesla,0.00,26.40,,,101.00,,,,0.00,P,5
1786538090791,tesla,0.00,26.40,,,101.00,,,,0.00,P,5
1786538090794,tesla,0.00,26.40,,,101.00,,,,0.00,P,5
1786538090797,tesla,0.00,26.40,,,101.00,,,,0.00,P,5
1786538090799,tesla,0.00,26.40,,,101.00,,,,0.00,P,5
1786538090800,tesla,0.00,26.40,,,101.00,,,,0.00,P,5
1786538090802,tesla,0.00,26.40,,,101.00,,,,0.00,P,5
1786538090805,tesla,0.00,26.40,,,101.00,,,,0.00,P,5
1786538090808,tesla,0.00,26.40,,,101.00,,,,0.00,P,5
1786538090811,tesla,0.00,26.40,,,101.00,,,,0.00,P,5
1786538090811,tesla,0.00,26.40,,,101.00,,,,0.00,P,5
1786538090813,tesla,0.00,26.40,,,101.00,,,,0.00,P,5
1786538090816,tesla,0.00,26.40,,,101.00,,,,0.00,P,5
1786538090819,tesla,0.00,26.40,,,101.00,,,,0.00,P,5
1786538090822,tesla,0.00,26.40,,,101.00,,,,0.00,P,5
1786538090824,tesla,0.00,26.40,,,101.00,,,,0.00,P,5
1786538090825,tesla,0.00,26.40,,,101.00,,,,0.00,P,5
1786538090827,tesla,0.00,26.40,,,101.00,,,,0.00,P,5
1786538090830,tesla,0.00,26.40,,,101.00,,,,0.00,P,5
1786538090833,tesla,0.00,26.40,,,101.00,,,,0.00,P,5
1786538090836,tesla,0.00,26.40,,,101.00,,,,0.00,P,5
1786538090838,tesla,0.00,26.40,,,101.00,,,,0.00,P,5
1786538090838,tesla,0.00,26.40,,,101.00,,,,0.00,P,5
1786538090841,tesla,0.00,26.40,,,101.00,,,,0.00,P,5
1786538090841,tesla,0.00,26.40,,,101.00,,,,0.00,P,5
1786538090844,tesla,0.00,26.40,,,101.00,,,,0.00,P,5
1786538090847,tesla,0.00,26.40,,,101.00,,,,0.00,P,5
1786538090849,tesla,0.00,26.40,,,101.00,,,,0.00,P,5
1786538090850,tesla,0.00,26.40,,,101.00,,,,0.00,P,5
1786538090852,tesla,0.00,26.40,,,101.00,,,,0.00,P,5
1786538090855,tesla,0.00,26.40,,,101.00,,,,0.00,P,5
1786538090858,tesla,0.00,26.40,,,101.00,,,,0.00,P,5
1786538090861,tesla,0.00,26.40,,,101.00,,,,0.00,P,5
1786538090863,tesla,0.00,26.40,,,101.00,,,,0.00,P,5
1786538090864,tesla,0.00,26.40,,,101.00,,,,0.00,P,5
1786538090866,tesla,0.00,26.40,,,101.00,,,,0.00,P,5
1786538090869,tesla,0.00,26.40,,,101.00,,,,0.00,P,5
1786538090869,tesla,0.00,26.40,,,101.00,,,,0.00,P,5
1786538090872,tesla,0.00,26.40,,,101.00,,,,0.00,P,5
1786538090875,tesla,0.00,26.40,,,101.00,,,,0.00,P,5
1786538090877,tesla,0.00,26.40,,,101.00,,,,0.00,P,5
1786538090880,tesla,0.00,26.40,,,101.00,,,,0.00,P,5
1786538090883,tesla,0.00,26.40,,,101.00,,,,0.00,P,5
1786538090886,tesla,0.00,26.40,,,101.00,,,,0.00,P,5
1786538090888,tesla,0.00,26.40,,,101.00,,,,0.00,P,5
1786538090888,tesla,0.00,26.40,,,101.00,,,,0.00,P,5
1786538090891,tesla,0.00,26.40,,,101.00,,,,0.00,P,5
1786538090894,tesla,0.00,26.40,,,101.00,,,,0.00,P,5
1786538090897,tesla,0.00,26.40,,,101.00,,,,0.00,P,5
1786538090899,tesla,0.00,26.40,,,101.00,,,,0.00,P,5
1786538090902,tesla,0.00,26.40,,,101.00,,,,0.00,P,5
1786538090902,tesla,0.00,26.40,,,101.00,,,,0.00,P,5
1786538090905,tesla,0.00,26.40,,,101.00,,,,0.00,P,5
1786538090908,tesla,0.00,26.40,,,101.00,,,,0.00,P,5
1786538090911,tesla,0.00,26.40,,,101.00,,,,0.00,P,5
1786538090913,tesla,0.00,26.40,,,101.00,,,,0.00,P,5
1786538090916,tesla,0.00,26.40,,,101.00,,,,0.00,P,5
1786538090919,tesla,0.00,26.40,,,101.00,,,,0.00,P,5
1786538090919,tesla,0.00,0.00,,,101.00,,,,0.00,P,5
1786538090922,tesla,0.00,0.00,,,101.00,,,,0.00,P,5
1786538090924,tesla,0.00,0.00,,,101.00,,,,0.00,P,5
1786538090928,tesla,0.00,0.00,,,101.00,,,,0.00,P,5
1786538090930,tesla,0.00,0.00,,,101.00,,,,0.00,P,5
1786538090933,tesla,0.00,0.00,,,101.00,,,,0.00,P,5
1786538090936,tesla,0.00,0.00,,,101.00,,,,0.00,P,5
1786538090938,tesla,0.00,0.00,,,101.00,,,,0.00,P,5
1786538090938,tesla,0.00,0.00,,,101.00,,,,0.00,P,5
1786538090941,tesla,0.00,0.00,,,101.00,,,,0.00,P,5
1786538090944,tesla,0.00,0.00,,,101.00,,,,0.00,P,5
1786538090947,tesla,0.00,0.00,,,101.00,,,,0.00,P,5
1786538090949,tesla,0.00,0.00,,,101.00,,,,0.00,P,5
1786538090952,tesla,0.00,0.00,,,101.00,,,,0.00,P,5
1786538090955,tesla,0.00,0.00,,,101.00,,,,0.00,P,5
1786538090958,tesla,0.00,0.00,,,101.00,,,,0.00,P,5
1786538090958,tesla,0.00,0.00,,,101.00,,,,0.00,P,5
1786538090961,tesla,0.00,0.00,,,101.00,,,,0.00,P,5
1786538090963,tesla,0.00,0.00,,,101.00,,,,0.00,P,5
1786538090966,tesla,0.00,0.00,,,101.00,,,,0.00,P,5
1786538090969,tesla,0.00,0.00,,,101.00,,,,0.00,P,5
1786538090972,tesla,0.00,0.00,,,101.00,,,,0.00,P,5
1786538090974,tesla,0.00,0.00,,,101.00,,,,0.00,P,5
1786538090977,tesla,0.00,0.00,,,101.00,,,,0.00,P,5
1786538090977,tesla,0.00,0.00,,,101.00,,,,0.00,P,5
1786538090980,tesla,0.00,0.00,,,101.00,,,,0.00,P,5
1786538090983,tesla,0.00,0.00,,,101.00,,,,0.00,P,5
1786538090986,tesla,0.00,0.00,,,101.00,,,,0.00,P,5
1786538090988,tesla,0.00,0.00,,,101.00,,,,0.00,P,5
1786538090991,tesla,0.00,0.00,,,101.00,,,,0.00,P,5
1786538090991,tesla,0.00,0.00,,,101.00,,,,0.00,P,5
1786538090994,tesla,0.00,0.00,,,101.00,,,,0.00,P,5
1786538090997,tesla,0.00,0.00,,,101.00,,,,0.00,P,5
1786538090999,tesla,0.00,0.00,,,101.00,,,,0.00,P,5
1786538091002,tesla,0.00,0.00,,,101.00,,,,0.00,P,5
1786538091002,tesla,0.00,0.00,,,101.00,,,,0.00,P,5
1786538091005,tesla,0.00,0.00,,,101.00,,,,0.00,P,5
1786538091008,tesla,0.00,0.00,,,101.00,,,,0.00,P,5
1786538091011,tesla,0.00,0.00,,,101.00,,,,0.00,P,5
1786538091013,tesla,0.00,0.00,,,101.00,,,,0.00,P,5
1786538091013,tesla,0.00,0.00,,,101.00,,,,0.00,P,5
1786538091016,tesla,0.00,0.00,,,101.00,,,,0.00,P,5
1786538091019,tesla,0.00,0.00,,,101.00,,,,0.00,P,5
1786538091019,tesla,0.00,0.00,,,101.00,,,,0.00,P,5
1786538091022,tesla,0.00,0.00,,,101.00,,,,0.00,P,5
1786538091022,tesla,0.00,0.00,,,101.00,,,,0.00,P,5
1786538091024,tesla,0.00,0.00,,,101.00,,,,0.00,P,5
1786538091027,tesla,0.00,0.00,,,101.00,,,,0.00,P,5
1786538091030,tesla,0.00,0.00,,,101.00,,,,0.00,P,5
1786538091030,tesla,0.00,0.00,,,101.00,,,,0.00,P,5
1786538091033,tesla,0.00,0.00,,,101.00,,,,0.00,P,5
1786538091036,tesla,0.00,0.00,,,101.00,,,,0.00,P,5
1786538091038,tesla,0.00,0.00,,,101.00,,,,0.00,P,5
1786538091041,tesla,0.00,0.00,,,101.00,,,,0.00,P,5
1786538091041,tesla,0.00,0.00,,,101.00,,,,0.00,P,5
1786538091044,tesla,0.00,0.00,,,101.00,,,,0.00,P,5
1786538091047,tesla,0.00,0.00,,,101.00,,,,0.00,P,5
1786538091047,tesla,0.00,0.00,,,101.00,,,,0.00,P,5
1786538091049,tesla,0.00,0.00,,,101.00,,,,0.00,P,5
1786538091052,tesla,0.00,0.00,,,101.00,,,,0.00,P,5
1786538091055,tesla,0.00,0.00,,,101.00,,,,0.00,P,5
1786538091058,tesla,0.00,0.00,,,101.00,,,,0.00,P,5
1786538091061,tesla,0.00,0.00,,,101.00,,,,0.00,P,5
1786538091063,tesla,0.00,0.00,,,101.00,,,,0.00,P,5
1786538091063,tesla,0.00,0.00,,,101.00,,,,0.00,P,5
1786538091066,tesla,0.00,0.00,,,101.00,,,,0.00,P,5
1786538091069,tesla,0.00,0.00,,,101.00,,,,0.00,P,5
1786538091069,tesla,0.00,0.00,,,101.00,,,,0.00,P,5
1786538091072,tesla,0.00,0.00,,,101.00,,,,0.00,P,5
1786538091075,tesla,0.00,0.00,,,101.00,,,,0.00,P,5
1786538091077,tesla,0.00,0.00,,,101.00,,,,0.00,P,5
1786538091080,tesla,0.00,0.00,,,101.00,,,,0.00,P,5
1786538091083,tesla,0.00,0.00,,,101.00,,,,0.00,P,5
1786538091083,tesla,0.00,0.00,,,101.00,,,,0.00,P,5
1786538091086,tesla,0.00,0.00,,,101.00,,,,0.00,P,5
1786538091089,tesla,0.00,0.00,,,101.00,,,,0.00,P,5
1786538091089,tesla,0.00,0.00,,,101.00,,,,0.00,P,5
1786538091091,tesla,0.00,0.00,,,101.00,,,,0.00,P,5
1786538091094,tesla,0.00,0.00,,,101.00,,,,0.00,P,5
1786538091097,tesla,0.00,0.00,,,101.00,,,,0.00,P,5
1786538091099,tesla,0.00,0.00,,,101.00,,,,0.00,P,5
1786538091100,tesla,0.00,0.00,,,101.00,,,,0.00,P,5
1786538091102,tesla,0.00,0.00,,,101.00,,,,0.00,P,5
1786538091105,tesla,0.00,0.00,,,101.00,,,,0.00,P,5
1786538091108,tesla,0.00,0.00,,,101.00,,,,0.00,P,5
1786538091111,tesla,0.00,0.00,,,101.00,,,,0.00,P,5
1786538091114,tesla,0.00,0.00,,,101.00,,,,0.00,P,5
1786538091116,tesla,0.00,0.00,,,101.00,,,,0.00,P,5
1786538091119,tesla,0.00,0.00,,,101.00,,,,0.00,P,5
1786538091119,tesla,0.00,0.00,,,101.00,,,,0.00,P,5
1786538091122,tesla,0.00,0.00,,,101.00,,,,0.00,P,5
1786538091124,tesla,0.00,0.00,,,101.00,,,,0.00,P,5
1786538091127,tesla,0.00,0.00,,,101.00,,,,0.00,P,5
1786538091130,tesla,0.00,0.00,,,101.00,,,,0.00,P,5
1786538091133,tesla,0.00,0.00,,,101.00,,,,0.00,P,5
1786538091136,tesla,0.00,0.00,,,101.00,,,,0.00,P,5
1786538091138,tesla,0.00,0.00,,,101.00,,,,0.00,P,5
1786538091139,tesla,0.00,0.00,,,101.00,,,,0.00,P,5
1786538091141,tesla,0.00,0.00,,,101.00,,,,0.00,P,5
1786538091144,tesla,0.00,0.00,,,101.00,,,,0.00,P,5
1786538091147,tesla,0.00,0.00,,,101.00,,,,0.00,P,5
1786538091149,tesla,0.00,0.00,,,101.00,,,,0.00,P,5
1786538091152,tesla,0.00,0.00,,,101.00,,,,0.00,P,5
1786538091155,tesla,0.00,0.00,,,101.00,,,,0.00,P,5
1786538091156,tesla,0.00,0.00,,,101.00,,,,0.00,P,5
1786538091158,tesla,0.00,0.00,,,101.00,,,,0.00,P,5
1786538091161,tesla,0.00,0.00,,,101.00,,,,0.00,P,5
1786538091163,tesla,0.00,0.00,,,101.00,,,,0.00,P,5
1786538091166,tesla,0.00,0.00,,,101.00,,,,0.00,P,5
1786538091169,tesla,0.00,0.00,,,101.00,,,,0.00,P,5
1786538091169,tesla,0.00,0.00,,,101.00,,,,0.00,P,5
1786538091172,tesla,0.00,0.00,,,101.00,,,,0.00,P,5
1786538091172,tesla,0.00,0.00,,,101.00,,,,0.00,P,5
1786538091174,tesla,0.00,0.00,,,101.00,,,,0.00,P,5
1786538091177,tesla,0.00,0.00,,,101.00,,,,0.00,P,5
1786538091180,tesla,0.00,0.00,,,101.00,,,,0.00,P,5
1786538091183,tesla,0.00,0.00,,,101.00,,,,0.00,P,5
1786538091186,tesla,0.00,0.00,,,101.00,,,,0.00,P,5
1786538091186,tesla,0.00,0.00,,,101.00,,,,0.00,P,5
1786538091188,tesla,0.00,0.00,,,101.00,,,,0.00,P,5
1786538091191,tesla,0.00,0.00,,,101.00,,,,0.00,P,5
1786538091194,tesla,0.00,0.00,,,101.00,,,,0.00,P,5
1786538091194,tesla,0.00,0.00,,,101.00,,,,0.00,P,5
1786538091197,tesla,0.00,0.00,,,101.00,,,,0.00,P,5
1786538091199,tesla,0.00,0.00,,,101.00,,,,0.00,P,5
1786538091200,tesla,0.00,0.00,,,101.00,,,,0.00,P,5
1786538091202,tesla,0.00,0.00,,,101.00,,,,0.00,P,5
1786538091205,tesla,0.00,0.00,,,101.00,,,,0.00,P,5
1786538091208,tesla,0.00,0.00,,,101.00,,,,0.00,P,5
1786538091211,tesla,0.00,0.00,,,101.00,,,,0.00,P,5
1786538091212,tesla,0.00,0.00,,,101.00,,,,0.00,P,5
1786538091213,tesla,0.00,0.00,,,101.00,,,,0.00,P,5
1786538091216,tesla,0.00,0.00,,,101.00,,,,0.00,P,5
1786538091219,tesla,0.00,0.00,,,101.00,,,,0.00,P,5
1786538091222,tesla,0.00,0.00,,,101.00,,,,0.00,P,5
1786538091224,tesla,0.00,0.00,,,101.00,,,,0.00,P,5
1786538091227,tesla,0.00,0.00,,,101.00,,,,0.00,P,5
1786538091230,tesla,0.00,0.00,,,101.00,,,,0.00,P,5
1786538091230,tesla,0.00,0.00,,,101.00,,,,0.00,P,5
1786538091233,tesla,0.00,0.00,,,101.00,,,,0.00,P,5
1786538091236,tesla,0.00,0.00,,,101.00,,,,0.00,P,5
1786538091238,tesla,0.00,0.00,,,101.00,,,,0.00,P,5
1786538091241,tesla,0.00,0.00,,,101.00,,,,0.00,P,5
1786538091245,tesla,0.00,0.00,,,101.00,,,,0.00,P,5
1786538091245,tesla,0.00,0.00,,,101.00,,,,0.00,P,5
1786538091247,tesla,0.00,0.00,,,101.00,,,,0.00,P,5
1786538091249,tesla,0.00,0.00,,,101.00,,,,0.00,P,5
1786538091250,tesla,0.00,0.00,,,101.00,,,,0.00,P,5
1786538091252,tesla,0.00,0.00,,,101.00,,,,0.00,P,5
1786538091255,tesla,0.00,0.00,,,101.00,,,,0.00,P,5
1786538091258,tesla,0.00,0.00,,,101.00,,,,0.00,P,5
1786538091261,tesla,0.00,0.00,,,101.00,,,,0.00,P,5
1786538091263,tesla,0.00,0.00,,,101.00,,,,0.00,P,5
1786538091263,tesla,0.00,0.00,,,101.00,,,,0.00,P,5
1786538091266,tesla,0.00,0.00,,,101.00,,,,0.00,P,5
1786538091269,tesla,0.00,0.00,,,101.00,,,,0.00,P,5
1786538091272,tesla,0.00,0.00,,,101.00,,,,0.00,P,5
1786538091274,tesla,0.00,0.00,,,101.00,,,,0.00,P,5
1786538091277,tesla,0.00,0.00,,,101.00,,,,0.00,P,5
1786538091277,tesla,0.00,0.00,,,101.00,,,,0.00,P,5
1786538091280,tesla,0.00,0.00,,,101.00,,,,0.00,P,5
1786538091283,tesla,0.00,0.00,,,101.00,,,,0.00,P,5
1786538091286,tesla,0.00,0.00,,,101.00,,,,0.00,P,5
1786538091288,tesla,0.00,0.00,,,101.00,,,,0.00,P,5
1786538091289,tesla,0.00,0.00,,,101.00,,,,0.00,P,5
1786538091291,tesla,0.00,0.00,,,101.00,,,,0.00,P,5
1786538091294,tesla,0.00,0.00,,,101.00,,,,0.00,P,5
1786538091297,tesla,0.00,0.00,,,101.00,,,,0.00,P,5
1786538091297,tesla,0.00,0.00,,,101.00,,,,0.00,P,5
1786538091299,tesla,0.00,0.00,,,101.00,,,,0.00,P,5
1786538091302,tesla,0.00,0.00,,,101.00,,,,0.00,P,5
1786538091305,tesla,0.00,0.00,,,101.00,,,,0.00,P,5
1786538091308,tesla,0.00,0.00,,,101.00,,,,0.00,P,5
1786538091311,tesla,0.00,0.00,,,101.00,,,,0.00,P,5
1786538091313,tesla,0.00,0.00,,,101.00,,,,0.00,P,5
1786538091314,tesla,0.00,0.00,,,101.00,,,,0.00,P,5
1786538091316,tesla,0.00,0.00,,,101.00,,,,0.00,P,5
1786538091319,tesla,0.00,0.00,,,101.00,,,,0.00,P,5
1786538091322,tesla,0.00,0.00,,,101.00,,,,0.00,P,5
1786538091324,tesla,0.00,0.00,,,101.00,,,,0.00,P,5
1786538091327,tesla,0.00,0.00,,,101.00,,,,0.00,P,5
1786538091330,tesla,0.00,0.00,,,101.00,,,,0.00,P,5
1786538091333,tesla,0.00,0.00,,,101.00,,,,0.00,P,5
1786538091333,tesla,0.00,0.00,,,101.00,,,,0.00,P,5
1786538091336,tesla,0.00,0.00,,,101.00,,,,0.00,P,5
1786538091338,tesla,0.00,0.00,,,101.00,,,,0.00,P,5
1786538091341,tesla,0.00,0.00,,,101.00,,,,0.00,P,5
1786538091344,tesla,0.00,0.00,,,101.00,,,,0.00,P,5
1786538091347,tesla,0.00,0.00,,,101.00,,,,0.00,P,5
1786538091349,tesla,0.00,0.00,,,101.00,,,,0.00,P,5
1786538091352,tesla,0.00,0.00,,,101.00,,,,0.00,P,5
1786538091352,tesla,0.00,0.00,,,101.00,,,,0.00,P,5
1786538091355,tesla,0.00,0.00,,,101.00,,,,0.00,P,5
1786538091358,tesla,0.00,0.00,,,101.00,,,,0.00,P,5
1786538091361,tesla,0.00,0.00,,,101.00,,,,0.00,P,5
1786538091361,tesla,0.00,0.00,,,101.00,,,,0.00,P,5
1786538091363,tesla,0.00,0.00,,,101.00,,,,0.00,P,5
1786538091366,tesla,0.00,0.00,,,101.00,,,,0.00,P,5
1786538091369,tesla,0.00,0.00,,,101.00,,,,0.00,P,5
1786538091372,tesla,0.00,0.00,,,101.00,,,,0.00,P,5
1786538091374,tesla,0.00,0.00,,,101.00,,,,0.00,P,5
1786538091375,tesla,0.00,0.00,,,101.00,,,,0.00,P,5
1786538091377,tesla,0.00,0.00,,,101.00,,,,0.00,P,5
1786538091380,tesla,0.00,0.00,,,101.00,,,,0.00,P,5
1786538091383,tesla,0.00,0.00,,,101.00,,,,0.00,P,5
1786538091386,tesla,0.00,0.00,,,101.00,,,,0.00,P,5
1786538091386,tesla,0.00,0.00,,,101.00,,,,0.00,P,5
1786538091388,tesla,0.00,0.00,,,101.00,,,,0.00,P,5
1786538091391,tesla,0.00,0.00,,,101.00,,,,0.00,P,5
1786538091394,tesla,0.00,0.00,,,101.00,,,,0.00,P,5
1786538091397,tesla,0.00,0.00,,,101.00,,,,0.00,P,5
1786538091399,tesla,0.00,0.00,,,101.00,,,,0.00,P,5
1786538091400,tesla,0.00,0.00,,,101.00,,,,0.00,P,5
1786538091402,tesla,0.00,0.00,,,101.00,,,,0.00,P,5
1786538091405,tesla,0.00,0.00,,,101.00,,,,0.00,P,5
1786538091408,tesla,0.00,0.00,,,101.00,,,,0.00,P,5
1786538091411,tesla,0.00,0.00,,,101.00,,,,0.00,P,5
1786538091411,tesla,0.00,0.00,,,101.00,,,,0.00,P,5
1786538091413,tesla,0.00,0.00,,,101.00,,,,0.00,P,5
1786538091416,tesla,0.00,0.00,,,101.00,,,,0.00,P,5
1786538091419,tesla,0.00,0.00,,,101.00,,,,0.00,P,5
1786538091422,tesla,0.00,0.00,,,101.00,,,,0.00,P,5
1786538091424,tesla,0.00,0.00,,,101.00,,,,0.00,P,5
1786538091427,tesla,0.00,0.00,,,101.00,,,,0.00,P,5
1786538091430,tesla,0.00,0.00,,,101.00,,,,0.00,P,5
1786538091430,tesla,0.00,0.00,,,101.00,,,,0.00,P,5
1786538091433,tesla,0.00,0.00,,,101.00,,,,0.00,P,5
1786538091436,tesla,0.00,0.00,,,101.00,,,,0.00,P,5
1786538091436,tesla,0.00,0.00,,,101.00,,,,0.00,P,5
1786538091439,tesla,0.00,0.00,,,101.00,,,,0.00,P,5
1786538091441,tesla,0.00,0.00,,,101.00,,,,0.00,P,5
1786538091444,tesla,0.00,0.00,,,101.00,,,,0.00,P,5
1786538091444,tesla,0.00,0.00,,,101.00,,,,0.00,P,5
1786538091447,tesla,0.00,0.00,,,101.00,,,,0.00,P,5
1786538091449,tesla,0.00,0.00,,,101.00,,,,0.00,P,5
1786538091450,tesla,0.00,0.00,,,101.00,,,,0.00,P,5
1786538091452,tesla,0.00,0.00,,,101.00,,,,0.00,P,5
1786538091456,tesla,0.00,0.00,,,101.00,,,,0.00,P,5
1786538091458,tesla,0.00,0.00,,,101.00,,,,0.00,P,5
1786538091461,tesla,0.00,0.00,,,101.00,,,,0.00,P,5
1786538091463,tesla,0.00,0.00,,,101.00,,,,0.00,P,5
1786538091463,tesla,0.00,0.00,,,101.00,,,,0.00,P,5
1786538091466,tesla,0.00,0.00,,,101.00,,,,0.00,P,5
1786538091469,tesla,0.00,0.00,,,101.00,,,,0.00,P,5
1786538091472,tesla,0.00,0.00,,,101.00,,,,0.00,P,5
1786538091475,tesla,0.00,0.00,,,101.00,,,,0.00,P,5
1786538091477,tesla,0.00,0.00,,,101.00,,,,0.00,P,5
1786538091480,tesla,0.00,0.00,,,101.00,,,,0.00,P,5
1786538091480,tesla,0.00,0.00,,,101.00,,,,0.00,P,5
1786538091483,tesla,0.00,0.00,,,101.00,,,,0.00,P,5
1786538091486,tesla,0.00,0.00,,,101.00,,,,0.00,P,5
1786538091488,tesla,0.00,0.00,,,101.00,,,,0.00,P,5
1786538091491,tesla,0.00,0.00,,,101.00,,,,0.00,P,5
1786538091494,tesla,0.00,0.00,,,101.00,,,,0.00,P,5
1786538091494,tesla,0.00,0.00,,,101.00,,,,0.00,P,5
1786538091497,tesla,0.00,0.00,,,101.00,,,,0.00,P,5
1786538091499,tesla,0.00,0.00,,,101.00,,,,0.00,P,5
1786538091502,tesla,0.00,0.00,,,101.00,,,,0.00,P,5
1786538091505,tesla,0.00,0.00,,,101.00,,,,0.00,P,5
1786538091505,tesla,0.00,0.00,,,101.00,,,,0.00,P,5
1786538091508,tesla,0.00,0.00,,,101.00,,,,0.00,P,5
1786538091511,tesla,0.00,0.00,,,101.00,,,,0.00,P,5
1786538091513,tesla,0.00,0.00,,,101.00,,,,0.00,P,5
1786538091516,tesla,0.00,0.00,,,101.00,,,,0.00,P,5
1786538091519,tesla,0.00,0.00,,,101.00,,,,0.00,P,5
1786538091522,tesla,0.00,0.00,,,101.00,,,,0.00,P,5
1786538091524,tesla,0.00,0.00,,,101.00,,,,0.00,P,5
1786538091525,tesla,0.00,0.00,,,101.00,,,,0.00,P,5
1786538091527,tesla,0.00,0.00,,,101.00,,,,0.00,P,5
1786538091530,tesla,0.00,0.00,,,101.00,,,,0.00,P,5
1786538091533,tesla,0.00,0.00,,,101.00,,,,0.00,P,5
1786538091536,tesla,0.00,0.00,,,101.00,,,,0.00,P,5
1786538091538,tesla,0.00,0.00,,,101.00,,,,0.00,P,5
1786538091538,tesla,0.00,0.00,,,101.00,,,,0.00,P,5
1786538091541,tesla,0.00,0.00,,,101.00,,,,0.00,P,5
1786538091544,tesla,0.00,0.00,,,101.00,,,,0.00,P,5
1786538091547,tesla,0.00,0.00,,,101.00,,,,0.00,P,5
1786538091549,tesla,0.00,0.00,,,101.00,,,,0.00,P,5
1786538091552,tesla,0.00,0.00,,,101.00,,,,0.00,P,5
1786538091555,tesla,0.00,0.00,,,101.00,,,,0.00,P,5
1786538091558,tesla,0.00,0.00,,,101.00,,,,0.00,P,5
1786538091558,tesla,0.00,0.00,,,101.00,,,,0.00,P,5
1786538091561,tesla,0.00,0.00,,,101.00,,,,0.00,P,5
1786538091563,tesla,0.00,0.00,,,101.00,,,,0.00,P,5
1786538091566,tesla,0.00,0.00,,,101.00,,,,0.00,P,5
1786538091569,tesla,0.00,0.00,,,101.00,,,,0.00,P,5
1786538091572,tesla,0.00,0.00,,,101.00,,,,0.00,P,5
1786538091574,tesla,0.00,0.00,,,101.00,,,,0.00,P,5
1786538091575,tesla,0.00,0.00,,,101.00,,,,0.00,P,5
1786538091577,tesla,0.00,0.00,,,101.00,,,,0.00,P,5
1786538091580,tesla,0.00,0.00,,,101.00,,,,0.00,P,5
1786538091583,tesla,0.00,0.00,,,101.00,,,,0.00,P,5
1786538091586,tesla,0.00,0.00,,,101.00,,,,0.00,P,5
1786538091588,tesla,0.00,0.00,,,101.00,,,,0.00,P,5
1786538091591,tesla,0.00,0.00,,,101.00,,,,0.00,P,5
1786538091594,tesla,0.00,0.00,,,101.00,,,,0.00,P,5
1786538091594,tesla,0.00,0.00,,,101.00,,,,0.00,P,5
1786538091597,tesla,0.00,0.00,,,101.00,,,,0.00,P,5
1786538091599,tesla,0.00,0.00,,,101.00,,,,0.00,P,5
1786538091602,tesla,0.00,0.00,,,101.00,,,,0.00,P,5
1786538091605,tesla,0.00,0.00,,,101.00,,,,0.00,P,5
1786538091605,tesla,0.00,0.00,,,101.00,,,,0.00,P,5
1786538091608,tesla,0.00,0.00,,,101.00,,,,0.00,P,5
1786538091611,tesla,0.00,0.00,,,101.00,,,,0.00,P,5
1786538091613,tesla,0.00,0.00,,,101.00,,,,0.00,P,5
1786538091616,tesla,0.00,0.00,,,101.00,,,,0.00,P,5
1786538091616,tesla,0.00,0.00,,,101.00,,,,0.00,P,5
1786538091619,tesla,0.00,0.00,,,101.00,,,,0.00,P,5
1786538091622,tesla,0.00,0.00,,,101.00,,,,0.00,P,5
1786538091624,tesla,0.00,0.00,,,101.00,,,,0.00,P,5
1786538091627,tesla,0.00,0.00,,,101.00,,,,0.00,P,5
1786538091630,tesla,0.00,0.00,,,101.00,,,,0.00,P,5
1786538091633,tesla,0.00,0.00,,,101.00,,,,0.00,P,5
1786538091636,tesla,0.00,0.00,,,101.00,,,,0.00,P,5
1786538091636,tesla,0.00,0.00,,,101.00,,,,0.00,P,5
1786538091638,tesla,0.00,0.00,,,101.00,,,,0.00,P,5
1786538091641,tesla,0.00,0.00,,,101.00,,,,0.00,P,5
1786538091644,tesla,0.00,0.00,,,101.00,,,,0.00,P,5
1786538091647,tesla,0.00,0.00,,,101.00,,,,0.00,P,5
1786538091647,tesla,0.00,0.00,,,101.00,,,,0.00,P,5
1786538091649,tesla,0.00,0.00,,,101.00,,,,0.00,P,5
1786538091652,tesla,0.00,0.00,,,101.00,,,,0.00,P,5
1786538091655,tesla,0.00,0.00,,,101.00,,,,0.00,P,5
1786538091655,tesla,0.00,0.00,,,101.00,,,,0.00,P,5
1786538091658,tesla,0.00,0.00,,,101.00,,,,0.00,P,5
1786538091661,tesla,0.00,0.00,,,101.00,,,,0.00,P,5
1786538091661,tesla,0.00,0.00,,,101.00,,,,0.00,P,5
1786538091663,tesla,0.00,0.00,,,101.00,,,,0.00,P,5
1786538091666,tesla,0.00,0.00,,,101.00,,,,0.00,P,5
1786538091669,tesla,0.00,0.00,,,101.00,,,,0.00,P,5
1786538091669,tesla,0.00,0.00,,,101.00,,,,0.00,P,5
1786538091672,tesla,0.00,13.60,,,101.00,,,,0.00,P,5
1786538091674,tesla,0.00,13.60,,,101.00,,,,0.00,P,5
1786538091677,tesla,0.00,13.60,,,101.00,,,,0.00,P,5
1786538091680,tesla,0.00,13.60,,,101.00,,,,0.00,P,5
1786538091683,tesla,0.00,13.60,,,101.00,,,,0.00,P,5
1786538091683,tesla,0.00,13.60,,,101.00,,,,0.00,P,5
1786538091686,tesla,0.00,13.60,,,101.00,,,,0.00,P,5
1786538091688,tesla,0.00,13.20,,,101.00,,,,0.00,P,5
1786538091691,tesla,0.00,13.20,,,101.00,,,,0.00,P,5
1786538091694,tesla,0.00,13.20,,,101.00,,,,0.00,P,5
1786538091697,tesla,0.00,13.20,,,101.00,,,,0.00,P,5
1786538091697,tesla,0.00,13.20,,,101.00,,,,0.00,P,5
1786538091699,tesla,0.00,13.20,,,101.00,,,,0.00,P,5
1786538091702,tesla,0.00,13.20,,,101.00,,,,0.00,P,5
1786538091705,tesla,0.00,13.20,,,101.00,,,,0.00,P,5
1786538091705,tesla,0.00,13.20,,,101.00,,,,0.00,P,5
1786538091708,tesla,0.00,13.20,,,101.00,,,,0.00,P,5
1786538091711,tesla,0.00,13.20,,,101.00,,,,0.00,P,5
1786538091713,tesla,0.00,13.20,,,101.00,,,,0.00,P,5
1786538091716,tesla,0.00,13.20,,,101.00,,,,0.00,P,5
1786538091719,tesla,0.00,13.20,,,101.00,,,,0.00,P,5
1786538091722,tesla,0.00,13.20,,,101.00,,,,0.00,P,5
1786538091724,tesla,0.00,13.20,,,101.00,,,,0.00,P,5
1786538091725,tesla,0.00,13.20,,,101.00,,,,0.00,P,5
1786538091727,tesla,0.00,13.20,,,101.00,,,,0.00,P,5
1786538091730,tesla,0.00,13.20,,,101.00,,,,0.00,P,5
1786538091733,tesla,0.00,13.20,,,101.00,,,,0.00,P,5
1786538091736,tesla,0.00,13.20,,,101.00,,,,0.00,P,5
1786538091736,tesla,0.00,13.20,,,101.00,,,,0.00,P,5
1786538091738,tesla,0.00,13.20,,,101.00,,,,0.00,P,5
1786538091741,tesla,0.00,13.20,,,101.00,,,,0.00,P,5
1786538091744,tesla,0.00,13.20,,,101.00,,,,0.00,P,5
1786538091747,tesla,0.00,13.20,,,101.00,,,,0.00,P,5
1786538091747,tesla,0.00,13.20,,,101.00,,,,0.00,P,5
1786538091749,tesla,0.00,13.20,,,101.00,,,,0.00,P,5
1786538091752,tesla,0.00,13.20,,,101.00,,,,0.00,P,5
1786538091755,tesla,0.00,13.20,,,101.00,,,,0.00,P,5
1786538091758,tesla,0.00,13.20,,,101.00,,,,0.00,P,5
1786538091761,tesla,0.00,13.20,,,101.00,,,,0.00,P,5
1786538091763,tesla,0.00,13.20,,,101.00,,,,0.00,P,5
1786538091763,tesla,0.00,13.20,,,101.00,,,,0.00,P,5
1786538091766,tesla,0.00,13.20,,,101.00,,,,0.00,P,5
1786538091769,tesla,0.00,13.20,,,101.00,,,,0.00,P,5
1786538091772,tesla,0.00,13.20,,,101.00,,,,0.00,P,5
1786538091774,tesla,0.00,13.20,,,101.00,,,,0.00,P,5
1786538091777,tesla,0.00,13.20,,,101.00,,,,0.00,P,5
1786538091777,tesla,0.00,13.20,,,101.00,,,,0.00,P,5
1786538091780,tesla,0.00,13.20,,,101.00,,,,0.00,P,5
1786538091783,tesla,0.00,13.20,,,101.00,,,,0.00,P,5
1786538091786,tesla,0.00,13.20,,,101.00,,,,0.00,P,5
1786538091788,tesla,0.00,13.20,,,101.00,,,,0.00,P,5
1786538091791,tesla,0.00,13.20,,,101.00,,,,0.00,P,5
1786538091794,tesla,0.00,13.20,,,101.00,,,,0.00,P,5
1786538091797,tesla,0.00,13.20,,,101.00,,,,0.00,P,5
1786538091797,tesla,0.00,13.20,,,101.00,,,,0.00,P,5
1786538091799,tesla,0.00,13.20,,,101.00,,,,0.00,P,5
1786538091802,tesla,0.00,13.20,,,101.00,,,,0.00,P,5
1786538091802,tesla,0.00,13.20,,,101.00,,,,0.00,P,5
1786538091805,tesla,0.00,13.20,,,101.00,,,,0.00,P,5
1786538091808,tesla,0.00,13.20,,,101.00,,,,0.00,P,5
1786538091810,tesla,0.00,13.20,,,101.00,,,,0.00,P,5
1786538091813,tesla,0.00,13.20,,,101.00,,,,0.00,P,5
1786538091816,tesla,0.00,13.20,,,101.00,,,,0.00,P,5
1786538091819,tesla,0.00,13.20,,,101.00,,,,0.00,P,5
1786538091819,tesla,0.00,13.20,,,101.00,,,,0.00,P,5
1786538091822,tesla,0.00,13.20,,,101.00,,,,0.00,P,5
1786538091824,tesla,0.00,13.20,,,101.00,,,,0.00,P,5
1786538091827,tesla,0.00,13.20,,,101.00,,,,0.00,P,5
1786538091830,tesla,0.00,13.20,,,101.00,,,,0.00,P,5
1786538091830,tesla,0.00,13.20,,,101.00,,,,0.00,P,5
1786538091833,tesla,0.00,13.20,,,101.00,,,,0.00,P,5
1786538091835,tesla,0.00,13.20,,,101.00,,,,0.00,P,5
1786538091838,tesla,0.00,13.20,,,101.00,,,,0.00,P,5
1786538091838,tesla,0.00,13.20,,,101.00,,,,0.00,P,5
1786538091841,tesla,0.00,13.20,,,101.00,,,,0.00,P,5
1786538091844,tesla,0.00,13.20,,,101.00,,,,0.00,P,5
1786538091847,tesla,0.00,13.20,,,101.00,,,,0.00,P,5
1786538091847,tesla,0.00,13.20,,,101.00,,,,0.00,P,5
1786538091849,tesla,0.00,13.20,,,101.00,,,,0.00,P,5
1786538091852,tesla,0.00,13.20,,,101.00,,,,0.00,P,5
1786538091855,tesla,0.00,13.20,,,101.00,,,,0.00,P,5
1786538091858,tesla,0.00,13.20,,,101.00,,,,0.00,P,5
1786538091858,tesla,0.00,13.20,,,101.00,,,,0.00,P,5
1786538091861,tesla,0.00,13.20,,,101.00,,,,0.00,P,5
1786538091863,tesla,0.00,13.20,,,101.00,,,,0.00,P,5
1786538091866,tesla,0.00,9.20,,,101.00,,,,0.00,P,5
1786538091866,tesla,0.00,9.20,,,101.00,,,,0.00,P,5
1786538091869,tesla,0.00,9.20,,,101.00,,,,0.00,P,5
1786538091872,tesla,0.00,9.20,,,101.00,,,,0.00,P,5
1786538091874,tesla,0.00,9.20,,,101.00,,,,0.00,P,5
1786538091874,tesla,0.00,9.20,,,101.00,,,,0.00,P,5
1786538091877,tesla,0.00,9.20,,,101.00,,,,0.00,P,5
1786538091880,tesla,0.00,9.20,,,101.00,,,,0.00,P,5
1786538091883,tesla,0.00,9.20,,,101.00,,,,0.00,P,5
1786538091886,tesla,0.00,9.20,,,101.00,,,,0.00,P,5
1786538091888,tesla,0.00,7.60,,,101.00,,,,0.00,P,5
1786538091888,tesla,0.00,7.60,,,101.00,,,,0.00,P,5
1786538091891,tesla,0.00,7.60,,,101.00,,,,0.00,P,5
1786538091894,tesla,0.00,7.60,,,101.00,,,,0.00,P,5
1786538091897,tesla,0.00,7.60,,,101.00,,,,0.00,P,5
1786538091899,tesla,0.00,7.60,,,101.00,,,,0.00,P,5
1786538091902,tesla,0.00,7.60,,,101.00,,,,0.00,P,5
1786538091905,tesla,0.00,7.60,,,101.00,,,,0.00,P,5
1786538091908,tesla,0.00,7.60,,,101.00,,,,0.00,P,5
1786538091908,tesla,0.00,7.60,,,101.00,,,,0.00,P,5
1786538091910,tesla,0.00,7.60,,,101.00,,,,0.00,P,5
1786538091913,tesla,0.00,7.60,,,101.00,,,,0.00,P,5
1786538091916,tesla,0.00,7.60,,,101.00,,,,0.00,P,5
1786538091919,tesla,0.00,7.60,,,101.00,,,,0.00,P,5
1786538091919,tesla,0.00,7.60,,,101.00,,,,0.00,P,5
1786538091922,tesla,0.00,7.60,,,101.00,,,,0.00,P,5
1786538091924,tesla,0.00,7.60,,,101.00,,,,0.00,P,5
1786538091927,tesla,0.00,7.60,,,101.00,,,,0.00,P,5
1786538091930,tesla,0.00,7.60,,,101.00,,,,0.00,P,5
1786538091930,tesla,0.00,7.60,,,101.00,,,,0.00,P,5
1786538091933,tesla,0.00,7.60,,,101.00,,,,0.00,P,5
1786538091936,tesla,0.00,7.60,,,101.00,,,,0.00,P,5
1786538091938,tesla,0.00,7.60,,,101.00,,,,0.00,P,5
1786538091941,tesla,0.00,7.60,,,101.00,,,,0.00,P,5
1786538091941,tesla,0.00,7.60,,,101.00,,,,0.00,P,5
1786538091944,tesla,0.00,7.60,,,101.00,,,,0.00,P,5
1786538091947,tesla,0.00,7.60,,,101.00,,,,0.00,P,5
1786538091949,tesla,0.00,7.60,,,101.00,,,,0.00,P,5
1786538091952,tesla,0.00,7.60,,,101.00,,,,0.00,P,5
1786538091952,tesla,0.00,7.60,,,101.00,,,,0.00,P,5
1786538091955,tesla,0.00,7.60,,,101.00,,,,0.00,P,5
1786538091958,tesla,0.00,7.60,,,101.00,,,,0.00,P,5
1786538091960,tesla,0.00,7.60,,,101.00,,,,0.00,P,5
1786538091963,tesla,0.00,7.60,,,101.00,,,,0.00,P,5
1786538091966,tesla,0.00,7.60,,,101.00,,,,0.00,P,5
1786538091966,tesla,0.00,7.60,,,101.00,,,,0.00,P,5
1786538091969,tesla,0.00,7.60,,,101.00,,,,0.00,P,5
1786538091972,tesla,0.00,7.60,,,101.00,,,,0.00,P,5
1786538091974,tesla,0.00,7.60,,,101.00,,,,0.00,P,5
1786538091977,tesla,0.00,7.60,,,101.00,,,,0.00,P,5
1786538091980,tesla,0.00,7.60,,,101.00,,,,0.00,P,5
1786538091983,tesla,0.00,7.60,,,101.00,,,,0.00,P,5
1786538091983,tesla,0.00,7.60,,,101.00,,,,0.00,P,5
1786538091986,tesla,0.00,7.60,,,101.00,,,,0.00,P,5
1786538091988,tesla,0.00,7.60,,,101.00,,,,0.00,P,5
1786538091991,tesla,0.00,7.60,,,101.00,,,,0.00,P,5
1786538091991,tesla,0.00,7.60,,,101.00,,,,0.00,P,5
1786538091994,tesla,0.00,7.60,,,101.00,,,,0.00,P,5
1786538091997,tesla,0.00,7.60,,,101.00,,,,0.00,P,5
1786538091997,tesla,0.00,7.60,,,101.00,,,,0.00,P,5
1786538091999,tesla,0.00,7.60,,,101.00,,,,0.00,P,5
1786538092002,tesla,0.00,7.60,,,101.00,,,,0.00,P,5
1786538092005,tesla,0.00,7.60,,,101.00,,,,0.00,P,5
1786538092008,tesla,0.00,7.60,,,101.00,,,,0.00,P,5
1786538092008,tesla,0.00,7.60,,,101.00,,,,0.00,P,5
1786538092011,tesla,0.00,7.60,,,101.00,,,,0.00,P,5
1786538092013,tesla,0.00,7.60,,,101.00,,,,0.00,P,5
1786538092016,tesla,0.00,7.60,,,101.00,,,,0.00,P,5
1786538092019,tesla,0.00,7.60,,,101.00,,,,0.00,P,5
1786538092019,tesla,0.00,7.60,,,101.00,,,,0.00,P,5
1786538092022,tesla,0.00,7.60,,,101.00,,,,0.00,P,5
1786538092024,tesla,0.00,7.60,,,101.00,,,,0.00,P,5
1786538092027,tesla,0.00,7.60,,,101.00,,,,0.00,P,5
1786538092030,tesla,0.00,7.60,,,101.00,,,,0.00,P,5
1786538092030,tesla,0.00,7.60,,,101.00,,,,0.00,P,5
1786538092033,tesla,0.00,7.60,,,101.00,,,,0.00,P,5
1786538092036,tesla,0.00,7.60,,,101.00,,,,0.00,P,5
1786538092038,tesla,0.00,7.60,,,101.00,,,,0.00,P,5
1786538092041,tesla,0.00,7.60,,,101.00,,,,0.00,P,5
1786538092041,tesla,0.00,7.60,,,101.00,,,,0.00,P,5
1786538092044,tesla,0.00,7.60,,,101.00,,,,0.00,P,5
1786538092047,tesla,0.00,7.60,,,101.00,,,,0.00,P,5
1786538092049,tesla,0.00,7.60,,,101.00,,,,0.00,P,5
1786538092052,tesla,0.00,7.60,,,101.00,,,,0.00,P,5
1786538092052,tesla,0.00,7.60,,,101.00,,,,0.00,P,5
1786538092055,tesla,0.00,7.60,,,101.00,,,,0.00,P,5
1786538092058,tesla,0.00,7.60,,,101.00,,,,0.00,P,5
1786538092061,tesla,0.00,7.60,,,101.00,,,,0.00,P,5
1786538092063,tesla,0.00,7.60,,,101.00,,,,0.00,P,5
1786538092063,tesla,0.00,7.60,,,101.00,,,,0.00,P,5
1786538092066,tesla,0.00,7.60,,,101.00,,,,0.00,P,5
1786538092069,tesla,0.00,7.60,,,101.00,,,,0.00,P,5
1786538092069,tesla,0.00,7.60,,,101.00,,,,0.00,P,5
1786538092072,tesla,0.00,7.60,,,101.00,,,,0.00,P,5
1786538092074,tesla,0.00,7.60,,,101.00,,,,0.00,P,5
1786538092077,tesla,0.00,7.60,,,101.00,,,,0.00,P,5
1786538092080,tesla,0.00,7.60,,,101.00,,,,0.00,P,5
1786538092080,tesla,0.00,7.60,,,101.00,,,,0.00,P,5
1786538092083,tesla,0.00,7.60,,,101.00,,,,0.00,P,5
1786538092086,tesla,0.00,7.60,,,101.00,,,,0.00,P,5
1786538092088,tesla,0.00,7.60,,,101.00,,,,0.00,P,5
1786538092091,tesla,0.00,7.60,,,101.00,,,,0.00,P,5
1786538092094,tesla,0.00,7.60,,,101.00,,,,0.00,P,5
1786538092097,tesla,0.00,7.60,,,101.00,,,,0.00,P,5
1786538092097,tesla,0.00,7.60,,,101.00,,,,0.00,P,5
1786538092099,tesla,0.00,7.60,,,101.00,,,,0.00,P,5
1786538092102,tesla,0.00,7.60,,,101.00,,,,0.00,P,5
1786538092105,tesla,0.00,7.60,,,101.00,,,,0.00,P,5
1786538092108,tesla,0.00,7.60,,,101.00,,,,0.00,P,5
1786538092108,tesla,0.00,7.60,,,101.00,,,,0.00,P,5
1786538092111,tesla,0.00,7.60,,,101.00,,,,0.00,P,5
1786538092113,tesla,0.00,7.60,,,101.00,,,,0.00,P,5
1786538092116,tesla,0.00,7.60,,,101.00,,,,0.00,P,5
1786538092119,tesla,0.00,7.60,,,101.00,,,,0.00,P,5
1786538092122,tesla,0.00,7.60,,,101.00,,,,0.00,P,5
1786538092122,tesla,0.00,7.60,,,101.00,,,,0.00,P,5
1786538092124,tesla,0.00,7.60,,,101.00,,,,0.00,P,5
1786538092127,tesla,0.00,7.60,,,101.00,,,,0.00,P,5
1786538092130,tesla,0.00,7.60,,,101.00,,,,0.00,P,5
1786538092133,tesla,0.00,7.60,,,101.00,,,,0.00,P,5
1786538092136,tesla,0.00,7.60,,,101.00,,,,0.00,P,5
1786538092136,tesla,0.00,7.60,,,101.00,,,,0.00,P,5
1786538092138,tesla,0.00,7.60,,,101.00,,,,0.00,P,5
1786538092141,tesla,0.00,7.60,,,101.00,,,,0.00,P,5
1786538092144,tesla,0.00,7.60,,,101.00,,,,0.00,P,5
1786538092147,tesla,0.00,7.60,,,101.00,,,,0.00,P,5
1786538092147,tesla,0.00,7.60,,,101.00,,,,0.00,P,5
1786538092149,tesla,0.00,7.60,,,101.00,,,,0.00,P,5
1786538092152,tesla,0.00,7.60,,,101.00,,,,0.00,P,5
1786538092155,tesla,0.00,7.60,,,101.00,,,,0.00,P,5
1786538092158,tesla,0.00,7.60,,,101.00,,,,0.00,P,5
1786538092161,tesla,0.00,7.60,,,101.00,,,,0.00,P,5
1786538092161,tesla,0.00,7.60,,,101.00,,,,0.00,P,5
1786538092163,tesla,0.00,7.60,,,101.00,,,,0.00,P,5
1786538092166,tesla,0.00,7.60,,,101.00,,,,0.00,P,5
1786538092169,tesla,0.00,7.60,,,101.00,,,,0.00,P,5
1786538092172,tesla,0.00,7.60,,,101.00,,,,0.00,P,5
1786538092174,tesla,0.00,7.60,,,101.00,,,,0.00,P,5
1786538092177,tesla,0.00,7.60,,,101.00,,,,0.00,P,5
1786538092177,tesla,0.00,7.60,,,101.00,,,,0.00,P,5
1786538092180,tesla,0.00,7.60,,,101.00,,,,0.00,P,5
1786538092183,tesla,0.00,7.60,,,101.00,,,,0.00,P,5
1786538092186,tesla,0.00,7.60,,,101.00,,,,0.00,P,5
1786538092188,tesla,0.00,7.60,,,101.00,,,,0.00,P,5
1786538092188,tesla,0.00,7.60,,,101.00,,,,0.00,P,5
1786538092191,tesla,0.00,7.60,,,101.00,,,,0.00,P,5
1786538092191,tesla,0.00,7.60,,,101.00,,,,0.00,P,5
1786538092194,tesla,0.00,7.60,,,101.00,,,,0.00,P,5
1786538092197,tesla,0.00,7.60,,,101.00,,,,0.00,P,5
1786538092199,tesla,0.00,7.60,,,101.00,,,,0.00,P,5
1786538092202,tesla,0.00,7.60,,,101.00,,,,0.00,P,5
1786538092205,tesla,0.00,7.60,,,101.00,,,,0.00,P,5
1786538092205,tesla,0.00,7.60,,,101.00,,,,0.00,P,5
1786538092208,tesla,0.00,7.60,,,101.00,,,,0.00,P,5
1786538092211,tesla,0.00,7.60,,,101.00,,,,0.00,P,5
1786538092213,tesla,0.00,7.60,,,101.00,,,,0.00,P,5
1786538092216,tesla,0.00,7.60,,,101.00,,,,0.00,P,5
1786538092216,tesla,0.00,7.60,,,101.00,,,,0.00,P,5
1786538092219,tesla,0.00,7.60,,,101.00,,,,0.00,P,5
1786538092222,tesla,0.00,7.60,,,101.00,,,,0.00,P,5
1786538092224,tesla,0.00,7.60,,,101.00,,,,0.00,P,5
1786538092227,tesla,0.00,7.60,,,101.00,,,,0.00,P,5
1786538092230,tesla,0.00,7.60,,,101.00,,,,0.00,P,5
1786538092230,tesla,0.00,7.60,,,101.00,,,,0.00,P,5
1786538092233,tesla,0.00,7.60,,,101.00,,,,0.00,P,5
1786538092236,tesla,0.00,7.60,,,101.00,,,,0.00,P,5
1786538092238,tesla,0.00,7.60,,,101.00,,,,0.00,P,5
1786538092241,tesla,0.00,7.60,,,101.00,,,,0.00,P,5
1786538092244,tesla,0.00,7.60,,,101.00,,,,0.00,P,5
1786538092244,tesla,0.00,7.60,,,101.00,,,,0.00,P,5
1786538092247,tesla,0.00,7.60,,,101.00,,,,0.00,P,5
1786538092249,tesla,0.00,7.60,,,101.00,,,,0.00,P,5
1786538092252,tesla,0.00,7.60,,,101.00,,,,0.00,P,5
1786538092255,tesla,0.00,7.60,,,101.00,,,,0.00,P,5
1786538092258,tesla,0.00,8.00,,,101.00,,,,0.00,P,5
1786538092258,tesla,0.00,8.00,,,101.00,,,,0.00,P,5
1786538092261,tesla,0.00,8.00,,,101.00,,,,0.00,P,5
1786538092263,tesla,0.00,8.00,,,101.00,,,,0.00,P,5
1786538092266,tesla,0.00,8.00,,,101.00,,,,0.00,P,5
1786538092269,tesla,0.00,8.00,,,101.00,,,,0.00,P,5
1786538092269,tesla,0.00,8.00,,,101.00,,,,0.00,P,5
1786538092272,tesla,0.00,8.00,,,101.00,,,,0.00,P,5
1786538092274,tesla,0.00,8.00,,,101.00,,,,0.00,P,5
1786538092277,tesla,0.00,8.00,,,101.00,,,,0.00,P,5
1786538092280,tesla,0.00,8.00,,,101.00,,,,0.00,P,5
1786538092280,tesla,0.00,8.00,,,101.00,,,,0.00,P,5
1786538092283,tesla,0.00,8.00,,,101.00,,,,0.00,P,5
1786538092286,tesla,0.00,8.00,,,101.00,,,,0.00,P,5
1786538092286,tesla,0.00,8.00,,,101.00,,,,0.00,P,5
1786538092288,tesla,0.00,8.00,,,101.00,,,,0.00,P,5
1786538092291,tesla,0.00,8.00,,,101.00,,,,0.00,P,5
1786538092294,tesla,0.00,8.00,,,101.00,,,,0.00,P,5
1786538092297,tesla,0.00,8.00,,,101.00,,,,0.00,P,5
1786538092299,tesla,0.00,8.00,,,101.00,,,,0.00,P,5
1786538092302,tesla,0.00,8.00,,,101.00,,,,0.00,P,5
1786538092302,tesla,0.00,8.00,,,101.00,,,,0.00,P,5
1786538092305,tesla,0.00,8.00,,,101.00,,,,0.00,P,5
1786538092308,tesla,0.00,8.00,,,101.00,,,,0.00,P,5
1786538092311,tesla,0.00,8.00,,,101.00,,,,0.00,P,5
1786538092313,tesla,0.00,8.00,,,101.00,,,,0.00,P,5
1786538092316,tesla,0.00,8.00,,,101.00,,,,0.00,P,5
1786538092316,tesla,0.00,8.00,,,101.00,,,,0.00,P,5
1786538092319,tesla,0.00,8.00,,,101.00,,,,0.00,P,5
1786538092322,tesla,0.00,8.00,,,101.00,,,,0.00,P,5
1786538092324,tesla,0.00,8.00,,,101.00,,,,0.00,P,5
1786538092327,tesla,0.00,8.00,,,101.00,,,,0.00,P,5
1786538092330,tesla,0.00,8.00,,,101.00,,,,0.00,P,5
1786538092330,tesla,0.00,8.00,,,101.00,,,,0.00,P,5
1786538092333,tesla,0.00,8.00,,,101.00,,,,0.00,P,5
1786538092336,tesla,0.00,8.00,,,101.00,,,,0.00,P,5
1786538092336,tesla,0.00,8.00,,,101.00,,,,0.00,P,5
1786538092338,tesla,0.00,8.00,,,101.00,,,,0.00,P,5
1786538092341,tesla,0.00,8.00,,,101.00,,,,0.00,P,5
1786538092344,tesla,0.00,8.00,,,101.00,,,,0.00,P,5
1786538092347,tesla,0.00,8.00,,,101.00,,,,0.00,P,5
1786538092347,tesla,0.00,8.00,,,101.00,,,,0.00,P,5
1786538092349,tesla,0.00,8.00,,,101.00,,,,0.00,P,5
1786538092352,tesla,0.00,8.00,,,101.00,,,,0.00,P,5
1786538092355,tesla,0.00,8.00,,,101.00,,,,0.00,P,5
1786538092358,tesla,0.00,8.00,,,101.00,,,,0.00,P,5
1786538092358,tesla,0.00,8.00,,,101.00,,,,0.00,P,5
1786538092361,tesla,0.00,8.00,,,101.00,,,,0.00,P,5
1786538092363,tesla,0.00,8.00,,,101.00,,,,0.00,P,5
1786538092366,tesla,0.00,8.00,,,101.00,,,,0.00,P,5
1786538092369,tesla,0.00,8.00,,,101.00,,,,0.00,P,5
1786538092372,tesla,0.00,8.00,,,101.00,,,,0.00,P,5
1786538092374,tesla,0.00,8.00,,,101.00,,,,0.00,P,5
1786538092377,tesla,0.00,8.00,,,101.00,,,,0.00,P,5
1786538092377,tesla,0.00,8.00,,,101.00,,,,0.00,P,5
1786538092380,tesla,0.00,8.00,,,101.00,,,,0.00,P,5
1786538092383,tesla,0.00,8.00,,,101.00,,,,0.00,P,5
1786538092386,tesla,0.00,8.00,,,101.00,,,,0.00,P,5
1786538092388,tesla,0.00,8.00,,,101.00,,,,0.00,P,5
1786538092389,tesla,0.00,8.00,,,101.00,,,,0.00,P,5
1786538092391,tesla,0.00,8.00,,,101.00,,,,0.00,P,5
1786538092394,tesla,0.00,8.00,,,101.00,,,,0.00,P,5
1786538092397,tesla,0.00,8.00,,,101.00,,,,0.00,P,5
1786538092399,tesla,0.00,8.00,,,101.00,,,,0.00,P,5
1786538092400,tesla,0.00,8.00,,,101.00,,,,0.00,P,5
1786538092402,tesla,0.00,8.00,,,101.00,,,,0.00,P,5
1786538092405,tesla,0.00,8.00,,,101.00,,,,0.00,P,5
1786538092408,tesla,0.00,8.00,,,101.00,,,,0.00,P,5
1786538092411,tesla,0.00,8.00,,,101.00,,,,0.00,P,5
1786538092413,tesla,0.00,8.00,,,101.00,,,,0.00,P,5
1786538092416,tesla,0.00,8.00,,,101.00,,,,0.00,P,5
1786538092416,tesla,0.00,8.00,,,101.00,,,,0.00,P,5
1786538092419,tesla,0.00,8.00,,,101.00,,,,0.00,P,5
1786538092422,tesla,0.00,8.00,,,101.00,,,,0.00,P,5
1786538092424,tesla,0.00,8.00,,,101.00,,,,0.00,P,5
1786538092425,tesla,0.00,8.00,,,101.00,,,,0.00,P,5
1786538092427,tesla,0.00,8.00,,,101.00,,,,0.00,P,5
1786538092430,tesla,0.00,8.00,,,101.00,,,,0.00,P,5
1786538092433,tesla,0.00,8.00,,,101.00,,,,0.00,P,5
1786538092435,tesla,0.00,8.00,,,101.00,,,,0.00,P,5
1786538092436,tesla,0.00,8.00,,,101.00,,,,0.00,P,5
1786538092438,tesla,0.00,8.00,,,101.00,,,,0.00,P,5
1786538092441,tesla,0.00,8.00,,,101.00,,,,0.00,P,5
1786538092444,tesla,0.00,8.00,,,101.00,,,,0.00,P,5
1786538092447,tesla,0.00,8.00,,,101.00,,,,0.00,P,5
1786538092449,tesla,0.00,8.00,,,101.00,,,,0.00,P,5
1786538092449,tesla,0.00,8.00,,,101.00,,,,0.00,P,5
1786538092452,tesla,0.00,8.00,,,101.00,,,,0.00,P,5
1786538092455,tesla,0.00,8.00,,,101.00,,,,0.00,P,5
1786538092458,tesla,0.00,8.00,,,101.00,,,,0.00,P,5
1786538092460,tesla,0.00,8.00,,,101.00,,,,0.00,P,5
1786538092463,tesla,0.00,8.00,,,101.00,,,,0.00,P,5
1786538092463,tesla,0.00,8.00,,,101.00,,,,0.00,P,5
1786538092466,tesla,0.00,8.00,,,101.00,,,,0.00,P,5
1786538092469,tesla,0.00,8.00,,,101.00,,,,0.00,P,5
1786538092472,tesla,0.00,8.00,,,101.00,,,,0.00,P,5
1786538092472,tesla,0.00,8.00,,,101.00,,,,0.00,P,5
1786538092474,tesla,0.00,8.00,,,101.00,,,,0.00,P,5
1786538092477,tesla,0.00,8.00,,,101.00,,,,0.00,P,5
1786538092477,tesla,0.00,8.00,,,101.00,,,,0.00,P,5
1786538092480,tesla,0.00,8.00,,,101.00,,,,0.00,P,5
1786538092483,tesla,0.00,8.00,,,101.00,,,,0.00,P,5
1786538092486,tesla,0.00,8.00,,,101.00,,,,0.00,P,5
1786538092488,tesla,0.00,8.00,,,101.00,,,,0.00,P,5
1786538092491,tesla,0.00,8.00,,,101.00,,,,0.00,P,5
1786538092494,tesla,0.00,8.00,,,101.00,,,,0.00,P,5
1786538092497,tesla,0.00,8.00,,,101.00,,,,0.00,P,5
1786538092497,tesla,0.00,8.00,,,101.00,,,,0.00,P,5
1786538092500,tesla,0.00,8.00,,,101.00,,,,0.00,P,5
1786538092504,tesla,0.00,8.00,,,101.00,,,,0.00,P,5
1786538092505,tesla,0.00,8.00,,,101.00,,,,0.00,P,5
1786538092511,tesla,0.00,8.00,,,101.00,,,,0.00,P,5
1786538092511,tesla,0.00,8.00,,,101.00,,,,0.00,P,5
1786538092511,tesla,0.00,8.00,,,101.00,,,,0.00,P,5
1786538092516,tesla,0.00,8.00,,,101.00,,,,0.00,P,5
1786538092517,tesla,0.00,8.00,,,101.00,,,,0.00,P,5
1786538092519,tesla,0.00,8.00,,,101.00,,,,0.00,P,5
1786538092523,tesla,0.00,8.00,,,101.00,,,,0.00,P,5
1786538092525,tesla,0.00,8.00,,,101.00,,,,0.00,P,5
1786538092525,tesla,0.00,8.00,,,101.00,,,,0.00,P,5
1786538092525,tesla,0.00,8.00,,,101.00,,,,0.00,P,5
1786538092527,tesla,0.00,8.00,,,101.00,,,,0.00,P,5
1786538092530,tesla,0.00,8.00,,,101.00,,,,0.00,P,5
1786538092533,tesla,0.00,8.00,,,101.00,,,,0.00,P,5
1786538092533,tesla,0.00,8.00,,,101.00,,,,0.00,P,5
1786538092537,tesla,0.00,8.00,,,101.00,,,,0.00,P,5
1786538092537,tesla,0.00,8.00,,,101.00,,,,0.00,P,5
1786538092539,tesla,0.00,8.00,,,101.00,,,,0.00,P,5
1786538092541,tesla,0.00,8.00,,,101.00,,,,0.00,P,5
1786538092544,tesla,0.00,8.00,,,101.00,,,,0.00,P,5
1786538092547,tesla,0.00,8.00,,,101.00,,,,0.00,P,5
1786538092549,tesla,0.00,8.00,,,101.00,,,,0.00,P,5
1786538092552,tesla,0.00,8.00,,,101.00,,,,0.00,P,5
1786538092552,tesla,0.00,8.00,,,101.00,,,,0.00,P,5
1786538092555,tesla,0.00,8.00,,,101.00,,,,0.00,P,5
1786538092558,tesla,0.00,8.00,,,101.00,,,,0.00,P,5
1786538092562,tesla,0.00,8.00,,,101.00,,,,0.00,P,5
1786538092563,tesla,0.00,8.00,,,101.00,,,,0.00,P,5
1786538092566,tesla,0.00,8.00,,,101.00,,,,0.00,P,5
1786538092566,tesla,0.00,8.00,,,101.00,,,,0.00,P,5
1786538092569,tesla,0.00,8.00,,,101.00,,,,0.00,P,5
1786538092572,tesla,0.00,8.00,,,101.00,,,,0.00,P,5
1786538092574,tesla,0.00,8.00,,,101.00,,,,0.00,P,5
1786538092577,tesla,0.00,8.00,,,101.00,,,,0.00,P,5
1786538092580,tesla,0.00,8.00,,,101.00,,,,0.00,P,5
1786538092583,tesla,0.00,8.00,,,101.00,,,,0.00,P,5
1786538092583,tesla,0.00,8.00,,,101.00,,,,0.00,P,5
1786538092586,tesla,0.00,8.00,,,101.00,,,,0.00,P,5
1786538092586,tesla,0.00,8.00,,,101.00,,,,0.00,P,5
1786538092588,tesla,0.00,8.00,,,101.00,,,,0.00,P,5
1786538092591,tesla,0.00,8.00,,,101.00,,,,0.00,P,5
1786538092594,tesla,0.00,8.00,,,101.00,,,,0.00,P,5
1786538092597,tesla,0.00,8.00,,,101.00,,,,0.00,P,5
1786538092599,tesla,0.00,8.00,,,101.00,,,,0.00,P,5
1786538092602,tesla,0.00,8.00,,,101.00,,,,0.00,P,5
1786538092605,tesla,0.00,8.00,,,101.00,,,,0.00,P,5
1786538092605,tesla,0.00,8.00,,,101.00,,,,0.00,P,5
1786538092608,tesla,0.00,8.00,,,101.00,,,,0.00,P,5
1786538092611,tesla,0.00,8.00,,,101.00,,,,0.00,P,5
1786538092613,tesla,0.00,8.00,,,101.00,,,,0.00,P,5
1786538092617,tesla,0.00,8.00,,,101.00,,,,0.00,P,5
1786538092619,tesla,0.00,8.00,,,101.00,,,,0.00,P,5
1786538092622,tesla,0.00,8.00,,,101.00,,,,0.00,P,5
1786538092623,tesla,0.00,8.00,,,101.00,,,,0.00,P,5
1786538092624,tesla,0.00,22.40,,,101.00,,,,0.00,P,5
1786538092627,tesla,0.00,22.40,,,101.00,,,,0.00,P,5
1786538092630,tesla,0.00,22.40,,,101.00,,,,0.00,P,5
1786538092633,tesla,0.00,22.40,,,101.00,,,,0.00,P,5
1786538092633,tesla,0.00,22.40,,,101.00,,,,0.00,P,5
1786538092636,tesla,0.00,22.40,,,101.00,,,,0.00,P,5
1786538092638,tesla,0.00,22.40,,,101.00,,,,0.00,P,5
1786538092641,tesla,0.00,22.40,,,101.00,,,,0.00,P,5
1786538092641,tesla,0.00,22.40,,,101.00,,,,0.00,P,5
1786538092644,tesla,0.00,24.80,,,101.00,,,,0.00,P,5
1786538092647,tesla,0.00,24.80,,,101.00,,,,0.00,P,5
1786538092649,tesla,0.00,24.80,,,101.00,,,,0.00,P,5
1786538092652,tesla,0.00,24.80,,,101.00,,,,0.00,P,5
1786538092655,tesla,0.00,24.80,,,101.00,,,,0.00,P,5
1786538092658,tesla,0.00,24.80,,,101.00,,,,0.00,P,5
1786538092661,tesla,0.00,24.80,,,101.00,,,,0.00,P,5
1786538092661,tesla,0.00,24.80,,,101.00,,,,0.00,P,5
1786538092663,tesla,0.00,24.80,,,101.00,,,,0.00,P,5
1786538092666,tesla,0.00,24.80,,,101.00,,,,0.00,P,5
1786538092666,tesla,0.00,24.80,,,101.00,,,,0.00,P,5
1786538092669,tesla,0.00,27.20,,,101.00,,,,0.00,P,5
1786538092672,tesla,0.00,27.20,,,101.00,,,,0.00,P,5
1786538092674,tesla,0.00,27.20,,,101.00,,,,0.00,P,5
1786538092677,tesla,0.00,27.20,,,101.00,,,,0.00,P,5
1786538092678,tesla,0.00,27.20,,,101.00,,,,0.00,P,5
1786538092680,tesla,0.00,27.20,,,101.00,,,,0.00,P,5
1786538092683,tesla,0.00,27.20,,,101.00,,,,0.00,P,5
1786538092686,tesla,0.00,27.20,,,101.00,,,,0.00,P,5
1786538092688,tesla,0.00,27.20,,,101.00,,,,0.00,P,5
1786538092691,tesla,0.00,27.20,,,101.00,,,,0.00,P,5
1786538092694,tesla,0.00,27.20,,,101.00,,,,0.00,P,5
1786538092694,tesla,0.00,27.20,,,101.00,,,,0.00,P,5
1786538092697,tesla,0.00,27.20,,,101.00,,,,0.00,P,5
1786538092699,tesla,0.00,27.20,,,101.00,,,,0.00,P,5
1786538092702,tesla,0.00,27.20,,,101.00,,,,0.00,P,5
1786538092705,tesla,0.00,27.20,,,101.00,,,,0.00,P,5
1786538092708,tesla,0.00,27.20,,,101.00,,,,0.00,P,5
1786538092711,tesla,0.00,27.20,,,101.00,,,,0.00,P,5
1786538092713,tesla,0.00,27.20,,,101.00,,,,0.00,P,5
1786538092713,tesla,0.00,27.20,,,101.00,,,,0.00,P,5
1786538092716,tesla,0.00,27.20,,,101.00,,,,0.00,P,5
1786538092719,tesla,0.00,27.20,,,101.00,,,,0.00,P,5
1786538092722,tesla,0.00,27.20,,,101.00,,,,0.00,P,5
1786538092724,tesla,0.00,27.20,,,101.00,,,,0.00,P,5
1786538092725,tesla,0.00,27.20,,,101.00,,,,0.00,P,5
1786538092727,tesla,0.00,27.20,,,101.00,,,,0.00,P,5
1786538092727,tesla,0.00,27.20,,,101.00,,,,0.00,P,5
1786538092730,tesla,0.00,27.20,,,101.00,,,,0.00,P,5
1786538092733,tesla,0.00,27.20,,,101.00,,,,0.00,P,5
1786538092736,tesla,0.00,27.20,,,101.00,,,,0.00,P,5
1786538092736,tesla,0.00,27.20,,,101.00,,,,0.00,P,5
1786538092738,tesla,0.00,27.20,,,101.00,,,,0.00,P,5
1786538092739,tesla,0.00,27.20,,,101.00,,,,0.00,P,5
1786538092741,tesla,0.00,27.20,,,101.00,,,,0.00,P,5
1786538092744,tesla,0.00,27.20,,,101.00,,,,0.00,P,5
1786538092747,tesla,0.00,27.20,,,101.00,,,,0.00,P,5
1786538092749,tesla,0.00,27.20,,,101.00,,,,0.00,P,5
1786538092750,tesla,0.00,27.20,,,101.00,,,,0.00,P,5
1786538092752,tesla,0.00,27.20,,,101.00,,,,0.00,P,5
1786538092752,tesla,0.00,27.20,,,101.00,,,,0.00,P,5
1786538092755,tesla,0.00,27.20,,,101.00,,,,0.00,P,5
1786538092758,tesla,0.00,27.20,,,101.00,,,,0.00,P,5
1786538092758,tesla,0.00,27.20,,,101.00,,,,0.00,P,5
1786538092761,tesla,0.00,27.20,,,101.00,,,,0.00,P,5
1786538092763,tesla,0.00,27.20,,,101.00,,,,0.00,P,5
1786538092766,tesla,0.00,27.20,,,101.00,,,,0.00,P,5
1786538092769,tesla,0.00,27.20,,,101.00,,,,0.00,P,5
1786538092772,tesla,0.00,27.20,,,101.00,,,,0.00,P,5
1786538092772,tesla,0.00,27.20,,,101.00,,,,0.00,P,5
1786538092772,tesla,0.00,27.20,,,101.00,,,,0.00,P,5
1786538092774,tesla,0.00,27.20,,,101.00,,,,0.00,P,5
1786538092777,tesla,0.00,27.20,,,101.00,,,,0.00,P,5
1786538092780,tesla,0.00,27.20,,,101.00,,,,0.00,P,5
1786538092783,tesla,0.00,27.20,,,101.00,,,,0.00,P,5
1786538092783,tesla,0.00,27.20,,,101.00,,,,0.00,P,5
1786538092786,tesla,0.00,27.20,,,101.00,,,,0.00,P,5
1786538092788,tesla,0.00,27.20,,,101.00,,,,0.00,P,5
1786538092791,tesla,0.00,27.20,,,101.00,,,,0.00,P,5
1786538092794,tesla,0.00,27.20,,,101.00,,,,0.00,P,5
1786538092794,tesla,0.00,27.20,,,101.00,,,,0.00,P,5
1786538092797,tesla,0.00,27.20,,,101.00,,,,0.00,P,5
1786538092799,tesla,0.00,27.20,,,101.00,,,,0.00,P,5
1786538092802,tesla,0.00,27.20,,,101.00,,,,0.00,P,5
1786538092805,tesla,0.00,27.20,,,101.00,,,,0.00,P,5
1786538092805,tesla,0.00,26.40,,,101.00,,,,0.00,P,5
1786538092808,tesla,0.00,26.40,,,101.00,,,,0.00,P,5
1786538092811,tesla,0.00,26.40,,,101.00,,,,0.00,P,5
1786538092813,tesla,0.00,26.40,,,101.00,,,,0.00,P,5
1786538092816,tesla,0.00,26.40,,,101.00,,,,0.00,P,5
1786538092819,tesla,0.00,26.40,,,101.00,,,,0.00,P,5
1786538092822,tesla,0.00,26.40,,,101.00,,,,0.00,P,5
1786538092824,tesla,0.00,26.40,,,101.00,,,,0.00,P,5
1786538092825,tesla,0.00,26.40,,,101.00,,,,0.00,P,5
1786538092827,tesla,0.00,26.40,,,101.00,,,,0.00,P,5
1786538092830,tesla,0.00,25.60,,,101.00,,,,0.00,P,5
1786538092833,tesla,0.00,25.60,,,101.00,,,,0.00,P,5
1786538092836,tesla,0.00,25.60,,,101.00,,,,0.00,P,5
1786538092838,tesla,0.00,25.60,,,101.00,,,,0.00,P,5
1786538092841,tesla,0.00,25.60,,,101.00,,,,0.00,P,5
1786538092844,tesla,0.00,25.60,,,101.00,,,,0.00,P,5
1786538092844,tesla,0.00,25.60,,,101.00,,,,0.00,P,5
1786538092847,tesla,0.00,25.60,,,101.00,,,,0.00,P,5
1786538092849,tesla,0.00,25.60,,,101.00,,,,0.00,P,5
1786538092852,tesla,0.00,25.60,,,101.00,,,,0.00,P,5
1786538092852,tesla,0.00,25.60,,,101.00,,,,0.00,P,5
1786538092855,tesla,0.00,25.60,,,101.00,,,,0.00,P,5
1786538092858,tesla,0.00,25.60,,,101.00,,,,0.00,P,5
1786538092861,tesla,0.00,25.60,,,101.00,,,,0.00,P,5
1786538092863,tesla,0.00,25.60,,,101.00,,,,0.00,P,5
1786538092864,tesla,0.00,25.60,,,101.00,,,,0.00,P,5
1786538092866,tesla,0.00,25.60,,,101.00,,,,0.00,P,5
1786538092869,tesla,0.00,25.60,,,101.00,,,,0.00,P,5
1786538092872,tesla,0.00,25.60,,,101.00,,,,0.00,P,5
1786538092874,tesla,0.00,25.60,,,101.00,,,,0.00,P,5
1786538092877,tesla,0.00,25.60,,,101.00,,,,0.00,P,5
1786538092880,tesla,0.00,25.60,,,101.00,,,,0.00,P,5
1786538092883,tesla,0.00,25.60,,,101.00,,,,0.00,P,5
1786538092883,tesla,0.00,25.60,,,101.00,,,,0.00,P,5
1786538092886,tesla,0.00,25.60,,,101.00,,,,0.00,P,5
1786538092888,tesla,0.00,25.60,,,101.00,,,,0.00,P,5
1786538092891,tesla,0.00,25.60,,,101.00,,,,0.00,P,5
1786538092894,tesla,0.00,25.60,,,101.00,,,,0.00,P,5
1786538092897,tesla,0.00,25.60,,,101.00,,,,0.00,P,5
1786538092899,tesla,0.00,25.60,,,101.00,,,,0.00,P,5
1786538092902,tesla,0.00,25.60,,,101.00,,,,0.00,P,5
1786538092902,tesla,0.00,25.60,,,101.00,,,,0.00,P,5
1786538092905,tesla,0.00,25.60,,,101.00,,,,0.00,P,5
1786538092908,tesla,0.00,25.60,,,101.00,,,,0.00,P,5
1786538092911,tesla,0.00,25.60,,,101.00,,,,0.00,P,5
1786538092913,tesla,0.00,25.60,,,101.00,,,,0.00,P,5
1786538092914,tesla,0.00,25.60,,,101.00,,,,0.00,P,5
1786538092916,tesla,0.00,25.60,,,101.00,,,,0.00,P,5
1786538092919,tesla,0.00,25.60,,,101.00,,,,0.00,P,5
1786538092922,tesla,0.00,25.60,,,101.00,,,,0.00,P,5
1786538092922,tesla,0.00,25.60,,,101.00,,,,0.00,P,5
1786538092925,tesla,0.00,25.60,,,101.00,,,,0.00,P,5
1786538092928,tesla,0.00,25.60,,,101.00,,,,0.00,P,5
1786538092928,tesla,0.00,25.60,,,101.00,,,,0.00,P,5
1786538092930,tesla,0.00,25.60,,,101.00,,,,0.00,P,5
1786538092933,tesla,0.00,25.60,,,101.00,,,,0.00,P,5
1786538092936,tesla,0.00,25.60,,,101.00,,,,0.00,P,5
1786538092938,tesla,0.00,25.60,,,101.00,,,,0.00,P,5
1786538092938,tesla,0.00,25.60,,,101.00,,,,0.00,P,5
1786538092941,tesla,0.00,25.60,,,101.00,,,,0.00,P,5
1786538092944,tesla,0.00,25.60,,,101.00,,,,0.00,P,5
1786538092947,tesla,0.00,25.60,,,101.00,,,,0.00,P,5
1786538092949,tesla,0.00,25.60,,,101.00,,,,0.00,P,5
1786538092950,tesla,0.00,25.60,,,101.00,,,,0.00,P,5
1786538092952,tesla,0.00,25.60,,,101.00,,,,0.00,P,5
1786538092955,tesla,0.00,25.60,,,101.00,,,,0.00,P,5
1786538092958,tesla,0.00,25.60,,,101.00,,,,0.00,P,5
1786538092961,tesla,0.00,25.60,,,101.00,,,,0.00,P,5
1786538092961,tesla,0.00,25.60,,,101.00,,,,0.00,P,5
1786538092963,tesla,0.00,25.60,,,101.00,,,,0.00,P,5
1786538092966,tesla,0.00,25.60,,,101.00,,,,0.00,P,5
1786538092969,tesla,0.00,25.60,,,101.00,,,,0.00,P,5
1786538092969,tesla,0.00,25.60,,,101.00,,,,0.00,P,5
1786538092972,tesla,0.00,25.60,,,101.00,,,,0.00,P,5
1786538092974,tesla,0.00,25.60,,,101.00,,,,0.00,P,5
1786538092977,tesla,0.00,25.60,,,101.00,,,,0.00,P,5
1786538092980,tesla,0.00,25.60,,,101.00,,,,0.00,P,5
1786538092983,tesla,0.00,25.60,,,101.00,,,,0.00,P,5
1786538092983,tesla,0.00,25.60,,,101.00,,,,0.00,P,5
1786538092986,tesla,0.00,25.60,,,101.00,,,,0.00,P,5
1786538092988,tesla,0.00,25.60,,,101.00,,,,0.00,P,5
1786538092991,tesla,0.00,25.60,,,101.00,,,,0.00,P,5
1786538092991,tesla,0.00,25.60,,,101.00,,,,0.00,P,5
1786538092994,tesla,0.00,25.60,,,101.00,,,,0.00,P,5
1786538092997,tesla,0.00,25.60,,,101.00,,,,0.00,P,5
1786538093000,tesla,0.00,25.60,,,101.00,,,,0.00,P,5
1786538093002,tesla,0.00,20.40,,,101.00,,,,0.00,P,5
1786538093002,tesla,0.00,20.40,,,101.00,,,,0.00,P,5
1786538093005,tesla,0.00,20.40,,,101.00,,,,0.00,P,5
1786538093008,tesla,0.00,20.40,,,101.00,,,,0.00,P,5
1786538093011,tesla,0.00,20.40,,,101.00,,,,0.00,P,5
1786538093013,tesla,0.00,20.40,,,101.00,,,,0.00,P,5
1786538093016,tesla,0.00,20.40,,,101.00,,,,0.00,P,5
1786538093019,tesla,0.00,20.40,,,101.00,,,,0.00,P,5
1786538093022,tesla,0.00,20.40,,,101.00,,,,0.00,P,5
1786538093022,tesla,0.00,20.40,,,101.00,,,,0.00,P,5
1786538093025,tesla,0.00,20.40,,,101.00,,,,0.00,P,5
1786538093027,tesla,0.00,20.40,,,101.00,,,,0.00,P,5
1786538093030,tesla,0.00,20.40,,,101.00,,,,0.00,P,5
1786538093033,tesla,0.00,20.40,,,101.00,,,,0.00,P,5
1786538093036,tesla,0.00,20.40,,,101.00,,,,0.00,P,5
1786538093038,tesla,0.00,20.40,,,101.00,,,,0.00,P,5
1786538093041,tesla,0.00,20.40,,,101.00,,,,0.00,P,5
1786538093042,tesla,0.00,20.40,,,101.00,,,,0.00,P,5
1786538093044,tesla,0.00,20.40,,,101.00,,,,0.00,P,5
1786538093047,tesla,0.00,20.40,,,101.00,,,,0.00,P,5
1786538093049,tesla,0.00,20.40,,,101.00,,,,0.00,P,5
1786538093050,tesla,0.00,20.40,,,101.00,,,,0.00,P,5
1786538093052,tesla,0.00,20.40,,,101.00,,,,0.00,P,5
1786538093055,tesla,0.00,20.40,,,101.00,,,,0.00,P,5
1786538093058,tesla,0.00,20.40,,,101.00,,,,0.00,P,5
1786538093061,tesla,0.00,20.40,,,101.00,,,,0.00,P,5
1786538093061,tesla,0.00,20.40,,,101.00,,,,0.00,P,5
1786538093064,tesla,0.00,20.40,,,101.00,,,,0.00,P,5
1786538093066,tesla,0.00,20.40,,,101.00,,,,0.00,P,5
1786538093066,tesla,0.00,20.40,,,101.00,,,,0.00,P,5
1786538093069,tesla,0.00,20.40,,,101.00,,,,0.00,P,5
1786538093072,tesla,0.00,20.40,,,101.00,,,,0.00,P,5
1786538093074,tesla,0.00,20.40,,,101.00,,,,0.00,P,5
1786538093075,tesla,0.00,20.40,,,101.00,,,,0.00,P,5
1786538093077,tesla,0.00,20.40,,,101.00,,,,0.00,P,5
1786538093080,tesla,0.00,20.40,,,101.00,,,,0.00,P,5
1786538093083,tesla,0.00,20.40,,,101.00,,,,0.00,P,5
1786538093086,tesla,0.00,20.40,,,101.00,,,,0.00,P,5
1786538093086,tesla,0.00,20.40,,,101.00,,,,0.00,P,5
1786538093088,tesla,0.00,20.40,,,101.00,,,,0.00,P,5
1786538093091,tesla,0.00,20.40,,,101.00,,,,0.00,P,5
1786538093094,tesla,0.00,20.40,,,101.00,,,,0.00,P,5
1786538093097,tesla,0.00,20.40,,,101.00,,,,0.00,P,5
1786538093097,tesla,0.00,20.40,,,101.00,,,,0.00,P,5
1786538093100,tesla,0.00,20.40,,,101.00,,,,0.00,P,5
1786538093102,tesla,0.00,20.40,,,101.00,,,,0.00,P,5
1786538093105,tesla,0.00,20.40,,,101.00,,,,0.00,P,5
1786538093108,tesla,0.00,20.40,,,101.00,,,,0.00,P,5
1786538093108,tesla,0.00,20.40,,,101.00,,,,0.00,P,5
1786538093111,tesla,0.00,20.40,,,101.00,,,,0.00,P,5
1786538093113,tesla,0.00,20.40,,,101.00,,,,0.00,P,5
1786538093116,tesla,0.00,20.40,,,101.00,,,,0.00,P,5
1786538093119,tesla,0.00,20.40,,,101.00,,,,0.00,P,5
1786538093119,tesla,0.00,20.40,,,101.00,,,,0.00,P,5
1786538093122,tesla,0.00,20.40,,,101.00,,,,0.00,P,5
1786538093125,tesla,0.00,20.40,,,101.00,,,,0.00,P,5
1786538093130,tesla,0.00,20.40,,,101.00,,,,0.00,P,5
1786538093133,tesla,0.00,20.40,,,101.00,,,,0.00,P,5
1786538093133,tesla,0.00,20.40,,,101.00,,,,0.00,P,5
1786538093136,tesla,0.00,20.40,,,101.00,,,,0.00,P,5
1786538093138,tesla,0.00,20.40,,,101.00,,,,0.00,P,5
1786538093141,tesla,0.00,0.00,,,101.00,,,,0.00,P,5
1786538093141,tesla,0.00,0.00,,,101.00,,,,0.00,P,5
1786538093144,tesla,0.00,0.00,,,101.00,,,,0.00,P,5
1786538093147,tesla,0.00,0.00,,,101.00,,,,0.00,P,5
1786538093149,tesla,0.00,0.00,,,101.00,,,,0.00,P,5
1786538093152,tesla,0.00,0.00,,,101.00,,,,0.00,P,5
1786538093155,tesla,0.00,0.00,,,101.00,,,,0.00,P,5
1786538093158,tesla,0.00,0.00,,,101.00,,,,0.00,P,5
1786538093158,tesla,0.00,0.00,,,101.00,,,,0.00,P,5
1786538093161,tesla,0.00,0.00,,,101.00,,,,0.00,P,5
1786538093163,tesla,0.00,0.00,,,101.00,,,,0.00,P,5
1786538093166,tesla,0.00,0.00,,,101.00,,,,0.00,P,5
1786538093169,tesla,0.00,0.00,,,101.00,,,,0.00,P,5
1786538093172,tesla,0.00,0.00,,,101.00,,,,0.00,P,5
1786538093174,tesla,0.00,0.00,,,101.00,,,,0.00,P,5
1786538093175,tesla,0.00,0.00,,,101.00,,,,0.00,P,5
1786538093177,tesla,0.00,0.00,,,101.00,,,,0.00,P,5
1786538093180,tesla,0.00,0.00,,,101.00,,,,0.00,P,5
1786538093183,tesla,0.00,0.00,,,101.00,,,,0.00,P,5
1786538093186,tesla,0.00,0.00,,,101.00,,,,0.00,P,5
1786538093186,tesla,0.00,0.00,,,101.00,,,,0.00,P,5
1786538093188,tesla,0.00,0.00,,,101.00,,,,0.00,P,5
1786538093189,tesla,0.00,0.00,,,101.00,,,,0.00,P,5
1786538093191,tesla,0.00,0.00,,,101.00,,,,0.00,P,5
1786538093194,tesla,0.00,0.00,,,101.00,,,,0.00,P,5
1786538093197,tesla,0.00,0.00,,,101.00,,,,0.00,P,5
1786538093199,tesla,0.00,0.00,,,101.00,,,,0.00,P,5
1786538093202,tesla,0.00,0.00,,,101.00,,,,0.00,P,5
1786538093202,tesla,0.00,0.00,,,101.00,,,,0.00,P,5
1786538093205,tesla,0.00,0.00,,,101.00,,,,0.00,P,5
1786538093208,tesla,0.00,0.00,,,101.00,,,,0.00,P,5
1786538093211,tesla,0.00,0.00,,,101.00,,,,0.00,P,5
1786538093213,tesla,0.00,0.00,,,101.00,,,,0.00,P,5
1786538093216,tesla,0.00,0.00,,,101.00,,,,0.00,P,5
1786538093216,tesla,0.00,0.00,,,101.00,,,,0.00,P,5
1786538093219,tesla,0.00,0.00,,,101.00,,,,0.00,P,5
1786538093222,tesla,0.00,0.00,,,101.00,,,,0.00,P,5
1786538093224,tesla,0.00,0.00,,,101.00,,,,0.00,P,5
1786538093225,tesla,0.00,0.00,,,101.00,,,,0.00,P,5
1786538093227,tesla,0.00,0.00,,,101.00,,,,0.00,P,5
1786538093230,tesla,0.00,0.00,,,101.00,,,,0.00,P,5
1786538093230,tesla,0.00,0.00,,,101.00,,,,0.00,P,5
1786538093233,tesla,0.00,0.00,,,101.00,,,,0.00,P,5
1786538093236,tesla,0.00,0.00,,,101.00,,,,0.00,P,5
1786538093236,tesla,0.00,0.00,,,101.00,,,,0.00,P,5
1786538093238,tesla,0.00,0.00,,,101.00,,,,0.00,P,5
1786538093241,tesla,0.00,0.00,,,101.00,,,,0.00,P,5
1786538093244,tesla,0.00,0.00,,,101.00,,,,0.00,P,5
1786538093247,tesla,0.00,0.00,,,101.00,,,,0.00,P,5
1786538093249,tesla,0.00,0.00,,,101.00,,,,0.00,P,5
1786538093250,tesla,0.00,0.00,,,101.00,,,,0.00,P,5
1786538093252,tesla,0.00,0.00,,,101.00,,,,0.00,P,5
1786538093255,tesla,0.00,0.00,,,101.00,,,,0.00,P,5
1786538093258,tesla,0.00,0.00,,,101.00,,,,0.00,P,5
1786538093261,tesla,0.00,0.00,,,101.00,,,,0.00,P,5
1786538093264,tesla,0.00,0.00,,,101.00,,,,0.00,P,5
1786538093266,tesla,0.00,0.00,,,101.00,,,,0.00,P,5
1786538093266,tesla,0.00,0.00,,,101.00,,,,0.00,P,5
1786538093269,tesla,0.00,0.00,,,101.00,,,,0.00,P,5
1786538093272,tesla,0.00,0.00,,,101.00,,,,0.00,P,5
1786538093274,tesla,0.00,0.00,,,101.00,,,,0.00,P,5
1786538093277,tesla,0.00,0.00,,,101.00,,,,0.00,P,5
1786538093277,tesla,0.00,0.00,,,101.00,,,,0.00,P,5
1786538093280,tesla,0.00,0.00,,,101.00,,,,0.00,P,5
1786538093283,tesla,0.00,0.00,,,101.00,,,,0.00,P,5
1786538093286,tesla,0.00,0.00,,,101.00,,,,0.00,P,5
1786538093288,tesla,0.00,0.00,,,101.00,,,,0.00,P,5
1786538093291,tesla,0.00,0.00,,,101.00,,,,0.00,P,5
1786538093292,tesla,0.00,0.00,,,101.00,,,,0.00,P,5
1786538093294,tesla,0.00,0.00,,,101.00,,,,0.00,P,5
1786538093297,tesla,0.00,0.00,,,101.00,,,,0.00,P,5
1786538093299,tesla,0.00,0.00,,,101.00,,,,0.00,P,5
1786538093302,tesla,0.00,0.00,,,101.00,,,,0.00,P,5
1786538093305,tesla,0.00,0.00,,,101.00,,,,0.00,P,5
1786538093308,tesla,0.00,0.00,,,101.00,,,,0.00,P,5
1786538093308,tesla,0.00,0.00,,,101.00,,,,0.00,P,5
1786538093311,tesla,0.00,0.00,,,101.00,,,,0.00,P,5
1786538093313,tesla,0.00,0.00,,,101.00,,,,0.00,P,5
1786538093316,tesla,0.00,0.00,,,101.00,,,,0.00,P,5
1786538093319,tesla,0.00,0.00,,,101.00,,,,0.00,P,5
1786538093322,tesla,0.00,0.00,,,101.00,,,,0.00,P,5
1786538093322,tesla,0.00,0.00,,,101.00,,,,0.00,P,5
1786538093324,tesla,0.00,0.00,,,101.00,,,,0.00,P,5
1786538093327,tesla,0.00,0.00,,,101.00,,,,0.00,P,5
1786538093330,tesla,0.00,0.00,,,101.00,,,,0.00,P,5
1786538093333,tesla,0.00,0.00,,,101.00,,,,0.00,P,5
1786538093333,tesla,0.00,0.00,,,101.00,,,,0.00,P,5
1786538093336,tesla,0.00,0.00,,,101.00,,,,0.00,P,5
1786538093338,tesla,0.00,0.00,,,101.00,,,,0.00,P,5
1786538093341,tesla,0.00,0.00,,,101.00,,,,0.00,P,5
1786538093341,tesla,0.00,0.00,,,101.00,,,,0.00,P,5
1786538093344,tesla,0.00,0.00,,,101.00,,,,0.00,P,5
1786538093347,tesla,0.00,0.00,,,101.00,,,,0.00,P,5
1786538093350,tesla,0.00,0.00,,,101.00,,,,0.00,P,5
1786538093350,tesla,0.00,0.00,,,101.00,,,,0.00,P,5
1786538093352,tesla,0.00,0.00,,,101.00,,,,0.00,P,5
1786538093355,tesla,0.00,0.00,,,101.00,,,,0.00,P,5
1786538093358,tesla,0.00,0.00,,,101.00,,,,0.00,P,5
1786538093361,tesla,0.00,0.00,,,101.00,,,,0.00,P,5
1786538093363,tesla,0.00,0.00,,,101.00,,,,0.00,P,5
1786538093366,tesla,0.00,0.00,,,101.00,,,,0.00,P,5
1786538093369,tesla,0.00,0.00,,,101.00,,,,0.00,P,5
1786538093369,tesla,0.00,0.00,,,101.00,,,,0.00,P,5
1786538093372,tesla,0.00,0.00,,,101.00,,,,0.00,P,5
1786538093374,tesla,0.00,0.00,,,101.00,,,,0.00,P,5
1786538093377,tesla,0.00,0.00,,,101.00,,,,0.00,P,5
1786538093380,tesla,0.00,0.00,,,101.00,,,,0.00,P,5
1786538093383,tesla,0.00,0.00,,,101.00,,,,0.00,P,5
1786538093383,tesla,0.00,0.00,,,101.00,,,,0.00,P,5
1786538093386,tesla,0.00,0.00,,,101.00,,,,0.00,P,5
1786538093388,tesla,0.00,0.00,,,101.00,,,,0.00,P,5
1786538093388,tesla,0.00,0.00,,,101.00,,,,0.00,P,5
1786538093391,tesla,0.00,0.00,,,101.00,,,,0.00,P,5
1786538093394,tesla,0.00,0.00,,,101.00,,,,0.00,P,5
1786538093397,tesla,0.00,0.00,,,101.00,,,,0.00,P,5
1786538093399,tesla,0.00,0.00,,,101.00,,,,0.00,P,5
1786538093402,tesla,0.00,0.00,,,101.00,,,,0.00,P,5
1786538093402,tesla,0.00,0.00,,,101.00,,,,0.00,P,5
1786538093405,tesla,0.00,0.00,,,101.00,,,,0.00,P,5
1786538093408,tesla,0.00,0.00,,,101.00,,,,0.00,P,5
1786538093411,tesla,0.00,0.00,,,101.00,,,,0.00,P,5
1786538093411,tesla,0.00,0.00,,,101.00,,,,0.00,P,5
1786538093413,tesla,0.00,0.00,,,101.00,,,,0.00,P,5
1786538093416,tesla,0.00,0.00,,,101.00,,,,0.00,P,5
1786538093419,tesla,0.00,0.00,,,101.00,,,,0.00,P,5
1786538093419,tesla,0.00,0.00,,,101.00,,,,0.00,P,5
1786538093422,tesla,0.00,0.00,,,101.00,,,,0.00,P,5
1786538093424,tesla,0.00,0.00,,,101.00,,,,0.00,P,5
1786538093425,tesla,0.00,0.00,,,101.00,,,,0.00,P,5
1786538093427,tesla,0.00,0.00,,,101.00,,,,0.00,P,5
1786538093430,tesla,0.00,0.00,,,101.00,,,,0.00,P,5
1786538093430,tesla,0.00,0.00,,,101.00,,,,0.00,P,5
1786538093433,tesla,0.00,0.00,,,101.00,,,,0.00,P,5
1786538093436,tesla,0.00,0.00,,,101.00,,,,0.00,P,5
1786538093436,tesla,0.00,0.00,,,101.00,,,,0.00,P,5
1786538093438,tesla,0.00,0.00,,,101.00,,,,0.00,P,5
1786538093441,tesla,0.00,0.00,,,101.00,,,,0.00,P,5
1786538093444,tesla,0.00,0.00,,,101.00,,,,0.00,P,5
1786538093447,tesla,0.00,0.00,,,101.00,,,,0.00,P,5
1786538093449,tesla,0.00,0.00,,,101.00,,,,0.00,P,5
1786538093450,tesla,0.00,0.00,,,101.00,,,,0.00,P,5
1786538093452,tesla,0.00,0.00,,,101.00,,,,0.00,P,5
1786538093455,tesla,0.00,0.00,,,101.00,,,,0.00,P,5
1786538093458,tesla,0.00,0.00,,,101.00,,,,0.00,P,5
1786538093461,tesla,0.00,0.00,,,101.00,,,,0.00,P,5
1786538093463,tesla,0.00,0.00,,,101.00,,,,0.00,P,5
1786538093466,tesla,0.00,0.00,,,101.00,,,,0.00,P,5
1786538093466,tesla,0.00,0.00,,,101.00,,,,0.00,P,5
1786538093469,tesla,0.00,0.00,,,101.00,,,,0.00,P,5
1786538093469,tesla,0.00,0.00,,,101.00,,,,0.00,P,5
1786538093472,tesla,0.00,0.00,,,101.00,,,,0.00,P,5
1786538093474,tesla,0.00,0.00,,,101.00,,,,0.00,P,5
1786538093477,tesla,0.00,0.00,,,101.00,,,,0.00,P,5
1786538093480,tesla,0.00,0.00,,,101.00,,,,0.00,P,5
1786538093483,tesla,0.00,0.00,,,101.00,,,,0.00,P,5
1786538093486,tesla,0.00,0.00,,,101.00,,,,0.00,P,5
1786538093486,tesla,0.00,0.00,,,101.00,,,,0.00,P,5
1786538093488,tesla,0.00,0.00,,,101.00,,,,0.00,P,5
1786538093491,tesla,0.00,0.00,,,101.00,,,,0.00,P,5
1786538093491,tesla,0.00,0.00,,,101.00,,,,0.00,P,5
1786538093494,tesla,0.00,0.00,,,101.00,,,,0.00,P,5
1786538093497,tesla,0.00,0.00,,,101.00,,,,0.00,P,5
1786538093499,tesla,0.00,0.00,,,101.00,,,,0.00,P,5
1786538093502,tesla,0.00,0.00,,,101.00,,,,0.00,P,5
1786538093505,tesla,0.00,0.00,,,101.00,,,,0.00,P,5
1786538093508,tesla,0.00,0.00,,,101.00,,,,0.00,P,5
1786538093508,tesla,0.00,0.00,,,101.00,,,,0.00,P,5
1786538093511,tesla,0.00,0.00,,,101.00,,,,0.00,P,5
1786538093513,tesla,0.00,0.00,,,101.00,,,,0.00,P,5
1786538093516,tesla,0.00,0.00,,,101.00,,,,0.00,P,5
1786538093519,tesla,0.00,0.00,,,101.00,,,,0.00,P,5
1786538093522,tesla,0.00,0.00,,,101.00,,,,0.00,P,5
1786538093524,tesla,0.00,0.00,,,101.00,,,,0.00,P,5
1786538093527,tesla,0.00,0.00,,,101.00,,,,0.00,P,5
1786538093527,tesla,0.00,0.00,,,101.00,,,,0.00,P,5
1786538093530,tesla,0.00,0.00,,,101.00,,,,0.00,P,5
1786538093533,tesla,0.00,0.00,,,101.00,,,,0.00,P,5
1786538093536,tesla,0.00,0.00,,,101.00,,,,0.00,P,5
1786538093538,tesla,0.00,0.00,,,101.00,,,,0.00,P,5
1786538093541,tesla,0.00,0.00,,,101.00,,,,0.00,P,5
1786538093544,tesla,0.00,0.00,,,101.00,,,,0.00,P,5
1786538093544,tesla,0.00,0.00,,,101.00,,,,0.00,P,5
1786538093547,tesla,0.00,0.00,,,101.00,,,,0.00,P,5
1786538093549,tesla,0.00,0.00,,,101.00,,,,0.00,P,5
1786538093552,tesla,0.00,0.00,,,101.00,,,,0.00,P,5
1786538093553,tesla,0.00,0.00,,,101.00,,,,0.00,P,5
1786538093555,tesla,0.00,0.00,,,101.00,,,,0.00,P,5
1786538093558,tesla,0.00,0.00,,,101.00,,,,0.00,P,5
1786538093561,tesla,0.00,0.00,,,101.00,,,,0.00,P,5
1786538093563,tesla,0.00,0.00,,,101.00,,,,0.00,P,5
1786538093566,tesla,0.00,0.00,,,101.00,,,,0.00,P,5
1786538093569,tesla,0.00,0.00,,,101.00,,,,0.00,P,5
1786538093572,tesla,0.00,0.00,,,101.00,,,,0.00,P,5
1786538093572,tesla,0.00,0.00,,,101.00,,,,0.00,P,5
1786538093574,tesla,0.00,0.00,,,101.00,,,,0.00,P,5
1786538093577,tesla,0.00,0.00,,,101.00,,,,0.00,P,5
1786538093580,tesla,0.00,0.00,,,101.00,,,,0.00,P,5
1786538093583,tesla,0.00,0.00,,,101.00,,,,0.00,P,5
1786538093586,tesla,0.00,0.00,,,101.00,,,,0.00,P,5
1786538093588,tesla,0.00,0.00,,,101.00,,,,0.00,P,5
1786538093591,tesla,0.00,0.00,,,101.00,,,,0.00,P,5
1786538093591,tesla,0.00,0.00,,,101.00,,,,0.00,P,5
1786538093594,tesla,0.00,0.00,,,101.00,,,,0.00,P,5
1786538093597,tesla,0.00,0.00,,,101.00,,,,0.00,P,5
1786538093599,tesla,0.00,0.00,,,101.00,,,,0.00,P,5
1786538093602,tesla,0.00,0.00,,,101.00,,,,0.00,P,5
1786538093605,tesla,0.00,0.00,,,101.00,,,,0.00,P,5
1786538093605,tesla,0.00,0.00,,,101.00,,,,0.00,P,5
1786538093608,tesla,0.00,0.00,,,101.00,,,,0.00,P,5
1786538093611,tesla,0.00,0.00,,,101.00,,,,0.00,P,5
1786538093613,tesla,0.00,0.00,,,101.00,,,,0.00,P,5
1786538093616,tesla,0.00,0.00,,,101.00,,,,0.00,P,5
1786538093619,tesla,0.00,0.00,,,101.00,,,,0.00,P,5
1786538093619,tesla,0.00,0.00,,,101.00,,,,0.00,P,5
1786538093622,tesla,0.00,0.00,,,101.00,,,,0.00,P,5
1786538093624,tesla,0.00,0.00,,,101.00,,,,0.00,P,5
1786538093625,tesla,0.00,0.00,,,101.00,,,,0.00,P,5
1786538093627,tesla,0.00,0.00,,,101.00,,,,0.00,P,5
1786538093627,tesla,0.00,0.00,,,101.00,,,,0.00,P,5
1786538093630,tesla,0.00,0.00,,,101.00,,,,0.00,P,5
1786538093633,tesla,0.00,0.00,,,101.00,,,,0.00,P,5
1786538093636,tesla,0.00,0.00,,,101.00,,,,0.00,P,5
1786538093636,tesla,0.00,0.00,,,101.00,,,,0.00,P,5
1786538093638,tesla,0.00,0.00,,,101.00,,,,0.00,P,5
1786538093641,tesla,0.00,0.00,,,101.00,,,,0.00,P,5
1786538093644,tesla,0.00,0.00,,,101.00,,,,0.00,P,5
1786538093644,tesla,0.00,0.00,,,101.00,,,,0.00,P,5
1786538093647,tesla,0.00,0.00,,,101.00,,,,0.00,P,5
1786538093649,tesla,0.00,0.00,,,101.00,,,,0.00,P,5
1786538093650,tesla,0.00,0.00,,,101.00,,,,0.00,P,5
1786538093652,tesla,0.00,0.00,,,101.00,,,,0.00,P,5
1786538093655,tesla,0.00,0.00,,,101.00,,,,0.00,P,5
1786538093658,tesla,0.00,0.00,,,101.00,,,,0.00,P,5
1786538093661,tesla,0.00,0.00,,,101.00,,,,0.00,P,5
1786538093663,tesla,0.00,0.00,,,101.00,,,,0.00,P,5
1786538093664,tesla,0.00,0.00,,,101.00,,,,0.00,P,5
1786538093666,tesla,0.00,0.00,,,101.00,,,,0.00,P,5
1786538093672,tesla,0.00,0.00,,,101.00,,,,0.00,P,5
1786538093672,tesla,0.00,0.00,,,101.00,,,,0.00,P,5
1786538093675,tesla,0.00,0.00,,,101.00,,,,0.00,P,5
1786538093677,tesla,0.00,0.00,,,101.00,,,,0.00,P,5
1786538093678,tesla,0.00,0.00,,,101.00,,,,0.00,P,5
1786538093680,tesla,0.00,0.00,,,101.00,,,,0.00,P,5
1786538093683,tesla,0.00,0.00,,,101.00,,,,0.00,P,5
1786538093686,tesla,0.00,0.00,,,101.00,,,,0.00,P,5
1786538093688,tesla,0.00,0.00,,,101.00,,,,0.00,P,5
1786538093689,tesla,0.00,0.00,,,101.00,,,,0.00,P,5
1786538093691,tesla,0.00,0.00,,,101.00,,,,0.00,P,5
1786538093694,tesla,0.00,0.00,,,101.00,,,,0.00,P,5
1786538093697,tesla,0.00,0.00,,,101.00,,,,0.00,P,5
1786538093699,tesla,0.00,0.00,,,101.00,,,,0.00,P,5
1786538093701,tesla,0.00,0.00,,,101.00,,,,0.00,P,5
1786538093702,tesla,0.00,0.00,,,101.00,,,,0.00,P,5
1786538093705,tesla,0.00,0.00,,,101.00,,,,0.00,P,5
1786538093708,tesla,0.00,0.00,,,101.00,,,,0.00,P,5
1786538093711,tesla,0.00,0.00,,,101.00,,,,0.00,P,5
1786538093713,tesla,0.00,0.00,,,101.00,,,,0.00,P,5
1786538093716,tesla,0.00,0.00,,,101.00,,,,0.00,P,5
1786538093719,tesla,0.00,0.00,,,101.00,,,,0.00,P,5
1786538093721,tesla,0.00,0.00,,,101.00,,,,0.00,P,5
1786538093722,tesla,0.00,0.00,,,101.00,,,,0.00,P,5
1786538093725,tesla,0.00,0.00,,,101.00,,,,0.00,P,5
1786538093727,tesla,0.00,0.00,,,101.00,,,,0.00,P,5
1786538093730,tesla,0.00,0.00,,,101.00,,,,0.00,P,5
1786538093733,tesla,0.00,0.00,,,101.00,,,,0.00,P,5
1786538093736,tesla,0.00,0.00,,,101.00,,,,0.00,P,5
1786538093738,tesla,0.00,0.00,,,101.00,,,,0.00,P,5
1786538093739,tesla,0.00,0.00,,,101.00,,,,0.00,P,5
1786538093741,tesla,0.00,0.00,,,101.00,,,,0.00,P,5
1786538093744,tesla,0.00,0.00,,,101.00,,,,0.00,P,5
1786538093747,tesla,0.00,0.00,,,101.00,,,,0.00,P,5
1786538093749,tesla,0.00,0.00,,,101.00,,,,0.00,P,5
1786538093750,tesla,0.00,0.00,,,101.00,,,,0.00,P,5
1786538093752,tesla,0.00,0.00,,,101.00,,,,0.00,P,5
1786538093755,tesla,0.00,0.00,,,101.00,,,,0.00,P,5
1786538093758,tesla,0.00,0.00,,,101.00,,,,0.00,P,5
1786538093761,tesla,0.00,0.00,,,101.00,,,,0.00,P,5
1786538093763,tesla,0.00,0.00,,,101.00,,,,0.00,P,5
1786538093766,tesla,0.00,0.00,,,101.00,,,,0.00,P,5
1786538093769,tesla,0.00,0.00,,,101.00,,,,0.00,P,5
1786538093769,tesla,0.00,0.00,,,101.00,,,,0.00,P,5
1786538093772,tesla,0.00,0.00,,,101.00,,,,0.00,P,5
1786538093774,tesla,0.00,0.00,,,101.00,,,,0.00,P,5
1786538093777,tesla,0.00,0.00,,,101.00,,,,0.00,P,5
1786538093780,tesla,0.00,0.00,,,101.00,,,,0.00,P,5
1786538093780,tesla,0.00,0.00,,,101.00,,,,0.00,P,5
1786538093783,tesla,0.00,0.00,,,101.00,,,,0.00,P,5
1786538093786,tesla,0.00,0.00,,,101.00,,,,0.00,P,5
1786538093788,tesla,0.00,0.00,,,101.00,,,,0.00,P,5
1786538093791,tesla,0.00,0.00,,,101.00,,,,0.00,P,5
1786538093794,tesla,0.00,0.00,,,101.00,,,,0.00,P,5
1786538093796,tesla,0.00,0.00,,,101.00,,,,0.00,P,5
1786538093797,tesla,0.00,0.00,,,101.00,,,,0.00,P,5
1786538093799,tesla,0.00,0.00,,,101.00,,,,0.00,P,5
1786538093800,tesla,0.00,0.00,,,101.00,,,,0.00,P,5
1786538093802,tesla,0.00,0.00,,,101.00,,,,0.00,P,5
1786538093805,tesla,0.00,0.00,,,101.00,,,,0.00,P,5
1786538093808,tesla,0.00,0.00,,,101.00,,,,0.00,P,5
1786538093811,tesla,0.00,0.00,,,101.00,,,,0.00,P,5
1786538093811,tesla,0.00,0.00,,,101.00,,,,0.00,P,5
1786538093813,tesla,0.00,0.00,,,101.00,,,,0.00,P,5
1786538093816,tesla,0.00,0.00,,,101.00,,,,0.00,P,5
1786538093819,tesla,0.00,0.00,,,101.00,,,,0.00,P,5
1786538093820,tesla,0.00,0.00,,,101.00,,,,0.00,P,5
1786538093822,tesla,0.00,0.00,,,101.00,,,,0.00,P,5
1786538093824,tesla,0.00,0.00,,,101.00,,,,0.00,P,5
1786538093825,tesla,0.00,0.00,,,101.00,,,,0.00,P,5
1786538093827,tesla,0.00,0.00,,,101.00,,,,0.00,P,5
1786538093830,tesla,0.00,0.00,,,101.00,,,,0.00,P,5
1786538093833,tesla,0.00,0.00,,,101.00,,,,0.00,P,5
1786538093836,tesla,0.00,0.00,,,101.00,,,,0.00,P,5
1786538093836,tesla,0.00,0.00,,,101.00,,,,0.00,P,5
1786538093838,tesla,0.00,0.00,,,101.00,,,,0.00,P,5
1786538093841,tesla,0.00,0.00,,,101.00,,,,0.00,P,5
1786538093844,tesla,0.00,0.00,,,101.00,,,,0.00,P,5
1786538093844,tesla,0.00,0.00,,,101.00,,,,0.00,P,5
1786538093847,tesla,0.00,0.00,,,101.00,,,,0.00,P,5
1786538093849,tesla,0.00,0.00,,,101.00,,,,0.00,P,5
1786538093852,tesla,0.00,0.00,,,101.00,,,,0.00,P,5
1786538093855,tesla,0.00,0.00,,,101.00,,,,0.00,P,5
1786538093858,tesla,0.00,0.00,,,101.00,,,,0.00,P,5
1786538093858,tesla,0.00,0.00,,,101.00,,,,0.00,P,5
1786538093861,tesla,0.00,0.00,,,101.00,,,,0.00,P,5
1786538093863,tesla,0.00,0.00,,,101.00,,,,0.00,P,5
1786538093866,tesla,0.00,0.00,,,101.00,,,,0.00,P,5
1786538093866,tesla,0.00,0.00,,,101.00,,,,0.00,P,5
1786538093869,tesla,0.00,0.00,,,101.00,,,,0.00,P,5
1786538093872,tesla,0.00,0.00,,,101.00,,,,0.00,P,5
1786538093874,tesla,0.00,0.00,,,101.00,,,,0.00,P,5
1786538093877,tesla,0.00,0.00,,,101.00,,,,0.00,P,5
1786538093880,tesla,0.00,0.00,,,101.00,,,,0.00,P,5
1786538093880,tesla,0.00,0.00,,,101.00,,,,0.00,P,5
1786538093883,tesla,0.00,0.00,,,101.00,,,,0.00,P,5
1786538093886,tesla,0.00,0.00,,,101.00,,,,0.00,P,5
1786538093888,tesla,0.00,0.00,,,101.00,,,,0.00,P,5
1786538093891,tesla,0.00,0.00,,,101.00,,,,0.00,P,5
1786538093894,tesla,0.00,0.00,,,101.00,,,,0.00,P,5
1786538093897,tesla,0.00,0.00,,,101.00,,,,0.00,P,5
1786538093897,tesla,0.00,0.00,,,101.00,,,,0.00,P,5
1786538093899,tesla,0.00,0.00,,,101.00,,,,0.00,P,5
1786538093902,tesla,0.00,0.00,,,101.00,,,,0.00,P,5
1786538093905,tesla,0.00,0.00,,,101.00,,,,0.00,P,5
1786538093908,tesla,0.00,0.00,,,101.00,,,,0.00,P,5
1786538093911,tesla,0.00,0.00,,,101.00,,,,0.00,P,5
1786538093913,tesla,0.00,0.00,,,101.00,,,,0.00,P,5
1786538093916,tesla,0.00,0.00,,,101.00,,,,0.00,P,5
1786538093916,tesla,0.00,0.00,,,101.00,,,,0.00,P,5
1786538093919,tesla,0.00,0.00,,,101.00,,,,0.00,P,5
1786538093922,tesla,0.00,0.00,,,101.00,,,,0.00,P,5
1786538093924,tesla,0.00,0.00,,,101.00,,,,0.00,P,5
1786538093927,tesla,0.00,0.00,,,101.00,,,,0.00,P,5
1786538093930,tesla,0.00,0.00,,,101.00,,,,0.00,P,5
1786538093933,tesla,0.00,0.00,,,101.00,,,,0.00,P,5
1786538093936,tesla,0.00,0.00,,,101.00,,,,0.00,P,5
1786538093936,tesla,0.00,0.00,,,101.00,,,,0.00,P,5
1786538093938,tesla,0.00,0.00,,,101.00,,,,0.00,P,5
1786538093941,tesla,0.00,0.00,,,101.00,,,,0.00,P,5
1786538093944,tesla,0.00,0.00,,,101.00,,,,0.00,P,5
1786538093947,tesla,0.00,0.00,,,101.00,,,,0.00,P,5
1786538093949,tesla,0.00,0.00,,,101.00,,,,0.00,P,5
1786538093952,tesla,0.00,0.00,,,101.00,,,,0.00,P,5
1786538093955,tesla,0.00,0.00,,,101.00,,,,0.00,P,5
1786538093955,tesla,0.00,0.00,,,101.00,,,,0.00,P,5
1786538093958,tesla,0.00,0.00,,,101.00,,,,0.00,P,5
1786538093961,tesla,0.00,0.00,,,101.00,,,,0.00,P,5
1786538093963,tesla,0.00,0.00,,,101.00,,,,0.00,P,5
1786538093966,tesla,0.00,0.00,,,101.00,,,,0.00,P,5
1786538093969,tesla,0.00,0.00,,,101.00,,,,0.00,P,5
1786538093972,tesla,0.00,0.00,,,101.00,,,,0.00,P,5
1786538093974,tesla,0.00,0.00,,,101.00,,,,0.00,P,5
1786538093975,tesla,0.00,0.00,,,101.00,,,,0.00,P,5
1786538093977,tesla,0.00,0.00,,,101.00,,,,0.00,P,5
1786538093980,tesla,0.00,0.00,,,101.00,,,,0.00,P,5
1786538093983,tesla,0.00,0.00,,,101.00,,,,0.00,P,5
1786538093986,tesla,0.00,0.00,,,101.00,,,,0.00,P,5
1786538093988,tesla,0.00,0.00,,,101.00,,,,0.00,P,5
1786538093991,tesla,0.00,0.00,,,101.00,,,,0.00,P,5
1786538093991,tesla,0.00,0.00,,,101.00,,,,0.00,P,5
1786538093994,tesla,0.00,0.00,,,101.00,,,,0.00,P,5
1786538093997,tesla,0.00,0.00,,,101.00,,,,0.00,P,5
1786538093999,tesla,0.00,0.00,,,101.00,,,,0.00,P,5
1786538094002,tesla,0.00,0.00,,,101.00,,,,0.00,P,5
1786538094005,tesla,0.00,0.00,,,101.00,,,,0.00,P,5
1786538094008,tesla,0.00,0.00,,,101.00,,,,0.00,P,5
1786538094008,tesla,0.00,0.00,,,101.00,,,,0.00,P,5
1786538094011,tesla,0.00,0.00,,,101.00,,,,0.00,P,5
1786538094013,tesla,0.00,0.00,,,101.00,,,,0.00,P,5
1786538094016,tesla,0.00,0.00,,,101.00,,,,0.00,P,5
1786538094016,tesla,0.00,0.00,,,101.00,,,,0.00,P,5
1786538094019,tesla,0.00,0.00,,,101.00,,,,0.00,P,5
1786538094022,tesla,0.00,0.00,,,101.00,,,,0.00,P,5
1786538094024,tesla,0.00,0.00,,,101.00,,,,0.00,P,5
1786538094027,tesla,0.00,0.00,,,101.00,,,,0.00,P,5
1786538094030,tesla,0.00,0.00,,,101.00,,,,0.00,P,5
1786538094030,tesla,0.00,0.00,,,101.00,,,,0.00,P,5
1786538094033,tesla,0.00,0.00,,,101.00,,,,0.00,P,5
1786538094036,tesla,0.00,0.00,,,101.00,,,,0.00,P,5
1786538094036,tesla,0.00,0.00,,,101.00,,,,0.00,P,5
1786538094038,tesla,0.00,0.00,,,101.00,,,,0.00,P,5
1786538094041,tesla,0.00,0.00,,,101.00,,,,0.00,P,5
1786538094044,tesla,0.00,0.00,,,101.00,,,,0.00,P,5
1786538094047,tesla,0.00,0.00,,,101.00,,,,0.00,P,5
1786538094047,tesla,0.00,0.00,,,101.00,,,,0.00,P,5
1786538094049,tesla,0.00,0.00,,,101.00,,,,0.00,P,5
1786538094052,tesla,0.00,0.00,,,101.00,,,,0.00,P,5
1786538094055,tesla,0.00,0.00,,,101.00,,,,0.00,P,5
1786538094058,tesla,0.00,0.00,,,101.00,,,,0.00,P,5
1786538094058,tesla,0.00,0.00,,,101.00,,,,0.00,P,5
1786538094061,tesla,0.00,0.00,,,101.00,,,,0.00,P,5
1786538094063,tesla,0.00,0.00,,,101.00,,,,0.00,P,5
1786538094066,tesla,0.00,0.00,,,101.00,,,,0.00,P,5
1786538094069,tesla,0.00,0.00,,,101.00,,,,0.00,P,5
1786538094069,tesla,0.00,0.00,,,101.00,,,,0.00,P,5
1786538094072,tesla,0.00,0.00,,,101.00,,,,0.00,P,5
1786538094074,tesla,0.00,0.00,,,101.00,,,,0.00,P,5
1786538094077,tesla,0.00,0.00,,,101.00,,,,0.00,P,5
1786538094080,tesla,0.00,0.00,,,101.00,,,,0.00,P,5
1786538094083,tesla,0.00,0.00,,,101.00,,,,0.00,P,5
1786538094086,tesla,0.00,0.00,,,101.00,,,,0.00,P,5
1786538094086,tesla,0.00,0.00,,,101.00,,,,0.00,P,5
1786538094088,tesla,0.00,0.00,,,101.00,,,,0.00,P,5
1786538094091,tesla,0.00,0.00,,,101.00,,,,0.00,P,5
1786538094094,tesla,0.00,0.00,,,101.00,,,,0.00,P,5
1786538094097,tesla,0.00,0.00,,,101.00,,,,0.00,P,5
1786538094099,tesla,0.00,0.00,,,101.00,,,,0.00,P,5
1786538094102,tesla,0.00,0.00,,,101.00,,,,0.00,P,5
1786538094105,tesla,0.00,0.00,,,101.00,,,,0.00,P,5
1786538094105,tesla,0.00,0.00,,,101.00,,,,0.00,P,5
1786538094108,tesla,0.00,0.00,,,101.00,,,,0.00,P,5
1786538094111,tesla,0.00,0.00,,,101.00,,,,0.00,P,5
1786538094113,tesla,0.00,0.00,,,101.00,,,,0.00,P,5
1786538094116,tesla,0.00,0.00,,,101.00,,,,0.00,P,5
1786538094116,tesla,0.00,0.00,,,101.00,,,,0.00,P,5
1786538094119,tesla,0.00,0.00,,,101.00,,,,0.00,P,5
1786538094122,tesla,0.00,0.00,,,101.00,,,,0.00,P,5
1786538094124,tesla,0.00,0.00,,,101.00,,,,0.00,P,5
1786538094127,tesla,0.00,0.00,,,101.00,,,,0.00,P,5
1786538094130,tesla,0.00,0.00,,,101.00,,,,0.00,P,5
1786538094130,tesla,0.00,0.00,,,101.00,,,,0.00,P,5
1786538094133,tesla,0.00,0.00,,,101.00,,,,0.00,P,5
1786538094136,tesla,0.00,0.00,,,101.00,,,,0.00,P,5
1786538094138,tesla,0.00,0.00,,,101.00,,,,0.00,P,5
1786538094141,tesla,0.00,0.00,,,101.00,,,,0.00,P,5
1786538094144,tesla,0.00,0.00,,,101.00,,,,0.00,P,5
1786538094144,tesla,0.00,0.00,,,101.00,,,,0.00,P,5
1786538094147,tesla,0.00,0.00,,,101.00,,,,0.00,P,5
1786538094149,tesla,0.00,0.00,,,101.00,,,,0.00,P,5
1786538094152,tesla,0.00,0.00,,,101.00,,,,0.00,P,5
1786538094155,tesla,0.00,0.00,,,101.00,,,,0.00,P,5
1786538094158,tesla,0.00,0.00,,,101.00,,,,0.00,P,5
1786538094161,tesla,0.00,0.00,,,101.00,,,,0.00,P,5
1786538094163,tesla,0.00,0.00,,,101.00,,,,0.00,P,5
1786538094164,tesla,0.00,0.00,,,101.00,,,,0.00,P,5
1786538094166,tesla,0.00,0.00,,,101.00,,,,0.00,P,5
1786538094169,tesla,0.00,0.00,,,101.00,,,,0.00,P,5
1786538094172,tesla,0.00,0.00,,,101.00,,,,0.00,P,5
1786538094174,tesla,0.00,0.00,,,101.00,,,,0.00,P,5
1786538094177,tesla,0.00,0.00,,,101.00,,,,0.00,P,5
1786538094177,tesla,0.00,0.00,,,101.00,,,,0.00,P,5
1786538094180,tesla,0.00,0.00,,,101.00,,,,0.00,P,5
1786538094183,tesla,0.00,0.00,,,101.00,,,,0.00,P,5
1786538094186,tesla,0.00,0.00,,,101.00,,,,0.00,P,5
1786538094188,tesla,0.00,0.00,,,101.00,,,,0.00,P,5
1786538094191,tesla,0.00,0.00,,,101.00,,,,0.00,P,5
1786538094191,tesla,0.00,0.00,,,101.00,,,,0.00,P,5
1786538094194,tesla,0.00,0.00,,,101.00,,,,0.00,P,5
1786538094197,tesla,0.00,0.00,,,101.00,,,,0.00,P,5
1786538094199,tesla,0.00,0.00,,,101.00,,,,0.00,P,5
1786538094200,tesla,0.00,0.00,,,101.00,,,,0.00,P,5
1786538094202,tesla,0.00,0.00,,,101.00,,,,0.00,P,5
1786538094205,tesla,0.00,0.00,,,101.00,,,,0.00,P,5
1786538094208,tesla,0.00,0.00,,,101.00,,,,0.00,P,5
1786538094211,tesla,0.00,0.00,,,101.00,,,,0.00,P,5
1786538094213,tesla,0.00,0.00,,,101.00,,,,0.00,P,5
1786538094216,tesla,0.00,0.00,,,101.00,,,,0.00,P,5
1786538094216,tesla,0.00,0.00,,,101.00,,,,0.00,P,5
1786538094219,tesla,0.00,0.00,,,101.00,,,,0.00,P,5
1786538094222,tesla,0.00,0.00,,,101.00,,,,0.00,P,5
1786538094224,tesla,0.00,0.00,,,101.00,,,,0.00,P,5
1786538094225,tesla,0.00,0.00,,,101.00,,,,0.00,P,5
1786538094227,tesla,0.00,0.00,,,101.00,,,,0.00,P,5
1786538094230,tesla,0.00,0.00,,,101.00,,,,0.00,P,5
1786538094233,tesla,0.00,0.00,,,101.00,,,,0.00,P,5
1786538094236,tesla,0.00,0.00,,,101.00,,,,0.00,P,5
1786538094238,tesla,0.00,0.00,,,101.00,,,,0.00,P,5
1786538094238,tesla,0.00,0.00,,,101.00,,,,0.00,P,5
1786538094241,tesla,0.00,0.00,,,101.00,,,,0.00,P,5
1786538094244,tesla,0.00,0.00,,,101.00,,,,0.00,P,5
1786538094247,tesla,0.00,0.00,,,101.00,,,,0.00,P,5
1786538094247,tesla,0.00,0.00,,,101.00,,,,0.00,P,5
1786538094249,tesla,0.00,0.00,,,101.00,,,,0.00,P,5
1786538094252,tesla,0.00,0.00,,,101.00,,,,0.00,P,5
1786538094255,tesla,0.00,0.00,,,101.00,,,,0.00,P,5
1786538094258,tesla,0.00,0.00,,,101.00,,,,0.00,P,5
1786538094258,tesla,0.00,0.00,,,101.00,,,,0.00,P,5
1786538094261,tesla,0.00,0.00,,,101.00,,,,0.00,P,5
1786538094263,tesla,0.00,0.00,,,101.00,,,,0.00,P,5
1786538094263,tesla,0.00,0.00,,,101.00,,,,0.00,P,5
1786538094266,tesla,0.00,0.00,,,101.00,,,,0.00,P,5
1786538094269,tesla,0.00,0.00,,,101.00,,,,0.00,P,5
1786538094272,tesla,0.00,0.00,,,101.00,,,,0.00,P,5
1786538094274,tesla,0.00,0.00,,,101.00,,,,0.00,P,5
1786538094277,tesla,0.00,0.00,,,101.00,,,,0.00,P,5
1786538094277,tesla,0.00,0.00,,,101.00,,,,0.00,P,5
1786538094280,tesla,0.00,0.00,,,101.00,,,,0.00,P,5
1786538094283,tesla,0.00,0.00,,,101.00,,,,0.00,P,5
1786538094283,tesla,0.00,0.00,,,101.00,,,,0.00,P,5
1786538094286,tesla,0.00,0.00,,,101.00,,,,0.00,P,5
1786538094288,tesla,0.00,0.00,,,101.00,,,,0.00,P,5
1786538094291,tesla,0.00,0.00,,,101.00,,,,0.00,P,5
1786538094294,tesla,0.00,0.00,,,101.00,,,,0.00,P,5
1786538094297,tesla,0.00,0.00,,,101.00,,,,0.00,P,5
1786538094299,tesla,0.00,0.00,,,101.00,,,,0.00,P,5
1786538094302,tesla,0.00,0.00,,,101.00,,,,0.00,P,5
1786538094302,tesla,0.00,0.00,,,101.00,,,,0.00,P,5
1786538094305,tesla,0.00,0.00,,,101.00,,,,0.00,P,5
1786538094308,tesla,0.00,0.00,,,101.00,,,,0.00,P,5
1786538094311,tesla,0.00,0.00,,,101.00,,,,0.00,P,5
1786538094313,tesla,0.00,0.00,,,101.00,,,,0.00,P,5
1786538094316,tesla,0.00,0.00,,,101.00,,,,0.00,P,5
1786538094319,tesla,0.00,0.00,,,101.00,,,,0.00,P,5
1786538094322,tesla,0.00,0.00,,,101.00,,,,0.00,P,5
1786538094322,tesla,0.00,0.00,,,101.00,,,,0.00,P,5
1786538094324,tesla,0.00,0.00,,,101.00,,,,0.00,P,5
1786538094327,tesla,0.00,0.00,,,101.00,,,,0.00,P,5
1786538094330,tesla,0.00,0.00,,,101.00,,,,0.00,P,5
1786538094333,tesla,0.00,0.00,,,101.00,,,,0.00,P,5
1786538094333,tesla,0.00,0.00,,,101.00,,,,0.00,P,5
1786538094336,tesla,0.00,0.00,,,101.00,,,,0.00,P,5
1786538094338,tesla,0.00,0.00,,,101.00,,,,0.00,P,5
1786538094341,tesla,0.00,0.00,,,101.00,,,,0.00,P,5
1786538094344,tesla,0.00,0.00,,,101.00,,,,0.00,P,5
1786538094344,tesla,0.00,0.00,,,101.00,,,,0.00,P,5
1786538094347,tesla,0.00,0.00,,,101.00,,,,0.00,P,5
1786538094349,tesla,0.00,0.00,,,101.00,,,,0.00,P,5
1786538094352,tesla,0.00,0.00,,,101.00,,,,0.00,P,5
1786538094355,tesla,0.00,0.00,,,101.00,,,,0.00,P,5
1786538094358,tesla,0.00,0.00,,,101.00,,,,0.00,P,5
1786538094361,tesla,0.00,0.00,,,101.00,,,,0.00,P,5
1786538094363,tesla,0.00,0.00,,,101.00,,,,0.00,P,5
1786538094363,tesla,0.00,0.00,,,101.00,,,,0.00,P,5
1786538094366,tesla,0.00,0.00,,,101.00,,,,0.00,P,5
1786538094369,tesla,0.00,0.00,,,101.00,,,,0.00,P,5
1786538094372,tesla,0.00,0.00,,,101.00,,,,0.00,P,5
1786538094374,tesla,0.00,0.00,,,101.00,,,,0.00,P,5
1786538094377,tesla,0.00,0.00,,,101.00,,,,0.00,P,5
1786538094380,tesla,0.00,0.00,,,101.00,,,,0.00,P,5
1786538094380,tesla,0.00,0.00,,,101.00,,,,0.00,P,5
1786538094383,tesla,0.00,0.00,,,101.00,,,,0.00,P,5
1786538094386,tesla,0.00,0.00,,,101.00,,,,0.00,P,5
1786538094388,tesla,0.00,0.00,,,101.00,,,,0.00,P,5
1786538094391,tesla,0.00,0.00,,,101.00,,,,0.00,P,5
1786538094391,tesla,0.00,0.00,,,101.00,,,,0.00,P,5
1786538094394,tesla,0.00,0.00,,,101.00,,,,0.00,P,5
1786538094397,tesla,0.00,0.00,,,101.00,,,,0.00,P,5
1786538094397,tesla,0.00,0.00,,,101.00,,,,0.00,P,5
1786538094399,tesla,0.00,0.00,,,101.00,,,,0.00,P,5
1786538094402,tesla,0.00,0.00,,,101.00,,,,0.00,P,5
1786538094405,tesla,0.00,0.00,,,101.00,,,,0.00,P,5
1786538094408,tesla,0.00,0.00,,,101.00,,,,0.00,P,5
1786538094411,tesla,0.00,0.00,,,101.00,,,,0.00,P,5
1786538094411,tesla,0.00,0.00,,,101.00,,,,0.00,P,5
1786538094413,tesla,0.00,0.00,,,101.00,,,,0.00,P,5
1786538094416,tesla,0.00,0.00,,,101.00,,,,0.00,P,5
1786538094416,tesla,0.00,0.00,,,101.00,,,,0.00,P,5
1786538094419,tesla,0.00,0.00,,,101.00,,,,0.00,P,5
1786538094422,tesla,0.00,0.00,,,101.00,,,,0.00,P,5
1786538094424,tesla,0.00,0.00,,,101.00,,,,0.00,P,5
1786538094427,tesla,0.00,0.00,,,101.00,,,,0.00,P,5
1786538094430,tesla,0.00,0.00,,,101.00,,,,0.00,P,5
1786538094430,tesla,0.00,0.00,,,101.00,,,,0.00,P,5
1786538094433,tesla,0.00,0.00,,,101.00,,,,0.00,P,5
1786538094436,tesla,0.00,0.00,,,101.00,,,,0.00,P,5
1786538094438,tesla,0.00,0.00,,,101.00,,,,0.00,P,5
1786538094441,tesla,0.00,0.00,,,101.00,,,,0.00,P,5
1786538094441,tesla,0.00,0.00,,,101.00,,,,0.00,P,5
1786538094444,tesla,0.00,0.00,,,101.00,,,,0.00,P,5
1786538094447,tesla,0.00,0.00,,,101.00,,,,0.00,P,5
1786538094449,tesla,0.00,0.00,,,101.00,,,,0.00,P,5
1786538094452,tesla,0.00,0.00,,,101.00,,,,0.00,P,5
1786538094452,tesla,0.00,0.00,,,101.00,,,,0.00,P,5
1786538094455,tesla,0.00,0.00,,,101.00,,,,0.00,P,5
1786538094458,tesla,0.00,0.00,,,101.00,,,,0.00,P,5
1786538094461,tesla,0.00,0.00,,,101.00,,,,0.00,P,5
1786538094461,tesla,0.00,0.00,,,101.00,,,,0.00,P,5
1786538094463,tesla,0.00,0.00,,,101.00,,,,0.00,P,5
1786538094466,tesla,0.00,0.00,,,101.00,,,,0.00,P,5
1786538094469,tesla,0.00,0.00,,,101.00,,,,0.00,P,5
1786538094472,tesla,0.00,0.00,,,101.00,,,,0.00,P,5
1786538094472,tesla,0.00,0.00,,,101.00,,,,0.00,P,5
1786538094474,tesla,0.00,0.00,,,101.00,,,,0.00,P,5
1786538094477,tesla,0.00,0.00,,,101.00,,,,0.00,P,5
1786538094480,tesla,0.00,0.00,,,101.00,,,,0.00,P,5
1786538094483,tesla,0.00,0.00,,,101.00,,,,0.00,P,5
1786538094483,tesla,0.00,0.00,,,101.00,,,,0.00,P,5
1786538094486,tesla,0.00,0.00,,,101.00,,,,0.00,P,5
1786538094488,tesla,0.00,0.00,,,101.00,,,,0.00,P,5
1786538094491,tesla,0.00,0.00,,,101.00,,,,0.00,P,5
1786538094494,tesla,0.00,0.00,,,101.00,,,,0.00,P,5
1786538094497,tesla,0.00,0.00,,,101.00,,,,0.00,P,5
1786538094497,tesla,0.00,0.00,,,101.00,,,,0.00,P,5
1786538094499,tesla,0.00,0.00,,,101.00,,,,0.00,P,5
1786538094502,tesla,0.00,0.00,,,101.00,,,,0.00,P,5
1786538094505,tesla,0.00,0.00,,,101.00,,,,0.00,P,5
1786538094508,tesla,0.00,0.00,,,101.00,,,,0.00,P,5
1786538094511,tesla,0.00,0.00,,,101.00,,,,0.00,P,5
1786538094513,tesla,0.00,0.00,,,101.00,,,,0.00,P,5
1786538094516,tesla,0.00,0.00,,,101.00,,,,0.00,P,5
1786538094516,tesla,0.00,0.00,,,101.00,,,,0.00,P,5
1786538094519,tesla,0.00,0.00,,,101.00,,,,0.00,P,5
1786538094522,tesla,0.00,0.00,,,101.00,,,,0.00,P,5
1786538094524,tesla,0.00,0.00,,,101.00,,,,0.00,P,5
1786538094527,tesla,0.00,0.00,,,101.00,,,,0.00,P,5
1786538094530,tesla,0.00,0.00,,,101.00,,,,0.00,P,5
1786538094530,tesla,0.00,0.00,,,101.00,,,,0.00,P,5
1786538094533,tesla,0.00,0.00,,,101.00,,,,0.00,P,5
1786538094536,tesla,0.00,0.00,,,101.00,,,,0.00,P,5
1786538094538,tesla,0.00,0.00,,,101.00,,,,0.00,P,5
1786538094541,tesla,0.00,0.00,,,101.00,,,,0.00,P,5
1786538094541,tesla,0.00,0.00,,,101.00,,,,0.00,P,5
1786538094544,tesla,0.00,0.00,,,101.00,,,,0.00,P,5
1786538094547,tesla,0.00,0.00,,,101.00,,,,0.00,P,5
1786538094549,tesla,0.00,0.00,,,101.00,,,,0.00,P,5
1786538094552,tesla,0.00,0.00,,,101.00,,,,0.00,P,5
1786538094555,tesla,0.00,0.00,,,101.00,,,,0.00,P,5
1786538094555,tesla,0.00,0.00,,,101.00,,,,0.00,P,5
1786538094558,tesla,0.00,0.00,,,101.00,,,,0.00,P,5
1786538094561,tesla,0.00,0.00,,,101.00,,,,0.00,P,5
1786538094563,tesla,0.00,0.00,,,101.00,,,,0.00,P,5
1786538094566,tesla,0.00,0.00,,,101.00,,,,0.00,P,5
1786538094569,tesla,0.00,0.00,,,101.00,,,,0.00,P,5
1786538094572,tesla,0.00,0.00,,,101.00,,,,0.00,P,5
1786538094574,tesla,0.00,0.00,,,101.00,,,,0.00,P,5
1786538094575,tesla,0.00,0.00,,,101.00,,,,0.00,P,5
1786538094577,tesla,0.00,0.00,,,101.00,,,,0.00,P,5
1786538094580,tesla,0.00,0.00,,,101.00,,,,0.00,P,5
1786538094583,tesla,0.00,0.00,,,101.00,,,,0.00,P,5
1786538094586,tesla,0.00,0.00,,,101.00,,,,0.00,P,5
1786538094588,tesla,0.00,0.00,,,101.00,,,,0.00,P,5
1786538094591,tesla,0.00,0.00,,,101.00,,,,0.00,P,5
1786538094592,tesla,0.00,0.00,,,101.00,,,,0.00,P,5
1786538094594,tesla,0.00,0.00,,,101.00,,,,0.00,P,5
1786538094594,tesla,0.00,0.00,,,101.00,,,,0.00,P,5
1786538094597,tesla,0.00,0.00,,,101.00,,,,0.00,P,5
1786538094599,tesla,0.00,0.00,,,101.00,,,,0.00,P,5
1786538094602,tesla,0.00,0.00,,,101.00,,,,0.00,P,5
1786538094605,tesla,0.00,0.00,,,101.00,,,,0.00,P,5
1786538094605,tesla,0.00,0.00,,,101.00,,,,0.00,P,5
1786538094608,tesla,0.00,0.00,,,101.00,,,,0.00,P,5
1786538094611,tesla,0.00,0.00,,,101.00,,,,0.00,P,5
1786538094613,tesla,0.00,0.00,,,101.00,,,,0.00,P,5
1786538094616,tesla,0.00,0.00,,,101.00,,,,0.00,P,5
1786538094616,tesla,0.00,0.00,,,101.00,,,,0.00,P,5
1786538094619,tesla,0.00,0.00,,,101.00,,,,0.00,P,5
1786538094622,tesla,0.00,0.00,,,101.00,,,,0.00,P,5
1786538094624,tesla,0.00,0.00,,,101.00,,,,0.00,P,5
1786538094627,tesla,0.00,0.00,,,101.00,,,,0.00,P,5
1786538094630,tesla,0.00,0.00,,,101.00,,,,0.00,P,5
1786538094630,tesla,0.00,0.00,,,101.00,,,,0.00,P,5
1786538094633,tesla,0.00,0.00,,,101.00,,,,0.00,P,5
1786538094633,tesla,0.00,0.00,,,101.00,,,,0.00,P,5
1786538094636,tesla,0.00,0.00,,,101.00,,,,0.00,P,5
1786538094638,tesla,0.00,0.00,,,101.00,,,,0.00,P,5
1786538094641,tesla,0.00,0.00,,,101.00,,,,0.00,P,5
1786538094641,tesla,0.00,0.00,,,101.00,,,,0.00,P,5
1786538094644,tesla,0.00,0.00,,,101.00,,,,0.00,P,5
1786538094647,tesla,0.00,0.00,,,101.00,,,,0.00,P,5
1786538094650,tesla,0.00,0.00,,,101.00,,,,0.00,P,5
1786538094650,tesla,0.00,0.00,,,101.00,,,,0.00,P,5
1786538094652,tesla,0.00,0.00,,,101.00,,,,0.00,P,5
1786538094655,tesla,0.00,0.00,,,101.00,,,,0.00,P,5
1786538094658,tesla,0.00,0.00,,,101.00,,,,0.00,P,5
1786538094661,tesla,0.00,0.00,,,101.00,,,,0.00,P,5
1786538094663,tesla,0.00,0.00,,,101.00,,,,0.00,P,5
1786538094666,tesla,0.00,0.00,,,101.00,,,,0.00,P,5
1786538094666,tesla,0.00,0.00,,,101.00,,,,0.00,P,5
1786538094669,tesla,0.00,0.00,,,101.00,,,,0.00,P,5
1786538094672,tesla,0.00,0.00,,,101.00,,,,0.00,P,5
1786538094672,tesla,0.00,0.00,,,101.00,,,,0.00,P,5
1786538094674,tesla,0.00,0.00,,,100.80,,,,0.00,P,5
1786538094677,tesla,0.00,0.00,,,100.80,,,,0.00,P,5
1786538094680,tesla,0.00,0.00,,,100.80,,,,0.00,P,5
1786538094683,tesla,0.00,0.00,,,100.80,,,,0.00,P,5
1786538094686,tesla,0.00,0.00,,,100.80,,,,0.00,P,5
1786538094686,tesla,0.00,0.00,,,100.80,,,,0.00,P,5
1786538094688,tesla,0.00,0.00,,,100.80,,,,0.00,P,5
1786538094691,tesla,0.00,0.00,,,100.80,,,,0.00,P,5
1786538094691,tesla,0.00,0.00,,,100.80,,,,0.00,P,5
1786538094694,tesla,0.00,0.00,,,100.80,,,,0.00,P,5
1786538094697,tesla,0.00,0.00,,,100.80,,,,0.00,P,5
1786538094700,tesla,0.00,0.00,,,100.80,,,,0.00,P,5
1786538094702,tesla,0.00,0.00,,,100.80,,,,0.00,P,5
1786538094705,tesla,0.00,0.00,,,100.80,,,,0.00,P,5
1786538094708,tesla,0.00,0.00,,,100.80,,,,0.00,P,5
1786538094708,tesla,0.00,0.00,,,100.80,,,,0.00,P,5
1786538094711,tesla,0.00,0.00,,,100.80,,,,0.00,P,5
1786538094713,tesla,0.00,0.00,,,100.80,,,,0.00,P,5
1786538094716,tesla,0.00,0.00,,,100.80,,,,0.00,P,5
1786538094719,tesla,0.00,0.00,,,100.80,,,,0.00,P,5
1786538094722,tesla,0.00,0.00,,,100.80,,,,0.00,P,5
1786538094725,tesla,0.00,0.00,,,100.80,,,,0.00,P,5
1786538094727,tesla,0.00,0.00,,,100.80,,,,0.00,P,5
1786538094727,tesla,0.00,0.00,,,100.80,,,,0.00,P,5
1786538094728,tesla,0.00,0.00,,,100.80,,,,0.00,P,5
1786538094730,tesla,0.00,0.00,,,100.80,,,,0.00,P,5
1786538094733,tesla,0.00,0.00,,,100.80,,,,0.00,P,5
1786538094733,tesla,0.00,0.00,,,100.80,,,,0.00,P,5
1786538094736,tesla,0.00,0.00,,,100.80,,,,0.00,P,5
1786538094738,tesla,0.00,0.00,,,100.80,,,,0.00,P,5
1786538094739,tesla,0.00,0.00,,,100.80,,,,0.00,P,5
1786538094741,tesla,0.00,0.00,,,100.80,,,,0.00,P,5
1786538094744,tesla,0.00,0.00,,,100.80,,,,0.00,P,5
1786538094747,tesla,0.00,0.00,,,100.80,,,,0.00,P,5
1786538094750,tesla,0.00,0.00,,,100.80,,,,0.00,P,5
1786538094752,tesla,0.00,0.00,,,100.80,,,,0.00,P,5
1786538094753,tesla,0.00,0.00,,,100.80,,,,0.00,P,5
1786538094755,tesla,0.00,0.00,,,100.80,,,,0.00,P,5
1786538094758,tesla,0.00,0.00,,,100.80,,,,0.00,P,5
1786538094758,tesla,0.00,0.00,,,100.80,,,,0.00,P,5
1786538094761,tesla,0.00,0.00,,,100.80,,,,0.00,P,5
1786538094763,tesla,0.00,0.00,,,100.80,,,,0.00,P,5
1786538094766,tesla,0.00,0.00,,,100.80,,,,0.00,P,5
1786538094766,tesla,0.00,0.00,,,100.80,,,,0.00,P,5
1786538094769,tesla,0.00,0.00,,,100.80,,,,0.00,P,5
1786538094772,tesla,0.00,0.00,,,100.80,,,,0.00,P,5
1786538094775,tesla,0.00,0.00,,,100.80,,,,0.00,P,5
1786538094777,tesla,0.00,0.00,,,100.80,,,,0.00,P,5
1786538094780,tesla,0.00,0.00,,,100.80,,,,0.00,P,5
1786538094780,tesla,0.00,0.00,,,100.80,,,,0.00,P,5
1786538094783,tesla,0.00,0.00,,,100.80,,,,0.00,P,5
1786538094786,tesla,0.00,0.00,,,100.80,,,,0.00,P,5
1786538094786,tesla,0.00,0.00,,,100.80,,,,0.00,P,5
1786538094788,tesla,0.00,0.00,,,100.80,,,,0.00,P,5
1786538094791,tesla,0.00,0.00,,,100.80,,,,0.00,P,5
1786538094794,tesla,0.00,0.00,,,100.80,,,,0.00,P,5
1786538094797,tesla,0.00,0.00,,,100.80,,,,0.00,P,5
1786538094800,tesla,0.00,0.00,,,100.80,,,,0.00,P,5
1786538094800,tesla,0.00,0.00,,,100.80,,,,0.00,P,5
1786538094802,tesla,0.00,0.00,,,100.80,,,,0.00,P,5
1786538094805,tesla,0.00,0.00,,,100.80,,,,0.00,P,5
1786538094808,tesla,0.00,0.00,,,100.80,,,,0.00,P,5
1786538094811,tesla,0.00,0.00,,,100.80,,,,0.00,P,5
1786538094813,tesla,0.00,0.00,,,100.80,,,,0.00,P,5
1786538094816,tesla,0.00,0.00,,,100.80,,,,0.00,P,5
1786538094816,tesla,0.00,0.00,,,100.80,,,,0.00,P,5
1786538094819,tesla,0.00,0.00,,,100.80,,,,0.00,P,5
1786538094822,tesla,0.00,0.00,,,100.80,,,,0.00,P,5
1786538094824,tesla,0.00,0.00,,,100.80,,,,0.00,P,5
1786538094827,tesla,0.00,0.00,,,100.80,,,,0.00,P,5
1786538094827,tesla,0.00,0.00,,,100.80,,,,0.00,P,5
1786538094830,tesla,0.00,0.00,,,100.80,,,,0.00,P,5
1786538094830,tesla,0.00,0.00,,,100.80,,,,0.00,P,5
1786538094833,tesla,0.00,0.00,,,100.80,,,,0.00,P,5
1786538094836,tesla,0.00,0.00,,,100.80,,,,0.00,P,5
1786538094838,tesla,0.00,0.00,,,100.80,,,,0.00,P,5
1786538094841,tesla,0.00,0.00,,,100.80,,,,0.00,P,5
1786538094844,tesla,0.00,0.00,,,100.80,,,,0.00,P,5
1786538094847,tesla,0.00,0.00,,,100.80,,,,0.00,P,5
1786538094847,tesla,0.00,0.00,,,100.80,,,,0.00,P,5
1786538094849,tesla,0.00,0.00,,,100.80,,,,0.00,P,5
1786538094852,tesla,0.00,0.00,,,100.80,,,,0.00,P,5
1786538094855,tesla,0.00,0.00,,,100.80,,,,0.00,P,5
1786538094858,tesla,0.00,0.00,,,100.80,,,,0.00,P,5
1786538094861,tesla,0.00,0.00,,,100.80,,,,0.00,P,5
1786538094861,tesla,0.00,0.00,,,100.80,,,,0.00,P,5
1786538094863,tesla,0.00,0.00,,,100.80,,,,0.00,P,5
1786538094866,tesla,0.00,0.00,,,100.80,,,,0.00,P,5
1786538094869,tesla,0.00,0.00,,,100.80,,,,0.00,P,5
1786538094872,tesla,0.00,0.00,,,100.80,,,,0.00,P,5
1786538094872,tesla,0.00,0.00,,,100.50,,,,0.00,P,5
1786538094875,tesla,0.00,0.00,,,100.50,,,,0.00,P,5
1786538094877,tesla,0.00,0.00,,,100.50,,,,0.00,P,5
1786538094880,tesla,0.00,0.00,,,100.50,,,,0.00,P,5
1786538094883,tesla,0.00,0.00,,,100.50,,,,0.00,P,5
1786538094886,tesla,0.00,0.00,,,100.50,,,,0.00,P,5
1786538094886,tesla,0.00,0.00,,,100.50,,,,0.00,P,5
1786538094888,tesla,0.00,0.00,,,100.50,,,,0.00,P,5
1786538094891,tesla,0.00,0.00,,,100.50,,,,0.00,P,5
1786538094894,tesla,0.00,0.00,,,100.50,,,,0.00,P,5
1786538094894,tesla,0.00,0.00,,,100.50,,,,0.00,P,5
1786538094897,tesla,0.00,0.00,,,100.50,,,,0.00,P,5
1786538094900,tesla,0.00,0.00,,,100.50,,,,0.00,P,5
1786538094900,tesla,0.00,0.00,,,100.50,,,,0.00,P,5
1786538094902,tesla,0.00,0.00,,,100.50,,,,0.00,P,5
1786538094905,tesla,0.00,0.00,,,100.50,,,,0.00,P,5
1786538094908,tesla,0.00,0.00,,,100.50,,,,0.00,P,5
1786538094911,tesla,0.00,0.00,,,100.50,,,,0.00,P,5
1786538094913,tesla,0.00,0.00,,,100.50,,,,0.00,P,5
1786538094914,tesla,0.00,0.00,,,100.50,,,,0.00,P,5
1786538094916,tesla,0.00,0.00,,,100.50,,,,0.00,P,5
1786538094919,tesla,0.00,0.00,,,100.50,,,,0.00,P,5
1786538094922,tesla,0.00,0.00,,,100.50,,,,0.00,P,5
1786538094924,tesla,0.00,0.00,,,100.50,,,,0.00,P,5
1786538094927,tesla,0.00,0.00,,,100.50,,,,0.00,P,5
1786538094927,tesla,0.00,0.00,,,100.50,,,,0.00,P,5
1786538094928,tesla,0.00,0.00,,,100.50,,,,0.00,P,5
1786538094930,tesla,0.00,0.00,,,100.50,,,,0.00,P,5
1786538094933,tesla,0.00,0.00,,,100.50,,,,0.00,P,5
1786538094936,tesla,0.00,0.00,,,100.50,,,,0.00,P,5
1786538094936,tesla,0.00,0.00,,,100.50,,,,0.00,P,5
1786538094938,tesla,0.00,0.00,,,100.50,,,,0.00,P,5
1786538094941,tesla,0.00,0.00,,,100.50,,,,0.00,P,5
1786538094942,tesla,0.00,0.00,,,100.50,,,,0.00,P,5
1786538094944,tesla,0.00,0.00,,,100.50,,,,0.00,P,5
1786538094947,tesla,0.00,0.00,,,100.50,,,,0.00,P,5
1786538094949,tesla,0.00,0.00,,,100.50,,,,0.00,P,5
1786538094952,tesla,0.00,0.00,,,100.50,,,,0.00,P,5
1786538094955,tesla,0.00,0.00,,,100.50,,,,0.00,P,5
1786538094955,tesla,0.00,0.00,,,100.50,,,,0.00,P,5
1786538094958,tesla,0.00,0.00,,,100.50,,,,0.00,P,5
1786538094961,tesla,0.00,0.00,,,100.50,,,,0.00,P,5
1786538094963,tesla,0.00,0.00,,,100.50,,,,0.00,P,5
1786538094966,tesla,0.00,0.00,,,100.50,,,,0.00,P,5
1786538094969,tesla,0.00,0.00,,,100.50,,,,0.00,P,5
1786538094972,tesla,0.00,0.00,,,100.50,,,,0.00,P,5
1786538094972,tesla,0.00,0.00,,,100.50,,,,0.00,P,5
1786538094975,tesla,0.00,0.00,,,100.50,,,,0.00,P,5
1786538094977,tesla,0.00,0.00,,,100.50,,,,0.00,P,5
1786538094980,tesla,0.00,0.00,,,100.50,,,,0.00,P,5
1786538094983,tesla,0.00,0.00,,,100.50,,,,0.00,P,5
1786538094986,tesla,0.00,0.00,,,100.50,,,,0.00,P,5
1786538094986,tesla,0.00,0.00,,,100.50,,,,0.00,P,5
1786538094988,tesla,0.00,0.00,,,100.50,,,,0.00,P,5
1786538094991,tesla,0.00,0.00,,,100.50,,,,0.00,P,5
1786538094994,tesla,0.00,0.00,,,100.50,,,,0.00,P,5
1786538094997,tesla,0.00,0.00,,,100.50,,,,0.00,P,5
1786538094999,tesla,0.00,0.00,,,100.50,,,,0.00,P,5
1786538095002,tesla,0.00,0.00,,,100.50,,,,0.00,P,5
1786538095005,tesla,0.00,0.00,,,100.50,,,,0.00,P,5
1786538095005,tesla,0.00,0.00,,,100.50,,,,0.00,P,5
1786538095008,tesla,0.00,0.00,,,100.50,,,,0.00,P,5
1786538095011,tesla,0.00,0.00,,,100.50,,,,0.00,P,5
1786538095013,tesla,0.00,0.00,,,100.50,,,,0.00,P,5
1786538095016,tesla,0.00,0.00,,,100.50,,,,0.00,P,5
1786538095019,tesla,0.00,0.00,,,100.50,,,,0.00,P,5
1786538095022,tesla,0.00,0.00,,,100.50,,,,0.00,P,5
1786538095022,tesla,0.00,0.00,,,100.50,,,,0.00,P,5
1786538095025,tesla,0.00,0.00,,,100.50,,,,0.00,P,5
1786538095027,tesla,0.00,0.00,,,100.50,,,,0.00,P,5
1786538095030,tesla,0.00,0.00,,,100.50,,,,0.00,P,5
1786538095033,tesla,0.00,0.00,,,100.50,,,,0.00,P,5
1786538095033,tesla,0.00,0.00,,,100.50,,,,0.00,P,5
1786538095036,tesla,0.00,0.00,,,100.50,,,,0.00,P,5
1786538095038,tesla,0.00,0.00,,,100.50,,,,0.00,P,5
1786538095039,tesla,0.00,0.00,,,100.50,,,,0.00,P,5
1786538095041,tesla,0.00,0.00,,,100.50,,,,0.00,P,5
1786538095044,tesla,0.00,0.00,,,100.50,,,,0.00,P,5
1786538095047,tesla,0.00,0.00,,,100.50,,,,0.00,P,5
1786538095050,tesla,0.00,0.00,,,100.50,,,,0.00,P,5
1786538095052,tesla,0.00,0.00,,,100.50,,,,0.00,P,5
1786538095055,tesla,0.00,0.00,,,100.50,,,,0.00,P,5
1786538095058,tesla,0.00,0.00,,,100.50,,,,0.00,P,5
1786538095058,tesla,0.00,0.00,,,100.50,,,,0.00,P,5
1786538095061,tesla,0.00,0.00,,,100.50,,,,0.00,P,5
1786538095063,tesla,0.00,0.00,,,101.00,,,,0.00,P,5
1786538095066,tesla,0.00,0.00,,,101.00,,,,0.00,P,5
1786538095069,tesla,0.00,0.00,,,101.00,,,,0.00,P,5
1786538095072,tesla,0.00,0.00,,,101.10,,,,0.00,P,5
1786538095075,tesla,0.00,0.00,,,101.10,,,,0.00,P,5
1786538095077,tesla,0.00,0.00,,,101.10,,,,0.00,P,5
1786538095077,tesla,0.00,0.00,,,101.10,,,,0.00,P,5
1786538095080,tesla,0.00,0.00,,,101.10,,,,0.00,P,5
1786538095083,tesla,0.00,0.00,,,101.10,,,,0.00,P,5
1786538095086,tesla,0.00,0.00,,,101.10,,,,0.00,P,5
1786538095088,tesla,0.00,0.00,,,101.10,,,,0.00,P,5
1786538095089,tesla,0.00,0.00,,,101.10,,,,0.00,P,5
1786538095091,tesla,0.00,0.00,,,101.10,,,,0.00,P,5
1786538095094,tesla,0.00,0.00,,,101.10,,,,0.00,P,5
1786538095097,tesla,0.00,0.00,,,101.10,,,,0.00,P,5
1786538095097,tesla,0.00,0.00,,,101.10,,,,0.00,P,5
1786538095099,tesla,0.00,0.00,,,101.10,,,,0.00,P,5
1786538095102,tesla,0.00,0.00,,,101.10,,,,0.00,P,5
1786538095105,tesla,0.00,0.00,,,101.10,,,,0.00,P,5
1786538095105,tesla,0.00,0.00,,,101.10,,,,0.00,P,5
1786538095108,tesla,0.00,0.00,,,101.10,,,,0.00,P,5
1786538095111,tesla,0.00,0.00,,,101.10,,,,0.00,P,5
1786538095113,tesla,0.00,0.00,,,101.10,,,,0.00,P,5
1786538095116,tesla,0.00,0.00,,,101.10,,,,0.00,P,5
1786538095119,tesla,0.00,0.00,,,101.10,,,,0.00,P,5
1786538095122,tesla,0.00,0.00,,,101.10,,,,0.00,P,5
1786538095125,tesla,0.00,0.00,,,101.10,,,,0.00,P,5
1786538095125,tesla,0.00,0.00,,,101.10,,,,0.00,P,5
1786538095127,tesla,0.00,0.00,,,101.10,,,,0.00,P,5
1786538095130,tesla,0.00,0.00,,,101.10,,,,0.00,P,5
1786538095130,tesla,0.00,0.00,,,101.10,,,,0.00,P,5
1786538095133,tesla,0.00,0.00,,,101.10,,,,0.00,P,5
1786538095136,tesla,0.00,0.00,,,101.10,,,,0.00,P,5
1786538095136,tesla,0.00,0.00,,,101.10,,,,0.00,P,5
1786538095138,tesla,0.00,0.00,,,101.10,,,,0.00,P,5
1786538095141,tesla,0.00,0.00,,,101.10,,,,0.00,P,5
1786538095144,tesla,0.00,0.00,,,101.10,,,,0.00,P,5
1786538095147,tesla,0.00,0.00,,,101.10,,,,0.00,P,5
1786538095150,tesla,0.00,0.00,,,101.10,,,,0.00,P,5
1786538095152,tesla,0.00,0.00,,,101.10,,,,0.00,P,5
1786538095153,tesla,0.00,0.00,,,101.10,,,,0.00,P,5
1786538095155,tesla,0.00,0.00,,,101.10,,,,0.00,P,5
1786538095158,tesla,0.00,0.00,,,101.10,,,,0.00,P,5
1786538095161,tesla,0.00,0.00,,,101.10,,,,0.00,P,5
1786538095163,tesla,0.00,0.00,,,101.10,,,,0.00,P,5
1786538095166,tesla,0.00,0.00,,,101.10,,,,0.00,P,5
1786538095166,tesla,0.00,0.00,,,101.10,,,,0.00,P,5
1786538095169,tesla,0.00,0.00,,,101.10,,,,0.00,P,5
1786538095172,tesla,0.00,0.00,,,101.10,,,,0.00,P,5
1786538095174,tesla,0.00,0.00,,,101.10,,,,0.00,P,5
1786538095177,tesla,0.00,0.00,,,101.10,,,,0.00,P,5
1786538095180,tesla,0.00,0.00,,,101.10,,,,0.00,P,5
1786538095183,tesla,0.00,0.00,,,101.10,,,,0.00,P,5
1786538095183,tesla,0.00,0.00,,,101.10,,,,0.00,P,5
1786538095186,tesla,0.00,0.00,,,101.10,,,,0.00,P,5
1786538095188,tesla,0.00,0.00,,,101.10,,,,0.00,P,5
1786538095191,tesla,0.00,0.00,,,101.10,,,,0.00,P,5
1786538095194,tesla,0.00,0.00,,,101.10,,,,0.00,P,5
1786538095197,tesla,0.00,0.00,,,101.10,,,,0.00,P,5
1786538095197,tesla,0.00,0.00,,,101.10,,,,0.00,P,5
1786538095200,tesla,0.00,0.00,,,101.10,,,,0.00,P,5
1786538095202,tesla,0.00,0.00,,,101.10,,,,0.00,P,5
1786538095205,tesla,0.00,0.00,,,101.10,,,,0.00,P,5
1786538095208,tesla,0.00,0.00,,,101.10,,,,0.00,P,5
1786538095208,tesla,0.00,0.00,,,101.10,,,,0.00,P,5
1786538095211,tesla,0.00,0.00,,,101.10,,,,0.00,P,5
1786538095213,tesla,0.00,0.00,,,101.10,,,,0.00,P,5
1786538095216,tesla,0.00,0.00,,,101.10,,,,0.00,P,5
1786538095219,tesla,0.00,0.00,,,101.10,,,,0.00,P,5
1786538095222,tesla,0.00,0.00,,,101.10,,,,0.00,P,5
1786538095225,tesla,0.00,0.00,,,101.10,,,,0.00,P,5
1786538095225,tesla,0.00,0.00,,,101.10,,,,0.00,P,5
1786538095227,tesla,0.00,0.00,,,101.10,,,,0.00,P,5
1786538095230,tesla,0.00,0.00,,,101.10,,,,0.00,P,5
1786538095233,tesla,0.00,0.00,,,101.10,,,,0.00,P,5
1786538095233,tesla,0.00,0.00,,,101.10,,,,0.00,P,5
1786538095236,tesla,0.00,0.00,,,101.10,,,,0.00,P,5
1786538095238,tesla,0.00,0.00,,,101.10,,,,0.00,P,5
1786538095239,tesla,0.00,0.00,,,101.10,,,,0.00,P,5
1786538095241,tesla,0.00,0.00,,,101.10,,,,0.00,P,5
1786538095244,tesla,0.00,0.00,,,101.10,,,,0.00,P,5
1786538095247,tesla,0.00,0.00,,,101.10,,,,0.00,P,5
1786538095250,tesla,0.00,0.00,,,101.10,,,,0.00,P,5
1786538095252,tesla,0.00,0.00,,,101.10,,,,0.00,P,5
1786538095253,tesla,0.00,0.00,,,101.10,,,,0.00,P,5
1786538095255,tesla,0.00,0.00,,,101.10,,,,0.00,P,5
1786538095258,tesla,0.00,0.00,,,104.70,,,,0.00,P,5
1786538095261,tesla,0.00,0.00,,,104.70,,,,0.00,P,5
1786538095263,tesla,0.00,0.00,,,104.90,,,,0.00,P,5
1786538095266,tesla,0.00,0.00,,,104.90,,,,0.00,P,5
1786538095269,tesla,0.00,0.00,,,104.90,,,,0.00,P,5
1786538095272,tesla,0.00,0.00,,,104.90,,,,0.00,P,5
1786538095272,tesla,0.00,0.00,,,104.90,,,,0.00,P,5
1786538095275,tesla,0.00,0.00,,,104.90,,,,0.00,P,5
1786538095277,tesla,0.00,0.00,,,104.90,,,,0.00,P,5
1786538095280,tesla,0.00,0.00,,,104.90,,,,0.00,P,5
1786538095280,tesla,0.00,0.00,,,104.90,,,,0.00,P,5
1786538095283,tesla,0.00,0.00,,,104.90,,,,0.00,P,5
1786538095286,tesla,0.00,0.00,,,104.90,,,,0.00,P,5
1786538095288,tesla,0.00,0.00,,,104.90,,,,0.00,P,5
1786538095289,tesla,0.00,0.00,,,104.90,,,,0.00,P,5
1786538095291,tesla,0.00,0.00,,,104.90,,,,0.00,P,5
1786538095294,tesla,0.00,0.00,,,104.90,,,,0.00,P,5
1786538095297,tesla,0.00,0.00,,,104.90,,,,0.00,P,5
1786538095299,tesla,0.00,0.00,,,104.90,,,,0.00,P,5
1786538095302,tesla,0.00,0.00,,,104.90,,,,0.00,P,5
1786538095305,tesla,0.00,0.00,,,104.90,,,,0.00,P,5
1786538095305,tesla,0.00,0.00,,,104.90,,,,0.00,P,5
1786538095308,tesla,0.00,0.00,,,104.90,,,,0.00,P,5
1786538095311,tesla,0.00,0.00,,,104.90,,,,0.00,P,5
1786538095313,tesla,0.00,0.00,,,104.90,,,,0.00,P,5
1786538095316,tesla,0.00,0.00,,,104.90,,,,0.00,P,5
1786538095316,tesla,0.00,0.00,,,104.90,,,,0.00,P,5
1786538095319,tesla,0.00,0.00,,,104.90,,,,0.00,P,5
1786538095322,tesla,0.00,0.00,,,104.90,,,,0.00,P,5
1786538095325,tesla,0.00,0.00,,,104.90,,,,0.00,P,5
1786538095327,tesla,0.00,0.00,,,104.90,,,,0.00,P,5
1786538095327,tesla,0.00,0.00,,,104.90,,,,0.00,P,5
1786538095328,tesla,0.00,0.00,,,104.90,,,,0.00,P,5
1786538095330,tesla,0.00,0.00,,,104.90,,,,0.00,P,5
1786538095333,tesla,0.00,0.00,,,104.90,,,,0.00,P,5
1786538095333,tesla,0.00,0.00,,,104.90,,,,0.00,P,5
1786538095336,tesla,0.00,0.00,,,104.90,,,,0.00,P,5
1786538095338,tesla,0.00,0.00,,,104.90,,,,0.00,P,5
1786538095341,tesla,0.00,0.00,,,104.90,,,,0.00,P,5
1786538095342,tesla,0.00,0.00,,,104.90,,,,0.00,P,5
1786538095344,tesla,0.00,0.00,,,104.90,,,,0.00,P,5
1786538095347,tesla,0.00,0.00,,,104.90,,,,0.00,P,5
1786538095350,tesla,0.00,0.00,,,104.90,,,,0.00,P,5
1786538095350,tesla,0.00,0.00,,,104.90,,,,0.00,P,5
1786538095352,tesla,0.00,0.00,,,104.90,,,,0.00,P,5
1786538095355,tesla,0.00,0.00,,,104.90,,,,0.00,P,5
1786538095358,tesla,0.00,0.00,,,104.90,,,,0.00,P,5
1786538095361,tesla,0.00,0.00,,,104.90,,,,0.00,P,5
1786538095361,tesla,0.00,0.00,,,104.90,,,,0.00,P,5
1786538095363,tesla,0.00,0.00,,,104.90,,,,0.00,P,5
1786538095366,tesla,0.00,0.00,,,104.90,,,,0.00,P,5
1786538095369,tesla,0.00,0.00,,,104.90,,,,0.00,P,5
1786538095369,tesla,0.00,0.00,,,104.90,,,,0.00,P,5
1786538095372,tesla,0.00,0.00,,,104.90,,,,0.00,P,5
1786538095375,tesla,0.00,0.00,,,104.90,,,,0.00,P,5
1786538095377,tesla,0.00,0.00,,,104.90,,,,0.00,P,5
1786538095380,tesla,0.00,0.00,,,104.90,,,,0.00,P,5
1786538095383,tesla,0.00,0.00,,,104.90,,,,0.00,P,5
1786538095383,tesla,0.00,0.00,,,104.90,,,,0.00,P,5
1786538095386,tesla,0.00,0.00,,,104.90,,,,0.00,P,5
1786538095390,tesla,0.00,0.00,,,104.90,,,,0.00,P,5
1786538095391,tesla,0.00,0.00,,,104.90,,,,0.00,P,5
1786538095394,tesla,0.00,0.00,,,104.90,,,,0.00,P,5
1786538095397,tesla,0.00,0.00,,,104.90,,,,0.00,P,5
1786538095400,tesla,0.00,0.00,,,104.90,,,,0.00,P,5
1786538095400,tesla,0.00,0.00,,,104.90,,,,0.00,P,5
1786538095402,tesla,0.00,1.60,,,104.90,,,,0.00,P,5
1786538095405,tesla,0.00,1.60,,,104.90,,,,0.00,P,5
1786538095408,tesla,0.00,1.60,,,104.90,,,,0.00,P,5
1786538095411,tesla,0.00,1.60,,,104.90,,,,0.00,P,5
1786538095411,tesla,0.00,1.60,,,104.90,,,,0.00,P,5
1786538095413,tesla,0.00,1.60,,,104.90,,,,0.00,P,5
1786538095416,tesla,0.00,1.60,,,104.90,,,,0.00,P,5
1786538095419,tesla,0.00,1.60,,,104.90,,,,0.00,P,5
1786538095422,tesla,0.00,1.60,,,104.90,,,,0.00,P,5
1786538095424,tesla,0.00,1.60,,,104.90,,,,0.00,P,5
1786538095427,tesla,0.00,1.60,,,104.90,,,,0.00,P,5
1786538095430,tesla,0.00,4.80,,,104.90,,,,0.00,P,5
1786538095430,tesla,0.00,4.80,,,104.90,,,,0.00,P,5
1786538095433,tesla,0.00,4.80,,,104.90,,,,0.00,P,5
1786538095436,tesla,0.00,4.80,,,104.90,,,,0.00,P,5
1786538095438,tesla,0.00,4.80,,,104.90,,,,0.00,P,5
1786538095441,tesla,0.00,4.80,,,105.70,,,,0.00,P,5
1786538095442,tesla,0.00,4.80,,,105.70,,,,0.00,P,5
1786538095444,tesla,0.00,4.80,,,105.70,,,,0.00,P,5
1786538095447,tesla,0.00,4.80,,,105.70,,,,0.00,P,5
1786538095450,tesla,0.00,4.80,,,105.70,,,,0.00,P,5
1786538095452,tesla,0.00,4.80,,,105.70,,,,0.00,P,5
1786538095453,tesla,0.00,4.80,,,105.70,,,,0.00,P,5
1786538095455,tesla,0.00,4.80,,,105.70,,,,0.00,P,5
1786538095458,tesla,0.00,4.80,,,105.70,,,,0.00,P,5
1786538095458,tesla,0.00,4.80,,,105.70,,,,0.00,P,5
1786538095461,tesla,0.00,4.80,,,105.70,,,,0.00,P,5
1786538095463,tesla,0.00,4.80,,,105.70,,,,0.00,P,5
1786538095466,tesla,0.00,4.80,,,105.70,,,,0.00,P,5
1786538095469,tesla,0.00,4.80,,,105.70,,,,0.00,P,5
1786538095469,tesla,0.00,4.80,,,105.70,,,,0.00,P,5
1786538095472,tesla,0.00,4.80,,,105.70,,,,0.00,P,5
1786538095474,tesla,0.00,4.80,,,105.70,,,,0.00,P,5
1786538095477,tesla,0.00,4.80,,,105.70,,,,0.00,P,5
1786538095480,tesla,0.00,4.80,,,105.70,,,,0.00,P,5
1786538095480,tesla,0.00,4.80,,,105.70,,,,0.00,P,5
1786538095483,tesla,0.00,4.80,,,105.70,,,,0.00,P,5
1786538095486,tesla,0.00,4.80,,,105.70,,,,0.00,P,5
1786538095488,tesla,0.00,4.80,,,105.70,,,,0.00,P,5
1786538095491,tesla,0.00,4.80,,,105.70,,,,0.00,P,5
1786538095494,tesla,0.00,4.80,,,105.70,,,,0.00,P,5
1786538095497,tesla,0.00,4.80,,,105.70,,,,0.00,P,5
1786538095497,tesla,0.00,4.80,,,105.70,,,,0.00,P,5
1786538095499,tesla,0.00,4.80,,,105.70,,,,0.00,P,5
1786538095502,tesla,0.00,4.80,,,105.70,,,,0.00,P,5
1786538095505,tesla,0.00,4.80,,,105.70,,,,0.00,P,5
1786538095508,tesla,0.00,4.80,,,105.70,,,,0.00,P,5
1786538095508,tesla,0.00,4.80,,,105.70,,,,0.00,P,5
1786538095511,tesla,0.00,4.80,,,105.70,,,,0.00,P,5
1786538095513,tesla,0.00,4.80,,,105.70,,,,0.00,P,5
1786538095516,tesla,0.00,4.80,,,105.70,,,,0.00,P,5
1786538095519,tesla,0.00,4.80,,,105.70,,,,0.00,P,5
1786538095519,tesla,0.00,4.80,,,105.70,,,,0.00,P,5
1786538095522,tesla,0.00,4.80,,,105.70,,,,0.00,P,5
1786538095522,tesla,0.00,4.80,,,105.70,,,,0.00,P,5
1786538095524,tesla,0.00,4.80,,,105.70,,,,0.00,P,5
1786538095527,tesla,0.00,4.80,,,105.70,,,,0.00,P,5
1786538095527,tesla,0.00,4.80,,,105.70,,,,0.00,P,5
1786538095530,tesla,0.00,4.80,,,105.70,,,,0.00,P,5
1786538095544,tesla,0.00,4.80,,,105.70,,,,0.00,P,5
1786538095547,tesla,0.00,4.80,,,105.70,,,,0.00,P,5
1786538095547,tesla,0.00,4.80,,,105.70,,,,0.00,P,5
1786538095550,tesla,0.00,4.80,,,105.70,,,,0.00,P,5
1786538095552,tesla,0.00,4.80,,,105.70,,,,0.00,P,5
1786538095555,tesla,0.00,4.80,,,105.70,,,,0.00,P,5
1786538095555,tesla,0.00,4.80,,,105.70,,,,0.00,P,5
1786538095558,tesla,0.00,4.80,,,105.70,,,,0.00,P,5
1786538095561,tesla,0.00,4.80,,,105.70,,,,0.00,P,5
1786538095563,tesla,0.00,4.80,,,105.70,,,,0.00,P,5
1786538095566,tesla,0.00,4.80,,,105.70,,,,0.00,P,5
1786538095566,tesla,0.00,4.80,,,105.70,,,,0.00,P,5
1786538095569,tesla,0.00,4.80,,,105.70,,,,0.00,P,5
1786538095572,tesla,0.00,4.80,,,105.70,,,,0.00,P,5
1786538095574,tesla,0.00,4.80,,,105.70,,,,0.00,P,5
1786538095577,tesla,0.00,4.80,,,105.70,,,,0.00,P,5
1786538095577,tesla,0.00,4.80,,,105.70,,,,0.00,P,5
1786538095580,tesla,0.00,4.80,,,105.70,,,,0.00,P,5
1786538095583,tesla,0.00,4.80,,,105.70,,,,0.00,P,5
1786538095586,tesla,0.00,4.80,,,105.70,,,,0.00,P,5
1786538095588,tesla,0.00,4.80,,,105.70,,,,0.00,P,5
1786538095591,tesla,0.00,4.80,,,105.70,,,,0.00,P,5
1786538095591,tesla,0.00,4.80,,,105.70,,,,0.00,P,5
1786538095594,tesla,0.00,4.80,,,105.70,,,,0.00,P,5
1786538095597,tesla,0.00,4.80,,,105.70,,,,0.00,P,5
1786538095597,tesla,0.00,4.80,,,105.70,,,,0.00,P,5
1786538095599,tesla,0.00,6.80,,,105.70,,,,0.00,P,5
1786538095602,tesla,0.00,6.80,,,105.70,,,,0.00,P,5
1786538095605,tesla,0.00,6.80,,,105.70,,,,0.00,P,5
1786538095608,tesla,0.00,6.80,,,105.70,,,,0.00,P,5
1786538095611,tesla,0.00,6.80,,,105.70,,,,0.00,P,5
1786538095613,tesla,0.00,6.80,,,105.70,,,,0.00,P,5
1786538095614,tesla,0.00,6.80,,,105.70,,,,0.00,P,5
1786538095616,tesla,0.00,6.40,,,105.70,,,,0.00,P,5
1786538095619,tesla,0.00,6.40,,,105.70,,,,0.00,P,5
1786538095622,tesla,0.00,6.40,,,105.70,,,,0.00,P,5
1786538095624,tesla,0.00,6.40,,,105.70,,,,0.00,P,5
1786538095627,tesla,0.00,6.40,,,105.70,,,,0.00,P,5
1786538095630,tesla,0.00,6.40,,,105.70,,,,0.00,P,5
1786538095633,tesla,0.00,6.40,,,105.70,,,,0.00,P,5
1786538095633,tesla,0.00,6.40,,,105.70,,,,0.00,P,5
1786538095636,tesla,0.00,6.40,,,105.80,,,,0.00,P,5
1786538095638,tesla,0.00,6.40,,,105.80,,,,0.00,P,5
1786538095641,tesla,0.00,6.40,,,105.80,,,,0.00,P,5
1786538095644,tesla,0.00,6.40,,,105.80,,,,0.00,P,5
1786538095647,tesla,0.00,6.40,,,105.80,,,,0.00,P,5
1786538095647,tesla,0.00,6.40,,,105.80,,,,0.00,P,5
1786538095649,tesla,0.00,6.40,,,105.80,,,,0.00,P,5
1786538095650,tesla,0.00,6.40,,,105.80,,,,0.00,P,5
1786538095652,tesla,0.00,6.40,,,105.80,,,,0.00,P,5
1786538095655,tesla,0.00,6.40,,,105.80,,,,0.00,P,5
1786538095658,tesla,0.00,6.40,,,105.80,,,,0.00,P,5
1786538095658,tesla,0.00,6.40,,,105.80,,,,0.00,P,5
1786538095661,tesla,0.00,6.40,,,105.80,,,,0.00,P,5
1786538095663,tesla,0.00,6.40,,,105.80,,,,0.00,P,5
1786538095666,tesla,0.00,6.40,,,105.80,,,,0.00,P,5
1786538095669,tesla,0.00,6.40,,,105.80,,,,0.00,P,5
1786538095672,tesla,0.00,6.40,,,105.80,,,,0.00,P,5
1786538095675,tesla,0.00,6.40,,,105.80,,,,0.00,P,5
1786538095677,tesla,0.00,6.40,,,105.80,,,,0.00,P,5
1786538095678,tesla,0.00,6.40,,,105.80,,,,0.00,P,5
1786538095680,tesla,0.00,6.40,,,105.80,,,,0.00,P,5
1786538095683,tesla,0.00,6.40,,,105.80,,,,0.00,P,5
1786538095686,tesla,0.00,6.40,,,105.80,,,,0.00,P,5
1786538095688,tesla,0.00,6.40,,,105.80,,,,0.00,P,5
1786538095691,tesla,0.00,6.40,,,105.80,,,,0.00,P,5
1786538095694,tesla,0.00,6.40,,,105.80,,,,0.00,P,5
1786538095697,tesla,0.00,6.40,,,105.80,,,,0.00,P,5
1786538095697,tesla,0.00,6.40,,,105.80,,,,0.00,P,5
1786538095699,tesla,0.00,6.40,,,105.80,,,,0.00,P,5
1786538095702,tesla,0.00,6.40,,,105.80,,,,0.00,P,5
1786538095705,tesla,0.00,6.40,,,105.80,,,,0.00,P,5
1786538095708,tesla,0.00,6.40,,,105.80,,,,0.00,P,5
1786538095711,tesla,0.00,6.40,,,105.80,,,,0.00,P,5
1786538095711,tesla,0.00,6.40,,,105.80,,,,0.00,P,5
1786538095713,tesla,0.00,6.40,,,105.80,,,,0.00,P,5
1786538095716,tesla,0.00,6.40,,,105.80,,,,0.00,P,5
1786538095719,tesla,0.00,6.40,,,105.80,,,,0.00,P,5
1786538095720,tesla,0.00,6.40,,,105.80,,,,0.00,P,5
1786538095722,tesla,0.00,6.40,,,105.80,,,,0.00,P,5
1786538095724,tesla,0.00,6.40,,,105.80,,,,0.00,P,5
1786538095725,tesla,0.00,6.40,,,105.80,,,,0.00,P,5
1786538095727,tesla,0.00,6.40,,,105.80,,,,0.00,P,5
1786538095730,tesla,0.00,6.40,,,105.80,,,,0.00,P,5
1786538095733,tesla,0.00,6.40,,,105.80,,,,0.00,P,5
1786538095736,tesla,0.00,6.40,,,105.80,,,,0.00,P,5
1786538095736,tesla,0.00,6.40,,,105.80,,,,0.00,P,5
1786538095738,tesla,0.00,6.40,,,105.80,,,,0.00,P,5
1786538095741,tesla,0.00,6.40,,,105.80,,,,0.00,P,5
1786538095741,tesla,0.00,6.40,,,105.80,,,,0.00,P,5
1786538095744,tesla,0.00,6.40,,,105.80,,,,0.00,P,5
1786538095747,tesla,0.00,6.40,,,105.80,,,,0.00,P,5
1786538095747,tesla,0.00,6.40,,,105.80,,,,0.00,P,5
1786538095749,tesla,0.00,6.40,,,105.80,,,,0.00,P,5
1786538095752,tesla,0.00,6.40,,,105.80,,,,0.00,P,5
1786538095755,tesla,0.00,6.40,,,105.80,,,,0.00,P,5
1786538095758,tesla,0.00,6.40,,,105.80,,,,0.00,P,5
1786538095758,tesla,0.00,6.40,,,105.80,,,,0.00,P,5
1786538095761,tesla,0.00,6.40,,,105.80,,,,0.00,P,5
1786538095763,tesla,0.00,6.40,,,105.80,,,,0.00,P,5
1786538095764,tesla,0.00,6.40,,,105.80,,,,0.00,P,5
1786538095766,tesla,0.00,6.40,,,105.80,,,,0.00,P,5
1786538095769,tesla,0.00,6.40,,,105.80,,,,0.00,P,5
1786538095772,tesla,0.00,6.40,,,105.80,,,,0.00,P,5
1786538095775,tesla,0.00,6.00,,,105.80,,,,0.00,P,5
1786538095777,tesla,0.00,6.00,,,105.80,,,,0.00,P,5
1786538095780,tesla,0.00,6.00,,,105.80,,,,0.00,P,5
1786538095780,tesla,0.00,6.00,,,105.80,,,,0.00,P,5
1786538095783,tesla,0.00,6.00,,,105.80,,,,0.00,P,5
1786538095786,tesla,0.00,6.00,,,105.80,,,,0.00,P,5
1786538095788,tesla,0.00,6.00,,,105.80,,,,0.00,P,5
1786538095788,tesla,0.00,6.00,,,105.80,,,,0.00,P,5
1786538095791,tesla,0.00,6.00,,,105.80,,,,0.00,P,5
1786538095794,tesla,0.00,6.00,,,105.80,,,,0.00,P,5
1786538095797,tesla,0.00,6.00,,,105.80,,,,0.00,P,5
1786538095799,tesla,0.00,6.00,,,105.80,,,,0.00,P,5
1786538095800,tesla,0.00,6.00,,,105.80,,,,0.00,P,5
1786538095802,tesla,0.00,6.00,,,105.80,,,,0.00,P,5
1786538095805,tesla,0.00,6.00,,,105.80,,,,0.00,P,5
1786538095808,tesla,0.00,6.00,,,105.80,,,,0.00,P,5
1786538095811,tesla,0.00,6.00,,,105.80,,,,0.00,P,5
1786538095813,tesla,0.00,6.00,,,105.80,,,,0.00,P,5
1786538095814,tesla,0.00,6.00,,,105.80,,,,0.00,P,5
1786538095816,tesla,0.00,6.00,,,105.80,,,,0.00,P,5
1786538095819,tesla,0.00,6.00,,,105.80,,,,0.00,P,5
1786538095822,tesla,0.00,6.00,,,105.80,,,,0.00,P,5
1786538095824,tesla,0.00,6.00,,,105.80,,,,0.00,P,5
1786538095827,tesla,0.00,6.00,,,105.20,,,,0.00,P,5
1786538095830,tesla,0.00,6.00,,,105.20,,,,0.00,P,5
1786538095833,tesla,0.00,6.00,,,105.20,,,,0.00,P,5
1786538095833,tesla,0.00,6.00,,,105.20,,,,0.00,P,5
1786538095836,tesla,0.00,6.00,,,105.20,,,,0.00,P,5
1786538095838,tesla,0.00,6.00,,,105.20,,,,0.00,P,5
1786538095841,tesla,0.00,6.00,,,105.10,,,,0.00,P,5
1786538095844,tesla,0.00,6.00,,,105.10,,,,0.00,P,5
1786538095847,tesla,0.00,6.00,,,105.10,,,,0.00,P,5
1786538095849,tesla,0.00,6.00,,,105.10,,,,0.00,P,5
1786538095852,tesla,0.00,6.00,,,105.10,,,,0.00,P,5
1786538095853,tesla,0.00,6.00,,,105.10,,,,0.00,P,5
1786538095855,tesla,0.00,6.00,,,105.10,,,,0.00,P,5
1786538095858,tesla,0.00,6.00,,,105.10,,,,0.00,P,5
1786538095861,tesla,0.00,6.00,,,105.10,,,,0.00,P,5
1786538095863,tesla,0.00,6.00,,,105.10,,,,0.00,P,5
1786538095863,tesla,0.00,6.00,,,105.10,,,,0.00,P,5
1786538095866,tesla,0.00,6.00,,,105.10,,,,0.00,P,5
1786538095869,tesla,0.00,6.00,,,105.10,,,,0.00,P,5
1786538095872,tesla,0.00,6.00,,,105.10,,,,0.00,P,5
1786538095874,tesla,0.00,6.00,,,105.10,,,,0.00,P,5
1786538095877,tesla,0.00,6.00,,,105.10,,,,0.00,P,5
1786538095880,tesla,0.00,6.00,,,105.10,,,,0.00,P,5
1786538095883,tesla,0.00,6.00,,,105.10,,,,0.00,P,5
1786538095883,tesla,0.00,6.00,,,105.10,,,,0.00,P,5
1786538095886,tesla,0.00,6.00,,,105.10,,,,0.00,P,5
1786538095888,tesla,0.00,6.00,,,105.10,,,,0.00,P,5
1786538095891,tesla,0.00,6.00,,,105.10,,,,0.00,P,5
1786538095894,tesla,0.00,6.00,,,105.10,,,,0.00,P,5
1786538095897,tesla,0.00,6.00,,,105.10,,,,0.00,P,5
1786538095899,tesla,0.00,6.00,,,105.10,,,,0.00,P,5
1786538095902,tesla,0.00,6.00,,,105.10,,,,0.00,P,5
1786538095902,tesla,0.00,6.00,,,105.10,,,,0.00,P,5
1786538095905,tesla,0.00,6.00,,,105.10,,,,0.00,P,5
1786538095908,tesla,0.00,6.00,,,105.10,,,,0.00,P,5
1786538095911,tesla,0.00,6.00,,,105.10,,,,0.00,P,5
1786538095913,tesla,0.00,6.00,,,105.10,,,,0.00,P,5
1786538095914,tesla,0.00,6.00,,,105.10,,,,0.00,P,5
1786538095916,tesla,0.00,6.00,,,105.10,,,,0.00,P,5
1786538095919,tesla,0.00,6.00,,,105.10,,,,0.00,P,5
1786538095922,tesla,0.00,6.00,,,105.10,,,,0.00,P,5
1786538095924,tesla,0.00,6.00,,,105.10,,,,0.00,P,5
1786538095927,tesla,0.00,6.00,,,105.10,,,,0.00,P,5
1786538095927,tesla,0.00,6.00,,,105.10,,,,0.00,P,5
1786538095930,tesla,0.00,6.00,,,105.10,,,,0.00,P,5
1786538095933,tesla,0.00,6.00,,,105.10,,,,0.00,P,5
1786538095936,tesla,0.00,6.00,,,105.10,,,,0.00,P,5
1786538095938,tesla,0.00,6.00,,,105.10,,,,0.00,P,5
1786538095939,tesla,0.00,6.00,,,105.10,,,,0.00,P,5
1786538095941,tesla,0.00,6.00,,,105.10,,,,0.00,P,5
1786538095944,tesla,0.00,6.00,,,105.10,,,,0.00,P,5
1786538095947,tesla,0.00,6.00,,,105.10,,,,0.00,P,5
1786538095947,tesla,0.00,6.00,,,105.10,,,,0.00,P,5
1786538095949,tesla,0.00,6.00,,,105.10,,,,0.00,P,5
1786538095952,tesla,0.00,6.00,,,105.10,,,,0.00,P,5
1786538095955,tesla,0.00,6.00,,,105.10,,,,0.00,P,5
1786538095958,tesla,0.00,6.00,,,105.10,,,,0.00,P,5
1786538095958,tesla,0.00,6.00,,,105.10,,,,0.00,P,5
1786538095961,tesla,0.00,6.00,,,105.10,,,,0.00,P,5
1786538095963,tesla,0.00,6.00,,,105.10,,,,0.00,P,5
1786538095963,tesla,0.00,6.00,,,105.10,,,,0.00,P,5
1786538095966,tesla,0.00,6.00,,,105.10,,,,0.00,P,5
1786538095969,tesla,0.00,6.00,,,105.10,,,,0.00,P,5
1786538095972,tesla,0.00,6.00,,,105.10,,,,0.00,P,5
1786538095974,tesla,0.00,6.00,,,105.10,,,,0.00,P,5
1786538095977,tesla,0.00,6.00,,,105.10,,,,0.00,P,5
1786538095980,tesla,0.00,6.00,,,105.10,,,,0.00,P,5
1786538095980,tesla,0.00,6.00,,,105.10,,,,0.00,P,5
1786538095983,tesla,0.00,0.00,,,105.10,,,,0.00,P,5
1786538095986,tesla,0.00,0.00,,,105.10,,,,0.00,P,5
1786538095988,tesla,0.00,0.00,,,105.10,,,,0.00,P,5
1786538095989,tesla,0.00,0.00,,,105.10,,,,0.00,P,5
1786538095991,tesla,0.00,0.00,,,105.10,,,,0.00,P,5
1786538095994,tesla,0.00,0.00,,,105.10,,,,0.00,P,5
1786538095994,tesla,0.00,0.00,,,105.10,,,,0.00,P,5
1786538095997,tesla,0.00,0.00,,,105.10,,,,0.00,P,5
1786538095999,tesla,0.00,0.00,,,105.10,,,,0.00,P,5
1786538096002,tesla,0.00,0.00,,,105.10,,,,0.00,P,5
1786538096005,tesla,0.00,0.00,,,105.10,,,,0.00,P,5
1786538096008,tesla,0.00,0.00,,,105.10,,,,0.00,P,5
1786538096011,tesla,0.00,0.00,,,105.10,,,,0.00,P,5
1786538096013,tesla,0.00,0.00,,,105.10,,,,0.00,P,5
1786538096014,tesla,0.00,0.00,,,105.10,,,,0.00,P,5
1786538096016,tesla,0.00,0.00,,,105.10,,,,0.00,P,5
1786538096019,tesla,0.00,0.00,,,105.10,,,,0.00,P,5
1786538096022,tesla,0.00,0.00,,,105.10,,,,0.00,P,5
1786538096025,tesla,0.00,0.00,,,105.10,,,,0.00,P,5
1786538096027,tesla,0.00,0.00,,,105.10,,,,0.00,P,5
1786538096030,tesla,0.00,0.00,,,105.10,,,,0.00,P,5
1786538096033,tesla,0.00,0.00,,,105.10,,,,0.00,P,5
1786538096033,tesla,0.00,0.00,,,105.10,,,,0.00,P,5
1786538096036,tesla,0.00,0.00,,,105.10,,,,0.00,P,5
1786538096038,tesla,0.00,0.00,,,105.10,,,,0.00,P,5
1786538096041,tesla,0.00,0.00,,,105.10,,,,0.00,P,5
1786538096044,tesla,0.00,0.00,,,105.10,,,,0.00,P,5
1786538096047,tesla,0.00,0.00,,,105.10,,,,0.00,P,5
1786538096050,tesla,0.00,0.00,,,105.10,,,,0.00,P,5
1786538096050,tesla,0.00,0.00,,,105.10,,,,0.00,P,5
1786538096052,tesla,0.00,0.00,,,105.10,,,,0.00,P,5
1786538096052,tesla,0.00,0.00,,,105.10,,,,0.00,P,5
1786538096056,tesla,0.00,0.00,,,105.10,,,,0.00,P,5
1786538096127,tesla,0.00,0.00,,,105.10,,,,0.00,P,5
1786538096129,tesla,0.00,0.00,,,105.10,,,,0.00,P,5
1786538096132,tesla,0.00,0.00,,,105.10,,,,0.00,P,5
1786538096132,tesla,0.00,0.00,,,105.10,,,,0.00,P,5
1786538096135,tesla,0.00,0.00,,,105.10,,,,0.00,P,5
1786538096138,tesla,0.00,0.00,,,105.10,,,,0.00,P,5
1786538096140,tesla,0.00,0.00,,,105.10,,,,0.00,P,5
1786538096143,tesla,0.00,0.00,,,105.10,,,,0.00,P,5
1786538096146,tesla,0.00,0.00,,,105.10,,,,0.00,P,5
1786538096146,tesla,0.00,0.00,,,105.10,,,,0.00,P,5
1786538096149,tesla,0.00,0.00,,,105.10,,,,0.00,P,5
1786538096151,tesla,0.00,0.00,,,105.10,,,,0.00,P,5
1786538096154,tesla,0.00,0.00,,,105.10,,,,0.00,P,5
1786538096157,tesla,0.00,0.00,,,105.10,,,,0.00,P,5
1786538096160,tesla,0.00,0.00,,,105.10,,,,0.00,P,5
1786538096163,tesla,0.00,0.00,,,105.10,,,,0.00,P,5
1786538096165,tesla,0.00,0.00,,,105.10,,,,0.00,P,5
1786538096166,tesla,0.00,0.00,,,105.10,,,,0.00,P,5
1786538096168,tesla,0.00,0.00,,,105.10,,,,0.00,P,5
1786538096171,tesla,0.00,0.00,,,105.10,,,,0.00,P,5
1786538096174,tesla,0.00,0.00,,,105.10,,,,0.00,P,5
1786538096176,tesla,0.00,0.00,,,105.10,,,,0.00,P,5
1786538096179,tesla,0.00,0.00,,,105.10,,,,0.00,P,5
1786538096182,tesla,0.00,0.00,,,105.10,,,,0.00,P,5
1786538096185,tesla,0.00,0.00,,,105.10,,,,0.00,P,5
1786538096185,tesla,0.00,0.00,,,105.10,,,,0.00,P,5
1786538096188,tesla,0.00,0.00,,,105.10,,,,0.00,P,5
1786538096190,tesla,0.00,0.00,,,105.10,,,,0.00,P,5
1786538096193,tesla,0.00,0.00,,,105.10,,,,0.00,P,5
1786538096196,tesla,0.00,0.00,,,105.10,,,,0.00,P,5
1786538096196,tesla,0.00,0.00,,,105.10,,,,0.00,P,5
1786538096199,tesla,0.00,0.00,,,105.10,,,,0.00,P,5
1786538096201,tesla,0.00,0.00,,,105.10,,,,0.00,P,5
1786538096204,tesla,0.00,0.00,,,105.10,,,,0.00,P,5
1786538096207,tesla,0.00,0.00,,,105.10,,,,0.00,P,5
1786538096207,tesla,0.00,0.00,,,105.10,,,,0.00,P,5
1786538096210,tesla,0.00,0.00,,,105.10,,,,0.00,P,5
1786538096213,tesla,0.00,0.00,,,105.10,,,,0.00,P,5
1786538096215,tesla,0.00,0.00,,,105.10,,,,0.00,P,5
1786538096218,tesla,0.00,0.00,,,105.10,,,,0.00,P,5
1786538096218,tesla,0.00,0.00,,,105.10,,,,0.00,P,5
1786538096221,tesla,0.00,0.00,,,105.10,,,,0.00,P,5
1786538096224,tesla,0.00,0.00,,,105.10,,,,0.00,P,5
1786538096226,tesla,0.00,0.00,,,105.10,,,,0.00,P,5
1786538096229,tesla,0.00,0.00,,,105.10,,,,0.00,P,5
1786538096229,tesla,0.00,0.00,,,105.10,,,,0.00,P,5
1786538096232,tesla,0.00,0.00,,,105.10,,,,0.00,P,5
1786538096235,tesla,0.00,0.00,,,105.10,,,,0.00,P,5
1786538096235,tesla,0.00,0.00,,,105.10,,,,0.00,P,5
1786538096238,tesla,0.00,0.00,,,105.10,,,,0.00,P,5
1786538096240,tesla,0.00,0.00,,,105.10,,,,0.00,P,5
1786538096243,tesla,0.00,0.00,,,105.10,,,,0.00,P,5
1786538096243,tesla,0.00,0.00,,,105.10,,,,0.00,P,5
1786538096246,tesla,0.00,0.00,,,105.10,,,,0.00,P,5
1786538096249,tesla,0.00,0.00,,,105.10,,,,0.00,P,5
1786538096251,tesla,0.00,0.00,,,105.10,,,,0.00,P,5
1786538096254,tesla,0.00,0.00,,,105.10,,,,0.00,P,5
1786538096254,tesla,0.00,0.00,,,105.10,,,,0.00,P,5
1786538096257,tesla,0.00,0.00,,,105.10,,,,0.00,P,5
1786538096260,tesla,0.00,0.00,,,105.10,,,,0.00,P,5
1786538096263,tesla,0.00,0.00,,,105.10,,,,0.00,P,5
1786538096265,tesla,0.00,0.00,,,105.10,,,,0.00,D,5
1786538096265,tesla,0.00,0.00,,,105.10,,,,0.00,D,5
1786538096268,tesla,0.00,0.00,,,105.10,,,,0.00,D,5
1786538096271,tesla,0.00,0.00,,,105.10,,,,0.00,D,5
1786538096274,tesla,0.00,0.00,,,105.10,,,,0.00,D,5
1786538096276,tesla,0.00,0.00,,,105.10,,,,0.00,D,5
1786538096279,tesla,0.08,0.00,,,105.10,,,,0.00,D,5
1786538096279,tesla,0.08,0.00,,,105.10,,,,0.00,D,5
1786538096282,tesla,0.08,0.00,,,105.10,,,,10.00,D,5
1786538096285,tesla,0.08,0.00,,,105.10,,,,10.00,D,5
1786538096288,tesla,0.08,0.00,,,105.10,,,,10.00,D,5
1786538096290,tesla,0.08,0.00,,,105.10,,,,10.00,D,5
1786538096293,tesla,0.08,0.00,,,105.10,,,,10.00,D,5
1786538096293,tesla,0.08,0.00,,,105.10,,,,10.00,D,5
1786538096296,tesla,0.08,0.00,,,103.30,,,,10.00,D,5
1786538096299,tesla,0.08,0.00,,,103.30,,,,10.00,D,5
1786538096301,tesla,0.08,0.00,,,103.20,,,,10.00,D,5
1786538096304,tesla,0.08,0.00,,,103.20,,,,10.00,D,5
1786538096304,tesla,0.08,0.00,,,103.20,,,,10.00,D,5
1786538096307,tesla,0.08,0.00,,,103.20,,,,10.00,D,5
1786538096310,tesla,0.08,0.00,,,103.20,,,,10.00,D,5
1786538096313,tesla,0.08,0.00,,,103.20,,,,10.00,D,5
1786538096315,tesla,0.08,0.00,,,103.20,,,,10.00,D,5
1786538096318,tesla,0.08,0.00,,,103.20,,,,10.00,D,5
1786538096321,tesla,0.08,0.00,,,103.20,,,,10.00,D,5
1786538096324,tesla,0.08,0.00,,,103.20,,,,10.00,D,5
1786538096324,tesla,0.08,0.00,,,103.20,,,,10.00,D,5
1786538096327,tesla,0.08,0.00,,,103.20,,,,10.00,D,5
1786538096329,tesla,0.08,0.00,,,103.20,,,,10.00,D,5
1786538096332,tesla,0.08,0.00,,,103.20,,,,10.00,D,5
1786538096335,tesla,0.08,0.00,,,103.20,,,,10.00,D,5
1786538096335,tesla,0.08,0.00,,,103.20,,,,10.00,D,5
1786538096338,tesla,0.08,0.00,,,103.20,,,,10.00,D,5
1786538096340,tesla,0.08,0.00,,,103.20,,,,10.00,D,5
1786538096343,tesla,0.08,0.00,,,103.20,,,,10.00,D,5
1786538096346,tesla,0.08,0.00,,,103.20,,,,10.00,D,5
1786538096349,tesla,0.08,0.00,,,103.20,,,,10.00,D,5
1786538096349,tesla,0.08,0.00,,,103.20,,,,10.00,D,5
1786538096351,tesla,0.08,0.00,,,103.20,,,,10.00,D,5
1786538096354,tesla,0.08,0.00,,,103.20,,,,10.00,D,5
1786538096357,tesla,0.08,0.00,,,103.20,,,,10.00,D,5
1786538096360,tesla,0.08,0.00,,,103.20,,,,10.00,D,5
1786538096363,tesla,0.08,0.00,,,103.20,,,,10.00,D,5
1786538096365,tesla,0.08,0.00,,,103.20,,,,10.00,D,5
1786538096368,tesla,0.08,0.00,,,103.20,,,,10.00,D,5
1786538096368,tesla,0.08,0.00,,,103.20,,,,10.00,D,5
1786538096371,tesla,0.08,0.00,,,103.20,,,,10.00,D,5
1786538096374,tesla,0.08,0.00,,,103.20,,,,10.00,D,5
1786538096376,tesla,0.08,0.00,,,103.20,,,,10.00,D,5
1786538096379,tesla,0.08,0.00,,,103.20,,,,10.00,D,5
1786538096382,tesla,0.08,0.00,,,103.20,,,,10.00,D,5
1786538096385,tesla,0.08,0.00,,,103.20,,,,10.00,D,5
1786538096385,tesla,0.08,0.00,,,103.20,,,,10.00,D,5
1786538096388,tesla,0.08,0.00,,,103.20,,,,10.00,D,5
1786538096390,tesla,0.08,0.00,,,103.20,,,,10.00,D,5
1786538096393,tesla,0.08,0.00,,,103.20,,,,10.00,D,5
1786538096393,tesla,0.08,0.00,,,103.20,,,,10.00,D,5
1786538096396,tesla,0.08,0.00,,,103.20,,,,10.00,D,5
1786538096399,tesla,0.08,0.00,,,103.20,,,,10.00,D,5
1786538096401,tesla,0.08,0.00,,,103.20,,,,10.00,D,5
1786538096402,tesla,0.08,0.00,,,103.20,,,,10.00,D,5
1786538096404,tesla,0.08,0.00,,,103.20,,,,10.00,D,5
1786538096407,tesla,0.08,0.00,,,103.20,,,,10.00,D,5
1786538096410,tesla,0.08,0.00,,,103.20,,,,10.00,D,5
1786538096413,tesla,0.08,0.00,,,103.20,,,,10.00,D,5
1786538096413,tesla,0.08,0.00,,,103.20,,,,10.00,D,5
1786538096415,tesla,0.08,0.00,,,103.20,,,,10.00,D,5
1786538096418,tesla,0.08,0.00,,,103.20,,,,10.00,D,5
1786538096421,tesla,0.08,0.00,,,103.20,,,,10.00,D,5
1786538096424,tesla,0.08,0.00,,,103.20,,,,10.00,D,5
1786538096424,tesla,0.08,0.00,,,103.20,,,,10.00,D,5
1786538096426,tesla,0.08,0.00,,,103.20,,,,10.00,D,5
1786538096429,tesla,0.08,0.00,,,103.20,,,,10.00,D,5
1786538096432,tesla,0.08,0.00,,,103.20,,,,10.00,D,5
1786538096435,tesla,0.08,0.00,,,103.20,,,,10.00,D,5
1786538096435,tesla,0.08,0.00,,,103.20,,,,10.00,D,5
1786538096438,tesla,0.08,0.00,,,103.20,,,,10.00,D,5
1786538096440,tesla,0.08,0.00,,,103.20,,,,10.00,D,5
1786538096443,tesla,0.08,0.00,,,103.20,,,,10.00,D,5
1786538096443,tesla,0.08,0.00,,,103.20,,,,10.00,D,5
1786538096446,tesla,0.08,0.00,,,103.20,,,,10.00,D,5
1786538096449,tesla,0.08,0.00,,,103.20,,,,10.00,D,5
1786538096451,tesla,0.08,0.00,,,103.20,,,,10.00,D,5
1786538096452,tesla,0.08,0.00,,,103.20,,,,10.00,D,5
1786538096454,tesla,0.08,0.00,,,103.20,,,,10.00,D,5
1786538096457,tesla,0.08,0.00,,,103.20,,,,10.00,D,5
1786538096460,tesla,0.08,0.00,,,103.20,,,,10.00,D,5
1786538096460,tesla,0.08,0.00,,,103.20,,,,10.00,D,5
1786538096463,tesla,0.08,0.00,,,103.20,,,,10.00,D,5
1786538096465,tesla,0.08,0.00,,,103.20,,,,10.00,D,5
1786538096468,tesla,0.08,0.00,,,103.20,,,,10.00,D,5
1786538096471,tesla,0.08,0.00,,,103.20,,,,10.00,D,5
1786538096474,tesla,0.08,0.00,,,103.20,,,,10.00,D,5
1786538096474,tesla,0.08,0.00,,,103.20,,,,10.00,D,5
1786538096476,tesla,0.08,0.00,,,103.20,,,,10.00,D,5
1786538096479,tesla,0.08,0.00,,,103.20,,,,10.00,D,5
1786538096482,tesla,0.08,0.00,,,103.20,,,,16.00,D,5
1786538096485,tesla,0.08,0.00,,,103.20,,,,16.00,D,5
1786538096485,tesla,0.08,0.00,,,103.20,,,,16.00,D,5
1786538096488,tesla,0.08,0.00,,,103.20,,,,16.00,D,5
1786538096490,tesla,0.08,0.00,,,103.20,,,,16.00,D,5
1786538096493,tesla,0.08,0.00,,,104.50,,,,16.00,D,5
1786538096496,tesla,0.08,0.00,,,104.50,,,,16.00,D,5
1786538096499,tesla,0.08,0.00,,,104.50,,,,16.00,D,5
1786538096499,tesla,0.08,0.00,,,104.70,,,,16.00,D,5
1786538096501,tesla,0.08,0.00,,,104.70,,,,16.00,D,5
1786538096504,tesla,0.08,0.00,,,104.70,,,,16.00,D,5
1786538096507,tesla,0.08,0.00,,,104.70,,,,16.00,D,5
1786538096510,tesla,0.08,0.00,,,104.70,,,,16.00,D,5
1786538096510,tesla,0.08,0.00,,,104.70,,,,16.00,D,5
1786538096513,tesla,0.08,0.00,,,104.70,,,,16.00,D,5
1786538096515,tesla,0.08,0.00,,,104.70,,,,16.00,D,5
1786538096518,tesla,0.08,0.00,,,104.70,,,,16.00,D,5
1786538096521,tesla,0.08,0.00,,,104.70,,,,16.00,D,5
1786538096524,tesla,0.08,0.00,,,104.70,,,,16.00,D,5
1786538096524,tesla,0.08,0.00,,,104.70,,,,16.00,D,5
1786538096526,tesla,0.08,0.00,,,104.70,,,,16.00,D,5
1786538096529,tesla,0.08,0.00,,,104.70,,,,16.00,D,5
1786538096532,tesla,0.08,0.00,,,104.70,,,,16.00,D,5
1786538096535,tesla,0.08,0.00,,,104.70,,,,16.00,D,5
1786538096538,tesla,0.08,0.00,,,104.70,,,,16.00,D,5
1786538096538,tesla,0.08,0.00,,,104.70,,,,16.00,D,5
1786538096540,tesla,0.08,0.00,,,104.70,,,,16.00,D,5
1786538096543,tesla,0.08,0.00,,,104.70,,,,16.00,D,5
1786538096546,tesla,0.08,0.00,,,104.70,,,,16.00,D,5
1786538096549,tesla,0.08,0.00,,,104.70,,,,16.00,D,5
1786538096549,tesla,0.08,0.00,,,104.70,,,,16.00,D,5
1786538096552,tesla,0.08,0.00,,,104.70,,,,16.00,D,5
1786538096554,tesla,0.08,0.00,,,104.70,,,,16.00,D,5
1786538096557,tesla,0.08,0.00,,,104.70,,,,16.00,D,5
1786538096560,tesla,0.08,0.00,,,104.70,,,,16.00,D,5
1786538096563,tesla,0.08,0.00,,,104.70,,,,16.00,D,5
1786538096565,tesla,0.08,0.00,,,104.70,,,,16.00,D,5
1786538096566,tesla,0.08,0.00,,,104.70,,,,16.00,D,5
1786538096568,tesla,0.08,0.00,,,104.70,,,,16.00,D,5
1786538096571,tesla,0.08,0.00,,,104.70,,,,16.00,D,5
1786538096574,tesla,0.08,0.00,,,104.70,,,,16.00,D,5
1786538096576,tesla,0.08,0.00,,,104.70,,,,16.00,D,5
1786538096579,tesla,0.08,0.00,,,104.70,,,,16.00,D,5
1786538096582,tesla,0.08,0.00,,,104.70,,,,16.00,D,5
1786538096582,tesla,0.08,0.00,,,104.70,,,,16.00,D,5
1786538096585,tesla,0.08,0.00,,,104.70,,,,16.00,D,5
1786538096588,tesla,0.08,0.00,,,104.70,,,,16.00,D,5
1786538096590,tesla,0.08,0.00,,,104.70,,,,16.00,D,5
1786538096591,tesla,0.08,0.00,,,104.70,,,,16.00,D,5
1786538096593,tesla,0.08,0.00,,,104.70,,,,16.00,D,5
1786538096596,tesla,0.08,0.00,,,104.70,,,,16.00,D,5
1786538096599,tesla,0.08,0.00,,,104.70,,,,16.00,D,5
1786538096599,tesla,0.08,0.00,,,104.70,,,,16.00,D,5
1786538096601,tesla,0.08,0.00,,,104.70,,,,16.00,D,5
1786538096604,tesla,0.08,0.00,,,104.70,,,,16.00,D,5
1786538096607,tesla,0.08,0.00,,,104.70,,,,16.00,D,5
1786538096610,tesla,0.08,0.00,,,104.70,,,,16.00,D,5
1786538096613,tesla,0.08,0.00,,,104.70,,,,16.00,D,5
1786538096615,tesla,0.08,0.00,,,104.70,,,,16.00,D,5
1786538096616,tesla,0.08,0.00,,,104.70,,,,16.00,D,5
1786538096618,tesla,0.08,0.00,,,104.70,,,,16.00,D,5
1786538096621,tesla,0.08,0.00,,,104.70,,,,16.00,D,5
1786538096624,tesla,0.08,0.00,,,104.70,,,,16.00,D,5
1786538096624,tesla,0.08,0.00,,,104.70,,,,16.00,D,5
1786538096626,tesla,0.08,0.00,,,104.70,,,,16.00,D,5
1786538096629,tesla,0.08,0.00,,,104.70,,,,16.00,D,5
1786538096632,tesla,0.08,0.00,,,104.70,,,,16.00,D,5
1786538096635,tesla,0.08,0.00,,,104.70,,,,16.00,D,5
1786538096635,tesla,0.08,0.00,,,104.70,,,,16.00,D,5
1786538096638,tesla,0.08,0.00,,,104.70,,,,16.00,D,5
1786538096640,tesla,0.08,0.00,,,104.70,,,,16.00,D,5
1786538096643,tesla,0.08,0.00,,,104.70,,,,16.00,D,5
1786538096643,tesla,0.08,0.00,,,104.70,,,,16.00,D,5
1786538096646,tesla,0.08,0.00,,,104.70,,,,16.00,D,5
1786538096649,tesla,0.08,0.00,,,104.70,,,,16.00,D,5
1786538096652,tesla,0.08,0.00,,,104.70,,,,16.00,D,5
1786538096654,tesla,0.08,0.00,,,104.70,,,,16.00,D,5
1786538096654,tesla,0.08,0.00,,,104.70,,,,16.00,D,5
1786538096657,tesla,0.08,0.00,,,104.70,,,,16.00,D,5
1786538096660,tesla,0.08,0.00,,,104.70,,,,16.00,D,5
1786538096660,tesla,0.08,0.00,,,104.70,,,,16.00,D,5
1786538096663,tesla,0.08,0.00,,,104.70,,,,16.00,D,5
1786538096665,tesla,0.08,0.00,,,104.70,,,,16.00,D,5
1786538096668,tesla,0.08,0.00,,,104.70,,,,16.00,D,5
1786538096671,tesla,0.08,0.00,,,104.70,,,,16.00,D,5
1786538096671,tesla,0.08,0.00,,,104.70,,,,16.00,D,5
1786538096674,tesla,0.08,0.00,,,104.70,,,,16.00,D,5
1786538096676,tesla,0.08,0.00,,,104.70,,,,16.00,D,5
1786538096679,tesla,0.00,0.00,,,104.70,,,,16.00,D,5
1786538096682,tesla,0.00,0.00,,,104.70,,,,18.00,D,5
1786538096685,tesla,0.00,0.00,,,104.70,,,,18.00,D,5
1786538096685,tesla,0.00,0.00,,,104.70,,,,18.00,D,5
1786538096688,tesla,0.00,0.00,,,104.70,,,,18.00,D,5
1786538096690,tesla,0.00,0.00,,,110.00,,,,18.00,D,5
1786538096693,tesla,0.00,0.00,,,110.00,,,,18.00,D,5
1786538096696,tesla,0.00,0.00,,,110.00,,,,18.00,D,5
1786538096699,tesla,0.00,0.00,,,110.00,,,,18.00,D,5
1786538096701,tesla,0.00,0.00,,,110.00,,,,18.00,D,5
1786538096702,tesla,0.00,0.00,,,110.00,,,,18.00,D,5
1786538096704,tesla,0.00,0.00,,,110.00,,,,18.00,D,5
1786538096707,tesla,0.00,0.00,,,110.00,,,,18.00,D,5
1786538096710,tesla,0.00,0.00,,,110.00,,,,18.00,D,5
1786538096713,tesla,0.00,0.00,,,110.00,,,,18.00,D,5
1786538096715,tesla,0.00,0.00,,,110.00,,,,18.00,D,5
1786538096716,tesla,0.00,0.00,,,110.00,,,,18.00,D,5
1786538096718,tesla,0.00,0.00,,,110.00,,,,18.00,D,5
1786538096721,tesla,0.00,0.00,,,110.00,,,,18.00,D,5
1786538096724,tesla,0.00,0.00,,,110.00,,,,18.00,D,5
1786538096726,tesla,0.00,0.00,,,110.00,,,,18.00,D,5
1786538096729,tesla,0.00,0.00,,,110.00,,,,18.00,D,5
1786538096729,tesla,0.00,0.00,,,110.00,,,,18.00,D,5
1786538096732,tesla,0.00,0.00,,,110.00,,,,18.00,D,5
1786538096735,tesla,0.00,0.00,,,110.00,,,,18.00,D,5
1786538096738,tesla,0.00,0.00,,,110.00,,,,18.00,D,5
1786538096740,tesla,0.00,0.00,,,110.00,,,,18.00,D,5
1786538096740,tesla,0.00,0.00,,,110.00,,,,18.00,D,5
1786538096743,tesla,0.00,0.00,,,110.00,,,,18.00,D,5
1786538096746,tesla,0.00,0.00,,,110.00,,,,18.00,D,5
1786538096749,tesla,0.00,0.00,,,110.00,,,,18.00,D,5
1786538096751,tesla,0.00,0.00,,,110.00,,,,18.00,D,5
1786538096754,tesla,0.00,0.00,,,110.00,,,,18.00,D,5
1786538096754,tesla,0.00,0.00,,,110.00,,,,18.00,D,5
1786538096757,tesla,0.00,0.00,,,110.00,,,,18.00,D,5
1786538096760,tesla,0.00,0.00,,,110.00,,,,18.00,D,5
1786538096763,tesla,0.00,0.00,,,110.00,,,,18.00,D,5
1786538096765,tesla,0.00,0.00,,,110.00,,,,18.00,D,5
1786538096768,tesla,0.00,0.00,,,110.00,,,,18.00,D,5
1786538096771,tesla,0.00,0.00,,,110.00,,,,18.00,D,5
1786538096774,tesla,0.00,0.00,,,110.00,,,,18.00,D,5
1786538096774,tesla,0.00,0.00,,,110.00,,,,18.00,D,5
1786538096776,tesla,0.00,0.00,,,110.00,,,,18.00,D,5
1786538096779,tesla,0.00,0.00,,,110.00,,,,18.00,D,5
1786538096782,tesla,0.00,0.00,,,110.00,,,,18.00,D,5
1786538096785,tesla,0.00,0.00,,,110.00,,,,18.00,D,5
1786538096785,tesla,0.00,0.00,,,110.00,,,,18.00,D,5
1786538096788,tesla,0.00,0.00,,,110.00,,,,18.00,D,5
1786538096790,tesla,0.00,0.00,,,110.00,,,,18.00,D,5
1786538096793,tesla,0.00,0.00,,,110.00,,,,18.00,D,5
1786538096793,tesla,0.00,0.00,,,110.00,,,,18.00,D,5
1786538096796,tesla,0.00,0.00,,,110.00,,,,18.00,D,5
1786538096796,tesla,0.00,0.00,,,110.00,,,,18.00,D,5
1786538096799,tesla,0.00,0.00,,,110.00,,,,18.00,D,5
1786538096801,tesla,0.00,0.00,,,110.00,,,,18.00,D,5
1786538096804,tesla,0.00,0.00,,,110.00,,,,18.00,D,5
1786538096807,tesla,0.00,0.00,,,110.00,,,,18.00,D,5
1786538096810,tesla,0.00,0.00,,,110.00,,,,18.00,D,5
1786538096813,tesla,0.00,0.00,,,110.00,,,,18.00,D,5
1786538096815,tesla,0.00,0.00,,,110.00,,,,18.00,D,5
1786538096816,tesla,0.00,0.00,,,110.00,,,,18.00,D,5
1786538096818,tesla,0.00,0.00,,,110.00,,,,18.00,D,5
1786538096821,tesla,0.00,0.00,,,110.00,,,,18.00,D,5
1786538096824,tesla,0.00,0.00,,,110.00,,,,18.00,D,5
1786538096824,tesla,0.00,0.00,,,110.00,,,,18.00,D,5
1786538096826,tesla,0.00,0.00,,,110.00,,,,18.00,D,5
1786538096829,tesla,0.00,0.00,,,110.00,,,,18.00,D,5
1786538096832,tesla,0.00,0.00,,,110.00,,,,18.00,D,5
1786538096835,tesla,0.00,0.00,,,110.00,,,,18.00,D,5
1786538096838,tesla,0.00,0.00,,,110.00,,,,18.00,D,5
1786538096838,tesla,0.00,0.00,,,110.00,,,,18.00,D,5
1786538096840,tesla,0.00,0.00,,,110.00,,,,18.00,D,5
1786538096843,tesla,0.00,0.00,,,110.00,,,,18.00,D,5
1786538096846,tesla,0.00,0.00,,,110.00,,,,18.00,D,5
1786538096846,tesla,0.00,0.00,,,110.00,,,,18.00,D,5
1786538096849,tesla,0.00,0.00,,,110.00,,,,18.00,D,5
1786538096851,tesla,0.00,0.00,,,110.00,,,,18.00,D,5
1786538096854,tesla,0.00,0.00,,,110.00,,,,18.00,D,5
1786538096857,tesla,0.00,0.00,,,110.00,,,,18.00,D,5
1786538096860,tesla,0.00,0.00,,,110.00,,,,18.00,D,5
1786538096860,tesla,0.00,0.00,,,110.00,,,,18.00,D,5
1786538096863,tesla,0.00,0.00,,,110.00,,,,18.00,D,5
1786538096865,tesla,0.00,0.00,,,110.00,,,,18.00,D,5
1786538096868,tesla,0.00,0.00,,,110.00,,,,18.00,D,5
1786538096868,tesla,0.00,0.00,,,110.00,,,,18.00,D,5
1786538096871,tesla,0.00,0.00,,,110.00,,,,18.00,D,5
1786538096874,tesla,0.00,0.00,,,110.00,,,,18.00,D,5
1786538096876,tesla,0.00,0.00,,,110.00,,,,18.00,D,5
1786538096879,tesla,0.00,0.00,,,110.00,,,,18.00,D,5
1786538096879,tesla,0.00,0.00,,,110.00,,,,18.00,D,5
1786538096882,tesla,0.00,0.00,,,119.30,,,,18.00,D,5
1786538096885,tesla,0.00,0.00,,,119.30,,,,18.00,D,5
1786538096888,tesla,0.00,0.00,,,119.30,,,,18.00,D,5
1786538096890,tesla,0.00,0.00,,,119.80,,,,18.00,D,5
1786538096893,tesla,0.00,0.00,,,119.80,,,,18.00,D,5
1786538096896,tesla,0.00,0.00,,,119.80,,,,18.00,D,5
1786538096899,tesla,0.00,0.00,,,119.80,,,,18.00,D,5
1786538096899,tesla,0.00,0.00,,,119.80,,,,18.00,D,5
1786538096901,tesla,0.00,0.00,,,119.80,,,,18.00,D,5
1786538096904,tesla,0.00,0.00,,,119.80,,,,18.00,D,5
1786538096907,tesla,0.00,0.00,,,119.80,,,,18.00,D,5
1786538096907,tesla,0.00,0.00,,,119.80,,,,18.00,D,5
1786538096910,tesla,0.00,0.00,,,119.80,,,,18.00,D,5
1786538096913,tesla,0.00,0.00,,,119.80,,,,18.00,D,5
1786538096915,tesla,0.00,0.00,,,119.80,,,,18.00,D,5
1786538096918,tesla,0.00,0.00,,,119.80,,,,18.00,D,5
1786538096921,tesla,0.00,0.00,,,119.80,,,,18.00,D,5
1786538096924,tesla,0.00,0.00,,,119.80,,,,18.00,D,5
1786538096926,tesla,0.00,0.00,,,119.80,,,,18.00,D,5
1786538096927,tesla,0.00,0.00,,,119.80,,,,18.00,D,5
1786538096929,tesla,0.00,0.00,,,119.80,,,,18.00,D,5
1786538096932,tesla,0.00,0.00,,,119.80,,,,18.00,D,5
1786538096935,tesla,0.00,0.00,,,119.80,,,,18.00,D,5
1786538096935,tesla,0.00,0.00,,,119.80,,,,18.00,D,5
1786538096938,tesla,0.00,0.00,,,119.80,,,,18.00,D,5
1786538096940,tesla,0.00,0.00,,,119.80,,,,18.00,D,5
1786538096943,tesla,0.00,0.00,,,119.80,,,,18.00,D,5
1786538096943,tesla,0.00,0.00,,,119.80,,,,18.00,D,5
1786538096946,tesla,0.00,0.00,,,119.80,,,,18.00,D,5
1786538096949,tesla,0.00,0.00,,,119.80,,,,18.00,D,5
1786538096951,tesla,0.00,0.00,,,119.80,,,,18.00,D,5
1786538096954,tesla,0.00,0.00,,,119.80,,,,18.00,D,5
1786538096954,tesla,0.00,0.00,,,119.80,,,,18.00,D,5
1786538096957,tesla,0.00,0.00,,,119.80,,,,18.00,D,5
1786538096960,tesla,0.00,0.00,,,119.80,,,,18.00,D,5
1786538096963,tesla,0.00,0.00,,,119.80,,,,18.00,D,5
1786538096965,tesla,0.00,0.00,,,119.80,,,,18.00,D,5
1786538096968,tesla,0.00,0.00,,,119.80,,,,18.00,D,5
1786538096968,tesla,0.00,0.00,,,119.80,,,,18.00,D,5
1786538096971,tesla,0.00,0.00,,,119.80,,,,18.00,D,5
1786538096974,tesla,0.00,0.00,,,119.80,,,,18.00,D,5
1786538096977,tesla,0.00,0.00,,,119.80,,,,18.00,D,5
1786538096979,tesla,0.00,0.00,,,119.80,,,,18.00,D,5
1786538096982,tesla,0.00,0.00,,,119.80,,,,18.00,D,5
1786538096985,tesla,0.00,0.00,,,119.80,,,,18.00,D,5
1786538096988,tesla,0.00,0.00,,,119.80,,,,18.00,D,5
1786538096988,tesla,0.00,0.00,,,119.80,,,,18.00,D,5
1786538096988,tesla,0.00,0.00,,,119.80,,,,18.00,D,5
1786538096990,tesla,0.00,0.00,,,119.80,,,,18.00,D,5
1786538096993,tesla,0.00,0.00,,,119.80,,,,18.00,D,5
1786538096996,tesla,0.00,0.00,,,119.80,,,,18.00,D,5
1786538096999,tesla,0.00,0.00,,,119.80,,,,18.00,D,5
1786538097001,tesla,0.00,0.00,,,119.80,,,,18.00,D,5
1786538097002,tesla,0.00,0.00,,,119.80,,,,18.00,D,5
1786538097004,tesla,0.00,0.00,,,119.80,,,,18.00,D,5
1786538097007,tesla,0.00,0.00,,,119.80,,,,18.00,D,5
1786538097010,tesla,0.00,0.00,,,119.80,,,,18.00,D,5
1786538097013,tesla,0.00,0.00,,,119.80,,,,18.00,D,5
1786538097015,tesla,0.00,0.00,,,119.80,,,,18.00,D,5
1786538097015,tesla,0.00,0.00,,,119.80,,,,18.00,D,5
1786538097018,tesla,0.00,0.00,,,119.80,,,,18.00,D,5
1786538097021,tesla,0.00,0.00,,,119.80,,,,18.00,D,5
1786538097024,tesla,0.00,0.00,,,119.80,,,,18.00,D,5
1786538097027,tesla,0.00,0.00,,,119.80,,,,18.00,D,5
1786538097029,tesla,0.00,0.00,,,119.80,,,,18.00,D,5
1786538097032,tesla,0.00,0.00,,,119.80,,,,18.00,D,5
1786538097032,tesla,0.00,0.00,,,119.80,,,,18.00,D,5
1786538097035,tesla,0.00,0.00,,,119.80,,,,18.00,D,5
1786538097038,tesla,0.00,0.00,,,119.80,,,,18.00,D,5
1786538097040,tesla,0.00,0.00,,,119.80,,,,18.00,D,5
1786538097040,tesla,0.00,0.00,,,119.80,,,,18.00,D,5
1786538097043,tesla,0.00,0.00,,,119.80,,,,18.00,D,5
1786538097046,tesla,0.00,0.00,,,119.80,,,,18.00,D,5
1786538097049,tesla,0.00,0.00,,,119.80,,,,18.00,D,5
1786538097052,tesla,0.00,0.00,,,119.80,,,,18.00,D,5
1786538097054,tesla,0.00,0.00,,,119.80,,,,18.00,D,5
1786538097057,tesla,0.00,0.00,,,119.80,,,,18.00,D,5
1786538097057,tesla,0.00,4.40,,,119.80,,,,18.00,D,5
1786538097060,tesla,0.00,4.40,,,119.80,,,,18.00,D,5
1786538097063,tesla,0.00,4.40,,,119.80,,,,18.00,D,5
1786538097065,tesla,0.16,4.40,,,119.80,,,,18.00,D,5
1786538097068,tesla,0.16,4.40,,,119.80,,,,18.00,D,5
1786538097071,tesla,0.16,4.40,,,119.80,,,,18.00,D,5
1786538097074,tesla,0.16,4.40,,,119.80,,,,18.00,D,5
1786538097074,tesla,0.16,4.80,,,119.80,,,,18.00,D,5
1786538097076,tesla,0.16,4.80,,,131.40,,,,18.00,D,5
1786538097079,tesla,0.16,4.80,,,131.40,,,,132.00,D,5
1786538097082,tesla,0.16,4.80,,,131.40,,,,132.00,D,5
1786538097082,tesla,0.16,4.80,,,131.40,,,,132.00,D,5
1786538097085,tesla,0.16,4.80,,,132.00,,,,132.00,D,5
1786538097088,tesla,0.16,4.80,,,132.00,,,,132.00,D,5
1786538097090,tesla,0.16,4.80,,,132.00,,,,132.00,D,5
1786538097093,tesla,0.16,4.80,,,132.00,,,,132.00,D,5
1786538097093,tesla,0.16,4.80,,,132.00,,,,132.00,D,5
1786538097096,tesla,0.16,4.80,,,132.00,,,,132.00,D,5
1786538097099,tesla,0.16,4.80,,,132.00,,,,132.00,D,5
1786538097101,tesla,0.16,4.80,,,132.00,,,,132.00,D,5
1786538097104,tesla,0.16,4.80,,,132.00,,,,132.00,D,5
1786538097104,tesla,0.16,4.80,,,132.00,,,,132.00,D,5
1786538097107,tesla,0.16,4.80,,,132.00,,,,132.00,D,5
1786538097110,tesla,0.16,4.80,,,132.00,,,,132.00,D,5
1786538097113,tesla,0.16,4.80,,,132.00,,,,132.00,D,5
1786538097115,tesla,0.16,4.80,,,132.00,,,,132.00,D,5
1786538097118,tesla,0.16,4.80,,,132.00,,,,132.00,D,5
1786538097121,tesla,0.16,4.80,,,132.00,,,,132.00,D,5
1786538097121,tesla,0.16,4.80,,,132.00,,,,132.00,D,5
1786538097124,tesla,0.16,4.80,,,132.00,,,,132.00,D,5
1786538097126,tesla,0.16,4.80,,,132.00,,,,132.00,D,5
1786538097129,tesla,0.16,4.80,,,132.00,,,,132.00,D,5
1786538097129,tesla,0.16,4.80,,,132.00,,,,132.00,D,5
1786538097132,tesla,0.16,4.80,,,132.00,,,,132.00,D,5
1786538097135,tesla,0.16,4.80,,,132.00,,,,132.00,D,5
1786538097138,tesla,0.16,4.80,,,132.00,,,,132.00,D,5
1786538097140,tesla,0.16,4.80,,,132.00,,,,132.00,D,5
1786538097140,tesla,0.16,4.80,,,132.00,,,,132.00,D,5
1786538097143,tesla,0.16,4.80,,,132.00,,,,132.00,D,5
1786538097146,tesla,0.16,4.80,,,132.00,,,,132.00,D,5
1786538097149,tesla,0.16,4.80,,,132.00,,,,132.00,D,5
1786538097152,tesla,0.16,4.80,,,132.00,,,,132.00,D,5
1786538097154,tesla,0.16,4.80,,,132.00,,,,132.00,D,5
1786538097157,tesla,0.16,4.80,,,132.00,,,,132.00,D,5
1786538097160,tesla,0.16,4.80,,,132.00,,,,132.00,D,5
1786538097160,tesla,0.16,4.80,,,132.00,,,,132.00,D,5
1786538097163,tesla,0.16,4.80,,,132.00,,,,132.00,D,5
1786538097165,tesla,0.16,4.80,,,132.00,,,,132.00,D,5
1786538097168,tesla,0.16,4.80,,,132.00,,,,132.00,D,5
1786538097171,tesla,0.16,4.80,,,132.00,,,,132.00,D,5
1786538097171,tesla,0.16,4.80,,,132.00,,,,132.00,D,5
1786538097174,tesla,0.16,4.80,,,132.00,,,,132.00,D,5
1786538097176,tesla,0.16,4.80,,,132.00,,,,132.00,D,5
1786538097179,tesla,0.16,4.80,,,132.00,,,,132.00,D,5
1786538097182,tesla,0.16,4.80,,,132.00,,,,132.00,D,5
1786538097185,tesla,0.16,4.80,,,132.00,,,,132.00,D,5
1786538097188,tesla,0.16,4.80,,,132.00,,,,132.00,D,5
1786538097190,tesla,0.16,4.80,,,132.00,,,,132.00,D,5
1786538097191,tesla,0.16,4.80,,,132.00,,,,132.00,D,5
1786538097191,tesla,0.16,4.80,,,132.00,,,,132.00,D,5
1786538097193,tesla,0.16,4.80,,,132.00,,,,132.00,D,5
1786538097196,tesla,0.16,4.80,,,132.00,,,,132.00,D,5
1786538097199,tesla,0.16,4.80,,,132.00,,,,132.00,D,5
1786538097201,tesla,0.16,4.80,,,132.00,,,,132.00,D,5
1786538097204,tesla,0.16,4.80,,,132.00,,,,132.00,D,5
1786538097204,tesla,0.16,4.80,,,132.00,,,,132.00,D,5
1786538097207,tesla,0.16,4.80,,,132.00,,,,132.00,D,5
1786538097210,tesla,0.16,4.80,,,132.00,,,,132.00,D,5
1786538097213,tesla,0.16,4.80,,,132.00,,,,132.00,D,5
1786538097215,tesla,0.16,4.80,,,132.00,,,,132.00,D,5
1786538097218,tesla,0.16,4.80,,,132.00,,,,132.00,D,5
1786538097218,tesla,0.16,4.80,,,132.00,,,,132.00,D,5
1786538097221,tesla,0.16,4.80,,,132.00,,,,132.00,D,5
1786538097224,tesla,0.16,4.80,,,132.00,,,,132.00,D,5
1786538097226,tesla,0.16,4.80,,,132.00,,,,132.00,D,5
1786538097229,tesla,0.16,4.80,,,132.00,,,,132.00,D,5
1786538097232,tesla,0.16,4.80,,,132.00,,,,132.00,D,5
1786538097232,tesla,0.16,4.80,,,132.00,,,,132.00,D,5
1786538097235,tesla,0.16,4.80,,,132.00,,,,132.00,D,5
1786538097238,tesla,0.16,4.80,,,132.00,,,,132.00,D,5
1786538097238,tesla,0.16,4.80,,,132.00,,,,132.00,D,5
1786538097240,tesla,0.16,4.80,,,132.00,,,,132.00,D,5
1786538097243,tesla,0.16,4.80,,,132.00,,,,132.00,D,5
1786538097246,tesla,0.16,4.80,,,132.00,,,,132.00,D,5
1786538097249,tesla,0.16,4.80,,,132.00,,,,132.00,D,5
1786538097251,tesla,0.16,4.80,,,132.00,,,,132.00,D,5
1786538097254,tesla,0.16,4.80,,,132.00,,,,132.00,D,5
1786538097257,tesla,0.16,4.80,,,132.00,,,,132.00,D,5
1786538097257,tesla,0.16,4.80,,,132.00,,,,132.00,D,5
1786538097260,tesla,0.16,4.80,,,132.00,,,,132.00,D,5
1786538097263,tesla,0.56,4.80,,,132.00,,,,132.00,D,5
1786538097265,tesla,0.56,4.80,,,132.00,,,,132.00,D,5
1786538097268,tesla,0.56,4.80,,,132.00,,,,132.00,D,5
1786538097271,tesla,0.56,4.80,,,132.00,,,,132.00,D,5
1786538097271,tesla,0.56,4.80,,,132.00,,,,132.00,D,5
1786538097274,tesla,0.56,10.40,,,132.00,,,,132.00,D,5
1786538097277,tesla,0.56,10.40,,,145.90,,,,132.00,D,5
1786538097279,tesla,0.56,10.40,,,145.90,,,,784.00,D,5
1786538097282,tesla,0.56,10.40,,,145.90,,,,784.00,D,5
1786538097282,tesla,0.56,10.40,,,145.90,,,,784.00,D,5
1786538097285,tesla,0.56,10.40,,,146.70,,,,784.00,D,5
1786538097288,tesla,0.56,10.40,,,146.70,,,,784.00,D,5
1786538097290,tesla,0.56,10.40,,,146.70,,,,784.00,D,5
1786538097293,tesla,0.56,10.40,,,146.70,,,,784.00,D,5
1786538097293,tesla,0.56,10.40,,,146.70,,,,784.00,D,5
1786538097296,tesla,0.56,10.40,,,146.70,,,,784.00,D,5
1786538097299,tesla,0.56,10.40,,,146.70,,,,784.00,D,5
1786538097301,tesla,0.56,10.40,,,146.70,,,,784.00,D,5
1786538097304,tesla,0.56,10.40,,,146.70,,,,784.00,D,5
1786538097307,tesla,0.56,10.40,,,146.70,,,,784.00,D,5
1786538097310,tesla,0.56,10.40,,,146.70,,,,784.00,D,5
1786538097310,tesla,0.56,10.40,,,146.70,,,,784.00,D,5
1786538097313,tesla,0.56,10.40,,,146.70,,,,784.00,D,5
1786538097315,tesla,0.56,10.40,,,146.70,,,,784.00,D,5
1786538097318,tesla,0.56,10.40,,,146.70,,,,784.00,D,5
1786538097321,tesla,0.56,10.40,,,146.70,,,,784.00,D,5
1786538097324,tesla,0.56,10.40,,,146.70,,,,784.00,D,5
1786538097326,tesla,0.56,10.40,,,146.70,,,,784.00,D,5
1786538097327,tesla,0.56,10.40,,,146.70,,,,784.00,D,5
1786538097329,tesla,0.56,10.40,,,146.70,,,,784.00,D,5
1786538097332,tesla,0.56,10.40,,,146.70,,,,784.00,D,5
1786538097335,tesla,0.56,10.40,,,146.70,,,,784.00,D,5
1786538097338,tesla,0.56,10.40,,,146.70,,,,784.00,D,5
1786538097338,tesla,0.56,10.40,,,146.70,,,,784.00,D,5
1786538097338,tesla,0.56,10.40,,,146.70,,,,784.00,D,5
1786538097340,tesla,0.56,10.40,,,146.70,,,,784.00,D,5
1786538097343,tesla,0.56,10.40,,,146.70,,,,784.00,D,5
1786538097346,tesla,0.56,10.40,,,146.70,,,,784.00,D,5
1786538097349,tesla,0.56,10.40,,,146.70,,,,784.00,D,5
1786538097351,tesla,0.56,10.40,,,146.70,,,,784.00,D,5
1786538097354,tesla,0.56,10.40,,,146.70,,,,784.00,D,5
1786538097354,tesla,0.56,10.40,,,146.70,,,,784.00,D,5
1786538097357,tesla,0.56,10.40,,,146.70,,,,784.00,D,5
1786538097360,tesla,0.56,10.40,,,146.70,,,,784.00,D,5
1786538097363,tesla,0.56,10.40,,,146.70,,,,784.00,D,5
1786538097365,tesla,0.56,10.40,,,146.70,,,,784.00,D,5
1786538097368,tesla,0.56,10.40,,,146.70,,,,784.00,D,5
1786538097371,tesla,0.56,10.40,,,146.70,,,,784.00,D,5
1786538097371,tesla,0.56,10.40,,,146.70,,,,784.00,D,5
1786538097374,tesla,0.56,10.40,,,146.70,,,,784.00,D,5
1786538097376,tesla,0.56,10.40,,,146.70,,,,784.00,D,5
1786538097379,tesla,0.56,10.40,,,146.70,,,,784.00,D,5
1786538097382,tesla,0.56,10.40,,,146.70,,,,784.00,D,5
1786538097385,tesla,0.56,10.40,,,146.70,,,,784.00,D,5
1786538097385,tesla,0.56,10.40,,,146.70,,,,784.00,D,5
1786538097388,tesla,0.56,10.40,,,146.70,,,,784.00,D,5
1786538097388,tesla,0.56,10.40,,,146.70,,,,784.00,D,5
1786538097390,tesla,0.56,10.40,,,146.70,,,,784.00,D,5
1786538097393,tesla,0.56,10.40,,,146.70,,,,784.00,D,5
1786538097396,tesla,0.56,10.40,,,146.70,,,,784.00,D,5
1786538097399,tesla,0.56,10.40,,,146.70,,,,784.00,D,5
1786538097401,tesla,0.56,10.40,,,146.70,,,,784.00,D,5
1786538097404,tesla,0.56,10.40,,,146.70,,,,784.00,D,5
1786538097404,tesla,0.56,10.40,,,146.70,,,,784.00,D,5
1786538097407,tesla,0.56,10.40,,,146.70,,,,784.00,D,5
1786538097410,tesla,0.56,10.40,,,146.70,,,,784.00,D,5
1786538097413,tesla,0.56,10.40,,,146.70,,,,784.00,D,5
1786538097415,tesla,0.56,10.40,,,146.70,,,,784.00,D,5
1786538097418,tesla,0.56,10.40,,,146.70,,,,784.00,D,5
1786538097418,tesla,0.56,10.40,,,146.70,,,,784.00,D,5
1786538097421,tesla,0.56,10.40,,,146.70,,,,784.00,D,5
1786538097424,tesla,0.56,10.40,,,146.70,,,,784.00,D,5
1786538097426,tesla,0.56,10.40,,,146.70,,,,784.00,D,5
1786538097429,tesla,0.56,10.40,,,146.70,,,,784.00,D,5
1786538097432,tesla,0.56,10.40,,,146.70,,,,784.00,D,5
1786538097432,tesla,0.56,10.40,,,146.70,,,,784.00,D,5
1786538097435,tesla,0.56,10.40,,,146.70,,,,784.00,D,5
1786538097438,tesla,0.56,10.40,,,146.70,,,,784.00,D,5
1786538097438,tesla,0.56,10.40,,,146.70,,,,784.00,D,5
1786538097440,tesla,0.56,10.40,,,146.70,,,,784.00,D,5
1786538097443,tesla,0.56,10.40,,,146.70,,,,784.00,D,5
1786538097446,tesla,0.56,10.40,,,146.70,,,,784.00,D,5
1786538097449,tesla,0.56,10.40,,,146.70,,,,784.00,D,5
1786538097451,tesla,0.56,10.40,,,146.70,,,,784.00,D,5
1786538097454,tesla,0.56,10.40,,,146.70,,,,784.00,D,5
1786538097457,tesla,0.56,10.40,,,146.70,,,,784.00,D,5
1786538097457,tesla,0.56,10.40,,,146.70,,,,784.00,D,5
1786538097460,tesla,0.56,10.40,,,146.70,,,,784.00,D,5
1786538097463,tesla,0.56,10.40,,,146.70,,,,784.00,D,5
1786538097465,tesla,0.56,10.40,,,146.70,,,,784.00,D,5
1786538097468,tesla,0.56,10.40,,,159.90,,,,784.00,D,5
1786538097471,tesla,0.56,10.40,,,159.90,,,,784.00,D,5
1786538097471,tesla,0.56,10.40,,,159.90,,,,784.00,D,5
1786538097474,tesla,0.56,10.40,,,160.70,,,,784.00,D,5
1786538097476,tesla,0.56,10.40,,,160.70,,,,784.00,D,5
1786538097479,tesla,0.56,10.40,,,160.70,,,,784.00,D,5
1786538097482,tesla,0.56,10.40,,,160.70,,,,784.00,D,5
1786538097485,tesla,0.56,10.40,,,160.70,,,,784.00,D,5
1786538097485,tesla,0.56,10.40,,,160.70,,,,784.00,D,5
1786538097488,tesla,0.56,10.40,,,160.70,,,,784.00,D,5
1786538097490,tesla,0.56,10.40,,,160.70,,,,784.00,D,5
1786538097490,tesla,0.56,10.40,,,160.70,,,,784.00,D,5
1786538097493,tesla,0.56,10.40,,,160.70,,,,784.00,D,5
1786538097496,tesla,0.56,10.40,,,160.70,,,,784.00,D,5
1786538097499,tesla,0.56,10.40,,,160.70,,,,784.00,D,5
1786538097501,tesla,0.56,10.40,,,160.70,,,,784.00,D,5
1786538097504,tesla,0.56,10.40,,,160.70,,,,784.00,D,5
1786538097507,tesla,0.56,10.40,,,160.70,,,,784.00,D,5
1786538097507,tesla,0.56,10.40,,,160.70,,,,784.00,D,5
1786538097510,tesla,0.56,10.40,,,160.70,,,,784.00,D,5
1786538097513,tesla,0.56,10.40,,,160.70,,,,784.00,D,5
1786538097515,tesla,0.56,10.40,,,160.70,,,,784.00,D,5
1786538097518,tesla,0.56,10.40,,,160.70,,,,784.00,D,5
1786538097518,tesla,0.56,10.40,,,160.70,,,,784.00,D,5
1786538097521,tesla,0.56,10.40,,,160.70,,,,784.00,D,5
1786538097524,tesla,0.56,10.40,,,160.70,,,,784.00,D,5
1786538097526,tesla,0.56,10.40,,,160.70,,,,784.00,D,5
1786538097527,tesla,0.56,10.40,,,160.70,,,,784.00,D,5
1786538097529,tesla,0.56,10.40,,,160.70,,,,784.00,D,5
1786538097529,tesla,0.56,10.40,,,160.70,,,,784.00,D,5
1786538097532,tesla,0.56,10.40,,,160.70,,,,784.00,D,5
1786538097535,tesla,0.56,10.40,,,160.70,,,,784.00,D,5
1786538097538,tesla,0.56,10.40,,,160.70,,,,784.00,D,5
1786538097538,tesla,0.56,10.40,,,160.70,,,,784.00,D,5
1786538097540,tesla,0.56,10.40,,,160.70,,,,784.00,D,5
1786538097543,tesla,0.56,10.40,,,160.70,,,,784.00,D,5
1786538097546,tesla,0.56,10.40,,,160.70,,,,784.00,D,5
1786538097549,tesla,0.56,10.40,,,160.70,,,,784.00,D,5
1786538097549,tesla,0.56,10.40,,,160.70,,,,784.00,D,5
1786538097552,tesla,0.56,10.40,,,160.70,,,,784.00,D,5
1786538097554,tesla,0.56,10.40,,,160.70,,,,784.00,D,5
1786538097557,tesla,0.56,10.40,,,160.70,,,,784.00,D,5
1786538097557,tesla,0.56,10.40,,,160.70,,,,784.00,D,5
1786538097560,tesla,0.56,10.40,,,160.70,,,,784.00,D,5
1786538097563,tesla,0.56,10.40,,,160.70,,,,784.00,D,5
1786538097565,tesla,0.56,10.40,,,160.70,,,,784.00,D,5
1786538097568,tesla,0.56,10.40,,,160.70,,,,784.00,D,5
1786538097571,tesla,0.56,10.40,,,160.70,,,,784.00,D,5
1786538097571,tesla,0.56,10.40,,,160.70,,,,784.00,D,5
1786538097574,tesla,0.56,10.40,,,160.70,,,,784.00,D,5
1786538097576,tesla,0.56,10.40,,,160.70,,,,784.00,D,5
1786538097579,tesla,0.56,10.40,,,160.70,,,,784.00,D,5
1786538097582,tesla,0.56,10.40,,,160.70,,,,784.00,D,5
1786538097585,tesla,0.56,10.40,,,160.70,,,,784.00,D,5
1786538097588,tesla,0.56,10.40,,,160.70,,,,784.00,D,5
1786538097588,tesla,0.56,10.40,,,160.70,,,,784.00,D,5
1786538097590,tesla,0.56,10.40,,,160.70,,,,784.00,D,5
1786538097593,tesla,0.56,10.40,,,160.70,,,,784.00,D,5
1786538097596,tesla,0.56,10.40,,,160.70,,,,784.00,D,5
1786538097599,tesla,0.56,10.40,,,160.70,,,,784.00,D,5
1786538097601,tesla,0.56,10.40,,,160.70,,,,784.00,D,5
1786538097602,tesla,0.56,10.40,,,160.70,,,,784.00,D,5
1786538097604,tesla,0.56,10.40,,,160.70,,,,784.00,D,5
1786538097607,tesla,0.56,10.40,,,160.70,,,,784.00,D,5
1786538097610,tesla,0.56,10.40,,,160.70,,,,784.00,D,5
1786538097613,tesla,0.56,10.40,,,160.70,,,,784.00,D,5
1786538097615,tesla,0.56,10.40,,,160.70,,,,784.00,D,5
1786538097616,tesla,0.56,10.40,,,160.70,,,,784.00,D,5
1786538097618,tesla,0.56,10.40,,,160.70,,,,784.00,D,5
1786538097621,tesla,0.56,10.40,,,160.70,,,,784.00,D,5
1786538097624,tesla,0.56,10.40,,,160.70,,,,784.00,D,5
1786538097626,tesla,0.56,10.00,,,160.70,,,,784.00,D,5
1786538097627,tesla,0.56,10.00,,,160.70,,,,784.00,D,5
1786538097629,tesla,0.56,10.00,,,160.70,,,,784.00,D,5
1786538097629,tesla,0.56,10.00,,,160.70,,,,784.00,D,5
1786538097632,tesla,0.56,10.00,,,160.70,,,,784.00,D,5
1786538097635,tesla,0.56,10.00,,,160.70,,,,784.00,D,5
1786538097638,tesla,0.56,10.00,,,160.70,,,,784.00,D,5
1786538097640,tesla,0.56,10.00,,,160.70,,,,784.00,D,5
1786538097643,tesla,0.56,10.00,,,160.70,,,,784.00,D,5
1786538097646,tesla,0.88,10.00,,,160.70,,,,784.00,D,5
1786538097646,tesla,0.88,10.00,,,160.70,,,,784.00,D,5
1786538097649,tesla,0.88,10.00,,,160.70,,,,784.00,D,5
1786538097651,tesla,0.88,10.00,,,160.70,,,,784.00,D,5
1786538097654,tesla,0.88,10.00,,,160.70,,,,784.00,D,5
1786538097657,tesla,0.88,10.00,,,187.60,,,,784.00,D,5
1786538097660,tesla,0.88,10.00,,,187.60,,,,784.00,D,5
1786538097663,tesla,0.88,10.00,,,187.60,,,,784.00,D,5
1786538097665,tesla,0.88,10.00,,,189.60,,,,784.00,D,5
1786538097665,tesla,0.88,10.00,,,189.60,,,,784.00,D,5
1786538097668,tesla,0.88,10.00,,,189.60,,,,784.00,D,5
1786538097671,tesla,0.88,10.00,,,191.60,,,,784.00,D,5
1786538097674,tesla,0.88,10.00,,,191.60,,,,784.00,D,5
1786538097676,tesla,0.88,10.00,,,191.60,,,,784.00,D,5
1786538097679,tesla,0.88,10.00,,,191.60,,,,784.00,D,5
1786538097679,tesla,0.88,10.00,,,191.60,,,,784.00,D,5
1786538097682,tesla,0.88,10.00,,,191.60,,,,784.00,D,5
1786538097685,tesla,0.88,10.00,,,191.60,,,,784.00,D,5
1786538097688,tesla,0.88,10.00,,,191.60,,,,784.00,D,5
1786538097688,tesla,0.88,10.00,,,191.60,,,,784.00,D,5
1786538097690,tesla,0.88,10.00,,,191.60,,,,784.00,D,5
1786538097693,tesla,0.88,10.00,,,191.60,,,,784.00,D,5
1786538097696,tesla,0.88,10.00,,,191.60,,,,784.00,D,5
1786538097699,tesla,0.88,10.00,,,191.60,,,,784.00,D,5
1786538097701,tesla,1.04,10.00,,,191.60,,,,784.00,D,5
1786538097704,tesla,1.04,10.00,,,191.60,,,,784.00,D,5
1786538097704,tesla,1.04,10.00,,,191.60,,,,784.00,D,5
1786538097707,tesla,1.04,10.00,,,191.60,,,,784.00,D,5
1786538097710,tesla,1.04,10.00,,,191.60,,,,784.00,D,5
1786538097713,tesla,1.04,10.00,,,191.60,,,,784.00,D,5
1786538097715,tesla,1.04,10.00,,,191.60,,,,784.00,D,5
1786538097716,tesla,1.04,10.00,,,191.60,,,,784.00,D,5
1786538097718,tesla,1.04,10.00,,,191.60,,,,784.00,D,5
1786538097721,tesla,1.04,10.00,,,191.60,,,,784.00,D,5
1786538097724,tesla,1.04,10.00,,,191.60,,,,784.00,D,5
1786538097726,tesla,1.04,10.00,,,191.60,,,,784.00,D,5
1786538097727,tesla,1.04,10.00,,,191.60,,,,784.00,D,5
1786538097729,tesla,1.04,10.00,,,191.60,,,,784.00,D,5
1786538097729,tesla,1.04,10.00,,,191.60,,,,784.00,D,5
1786538097732,tesla,1.04,10.00,,,191.60,,,,784.00,D,5
1786538097735,tesla,1.04,10.00,,,191.60,,,,784.00,D,5
1786538097735,tesla,1.04,10.00,,,191.60,,,,784.00,D,5
1786538097738,tesla,1.04,10.00,,,191.60,,,,784.00,D,5
1786538097740,tesla,1.04,10.00,,,191.60,,,,784.00,D,5
1786538097743,tesla,1.04,10.00,,,191.60,,,,784.00,D,5
1786538097746,tesla,1.04,10.00,,,191.60,,,,784.00,D,5
1786538097746,tesla,1.04,10.00,,,191.60,,,,784.00,D,5
1786538097749,tesla,1.04,10.00,,,191.60,,,,784.00,D,5
1786538097752,tesla,1.04,10.00,,,191.60,,,,784.00,D,5
1786538097754,tesla,1.04,10.00,,,191.60,,,,784.00,D,5
1786538097754,tesla,1.04,10.00,,,191.60,,,,784.00,D,5
1786538097757,tesla,1.04,10.00,,,191.60,,,,784.00,D,5
1786538097760,tesla,1.04,10.00,,,191.60,,,,784.00,D,5
1786538097763,tesla,1.04,10.00,,,191.60,,,,784.00,D,5
1786538097765,tesla,1.04,10.00,,,191.60,,,,784.00,D,5
1786538097768,tesla,1.04,10.00,,,191.60,,,,784.00,D,5
1786538097768,tesla,1.04,10.00,,,191.60,,,,784.00,D,5
1786538097771,tesla,1.04,10.00,,,191.60,,,,784.00,D,5
1786538097774,tesla,1.04,10.00,,,191.60,,,,784.00,D,5
1786538097774,tesla,1.04,10.00,,,191.60,,,,784.00,D,5
1786538097776,tesla,1.04,10.00,,,191.60,,,,784.00,D,5
1786538097779,tesla,1.04,10.00,,,191.60,,,,784.00,D,5
1786538097782,tesla,1.04,10.00,,,191.60,,,,784.00,D,5
1786538097785,tesla,1.04,10.00,,,191.60,,,,784.00,D,5
1786538097785,tesla,1.04,10.00,,,191.60,,,,784.00,D,5
1786538097788,tesla,1.04,10.00,,,191.60,,,,784.00,D,5
1786538097790,tesla,1.04,10.00,,,191.60,,,,784.00,D,5
1786538097793,tesla,1.04,10.00,,,191.60,,,,784.00,D,5
1786538097796,tesla,1.04,10.00,,,191.60,,,,784.00,D,5
1786538097799,tesla,1.04,10.00,,,191.60,,,,784.00,D,5
1786538097799,tesla,1.04,10.00,,,191.60,,,,784.00,D,5
1786538097802,tesla,1.04,10.00,,,191.60,,,,784.00,D,5
1786538097804,tesla,1.04,10.00,,,191.60,,,,784.00,D,5
1786538097807,tesla,1.04,10.00,,,191.60,,,,784.00,D,5
1786538097810,tesla,1.04,10.00,,,191.60,,,,784.00,D,5
1786538097813,tesla,1.04,10.00,,,191.60,,,,784.00,D,5
1786538097813,tesla,1.04,10.00,,,191.60,,,,784.00,D,5
1786538097815,tesla,1.04,10.00,,,191.60,,,,784.00,D,5
1786538097818,tesla,1.04,11.60,,,191.60,,,,784.00,D,5
1786538097821,tesla,1.04,11.60,,,191.60,,,,784.00,D,5
1786538097824,tesla,1.36,11.60,,,191.60,,,,784.00,D,5
1786538097826,tesla,1.36,11.60,,,191.60,,,,784.00,D,5
1786538097827,tesla,1.36,11.60,,,191.60,,,,784.00,D,5
1786538097829,tesla,1.36,11.60,,,191.60,,,,784.00,D,5
1786538097832,tesla,1.36,11.60,,,191.60,,,,784.00,D,5
1786538097832,tesla,1.36,11.60,,,191.60,,,,784.00,D,5
1786538097835,tesla,1.36,11.60,,,191.60,,,,784.00,D,5
1786538097838,tesla,1.36,11.60,,,191.60,,,,784.00,D,5
1786538097840,tesla,1.36,11.60,,,191.60,,,,784.00,D,5
1786538097843,tesla,1.36,11.60,,,191.60,,,,784.00,D,5
1786538097846,tesla,1.36,11.60,,,191.60,,,,784.00,D,5
1786538097849,tesla,1.44,11.60,,,191.60,,,,784.00,D,5
1786538097852,tesla,1.44,11.60,,,191.60,,,,784.00,D,5
1786538097852,tesla,1.44,12.00,,,191.60,,,,784.00,D,5
1786538097854,tesla,1.44,12.00,,,225.40,,,,784.00,D,5
1786538097857,tesla,1.44,12.00,,,225.40,,,,784.00,D,5
1786538097860,tesla,1.44,12.00,,,225.40,,,,784.00,D,5
1786538097863,tesla,1.44,12.00,,,227.00,,,,784.00,D,5
1786538097865,tesla,1.44,12.00,,,227.00,,,,784.00,D,5
1786538097868,tesla,1.44,12.00,,,227.00,,,,784.00,D,5
1786538097871,tesla,1.44,12.00,,,227.00,,,,784.00,D,5
1786538097871,tesla,1.44,12.00,,,227.00,,,,784.00,D,5
1786538097874,tesla,1.44,12.00,,,227.00,,,,784.00,D,5
1786538097876,tesla,1.44,12.00,,,227.00,,,,784.00,D,5
1786538097879,tesla,1.44,12.00,,,227.00,,,,784.00,D,5
1786538097882,tesla,1.44,12.00,,,227.00,,,,784.00,D,5
1786538097882,tesla,1.44,12.00,,,227.00,,,,784.00,D,5
1786538097885,tesla,1.44,12.00,,,227.00,,,,784.00,D,5
1786538097888,tesla,1.44,12.00,,,227.00,,,,784.00,D,5
1786538097890,tesla,1.44,12.00,,,227.00,,,,784.00,D,5
1786538097890,tesla,1.44,12.00,,,227.00,,,,784.00,D,5
1786538097893,tesla,1.44,12.00,,,227.00,,,,784.00,D,5
1786538097896,tesla,1.44,12.00,,,227.00,,,,784.00,D,5
1786538097896,tesla,1.44,12.00,,,227.00,,,,784.00,D,5
1786538097899,tesla,1.44,12.00,,,227.00,,,,784.00,D,5
1786538097901,tesla,1.44,12.00,,,227.00,,,,784.00,D,5
1786538097904,tesla,1.44,12.00,,,227.00,,,,784.00,D,5
1786538097905,tesla,1.44,12.00,,,227.00,,,,784.00,D,5
1786538097907,tesla,1.44,12.00,,,227.00,,,,784.00,D,5
1786538097910,tesla,1.44,12.00,,,227.00,,,,784.00,D,5
1786538097913,tesla,1.44,12.00,,,227.00,,,,784.00,D,5
1786538097915,tesla,1.44,12.00,,,227.00,,,,784.00,D,5
1786538097918,tesla,1.44,12.00,,,227.00,,,,784.00,D,5
1786538097918,tesla,1.44,12.00,,,227.00,,,,784.00,D,5
1786538097921,tesla,1.44,12.00,,,227.00,,,,784.00,D,5
1786538097924,tesla,1.44,12.00,,,227.00,,,,784.00,D,5
1786538097924,tesla,1.44,12.00,,,227.00,,,,784.00,D,5
1786538097924,tesla,1.44,12.00,,,227.00,,,,784.00,D,5
1786538097926,tesla,1.44,12.00,,,227.00,,,,784.00,D,5
1786538097929,tesla,1.44,12.00,,,227.00,,,,784.00,D,5
1786538097932,tesla,1.44,12.00,,,227.00,,,,784.00,D,5
1786538097932,tesla,1.44,12.00,,,227.00,,,,784.00,D,5
1786538097935,tesla,1.44,12.00,,,227.00,,,,784.00,D,5
1786538097938,tesla,1.44,12.00,,,227.00,,,,784.00,D,5
1786538097940,tesla,1.44,12.00,,,227.00,,,,784.00,D,5
1786538097943,tesla,1.44,12.00,,,227.00,,,,784.00,D,5
1786538097946,tesla,1.44,12.00,,,227.00,,,,784.00,D,5
1786538097946,tesla,1.44,12.00,,,227.00,,,,784.00,D,5
1786538097949,tesla,1.44,12.00,,,227.00,,,,784.00,D,5
1786538097952,tesla,1.44,12.00,,,227.00,,,,784.00,D,5
1786538097954,tesla,1.44,12.00,,,227.00,,,,784.00,D,5
1786538097954,tesla,1.44,12.00,,,227.00,,,,784.00,D,5
1786538097957,tesla,1.44,12.00,,,227.00,,,,784.00,D,5
1786538097960,tesla,1.44,12.00,,,227.00,,,,784.00,D,5
1786538097963,tesla,1.44,12.00,,,227.00,,,,784.00,D,5
1786538097963,tesla,1.44,12.00,,,227.00,,,,784.00,D,5
1786538097965,tesla,1.44,12.00,,,227.00,,,,784.00,D,5
1786538097968,tesla,1.44,12.00,,,227.00,,,,784.00,D,5
1786538097971,tesla,1.44,12.00,,,227.00,,,,784.00,D,5
1786538097974,tesla,1.44,12.00,,,227.00,,,,784.00,D,5
1786538097974,tesla,1.44,12.00,,,227.00,,,,784.00,D,5
1786538097976,tesla,1.44,12.00,,,227.00,,,,784.00,D,5
1786538097979,tesla,1.44,12.40,,,227.00,,,,784.00,D,5
1786538097982,tesla,1.44,12.40,,,227.00,,,,784.00,D,5
1786538097985,tesla,1.92,12.40,,,227.00,,,,784.00,D,5
1786538097985,tesla,1.92,12.40,,,227.00,,,,784.00,D,5
1786538097988,tesla,1.92,12.40,,,227.00,,,,784.00,D,5
1786538097990,tesla,1.92,12.40,,,227.00,,,,784.00,D,5
1786538097991,tesla,1.92,12.40,,,227.00,,,,784.00,D,5
1786538097993,tesla,1.92,12.40,,,227.00,,,,784.00,D,5
1786538097996,tesla,1.92,12.40,,,227.00,,,,784.00,D,5
1786538097999,tesla,1.92,12.40,,,227.00,,,,784.00,D,5
1786538098002,tesla,1.92,12.40,,,227.00,,,,784.00,D,5
1786538098004,tesla,1.92,12.40,,,227.00,,,,784.00,D,5
1786538098007,tesla,1.92,12.40,,,227.00,,,,784.00,D,5
1786538098010,tesla,1.92,12.40,,,227.00,,,,784.00,D,5
1786538098010,tesla,1.92,12.40,,,227.00,,,,784.00,D,5
1786538098013,tesla,1.92,12.40,,,227.00,,,,784.00,D,5
1786538098015,tesla,1.92,12.40,,,227.00,,,,784.00,D,5
1786538098018,tesla,1.92,12.40,,,227.00,,,,784.00,D,5
1786538098021,tesla,1.92,12.40,,,227.00,,,,784.00,D,5
1786538098024,tesla,1.92,12.40,,,227.00,,,,784.00,D,5
1786538098027,tesla,1.92,12.40,,,251.90,,,,784.00,D,5
1786538098029,tesla,1.92,12.40,,,251.90,,,,784.00,D,5
1786538098029,tesla,1.92,12.40,,,253.50,,,,784.00,D,5
1786538098032,tesla,1.92,12.40,,,253.50,,,,784.00,D,5
1786538098035,tesla,1.92,12.40,,,253.50,,,,784.00,D,5
1786538098038,tesla,1.92,12.40,,,253.50,,,,784.00,D,5
1786538098040,tesla,1.92,12.40,,,253.50,,,,784.00,D,5
1786538098043,tesla,1.92,12.40,,,253.50,,,,784.00,D,5
1786538098043,tesla,1.92,12.40,,,253.50,,,,784.00,D,5
1786538098046,tesla,1.92,12.40,,,253.50,,,,784.00,D,5
1786538098049,tesla,1.92,12.40,,,253.50,,,,784.00,D,5
1786538098052,tesla,1.92,12.40,,,253.50,,,,784.00,D,5
1786538098054,tesla,1.92,12.40,,,253.50,,,,784.00,D,5
1786538098055,tesla,1.92,12.40,,,253.50,,,,784.00,D,5
1786538098057,tesla,1.92,12.40,,,253.50,,,,784.00,D,5
1786538098060,tesla,1.92,12.40,,,253.50,,,,784.00,D,5
1786538098063,tesla,1.92,12.40,,,253.50,,,,784.00,D,5
1786538098065,tesla,1.92,12.40,,,253.50,,,,784.00,D,5
1786538098068,tesla,1.92,12.40,,,253.50,,,,784.00,D,5
1786538098068,tesla,1.92,12.40,,,253.50,,,,784.00,D,5
1786538098071,tesla,1.92,12.40,,,253.50,,,,784.00,D,5
1786538098071,tesla,1.92,12.40,,,253.50,,,,784.00,D,5
1786538098074,tesla,1.92,12.40,,,253.50,,,,784.00,D,5
1786538098076,tesla,1.92,12.40,,,253.50,,,,784.00,D,5
1786538098079,tesla,1.92,12.40,,,253.50,,,,784.00,D,5
1786538098082,tesla,1.92,12.40,,,253.50,,,,784.00,D,5
1786538098085,tesla,1.92,12.40,,,253.50,,,,784.00,D,5
1786538098085,tesla,1.92,12.40,,,253.50,,,,784.00,D,5
1786538098088,tesla,1.92,12.40,,,253.50,,,,784.00,D,5
1786538098090,tesla,1.92,12.40,,,253.50,,,,784.00,D,5
1786538098093,tesla,1.92,12.40,,,253.50,,,,784.00,D,5
1786538098096,tesla,1.92,12.40,,,253.50,,,,784.00,D,5
1786538098099,tesla,1.92,12.40,,,253.50,,,,784.00,D,5
1786538098102,tesla,1.92,12.40,,,253.50,,,,784.00,D,5
1786538098104,tesla,1.92,12.40,,,253.50,,,,784.00,D,5
1786538098104,tesla,1.92,12.40,,,253.50,,,,784.00,D,5
1786538098107,tesla,1.92,12.40,,,253.50,,,,784.00,D,5
1786538098110,tesla,1.92,12.40,,,253.50,,,,784.00,D,5
1786538098113,tesla,1.92,12.40,,,253.50,,,,784.00,D,5
1786538098115,tesla,1.92,12.40,,,253.50,,,,784.00,D,5
1786538098116,tesla,1.92,12.40,,,253.50,,,,784.00,D,5
1786538098118,tesla,1.92,12.40,,,253.50,,,,784.00,D,5
1786538098118,tesla,1.92,12.40,,,253.50,,,,784.00,D,5
1786538098121,tesla,1.92,12.40,,,253.50,,,,784.00,D,5
1786538098124,tesla,1.92,12.40,,,253.50,,,,784.00,D,5
1786538098126,tesla,1.92,12.40,,,253.50,,,,784.00,D,5
1786538098127,tesla,1.92,12.40,,,253.50,,,,784.00,D,5
1786538098129,tesla,1.92,12.40,,,253.50,,,,784.00,D,5
1786538098132,tesla,1.92,12.40,,,253.50,,,,784.00,D,5
1786538098135,tesla,1.92,12.40,,,253.50,,,,784.00,D,5
1786538098138,tesla,1.92,12.40,,,253.50,,,,784.00,D,5
1786538098140,tesla,1.92,12.40,,,253.50,,,,784.00,D,5
1786538098140,tesla,1.92,12.40,,,253.50,,,,784.00,D,5
1786538098143,tesla,1.92,12.40,,,253.50,,,,784.00,D,5
1786538098146,tesla,1.92,12.40,,,253.50,,,,784.00,D,5
1786538098146,tesla,1.92,12.40,,,253.50,,,,784.00,D,5
1786538098149,tesla,1.92,12.40,,,253.50,,,,784.00,D,5
1786538098152,tesla,1.92,12.40,,,253.50,,,,784.00,D,5
1786538098154,tesla,1.92,12.40,,,253.50,,,,784.00,D,5
1786538098157,tesla,1.92,12.40,,,253.50,,,,784.00,D,5
1786538098157,tesla,1.92,12.40,,,253.50,,,,784.00,D,5
1786538098160,tesla,1.92,12.40,,,253.50,,,,784.00,D,5
1786538098163,tesla,1.92,12.40,,,253.50,,,,784.00,D,5
1786538098163,tesla,1.92,12.40,,,253.50,,,,784.00,D,5
1786538098165,tesla,1.92,12.40,,,253.50,,,,784.00,D,5
1786538098168,tesla,1.92,12.40,,,253.50,,,,784.00,D,5
1786538098171,tesla,1.92,12.40,,,253.50,,,,784.00,D,5
1786538098174,tesla,1.92,12.40,,,253.50,,,,784.00,D,5
1786538098177,tesla,1.92,12.40,,,253.50,,,,784.00,D,5
1786538098177,tesla,1.92,12.40,,,253.50,,,,784.00,D,5
1786538098179,tesla,1.92,10.80,,,253.50,,,,784.00,D,5
1786538098182,tesla,1.92,10.80,,,253.50,,,,784.00,D,5
1786538098185,tesla,2.16,10.80,,,253.50,,,,784.00,D,5
1786538098188,tesla,2.16,10.80,,,253.50,,,,784.00,D,5
1786538098188,tesla,2.16,10.80,,,253.50,,,,784.00,D,5
1786538098190,tesla,2.16,10.80,,,253.50,,,,784.00,D,5
1786538098193,tesla,2.16,10.80,,,253.50,,,,784.00,D,5
1786538098196,tesla,2.16,10.80,,,253.50,,,,784.00,D,5
1786538098199,tesla,2.16,8.80,,,253.50,,,,784.00,D,5
1786538098202,tesla,2.16,8.80,,,253.50,,,,784.00,D,5
1786538098204,tesla,2.16,8.80,,,253.50,,,,784.00,D,5
1786538098207,tesla,2.24,8.80,,,253.50,,,,784.00,D,5
1786538098207,tesla,2.24,8.80,,,253.50,,,,784.00,D,5
1786538098210,tesla,2.24,8.80,,,253.50,,,,784.00,D,5
1786538098213,tesla,2.24,8.80,,,253.50,,,,784.00,D,5
1786538098215,tesla,2.24,8.80,,,253.50,,,,784.00,D,5
1786538098218,tesla,2.24,8.80,,,286.00,,,,784.00,D,5
1786538098221,tesla,2.24,8.80,,,286.00,,,,784.00,D,5
1786538098224,tesla,2.24,8.80,,,287.70,,,,784.00,D,5
1786538098226,tesla,2.24,8.80,,,287.70,,,,784.00,D,5
1786538098227,tesla,2.24,8.80,,,287.70,,,,784.00,D,5
1786538098229,tesla,2.24,8.80,,,287.70,,,,784.00,D,5
1786538098232,tesla,2.24,8.80,,,287.70,,,,784.00,D,5
1786538098235,tesla,2.24,8.80,,,287.70,,,,784.00,D,5
1786538098238,tesla,2.24,8.80,0,,287.70,,,,784.00,D,6
1786538098240,tesla,2.24,8.80,0,,287.70,,,,784.00,D,6
1786538098243,tesla,2.24,8.80,0,,287.70,,,,784.00,D,6
1786538098243,tesla,2.24,8.80,0,,287.70,,,,784.00,D,6
1786538098246,tesla,2.24,8.80,0,,287.70,,,,784.00,D,6
1786538098249,tesla,2.24,8.80,0,,287.70,,,,784.00,D,6
1786538098249,tesla,2.24,8.80,0,,287.70,,,,784.00,D,6
1786538098252,tesla,2.24,8.80,0,,287.70,,,,784.00,D,6
1786538098254,tesla,2.24,8.80,0,,287.70,,,,784.00,D,6
1786538098257,tesla,2.24,8.80,0,,287.70,,,,784.00,D,6
1786538098260,tesla,2.24,8.80,0,,287.70,,,,784.00,D,6
1786538098263,tesla,2.24,8.80,0,,287.70,,,,784.00,D,6
1786538098263,tesla,2.24,8.80,0,,287.70,,,,784.00,D,6
1786538098265,tesla,2.24,8.80,0,,287.70,,,,784.00,D,6
1786538098268,tesla,2.24,8.80,0,,287.70,,,,784.00,D,6
1786538098268,tesla,2.24,8.80,0,,287.70,,,,784.00,D,6
1786538098271,tesla,2.24,8.80,0,,287.70,,,,784.00,D,6
1786538098274,tesla,2.24,8.80,0,,287.70,,,,784.00,D,6
1786538098276,tesla,2.24,8.80,0,,287.70,,,,784.00,D,6
1786538098279,tesla,2.24,8.80,0,,287.70,,,,784.00,D,6
1786538098282,tesla,2.24,8.80,0,,287.70,,,,784.00,D,6
1786538098285,tesla,2.24,8.80,0,,287.70,,,,784.00,D,6
1786538098288,tesla,2.24,8.80,0,,287.70,,,,784.00,D,6
1786538098288,tesla,2.24,8.80,0,,287.70,,,,784.00,D,6
1786538098290,tesla,2.24,8.80,0,,287.70,,,,784.00,D,6
1786538098293,tesla,2.24,8.80,0,,287.70,,,,784.00,D,6
1786538098296,tesla,2.24,8.80,0,,287.70,,,,784.00,D,6
1786538098299,tesla,2.24,8.80,0,,287.70,,,,784.00,D,6
1786538098302,tesla,2.24,8.80,0,,287.70,,,,784.00,D,6
1786538098304,tesla,2.24,8.80,0,,287.70,,,,784.00,D,6
1786538098307,tesla,2.24,8.80,0,,287.70,,,,784.00,D,6
1786538098307,tesla,2.24,8.80,0,,287.70,,,,784.00,D,6
1786538098310,tesla,2.24,8.80,0,,287.70,,,,784.00,D,6
1786538098313,tesla,2.24,8.80,0,,287.70,,,,784.00,D,6
1786538098315,tesla,2.24,8.80,0,,287.70,,,,784.00,D,6
1786538098318,tesla,2.24,8.80,0,,287.70,,,,784.00,D,6
1786538098318,tesla,2.24,8.80,0,,287.70,,,,784.00,D,6
1786538098321,tesla,2.24,8.80,0,,287.70,,,,784.00,D,6
1786538098324,tesla,2.24,8.80,0,,287.70,,,,784.00,D,6
1786538098324,tesla,2.24,8.80,0,,287.70,,,,784.00,D,6
1786538098326,tesla,2.24,8.80,0,,287.70,,,,784.00,D,6
1786538098329,tesla,2.24,8.80,0,,287.70,,,,784.00,D,6
1786538098332,tesla,2.24,8.80,0,,287.70,,,,784.00,D,6
1786538098335,tesla,2.24,8.80,0,,287.70,,,,784.00,D,6
1786538098338,tesla,2.24,8.80,0,,287.70,,,,784.00,D,6
1786538098338,tesla,2.24,8.80,0,,287.70,,,,784.00,D,6
1786538098340,tesla,2.24,8.80,0,,287.70,,,,784.00,D,6
1786538098343,tesla,2.24,8.80,0,,287.70,,,,784.00,D,6
1786538098346,tesla,2.24,8.80,0,,287.70,,,,784.00,D,6
1786538098349,tesla,2.24,8.80,0,,287.70,,,,784.00,D,6
1786538098349,tesla,2.24,8.80,0,,287.70,,,,784.00,D,6
1786538098352,tesla,2.24,8.80,0,,287.70,,,,784.00,D,6
1786538098354,tesla,2.24,8.80,0,,287.70,,,,784.00,D,6
1786538098357,tesla,2.24,8.80,0,,287.70,,,,784.00,D,6
1786538098357,tesla,2.24,8.80,0,,287.70,,,,784.00,D,6
1786538098360,tesla,2.24,8.80,0,,287.70,,,,784.00,D,6
1786538098363,tesla,2.24,8.80,0,,287.70,,,,784.00,D,6
1786538098365,tesla,2.24,8.80,0,,287.70,,,,784.00,D,6
1786538098368,tesla,2.24,8.80,0,,287.70,,,,784.00,D,6
1786538098368,tesla,2.24,8.80,0,,287.70,,,,784.00,D,6
1786538098371,tesla,2.24,8.80,0,,287.70,,,,784.00,D,6
1786538098374,tesla,2.24,8.80,0,,287.70,,,,784.00,D,6
1786538098376,tesla,2.24,8.80,0,,287.70,,,,784.00,D,6
1786538098379,tesla,2.24,4.80,0,,287.70,,,,784.00,D,6
1786538098382,tesla,2.24,4.80,0,,287.70,,,,784.00,D,6
1786538098382,tesla,2.64,4.80,0,,287.70,,,,784.00,D,6
1786538098385,tesla,2.64,4.80,0,,287.70,,,,784.00,D,6
1786538098388,tesla,2.64,4.80,0,,287.70,,,,784.00,D,6
1786538098390,tesla,2.64,4.80,0,,287.70,,,,784.00,D,6
1786538098390,tesla,2.64,4.80,0,,287.70,,,,784.00,D,6
1786538098393,tesla,2.64,4.80,0,,287.70,,,,784.00,D,6
1786538098396,tesla,2.64,4.80,0,,287.70,,,,784.00,D,6
1786538098399,tesla,2.64,4.80,0,,287.70,,,,784.00,D,6
1786538098402,tesla,2.64,4.80,0,,287.70,,,,784.00,D,6
1786538098404,tesla,2.64,4.80,0,,287.70,,,,784.00,D,6
1786538098407,tesla,2.64,4.80,0,,287.70,,,,784.00,D,6
1786538098410,tesla,2.64,4.80,0,,287.70,,,,784.00,D,6
1786538098410,tesla,2.64,4.80,0,,287.70,,,,784.00,D,6
1786538098413,tesla,2.64,4.80,0,,287.70,,,,784.00,D,6
1786538098415,tesla,2.64,4.80,0,,287.70,,,,784.00,D,6
1786538098418,tesla,2.64,4.80,0,,309.30,,,,784.00,D,6
1786538098421,tesla,2.64,4.80,0,,309.80,,,,784.00,D,6
1786538098424,tesla,2.64,4.80,0,,309.80,,,,784.00,D,6
1786538098426,tesla,2.64,4.80,0,,309.80,,,,784.00,D,6
1786538098429,tesla,2.64,4.80,0,,309.80,,,,784.00,D,6
1786538098429,tesla,2.64,4.80,0,,309.80,,,,784.00,D,6
1786538098432,tesla,2.64,4.80,0,,309.80,,,,784.00,D,6
1786538098435,tesla,2.64,4.80,0,,309.80,,,,784.00,D,6
1786538098438,tesla,2.64,4.80,0,,309.80,,,,784.00,D,6
1786538098440,tesla,2.64,4.80,0,,309.80,,,,784.00,D,6
1786538098443,tesla,2.64,4.80,0,,309.80,,,,784.00,D,6
1786538098446,tesla,2.64,4.80,0,,309.80,,,,784.00,D,6
1786538098446,tesla,2.64,4.80,0,,309.80,,,,784.00,D,6
1786538098449,tesla,2.64,4.80,0,,309.80,,,,784.00,D,6
1786538098451,tesla,2.64,4.80,0,,309.80,,,,784.00,D,6
1786538098454,tesla,2.64,4.80,0,,309.80,,,,784.00,D,6
1786538098457,tesla,2.64,4.80,0,,309.80,,,,784.00,D,6
1786538098460,tesla,2.64,4.80,0,,309.80,,,,784.00,D,6
1786538098460,tesla,2.64,4.80,0,,309.80,,,,784.00,D,6
1786538098463,tesla,2.64,4.80,0,,309.80,,,,784.00,D,6
1786538098465,tesla,2.64,4.80,0,,309.80,,,,784.00,D,6
1786538098468,tesla,2.64,4.80,0,,309.80,,,,784.00,D,6
1786538098471,tesla,2.64,4.80,0,,309.80,,,,784.00,D,6
1786538098474,tesla,2.64,4.80,0,,309.80,,,,784.00,D,6
1786538098476,tesla,2.64,4.80,0,,309.80,,,,784.00,D,6
1786538098479,tesla,2.64,4.80,0,,309.80,,,,784.00,D,6
1786538098479,tesla,2.64,4.80,0,,309.80,,,,784.00,D,6
1786538098482,tesla,2.64,4.80,0,,309.80,,,,784.00,D,6
1786538098485,tesla,2.64,4.80,0,,309.80,,,,784.00,D,6
1786538098488,tesla,2.64,4.80,0,,309.80,,,,784.00,D,6
1786538098490,tesla,2.64,4.80,0,,309.80,,,,784.00,D,6
1786538098493,tesla,2.64,4.80,0,,309.80,,,,784.00,D,6
1786538098496,tesla,2.64,4.80,0,,309.80,,,,784.00,D,6
1786538098499,tesla,2.64,4.80,0,,309.80,,,,784.00,D,6
1786538098499,tesla,2.64,4.80,0,,309.80,,,,784.00,D,6
1786538098502,tesla,2.64,4.80,0,,309.80,,,,784.00,D,6
1786538098504,tesla,2.64,4.80,0,,309.80,,,,784.00,D,6
1786538098507,tesla,2.64,4.80,0,,309.80,,,,784.00,D,6
1786538098510,tesla,2.64,4.80,0,,309.80,,,,784.00,D,6
1786538098510,tesla,2.64,4.80,0,,309.80,,,,784.00,D,6
1786538098513,tesla,2.64,4.80,0,,309.80,,,,784.00,D,6
1786538098513,tesla,2.64,4.80,0,,309.80,,,,784.00,D,6
1786538098515,tesla,2.64,4.80,0,,309.80,,,,784.00,D,6
1786538098518,tesla,2.64,4.80,0,,309.80,,,,784.00,D,6
1786538098521,tesla,2.64,4.80,0,,309.80,,,,784.00,D,6
1786538098524,tesla,2.64,4.80,0,,309.80,,,,784.00,D,6
1786538098524,tesla,2.64,4.80,0,,309.80,,,,784.00,D,6
1786538098526,tesla,2.64,4.80,0,,309.80,,,,784.00,D,6
1786538098529,tesla,2.64,4.80,0,,309.80,,,,784.00,D,6
1786538098532,tesla,2.64,4.80,0,,309.80,,,,784.00,D,6
1786538098532,tesla,2.64,4.80,0,,309.80,,,,784.00,D,6
1786538098535,tesla,2.64,4.80,0,,309.80,,,,784.00,D,6
1786538098538,tesla,2.64,4.80,0,,309.80,,,,784.00,D,6
1786538098540,tesla,2.64,4.80,0,,309.80,,,,784.00,D,6
1786538098540,tesla,2.64,4.80,0,,309.80,,,,784.00,D,6
1786538098549,tesla,2.64,4.80,0,,309.80,,,,784.00,D,6
1786538098549,tesla,2.64,4.80,0,,309.80,,,,784.00,D,6
1786538098552,tesla,2.64,4.80,0,,309.80,,,,784.00,D,6
1786538098552,tesla,2.64,4.80,0,,309.80,,,,784.00,D,6
1786538098554,tesla,2.64,4.80,0,,309.80,,,,784.00,D,6
1786538098557,tesla,2.64,4.80,0,,309.80,,,,784.00,D,6
1786538098560,tesla,2.64,4.80,0,,309.80,,,,784.00,D,6
1786538098563,tesla,2.64,4.80,0,,309.80,,,,784.00,D,6
1786538098563,tesla,2.64,4.80,0,,309.80,,,,784.00,D,6
1786538098565,tesla,2.64,4.80,0,,309.80,,,,784.00,D,6
1786538098569,tesla,2.64,4.80,0,,309.80,,,,784.00,D,6
1786538098571,tesla,2.64,4.80,0,,309.80,,,,784.00,D,6
1786538098574,tesla,2.64,4.80,0,,309.80,,,,784.00,D,6
1786538098577,tesla,2.64,4.80,0,,309.80,,,,784.00,D,6
1786538098577,tesla,2.64,4.80,0,,309.80,,,,784.00,D,6
1786538098579,tesla,2.64,5.20,0,,309.80,,,,784.00,D,6
1786538098582,tesla,2.64,5.20,0,,309.80,,,,784.00,D,6
1786538098585,tesla,2.96,5.20,0,,309.80,,,,784.00,D,6
1786538098585,tesla,2.96,5.20,0,,309.80,,,,784.00,D,6
1786538098588,tesla,2.96,5.20,0,,309.80,,,,784.00,D,6
1786538098590,tesla,2.96,5.20,0,,309.80,,,,784.00,D,6
1786538098593,tesla,2.96,5.20,0,,309.80,,,,784.00,D,6
1786538098596,tesla,2.96,5.20,0,,309.80,,,,784.00,D,6
1786538098599,tesla,2.96,5.20,0,,309.80,,,,784.00,D,6
1786538098602,tesla,2.96,5.20,0,,309.80,,,,784.00,D,6
1786538098604,tesla,2.96,5.20,0,,309.80,,,,784.00,D,6
1786538098604,tesla,2.96,5.20,0,,309.80,,,,784.00,D,6
1786538098607,tesla,2.96,5.20,0,,313.80,,,,784.00,D,6
1786538098610,tesla,2.96,5.20,0,,313.80,,,,784.00,D,6
1786538098613,tesla,2.96,5.20,0,,313.80,,,,784.00,D,6
1786538098615,tesla,2.96,5.20,0,,313.80,,,,784.00,D,6
1786538098618,tesla,2.96,5.20,0,,314.00,,,,784.00,D,6
1786538098621,tesla,2.96,5.20,0,,314.00,,,,784.00,D,6
1786538098624,tesla,2.96,5.20,0,,314.00,,,,784.00,D,6
1786538098624,tesla,2.96,5.20,0,,314.00,,,,784.00,D,6
1786538098626,tesla,2.96,5.20,0,,314.00,,,,784.00,D,6
1786538098629,tesla,2.96,5.20,0,,314.00,,,,784.00,D,6
1786538098632,tesla,2.96,5.20,0,,314.00,,,,784.00,D,6
1786538098635,tesla,2.96,5.20,0,,314.00,,,,784.00,D,6
1786538098635,tesla,2.96,5.20,0,,314.00,,,,784.00,D,6
1786538098638,tesla,2.96,5.20,0,,314.00,,,,784.00,D,6
1786538098640,tesla,2.96,5.20,0,,314.00,,,,784.00,D,6
1786538098643,tesla,2.96,5.20,0,,314.00,,,,784.00,D,6
1786538098643,tesla,2.96,5.20,0,,314.00,,,,784.00,D,6
1786538098646,tesla,2.96,5.20,0,,314.00,,,,784.00,D,6
1786538098649,tesla,2.96,5.20,0,,314.00,,,,784.00,D,6
1786538098652,tesla,2.96,5.20,0,,314.00,,,,784.00,D,6
1786538098654,tesla,2.96,5.20,0,,314.00,,,,784.00,D,6
1786538098657,tesla,2.96,5.20,0,,314.00,,,,784.00,D,6
1786538098657,tesla,2.96,5.20,0,,314.00,,,,784.00,D,6
1786538098660,tesla,2.96,5.20,0,,314.00,,,,784.00,D,6
1786538098663,tesla,2.96,5.20,0,,314.00,,,,784.00,D,6
1786538098665,tesla,2.96,5.20,0,,314.00,,,,784.00,D,6
1786538098668,tesla,2.96,5.20,0,,314.00,,,,784.00,D,6
1786538098671,tesla,2.96,5.20,0,,314.00,,,,784.00,D,6
1786538098674,tesla,2.96,5.20,0,,314.00,,,,784.00,D,6
1786538098677,tesla,2.96,5.20,0,,314.00,,,,784.00,D,6
1786538098677,tesla,2.96,5.20,0,,314.00,,,,784.00,D,6
1786538098679,tesla,2.96,5.20,0,,314.00,,,,784.00,D,6
1786538098682,tesla,2.96,5.20,0,,314.00,,,,784.00,D,6
1786538098685,tesla,2.96,5.20,0,,314.00,,,,784.00,D,6
1786538098688,tesla,2.96,5.20,0,,314.00,,,,784.00,D,6
1786538098690,tesla,2.96,5.20,0,,314.00,,,,784.00,D,6
1786538098691,tesla,2.96,5.20,0,,314.00,,,,784.00,D,6
1786538098693,tesla,2.96,5.20,0,,314.00,,,,784.00,D,6
1786538098696,tesla,2.96,5.20,0,,314.00,,,,784.00,D,6
1786538098699,tesla,2.96,5.20,0,,314.00,,,,784.00,D,6
1786538098702,tesla,2.96,5.20,0,,314.00,,,,784.00,D,6
1786538098704,tesla,2.96,5.20,0,,314.00,,,,784.00,D,6
1786538098707,tesla,2.96,5.20,0,,314.00,,,,784.00,D,6
1786538098707,tesla,2.96,5.20,0,,314.00,,,,784.00,D,6
1786538098710,tesla,2.96,5.20,0,,314.00,,,,784.00,D,6
1786538098713,tesla,2.96,5.20,0,,314.00,,,,784.00,D,6
1786538098715,tesla,2.96,5.20,0,,314.00,,,,784.00,D,6
1786538098718,tesla,2.96,5.20,0,,314.00,,,,784.00,D,6
1786538098718,tesla,2.96,5.20,0,,314.00,,,,784.00,D,6
1786538098721,tesla,2.96,5.20,0,,314.00,,,,784.00,D,6
1786538098724,tesla,2.96,5.20,0,,314.00,,,,784.00,D,6
1786538098726,tesla,2.96,5.20,0,,314.00,,,,784.00,D,6
1786538098729,tesla,2.96,5.20,0,,314.00,,,,784.00,D,6
1786538098732,tesla,2.96,5.20,0,,314.00,,,,784.00,D,6
1786538098735,tesla,2.96,5.20,0,,314.00,,,,784.00,D,6
1786538098738,tesla,2.96,5.20,0,,314.00,,,,784.00,D,6
1786538098738,tesla,2.96,5.20,0,,314.00,,,,784.00,D,6
1786538098740,tesla,2.96,5.20,0,,314.00,,,,784.00,D,6
1786538098741,tesla,2.96,5.20,0,,314.00,,,,784.00,D,6
1786538098743,tesla,2.96,5.20,0,,314.00,,,,784.00,D,6
1786538098746,tesla,2.96,5.20,0,,314.00,,,,784.00,D,6
1786538098749,tesla,2.96,5.20,0,,314.00,,,,784.00,D,6
1786538098749,tesla,2.96,5.20,0,,314.00,,,,784.00,D,6
1786538098752,tesla,2.96,5.20,0,,314.00,,,,784.00,D,6
1786538098754,tesla,2.96,5.20,0,,314.00,,,,784.00,D,6
1786538098757,tesla,2.96,5.20,0,,314.00,,,,784.00,D,6
1786538098757,tesla,2.96,5.20,0,,314.00,,,,784.00,D,6
1786538098760,tesla,2.96,5.20,0,,314.00,,,,784.00,D,6
1786538098763,tesla,2.96,5.20,0,,314.00,,,,784.00,D,6
1786538098763,tesla,2.96,5.20,0,,314.00,,,,784.00,D,6
1786538098765,tesla,2.96,5.20,0,,314.00,,,,784.00,D,6
1786538098768,tesla,2.96,5.20,0,,314.00,,,,784.00,D,6
1786538098771,tesla,2.96,5.20,0,,314.00,,,,784.00,D,6
1786538098774,tesla,2.96,5.20,0,,314.00,,,,784.00,D,6
1786538098774,tesla,2.96,5.20,0,,314.00,,,,784.00,D,6
1786538098776,tesla,2.96,4.80,0,,314.00,,,,784.00,D,6
1786538098779,tesla,2.96,4.80,0,,314.00,,,,784.00,D,6
1786538098782,tesla,2.96,4.80,0,,314.00,,,,784.00,D,6
1786538098785,tesla,2.96,4.80,0,,314.00,,,,784.00,D,6
1786538098788,tesla,3.12,4.80,0,,314.00,,,,784.00,D,6
1786538098790,tesla,3.12,4.80,0,,314.00,,,,784.00,D,6
1786538098793,tesla,3.12,4.80,0,,314.00,,,,784.00,D,6
1786538098793,tesla,3.12,4.80,0,,314.00,,,,784.00,D,6
1786538098796,tesla,3.12,4.80,0,,314.00,,,,784.00,D,6
1786538098799,tesla,3.12,4.80,0,,314.00,,,,784.00,D,6
1786538098802,tesla,3.12,4.80,0,,314.00,,,,784.00,D,6
1786538098804,tesla,3.12,4.80,0,,314.00,,,,784.00,D,6
1786538098807,tesla,3.12,4.80,0,,316.30,,,,784.00,D,6
1786538098810,tesla,3.12,4.80,0,,316.30,,,,784.00,D,6
1786538098813,tesla,3.12,5.20,0,,316.30,,,,784.00,D,6
1786538098813,tesla,3.12,5.20,0,,316.30,,,,784.00,D,6
1786538098815,tesla,3.12,5.20,0,,316.30,,,,784.00,D,6
1786538098818,tesla,3.12,5.20,0,,316.30,,,,784.00,D,6
1786538098821,tesla,3.12,5.20,0,,316.30,,,,784.00,D,6
1786538098824,tesla,3.12,5.20,0,,316.30,,,,784.00,D,6
1786538098826,tesla,3.12,5.20,0,,316.30,,,,784.00,D,6
1786538098829,tesla,3.12,5.20,0,,316.30,,,,784.00,D,6
1786538098829,tesla,3.12,5.20,0,,316.30,,,,784.00,D,6
1786538098832,tesla,3.12,5.20,0,,316.30,,,,784.00,D,6
1786538098835,tesla,3.12,5.20,0,,316.30,,,,784.00,D,6
1786538098838,tesla,3.12,5.20,0,,316.30,,,,784.00,D,6
1786538098840,tesla,3.12,5.20,0,,316.30,,,,784.00,D,6
1786538098843,tesla,3.12,5.20,0,,316.30,,,,784.00,D,6
1786538098843,tesla,3.12,5.20,0,,316.30,,,,784.00,D,6
1786538098846,tesla,3.12,5.20,0,,316.30,,,,784.00,D,6
1786538098846,tesla,3.12,5.20,0,,316.30,,,,784.00,D,6
1786538098849,tesla,3.12,5.20,0,,316.30,,,,784.00,D,6
1786538098852,tesla,3.12,5.20,0,,316.30,,,,784.00,D,6
1786538098854,tesla,3.12,5.20,0,,316.30,,,,784.00,D,6
1786538098855,tesla,3.12,5.20,0,,316.30,,,,784.00,D,6
1786538098857,tesla,3.12,5.20,0,,316.30,,,,784.00,D,6
1786538098860,tesla,3.12,5.20,0,,316.30,,,,784.00,D,6
1786538098863,tesla,3.12,5.20,0,,316.30,,,,784.00,D,6
1786538098865,tesla,3.12,5.20,0,,316.30,,,,784.00,D,6
1786538098868,tesla,3.12,5.20,0,,316.30,,,,784.00,D,6
1786538098871,tesla,3.12,5.20,0,,316.30,,,,784.00,D,6
1786538098874,tesla,3.12,5.20,0,,316.30,,,,784.00,D,6
1786538098874,tesla,3.12,5.20,0,,316.30,,,,784.00,D,6
1786538098877,tesla,3.12,5.20,0,,316.30,,,,784.00,D,6
1786538098879,tesla,3.12,5.20,0,,316.30,,,,784.00,D,6
1786538098882,tesla,3.12,5.20,0,,316.30,,,,784.00,D,6
1786538098885,tesla,3.12,5.20,0,,316.30,,,,784.00,D,6
1786538098888,tesla,3.12,5.20,0,,316.30,,,,784.00,D,6
1786538098888,tesla,3.12,5.20,0,,316.30,,,,784.00,D,6
1786538098890,tesla,3.12,5.20,0,,316.30,,,,784.00,D,6
1786538098893,tesla,3.12,5.20,0,,316.30,,,,784.00,D,6
1786538098896,tesla,3.12,5.20,0,,316.30,,,,784.00,D,6
1786538098899,tesla,3.12,5.20,0,,316.30,,,,784.00,D,6
1786538098899,tesla,3.12,5.20,0,,316.30,,,,784.00,D,6
1786538098902,tesla,3.12,5.20,0,,316.30,,,,784.00,D,6
1786538098904,tesla,3.12,5.20,0,,316.30,,,,784.00,D,6
1786538098907,tesla,3.12,5.20,0,,316.30,,,,784.00,D,6
1786538098910,tesla,3.12,5.20,0,,316.30,,,,784.00,D,6
1786538098913,tesla,3.12,5.20,0,,316.30,,,,784.00,D,6
1786538098913,tesla,3.12,5.20,0,,316.30,,,,784.00,D,6
1786538098915,tesla,3.12,5.20,0,,316.30,,,,784.00,D,6
1786538098918,tesla,3.12,5.20,0,,316.30,,,,784.00,D,6
1786538098921,tesla,3.12,5.20,0,,316.30,,,,784.00,D,6
1786538098921,tesla,3.12,5.20,0,,316.30,,,,784.00,D,6
1786538098924,tesla,3.12,5.20,0,,316.30,,,,784.00,D,6
1786538098926,tesla,3.12,5.20,0,,316.30,,,,784.00,D,6
1786538098929,tesla,3.12,5.20,0,,316.30,,,,784.00,D,6
1786538098929,tesla,3.12,5.20,0,,316.30,,,,784.00,D,6
1786538098932,tesla,3.12,5.20,0,,316.30,,,,784.00,D,6
1786538098935,tesla,3.12,5.20,0,,316.30,,,,784.00,D,6
1786538098938,tesla,3.12,5.20,0,,316.30,,,,784.00,D,6
1786538098938,tesla,3.12,5.20,0,,316.30,,,,784.00,D,6
1786538098940,tesla,3.12,5.20,0,,316.30,,,,784.00,D,6
1786538098943,tesla,3.12,5.20,0,,316.30,,,,784.00,D,6
1786538098943,tesla,3.12,5.20,0,,316.30,,,,784.00,D,6
1786538098946,tesla,3.12,5.20,0,,316.30,,,,784.00,D,6
1786538098949,tesla,3.12,5.20,0,,316.30,,,,784.00,D,6
1786538098952,tesla,3.12,5.20,0,,316.30,,,,784.00,D,6
1786538098952,tesla,3.12,5.20,0,,316.30,,,,784.00,D,6
1786538098954,tesla,3.12,5.20,0,,316.30,,,,784.00,D,6
1786538098957,tesla,3.12,5.20,0,,316.30,,,,784.00,D,6
1786538098960,tesla,3.12,5.20,0,,316.30,,,,784.00,D,6
1786538098960,tesla,3.12,5.20,0,,316.30,,,,784.00,D,6
1786538098963,tesla,3.12,5.20,0,,316.30,,,,784.00,D,6
1786538098965,tesla,3.12,5.20,0,,316.30,,,,784.00,D,6
1786538098968,tesla,3.12,5.20,0,,316.30,,,,784.00,D,6
1786538098971,tesla,3.12,5.20,0,,316.30,,,,784.00,D,6
1786538098974,tesla,3.12,5.20,0,,316.30,,,,784.00,D,6
1786538098974,tesla,3.12,5.20,0,,316.30,,,,784.00,D,6
1786538098976,tesla,3.12,5.20,0,,316.30,,,,784.00,D,6
1786538098979,tesla,3.12,5.20,0,,316.30,,,,784.00,D,6
1786538098982,tesla,3.20,5.20,0,,316.30,,,,784.00,D,6
1786538098985,tesla,3.20,5.20,0,,316.30,,,,784.00,D,6
1786538098988,tesla,3.20,5.20,0,,316.30,,,,784.00,D,6
1786538098990,tesla,3.20,5.20,0,,316.30,,,,784.00,D,6
1786538098993,tesla,3.20,5.20,0,,316.30,,,,784.00,D,6
1786538098993,tesla,3.20,5.20,0,,316.30,,,,784.00,D,6
1786538098996,tesla,3.20,5.20,0,,316.30,,,,784.00,D,6
1786538098999,tesla,3.20,5.20,0,,316.30,,,,784.00,D,6
1786538099002,tesla,3.20,5.20,0,,316.30,,,,784.00,D,6
1786538099004,tesla,3.20,5.20,0,,316.30,,,,784.00,D,6
1786538099007,tesla,3.20,5.20,0,,316.40,,,,784.00,D,6
1786538099010,tesla,3.20,5.20,0,,316.40,,,,784.00,D,6
1786538099013,tesla,3.20,5.20,0,,316.40,,,,784.00,D,6
1786538099013,tesla,3.20,5.20,0,,316.40,,,,784.00,D,6
1786538099015,tesla,3.20,5.20,0,,316.40,,,,784.00,D,6
1786538099018,tesla,3.20,5.20,0,,316.40,,,,784.00,D,6
1786538099021,tesla,3.20,5.20,0,,316.40,,,,784.00,D,6
1786538099024,tesla,3.20,5.20,0,,316.40,,,,784.00,D,6
1786538099026,tesla,3.20,5.20,0,,316.40,,,,784.00,D,6
1786538099029,tesla,3.20,5.20,0,,316.40,,,,784.00,D,6
1786538099032,tesla,3.20,5.20,0,,316.40,,,,784.00,D,6
1786538099032,tesla,3.20,5.20,0,,316.40,,,,784.00,D,6
1786538099035,tesla,3.20,5.20,0,,316.40,,,,784.00,D,6
1786538099038,tesla,3.20,5.20,0,,316.40,,,,784.00,D,6
1786538099040,tesla,3.20,5.20,0,,316.40,,,,784.00,D,6
1786538099043,tesla,3.20,5.20,0,,316.40,,,,784.00,D,6
1786538099046,tesla,3.20,5.20,0,,316.40,,,,784.00,D,6
1786538099049,tesla,3.20,5.20,0,,316.40,,,,784.00,D,6
1786538099049,tesla,3.20,5.20,0,,316.40,,,,784.00,D,6
1786538099052,tesla,3.20,5.20,0,,316.40,,,,784.00,D,6
1786538099054,tesla,3.20,5.20,0,,316.40,,,,784.00,D,6
1786538099057,tesla,3.20,5.20,0,,316.40,,,,784.00,D,6
1786538099060,tesla,3.20,5.20,0,,316.40,,,,784.00,D,6
1786538099063,tesla,3.20,5.20,0,,316.40,,,,784.00,D,6
1786538099063,tesla,3.20,5.20,0,,316.40,,,,784.00,D,6
1786538099065,tesla,3.20,5.20,0,,316.40,,,,784.00,D,6
1786538099068,tesla,3.20,5.20,0,,316.40,,,,784.00,D,6
1786538099068,tesla,3.20,5.20,0,,316.40,,,,784.00,D,6
1786538099071,tesla,3.20,5.20,0,,316.40,,,,784.00,D,6
1786538099074,tesla,3.20,5.20,0,,316.40,,,,784.00,D,6
1786538099076,tesla,3.20,5.20,0,,316.40,,,,784.00,D,6
1786538099079,tesla,3.20,5.20,0,,316.40,,,,784.00,D,6
1786538099082,tesla,3.20,5.20,0,,316.40,,,,784.00,D,6
1786538099085,tesla,3.20,5.20,0,,316.40,,,,784.00,D,6
1786538099088,tesla,3.20,5.20,0,,316.40,,,,784.00,D,6
1786538099088,tesla,3.20,5.20,0,,316.40,,,,784.00,D,6
1786538099090,tesla,3.20,5.20,0,,316.40,,,,784.00,D,6
1786538099093,tesla,3.20,5.20,0,,316.40,,,,784.00,D,6
1786538099096,tesla,3.20,5.20,0,,316.40,,,,784.00,D,6
1786538099099,tesla,3.20,5.20,0,,316.40,,,,784.00,D,6
1786538099102,tesla,3.20,5.20,0,,316.40,,,,784.00,D,6
1786538099102,tesla,3.20,5.20,0,,316.40,,,,784.00,D,6
1786538099104,tesla,3.20,5.20,0,,316.40,,,,784.00,D,6
1786538099107,tesla,3.20,5.20,0,,316.40,,,,784.00,D,6
1786538099110,tesla,3.20,5.20,0,,316.40,,,,784.00,D,6
1786538099113,tesla,3.20,5.20,0,,316.40,,,,784.00,D,6
1786538099113,tesla,3.20,5.20,0,,316.40,,,,784.00,D,6
1786538099115,tesla,3.20,5.20,0,,316.40,,,,784.00,D,6
1786538099118,tesla,3.20,5.20,0,,316.40,,,,784.00,D,6
1786538099121,tesla,3.20,5.20,0,,316.40,,,,784.00,D,6
1786538099121,tesla,3.20,5.20,0,,316.40,,,,784.00,D,6
1786538099124,tesla,3.20,5.20,0,,316.40,,,,784.00,D,6
1786538099126,tesla,3.20,5.20,0,,316.40,,,,784.00,D,6
1786538099127,tesla,3.20,5.20,0,,316.40,,,,784.00,D,6
1786538099129,tesla,3.20,5.20,0,,316.40,,,,784.00,D,6
1786538099132,tesla,3.20,5.20,0,,316.40,,,,784.00,D,6
1786538099135,tesla,3.20,5.20,0,,316.40,,,,784.00,D,6
1786538099135,tesla,3.20,5.20,0,,316.40,,,,784.00,D,6
1786538099138,tesla,3.20,5.20,0,,316.40,,,,784.00,D,6
1786538099140,tesla,3.20,5.20,0,,316.40,,,,784.00,D,6
1786538099143,tesla,3.20,5.20,0,,316.40,,,,784.00,D,6
1786538099146,tesla,3.20,5.20,0,,316.40,,,,784.00,D,6
1786538099146,tesla,3.20,5.20,0,,316.40,,,,784.00,D,6
1786538099149,tesla,3.20,5.20,0,,316.40,,,,784.00,D,6
1786538099149,tesla,3.20,5.20,0,,316.40,,,,784.00,D,6
1786538099152,tesla,3.20,5.20,0,,316.40,,,,784.00,D,6
1786538099154,tesla,3.20,5.20,0,,316.40,,,,784.00,D,6
1786538099157,tesla,3.20,5.20,0,,316.40,,,,784.00,D,6
1786538099157,tesla,3.20,5.20,0,,316.40,,,,784.00,D,6
1786538099160,tesla,3.20,4.80,0,,316.40,,,,784.00,D,6
1786538099163,tesla,3.20,4.80,0,,316.40,,,,784.00,D,6
1786538099165,tesla,3.20,4.80,0,,316.40,,,,784.00,D,6
1786538099168,tesla,3.20,4.80,0,,316.40,,,,784.00,D,6
1786538099171,tesla,3.20,4.80,0,,316.40,,,,784.00,D,6
1786538099174,tesla,3.20,4.80,0,,316.40,,,,784.00,D,6
1786538099174,tesla,3.20,4.80,0,,316.40,,,,784.00,D,6
1786538099177,tesla,3.20,4.80,0,,316.40,,,,784.00,D,6
1786538099179,tesla,3.20,4.80,0,,316.40,,,,784.00,D,6
1786538099182,tesla,3.20,4.80,0,,316.40,,,,784.00,D,6
1786538099185,tesla,3.28,4.80,0,,316.40,,,,784.00,D,6
1786538099188,tesla,3.28,4.80,0,,316.40,,,,784.00,D,6
1786538099188,tesla,3.28,4.80,0,,316.40,,,,784.00,D,6
1786538099190,tesla,3.28,4.80,0,,316.40,,,,784.00,D,6
1786538099193,tesla,3.28,4.80,0,,316.40,,,,784.00,D,6
1786538099196,tesla,3.28,4.80,0,,314.90,,,,784.00,D,6
1786538099199,tesla,3.28,4.80,0,,314.90,,,,784.00,D,6
1786538099202,tesla,3.28,4.80,0,,314.90,,,,784.00,D,6
1786538099204,tesla,3.28,4.80,0,,314.90,,,,784.00,D,6
1786538099207,tesla,3.28,4.80,0,,314.80,,,,784.00,D,6
1786538099207,tesla,3.28,4.80,0,,314.80,,,,784.00,D,6
1786538099210,tesla,3.28,4.80,0,,314.60,,,,784.00,D,6
1786538099213,tesla,3.28,4.80,0,,314.60,,,,784.00,D,6
1786538099215,tesla,3.28,4.80,0,,314.60,,,,784.00,D,6
1786538099218,tesla,3.28,4.80,0,,314.60,,,,784.00,D,6
1786538099218,tesla,3.28,4.80,0,,314.60,,,,784.00,D,6
1786538099221,tesla,3.28,4.80,0,,314.60,,,,784.00,D,6
1786538099224,tesla,3.28,4.80,0,,314.60,,,,784.00,D,6
1786538099226,tesla,3.28,4.80,0,,314.60,,,,784.00,D,6
1786538099229,tesla,3.28,4.80,0,,314.60,,,,784.00,D,6
1786538099229,tesla,3.28,4.80,0,,314.60,,,,784.00,D,6
1786538099232,tesla,3.28,4.80,0,,314.60,,,,784.00,D,6
1786538099235,tesla,3.28,4.80,0,,314.60,,,,784.00,D,6
1786538099238,tesla,3.28,4.80,0,,314.60,,,,784.00,D,6
1786538099240,tesla,3.28,4.80,0,,314.60,,,,784.00,D,6
1786538099241,tesla,3.28,4.80,0,,314.60,,,,784.00,D,6
1786538099243,tesla,3.28,4.80,0,,314.60,,,,784.00,D,6
1786538099246,tesla,3.28,4.80,0,,314.60,,,,784.00,D,6
1786538099249,tesla,3.28,4.80,0,,314.60,,,,784.00,D,6
1786538099252,tesla,3.28,4.80,0,,314.60,,,,784.00,D,6
1786538099252,tesla,3.28,4.80,0,,314.60,,,,784.00,D,6
1786538099254,tesla,3.28,4.80,0,,314.60,,,,784.00,D,6
1786538099257,tesla,3.28,4.80,0,,314.60,,,,784.00,D,6
1786538099260,tesla,3.28,4.80,0,,314.60,,,,784.00,D,6
1786538099263,tesla,3.28,4.80,0,,314.60,,,,784.00,D,6
1786538099263,tesla,3.28,4.80,0,,314.60,,,,784.00,D,6
1786538099265,tesla,3.28,4.80,0,,314.60,,,,784.00,D,6
1786538099268,tesla,3.28,4.80,0,,314.60,,,,784.00,D,6
1786538099271,tesla,3.28,4.80,0,,314.60,,,,784.00,D,6
1786538099274,tesla,3.28,4.80,0,,314.60,,,,784.00,D,6
1786538099276,tesla,3.28,4.80,0,,314.60,,,,784.00,D,6
1786538099277,tesla,3.28,4.80,0,,314.60,,,,784.00,D,6
1786538099279,tesla,3.28,4.80,0,,314.60,,,,784.00,D,6
1786538099282,tesla,3.28,4.80,0,,314.60,,,,784.00,D,6
1786538099285,tesla,3.28,4.80,0,,314.60,,,,784.00,D,6
1786538099288,tesla,3.28,4.80,0,,314.60,,,,784.00,D,6
1786538099288,tesla,3.28,4.80,0,,314.60,,,,784.00,D,6
1786538099290,tesla,3.28,4.80,0,,314.60,,,,784.00,D,6
1786538099293,tesla,3.28,4.80,0,,314.60,,,,784.00,D,6
1786538099296,tesla,3.28,4.80,0,,314.60,,,,784.00,D,6
1786538099296,tesla,3.28,4.80,0,,314.60,,,,784.00,D,6
1786538099299,tesla,3.28,4.80,0,,314.60,,,,784.00,D,6
1786538099302,tesla,3.28,4.80,0,,314.60,,,,784.00,D,6
1786538099304,tesla,3.28,4.80,0,,314.60,,,,784.00,D,6
1786538099307,tesla,3.28,4.80,0,,314.60,,,,784.00,D,6
1786538099310,tesla,3.28,4.80,0,,314.60,,,,784.00,D,6
1786538099310,tesla,3.28,4.80,0,,314.60,,,,784.00,D,6
1786538099313,tesla,3.28,4.80,0,,314.60,,,,784.00,D,6
1786538099313,tesla,3.28,4.80,0,,314.60,,,,784.00,D,6
1786538099315,tesla,3.28,4.80,0,,314.60,,,,784.00,D,6
1786538099318,tesla,3.28,4.80,0,,314.60,,,,784.00,D,6
1786538099321,tesla,3.28,4.80,0,,314.60,,,,784.00,D,6
1786538099324,tesla,3.28,4.80,0,,314.60,,,,784.00,D,6
1786538099326,tesla,3.28,4.80,0,,314.60,,,,784.00,D,6
1786538099329,tesla,3.28,4.80,0,,314.60,,,,784.00,D,6
1786538099329,tesla,3.28,4.80,0,,314.60,,,,784.00,D,6
1786538099332,tesla,3.28,4.80,0,,314.60,,,,784.00,D,6
1786538099335,tesla,3.28,4.80,0,,314.60,,,,784.00,D,6
1786538099338,tesla,3.28,4.80,0,,314.60,,,,784.00,D,6
1786538099338,tesla,3.28,4.80,0,,314.60,,,,784.00,D,6
1786538099340,tesla,3.28,4.80,0,,314.60,,,,784.00,D,6
1786538099343,tesla,3.28,4.80,0,,314.60,,,,784.00,D,6
1786538099346,tesla,3.28,4.80,0,,314.60,,,,784.00,D,6
1786538099349,tesla,3.28,4.80,0,,314.60,,,,784.00,D,6
1786538099352,tesla,3.28,4.80,0,,314.60,,,,784.00,D,6
1786538099352,tesla,3.28,4.80,0,,314.60,,,,784.00,D,6
1786538099354,tesla,3.28,4.80,0,,314.60,,,,784.00,D,6
1786538099357,tesla,3.28,4.80,0,,314.60,,,,784.00,D,6
1786538099360,tesla,3.28,4.80,0,,314.60,,,,784.00,D,6
1786538099363,tesla,3.28,4.80,0,,314.60,,,,784.00,D,6
1786538099363,tesla,3.20,4.80,0,,314.60,,,,784.00,D,6
1786538099365,tesla,3.20,4.80,0,,314.60,,,,784.00,D,6
1786538099368,tesla,3.20,4.80,0,,314.60,,,,784.00,D,6
1786538099371,tesla,3.20,4.80,0,,314.60,,,,784.00,D,6
1786538099374,tesla,3.20,4.80,0,,314.60,,,,784.00,D,6
1786538099377,tesla,3.20,4.80,0,,314.60,,,,784.00,D,6
1786538099379,tesla,3.20,4.80,0,,313.20,,,,784.00,D,6
1786538099379,tesla,3.20,4.80,0,,313.20,,,,440.00,D,6
1786538099382,tesla,3.20,4.80,0,,313.20,,,,440.00,D,6
1786538099385,tesla,3.20,4.80,0,,313.10,,,,440.00,D,6
1786538099385,tesla,3.20,4.80,0,,313.10,,,,440.00,D,6
1786538099388,tesla,3.20,4.80,0,,313.10,,,,440.00,D,6
1786538099390,tesla,3.20,4.80,0,,313.10,,,,440.00,D,6
1786538099393,tesla,3.20,4.80,0,,313.10,,,,440.00,D,6
1786538099396,tesla,3.20,4.80,0,,313.10,,,,440.00,D,6
1786538099396,tesla,3.20,4.80,0,,313.10,,,,440.00,D,6
1786538099399,tesla,3.20,4.80,0,,313.10,,,,440.00,D,6
1786538099402,tesla,3.20,4.80,0,,313.10,,,,440.00,D,6
1786538099404,tesla,3.20,4.80,0,,313.10,,,,440.00,D,6
1786538099407,tesla,3.20,4.80,0,,313.10,,,,440.00,D,6
1786538099410,tesla,3.20,4.80,0,,313.10,,,,440.00,D,6
1786538099410,tesla,3.20,4.80,0,,313.10,,,,440.00,D,6
1786538099413,tesla,3.20,4.80,0,,313.10,,,,440.00,D,6
1786538099415,tesla,3.20,4.80,0,,313.10,,,,440.00,D,6
1786538099418,tesla,3.20,4.80,0,,313.10,,,,440.00,D,6
1786538099421,tesla,3.20,4.80,0,,313.10,,,,440.00,D,6
1786538099424,tesla,3.20,4.80,0,,313.10,,,,440.00,D,6
1786538099426,tesla,3.20,4.80,0,,313.10,,,,440.00,D,6
1786538099427,tesla,3.20,4.80,0,,313.10,,,,440.00,D,6
1786538099427,tesla,3.20,4.80,0,,313.10,,,,440.00,D,6
1786538099429,tesla,3.20,4.80,0,,313.10,,,,440.00,D,6
1786538099432,tesla,3.20,4.80,0,,313.10,,,,440.00,D,6
1786538099435,tesla,3.20,4.80,0,,313.10,,,,440.00,D,6
1786538099438,tesla,3.20,4.80,0,,313.10,,,,440.00,D,6
1786538099440,tesla,3.20,4.80,0,,313.10,,,,440.00,D,6
1786538099440,tesla,3.20,4.80,0,,313.10,,,,440.00,D,6
1786538099443,tesla,3.20,4.80,0,,313.10,,,,440.00,D,6
1786538099446,tesla,3.20,4.80,0,,313.10,,,,440.00,D,6
1786538099446,tesla,3.20,4.80,0,,313.10,,,,440.00,D,6
1786538099449,tesla,3.20,4.80,0,,313.10,,,,440.00,D,6
1786538099452,tesla,3.20,4.80,0,,313.10,,,,440.00,D,6
1786538099454,tesla,3.20,4.80,0,,313.10,,,,440.00,D,6
1786538099457,tesla,3.20,4.80,0,,313.10,,,,440.00,D,6
1786538099460,tesla,3.20,4.80,0,,313.10,,,,440.00,D,6
1786538099463,tesla,3.20,4.80,0,,313.10,,,,440.00,D,6
1786538099463,tesla,3.20,4.80,0,,313.10,,,,440.00,D,6
1786538099465,tesla,3.20,4.80,0,,313.10,,,,440.00,D,6
1786538099468,tesla,3.20,4.80,0,,313.10,,,,440.00,D,6
1786538099471,tesla,3.20,4.80,0,,313.10,,,,440.00,D,6
1786538099471,tesla,3.20,4.80,0,,313.10,,,,440.00,D,6
1786538099474,tesla,3.20,4.80,0,,313.10,,,,440.00,D,6
1786538099476,tesla,3.20,4.80,0,,313.10,,,,440.00,D,6
1786538099479,tesla,3.20,4.80,0,,313.10,,,,440.00,D,6
1786538099482,tesla,3.20,4.80,0,,313.10,,,,440.00,D,6
1786538099485,tesla,3.20,4.80,0,,313.10,,,,440.00,D,6
1786538099485,tesla,3.20,4.80,0,,313.10,,,,440.00,D,6
1786538099488,tesla,3.20,4.80,0,,313.10,,,,440.00,D,6
1786538099490,tesla,3.20,4.80,0,,313.10,,,,440.00,D,6
1786538099493,tesla,3.20,4.80,0,,313.10,,,,440.00,D,6
1786538099496,tesla,3.20,4.80,0,,313.10,,,,440.00,D,6
1786538099499,tesla,3.20,4.80,0,,313.10,,,,440.00,D,6
1786538099502,tesla,3.20,4.80,0,,313.10,,,,440.00,D,6
1786538099502,tesla,3.20,4.80,0,,313.10,,,,440.00,D,6
1786538099504,tesla,3.20,4.80,0,,313.10,,,,440.00,D,6
1786538099507,tesla,3.20,4.80,0,,313.10,,,,440.00,D,6
1786538099510,tesla,3.20,4.80,0,,313.10,,,,440.00,D,6
1786538099513,tesla,3.20,4.80,0,,313.10,,,,440.00,D,6
1786538099515,tesla,3.20,4.80,0,,313.10,,,,440.00,D,6
1786538099515,tesla,3.20,4.80,0,,313.10,,,,440.00,D,6
1786538099518,tesla,3.20,4.80,0,,313.10,,,,440.00,D,6
1786538099521,tesla,3.20,4.80,0,,313.10,,,,440.00,D,6
1786538099524,tesla,3.20,4.80,0,,313.10,,,,440.00,D,6
1786538099526,tesla,3.20,4.80,0,,313.10,,,,440.00,D,6
1786538099527,tesla,3.20,4.80,0,,313.10,,,,440.00,D,6
1786538099529,tesla,3.20,4.80,0,,313.10,,,,440.00,D,6
1786538099532,tesla,3.20,4.80,0,,313.10,,,,440.00,D,6
1786538099532,tesla,3.20,4.80,0,,313.10,,,,440.00,D,6
1786538099535,tesla,3.20,4.80,0,,313.10,,,,440.00,D,6
1786538099538,tesla,3.20,4.80,0,,313.10,,,,440.00,D,6
1786538099540,tesla,3.20,4.80,0,,313.10,,,,440.00,D,6
1786538099543,tesla,3.20,4.80,0,,313.10,,,,440.00,D,6
1786538099546,tesla,3.20,4.80,0,,313.10,,,,440.00,D,6
1786538099549,tesla,3.20,4.80,0,,313.10,,,,440.00,D,6
1786538099549,tesla,3.20,4.80,0,,313.10,,,,440.00,D,6
1786538099552,tesla,3.20,4.80,0,,313.10,,,,440.00,D,6
1786538099554,tesla,3.20,4.80,0,,313.10,,,,440.00,D,6
1786538099557,tesla,3.20,4.80,0,,308.70,,,,440.00,D,6
1786538099560,tesla,3.20,4.80,0,,308.70,,,,440.00,D,6
1786538099563,tesla,3.20,4.80,0,,308.30,,,,440.00,D,6
1786538099565,tesla,3.20,4.80,0,,308.30,,,,440.00,D,6
1786538099566,tesla,3.20,4.80,0,,308.30,,,,440.00,D,6
1786538099568,tesla,3.20,4.80,0,,308.30,,,,440.00,D,6
1786538099571,tesla,3.20,4.80,0,,308.30,,,,440.00,D,6
1786538099574,tesla,3.20,4.80,0,,308.30,,,,440.00,D,6
1786538099577,tesla,3.20,4.80,0,,308.30,,,,440.00,D,6
1786538099577,tesla,3.20,4.80,0,,308.30,,,,440.00,D,6
1786538099579,tesla,3.20,4.80,0,,308.30,,,,440.00,D,6
1786538099582,tesla,3.20,4.80,0,,308.30,,,,440.00,D,6
1786538099582,tesla,3.20,4.80,0,,308.30,,,,440.00,D,6
1786538099585,tesla,3.20,4.80,0,,308.30,,,,440.00,D,6
1786538099588,tesla,3.20,4.80,0,,308.30,,,,440.00,D,6
1786538099590,tesla,3.20,4.80,0,,308.30,,,,440.00,D,6
1786538099590,tesla,3.20,4.80,0,,308.30,,,,440.00,D,6
1786538099593,tesla,3.20,4.80,0,,308.30,,,,440.00,D,6
1786538099596,tesla,3.20,4.80,0,,308.30,,,,440.00,D,6
1786538099599,tesla,3.20,4.80,0,,308.30,,,,440.00,D,6
1786538099602,tesla,3.20,4.80,0,,308.30,,,,440.00,D,6
1786538099604,tesla,3.20,4.80,0,,308.30,,,,440.00,D,6
1786538099607,tesla,3.20,4.80,0,,308.30,,,,440.00,D,6
1786538099607,tesla,3.20,4.80,0,,308.30,,,,440.00,D,6
1786538099610,tesla,3.20,4.80,0,,308.30,,,,440.00,D,6
1786538099613,tesla,3.20,4.80,0,,308.30,,,,440.00,D,6
1786538099615,tesla,3.20,4.80,0,,308.30,,,,440.00,D,6
1786538099616,tesla,3.20,4.80,0,,308.30,,,,440.00,D,6
1786538099618,tesla,3.20,4.80,0,,308.30,,,,440.00,D,6
1786538099621,tesla,3.20,4.80,0,,308.30,,,,440.00,D,6
1786538099621,tesla,3.20,4.80,0,,308.30,,,,440.00,D,6
1786538099624,tesla,3.20,4.80,0,,308.30,,,,440.00,D,6
1786538099626,tesla,3.20,4.80,0,,308.30,,,,440.00,D,6
1786538099629,tesla,3.20,4.80,0,,308.30,,,,440.00,D,6
1786538099632,tesla,3.20,4.80,0,,308.30,,,,440.00,D,6
1786538099635,tesla,3.20,4.80,0,,308.30,,,,440.00,D,6
1786538099638,tesla,3.20,4.80,0,,308.30,,,,440.00,D,6
1786538099638,tesla,3.20,4.80,0,,308.30,,,,440.00,D,6
1786538099640,tesla,3.20,4.80,0,,308.30,,,,440.00,D,6
1786538099643,tesla,3.20,4.80,0,,308.30,,,,440.00,D,6
1786538099646,tesla,3.20,4.80,0,,308.30,,,,440.00,D,6
1786538099646,tesla,3.20,4.80,0,,308.30,,,,440.00,D,6
1786538099649,tesla,3.20,4.80,0,,308.30,,,,440.00,D,6
1786538099652,tesla,3.20,4.80,0,,308.30,,,,440.00,D,6
1786538099654,tesla,3.20,4.80,0,,308.30,,,,440.00,D,6
1786538099657,tesla,3.20,4.80,0,,308.30,,,,440.00,D,6
1786538099660,tesla,3.20,4.80,0,,308.30,,,,440.00,D,6
1786538099660,tesla,3.20,4.80,0,,308.30,,,,440.00,D,6
1786538099663,tesla,3.20,4.80,0,,308.30,,,,440.00,D,6
1786538099665,tesla,3.20,4.80,0,,308.30,,,,440.00,D,6
1786538099668,tesla,3.20,4.80,0,,308.30,,,,440.00,D,6
1786538099668,tesla,3.20,4.80,0,,308.30,,,,440.00,D,6
1786538099671,tesla,3.20,4.80,0,,308.30,,,,440.00,D,6
1786538099674,tesla,3.20,4.80,0,,308.30,,,,440.00,D,6
1786538099676,tesla,3.20,4.80,0,,308.30,,,,440.00,D,6
1786538099679,tesla,3.20,4.80,0,,308.30,,,,440.00,D,6
1786538099682,tesla,3.20,4.80,0,,308.30,,,,440.00,D,6
1786538099682,tesla,3.20,4.80,0,,308.30,,,,440.00,D,6
1786538099685,tesla,3.20,4.80,0,,308.30,,,,440.00,D,6
1786538099688,tesla,3.20,4.80,0,,308.30,,,,440.00,D,6
1786538099690,tesla,3.20,4.80,0,,308.30,,,,440.00,D,6
1786538099693,tesla,3.20,4.80,0,,308.30,,,,440.00,D,6
1786538099696,tesla,3.20,4.80,0,,308.30,,,,440.00,D,6
1786538099696,tesla,3.20,4.80,0,,308.30,,,,440.00,D,6
1786538099699,tesla,3.20,4.80,0,,308.30,,,,440.00,D,6
1786538099702,tesla,3.20,4.80,0,,308.30,,,,440.00,D,6
1786538099704,tesla,3.20,4.80,0,,308.30,,,,440.00,D,6
1786538099707,tesla,3.20,4.80,0,,308.30,,,,440.00,D,6
1786538099710,tesla,3.20,4.80,0,,308.30,,,,440.00,D,6
1786538099713,tesla,3.20,4.80,0,,308.30,,,,440.00,D,6
1786538099713,tesla,3.20,4.80,0,,308.30,,,,440.00,D,6
1786538099715,tesla,3.20,4.80,0,,308.30,,,,440.00,D,6
1786538099718,tesla,3.20,4.80,0,,308.30,,,,440.00,D,6
1786538099721,tesla,3.20,4.80,0,,308.30,,,,440.00,D,6
1786538099724,tesla,3.20,4.80,0,,308.30,,,,440.00,D,6
1786538099727,tesla,3.20,4.80,0,,308.30,,,,440.00,D,6
1786538099727,tesla,3.20,4.80,0,,308.30,,,,440.00,D,6
1786538099729,tesla,3.20,4.80,0,,308.30,,,,440.00,D,6
1786538099732,tesla,3.20,4.80,0,,308.30,,,,440.00,D,6
1786538099735,tesla,3.20,4.80,0,,308.30,,,,440.00,D,6
1786538099738,tesla,3.20,4.80,0,,308.30,,,,440.00,D,6
1786538099740,tesla,3.20,4.80,0,,308.30,,,,440.00,D,6
1786538099743,tesla,3.20,4.80,0,,308.30,,,,440.00,D,6
1786538099746,tesla,3.20,4.80,0,,308.30,,,,440.00,D,6
1786538099746,tesla,3.20,4.80,0,,308.30,,,,440.00,D,6
1786538099749,tesla,3.20,4.80,0,,308.30,,,,440.00,D,6
1786538099752,tesla,3.20,4.80,0,,308.30,,,,440.00,D,6
1786538099754,tesla,3.20,4.80,0,,308.30,,,,440.00,D,6
1786538099757,tesla,3.20,4.80,0,,297.50,,,,440.00,D,6
1786538099760,tesla,3.20,4.80,0,,297.50,,,,440.00,D,6
1786538099763,tesla,3.20,4.80,0,,296.70,,,,440.00,D,6
1786538099765,tesla,3.20,4.80,0,,296.70,,,,440.00,D,6
1786538099766,tesla,3.20,4.80,0,,296.70,,,,440.00,D,6
1786538099768,tesla,3.20,4.80,0,,296.70,,,,440.00,D,6
1786538099771,tesla,3.20,4.80,0,,296.70,,,,440.00,D,6
1786538099774,tesla,3.20,4.80,0,,296.70,,,,440.00,D,6
1786538099774,tesla,3.20,4.80,0,,296.70,,,,440.00,D,6
1786538099777,tesla,3.20,4.80,0,,296.70,,,,440.00,D,6
1786538099779,tesla,3.20,4.80,0,,296.70,,,,440.00,D,6
1786538099782,tesla,3.20,4.80,0,,296.70,,,,440.00,D,6
1786538099785,tesla,3.20,4.80,0,,296.70,,,,440.00,D,6
1786538099788,tesla,3.20,4.80,0,,296.70,,,,440.00,D,6
1786538099788,tesla,3.20,4.80,0,,296.70,,,,440.00,D,6
1786538099790,tesla,3.20,4.80,0,,296.70,,,,440.00,D,6
1786538099793,tesla,3.20,4.80,0,,296.70,,,,440.00,D,6
1786538099796,tesla,3.20,4.80,0,,296.70,,,,440.00,D,6
1786538099799,tesla,3.20,4.80,0,,296.70,,,,440.00,D,6
1786538099802,tesla,3.20,4.80,0,,296.70,,,,440.00,D,6
1786538099804,tesla,3.20,4.80,0,,296.70,,,,440.00,D,6
1786538099805,tesla,3.20,4.80,0,,296.70,,,,440.00,D,6
1786538099807,tesla,3.20,4.80,0,,296.70,,,,440.00,D,6
1786538099810,tesla,3.20,4.80,0,,296.70,,,,440.00,D,6
1786538099813,tesla,3.20,4.80,0,,296.70,,,,440.00,D,6
1786538099815,tesla,3.20,4.80,0,,296.70,,,,440.00,D,6
1786538099818,tesla,3.20,4.80,0,,296.70,,,,440.00,D,6
1786538099821,tesla,3.20,4.80,0,,296.70,,,,440.00,D,6
1786538099821,tesla,3.20,4.80,0,,296.70,,,,440.00,D,6
1786538099824,tesla,3.20,4.80,0,,296.70,,,,440.00,D,6
1786538099827,tesla,3.20,4.80,0,,296.70,,,,440.00,D,6
1786538099827,tesla,3.20,4.80,0,,296.70,,,,440.00,D,6
1786538099829,tesla,3.20,4.80,0,,296.70,,,,440.00,D,6
1786538099832,tesla,3.20,4.80,0,,296.70,,,,440.00,D,6
1786538099832,tesla,3.20,4.80,0,,296.70,,,,440.00,D,6
1786538099835,tesla,3.20,4.80,0,,296.70,,,,440.00,D,6
1786538099838,tesla,3.20,4.80,0,,296.70,,,,440.00,D,6
1786538099840,tesla,3.20,4.80,0,,296.70,,,,440.00,D,6
1786538099840,tesla,3.20,4.80,0,,296.70,,,,440.00,D,6
1786538099843,tesla,3.20,4.80,0,,296.70,,,,440.00,D,6
1786538099846,tesla,3.20,4.80,0,,296.70,,,,440.00,D,6
1786538099849,tesla,3.20,4.80,0,,296.70,,,,440.00,D,6
1786538099852,tesla,3.20,4.80,0,,296.70,,,,440.00,D,6
1786538099852,tesla,3.20,4.80,0,,296.70,,,,440.00,D,6
1786538099854,tesla,3.20,4.80,0,,296.70,,,,440.00,D,6
1786538099857,tesla,3.20,4.80,0,,296.70,,,,440.00,D,6
1786538099857,tesla,3.20,4.80,0,,296.70,,,,440.00,D,6
1786538099860,tesla,3.20,4.80,0,,296.70,,,,440.00,D,6
1786538099863,tesla,3.20,4.80,0,,296.70,,,,440.00,D,6
1786538099863,tesla,3.20,4.80,0,,296.70,,,,440.00,D,6
1786538099865,tesla,3.20,4.80,0,,296.70,,,,440.00,D,6
1786538099868,tesla,3.20,4.80,0,,296.70,,,,440.00,D,6
1786538099871,tesla,3.20,4.80,0,,296.70,,,,440.00,D,6
1786538099874,tesla,3.20,4.80,0,,296.70,,,,440.00,D,6
1786538099876,tesla,3.20,4.80,0,,296.70,,,,440.00,D,6
1786538099877,tesla,3.20,4.80,0,,296.70,,,,440.00,D,6
1786538099879,tesla,3.20,4.80,0,,296.70,,,,440.00,D,6
1786538099882,tesla,3.20,4.80,0,,296.70,,,,440.00,D,6
1786538099885,tesla,3.20,4.80,0,,296.70,,,,440.00,D,6
1786538099888,tesla,3.20,4.80,0,,296.70,,,,440.00,D,6
1786538099890,tesla,3.20,4.80,0,,296.70,,,,440.00,D,6
1786538099893,tesla,3.20,4.80,0,,296.70,,,,440.00,D,6
1786538099893,tesla,3.20,4.80,0,,296.70,,,,440.00,D,6
1786538099896,tesla,3.20,4.80,0,,296.70,,,,440.00,D,6
1786538099899,tesla,3.20,4.80,0,,296.70,,,,440.00,D,6
1786538099902,tesla,3.20,4.80,0,,296.70,,,,440.00,D,6
1786538099904,tesla,3.20,4.80,0,,296.70,,,,440.00,D,6
1786538099907,tesla,3.20,4.80,0,,296.70,,,,440.00,D,6
1786538099907,tesla,3.20,4.80,0,,296.70,,,,440.00,D,6
1786538099910,tesla,3.20,4.80,0,,296.70,,,,440.00,D,6
1786538099913,tesla,3.20,4.80,0,,296.70,,,,440.00,D,6
1786538099915,tesla,3.20,4.80,0,,296.70,,,,440.00,D,6
1786538099918,tesla,3.20,4.80,0,,296.70,,,,440.00,D,6
1786538099921,tesla,3.20,4.80,0,,296.70,,,,440.00,D,6
1786538099924,tesla,3.20,4.80,0,,296.70,,,,440.00,D,6
1786538099924,tesla,3.20,4.80,0,,296.70,,,,440.00,D,6
1786538099927,tesla,3.20,4.80,0,,296.70,,,,440.00,D,6
1786538099929,tesla,3.20,4.80,0,,296.70,,,,440.00,D,6
1786538099932,tesla,3.20,4.80,0,,296.70,,,,440.00,D,6
1786538099935,tesla,3.20,4.80,0,,296.70,,,,440.00,D,6
1786538099938,tesla,3.20,4.80,0,,296.70,,,,440.00,D,6
1786538099940,tesla,3.20,4.80,0,,296.70,,,,440.00,D,6
1786538099943,tesla,3.20,4.80,0,,296.70,,,,440.00,D,6
1786538099943,tesla,3.20,4.80,0,,296.70,,,,440.00,D,6
1786538099946,tesla,3.20,4.80,0,,296.70,,,,440.00,D,6
1786538099949,tesla,3.20,4.80,0,,296.70,,,,440.00,D,6
1786538099952,tesla,3.20,4.80,0,,296.70,,,,440.00,D,6
1786538099954,tesla,3.20,4.80,0,,281.30,,,,440.00,D,6
1786538099957,tesla,3.20,4.80,0,,281.30,,,,440.00,D,6
1786538099957,tesla,3.20,4.80,0,,281.30,,,,440.00,D,6
1786538099960,tesla,3.20,4.80,0,,280.50,,,,440.00,D,6
1786538099963,tesla,3.20,4.80,0,,280.50,,,,440.00,D,6
1786538099965,tesla,3.20,4.80,0,,280.50,,,,440.00,D,6
1786538099968,tesla,3.20,4.80,0,,280.50,,,,440.00,D,6
1786538099968,tesla,3.20,4.80,0,,280.50,,,,440.00,D,6
1786538099971,tesla,3.20,4.80,0,,280.50,,,,440.00,D,6
1786538099974,tesla,3.20,4.80,0,,280.50,,,,440.00,D,6
1786538099977,tesla,3.20,4.80,0,,280.50,,,,440.00,D,6
1786538099979,tesla,3.20,4.80,0,,280.50,,,,440.00,D,6
1786538099979,tesla,3.20,4.80,0,,280.50,,,,440.00,D,6
1786538099982,tesla,3.20,4.80,0,,280.50,,,,440.00,D,6
1786538099985,tesla,3.20,4.80,0,,280.50,,,,440.00,D,6
1786538099988,tesla,3.20,4.80,0,,280.50,,,,440.00,D,6
1786538099990,tesla,3.20,4.80,0,,280.50,,,,440.00,D,6
1786538099991,tesla,3.20,4.80,0,,280.50,,,,440.00,D,6
1786538099993,tesla,3.20,4.80,0,,280.50,,,,440.00,D,6
1786538099996,tesla,3.20,4.80,0,,280.50,,,,440.00,D,6
1786538099999,tesla,3.20,4.80,0,,280.50,,,,440.00,D,6
1786538100002,tesla,3.20,4.80,0,,280.50,,,,440.00,D,6
1786538100004,tesla,3.20,4.80,0,,280.50,,,,440.00,D,6
1786538100007,tesla,3.20,4.80,0,,280.50,,,,440.00,D,6
1786538100007,tesla,3.20,4.80,0,,280.50,,,,440.00,D,6
1786538100010,tesla,3.20,4.80,0,,280.50,,,,440.00,D,6
1786538100013,tesla,3.20,4.80,0,,280.50,,,,440.00,D,6
1786538100015,tesla,3.20,4.80,0,,280.50,,,,440.00,D,6
1786538100016,tesla,3.20,4.80,0,,280.50,,,,440.00,D,6
1786538100018,tesla,3.20,4.80,0,,280.50,,,,440.00,D,6
1786538100021,tesla,3.20,4.80,0,,280.50,,,,440.00,D,6
1786538100021,tesla,3.20,4.80,0,,280.50,,,,440.00,D,6
1786538100024,tesla,3.20,4.80,0,,280.50,,,,440.00,D,6
1786538100027,tesla,3.20,4.80,0,,280.50,,,,440.00,D,6
1786538100027,tesla,3.20,4.80,0,,280.50,,,,440.00,D,6
1786538100029,tesla,3.20,4.80,0,,280.50,,,,440.00,D,6
1786538100032,tesla,3.20,4.80,0,,280.50,,,,440.00,D,6
1786538100035,tesla,3.20,4.80,0,,280.50,,,,440.00,D,6
1786538100035,tesla,3.20,4.80,0,,280.50,,,,440.00,D,6
1786538100038,tesla,3.20,4.80,0,,280.50,,,,440.00,D,6
1786538100040,tesla,3.20,4.80,0,,280.50,,,,440.00,D,6
1786538100041,tesla,3.20,4.80,0,,280.50,,,,440.00,D,6
1786538100043,tesla,3.20,4.80,0,,280.50,,,,440.00,D,6
1786538100046,tesla,3.20,4.80,0,,280.50,,,,440.00,D,6
1786538100049,tesla,3.20,4.80,0,,280.50,,,,440.00,D,6
1786538100052,tesla,3.20,4.80,0,,280.50,,,,440.00,D,6
1786538100054,tesla,3.20,4.80,0,,280.50,,,,440.00,D,6
1786538100055,tesla,3.20,4.80,0,,280.50,,,,440.00,D,6
1786538100057,tesla,3.20,4.80,0,,280.50,,,,440.00,D,6
1786538100060,tesla,3.20,4.80,0,,280.50,,,,440.00,D,6
1786538100063,tesla,3.20,4.80,0,,280.50,,,,440.00,D,6
1786538100065,tesla,3.20,4.80,0,,280.50,,,,440.00,D,6
1786538100068,tesla,3.20,4.80,0,,280.50,,,,440.00,D,6
1786538100068,tesla,3.20,4.80,0,,280.50,,,,440.00,D,6
1786538100071,tesla,3.20,4.80,0,,280.50,,,,440.00,D,6
1786538100074,tesla,3.20,4.80,0,,280.50,,,,440.00,D,6
1786538100077,tesla,3.20,4.80,0,,280.50,,,,440.00,D,6
1786538100077,tesla,3.20,4.80,0,,280.50,,,,440.00,D,6
1786538100079,tesla,3.20,4.80,0,,280.50,,,,440.00,D,6
1786538100082,tesla,3.20,4.80,0,,280.50,,,,440.00,D,6
1786538100085,tesla,3.20,4.80,0,,280.50,,,,440.00,D,6
1786538100088,tesla,3.20,4.80,0,,280.50,,,,440.00,D,6
1786538100090,tesla,3.20,4.80,0,,280.50,,,,440.00,D,6
1786538100093,tesla,3.20,4.80,0,,280.50,,,,440.00,D,6
1786538100093,tesla,3.20,4.80,0,,280.50,,,,440.00,D,6
1786538100096,tesla,3.20,4.80,0,,280.50,,,,440.00,D,6
1786538100099,tesla,3.20,4.80,0,,280.50,,,,440.00,D,6
1786538100102,tesla,3.20,4.80,0,,280.50,,,,440.00,D,6
1786538100104,tesla,3.20,4.80,0,,280.50,,,,440.00,D,6
1786538100107,tesla,3.20,4.80,0,,280.50,,,,440.00,D,6
1786538100107,tesla,3.20,4.80,0,,280.50,,,,440.00,D,6
1786538100110,tesla,3.20,4.80,0,,280.50,,,,440.00,D,6
1786538100113,tesla,3.20,4.80,0,,280.50,,,,440.00,D,6
1786538100115,tesla,3.20,4.80,0,,280.50,,,,440.00,D,6
1786538100118,tesla,3.20,4.80,0,,280.50,,,,440.00,D,6
1786538100118,tesla,3.20,4.80,0,,280.50,,,,440.00,D,6
1786538100121,tesla,3.20,4.80,0,,280.50,,,,440.00,D,6
1786538100124,tesla,3.20,4.80,0,,280.50,,,,440.00,D,6
1786538100126,tesla,3.20,4.80,0,,280.50,,,,440.00,D,6
1786538100129,tesla,3.20,4.80,0,,280.50,,,,440.00,D,6
1786538100132,tesla,3.20,4.80,0,,280.50,,,,440.00,D,6
1786538100135,tesla,3.20,4.80,0,,280.50,,,,440.00,D,6
1786538100138,tesla,3.20,4.80,0,,280.50,,,,440.00,D,6
1786538100138,tesla,3.20,4.80,0,,280.50,,,,440.00,D,6
1786538100140,tesla,3.20,4.80,0,,280.50,,,,440.00,D,6
1786538100143,tesla,3.20,4.80,0,,280.50,,,,440.00,D,6
1786538100146,tesla,3.20,4.80,0,,266.40,,,,440.00,D,6
1786538100149,tesla,3.20,4.80,0,,266.40,,,,440.00,D,6
1786538100152,tesla,3.20,4.80,0,,266.40,,,,440.00,D,6
1786538100154,tesla,3.20,4.80,0,,266.40,,,,440.00,D,6
1786538100157,tesla,3.20,4.80,0,,265.50,,,,440.00,D,6
1786538100157,tesla,3.20,4.80,0,,265.50,,,,440.00,D,6
1786538100160,tesla,3.20,4.80,0,,265.50,,,,440.00,D,6
1786538100163,tesla,3.20,4.80,0,,265.50,,,,440.00,D,6
1786538100165,tesla,3.20,4.80,0,,265.50,,,,440.00,D,6
1786538100168,tesla,3.20,4.80,0,,265.50,,,,440.00,D,6
1786538100171,tesla,3.20,4.80,0,,265.50,,,,440.00,D,6
1786538100171,tesla,3.20,4.80,0,,265.50,,,,440.00,D,6
1786538100174,tesla,3.20,4.80,0,,265.50,,,,440.00,D,6
1786538100177,tesla,3.20,4.80,0,,265.50,,,,440.00,D,6
1786538100179,tesla,3.20,4.80,0,,265.50,,,,440.00,D,6
1786538100182,tesla,3.20,4.80,0,,265.50,,,,440.00,D,6
1786538100182,tesla,3.20,4.80,0,,265.50,,,,440.00,D,6
1786538100185,tesla,3.20,4.80,0,,265.50,,,,440.00,D,6
1786538100188,tesla,3.20,4.80,0,,265.50,,,,440.00,D,6
1786538100188,tesla,3.20,4.80,0,,265.50,,,,440.00,D,6
1786538100190,tesla,3.20,4.80,0,,265.50,,,,440.00,D,6
1786538100193,tesla,3.20,4.80,0,,265.50,,,,440.00,D,6
1786538100196,tesla,3.20,4.80,0,,265.50,,,,440.00,D,6
1786538100196,tesla,3.20,4.80,0,,265.50,,,,440.00,D,6
1786538100199,tesla,3.20,4.80,0,,265.50,,,,440.00,D,6
1786538100202,tesla,3.20,4.80,0,,265.50,,,,440.00,D,6
1786538100204,tesla,3.20,4.80,0,,265.50,,,,440.00,D,6
1786538100205,tesla,3.20,4.80,0,,265.50,,,,440.00,D,6
1786538100207,tesla,3.20,4.80,0,,265.50,,,,440.00,D,6
1786538100210,tesla,3.20,4.80,0,,265.50,,,,440.00,D,6
1786538100213,tesla,3.20,4.80,0,,265.50,,,,440.00,D,6
1786538100215,tesla,3.20,4.80,0,,265.50,,,,440.00,D,6
1786538100216,tesla,3.20,4.80,0,,265.50,,,,440.00,D,6
1786538100218,tesla,3.20,4.80,0,,265.50,,,,440.00,D,6
1786538100221,tesla,3.20,4.80,0,,265.50,,,,440.00,D,6
1786538100221,tesla,3.20,4.80,0,,265.50,,,,440.00,D,6
1786538100224,tesla,3.20,4.80,0,,265.50,,,,440.00,D,6
1786538100224,tesla,3.20,4.80,0,,265.50,,,,440.00,D,6
1786538100227,tesla,3.20,4.80,0,,265.50,,,,440.00,D,6
1786538100229,tesla,3.20,4.80,0,,265.50,,,,440.00,D,6
1786538100229,tesla,3.20,4.80,0,,265.50,,,,440.00,D,6
1786538100232,tesla,3.20,4.80,0,,265.50,,,,440.00,D,6
1786538100235,tesla,3.20,4.80,0,,265.50,,,,440.00,D,6
1786538100238,tesla,3.20,4.80,0,,265.50,,,,440.00,D,6
1786538100240,tesla,3.20,4.80,0,,265.50,,,,440.00,D,6
1786538100241,tesla,3.20,4.80,0,,265.50,,,,440.00,D,6
1786538100243,tesla,3.20,4.80,0,,265.50,,,,440.00,D,6
1786538100246,tesla,3.20,4.80,0,,265.50,,,,440.00,D,6
1786538100246,tesla,3.20,4.80,0,,265.50,,,,440.00,D,6
1786538100249,tesla,3.20,4.80,0,,265.50,,,,440.00,D,6
1786538100252,tesla,3.20,4.80,0,,265.50,,,,440.00,D,6
1786538100254,tesla,3.20,4.80,0,,265.50,,,,440.00,D,6
1786538100257,tesla,3.20,4.80,0,,265.50,,,,440.00,D,6
1786538100257,tesla,3.20,4.80,0,,265.50,,,,440.00,D,6
1786538100260,tesla,3.20,4.80,0,,265.50,,,,440.00,D,6
1786538100263,tesla,3.20,4.80,0,,265.50,,,,440.00,D,6
1786538100265,tesla,3.20,4.80,0,,265.50,,,,440.00,D,6
1786538100268,tesla,3.20,4.80,0,,265.50,,,,440.00,D,6
1786538100271,tesla,3.20,4.80,0,,265.50,,,,440.00,D,6
1786538100271,tesla,3.20,4.80,0,,265.50,,,,440.00,D,6
1786538100274,tesla,3.20,4.80,0,,265.50,,,,440.00,D,6
1786538100276,tesla,3.20,4.80,0,,265.50,,,,440.00,D,6
1786538100279,tesla,3.20,0.00,0,,265.50,,,,440.00,D,6
1786538100282,tesla,3.20,0.00,0,,265.50,,,,440.00,D,6
1786538100285,tesla,3.20,0.00,0,,265.50,,,,440.00,D,6
1786538100285,tesla,3.20,0.00,0,,265.50,,,,440.00,D,6
1786538100288,tesla,3.20,0.00,0,,265.50,,,,440.00,D,6
1786538100290,tesla,3.20,0.00,0,,265.50,,,,440.00,D,6
1786538100293,tesla,3.20,0.00,0,,265.50,,,,440.00,D,6
1786538100296,tesla,3.20,0.00,0,,265.50,,,,440.00,D,6
1786538100296,tesla,3.20,0.00,0,,265.50,,,,440.00,D,6
1786538100299,tesla,3.20,0.00,0,,265.50,,,,440.00,D,6
1786538100302,tesla,3.20,0.00,0,,265.50,,,,440.00,D,6
1786538100304,tesla,3.20,0.00,0,,265.50,,,,440.00,D,6
1786538100307,tesla,3.20,0.00,0,,265.50,,,,440.00,D,6
1786538100310,tesla,3.20,0.00,0,,265.50,,,,440.00,D,6
1786538100313,tesla,3.20,0.00,0,,265.50,,,,440.00,D,6
1786538100315,tesla,3.20,0.00,0,,265.50,,,,440.00,D,6
1786538100317,tesla,3.20,0.00,0,,265.50,,,,440.00,D,6
1786538100318,tesla,3.20,0.00,0,,265.50,,,,440.00,D,6
1786538100321,tesla,3.20,0.00,0,,252.50,,,,440.00,D,6
1786538100324,tesla,3.20,0.00,0,,252.50,,,,440.00,D,6
1786538100327,tesla,3.20,0.00,0,,252.50,,,,440.00,D,6
1786538100329,tesla,3.20,0.00,0,,252.50,,,,440.00,D,6
1786538100332,tesla,3.20,0.00,0,,252.50,,,,440.00,D,6
1786538100335,tesla,3.20,0.00,0,,252.50,,,,440.00,D,6
1786538100335,tesla,3.20,0.00,0,,252.50,,,,440.00,D,6
1786538100338,tesla,3.20,0.00,0,,252.50,,,,440.00,D,6
1786538100338,tesla,3.20,0.00,0,,252.50,,,,440.00,D,6
1786538100340,tesla,3.20,0.00,0,,252.50,,,,440.00,D,6
1786538100343,tesla,3.20,0.00,0,,252.50,,,,440.00,D,6
1786538100346,tesla,3.20,0.00,0,,252.50,,,,440.00,D,6
1786538100349,tesla,3.20,0.00,0,,252.50,,,,440.00,D,6
1786538100352,tesla,3.20,0.00,0,,252.50,,,,440.00,D,6
1786538100354,tesla,3.20,0.00,0,,252.50,,,,440.00,D,6
1786538100355,tesla,3.20,0.00,0,,252.50,,,,440.00,D,6
1786538100357,tesla,3.20,0.00,0,,252.50,,,,440.00,D,6
1786538100360,tesla,3.20,0.00,0,,252.50,,,,440.00,D,6
1786538100363,tesla,3.20,0.00,0,,252.50,,,,440.00,D,6
1786538100365,tesla,3.20,0.00,0,,252.50,,,,440.00,D,6
1786538100368,tesla,3.20,0.00,0,,252.50,,,,440.00,D,6
1786538100371,tesla,3.20,0.00,0,,252.50,,,,440.00,D,6
1786538100371,tesla,3.20,0.00,0,,252.50,,,,440.00,D,6
1786538100374,tesla,3.20,0.00,0,,252.50,,,,440.00,D,6
1786538100377,tesla,3.20,0.00,0,,252.50,,,,440.00,D,6
1786538100379,tesla,3.20,0.00,0,,252.50,,,,440.00,D,6
1786538100382,tesla,3.20,0.00,0,,252.50,,,,440.00,D,6
1786538100385,tesla,3.20,0.00,0,,252.50,,,,440.00,D,6
1786538100388,tesla,3.20,0.00,0,,252.50,,,,440.00,D,6
1786538100390,tesla,3.20,0.00,0,,252.50,,,,440.00,D,6
1786538100391,tesla,3.20,0.00,0,,252.50,,,,440.00,D,6
1786538100393,tesla,3.20,0.00,0,,252.50,,,,440.00,D,6
1786538100396,tesla,3.20,0.00,0,,252.50,,,,440.00,D,6
1786538100399,tesla,3.20,0.00,0,,252.50,,,,440.00,D,6
1786538100402,tesla,3.20,0.00,0,,252.50,,,,440.00,D,6
1786538100404,tesla,3.20,0.00,0,,252.50,,,,440.00,D,6
1786538100407,tesla,3.20,0.00,0,,252.50,,,,440.00,D,6
1786538100407,tesla,3.20,0.00,0,,252.50,,,,440.00,D,6
1786538100410,tesla,3.20,0.00,0,,252.50,,,,440.00,D,6
1786538100413,tesla,3.20,0.00,0,,252.50,,,,440.00,D,6
1786538100415,tesla,3.20,0.00,0,,252.50,,,,440.00,D,6
1786538100418,tesla,3.20,0.00,0,,252.50,,,,440.00,D,6
1786538100421,tesla,3.20,0.00,0,,252.50,,,,440.00,D,6
1786538100421,tesla,3.20,0.00,0,,252.50,,,,440.00,D,6
1786538100424,tesla,3.20,0.00,0,,252.50,,,,440.00,D,6
1786538100427,tesla,3.20,0.00,0,,252.50,,,,440.00,D,6
1786538100429,tesla,3.20,0.00,0,,252.50,,,,440.00,D,6
1786538100429,tesla,3.20,0.00,0,,252.50,,,,440.00,D,6
1786538100432,tesla,3.20,0.00,0,,252.50,,,,440.00,D,6
1786538100435,tesla,3.20,0.00,0,,252.50,,,,440.00,D,6
1786538100438,tesla,3.20,0.00,0,,252.50,,,,440.00,D,6
1786538100438,tesla,3.20,0.00,0,,252.50,,,,440.00,D,6
1786538100440,tesla,3.20,0.00,0,,252.50,,,,440.00,D,6
1786538100443,tesla,3.20,0.00,0,,252.50,,,,440.00,D,6
1786538100446,tesla,3.20,0.00,0,,252.50,,,,440.00,D,6
1786538100446,tesla,3.20,0.00,0,,252.50,,,,440.00,D,6
1786538100449,tesla,3.20,0.00,0,,252.50,,,,440.00,D,6
1786538100452,tesla,3.20,0.00,0,,252.50,,,,440.00,D,6
1786538100454,tesla,3.20,0.00,0,,252.50,,,,440.00,D,6
1786538100457,tesla,3.20,0.00,0,,252.50,,,,440.00,D,6
1786538100457,tesla,3.20,0.00,0,,252.50,,,,440.00,D,6
1786538100460,tesla,3.20,0.00,0,,252.50,,,,440.00,D,6
1786538100463,tesla,3.20,0.00,0,,252.50,,,,440.00,D,6
1786538100465,tesla,3.20,0.00,0,,252.50,,,,440.00,D,6
1786538100468,tesla,3.20,0.00,0,,252.50,,,,440.00,D,6
1786538100471,tesla,3.20,0.00,0,,252.50,,,,440.00,D,6
1786538100471,tesla,3.20,0.00,0,,252.50,,,,440.00,D,6
1786538100474,tesla,3.20,0.00,0,,252.50,,,,440.00,D,6
1786538100477,tesla,3.20,0.00,0,,252.50,,,,440.00,D,6
1786538100479,tesla,3.20,0.00,0,,252.50,,,,440.00,D,6
1786538100482,tesla,3.20,0.00,0,,252.50,,,,440.00,D,6
1786538100482,tesla,3.12,0.00,0,,252.50,,,,440.00,D,6
1786538100485,tesla,3.12,0.00,0,,252.50,,,,440.00,D,6
1786538100488,tesla,3.12,0.00,0,,252.50,,,,440.00,D,6
1786538100490,tesla,3.12,0.00,0,,252.50,,,,440.00,D,6
1786538100493,tesla,3.12,0.00,0,,252.50,,,,440.00,D,6
1786538100496,tesla,3.12,0.00,0,,252.50,,,,440.00,D,6
1786538100496,tesla,3.12,0.00,0,,252.50,,,,440.00,D,6
1786538100499,tesla,3.04,0.00,0,,252.50,,,,440.00,D,6
1786538100502,tesla,3.04,0.00,0,,252.50,,,,440.00,D,6
1786538100504,tesla,3.04,0.00,0,,252.50,,,,440.00,D,6
1786538100507,tesla,3.04,0.00,0,,252.50,,,,440.00,D,6
1786538100510,tesla,3.04,0.00,0,,252.50,,,,440.00,D,6
1786538100513,tesla,3.04,0.00,0,,252.50,,,,440.00,D,6
1786538100515,tesla,3.04,0.00,0,,252.50,,,,440.00,D,6
1786538100516,tesla,3.04,0.00,0,,241.90,,,,440.00,D,6
1786538100518,tesla,3.04,0.00,0,,241.90,,,,440.00,D,6
1786538100521,tesla,3.04,0.00,0,,241.40,,,,440.00,D,6
1786538100524,tesla,3.04,0.00,0,,241.40,,,,440.00,D,6
1786538100527,tesla,3.04,0.00,0,,241.40,,,,440.00,D,6
1786538100529,tesla,3.04,0.00,0,,241.40,,,,440.00,D,6
1786538100532,tesla,3.04,0.00,0,,241.40,,,,440.00,D,6
1786538100535,tesla,3.04,0.00,0,,241.40,,,,440.00,D,6
1786538100535,tesla,3.04,0.00,0,,241.40,,,,440.00,D,6
1786538100538,tesla,3.04,0.00,0,,241.40,,,,440.00,D,6
1786538100540,tesla,3.04,0.00,0,,241.40,,,,440.00,D,6
1786538100543,tesla,3.04,0.00,0,,241.40,,,,440.00,D,6
1786538100546,tesla,3.04,0.00,0,,241.40,,,,440.00,D,6
1786538100549,tesla,3.04,0.00,0,,241.40,,,,440.00,D,6
1786538100549,tesla,3.04,0.00,0,,241.40,,,,440.00,D,6
1786538100552,tesla,3.04,0.00,0,,241.40,,,,440.00,D,6
1786538100554,tesla,3.04,0.00,0,,241.40,,,,440.00,D,6
1786538100557,tesla,3.04,0.00,0,,241.40,,,,440.00,D,6
1786538100560,tesla,3.04,0.00,0,,241.40,,,,440.00,D,6
1786538100563,tesla,3.04,0.00,0,,241.40,,,,440.00,D,6
1786538100565,tesla,3.04,0.00,0,,241.40,,,,440.00,D,6
1786538100568,tesla,3.04,0.00,0,,241.40,,,,440.00,D,6
1786538100568,tesla,3.04,0.00,0,,241.40,,,,440.00,D,6
1786538100571,tesla,3.04,0.00,0,,241.40,,,,440.00,D,6
1786538100574,tesla,3.04,0.00,0,,241.40,,,,440.00,D,6
1786538100577,tesla,3.04,0.00,0,,241.40,,,,440.00,D,6
1786538100579,tesla,3.04,0.00,0,,241.40,,,,440.00,D,6
1786538100582,tesla,3.04,0.00,0,,241.40,,,,440.00,D,6
1786538100585,tesla,3.04,0.00,0,,241.40,,,,440.00,D,6
1786538100585,tesla,3.04,0.00,0,,241.40,,,,440.00,D,6
1786538100588,tesla,3.04,0.00,0,,241.40,,,,440.00,D,6
1786538100590,tesla,3.04,0.00,0,,241.40,,,,440.00,D,6
1786538100593,tesla,3.04,0.00,0,,241.40,,,,440.00,D,6
1786538100596,tesla,3.04,0.00,0,,241.40,,,,440.00,D,6
1786538100599,tesla,3.04,0.00,0,,241.40,,,,440.00,D,6
1786538100602,tesla,3.04,0.00,0,,241.40,,,,440.00,D,6
1786538100604,tesla,3.04,0.00,0,,241.40,,,,440.00,D,6
1786538100605,tesla,3.04,0.00,0,,241.40,,,,440.00,D,6
1786538100607,tesla,3.04,0.00,0,,241.40,,,,440.00,D,6
1786538100610,tesla,3.04,0.00,0,,241.40,,,,440.00,D,6
1786538100613,tesla,3.04,0.00,0,,241.40,,,,440.00,D,6
1786538100615,tesla,3.04,0.00,0,,241.40,,,,440.00,D,6
1786538100616,tesla,3.04,0.00,0,,241.40,,,,440.00,D,6
1786538100618,tesla,3.04,0.00,0,,241.40,,,,440.00,D,6
1786538100621,tesla,3.04,0.00,0,,241.40,,,,440.00,D,6
1786538100621,tesla,3.04,0.00,0,,241.40,,,,440.00,D,6
1786538100624,tesla,3.04,0.00,0,,241.40,,,,440.00,D,6
1786538100627,tesla,3.04,0.00,0,,241.40,,,,440.00,D,6
1786538100629,tesla,3.04,0.00,0,,241.40,,,,440.00,D,6
1786538100629,tesla,3.04,0.00,0,,241.40,,,,440.00,D,6
1786538100632,tesla,3.04,0.00,0,,241.40,,,,440.00,D,6
1786538100635,tesla,3.04,0.00,0,,241.40,,,,440.00,D,6
1786538100638,tesla,3.04,0.00,0,,241.40,,,,440.00,D,6
1786538100638,tesla,3.04,0.00,0,,241.40,,,,440.00,D,6
1786538100640,tesla,3.04,0.00,0,,241.40,,,,440.00,D,6
1786538100643,tesla,3.04,0.00,0,,241.40,,,,440.00,D,6
1786538100646,tesla,3.04,0.00,0,,241.40,,,,440.00,D,6
1786538100646,tesla,3.04,0.00,0,,241.40,,,,440.00,D,6
1786538100649,tesla,3.04,0.00,0,,241.40,,,,440.00,D,6
1786538100652,tesla,3.04,0.00,0,,241.40,,,,440.00,D,6
1786538100654,tesla,3.04,0.00,0,,241.40,,,,440.00,D,6
1786538100655,tesla,3.04,0.00,0,,241.40,,,,440.00,D,6
1786538100657,tesla,3.04,0.00,0,,241.40,,,,440.00,D,6
1786538100660,tesla,3.04,0.00,0,,241.40,,,,440.00,D,6
1786538100663,tesla,3.04,0.00,0,,241.40,,,,440.00,D,6
1786538100665,tesla,3.04,0.00,0,,241.40,,,,440.00,D,6
1786538100668,tesla,3.04,0.00,0,,241.40,,,,440.00,D,6
1786538100668,tesla,3.04,0.00,0,,241.40,,,,440.00,D,6
1786538100671,tesla,3.04,0.00,0,,241.40,,,,440.00,D,6
1786538100674,tesla,3.04,0.00,0,,241.40,,,,440.00,D,6
1786538100677,tesla,3.04,0.00,0,,241.40,,,,440.00,D,6
1786538100677,tesla,3.04,0.00,0,,241.40,,,,440.00,D,6
1786538100679,tesla,3.04,0.00,0,,241.40,,,,440.00,D,6
1786538100682,tesla,3.04,0.00,0,,241.40,,,,440.00,D,6
1786538100685,tesla,2.88,0.00,0,,241.40,,,,440.00,D,6
1786538100688,tesla,2.88,0.00,0,,241.40,,,,440.00,D,6
1786538100690,tesla,2.88,0.00,0,,241.40,,,,440.00,D,6
1786538100693,tesla,2.88,0.00,0,,241.40,,,,440.00,D,6
1786538100696,tesla,2.88,0.00,0,,241.40,,,,440.00,D,6
1786538100696,tesla,2.88,0.00,0,,241.40,,,,440.00,D,6
1786538100699,tesla,2.88,0.00,0,,241.40,,,,440.00,D,6
1786538100702,tesla,2.88,0.00,0,,241.40,,,,440.00,D,6
1786538100702,tesla,2.88,0.00,0,,241.40,,,,440.00,D,6
1786538100704,tesla,2.88,0.00,0,,241.40,,,,440.00,D,6
1786538100707,tesla,2.88,0.00,0,,241.40,,,,440.00,D,6
1786538100710,tesla,2.88,0.00,0,,241.40,,,,440.00,D,6
1786538100713,tesla,2.88,0.00,0,,232.30,,,,440.00,D,6
1786538100715,tesla,2.88,0.00,0,,232.30,,,,440.00,D,6
1786538100718,tesla,2.88,0.00,0,,232.30,,,,440.00,D,6
1786538100721,tesla,2.88,0.00,0,,231.80,,,,440.00,D,6
1786538100721,tesla,2.88,0.00,0,,231.80,,,,440.00,D,6
1786538100724,tesla,2.88,0.00,0,,231.80,,,,440.00,D,6
1786538100727,tesla,2.88,0.00,0,,231.80,,,,440.00,D,6
1786538100729,tesla,2.88,0.00,0,,231.80,,,,440.00,D,6
1786538100732,tesla,2.88,0.00,0,,231.80,,,,440.00,D,6
1786538100735,tesla,2.88,0.00,0,,231.80,,,,440.00,D,6
1786538100738,tesla,2.88,0.00,0,,231.80,,,,440.00,D,6
1786538100738,tesla,2.88,0.00,0,,231.80,,,,440.00,D,6
1786538100740,tesla,2.88,0.00,0,,231.80,,,,440.00,D,6
1786538100743,tesla,2.88,0.00,0,,231.80,,,,440.00,D,6
1786538100746,tesla,2.88,0.00,0,,231.80,,,,440.00,D,6
1786538100749,tesla,2.88,0.00,0,,231.80,,,,440.00,D,6
1786538100749,tesla,2.88,0.00,0,,231.80,,,,440.00,D,6
1786538100749,tesla,2.88,0.00,0,,231.80,,,,440.00,D,6
1786538100752,tesla,2.88,0.00,0,,231.80,,,,440.00,D,6
1786538100752,tesla,2.88,0.00,0,,231.80,,,,440.00,D,6
1786538100754,tesla,2.88,0.00,0,,231.80,,,,440.00,D,6
1786538100757,tesla,2.88,0.00,0,,231.80,,,,440.00,D,6
1786538100768,tesla,2.88,0.00,0,,231.80,,,,440.00,D,6
1786538100768,tesla,2.88,0.00,0,,231.80,,,,440.00,D,6
1786538100771,tesla,2.88,0.00,0,,231.80,,,,440.00,D,6
1786538100774,tesla,2.88,0.00,0,,231.80,,,,440.00,D,6
1786538100777,tesla,2.88,0.00,0,,231.80,,,,440.00,D,6
1786538100779,tesla,2.88,0.00,0,,231.80,,,,440.00,D,6
1786538100782,tesla,2.88,0.00,0,,231.80,,,,440.00,D,6
1786538100785,tesla,2.88,0.00,0,,231.80,,,,440.00,D,6
1786538100785,tesla,2.88,0.00,0,,231.80,,,,440.00,D,6
1786538100788,tesla,2.88,0.00,0,,231.80,,,,440.00,D,6
1786538100790,tesla,2.88,0.00,0,,231.80,,,,440.00,D,6
1786538100791,tesla,2.88,0.00,0,,231.80,,,,440.00,D,6
1786538100793,tesla,2.88,0.00,0,,231.80,,,,440.00,D,6
1786538100796,tesla,2.88,0.00,0,,231.80,,,,440.00,D,6
1786538100799,tesla,2.88,0.00,0,,231.80,,,,440.00,D,6
1786538100802,tesla,2.88,0.00,0,,231.80,,,,440.00,D,6
1786538100804,tesla,2.88,0.00,0,,231.80,,,,440.00,D,6
1786538100807,tesla,2.88,0.00,0,,231.80,,,,440.00,D,6
1786538100810,tesla,2.88,0.00,0,,231.80,,,,440.00,D,6
1786538100810,tesla,2.88,0.00,0,,231.80,,,,440.00,D,6
1786538100813,tesla,2.88,0.00,0,,231.80,,,,440.00,D,6
1786538100815,tesla,2.88,0.00,0,,231.80,,,,440.00,D,6
1786538100816,tesla,2.88,0.00,0,,231.80,,,,440.00,D,6
1786538100818,tesla,2.88,0.00,0,,231.80,,,,440.00,D,6
1786538100821,tesla,2.88,0.00,0,,231.80,,,,440.00,D,6
1786538100824,tesla,2.88,0.00,0,,231.80,,,,440.00,D,6
1786538100827,tesla,2.88,0.00,0,,231.80,,,,440.00,D,6
1786538100829,tesla,2.88,0.00,0,,231.80,,,,440.00,D,6
1786538100829,tesla,2.88,0.00,0,,231.80,,,,440.00,D,6
1786538100832,tesla,2.88,0.00,0,,231.80,,,,440.00,D,6
1786538100835,tesla,2.88,0.00,0,,231.80,,,,440.00,D,6
1786538100835,tesla,2.88,0.00,0,,231.80,,,,440.00,D,6
1786538100838,tesla,2.88,0.00,0,,231.80,,,,440.00,D,6
1786538100840,tesla,2.88,0.00,0,,231.80,,,,440.00,D,6
1786538100843,tesla,2.88,0.00,0,,231.80,,,,440.00,D,6
1786538100844,tesla,2.88,0.00,0,,231.80,,,,440.00,D,6
1786538100846,tesla,2.88,0.00,0,,231.80,,,,440.00,D,6
1786538100849,tesla,2.88,0.00,0,,231.80,,,,440.00,D,6
1786538100852,tesla,2.88,0.00,0,,231.80,,,,440.00,D,6
1786538100854,tesla,2.88,0.00,0,,231.80,,,,440.00,D,6
1786538100857,tesla,2.88,0.00,0,,231.80,,,,440.00,D,6
1786538100857,tesla,2.88,0.00,0,,231.80,,,,440.00,D,6
1786538100860,tesla,2.64,0.00,0,,231.80,,,,440.00,D,6
1786538100863,tesla,2.64,0.00,0,,231.80,,,,440.00,D,6
1786538100865,tesla,2.64,0.00,0,,231.80,,,,440.00,D,6
1786538100868,tesla,2.64,0.00,0,,231.80,,,,440.00,D,6
1786538100871,tesla,2.64,0.00,0,,231.80,,,,440.00,D,6
1786538100874,tesla,2.64,0.00,0,,231.80,,,,440.00,D,6
1786538100874,tesla,2.64,0.00,0,,231.80,,,,440.00,D,6
1786538100877,tesla,2.64,0.00,0,,224.70,,,,440.00,D,6
1786538100879,tesla,2.64,0.00,0,,224.70,,,,440.00,D,6
1786538100882,tesla,2.64,0.00,0,,224.20,,,,440.00,D,6
1786538100885,tesla,2.64,0.00,0,,224.20,,,,440.00,D,6
1786538100885,tesla,2.64,0.00,0,,224.20,,,,440.00,D,6
1786538100888,tesla,2.64,0.00,0,,224.20,,,,440.00,D,6
1786538100890,tesla,2.64,0.00,0,,224.20,,,,440.00,D,6
1786538100893,tesla,2.64,0.00,0,,224.20,,,,440.00,D,6
1786538100896,tesla,2.64,0.00,0,,224.20,,,,440.00,D,6
1786538100896,tesla,2.64,0.00,0,,224.20,,,,440.00,D,6
1786538100899,tesla,2.64,0.00,0,,224.20,,,,440.00,D,6
1786538100902,tesla,2.64,0.00,0,,224.20,,,,440.00,D,6
1786538100904,tesla,2.64,0.00,0,,224.20,,,,440.00,D,6
1786538100905,tesla,2.64,0.00,0,,224.20,,,,440.00,D,6
1786538100907,tesla,2.64,0.00,0,,224.20,,,,440.00,D,6
1786538100910,tesla,2.64,0.00,0,,224.20,,,,440.00,D,6
1786538100913,tesla,2.64,0.00,0,,224.20,,,,440.00,D,6
1786538100915,tesla,2.64,0.00,0,,224.20,,,,440.00,D,6
1786538100918,tesla,2.64,0.00,0,,224.20,,,,440.00,D,6
1786538100918,tesla,2.64,0.00,0,,224.20,,,,440.00,D,6
1786538100921,tesla,2.64,0.00,0,,224.20,,,,440.00,D,6
1786538100924,tesla,2.64,0.00,0,,224.20,,,,440.00,D,6
1786538100927,tesla,2.64,0.00,0,,224.20,,,,440.00,D,6
1786538100927,tesla,2.64,0.00,0,,224.20,,,,440.00,D,6
1786538100929,tesla,2.64,0.00,0,,224.20,,,,440.00,D,6
1786538100932,tesla,2.64,0.00,0,,224.20,,,,440.00,D,6
1786538100932,tesla,2.64,0.00,0,,224.20,,,,440.00,D,6
1786538100935,tesla,2.64,0.00,0,,224.20,,,,440.00,D,6
1786538100938,tesla,2.64,0.00,0,,224.20,,,,440.00,D,6
1786538100940,tesla,2.64,0.00,0,,224.20,,,,440.00,D,6
1786538100943,tesla,2.64,0.00,0,,224.20,,,,440.00,D,6
1786538100943,tesla,2.64,0.00,0,,224.20,,,,440.00,D,6
1786538100946,tesla,2.64,0.00,0,,224.20,,,,440.00,D,6
1786538100949,tesla,2.64,0.00,0,,224.20,,,,440.00,D,6
1786538100952,tesla,2.64,0.00,0,,224.20,,,,440.00,D,6
1786538100954,tesla,2.64,0.00,0,,224.20,,,,440.00,D,6
1786538100957,tesla,2.64,0.00,0,,224.20,,,,440.00,D,6
1786538100960,tesla,2.64,0.00,0,,224.20,,,,440.00,D,6
1786538100960,tesla,2.64,0.00,0,,224.20,,,,440.00,D,6
1786538100963,tesla,2.64,0.00,0,,224.20,,,,440.00,D,6
1786538100968,tesla,2.64,0.00,0,,224.20,,,,440.00,D,6
1786538100971,tesla,2.64,0.00,0,,224.20,,,,440.00,D,6
1786538100974,tesla,2.64,0.00,0,,224.20,,,,440.00,D,6
1786538100977,tesla,2.64,0.00,0,,224.20,,,,440.00,D,6
1786538100979,tesla,2.64,0.00,0,,224.20,,,,440.00,D,6
1786538100979,tesla,2.64,0.00,0,,224.20,,,,440.00,D,6
1786538100982,tesla,2.64,0.00,0,,224.20,,,,440.00,D,6
1786538100985,tesla,2.64,0.00,0,,224.20,,,,440.00,D,6
1786538100988,tesla,2.64,0.00,0,,224.20,,,,440.00,D,6
1786538100988,tesla,2.64,0.00,0,,224.20,,,,440.00,D,6
1786538100990,tesla,2.64,0.00,0,,224.20,,,,440.00,D,6
1786538100993,tesla,2.64,0.00,0,,224.20,,,,440.00,D,6
1786538100996,tesla,2.64,0.00,0,,224.20,,,,440.00,D,6
1786538100999,tesla,2.64,0.00,0,,224.20,,,,440.00,D,6
1786538100999,tesla,2.64,0.00,0,,224.20,,,,440.00,D,6
1786538101002,tesla,2.64,0.00,0,,224.20,,,,440.00,D,6
1786538101004,tesla,2.40,0.00,0,,224.20,,,,440.00,D,6
1786538101007,tesla,2.40,0.00,0,,224.20,,,,440.00,D,6
1786538101010,tesla,2.40,0.00,0,,224.20,,,,440.00,D,6
1786538101013,tesla,2.40,0.00,0,,224.20,,,,440.00,D,6
1786538101015,tesla,2.40,0.00,0,,224.20,,,,440.00,D,6
1786538101018,tesla,2.40,0.00,0,,224.20,,,,440.00,D,6
1786538101018,tesla,2.40,0.00,0,,224.20,,,,440.00,D,6
1786538101021,tesla,2.40,0.00,0,,224.20,,,,440.00,D,6
1786538101024,tesla,2.40,0.00,0,,224.20,,,,440.00,D,6
1786538101027,tesla,2.40,0.00,0,,218.50,,,,440.00,D,6
1786538101029,tesla,2.40,0.00,0,,218.50,,,,440.00,D,6
1786538101032,tesla,2.40,0.00,0,,218.10,,,,440.00,D,6
1786538101035,tesla,2.40,0.00,0,,218.10,,,,440.00,D,6
1786538101038,tesla,2.40,0.00,0,,218.10,,,,440.00,D,6
1786538101038,tesla,2.40,0.00,0,,218.10,,,,440.00,D,6
1786538101040,tesla,2.40,0.00,0,,218.10,,,,440.00,D,6
1786538101043,tesla,2.32,0.00,0,,218.10,,,,440.00,D,6
1786538101046,tesla,2.32,0.00,0,,218.10,,,,440.00,D,6
1786538101049,tesla,2.32,0.00,0,,218.10,,,,440.00,D,6
1786538101049,tesla,2.32,0.00,0,,218.10,,,,440.00,D,6
1786538101052,tesla,2.32,0.00,0,,218.10,,,,440.00,D,6
1786538101054,tesla,2.32,0.00,0,,218.10,,,,440.00,D,6
1786538101057,tesla,2.32,0.00,0,,218.10,,,,440.00,D,6
1786538101060,tesla,2.32,0.00,0,,218.10,,,,440.00,D,6
1786538101063,tesla,2.32,0.00,0,,218.10,,,,440.00,D,6
1786538101065,tesla,2.32,0.00,0,,218.10,,,,440.00,D,6
1786538101068,tesla,2.32,0.00,0,,218.10,,,,440.00,D,6
1786538101068,tesla,2.32,0.00,0,,218.10,,,,440.00,D,6
1786538101071,tesla,2.32,0.00,0,,218.10,,,,440.00,D,6
1786538101074,tesla,2.32,0.00,0,,218.10,,,,440.00,D,6
1786538101077,tesla,2.32,0.00,0,,218.10,,,,440.00,D,6
1786538101077,tesla,2.32,0.00,0,,218.10,,,,440.00,D,6
1786538101079,tesla,2.32,0.00,0,,218.10,,,,440.00,D,6
1786538101082,tesla,2.32,0.00,0,,218.10,,,,440.00,D,6
1786538101085,tesla,2.32,0.00,0,,218.10,,,,440.00,D,6
1786538101088,tesla,2.32,0.00,0,,218.10,,,,440.00,D,6
1786538101090,tesla,2.32,0.00,0,,218.10,,,,440.00,D,6
1786538101093,tesla,2.32,0.00,0,,218.10,,,,440.00,D,6
1786538101096,tesla,2.32,0.00,0,,218.10,,,,440.00,D,6
1786538101096,tesla,2.32,0.00,0,,218.10,,,,440.00,D,6
1786538101099,tesla,2.32,0.00,0,,218.10,,,,440.00,D,6
1786538101102,tesla,2.32,0.00,0,,218.10,,,,440.00,D,6
1786538101104,tesla,2.32,0.00,0,,218.10,,,,440.00,D,6
1786538101107,tesla,2.32,0.00,0,,218.10,,,,440.00,D,6
1786538101110,tesla,2.32,0.00,0,,218.10,,,,440.00,D,6
1786538101110,tesla,2.32,0.00,0,,218.10,,,,440.00,D,6
1786538101113,tesla,2.32,0.00,0,,218.10,,,,440.00,D,6
1786538101113,tesla,2.32,0.00,0,,218.10,,,,440.00,D,6
1786538101115,tesla,2.32,0.00,0,,218.10,,,,440.00,D,6
1786538101118,tesla,2.32,0.00,0,,218.10,,,,440.00,D,6
1786538101121,tesla,2.32,0.00,0,,218.10,,,,440.00,D,6
1786538101124,tesla,2.32,0.00,0,,218.10,,,,440.00,D,6
1786538101124,tesla,2.32,0.00,0,,218.10,,,,440.00,D,6
1786538101127,tesla,2.32,0.00,0,,218.10,,,,440.00,D,6
1786538101129,tesla,2.32,0.00,0,,218.10,,,,440.00,D,6
1786538101132,tesla,2.32,0.00,0,,218.10,,,,440.00,D,6
1786538101135,tesla,2.32,0.00,0,,218.10,,,,440.00,D,6
1786538101135,tesla,2.32,0.00,0,,218.10,,,,440.00,D,6
1786538101138,tesla,2.32,0.00,0,,218.10,,,,440.00,D,6
1786538101140,tesla,2.32,0.00,0,,218.10,,,,440.00,D,6
1786538101143,tesla,2.32,0.00,0,,218.10,,,,440.00,D,6
1786538101146,tesla,2.32,0.00,0,,218.10,,,,440.00,D,6
1786538101149,tesla,2.32,0.00,0,,218.10,,,,440.00,D,6
1786538101149,tesla,2.32,0.00,0,,218.10,,,,440.00,D,6
1786538101152,tesla,2.32,0.00,0,,218.10,,,,440.00,D,6
1786538101154,tesla,2.32,0.00,0,,218.10,,,,440.00,D,6
1786538101157,tesla,2.32,0.00,0,,218.10,,,,440.00,D,6
1786538101157,tesla,2.32,0.00,0,,218.10,,,,440.00,D,6
1786538101160,tesla,2.32,0.00,0,,218.10,,,,440.00,D,6
1786538101163,tesla,2.32,0.00,0,,218.10,,,,440.00,D,6
1786538101165,tesla,2.32,0.00,0,,218.10,,,,440.00,D,6
1786538101166,tesla,2.32,0.00,0,,218.10,,,,440.00,D,6
1786538101168,tesla,2.32,0.00,0,,218.10,,,,440.00,D,6
1786538101171,tesla,2.32,0.00,0,,218.10,,,,440.00,D,6
1786538101174,tesla,2.32,0.00,0,,218.10,,,,440.00,D,6
1786538101177,tesla,2.32,0.00,0,,218.10,,,,440.00,D,6
1786538101179,tesla,2.32,0.00,0,,218.10,,,,440.00,D,6
1786538101179,tesla,2.32,0.00,0,,218.10,,,,440.00,D,6
1786538101182,tesla,2.32,0.00,0,,218.10,,,,440.00,D,6
1786538101185,tesla,2.32,0.00,0,,218.10,,,,440.00,D,6
1786538101188,tesla,2.32,0.00,0,,218.10,,,,440.00,D,6
1786538101188,tesla,2.32,0.00,0,,218.10,,,,440.00,D,6
1786538101190,tesla,2.32,0.00,0,,218.10,,,,440.00,D,6
1786538101193,tesla,2.32,0.00,0,,218.10,,,,440.00,D,6
1786538101196,tesla,2.32,0.00,0,,218.10,,,,440.00,D,6
1786538101199,tesla,2.32,0.00,0,,218.10,,,,440.00,D,6
1786538101199,tesla,2.32,0.00,0,,218.10,,,,440.00,D,6
1786538101202,tesla,2.08,0.00,0,,218.10,,,,440.00,D,6
1786538101204,tesla,2.08,0.00,0,,218.10,,,,440.00,D,6
1786538101207,tesla,2.08,0.00,0,,218.10,,,,440.00,D,6
1786538101210,tesla,2.08,0.00,0,,218.10,,,,440.00,D,6
1786538101213,tesla,2.08,0.00,0,,218.10,,,,440.00,D,6
1786538101215,tesla,2.08,0.00,0,,218.10,,,,440.00,D,6
1786538101218,tesla,2.08,0.00,0,,218.10,,,,440.00,D,6
1786538101218,tesla,2.08,0.00,0,,218.10,,,,440.00,D,6
1786538101221,tesla,2.08,0.00,0,,218.10,,,,440.00,D,6
1786538101224,tesla,2.08,0.00,0,,210.50,,,,440.00,D,6
1786538101227,tesla,2.08,0.00,0,,210.50,,,,440.00,D,6
1786538101229,tesla,2.08,0.00,0,,210.20,,,,440.00,D,6
1786538101232,tesla,2.08,0.00,0,,210.20,,,,440.00,D,6
1786538101235,tesla,2.08,0.00,0,,210.20,,,,440.00,D,6
1786538101238,tesla,2.08,0.00,0,,210.20,,,,440.00,D,6
1786538101238,tesla,2.08,0.00,0,,210.20,,,,440.00,D,6
1786538101240,tesla,2.08,0.00,0,,210.20,,,,440.00,D,6
1786538101241,tesla,2.08,0.00,0,,210.20,,,,440.00,D,6
1786538101243,tesla,2.08,0.00,0,,210.20,,,,440.00,D,6
1786538101246,tesla,2.08,0.00,0,,210.20,,,,440.00,D,6
1786538101249,tesla,2.08,0.00,0,,210.20,,,,440.00,D,6
1786538101252,tesla,2.08,0.00,0,,210.20,,,,440.00,D,6
1786538101252,tesla,2.08,0.00,0,,210.20,,,,440.00,D,6
1786538101254,tesla,2.08,0.00,0,,210.20,,,,440.00,D,6
1786538101257,tesla,2.08,0.00,0,,210.20,,,,440.00,D,6
1786538101260,tesla,2.08,0.00,0,,210.20,,,,440.00,D,6
1786538101263,tesla,2.08,0.00,0,,210.20,,,,440.00,D,6
1786538101265,tesla,2.08,0.00,0,,210.20,,,,440.00,D,6
1786538101268,tesla,2.08,0.00,0,,210.20,,,,440.00,D,6
1786538101268,tesla,2.08,0.00,0,,210.20,,,,440.00,D,6
1786538101271,tesla,2.08,0.00,0,,210.20,,,,440.00,D,6
1786538101274,tesla,2.08,0.00,0,,210.20,,,,440.00,D,6
1786538101277,tesla,2.08,0.00,0,,210.20,,,,440.00,D,6
1786538101277,tesla,2.08,0.00,0,,210.20,,,,440.00,D,6
1786538101279,tesla,2.08,0.00,0,,210.20,,,,440.00,D,6
1786538101282,tesla,2.08,0.00,0,,210.20,,,,440.00,D,6
1786538101285,tesla,2.08,0.00,0,,210.20,,,,440.00,D,6
1786538101288,tesla,2.08,0.00,0,,210.20,,,,440.00,D,6
1786538101288,tesla,2.08,0.00,0,,210.20,,,,440.00,D,6
1786538101290,tesla,2.08,0.00,0,,210.20,,,,440.00,D,6
1786538101293,tesla,2.08,0.00,0,,210.20,,,,440.00,D,6
1786538101296,tesla,2.08,0.00,0,,210.20,,,,440.00,D,6
1786538101299,tesla,2.08,0.00,0,,210.20,,,,440.00,D,6
1786538101302,tesla,2.08,0.00,0,,210.20,,,,440.00,D,6
1786538101304,tesla,2.08,0.00,0,,210.20,,,,440.00,D,6
1786538101307,tesla,2.08,0.00,0,,210.20,,,,440.00,D,6
1786538101307,tesla,2.08,0.00,0,,210.20,,,,440.00,D,6
1786538101310,tesla,2.08,0.00,0,,210.20,,,,440.00,D,6
1786538101313,tesla,2.08,0.00,0,,210.20,,,,440.00,D,6
1786538101315,tesla,2.08,0.00,0,,210.20,,,,440.00,D,6
1786538101318,tesla,2.08,0.00,0,,210.20,,,,440.00,D,6
1786538101318,tesla,2.08,0.00,0,,210.20,,,,440.00,D,6
1786538101321,tesla,2.08,0.00,0,,210.20,,,,440.00,D,6
1786538101324,tesla,2.08,0.00,0,,210.20,,,,440.00,D,6
1786538101324,tesla,2.08,0.00,0,,210.20,,,,440.00,D,6
1786538101327,tesla,2.08,0.00,0,,210.20,,,,440.00,D,6
1786538101329,tesla,2.08,0.00,0,,210.20,,,,440.00,D,6
1786538101329,tesla,2.08,0.00,0,,210.20,,,,440.00,D,6
1786538101332,tesla,2.08,0.00,0,,210.20,,,,440.00,D,6
1786538101335,tesla,2.08,0.00,0,,210.20,,,,440.00,D,6
1786538101338,tesla,2.08,0.00,0,,210.20,,,,440.00,D,6
1786538101340,tesla,2.08,0.00,0,,210.20,,,,440.00,D,6
1786538101343,tesla,2.08,0.00,0,,210.20,,,,440.00,D,6
1786538101346,tesla,2.08,0.00,0,,210.20,,,,440.00,D,6
1786538101346,tesla,2.08,0.00,0,,210.20,,,,440.00,D,6
1786538101349,tesla,2.08,0.00,0,,210.20,,,,440.00,D,6
1786538101352,tesla,2.08,0.00,0,,210.20,,,,440.00,D,6
1786538101354,tesla,2.08,0.00,0,,210.20,,,,440.00,D,6
1786538101355,tesla,2.08,0.00,0,,210.20,,,,440.00,D,6
1786538101357,tesla,2.08,0.00,0,,210.20,,,,440.00,D,6
1786538101360,tesla,2.08,0.00,0,,210.20,,,,440.00,D,6
1786538101360,tesla,2.08,0.00,0,,210.20,,,,440.00,D,6
1786538101363,tesla,2.08,0.00,0,,210.20,,,,440.00,D,6
1786538101365,tesla,2.08,0.00,0,,210.20,,,,440.00,D,6
1786538101368,tesla,2.08,0.00,0,,210.20,,,,440.00,D,6
1786538101371,tesla,2.08,0.00,0,,210.20,,,,440.00,D,6
1786538101374,tesla,2.08,0.00,0,,210.20,,,,440.00,D,6
1786538101374,tesla,2.08,0.00,0,,210.20,,,,440.00,D,6
1786538101377,tesla,2.08,0.00,0,,210.20,,,,440.00,D,6
1786538101379,tesla,2.08,0.00,0,,210.20,,,,440.00,D,6
1786538101382,tesla,2.08,0.00,0,,210.20,,,,440.00,D,6
1786538101385,tesla,2.08,0.00,0,,210.20,,,,440.00,D,6
1786538101388,tesla,2.08,0.00,0,,210.20,,,,440.00,D,6
1786538101388,tesla,2.08,0.00,0,,210.20,,,,440.00,D,6
1786538101390,tesla,2.08,0.00,0,,210.20,,,,440.00,D,6
1786538101393,tesla,2.08,0.00,0,,210.20,,,,440.00,D,6
1786538101396,tesla,2.08,0.00,0,,210.20,,,,440.00,D,6
1786538101396,tesla,2.08,0.00,0,,210.20,,,,440.00,D,6
1786538101399,tesla,2.08,0.00,0,,210.20,,,,440.00,D,6
1786538101402,tesla,1.68,0.00,0,,210.20,,,,440.00,D,6
1786538101404,tesla,1.68,0.00,0,,210.20,,,,440.00,D,6
1786538101407,tesla,1.68,0.00,0,,210.20,,,,440.00,D,6
1786538101410,tesla,1.68,0.00,0,,210.20,,,,440.00,D,6
1786538101413,tesla,1.68,0.00,0,,210.20,,,,440.00,D,6
1786538101415,tesla,1.68,0.00,0,,210.20,,,,440.00,D,6
1786538101416,tesla,1.68,0.00,0,,210.20,,,,440.00,D,6
1786538101418,tesla,1.68,0.00,0,,210.20,,,,440.00,D,6
1786538101421,tesla,1.68,0.00,0,,210.20,,,,440.00,D,6
1786538101424,tesla,1.68,0.00,0,,204.90,,,,440.00,D,6
1786538101427,tesla,1.68,0.00,0,,204.90,,,,440.00,D,6
1786538101429,tesla,1.68,0.00,0,,204.90,,,,440.00,D,6
1786538101432,tesla,1.68,0.00,0,,204.70,,,,440.00,D,6
1786538101435,tesla,1.68,0.00,0,,204.70,,,,440.00,D,6
1786538101435,tesla,1.68,0.00,0,,204.70,,,,440.00,D,6
1786538101438,tesla,1.68,0.00,0,,204.70,,,,440.00,D,6
1786538101440,tesla,1.68,0.00,0,,204.70,,,,440.00,D,6
1786538101441,tesla,1.68,0.00,0,,204.70,,,,440.00,D,6
1786538101443,tesla,1.68,0.00,0,,204.70,,,,440.00,D,6
1786538101446,tesla,1.68,0.00,0,,204.70,,,,440.00,D,6
1786538101449,tesla,1.68,0.00,0,,204.70,,,,440.00,D,6
1786538101452,tesla,1.68,0.00,0,,204.70,,,,440.00,D,6
1786538101452,tesla,1.68,0.00,0,,204.70,,,,440.00,D,6
1786538101454,tesla,1.68,0.00,0,,204.70,,,,440.00,D,6
1786538101457,tesla,1.68,0.00,0,,204.70,,,,440.00,D,6
1786538101460,tesla,1.68,0.00,0,,204.70,,,,440.00,D,6
1786538101463,tesla,1.68,0.00,0,,204.70,,,,440.00,D,6
1786538101465,tesla,1.68,0.00,0,,204.70,,,,440.00,D,6
1786538101468,tesla,1.68,0.00,0,,204.70,,,,440.00,D,6
1786538101471,tesla,1.68,0.00,0,,204.70,,,,440.00,D,6
1786538101471,tesla,1.68,0.00,0,,204.70,,,,440.00,D,6
1786538101474,tesla,1.68,0.00,0,,204.70,,,,440.00,D,6
1786538101477,tesla,1.68,0.00,0,,204.70,,,,440.00,D,6
1786538101479,tesla,1.68,0.00,0,,204.70,,,,440.00,D,6
1786538101482,tesla,1.68,0.00,0,,204.70,,,,440.00,D,6
1786538101485,tesla,1.68,0.00,0,,204.70,,,,440.00,D,6
1786538101485,tesla,1.68,0.00,0,,204.70,,,,440.00,D,6
1786538101488,tesla,1.68,0.00,0,,204.70,,,,440.00,D,6
1786538101490,tesla,1.68,0.00,0,,204.70,,,,440.00,D,6
1786538101493,tesla,1.68,0.00,0,,204.70,,,,440.00,D,6
1786538101496,tesla,1.68,0.00,0,,204.70,,,,440.00,D,6
1786538101499,tesla,1.68,0.00,0,,204.70,,,,440.00,D,6
1786538101502,tesla,1.68,0.00,0,,204.70,,,,440.00,D,6
1786538101504,tesla,1.68,0.00,0,,204.70,,,,440.00,D,6
1786538101505,tesla,1.68,0.00,0,,204.70,,,,440.00,D,6
1786538101507,tesla,1.68,0.00,0,,204.70,,,,440.00,D,6
1786538101510,tesla,1.68,0.00,0,,204.70,,,,440.00,D,6
1786538101510,tesla,1.68,0.00,0,,204.70,,,,440.00,D,6
1786538101513,tesla,1.68,0.00,0,,204.70,,,,440.00,D,6
1786538101515,tesla,1.68,0.00,0,,204.70,,,,440.00,D,6
1786538101516,tesla,1.68,0.00,0,,204.70,,,,440.00,D,6
1786538101518,tesla,1.68,0.00,0,,204.70,,,,440.00,D,6
1786538101521,tesla,1.68,0.00,0,,204.70,,,,440.00,D,6
1786538101521,tesla,1.68,0.00,0,,204.70,,,,440.00,D,6
1786538101524,tesla,1.68,0.00,0,,204.70,,,,440.00,D,6
1786538101527,tesla,1.68,0.00,0,,204.70,,,,440.00,D,6
1786538101529,tesla,1.68,0.00,0,,204.70,,,,440.00,D,6
1786538101532,tesla,1.68,0.00,0,,204.70,,,,440.00,D,6
1786538101535,tesla,1.68,0.00,0,,204.70,,,,440.00,D,6
1786538101538,tesla,1.68,0.00,0,,204.70,,,,440.00,D,6
1786538101538,tesla,1.68,0.00,0,,204.70,,,,440.00,D,6
1786538101540,tesla,1.68,0.00,0,,204.70,,,,440.00,D,6
1786538101543,tesla,1.68,0.00,0,,204.70,,,,440.00,D,6
1786538101546,tesla,1.68,0.00,0,,204.70,,,,440.00,D,6
1786538101546,tesla,1.68,0.00,0,,204.70,,,,440.00,D,6
1786538101549,tesla,1.68,0.00,0,,204.70,,,,440.00,D,6
1786538101552,tesla,1.68,0.00,0,,204.70,,,,440.00,D,6
1786538101552,tesla,1.68,0.00,0,,204.70,,,,440.00,D,6
1786538101554,tesla,1.68,0.00,0,,204.70,,,,440.00,D,6
1786538101557,tesla,1.68,0.00,0,,204.70,,,,440.00,D,6
1786538101560,tesla,1.68,0.00,0,,204.70,,,,440.00,D,6
1786538101560,tesla,1.68,0.00,0,,204.70,,,,440.00,D,6
1786538101563,tesla,1.68,0.00,0,,204.70,,,,440.00,D,6
1786538101563,tesla,1.68,0.00,0,,204.70,,,,440.00,D,6
1786538101565,tesla,1.68,0.00,0,,204.70,,,,440.00,D,6
1786538101568,tesla,1.68,0.00,0,,204.70,,,,440.00,D,6
1786538101571,tesla,1.68,0.00,0,,204.70,,,,440.00,D,6
1786538101574,tesla,1.68,0.00,0,,204.70,,,,440.00,D,6
1786538101577,tesla,1.68,0.00,0,,204.70,,,,440.00,D,6
1786538101577,tesla,1.68,0.00,0,,204.70,,,,440.00,D,6
1786538101579,tesla,1.68,0.00,0,,204.70,,,,440.00,D,6
1786538101582,tesla,1.68,0.00,0,,204.70,,,,440.00,D,6
1786538101585,tesla,1.44,0.00,0,,204.70,,,,440.00,D,6
1786538101588,tesla,1.44,0.00,0,,204.70,,,,440.00,D,6
1786538101588,tesla,1.44,0.00,0,,204.70,,,,440.00,D,6
1786538101590,tesla,1.44,0.00,0,,204.70,,,,440.00,D,6
1786538101593,tesla,1.44,0.00,0,,204.70,,,,440.00,D,6
1786538101593,tesla,1.44,0.00,0,,204.70,,,,440.00,D,6
1786538101596,tesla,1.44,0.00,0,,204.70,,,,440.00,D,6
1786538101599,tesla,1.44,0.00,0,,204.70,,,,440.00,D,6
1786538101602,tesla,1.44,0.00,0,,204.70,,,,440.00,D,6
1786538101604,tesla,1.44,0.00,0,,204.70,,,,440.00,D,6
1786538101607,tesla,1.44,0.00,0,,204.70,,,,440.00,D,6
1786538101610,tesla,1.44,0.00,0,,204.70,,,,440.00,D,6
1786538101613,tesla,1.44,0.00,0,,204.70,,,,440.00,D,6
1786538101613,tesla,1.44,0.00,0,,204.70,,,,440.00,D,6
1786538101615,tesla,1.44,0.00,0,,204.70,,,,440.00,D,6
1786538101618,tesla,1.44,0.00,0,,204.70,,,,440.00,D,6
1786538101621,tesla,1.44,0.00,0,,200.20,,,,440.00,D,6
1786538101624,tesla,1.44,0.00,0,,200.20,,,,440.00,D,6
1786538101627,tesla,1.44,0.00,0,,200.20,,,,440.00,D,6
1786538101629,tesla,1.44,0.00,0,,200.20,,,,440.00,D,6
1786538101632,tesla,1.44,0.00,0,,200.20,,,,440.00,D,6
1786538101632,tesla,1.44,0.00,0,,200.20,,,,440.00,D,6
1786538101635,tesla,1.44,0.00,0,,200.20,,,,440.00,D,6
1786538101638,tesla,1.44,0.00,0,,200.20,,,,440.00,D,6
1786538101640,tesla,1.44,0.00,0,,200.20,,,,440.00,D,6
1786538101641,tesla,1.44,0.00,0,,200.20,,,,440.00,D,6
1786538101643,tesla,1.44,0.00,0,,200.20,,,,440.00,D,6
1786538101646,tesla,1.44,0.00,0,,200.20,,,,440.00,D,6
1786538101649,tesla,1.44,0.00,0,,200.20,,,,440.00,D,6
1786538101652,tesla,1.44,0.00,0,,200.20,,,,440.00,D,6
1786538101652,tesla,1.44,0.00,0,,200.20,,,,440.00,D,6
1786538101654,tesla,1.44,0.00,0,,200.20,,,,440.00,D,6
1786538101657,tesla,1.44,0.00,0,,200.20,,,,440.00,D,6
1786538101660,tesla,1.44,0.00,0,,200.20,,,,440.00,D,6
1786538101663,tesla,1.44,0.00,0,,200.20,,,,440.00,D,6
1786538101665,tesla,1.44,0.00,0,,200.20,,,,440.00,D,6
1786538101666,tesla,1.44,0.00,0,,200.20,,,,440.00,D,6
1786538101668,tesla,1.44,0.00,0,,200.20,,,,440.00,D,6
1786538101671,tesla,1.44,0.00,0,,200.20,,,,440.00,D,6
1786538101674,tesla,1.44,0.00,0,,200.20,,,,440.00,D,6
1786538101677,tesla,1.44,0.00,0,,200.20,,,,440.00,D,6
1786538101679,tesla,1.44,0.00,0,,200.20,,,,440.00,D,6
1786538101682,tesla,1.44,0.00,0,,200.20,,,,440.00,D,6
1786538101685,tesla,1.44,0.00,0,,200.20,,,,440.00,D,6
1786538101685,tesla,1.44,0.00,0,,200.20,,,,440.00,D,6
1786538101688,tesla,1.44,0.00,0,,200.20,,,,440.00,D,6
1786538101690,tesla,1.44,0.00,0,,200.20,,,,440.00,D,6
1786538101693,tesla,1.44,0.00,0,,200.20,,,,440.00,D,6
1786538101696,tesla,1.44,0.00,0,,200.20,,,,440.00,D,6
1786538101699,tesla,1.44,0.00,0,,200.20,,,,440.00,D,6
1786538101699,tesla,1.44,0.00,0,,200.20,,,,440.00,D,6
1786538101702,tesla,1.44,0.00,0,,200.20,,,,440.00,D,6
1786538101704,tesla,1.44,0.00,0,,200.20,,,,440.00,D,6
1786538101707,tesla,1.44,0.00,0,,200.20,,,,440.00,D,6
1786538101710,tesla,1.44,0.00,0,,200.20,,,,440.00,D,6
1786538101710,tesla,1.44,0.00,0,,200.20,,,,440.00,D,6
1786538101713,tesla,1.44,0.00,0,,200.20,,,,440.00,D,6
1786538101716,tesla,1.44,0.00,0,,200.20,,,,440.00,D,6
1786538101716,tesla,1.44,0.00,0,,200.20,,,,440.00,D,6
1786538101718,tesla,1.44,0.00,0,,200.20,,,,440.00,D,6
1786538101721,tesla,1.44,0.00,0,,200.20,,,,440.00,D,6
1786538101721,tesla,1.44,0.00,0,,200.20,,,,440.00,D,6
1786538101724,tesla,1.44,0.00,0,,200.20,,,,440.00,D,6
1786538101727,tesla,1.44,0.00,0,,200.20,,,,440.00,D,6
1786538101729,tesla,1.44,0.00,0,,200.20,,,,440.00,D,6
1786538101730,tesla,1.44,0.00,0,,200.20,,,,440.00,D,6
1786538101732,tesla,1.44,0.00,0,,200.20,,,,440.00,D,6
1786538101735,tesla,1.44,0.00,0,,200.20,,,,440.00,D,6
1786538101738,tesla,1.44,0.00,0,,200.20,,,,440.00,D,6
1786538101741,tesla,1.44,0.00,0,,200.20,,,,440.00,D,6
1786538101741,tesla,1.44,0.00,0,,200.20,,,,440.00,D,6
1786538101743,tesla,1.44,0.00,0,,200.20,,,,440.00,D,6
1786538101746,tesla,1.44,0.00,0,,200.20,,,,440.00,D,6
1786538101749,tesla,1.44,0.00,0,,200.20,,,,440.00,D,6
1786538101749,tesla,1.44,0.00,0,,200.20,,,,440.00,D,6
1786538101752,tesla,1.44,0.00,0,,200.20,,,,440.00,D,6
1786538101754,tesla,1.44,0.00,0,,200.20,,,,440.00,D,6
1786538101757,tesla,1.44,0.00,0,,200.20,,,,440.00,D,6
1786538101760,tesla,1.44,0.00,0,,200.20,,,,440.00,D,6
1786538101763,tesla,1.44,0.00,0,,200.20,,,,440.00,D,6
1786538101763,tesla,1.44,0.00,0,,200.20,,,,440.00,D,6
1786538101765,tesla,1.44,0.00,0,,200.20,,,,440.00,D,6
1786538101768,tesla,1.44,0.00,0,,200.20,,,,440.00,D,6
1786538101771,tesla,1.44,0.00,0,,200.20,,,,440.00,D,6
1786538101774,tesla,1.44,0.00,0,,200.20,,,,440.00,D,6
1786538101774,tesla,1.44,0.00,0,,200.20,,,,440.00,D,6
1786538101777,tesla,1.44,0.00,0,,200.20,,,,440.00,D,6
1786538101779,tesla,1.44,0.00,0,,200.20,,,,440.00,D,6
1786538101782,tesla,1.44,0.00,0,,200.20,,,,440.00,D,6
1786538101785,tesla,1.44,0.00,0,,200.20,,,,440.00,D,6
1786538101788,tesla,1.44,0.00,0,,200.20,,,,0.00,D,6
1786538101788,tesla,1.44,0.00,0,,200.20,,,,0.00,D,6
1786538101790,tesla,1.44,0.00,0,,200.20,,,,0.00,D,6
1786538101793,tesla,1.44,0.00,0,,200.20,,,,0.00,D,6
1786538101793,tesla,1.44,0.00,0,,200.20,,,,0.00,D,6
1786538101796,tesla,1.44,0.00,0,,200.20,,,,0.00,D,6
1786538101799,tesla,1.44,0.00,0,,200.20,,,,0.00,D,6
1786538101802,tesla,1.44,0.00,0,,200.20,,,,0.00,D,6
1786538101804,tesla,1.44,0.00,0,,200.20,,,,0.00,D,6
1786538101807,tesla,1.44,0.00,0,,200.20,,,,0.00,D,6
1786538101810,tesla,1.44,0.00,0,,200.20,,,,0.00,D,6
1786538101810,tesla,1.44,0.00,0,,200.20,,,,0.00,D,6
1786538101813,tesla,1.44,0.00,0,,200.20,,,,0.00,D,6
1786538101815,tesla,1.44,0.00,0,,197.50,,,,0.00,D,6
1786538101818,tesla,1.44,0.00,0,,197.50,,,,0.00,D,6
1786538101821,tesla,1.44,0.00,0,,197.40,,,,0.00,D,6
1786538101824,tesla,1.44,0.00,0,,197.40,,,,0.00,D,6
1786538101827,tesla,1.44,0.00,0,,197.40,,,,0.00,D,6
1786538101829,tesla,1.44,0.00,0,,197.40,,,,0.00,D,6
1786538101830,tesla,1.44,0.00,0,,197.40,,,,0.00,D,6
1786538101832,tesla,1.44,0.00,0,,197.40,,,,0.00,D,6
1786538101835,tesla,1.44,0.00,0,,197.40,,,,0.00,D,6
1786538101838,tesla,1.44,0.00,0,,197.40,,,,0.00,D,6
1786538101840,tesla,1.44,0.00,0,,197.40,,,,0.00,D,6
1786538101843,tesla,1.44,0.00,0,,197.40,,,,0.00,D,6
1786538101843,tesla,1.44,0.00,0,,197.40,,,,0.00,D,6
1786538101846,tesla,1.44,0.00,0,,197.40,,,,0.00,D,6
1786538101849,tesla,1.44,0.00,0,,197.40,,,,0.00,D,6
1786538101849,tesla,1.44,0.00,0,,197.40,,,,0.00,D,6
1786538101852,tesla,1.44,0.00,0,,197.40,,,,0.00,D,6
1786538101854,tesla,1.44,0.00,0,,197.40,,,,0.00,D,6
1786538101857,tesla,1.44,0.00,0,,197.40,,,,0.00,D,6
1786538101860,tesla,1.44,0.00,0,,197.40,,,,0.00,D,6
1786538101863,tesla,1.44,0.00,0,,197.40,,,,0.00,D,6
1786538101865,tesla,1.44,0.00,0,,197.40,,,,0.00,D,6
1786538101868,tesla,1.44,0.00,0,,197.40,,,,0.00,D,6
1786538101868,tesla,1.44,0.00,0,,197.40,,,,0.00,D,6
1786538101871,tesla,1.44,0.00,0,,197.40,,,,0.00,D,6
1786538101874,tesla,1.44,0.00,0,,197.40,,,,0.00,D,6
1786538101877,tesla,1.44,0.00,0,,197.40,,,,0.00,D,6
1786538101879,tesla,1.44,0.00,0,,197.40,,,,0.00,D,6
1786538101882,tesla,1.44,0.00,0,,197.40,,,,0.00,D,6
1786538101885,tesla,1.44,0.00,0,,197.40,,,,0.00,D,6
1786538101888,tesla,1.44,0.00,0,,197.40,,,,0.00,D,6
1786538101888,tesla,1.44,0.00,0,,197.40,,,,0.00,D,6
1786538101890,tesla,1.44,0.00,0,,197.40,,,,0.00,D,6
1786538101893,tesla,1.44,0.00,0,,197.40,,,,0.00,D,6
1786538101896,tesla,1.44,0.00,0,,197.40,,,,0.00,D,6
1786538101899,tesla,1.44,0.00,0,,197.40,,,,0.00,D,6
1786538101899,tesla,1.44,0.00,0,,197.40,,,,0.00,D,6
1786538101902,tesla,1.44,0.00,0,,197.40,,,,0.00,D,6
1786538101904,tesla,1.44,0.00,0,,197.40,,,,0.00,D,6
1786538101907,tesla,1.44,0.00,0,,197.40,,,,0.00,D,6
1786538101910,tesla,1.44,0.00,0,,197.40,,,,0.00,D,6
1786538101910,tesla,1.44,0.00,0,,197.40,,,,0.00,D,6
1786538101913,tesla,1.44,0.00,0,,197.40,,,,0.00,D,6
1786538101915,tesla,1.44,0.00,0,,197.40,,,,0.00,D,6
1786538101918,tesla,1.44,0.00,0,,197.40,,,,0.00,D,6
1786538101918,tesla,1.44,0.00,0,,197.40,,,,0.00,D,6
1786538101921,tesla,1.44,0.00,0,,197.40,,,,0.00,D,6
1786538101924,tesla,1.44,0.00,0,,197.40,,,,0.00,D,6
1786538101927,tesla,1.44,0.00,0,,197.40,,,,0.00,D,6
1786538101929,tesla,1.44,0.00,0,,197.40,,,,0.00,D,6
1786538101932,tesla,1.44,0.00,0,,197.40,,,,0.00,D,6
1786538101932,tesla,1.44,0.00,0,,197.40,,,,0.00,D,6
1786538101935,tesla,1.44,0.00,0,,197.40,,,,0.00,D,6
1786538101938,tesla,1.44,0.00,0,,197.40,,,,0.00,D,6
1786538101940,tesla,1.44,0.00,0,,197.40,,,,0.00,D,6
1786538101943,tesla,1.44,0.00,0,,197.40,,,,0.00,D,6
1786538101946,tesla,1.44,0.00,0,,197.40,,,,0.00,D,6
1786538101949,tesla,1.44,0.00,0,,197.40,,,,0.00,D,6
1786538101949,tesla,1.44,0.00,0,,197.40,,,,0.00,D,6
1786538101952,tesla,1.44,0.00,0,,197.40,,,,0.00,D,6
1786538101954,tesla,1.44,0.00,0,,197.40,,,,0.00,D,6
1786538101955,tesla,1.44,0.00,0,,197.40,,,,0.00,D,6
1786538101957,tesla,1.44,0.00,0,,197.40,,,,0.00,D,6
1786538101960,tesla,1.44,0.00,0,,197.40,,,,0.00,D,6
1786538101963,tesla,1.44,0.00,0,,197.40,,,,0.00,D,6
1786538101963,tesla,1.44,0.00,0,,197.40,,,,0.00,D,6
1786538101965,tesla,1.44,0.00,0,,197.40,,,,0.00,D,6
1786538101968,tesla,1.44,0.00,0,,197.40,,,,0.00,D,6
1786538101971,tesla,1.44,0.00,0,,197.40,,,,0.00,D,6
1786538101974,tesla,1.44,0.00,0,,197.40,,,,0.00,D,6
1786538101977,tesla,1.44,0.00,0,,197.40,,,,0.00,D,6
1786538101977,tesla,1.44,0.00,0,,197.40,,,,0.00,D,6
1786538101979,tesla,1.44,0.00,0,,197.40,,,,0.00,D,6
1786538101982,tesla,1.44,0.00,0,,197.40,,,,0.00,D,6
1786538101985,tesla,0.80,0.00,0,,197.40,,,,0.00,D,6
1786538101985,tesla,0.80,0.00,0,,197.40,,,,0.00,D,6
1786538101988,tesla,0.80,0.00,0,,197.40,,,,0.00,D,6
1786538101990,tesla,0.80,0.00,0,,197.40,,,,0.00,D,6
1786538101993,tesla,0.80,0.00,0,,197.40,,,,0.00,D,6
1786538101996,tesla,0.80,0.00,0,,197.40,,,,0.00,D,6
1786538101999,tesla,0.80,0.00,0,,197.40,,,,0.00,D,6
1786538101999,tesla,0.80,0.00,0,,197.40,,,,0.00,D,6
1786538102002,tesla,0.80,0.00,0,,197.40,,,,0.00,D,6
1786538102004,tesla,0.80,0.00,0,,197.40,,,,0.00,D,6
1786538102007,tesla,0.80,0.00,0,,195.20,,,,0.00,D,6
1786538102010,tesla,0.80,0.00,0,,195.20,,,,0.00,D,6
1786538102013,tesla,0.80,0.00,0,,195.20,,,,0.00,D,6
1786538102015,tesla,0.80,0.00,0,,195.10,,,,0.00,D,6
1786538102018,tesla,0.80,0.00,0,,195.10,,,,0.00,D,6
1786538102018,tesla,0.80,0.00,0,,195.00,,,,0.00,D,6
1786538102021,tesla,0.80,0.00,0,,195.00,,,,0.00,D,6
1786538102024,tesla,0.80,0.00,0,,195.00,,,,0.00,D,6
1786538102027,tesla,0.80,0.00,0,,195.00,,,,0.00,D,6
1786538102029,tesla,0.80,0.00,0,,195.00,,,,0.00,D,6
1786538102032,tesla,0.80,0.00,0,,195.00,,,,0.00,D,6
1786538102035,tesla,0.80,0.00,0,,195.00,,,,0.00,D,6
1786538102035,tesla,0.80,0.00,0,,195.00,,,,0.00,D,6
1786538102038,tesla,0.80,0.00,0,,195.00,,,,0.00,D,6
1786538102040,tesla,0.80,0.00,0,,195.00,,,,0.00,D,6
1786538102043,tesla,0.80,0.00,0,,195.00,,,,0.00,D,6
1786538102046,tesla,0.80,0.00,0,,195.00,,,,0.00,D,6
1786538102046,tesla,0.80,0.00,0,,195.00,,,,0.00,D,6
1786538102049,tesla,0.80,0.00,0,,195.00,,,,0.00,D,6
1786538102052,tesla,0.80,0.00,0,,195.00,,,,0.00,D,6
1786538102054,tesla,0.80,0.00,0,,195.00,,,,0.00,D,6
1786538102057,tesla,0.80,0.00,0,,195.00,,,,0.00,D,6
1786538102060,tesla,0.80,0.00,0,,195.00,,,,0.00,D,6
1786538102060,tesla,0.80,0.00,0,,195.00,,,,0.00,D,6
1786538102063,tesla,0.80,0.00,0,,195.00,,,,0.00,D,6
1786538102066,tesla,0.80,0.00,0,,195.00,,,,0.00,D,6
1786538102066,tesla,0.80,0.00,0,,195.00,,,,0.00,D,6
1786538102068,tesla,0.80,0.00,0,,195.00,,,,0.00,D,6
1786538102071,tesla,0.80,0.00,0,,195.00,,,,0.00,D,6
1786538102074,tesla,0.80,0.00,0,,195.00,,,,0.00,D,6
1786538102077,tesla,0.80,0.00,0,,195.00,,,,0.00,D,6
1786538102079,tesla,0.80,0.00,0,,195.00,,,,0.00,D,6
1786538102082,tesla,0.80,0.00,0,,195.00,,,,0.00,D,6
1786538102082,tesla,0.80,0.00,0,,195.00,,,,0.00,D,6
1786538102085,tesla,0.80,0.00,0,,195.00,,,,0.00,D,6
1786538102088,tesla,0.80,0.00,0,,195.00,,,,0.00,D,6
1786538102090,tesla,0.80,0.00,0,,195.00,,,,0.00,D,6
1786538102093,tesla,0.80,0.00,0,,195.00,,,,0.00,D,6
1786538102096,tesla,0.80,0.00,0,,195.00,,,,0.00,D,6
1786538102096,tesla,0.80,0.00,0,,195.00,,,,0.00,D,6
1786538102099,tesla,0.80,0.00,0,,195.00,,,,0.00,D,6
1786538102102,tesla,0.80,0.00,0,,195.00,,,,0.00,D,6
1786538102104,tesla,0.80,0.00,0,,195.00,,,,0.00,D,6
1786538102107,tesla,0.80,0.00,0,,195.00,,,,0.00,D,6
1786538102107,tesla,0.80,0.00,0,,195.00,,,,0.00,D,6
1786538102110,tesla,0.80,0.00,0,,195.00,,,,0.00,D,6
1786538102113,tesla,0.80,0.00,0,,195.00,,,,0.00,D,6
1786538102113,tesla,0.80,0.00,0,,195.00,,,,0.00,D,6
1786538102115,tesla,0.80,0.00,0,,195.00,,,,0.00,D,6
1786538102118,tesla,0.80,0.00,0,,195.00,,,,0.00,D,6
1786538102121,tesla,0.80,0.00,0,,195.00,,,,0.00,D,6
1786538102121,tesla,0.80,0.00,0,,195.00,,,,0.00,D,6
1786538102124,tesla,0.80,0.00,0,,195.00,,,,0.00,D,6
1786538102127,tesla,0.80,0.00,0,,195.00,,,,0.00,D,6
1786538102129,tesla,0.80,0.00,0,,195.00,,,,0.00,D,6
1786538102132,tesla,0.80,0.00,0,,195.00,,,,0.00,D,6
1786538102132,tesla,0.80,0.00,0,,195.00,,,,0.00,D,6
1786538102135,tesla,0.80,0.00,0,,195.00,,,,0.00,D,6
1786538102138,tesla,0.80,0.00,0,,195.00,,,,0.00,D,6
1786538102140,tesla,0.80,0.00,0,,195.00,,,,0.00,D,6
1786538102141,tesla,0.80,0.00,0,,195.00,,,,0.00,D,6
1786538102143,tesla,0.80,0.00,0,,195.00,,,,0.00,D,6
1786538102146,tesla,0.80,0.00,0,,195.00,,,,0.00,D,6
1786538102149,tesla,0.80,0.00,0,,195.00,,,,0.00,D,6
1786538102149,tesla,0.80,0.00,0,,195.00,,,,0.00,D,6
1786538102152,tesla,0.80,0.00,0,,195.00,,,,0.00,D,6
1786538102154,tesla,0.80,0.00,0,,195.00,,,,0.00,D,6
1786538102157,tesla,0.80,0.00,0,,195.00,,,,0.00,D,6
1786538102160,tesla,0.80,0.00,0,,195.00,,,,0.00,D,6
1786538102160,tesla,0.80,0.00,0,,195.00,,,,0.00,D,6
1786538102163,tesla,0.80,0.00,0,,195.00,,,,0.00,D,6
1786538102166,tesla,0.80,0.00,0,,195.00,,,,0.00,D,6
1786538102168,tesla,0.80,0.00,0,,195.00,,,,0.00,D,6
1786538102168,tesla,0.80,0.00,0,,195.00,,,,0.00,D,6
1786538102171,tesla,0.80,0.00,0,,195.00,,,,0.00,D,6
1786538102174,tesla,0.80,0.00,0,,195.00,,,,0.00,D,6
1786538102177,tesla,0.80,0.00,0,,195.00,,,,0.00,D,6
1786538102179,tesla,0.80,0.00,0,,195.00,,,,0.00,D,6
1786538102179,tesla,0.48,0.00,0,,195.00,,,,0.00,D,6
1786538102182,tesla,0.48,0.00,0,,195.00,,,,0.00,D,6
1786538102185,tesla,0.48,0.00,0,,195.00,,,,0.00,D,6
1786538102188,tesla,0.48,0.00,0,,195.00,,,,0.00,D,6
1786538102188,tesla,0.48,0.00,0,,195.00,,,,0.00,D,6
1786538102190,tesla,0.48,0.00,0,,195.00,,,,0.00,D,6
1786538102193,tesla,0.48,0.00,0,,195.00,,,,0.00,D,6
1786538102196,tesla,0.48,0.00,0,,195.00,,,,0.00,D,6
1786538102199,tesla,0.48,0.00,0,,195.00,,,,0.00,D,6
1786538102202,tesla,0.48,0.00,0,,195.00,,,,0.00,D,6
1786538102204,tesla,0.48,0.00,0,,195.00,,,,0.00,D,6
1786538102207,tesla,0.48,0.00,0,,193.80,,,,0.00,D,6
1786538102207,tesla,0.48,0.00,0,,193.80,,,,0.00,D,6
1786538102210,tesla,0.48,0.00,0,,193.80,,,,0.00,D,6
1786538102213,tesla,0.48,0.00,0,,193.70,,,,0.00,D,6
1786538102215,tesla,0.48,0.00,0,,193.70,,,,0.00,D,6
1786538102218,tesla,0.48,0.00,0,,193.70,,,,0.00,D,6
1786538102218,tesla,0.48,0.00,0,,193.70,,,,0.00,D,6
1786538102221,tesla,0.48,0.00,0,,193.70,,,,0.00,D,6
1786538102224,tesla,0.48,0.00,0,,193.70,,,,0.00,D,6
1786538102227,tesla,0.48,0.00,0,,193.70,,,,0.00,D,6
1786538102229,tesla,0.48,0.00,0,,193.70,,,,0.00,D,6
1786538102232,tesla,0.48,0.00,0,,193.70,,,,0.00,D,6
1786538102235,tesla,0.48,0.00,0,,193.70,,,,0.00,D,6
1786538102238,tesla,0.48,0.00,0,,193.70,,,,0.00,D,6
1786538102238,tesla,0.48,0.00,0,,193.70,,,,0.00,D,6
1786538102240,tesla,0.48,0.00,0,,193.70,,,,0.00,D,6
1786538102243,tesla,0.48,0.00,0,,193.70,,,,0.00,D,6
1786538102246,tesla,0.48,0.00,0,,193.70,,,,0.00,D,6
1786538102249,tesla,0.48,0.00,0,,193.70,,,,0.00,D,6
1786538102252,tesla,0.48,0.00,0,,193.70,,,,0.00,D,6
1786538102254,tesla,0.48,0.00,0,,193.70,,,,0.00,D,6
1786538102255,tesla,0.48,0.00,0,,193.70,,,,0.00,D,6
1786538102257,tesla,0.48,0.00,0,,193.70,,,,0.00,D,6
1786538102260,tesla,0.48,0.00,0,,193.70,,,,0.00,D,6
1786538102263,tesla,0.48,0.00,0,,193.70,,,,0.00,D,6
1786538102265,tesla,0.48,0.00,0,,193.70,,,,0.00,D,6
1786538102268,tesla,0.48,0.00,0,,193.70,,,,0.00,D,6
1786538102268,tesla,0.48,0.00,0,,193.70,,,,0.00,D,6
1786538102271,tesla,0.48,0.00,0,,193.70,,,,0.00,D,6
1786538102274,tesla,0.48,0.00,0,,193.70,,,,0.00,D,6
1786538102277,tesla,0.48,0.00,0,,193.70,,,,0.00,D,6
1786538102279,tesla,0.48,0.00,0,,193.70,,,,0.00,D,6
1786538102280,tesla,0.48,0.00,0,,193.70,,,,0.00,D,6
1786538102282,tesla,0.48,0.00,0,,193.70,,,,0.00,D,6
1786538102285,tesla,0.48,0.00,0,,193.70,,,,0.00,D,6
1786538102288,tesla,0.48,0.00,0,,193.70,,,,0.00,D,6
1786538102290,tesla,0.48,0.00,0,,193.70,,,,0.00,D,6
1786538102291,tesla,0.48,0.00,0,,193.70,,,,0.00,D,6
1786538102293,tesla,0.48,0.00,0,,193.70,,,,0.00,D,6
1786538102296,tesla,0.48,0.00,0,,193.70,,,,0.00,D,6
1786538102299,tesla,0.48,0.00,0,,193.70,,,,0.00,D,6
1786538102299,tesla,0.48,0.00,0,,193.70,,,,0.00,D,6
1786538102302,tesla,0.48,0.00,0,,193.70,,,,0.00,D,6
1786538102304,tesla,0.48,0.00,0,,193.70,,,,0.00,D,6
1786538102307,tesla,0.48,0.00,0,,193.70,,,,0.00,D,6
1786538102310,tesla,0.48,0.00,0,,193.70,,,,0.00,D,6
1786538102313,tesla,0.48,0.00,0,,193.70,,,,0.00,D,6
1786538102315,tesla,0.48,0.00,0,,193.70,,,,0.00,D,6
1786538102318,tesla,0.48,0.00,0,,193.70,,,,0.00,D,6
1786538102318,tesla,0.48,0.00,0,,193.70,,,,0.00,D,6
1786538102321,tesla,0.48,0.00,0,,193.70,,,,0.00,D,6
1786538102324,tesla,0.48,0.00,0,,193.70,,,,0.00,D,6
1786538102324,tesla,0.48,0.00,0,,193.70,,,,0.00,D,6
1786538102327,tesla,0.48,0.00,0,,193.70,,,,0.00,D,6
1786538102329,tesla,0.48,0.00,0,,193.70,,,,0.00,D,6
1786538102332,tesla,0.48,0.00,0,,193.70,,,,0.00,D,6
1786538102335,tesla,0.48,0.00,0,,193.70,,,,0.00,D,6
1786538102338,tesla,0.48,0.00,0,,193.70,,,,0.00,D,6
1786538102340,tesla,0.48,0.00,0,,193.70,,,,0.00,D,6
1786538102341,tesla,0.48,0.00,0,,193.70,,,,0.00,D,6
1786538102343,tesla,0.48,0.00,0,,193.70,,,,0.00,D,6
1786538102346,tesla,0.48,0.00,0,,193.70,,,,0.00,D,6
1786538102346,tesla,0.48,0.00,0,,193.70,,,,0.00,D,6
1786538102349,tesla,0.48,0.00,0,,193.70,,,,0.00,D,6
1786538102352,tesla,0.48,0.00,0,,193.70,,,,0.00,D,6
1786538102354,tesla,0.48,0.00,0,,193.70,,,,0.00,D,6
1786538102357,tesla,0.48,0.00,0,,193.70,,,,0.00,D,6
1786538102357,tesla,0.48,0.00,0,,193.70,,,,0.00,D,6
1786538102360,tesla,0.48,0.00,0,,193.70,,,,0.00,D,6
1786538102363,tesla,0.24,0.00,0,,193.70,,,,0.00,D,6
1786538102365,tesla,0.24,0.00,0,,193.70,,,,0.00,D,6
1786538102366,tesla,0.24,0.00,0,,193.70,,,,0.00,D,6
1786538102368,tesla,0.24,0.00,0,,193.70,,,,0.00,D,6
1786538102371,tesla,0.24,0.00,0,,193.70,,,,0.00,D,6
1786538102374,tesla,0.24,0.00,0,,193.70,,,,0.00,D,6
1786538102377,tesla,0.24,0.00,0,,193.70,,,,0.00,D,6
1786538102377,tesla,0.24,0.00,0,,193.70,,,,0.00,D,6
1786538102379,tesla,0.24,0.00,0,,193.70,,,,0.00,D,6
1786538102382,tesla,0.24,0.00,0,,193.70,,,,0.00,D,6
1786538102385,tesla,0.24,0.00,0,,193.70,,,,0.00,D,6
1786538102388,tesla,0.24,0.00,0,,193.70,,,,0.00,D,6
1786538102390,tesla,0.24,0.00,0,,193.70,,,,0.00,D,6
1786538102391,tesla,0.24,0.00,0,,193.70,,,,0.00,D,6
1786538102393,tesla,0.24,0.00,0,,193.70,,,,0.00,D,6
1786538102396,tesla,0.24,0.00,0,,193.70,,,,0.00,D,6
1786538102399,tesla,0.24,0.00,0,,193.70,,,,0.00,D,6
1786538102402,tesla,0.24,0.00,0,,193.70,,,,0.00,D,6
1786538102404,tesla,0.24,0.00,0,,193.00,,,,0.00,D,6
1786538102404,tesla,0.24,0.00,0,,193.00,,,,0.00,D,6
1786538102407,tesla,0.24,0.00,0,,193.00,,,,0.00,D,6
1786538102410,tesla,0.24,0.00,0,,193.00,,,,0.00,D,6
1786538102413,tesla,0.24,0.00,0,,193.00,,,,0.00,D,6
1786538102415,tesla,0.24,0.00,0,,193.00,,,,0.00,D,6
1786538102418,tesla,0.24,0.00,0,,193.00,,,,0.00,D,6
1786538102418,tesla,0.24,0.00,0,,193.00,,,,0.00,D,6
1786538102421,tesla,0.24,0.00,0,,193.00,,,,0.00,D,6
1786538102424,tesla,0.24,0.00,0,,193.00,,,,0.00,D,6
1786538102427,tesla,0.24,0.00,0,,193.00,,,,0.00,D,6
1786538102427,tesla,0.24,0.00,0,,193.00,,,,0.00,D,6
1786538102429,tesla,0.24,0.00,0,,193.00,,,,0.00,D,6
1786538102432,tesla,0.24,0.00,0,,193.00,,,,0.00,D,6
1786538102435,tesla,0.24,0.00,0,,193.00,,,,0.00,D,6
1786538102438,tesla,0.24,0.00,0,,193.00,,,,0.00,D,6
1786538102440,tesla,0.24,0.00,0,,193.00,,,,0.00,D,6
1786538102443,tesla,0.24,0.00,0,,193.00,,,,0.00,D,6
1786538102443,tesla,0.24,0.00,0,,193.00,,,,0.00,D,6
1786538102446,tesla,0.24,0.00,0,,193.00,,,,0.00,D,6
1786538102449,tesla,0.24,0.00,0,,193.00,,,,0.00,D,6
1786538102452,tesla,0.24,0.00,0,,193.00,,,,0.00,D,6
1786538102454,tesla,0.24,0.00,0,,193.00,,,,0.00,D,6
1786538102455,tesla,0.24,0.00,0,,193.00,,,,0.00,D,6
1786538102457,tesla,0.24,0.00,0,,193.00,,,,0.00,D,6
1786538102460,tesla,0.24,0.00,0,,193.00,,,,0.00,D,6
1786538102463,tesla,0.24,0.00,0,,193.00,,,,0.00,D,6
1786538102465,tesla,0.24,0.00,0,,193.00,,,,0.00,D,6
1786538102468,tesla,0.24,0.00,0,,193.00,,,,0.00,D,6
1786538102471,tesla,0.24,0.00,0,,193.00,,,,0.00,D,6
1786538102474,tesla,0.24,0.00,0,,193.00,,,,0.00,D,6
1786538102474,tesla,0.24,0.00,0,,193.00,,,,0.00,D,6
1786538102477,tesla,0.24,0.00,0,,193.00,,,,0.00,D,6
1786538102479,tesla,0.24,0.00,0,,193.00,,,,0.00,D,6
1786538102482,tesla,0.24,0.00,0,,193.00,,,,0.00,D,6
1786538102485,tesla,0.24,0.00,0,,193.00,,,,0.00,D,6
1786538102488,tesla,0.24,0.00,0,,193.00,,,,0.00,D,6
1786538102490,tesla,0.24,0.00,0,,193.00,,,,0.00,D,6
1786538102491,tesla,0.24,0.00,0,,193.00,,,,0.00,D,6
1786538102493,tesla,0.24,0.00,0,,193.00,,,,0.00,D,6
1786538102496,tesla,0.24,0.00,0,,193.00,,,,0.00,D,6
1786538102499,tesla,0.24,0.00,0,,193.00,,,,0.00,D,6
1786538102499,tesla,0.24,0.00,0,,193.00,,,,0.00,D,6
1786538102502,tesla,0.24,0.00,0,,193.00,,,,0.00,D,6
1786538102504,tesla,0.24,0.00,0,,193.00,,,,0.00,D,6
1786538102507,tesla,0.24,0.00,0,,193.00,,,,0.00,D,6
1786538102510,tesla,0.24,0.00,0,,193.00,,,,0.00,D,6
1786538102513,tesla,0.24,0.00,0,,193.00,,,,0.00,D,6
1786538102513,tesla,0.24,0.00,0,,193.00,,,,0.00,D,6
1786538102515,tesla,0.24,0.00,0,,193.00,,,,0.00,D,6
1786538102518,tesla,0.24,0.00,0,,193.00,,,,0.00,D,6
1786538102518,tesla,0.24,0.00,0,,193.00,,,,0.00,D,6
1786538102521,tesla,0.24,0.00,0,,193.00,,,,0.00,D,6
1786538102524,tesla,0.24,0.00,0,,193.00,,,,0.00,D,6
1786538102524,tesla,0.24,0.00,0,,193.00,,,,0.00,D,6
1786538102527,tesla,0.24,0.00,0,,193.00,,,,0.00,D,6
1786538102529,tesla,0.24,0.00,0,,193.00,,,,0.00,D,6
1786538102532,tesla,0.24,0.00,0,,193.00,,,,0.00,D,6
1786538102532,tesla,0.24,0.00,0,,193.00,,,,0.00,D,6
1786538102535,tesla,0.24,0.00,0,,193.00,,,,0.00,D,6
1786538102538,tesla,0.24,0.00,0,,193.00,,,,0.00,D,6
1786538102538,tesla,0.24,0.00,0,,193.00,,,,0.00,D,6
1786538102540,tesla,0.24,0.00,0,,193.00,,,,0.00,D,6
1786538102543,tesla,0.24,0.00,0,,193.00,,,,0.00,D,6
1786538102543,tesla,0.24,0.00,0,,193.00,,,,0.00,D,6
1786538102546,tesla,0.24,0.00,0,,193.00,,,,0.00,D,6
1786538102549,tesla,0.24,0.00,0,,193.00,,,,0.00,D,6
1786538102552,tesla,0.24,0.00,0,,193.00,,,,0.00,D,6
1786538102554,tesla,0.24,0.00,0,,193.00,,,,0.00,D,6
1786538102555,tesla,0.24,0.00,0,,193.00,,,,0.00,D,6
1786538102557,tesla,0.24,0.80,0,,193.00,,,,0.00,D,6
1786538102560,tesla,0.24,0.80,0,,193.00,,,,0.00,D,6
1786538102563,tesla,0.24,0.80,0,,193.00,,,,0.00,D,6
1786538102563,tesla,0.24,0.80,0,,193.00,,,,0.00,D,6
1786538102566,tesla,0.24,0.80,0,,193.00,,,,0.00,D,6
1786538102568,tesla,0.24,0.80,0,,193.00,,,,0.00,D,6
1786538102571,tesla,0.24,0.80,0,,193.00,,,,0.00,D,6
1786538102574,tesla,0.24,0.80,0,,193.00,,,,0.00,D,6
1786538102577,tesla,0.24,0.80,0,,193.00,,,,0.00,D,6
1786538102579,tesla,0.24,0.80,0,,193.00,,,,0.00,D,6
1786538102580,tesla,0.24,0.80,0,,193.00,,,,0.00,D,6
1786538102582,tesla,0.08,0.80,0,,193.00,,,,0.00,D,6
1786538102585,tesla,0.08,0.80,0,,193.00,,,,22.00,D,6
1786538102588,tesla,0.08,0.80,0,,193.00,,,,22.00,D,6
1786538102590,tesla,0.08,0.80,0,,193.00,,,,22.00,D,6
1786538102593,tesla,0.08,1.20,0,,193.00,,,,22.00,D,6
1786538102596,tesla,0.08,1.20,0,,193.00,,,,22.00,D,6
1786538102599,tesla,0.08,1.20,0,,193.00,,,,22.00,D,6
1786538102599,tesla,0.08,1.20,0,,193.00,,,,22.00,D,6
1786538102602,tesla,0.08,1.20,0,,193.00,,,,22.00,D,6
1786538102604,tesla,0.08,1.20,0,,192.90,,,,22.00,D,6
1786538102607,tesla,0.08,1.20,0,,192.90,,,,22.00,D,6
1786538102610,tesla,0.08,1.20,0,,192.90,,,,22.00,D,6
1786538102610,tesla,0.08,1.20,0,,192.90,,,,22.00,D,6
1786538102613,tesla,0.08,1.20,0,,192.90,,,,22.00,D,6
1786538102615,tesla,0.08,1.20,0,,192.90,,,,22.00,D,6
1786538102618,tesla,0.08,1.20,0,,192.90,,,,22.00,D,6
1786538102621,tesla,0.08,1.20,0,,192.90,,,,22.00,D,6
1786538102624,tesla,0.08,1.20,0,,192.90,,,,22.00,D,6
1786538102627,tesla,0.08,1.20,0,,192.90,,,,22.00,D,6
1786538102627,tesla,0.08,1.20,0,,192.90,,,,22.00,D,6
1786538102629,tesla,0.08,1.20,0,,192.90,,,,22.00,D,6
1786538102632,tesla,0.08,1.20,0,,192.90,,,,22.00,D,6
1786538102635,tesla,0.08,1.20,0,,192.90,,,,22.00,D,6
1786538102638,tesla,0.08,1.20,0,,192.90,,,,22.00,D,6
1786538102638,tesla,0.08,1.20,0,,192.90,,,,22.00,D,6
1786538102641,tesla,0.08,1.20,0,,192.90,,,,22.00,D,6
1786538102643,tesla,0.08,1.20,0,,192.90,,,,22.00,D,6
1786538102646,tesla,0.08,1.20,0,,192.90,,,,22.00,D,6
1786538102649,tesla,0.08,1.20,0,,192.90,,,,22.00,D,6
1786538102649,tesla,0.08,1.20,0,,192.90,,,,22.00,D,6
1786538102652,tesla,0.08,1.20,0,,192.90,,,,22.00,D,6
1786538102654,tesla,0.08,1.20,0,,192.90,,,,22.00,D,6
1786538102657,tesla,0.08,1.20,0,,192.90,,,,22.00,D,6
1786538102660,tesla,0.08,1.20,0,,192.90,,,,22.00,D,6
1786538102663,tesla,0.08,1.20,0,,192.90,,,,22.00,D,6
1786538102665,tesla,0.08,1.20,0,,192.90,,,,22.00,D,6
1786538102668,tesla,0.08,1.20,0,,192.90,,,,22.00,D,6
1786538102668,tesla,0.08,1.20,0,,192.90,,,,22.00,D,6
1786538102671,tesla,0.08,1.20,0,,192.90,,,,22.00,D,6
1786538102674,tesla,0.08,1.20,0,,192.90,,,,22.00,D,6
1786538102677,tesla,0.08,1.20,0,,192.90,,,,22.00,D,6
1786538102679,tesla,0.08,1.20,0,,192.90,,,,22.00,D,6
1786538102682,tesla,0.08,1.20,0,,192.90,,,,22.00,D,6
1786538102685,tesla,0.08,1.20,0,,192.90,,,,22.00,D,6
1786538102688,tesla,0.08,1.20,0,,192.90,,,,22.00,D,6
1786538102688,tesla,0.08,1.20,0,,192.90,,,,22.00,D,6
1786538102690,tesla,0.08,1.20,0,,192.90,,,,22.00,D,6
1786538102693,tesla,0.08,1.20,0,,192.90,,,,22.00,D,6
1786538102696,tesla,0.08,1.20,0,,192.90,,,,22.00,D,6
1786538102699,tesla,0.08,1.20,0,,192.90,,,,22.00,D,6
1786538102702,tesla,0.08,1.20,0,,192.90,,,,22.00,D,6
1786538102702,tesla,0.08,1.20,0,,192.90,,,,22.00,D,6
1786538102704,tesla,0.08,1.20,0,,192.90,,,,22.00,D,6
1786538102707,tesla,0.08,1.20,0,,192.90,,,,22.00,D,6
1786538102710,tesla,0.08,1.20,0,,192.90,,,,22.00,D,6
1786538102713,tesla,0.08,1.20,0,,192.90,,,,22.00,D,6
1786538102715,tesla,0.08,1.20,0,,192.90,,,,22.00,D,6
1786538102716,tesla,0.08,1.20,0,,192.90,,,,22.00,D,6
1786538102718,tesla,0.08,1.20,0,,192.90,,,,22.00,D,6
1786538102721,tesla,0.08,1.20,0,,192.90,,,,22.00,D,6
1786538102724,tesla,0.08,5.60,0,,192.90,,,,22.00,D,6
1786538102727,tesla,0.08,5.60,0,,192.90,,,,22.00,D,6
1786538102729,tesla,0.08,5.60,0,,192.90,,,,22.00,D,6
1786538102730,tesla,0.08,5.60,0,,192.90,,,,22.00,D,6
1786538102732,tesla,0.08,5.60,0,,192.90,,,,22.00,D,6
1786538102735,tesla,0.08,5.60,0,,192.90,,,,22.00,D,6
1786538102738,tesla,0.08,5.60,0,,192.90,,,,22.00,D,6
1786538102738,tesla,0.08,5.60,0,,192.90,,,,22.00,D,6
1786538102740,tesla,0.08,5.60,0,,192.90,,,,22.00,D,6
1786538102743,tesla,0.08,5.60,0,,192.90,,,,22.00,D,6
1786538102746,tesla,0.08,5.60,0,,192.90,,,,22.00,D,6
1786538102749,tesla,0.08,5.60,0,,192.90,,,,22.00,D,6
1786538102749,tesla,0.08,5.60,0,,192.90,,,,22.00,D,6
1786538102752,tesla,0.08,5.60,0,,192.90,,,,22.00,D,6
1786538102754,tesla,0.08,5.60,0,,192.90,,,,22.00,D,6
1786538102755,tesla,0.08,5.60,0,,192.90,,,,22.00,D,6
1786538102757,tesla,0.08,4.00,0,,192.90,,,,22.00,D,6
1786538102760,tesla,0.08,4.00,0,,192.90,,,,22.00,D,6
1786538102763,tesla,0.08,4.00,0,,192.90,,,,22.00,D,6
1786538102763,tesla,0.08,4.00,0,,192.90,,,,22.00,D,6
1786538102765,tesla,0.08,4.00,0,,192.90,,,,22.00,D,6
1786538102768,tesla,0.08,4.00,0,,192.90,,,,22.00,D,6
1786538102771,tesla,0.08,4.00,0,,192.90,,,,22.00,D,6
1786538102774,tesla,0.08,4.00,0,,192.90,,,,22.00,D,6
1786538102777,tesla,0.08,4.00,0,,192.90,,,,22.00,D,6
1786538102779,tesla,0.08,4.00,0,,192.90,,,,22.00,D,6
1786538102779,tesla,0.08,4.00,0,,192.90,,,,22.00,D,6
1786538102782,tesla,0.08,4.00,0,,192.90,,,,22.00,D,6
1786538102785,tesla,0.08,4.00,0,,192.90,,,,196.00,D,6
1786538102788,tesla,0.08,4.00,0,,192.90,,,,196.00,D,6
1786538102790,tesla,0.08,4.00,0,,192.90,,,,196.00,D,6
1786538102793,tesla,0.08,4.00,0,,192.90,,,,196.00,D,6
1786538102796,tesla,0.08,2.00,0,,192.90,,,,196.00,D,6
1786538102796,tesla,0.08,2.00,0,,192.90,,,,196.00,D,6
1786538102799,tesla,0.08,2.00,0,,192.90,,,,196.00,D,6
1786538102802,tesla,0.08,2.00,0,,192.90,,,,196.00,D,6
1786538102804,tesla,0.08,2.00,0,,192.90,,,,196.00,D,6
1786538102804,tesla,0.08,2.00,0,,192.90,,,,196.00,D,6
1786538102807,tesla,0.08,2.00,0,,192.90,,,,196.00,D,6
1786538102810,tesla,0.08,2.00,0,,192.90,,,,196.00,D,6
1786538102813,tesla,0.08,2.00,0,,192.90,,,,196.00,D,6
1786538102815,tesla,0.08,2.00,0,,192.90,,,,196.00,D,6
1786538102818,tesla,0.08,2.00,0,,192.90,,,,196.00,D,6
1786538102821,tesla,0.08,2.00,0,,192.90,,,,196.00,D,6
1786538102821,tesla,0.08,2.00,0,,192.90,,,,196.00,D,6
1786538102824,tesla,0.08,2.00,0,,192.90,,,,196.00,D,6
1786538102827,tesla,0.08,2.00,0,,192.90,,,,196.00,D,6
1786538102829,tesla,0.08,2.00,0,,192.90,,,,196.00,D,6
1786538102832,tesla,0.08,2.00,0,,192.90,,,,196.00,D,6
1786538102832,tesla,0.08,2.00,0,,192.90,,,,196.00,D,6
1786538102835,tesla,0.08,2.00,0,,192.90,,,,196.00,D,6
1786538102838,tesla,0.08,2.00,0,,192.90,,,,196.00,D,6
1786538102840,tesla,0.08,2.00,0,,192.90,,,,196.00,D,6
1786538102841,tesla,0.08,2.00,0,,192.90,,,,196.00,D,6
1786538102843,tesla,0.08,2.00,0,,192.90,,,,196.00,D,6
1786538102843,tesla,0.08,2.00,0,,192.90,,,,196.00,D,6
1786538102848,tesla,0.08,2.00,0,,192.90,,,,196.00,D,6
1786538102917,tesla,0.08,2.00,0,,192.90,,,,196.00,D,6
1786538102920,tesla,0.08,2.00,0,,192.90,,,,196.00,D,6
1786538102922,tesla,0.08,2.00,0,,192.90,,,,196.00,D,6
1786538102925,tesla,0.08,2.00,0,,192.90,,,,196.00,D,6
1786538102928,tesla,0.08,2.00,0,,192.90,,,,196.00,D,6
1786538102931,tesla,0.08,2.00,0,,192.90,,,,196.00,D,6
1786538102933,tesla,0.08,2.00,0,,192.90,,,,196.00,D,6
1786538102933,tesla,0.08,2.00,0,,192.90,,,,196.00,D,6
1786538102936,tesla,0.08,2.00,0,,192.90,,,,196.00,D,6
1786538102939,tesla,0.08,2.00,0,,192.90,,,,196.00,D,6
1786538102942,tesla,0.08,2.00,0,,192.90,,,,196.00,D,6
1786538102945,tesla,0.08,2.00,0,,192.90,,,,196.00,D,6
1786538102945,tesla,0.08,2.00,0,,192.90,,,,196.00,D,6
1786538102947,tesla,0.08,2.00,0,,192.90,,,,196.00,D,6
1786538102950,tesla,0.08,2.00,0,,192.90,,,,196.00,D,6
1786538102953,tesla,0.08,2.00,0,,192.90,,,,196.00,D,6
1786538102956,tesla,0.08,2.00,0,,192.90,,,,196.00,D,6
1786538102958,tesla,0.08,2.00,0,,192.90,,,,196.00,D,6
1786538102961,tesla,0.08,2.00,0,,192.90,,,,196.00,D,6
1786538102964,tesla,0.08,2.00,0,,192.90,,,,196.00,D,6
1786538102964,tesla,0.08,2.00,0,,192.90,,,,196.00,D,6
1786538102967,tesla,0.08,2.00,0,,192.90,,,,196.00,D,6
1786538102970,tesla,0.08,2.00,0,,192.90,,,,196.00,D,6
1786538102972,tesla,0.08,2.00,0,,192.90,,,,196.00,D,6
1786538102975,tesla,0.08,2.00,0,,192.90,,,,196.00,D,6
1786538102978,tesla,0.08,2.00,0,,192.90,,,,196.00,D,6
1786538102981,tesla,0.08,2.00,0,,192.90,,,,196.00,D,6
1786538102981,tesla,0.08,2.00,0,,192.90,,,,196.00,D,6
1786538102983,tesla,0.08,2.00,0,,192.90,,,,196.00,D,6
1786538102986,tesla,0.08,2.00,0,,192.90,,,,196.00,D,6
1786538102989,tesla,0.08,2.00,0,,192.90,,,,196.00,D,6
1786538102989,tesla,0.08,2.00,0,,192.90,,,,196.00,D,6
1786538102992,tesla,0.08,2.00,0,,192.90,,,,196.00,D,6
1786538102994,tesla,0.08,2.00,0,,192.90,,,,196.00,D,6
1786538102997,tesla,0.08,2.00,0,,192.90,,,,196.00,D,6
1786538102997,tesla,0.08,2.00,0,,192.90,,,,196.00,D,6
1786538103000,tesla,0.08,2.00,0,,192.90,,,,196.00,D,6
1786538103003,tesla,0.08,2.00,0,,192.90,,,,196.00,D,6
1786538103006,tesla,0.08,2.00,0,,192.90,,,,196.00,D,6
1786538103008,tesla,0.08,2.00,0,,192.90,,,,196.00,D,6
1786538103011,tesla,0.08,2.00,0,,192.90,,,,196.00,D,6
1786538103014,tesla,0.08,2.00,0,,192.90,,,,196.00,D,6
1786538103014,tesla,0.08,2.00,0,,192.90,,,,196.00,D,6
1786538103017,tesla,0.08,2.00,0,,192.90,,,,196.00,D,6
1786538103020,tesla,0.08,2.00,0,,192.90,,,,196.00,D,6
1786538103022,tesla,0.08,2.00,0,,192.90,,,,196.00,D,6
1786538103022,tesla,0.08,2.00,0,,192.90,,,,196.00,D,6
1786538103025,tesla,0.08,2.00,0,,192.90,,,,196.00,D,6
1786538103028,tesla,0.08,2.00,0,,192.90,,,,196.00,D,6
1786538103031,tesla,0.08,2.00,0,,192.90,,,,196.00,D,6
1786538103033,tesla,0.08,2.00,0,,192.90,,,,196.00,D,6
1786538103036,tesla,0.08,2.00,0,,192.90,,,,196.00,D,6
1786538103039,tesla,0.08,2.00,0,,192.90,,,,196.00,D,6
1786538103039,tesla,0.08,2.00,0,,192.90,,,,196.00,D,6
1786538103042,tesla,0.08,2.00,0,,192.90,,,,196.00,D,6
1786538103044,tesla,0.08,2.00,0,,192.90,,,,196.00,D,6
1786538103047,tesla,0.08,2.00,0,,192.90,,,,196.00,D,6
1786538103047,tesla,0.08,2.00,0,,192.90,,,,196.00,D,6
1786538103050,tesla,0.08,2.00,0,,192.90,,,,196.00,D,6
1786538103053,tesla,0.08,2.00,0,,192.90,,,,196.00,D,6
1786538103056,tesla,0.08,2.00,0,,192.90,,,,196.00,D,6
1786538103058,tesla,0.08,2.00,0,,192.90,,,,196.00,D,6
1786538103061,tesla,0.08,2.00,0,,192.90,,,,196.00,D,6
1786538103061,tesla,0.32,2.00,0,,192.90,,,,196.00,D,6
1786538103064,tesla,0.32,2.00,0,,192.90,,,,196.00,D,6
1786538103067,tesla,0.32,2.00,0,,192.90,,,,196.00,D,6
1786538103069,tesla,0.32,2.00,0,,192.90,,,,196.00,D,6
1786538103072,tesla,0.32,2.00,0,,192.90,,,,196.00,D,6
1786538103075,tesla,0.32,0.00,0,,192.90,,,,196.00,D,6
1786538103078,tesla,0.32,0.00,0,,192.90,,,,196.00,D,6
1786538103078,tesla,0.32,0.00,0,,192.90,,,,196.00,D,6
1786538103081,tesla,0.32,0.00,0,,192.90,,,,196.00,D,6
1786538103083,tesla,0.32,0.00,0,,192.90,,,,196.00,D,6
1786538103086,tesla,0.32,0.00,0,,192.90,,,,196.00,D,6
1786538103089,tesla,0.32,0.00,0,,192.90,,,,196.00,D,6
1786538103092,tesla,0.32,0.00,0,,192.90,,,,196.00,D,6
1786538103094,tesla,0.32,0.00,0,,192.90,,,,196.00,D,6
1786538103095,tesla,0.32,0.00,0,,192.90,,,,196.00,D,6
1786538103097,tesla,0.32,0.00,0,,192.90,,,,196.00,D,6
1786538103100,tesla,0.32,0.00,0,,192.90,,,,196.00,D,6
1786538103103,tesla,0.32,0.00,0,,192.90,,,,196.00,D,6
1786538103106,tesla,0.32,0.00,0,,192.90,,,,196.00,D,6
1786538103108,tesla,0.32,0.00,0,,192.90,,,,196.00,D,6
1786538103111,tesla,0.32,0.00,0,,192.90,,,,196.00,D,6
1786538103111,tesla,0.32,0.00,0,,192.90,,,,196.00,D,6
1786538103114,tesla,0.32,0.00,0,,192.90,,,,196.00,D,6
1786538103117,tesla,0.32,0.00,0,,192.90,,,,196.00,D,6
1786538103120,tesla,0.32,0.00,0,,192.90,,,,196.00,D,6
1786538103122,tesla,0.32,0.00,0,,192.90,,,,196.00,D,6
1786538103125,tesla,0.32,0.00,0,,192.90,,,,196.00,D,6
1786538103125,tesla,0.32,0.00,0,,192.90,,,,196.00,D,6
1786538103128,tesla,0.32,0.00,0,,192.90,,,,196.00,D,6
1786538103131,tesla,0.32,0.00,0,,192.90,,,,196.00,D,6
1786538103133,tesla,0.32,0.00,0,,192.90,,,,196.00,D,6
1786538103136,tesla,0.32,0.00,0,,192.90,,,,196.00,D,6
1786538103139,tesla,0.32,0.00,0,,192.90,,,,196.00,D,6
1786538103142,tesla,0.32,0.00,0,,192.90,,,,196.00,D,6
1786538103142,tesla,0.32,0.00,0,,192.90,,,,196.00,D,6
1786538103145,tesla,0.32,0.00,0,,192.90,,,,196.00,D,6
1786538103147,tesla,0.32,0.00,0,,192.90,,,,196.00,D,6
1786538103150,tesla,0.32,0.00,0,,192.90,,,,196.00,D,6
1786538103153,tesla,0.32,0.00,0,,192.90,,,,196.00,D,6
1786538103153,tesla,0.32,0.00,0,,192.90,,,,196.00,D,6
1786538103156,tesla,0.32,0.00,0,,192.90,,,,196.00,D,6
1786538103158,tesla,0.32,0.00,0,,192.90,,,,196.00,D,6
1786538103161,tesla,0.32,0.00,0,,192.90,,,,196.00,D,6
1786538103164,tesla,0.32,0.00,0,,192.90,,,,196.00,D,6
1786538103167,tesla,0.32,0.00,0,,192.90,,,,196.00,D,6
1786538103167,tesla,0.32,0.00,0,,192.90,,,,196.00,D,6
1786538103170,tesla,0.32,0.00,0,,192.90,,,,196.00,D,6
1786538103172,tesla,0.32,0.00,0,,192.90,,,,196.00,D,6
1786538103175,tesla,0.32,0.00,0,,192.90,,,,196.00,D,6
1786538103178,tesla,0.32,0.00,0,,192.90,,,,196.00,D,6
1786538103181,tesla,0.32,0.00,0,,192.90,,,,196.00,D,6
1786538103183,tesla,0.32,0.00,0,,192.90,,,,196.00,D,6
1786538103186,tesla,0.32,0.00,0,,192.90,,,,196.00,D,6
1786538103186,tesla,0.32,0.00,0,,192.90,,,,196.00,D,6
1786538103189,tesla,0.32,0.00,0,,192.90,,,,196.00,D,6
1786538103192,tesla,0.32,0.00,0,,192.90,,,,196.00,D,6
1786538103194,tesla,0.32,0.00,0,,192.90,,,,196.00,D,6
1786538103195,tesla,0.32,0.00,0,,192.90,,,,196.00,D,6
1786538103197,tesla,0.32,0.00,0,,192.90,,,,196.00,D,6
1786538103200,tesla,0.32,0.00,0,,192.90,,,,196.00,D,6
1786538103200,tesla,0.32,0.00,0,,192.90,,,,196.00,D,6
1786538103203,tesla,0.32,0.00,0,,192.90,,,,196.00,D,6
1786538103206,tesla,0.32,0.00,0,,192.90,,,,196.00,D,6
1786538103208,tesla,0.32,0.00,0,,192.90,,,,196.00,D,6
1786538103211,tesla,0.32,0.00,0,,192.90,,,,196.00,D,6
1786538103214,tesla,0.32,0.00,0,,192.90,,,,196.00,D,6
1786538103217,tesla,0.32,0.00,0,,192.90,,,,196.00,D,6
1786538103217,tesla,0.32,0.00,0,,192.90,,,,196.00,D,6
1786538103220,tesla,0.32,0.00,0,,192.90,,,,196.00,D,6
1786538103222,tesla,0.32,0.00,0,,192.90,,,,196.00,D,6
1786538103225,tesla,0.32,0.00,0,,192.90,,,,196.00,D,6
1786538103225,tesla,0.32,0.00,0,,192.90,,,,196.00,D,6
1786538103228,tesla,0.32,0.00,0,,192.90,,,,196.00,D,6
1786538103231,tesla,0.32,0.00,0,,192.90,,,,196.00,D,6
1786538103233,tesla,0.32,0.00,0,,192.90,,,,196.00,D,6
1786538103236,tesla,0.32,0.00,0,,192.90,,,,196.00,D,6
1786538103239,tesla,0.32,0.00,0,,192.90,,,,196.00,D,6
1786538103239,tesla,0.32,0.00,0,,192.90,,,,196.00,D,6
1786538103242,tesla,0.32,0.00,0,,192.90,,,,196.00,D,6
1786538103245,tesla,0.32,0.00,0,,192.90,,,,196.00,D,6
1786538103247,tesla,0.32,0.00,0,,192.90,,,,196.00,D,6
1786538103247,tesla,0.32,0.00,0,,192.90,,,,196.00,D,6
1786538103250,tesla,0.32,0.00,0,,192.90,,,,196.00,D,6
1786538103253,tesla,0.32,0.00,0,,192.90,,,,196.00,D,6
1786538103256,tesla,0.32,0.00,0,,192.90,,,,196.00,D,6
1786538103258,tesla,0.32,0.00,0,,192.90,,,,196.00,D,6
1786538103261,tesla,0.32,0.00,0,,192.90,,,,196.00,D,6
1786538103264,tesla,0.32,0.00,0,,192.90,,,,196.00,D,6
1786538103264,tesla,0.32,0.00,0,,192.90,,,,196.00,D,6
1786538103267,tesla,0.32,0.00,0,,192.90,,,,196.00,D,6
1786538103270,tesla,0.32,0.00,0,,192.90,,,,196.00,D,6
1786538103272,tesla,0.32,0.00,0,,192.90,,,,196.00,D,6
1786538103275,tesla,0.32,0.00,0,,192.90,,,,196.00,D,6
1786538103278,tesla,0.32,0.00,0,,192.90,,,,196.00,D,6
1786538103278,tesla,0.32,0.00,0,,192.90,,,,196.00,D,6
1786538103281,tesla,0.32,0.00,0,,192.90,,,,196.00,D,6
1786538103283,tesla,0.32,0.00,0,,192.60,,,,196.00,D,6
1786538103286,tesla,0.32,0.00,0,,192.60,,,,196.00,D,6
1786538103289,tesla,0.32,0.00,0,,192.40,,,,196.00,D,6
1786538103292,tesla,0.32,0.00,0,,192.40,,,,196.00,D,6
1786538103295,tesla,0.32,0.00,0,,192.40,,,,196.00,D,6
1786538103295,tesla,0.32,0.00,0,,192.40,,,,196.00,D,6
1786538103297,tesla,0.32,0.00,0,,192.40,,,,196.00,D,6
1786538103300,tesla,0.32,0.00,0,,192.40,,,,196.00,D,6
1786538103303,tesla,0.32,0.00,0,,192.40,,,,196.00,D,6
1786538103306,tesla,0.32,0.00,0,,192.40,,,,196.00,D,6
1786538103308,tesla,0.32,0.00,0,,192.40,,,,196.00,D,6
1786538103309,tesla,0.32,0.00,0,,192.40,,,,196.00,D,6
1786538103311,tesla,0.32,0.00,0,,192.40,,,,196.00,D,6
1786538103314,tesla,0.32,0.00,0,,192.40,,,,196.00,D,6
1786538103317,tesla,0.32,0.00,0,,192.40,,,,196.00,D,6
1786538103320,tesla,0.32,0.00,0,,192.40,,,,196.00,D,6
1786538103322,tesla,0.32,0.00,0,,192.40,,,,196.00,D,6
1786538103322,tesla,0.32,0.00,0,,192.40,,,,196.00,D,6
1786538103325,tesla,0.32,0.00,0,,192.40,,,,196.00,D,6
1786538103328,tesla,0.32,0.00,0,,192.40,,,,196.00,D,6
1786538103328,tesla,0.32,0.00,0,,192.40,,,,196.00,D,6
1786538103331,tesla,0.32,0.00,0,,192.40,,,,196.00,D,6
1786538103333,tesla,0.32,0.00,0,,192.40,,,,196.00,D,6
1786538103336,tesla,0.32,0.00,0,,192.40,,,,196.00,D,6
1786538103336,tesla,0.32,0.00,0,,192.40,,,,196.00,D,6
1786538103339,tesla,0.32,0.00,0,,192.40,,,,196.00,D,6
1786538103342,tesla,0.32,0.00,0,,192.40,,,,196.00,D,6
1786538103344,tesla,0.32,0.00,0,,192.40,,,,196.00,D,6
1786538103347,tesla,0.32,0.00,0,,192.40,,,,196.00,D,6
1786538103350,tesla,0.32,0.00,0,,192.40,,,,196.00,D,6
1786538103353,tesla,0.32,0.00,0,,192.40,,,,196.00,D,6
1786538103353,tesla,0.32,0.00,0,,192.40,,,,196.00,D,6
1786538103356,tesla,0.32,0.00,0,,192.40,,,,196.00,D,6
1786538103358,tesla,0.32,0.00,0,,192.40,,,,196.00,D,6
1786538103361,tesla,0.32,0.00,0,,192.40,,,,196.00,D,6
1786538103364,tesla,0.32,0.00,0,,192.40,,,,196.00,D,6
1786538103367,tesla,0.32,0.00,0,,192.40,,,,196.00,D,6
1786538103369,tesla,0.32,0.00,0,,192.40,,,,196.00,D,6
1786538103372,tesla,0.32,0.00,0,,192.40,,,,196.00,D,6
1786538103372,tesla,0.32,0.00,0,,192.40,,,,196.00,D,6
1786538103375,tesla,0.32,0.00,0,,192.40,,,,196.00,D,6
1786538103378,tesla,0.32,0.00,0,,192.40,,,,196.00,D,6
1786538103381,tesla,0.32,0.00,0,,192.40,,,,196.00,D,6
1786538103383,tesla,0.32,0.00,0,,192.40,,,,196.00,D,6
1786538103386,tesla,0.32,0.00,0,,192.40,,,,196.00,D,6
1786538103386,tesla,0.32,0.00,0,,192.40,,,,196.00,D,6
1786538103389,tesla,0.32,0.00,0,,192.40,,,,196.00,D,6
1786538103392,tesla,0.32,0.00,0,,192.40,,,,196.00,D,6
1786538103395,tesla,0.32,0.00,0,,192.40,,,,196.00,D,6
1786538103395,tesla,0.32,0.00,0,,192.40,,,,196.00,D,6
1786538103397,tesla,0.32,0.00,0,,192.40,,,,196.00,D,6
1786538103400,tesla,0.32,0.00,0,,192.40,,,,196.00,D,6
1786538103403,tesla,0.32,0.00,0,,192.40,,,,196.00,D,6
1786538103406,tesla,0.32,0.00,0,,192.40,,,,196.00,D,6
1786538103408,tesla,0.32,0.00,0,,192.40,,,,196.00,D,6
1786538103411,tesla,0.32,0.00,0,,192.40,,,,196.00,D,6
1786538103414,tesla,0.32,0.00,0,,192.40,,,,196.00,D,6
1786538103414,tesla,0.32,0.00,0,,192.40,,,,196.00,D,6
1786538103417,tesla,0.32,0.00,0,,192.40,,,,196.00,D,6
1786538103420,tesla,0.32,0.00,0,,192.40,,,,196.00,D,6
1786538103422,tesla,0.32,0.00,0,,192.40,,,,196.00,D,6
1786538103425,tesla,0.32,0.00,0,,192.40,,,,196.00,D,6
1786538103428,tesla,0.32,0.00,0,,192.40,,,,196.00,D,6
1786538103428,tesla,0.32,0.00,0,,192.40,,,,196.00,D,6
1786538103431,tesla,0.32,0.00,0,,192.40,,,,196.00,D,6
1786538103433,tesla,0.32,0.00,0,,192.40,,,,196.00,D,6
1786538103433,tesla,0.32,0.00,0,,192.40,,,,196.00,D,6
1786538103436,tesla,0.32,0.00,0,,192.40,,,,196.00,D,6
1786538103439,tesla,0.32,0.00,0,,192.40,,,,196.00,D,6
1786538103442,tesla,0.32,0.00,0,,192.40,,,,196.00,D,6
1786538103442,tesla,0.32,0.00,0,,192.40,,,,196.00,D,6
1786538103444,tesla,0.32,0.00,0,,192.40,,,,196.00,D,6
1786538103447,tesla,0.32,0.00,0,,192.40,,,,196.00,D,6
1786538103450,tesla,0.32,0.00,0,,192.40,,,,196.00,D,6
1786538103453,tesla,0.32,0.00,0,,192.40,,,,196.00,D,6
1786538103456,tesla,0.32,0.00,0,,192.40,,,,196.00,D,6
1786538103458,tesla,0.32,0.00,0,,192.40,,,,196.00,D,6
1786538103459,tesla,0.32,0.00,0,,192.40,,,,196.00,D,6
1786538103461,tesla,0.08,0.00,0,,192.40,,,,196.00,D,6
1786538103464,tesla,0.08,0.00,0,,192.40,,,,196.00,D,6
1786538103467,tesla,0.08,0.00,0,,192.40,,,,196.00,D,6
1786538103469,tesla,0.08,0.00,0,,192.40,,,,196.00,D,6
1786538103472,tesla,0.08,0.00,0,,192.40,,,,196.00,D,6
1786538103472,tesla,0.08,0.00,0,,192.40,,,,196.00,D,6
1786538103475,tesla,0.08,0.00,0,,191.00,,,,196.00,D,6
1786538103478,tesla,0.08,0.00,0,,191.00,,,,196.00,D,6
1786538103481,tesla,0.08,0.00,0,,191.00,,,,196.00,D,6
1786538103481,tesla,0.08,0.00,0,,191.00,,,,196.00,D,6
1786538103483,tesla,0.08,0.00,0,,191.00,,,,196.00,D,6
1786538103486,tesla,0.08,0.00,0,,191.00,,,,196.00,D,6
1786538103489,tesla,0.08,0.00,0,,191.00,,,,196.00,D,6
1786538103492,tesla,0.08,0.00,0,,191.00,,,,196.00,D,6
1786538103495,tesla,0.08,0.00,0,,191.00,,,,196.00,D,6
1786538103495,tesla,0.08,0.00,0,,191.00,,,,196.00,D,6
1786538103497,tesla,0.08,0.00,0,,191.00,,,,196.00,D,6
1786538103500,tesla,0.08,0.00,0,,191.00,,,,196.00,D,6
1786538103503,tesla,0.08,0.00,0,,191.00,,,,196.00,D,6
1786538103506,tesla,0.08,0.00,0,,191.00,,,,196.00,D,6
1786538103506,tesla,0.08,0.00,0,,191.00,,,,196.00,D,6
1786538103508,tesla,0.08,0.00,0,,191.00,,,,196.00,D,6
1786538103511,tesla,0.08,0.00,0,,191.00,,,,196.00,D,6
1786538103514,tesla,0.08,0.00,0,,191.00,,,,196.00,D,6
1786538103514,tesla,0.08,0.00,0,,191.00,,,,196.00,D,6
1786538103517,tesla,0.08,0.00,0,,191.00,,,,196.00,D,6
1786538103520,tesla,0.08,0.00,0,,191.00,,,,196.00,D,6
1786538103522,tesla,0.08,0.00,0,,191.00,,,,196.00,D,6
1786538103525,tesla,0.08,0.00,0,,191.00,,,,196.00,D,6
1786538103525,tesla,0.08,0.00,0,,191.00,,,,196.00,D,6
1786538103528,tesla,0.08,0.00,0,,191.00,,,,196.00,D,6
1786538103528,tesla,0.08,0.00,0,,191.00,,,,196.00,D,6
1786538103531,tesla,0.08,0.00,0,,191.00,,,,196.00,D,6
1786538103533,tesla,0.08,0.00,0,,191.00,,,,196.00,D,6
1786538103536,tesla,0.08,0.00,0,,191.00,,,,196.00,D,6
1786538103539,tesla,0.08,0.00,0,,191.00,,,,196.00,D,6
1786538103542,tesla,0.08,0.00,0,,191.00,,,,196.00,D,6
1786538103544,tesla,0.08,0.00,0,,191.00,,,,196.00,D,6
1786538103545,tesla,0.08,0.00,0,,191.00,,,,196.00,D,6
1786538103547,tesla,0.08,0.00,0,,191.00,,,,196.00,D,6
1786538103550,tesla,0.08,0.00,0,,191.00,,,,196.00,D,6
1786538103553,tesla,0.08,0.00,0,,191.00,,,,196.00,D,6
1786538103556,tesla,0.08,0.00,0,,191.00,,,,196.00,D,6
1786538103558,tesla,0.08,0.00,0,,191.00,,,,196.00,D,6
1786538103561,tesla,0.08,0.00,0,,191.00,,,,196.00,D,6
1786538103561,tesla,0.08,0.00,0,,191.00,,,,196.00,D,6
1786538103564,tesla,0.08,0.00,0,,191.00,,,,196.00,D,6
1786538103567,tesla,0.08,0.00,0,,191.00,,,,196.00,D,6
1786538103570,tesla,0.08,0.00,0,,191.00,,,,196.00,D,6
1786538103570,tesla,0.08,0.00,0,,191.00,,,,196.00,D,6
1786538103572,tesla,0.08,0.00,0,,191.00,,,,196.00,D,6
1786538103575,tesla,0.08,0.00,0,,191.00,,,,196.00,D,6
1786538103575,tesla,0.08,0.00,0,,191.00,,,,196.00,D,6
1786538103578,tesla,0.08,0.00,0,,191.00,,,,196.00,D,6
1786538103581,tesla,0.08,0.00,0,,191.00,,,,196.00,D,6
1786538103583,tesla,0.08,0.00,0,,191.00,,,,196.00,D,6
1786538103586,tesla,0.08,0.00,0,,191.00,,,,196.00,D,6
1786538103589,tesla,0.08,0.00,0,,191.00,,,,196.00,D,6
1786538103589,tesla,0.08,0.00,0,,191.00,,,,196.00,D,6
1786538103592,tesla,0.08,0.00,0,,191.00,,,,196.00,D,6
1786538103595,tesla,0.08,0.00,0,,191.00,,,,196.00,D,6
1786538103597,tesla,0.08,0.00,0,,191.00,,,,196.00,D,6
1786538103600,tesla,0.08,0.00,0,,191.00,,,,196.00,D,6
1786538103600,tesla,0.08,0.00,0,,191.00,,,,196.00,D,6
1786538103603,tesla,0.08,0.00,0,,191.00,,,,196.00,D,6
1786538103606,tesla,0.08,0.00,0,,191.00,,,,196.00,D,6
1786538103608,tesla,0.08,0.00,0,,191.00,,,,196.00,D,6
1786538103611,tesla,0.08,0.00,0,,191.00,,,,196.00,D,6
1786538103614,tesla,0.08,0.00,0,,191.00,,,,196.00,D,6
1786538103617,tesla,0.08,0.00,0,,191.00,,,,196.00,D,6
1786538103620,tesla,0.08,0.00,0,,191.00,,,,196.00,D,6
1786538103620,tesla,0.08,0.00,0,,191.00,,,,196.00,D,6
1786538103622,tesla,0.08,0.00,0,,191.00,,,,196.00,D,6
1786538103625,tesla,0.08,0.00,0,,191.00,,,,196.00,D,6
1786538103628,tesla,0.08,0.00,0,,191.00,,,,196.00,D,6
1786538103631,tesla,0.08,0.00,0,,191.00,,,,196.00,D,6
1786538103633,tesla,0.08,0.00,0,,191.00,,,,196.00,D,6
1786538103636,tesla,0.08,0.00,1,,191.00,,,,196.00,D,6
1786538103636,tesla,0.08,0.00,1,,191.00,,,,196.00,D,6
1786538103639,tesla,0.08,0.00,1,,191.00,,,,196.00,D,6
1786538103642,tesla,0.08,0.00,1,,191.00,,,,196.00,D,6
1786538103644,tesla,0.08,0.00,1,,191.00,,,,196.00,D,6
1786538103645,tesla,0.08,0.00,1,,191.00,,,,196.00,D,6
1786538103647,tesla,0.08,0.00,1,,191.00,,,,196.00,D,6
1786538103650,tesla,0.08,0.00,1,,191.00,,,,196.00,D,6
1786538103653,tesla,0.08,0.00,1,,191.00,,,,196.00,D,6
1786538103656,tesla,0.08,0.00,1,,191.00,,,,196.00,D,6
1786538103658,tesla,0.08,0.00,1,,191.00,,,,196.00,D,6
1786538103659,tesla,0.08,0.00,1,,191.00,,,,196.00,D,6
1786538103661,tesla,0.08,0.00,1,,191.00,,,,196.00,D,6
1786538103664,tesla,0.08,0.00,1,,191.00,,,,196.00,D,6
1786538103667,tesla,0.08,0.00,1,,191.00,,,,196.00,D,6
1786538103670,tesla,0.08,0.00,1,,191.00,,,,196.00,D,6
1786538103672,tesla,0.08,0.00,1,,191.00,,,,196.00,D,6
1786538103675,tesla,0.08,0.00,1,,191.00,,,,196.00,D,6
1786538103678,tesla,0.08,0.00,1,,191.00,,,,196.00,D,6
1786538103678,tesla,0.08,0.00,1,,191.00,,,,196.00,D,6
1786538103681,tesla,0.08,0.00,1,,191.00,,,,196.00,D,6
1786538103683,tesla,0.08,0.00,1,,191.00,,,,196.00,D,6
1786538103686,tesla,0.08,0.00,1,,191.00,,,,196.00,D,6
1786538103689,tesla,0.08,0.00,1,,191.00,,,,196.00,D,6
1786538103689,tesla,0.08,0.00,1,,191.00,,,,196.00,D,6
1786538103692,tesla,0.08,0.00,1,,191.00,,,,196.00,D,6
1786538103694,tesla,0.08,0.00,1,,191.00,,,,196.00,D,6
1786538103697,tesla,0.08,0.00,1,,191.00,,,,196.00,D,6
1786538103700,tesla,0.08,0.00,1,,191.00,,,,196.00,D,6
1786538103703,tesla,0.08,0.00,1,,191.00,,,,196.00,D,6
1786538103706,tesla,0.08,0.00,1,,191.00,,,,196.00,D,6
1786538103708,tesla,0.08,0.00,1,,191.00,,,,196.00,D,6
1786538103709,tesla,0.08,0.00,1,,191.00,,,,196.00,D,6
1786538103711,tesla,0.08,0.00,1,,191.00,,,,196.00,D,6
1786538103714,tesla,0.08,0.00,1,,191.00,,,,196.00,D,6
1786538103717,tesla,0.08,0.00,1,,191.00,,,,196.00,D,6
1786538103720,tesla,0.08,0.00,1,,191.00,,,,196.00,D,6
1786538103720,tesla,0.08,0.00,1,,191.00,,,,196.00,D,6
1786538103722,tesla,0.08,0.00,1,,191.00,,,,196.00,D,6
1786538103725,tesla,0.08,0.00,1,,191.00,,,,196.00,D,6
1786538103728,tesla,0.08,0.00,1,,191.00,,,,196.00,D,6
1786538103728,tesla,0.08,0.00,1,,191.00,,,,196.00,D,6
1786538103731,tesla,0.08,0.00,1,,191.00,,,,196.00,D,6
1786538103733,tesla,0.08,0.00,1,,191.00,,,,196.00,D,6
1786538103736,tesla,0.08,0.00,1,,191.00,,,,196.00,D,6
1786538103739,tesla,0.08,0.00,1,,191.00,,,,196.00,D,6
1786538103742,tesla,0.08,0.00,1,,191.00,,,,196.00,D,6
1786538103742,tesla,0.08,0.00,1,,191.00,,,,196.00,D,6
1786538103744,tesla,0.08,0.00,1,,191.00,,,,196.00,D,6
1786538103745,tesla,0.08,0.00,1,,191.00,,,,196.00,D,6
1786538103747,tesla,0.08,0.00,1,,191.00,,,,196.00,D,6
1786538103750,tesla,0.08,0.00,1,,191.00,,,,196.00,D,6
1786538103753,tesla,0.08,0.00,1,,191.00,,,,196.00,D,6
1786538103756,tesla,0.08,0.00,1,,191.00,,,,196.00,D,6
1786538103758,tesla,0.08,0.00,1,,191.00,,,,196.00,D,6
1786538103759,tesla,0.08,0.00,1,,191.00,,,,196.00,D,6
1786538103761,tesla,0.08,0.00,1,,191.00,,,,196.00,D,6
1786538103764,tesla,0.08,0.00,1,,191.00,,,,196.00,D,6
1786538103767,tesla,0.08,0.00,1,,191.00,,,,196.00,D,6
1786538103767,tesla,0.08,0.00,1,,191.00,,,,196.00,D,6
1786538103769,tesla,0.08,0.00,1,,191.00,,,,196.00,D,6
1786538103772,tesla,0.08,0.00,1,,191.00,,,,196.00,D,6
1786538103775,tesla,0.08,0.00,1,,191.00,,,,196.00,D,6
1786538103778,tesla,0.08,0.00,1,,191.00,,,,196.00,D,6
1786538103781,tesla,0.08,0.00,1,,191.00,,,,196.00,D,6
1786538103783,tesla,0.08,0.00,1,,191.00,,,,196.00,D,6
1786538103784,tesla,0.08,0.00,1,,191.00,,,,196.00,D,6
1786538103786,tesla,0.08,0.00,1,,191.00,,,,196.00,D,6
1786538103789,tesla,0.08,0.00,1,,191.00,,,,196.00,D,6
1786538103789,tesla,0.08,0.00,1,,191.00,,,,196.00,D,6
1786538103792,tesla,0.08,0.00,1,,191.00,,,,196.00,D,6
1786538103795,tesla,0.08,0.00,1,,191.00,,,,196.00,D,6
1786538103797,tesla,0.08,0.00,1,,191.00,,,,196.00,D,6
1786538103800,tesla,0.08,0.00,1,,191.00,,,,196.00,D,6
1786538103803,tesla,0.08,0.00,1,,191.00,,,,196.00,D,6
1786538103803,tesla,0.08,0.00,1,,191.00,,,,196.00,D,6
1786538103806,tesla,0.08,0.00,1,,191.00,,,,196.00,D,6
1786538103808,tesla,0.08,0.00,1,,191.00,,,,196.00,D,6
1786538103811,tesla,0.08,0.00,1,,191.00,,,,196.00,D,6
1786538103814,tesla,0.08,0.00,1,,191.00,,,,196.00,D,6
1786538103817,tesla,0.08,0.00,1,,191.00,,,,196.00,D,6
1786538103820,tesla,0.08,0.00,1,,191.00,,,,196.00,D,6
1786538103822,tesla,0.08,0.00,1,,191.00,,,,196.00,D,6
1786538103822,tesla,0.08,0.00,1,,191.00,,,,196.00,D,6
1786538103825,tesla,0.08,0.00,1,,191.00,,,,196.00,D,6
1786538103828,tesla,0.08,0.00,1,,191.00,,,,196.00,D,6
1786538103831,tesla,0.08,0.00,1,,191.00,,,,196.00,D,6
1786538103833,tesla,0.08,0.00,1,,191.00,,,,196.00,D,6
1786538103836,tesla,0.08,0.00,1,,191.00,,,,196.00,D,6
1786538103839,tesla,0.08,0.00,1,,191.00,,,,196.00,D,6
1786538103839,tesla,0.08,0.00,1,,191.00,,,,196.00,D,6
1786538103842,tesla,0.08,0.00,1,,191.00,,,,196.00,D,6
1786538103845,tesla,0.08,0.00,1,,191.00,,,,196.00,D,6
1786538103845,tesla,0.08,0.00,1,,191.00,,,,196.00,D,6
1786538103847,tesla,0.08,0.00,1,,191.00,,,,196.00,D,6
1786538103850,tesla,0.08,0.00,1,,191.00,,,,196.00,D,6
1786538103853,tesla,0.08,0.00,1,,191.00,,,,196.00,D,6
1786538103856,tesla,0.08,0.00,1,,191.00,,,,196.00,D,6
1786538103858,tesla,0.08,0.00,1,,191.00,,,,196.00,D,6
1786538103859,tesla,0.08,0.00,1,,191.00,,,,196.00,D,6
1786538103861,tesla,0.08,0.00,1,,191.00,,,,196.00,D,6
1786538103864,tesla,0.08,0.00,1,,191.00,,,,196.00,D,6
1786538103867,tesla,0.08,0.00,1,,191.00,,,,196.00,D,6
1786538103869,tesla,0.08,0.00,1,,191.00,,,,196.00,D,6
1786538103872,tesla,0.08,0.00,1,,191.00,,,,196.00,D,6
1786538103875,tesla,0.08,0.00,1,,191.00,,,,196.00,D,6
1786538103878,tesla,0.08,0.00,1,,191.00,,,,196.00,D,6
1786538103878,tesla,0.08,0.00,1,,191.00,,,,196.00,D,6
1786538103881,tesla,0.08,0.00,1,,191.00,,,,196.00,D,6
1786538103883,tesla,0.08,0.00,1,,191.00,,,,196.00,D,6
1786538103886,tesla,0.08,0.00,1,,191.00,,,,196.00,D,6
1786538103889,tesla,0.08,0.00,1,,191.00,,,,196.00,D,6
1786538103892,tesla,0.08,0.00,1,,191.00,,,,196.00,D,6
1786538103892,tesla,0.08,0.00,1,,191.00,,,,196.00,D,6
1786538103894,tesla,0.08,0.00,1,,191.00,,,,196.00,D,6
1786538103897,tesla,0.08,0.00,1,,191.00,,,,196.00,D,6
1786538103900,tesla,0.08,0.00,1,,191.00,,,,196.00,D,6
1786538103900,tesla,0.08,0.00,1,,191.00,,,,196.00,D,6
1786538103903,tesla,0.08,0.00,1,,191.00,,,,196.00,D,6
1786538103906,tesla,0.08,0.00,1,,191.00,,,,196.00,D,6
1786538103908,tesla,0.08,0.00,1,,191.00,,,,196.00,D,6
1786538103911,tesla,0.08,0.00,1,,191.00,,,,196.00,D,6
1786538103914,tesla,0.08,0.00,1,,191.00,,,,196.00,D,6
1786538103914,tesla,0.08,0.00,1,,191.00,,,,196.00,D,6
1786538103917,tesla,0.08,0.00,1,,191.00,,,,196.00,D,6
1786538103920,tesla,0.08,0.00,1,,191.00,,,,196.00,D,6
1786538103920,tesla,0.08,0.00,1,,191.00,,,,196.00,D,6
1786538103920,tesla,0.08,0.00,1,,191.00,,,,196.00,D,6
1786538103922,tesla,0.08,0.00,1,,191.00,,,,196.00,D,6
1786538103925,tesla,0.08,0.00,1,,191.00,,,,196.00,D,6
1786538103928,tesla,0.08,0.00,1,,191.00,,,,196.00,D,6
1786538103931,tesla,0.08,0.00,1,,191.00,,,,196.00,D,6
1786538103933,tesla,0.08,0.00,1,,191.00,,,,196.00,D,6
1786538103934,tesla,0.08,0.00,1,,191.00,,,,196.00,D,6
1786538103936,tesla,0.08,0.00,1,,191.00,,,,196.00,D,6
1786538103939,tesla,0.08,0.00,1,,191.00,,,,196.00,D,6
1786538103942,tesla,0.08,0.00,1,,191.00,,,,196.00,D,6
1786538103945,tesla,0.08,0.00,1,,191.00,,,,196.00,D,6
1786538103945,tesla,0.08,0.00,1,,191.00,,,,196.00,D,6
1786538103947,tesla,0.08,0.00,1,,191.00,,,,196.00,D,6
1786538103950,tesla,0.08,0.00,1,,191.00,,,,196.00,D,6
1786538103953,tesla,0.08,0.00,1,,191.00,,,,196.00,D,6
1786538103953,tesla,0.08,0.00,1,,191.00,,,,196.00,D,6
1786538103956,tesla,0.08,0.00,1,,191.00,,,,196.00,D,6
1786538103958,tesla,0.08,0.00,1,,191.00,,,,196.00,D,6
1786538103961,tesla,0.08,0.00,1,,191.00,,,,196.00,D,6
1786538103961,tesla,0.08,0.00,1,,191.00,,,,196.00,D,6
1786538103964,tesla,0.08,0.00,1,,191.00,,,,196.00,D,6
1786538103967,tesla,0.08,0.00,1,,191.00,,,,196.00,D,6
1786538103969,tesla,0.08,0.00,1,,191.00,,,,196.00,D,6
1786538103972,tesla,0.08,0.00,1,,191.00,,,,196.00,D,6
1786538103975,tesla,0.08,0.00,1,,191.00,,,,196.00,D,6
1786538103975,tesla,0.08,0.00,1,,191.00,,,,196.00,D,6
1786538103978,tesla,0.00,0.00,1,,191.00,,,,196.00,D,6
1786538103981,tesla,0.00,0.00,1,,191.00,,,,196.00,D,6
1786538103983,tesla,0.00,0.00,1,,191.00,,,,0.00,D,6
1786538103986,tesla,0.00,0.00,1,,191.00,,,,0.00,D,6
1786538103989,tesla,0.00,0.00,1,,191.00,,,,0.00,D,6
1786538103992,tesla,0.00,0.00,1,,191.00,,,,0.00,D,6
1786538103992,tesla,0.00,0.00,1,,191.00,,,,0.00,D,6
1786538103994,tesla,0.00,0.00,1,,191.00,,,,0.00,D,6
1786538103997,tesla,0.00,0.00,1,,191.00,,,,0.00,D,6
1786538104000,tesla,0.00,0.00,1,,191.00,,,,0.00,D,6
1786538104003,tesla,0.00,0.00,1,,191.00,,,,0.00,D,6
1786538104006,tesla,0.00,0.00,1,,191.00,,,,0.00,D,6
1786538104006,tesla,0.00,0.00,1,,191.00,,,,0.00,D,6
1786538104008,tesla,0.00,0.00,1,,191.00,,,,0.00,D,6
1786538104011,tesla,0.00,0.00,1,,191.00,,,,0.00,D,6
1786538104014,tesla,0.00,0.00,1,,191.00,,,,0.00,D,6
1786538104017,tesla,0.00,0.00,1,,191.00,,,,0.00,D,6
1786538104020,tesla,0.00,0.00,1,,191.00,,,,0.00,D,6
1786538104020,tesla,0.00,0.00,1,,191.00,,,,0.00,D,6
1786538104022,tesla,0.00,0.00,1,,191.00,,,,0.00,D,6
1786538104025,tesla,0.00,0.00,1,,191.00,,,,0.00,D,6
1786538104028,tesla,0.00,0.00,1,,191.00,,,,0.00,D,6
1786538104031,tesla,0.00,0.00,1,,191.00,,,,0.00,D,6
1786538104031,tesla,0.00,0.00,1,,191.00,,,,0.00,D,6
1786538104033,tesla,0.00,0.00,1,,191.00,,,,0.00,D,6
1786538104036,tesla,0.00,0.00,1,,191.00,,,,0.00,D,6
1786538104039,tesla,0.00,0.00,1,,191.00,,,,0.00,D,6
1786538104042,tesla,0.00,0.00,1,,191.00,,,,0.00,D,6
1786538104045,tesla,0.00,0.00,1,,191.00,,,,0.00,D,6
1786538104047,tesla,0.00,0.00,1,,191.00,,,,0.00,D,6
1786538104047,tesla,0.00,0.00,1,,191.00,,,,0.00,D,6
1786538104050,tesla,0.00,0.00,1,,191.00,,,,0.00,D,6
1786538104053,tesla,0.00,0.00,1,,191.00,,,,0.00,D,6
1786538104056,tesla,0.00,0.00,1,,191.00,,,,0.00,D,6
1786538104058,tesla,0.00,0.00,1,,191.00,,,,0.00,D,6
1786538104061,tesla,0.00,0.00,1,,191.00,,,,0.00,D,6
1786538104061,tesla,0.00,0.00,1,,191.00,,,,0.00,D,6
1786538104064,tesla,0.00,0.00,1,,191.00,,,,0.00,D,6
1786538104067,tesla,0.00,0.00,1,,191.00,,,,0.00,D,6
1786538104070,tesla,0.00,0.00,1,,191.00,,,,0.00,D,6
1786538104072,tesla,0.00,0.00,1,,191.00,,,,0.00,D,6
1786538104075,tesla,0.00,0.00,1,,191.00,,,,0.00,D,6
1786538104078,tesla,0.00,0.00,1,,191.00,,,,0.00,D,6
1786538104081,tesla,0.00,0.00,1,,191.00,,,,0.00,D,6
1786538104081,tesla,0.00,0.00,1,,191.00,,,,0.00,D,6
1786538104083,tesla,0.00,0.00,1,,191.00,,,,0.00,D,6
1786538104086,tesla,0.00,0.00,1,,191.00,,,,0.00,D,6
1786538104089,tesla,0.00,0.00,1,,191.00,,,,0.00,D,6
1786538104089,tesla,0.00,0.00,1,,191.00,,,,0.00,D,6
1786538104092,tesla,0.00,0.00,1,,191.00,,,,0.00,D,6
1786538104095,tesla,0.00,0.00,1,,191.00,,,,0.00,D,6
1786538104097,tesla,0.00,0.00,1,,191.00,,,,0.00,D,6
1786538104100,tesla,0.00,0.00,1,,191.00,,,,0.00,D,6
1786538104100,tesla,0.00,0.00,1,,191.00,,,,0.00,D,6
1786538104103,tesla,0.00,0.00,1,,191.00,,,,0.00,D,6
1786538104106,tesla,0.00,0.00,1,,191.00,,,,0.00,D,6
1786538104108,tesla,0.00,0.00,1,,191.00,,,,0.00,D,6
1786538104111,tesla,0.00,0.00,1,,191.00,,,,0.00,D,6
1786538104111,tesla,0.00,0.00,1,,191.00,,,,0.00,D,6
1786538104114,tesla,0.00,0.00,1,,191.00,,,,0.00,D,6
1786538104117,tesla,0.00,0.00,1,,191.00,,,,0.00,D,6
1786538104117,tesla,0.00,0.00,1,,191.00,,,,0.00,D,6
1786538104120,tesla,0.00,0.00,1,,191.00,,,,0.00,D,6
1786538104122,tesla,0.00,0.00,1,,191.00,,,,0.00,D,6
1786538104125,tesla,0.00,0.00,1,,191.00,,,,0.00,D,6
1786538104125,tesla,0.00,0.00,1,,191.00,,,,0.00,D,6
1786538104128,tesla,0.00,0.00,1,,191.00,,,,0.00,D,6
1786538104131,tesla,0.00,0.00,1,,191.00,,,,0.00,D,6
1786538104131,tesla,0.00,0.00,1,,191.00,,,,0.00,D,6
1786538104133,tesla,0.00,0.00,1,,191.00,,,,0.00,D,6
1786538104136,tesla,0.00,0.00,1,,191.00,,,,0.00,D,6
1786538104139,tesla,0.00,0.00,1,,191.00,,,,0.00,D,6
1786538104142,tesla,0.00,0.00,1,,191.00,,,,0.00,D,6
1786538104144,tesla,0.00,0.00,1,,191.00,,,,0.00,D,6
1786538104147,tesla,0.00,0.00,1,,191.00,,,,0.00,D,6
1786538104147,tesla,0.00,0.00,1,,191.00,,,,0.00,D,6
1786538104150,tesla,0.00,0.00,1,,191.00,,,,0.00,D,6
1786538104153,tesla,0.00,0.00,1,,191.00,,,,0.00,D,6
1786538104153,tesla,0.00,0.00,1,,191.00,,,,0.00,D,6
1786538104156,tesla,0.00,0.00,1,,191.00,,,,0.00,D,6
1786538104158,tesla,0.00,0.00,1,,191.00,,,,0.00,D,6
1786538104161,tesla,0.00,0.00,1,,191.00,,,,0.00,D,6
1786538104164,tesla,0.00,0.00,1,,191.00,,,,0.00,D,6
1786538104167,tesla,0.00,0.00,1,,191.00,,,,0.00,D,6
1786538104167,tesla,0.00,0.00,1,,191.00,,,,0.00,D,6
1786538104170,tesla,0.00,0.00,1,,191.00,,,,0.00,D,6
1786538104172,tesla,0.00,0.00,1,,191.00,,,,0.00,D,6
1786538104175,tesla,0.00,0.00,1,,191.00,,,,0.00,D,6
1786538104178,tesla,0.00,0.00,1,,191.00,,,,0.00,D,6
1786538104178,tesla,0.00,0.00,1,,191.00,,,,0.00,D,6
1786538104181,tesla,0.00,0.00,1,,191.00,,,,0.00,D,6
1786538104183,tesla,0.00,0.00,1,,191.00,,,,0.00,D,6
1786538104186,tesla,0.00,0.00,1,,191.00,,,,0.00,D,6
1786538104189,tesla,0.00,0.00,1,,191.00,,,,0.00,D,6
1786538104192,tesla,0.00,0.00,1,,191.00,,,,0.00,D,6
1786538104192,tesla,0.00,0.00,1,,191.00,,,,0.00,D,6
1786538104194,tesla,0.00,0.00,1,,191.00,,,,0.00,D,6
1786538104197,tesla,0.00,0.00,1,,191.00,,,,0.00,D,6
1786538104200,tesla,0.00,0.00,1,,191.00,,,,0.00,D,6
1786538104203,tesla,0.00,0.00,1,,191.00,,,,0.00,D,6
1786538104206,tesla,0.00,0.00,1,,191.00,,,,0.00,D,6
1786538104206,tesla,0.00,0.00,1,,191.00,,,,0.00,D,6
1786538104208,tesla,0.00,0.00,1,,191.00,,,,0.00,D,6
1786538104211,tesla,0.00,0.00,1,,191.00,,,,0.00,D,6
1786538104214,tesla,0.00,0.00,1,,191.00,,,,0.00,D,6
1786538104217,tesla,0.00,0.00,1,,191.00,,,,0.00,D,6
1786538104220,tesla,0.00,0.00,1,,191.00,,,,0.00,D,6
1786538104222,tesla,0.00,0.00,1,,191.00,,,,0.00,D,6
1786538104222,tesla,0.00,0.00,1,,191.00,,,,0.00,D,6
1786538104225,tesla,0.00,0.00,1,,191.00,,,,0.00,D,6
1786538104228,tesla,0.00,0.00,1,,191.00,,,,0.00,D,6
1786538104231,tesla,0.00,0.00,1,,191.00,,,,0.00,D,6
1786538104233,tesla,0.00,0.00,1,,191.00,,,,0.00,D,6
1786538104236,tesla,0.00,0.00,1,,191.00,,,,0.00,D,6
1786538104236,tesla,0.00,0.00,1,,191.00,,,,0.00,D,6
1786538104239,tesla,0.00,0.00,1,,191.00,,,,0.00,D,6
1786538104242,tesla,0.00,0.00,1,,191.00,,,,0.00,D,6
1786538104245,tesla,0.00,0.00,1,,191.00,,,,0.00,D,6
1786538104247,tesla,0.00,0.00,1,,191.00,,,,0.00,D,6
1786538104247,tesla,0.00,0.00,1,,191.00,,,,0.00,D,6
1786538104250,tesla,0.00,0.00,1,,191.00,,,,0.00,D,6
1786538104253,tesla,0.00,0.00,1,,191.00,,,,0.00,D,6
1786538104256,tesla,0.00,0.00,1,,191.00,,,,0.00,D,6
1786538104258,tesla,0.00,0.00,1,,191.00,,,,0.00,D,6
1786538104261,tesla,0.00,0.00,1,,191.00,,,,0.00,D,6
1786538104264,tesla,0.00,0.00,1,,191.00,,,,0.00,D,6
1786538104264,tesla,0.00,0.00,1,,191.00,,,,0.00,D,6
1786538104267,tesla,0.00,0.00,1,,191.00,,,,0.00,D,6
1786538104270,tesla,0.00,0.00,1,,191.00,,,,0.00,D,6
1786538104272,tesla,0.00,0.00,1,,191.00,,,,0.00,D,6
1786538104275,tesla,0.00,0.00,1,,191.00,,,,0.00,D,6
1786538104278,tesla,0.00,0.00,1,,191.00,,,,0.00,D,6
1786538104281,tesla,0.00,0.00,1,,191.00,,,,0.00,D,6
1786538104281,tesla,0.00,0.00,1,,191.00,,,,0.00,D,6
1786538104283,tesla,0.00,0.00,1,,191.00,,,,0.00,D,6
1786538104286,tesla,0.00,0.00,1,,191.00,,,,0.00,D,6
1786538104289,tesla,0.00,0.00,1,,191.00,,,,0.00,D,6
1786538104289,tesla,0.00,0.00,1,,191.00,,,,0.00,D,6
1786538104292,tesla,0.00,0.00,1,,191.00,,,,0.00,D,6
1786538104292,tesla,0.00,0.00,1,,191.00,,,,0.00,D,6
1786538104295,tesla,0.00,0.00,1,,191.00,,,,0.00,D,6
1786538104297,tesla,0.00,0.00,1,,191.00,,,,0.00,D,6
1786538104300,tesla,0.00,0.00,1,,191.00,,,,0.00,D,6
1786538104303,tesla,0.00,0.00,1,,191.00,,,,0.00,D,6
1786538104306,tesla,0.00,0.00,1,,191.00,,,,0.00,D,6
1786538104306,tesla,0.00,0.00,1,,191.00,,,,0.00,D,6
1786538104308,tesla,0.00,0.00,1,,191.00,,,,0.00,D,6
1786538104311,tesla,0.00,0.00,1,,191.00,,,,0.00,D,6
1786538104314,tesla,0.00,0.00,1,,191.00,,,,0.00,D,6
1786538104317,tesla,0.00,0.00,1,,191.00,,,,0.00,D,6
1786538104320,tesla,0.00,0.00,1,,191.00,,,,0.00,D,6
1786538104322,tesla,0.00,0.00,1,,191.00,,,,0.00,D,6
1786538104322,tesla,0.00,0.00,1,,191.00,,,,0.00,D,6
1786538104325,tesla,0.00,0.00,1,,191.00,,,,0.00,D,6
1786538104328,tesla,0.00,0.00,1,,191.00,,,,0.00,D,6
1786538104331,tesla,0.00,0.00,1,,191.00,,,,0.00,D,6
1786538104331,tesla,0.00,0.00,1,,191.00,,,,0.00,D,6
1786538104333,tesla,0.00,0.00,1,,191.00,,,,0.00,D,6
1786538104336,tesla,0.00,0.00,1,,191.00,,,,0.00,D,6
1786538104339,tesla,0.00,0.00,1,,191.00,,,,0.00,D,6
1786538104342,tesla,0.00,0.00,1,,191.00,,,,0.00,D,6
1786538104342,tesla,0.00,0.00,1,,191.00,,,,0.00,D,6
1786538104345,tesla,0.00,0.00,1,,191.00,,,,0.00,D,6
1786538104347,tesla,0.00,0.00,1,,191.00,,,,0.00,D,6
1786538104350,tesla,0.00,0.00,1,,191.00,,,,0.00,D,6
1786538104350,tesla,0.00,0.00,1,,191.00,,,,0.00,D,6
1786538104353,tesla,0.00,0.00,1,,191.00,,,,0.00,D,6
1786538104356,tesla,0.00,0.00,1,,191.00,,,,0.00,D,6
1786538104358,tesla,0.00,0.00,1,,191.00,,,,0.00,D,6
1786538104359,tesla,0.00,0.00,1,,191.00,,,,0.00,D,6
1786538104361,tesla,0.00,0.00,1,,191.00,,,,0.00,D,6
1786538104364,tesla,0.00,0.00,1,,191.00,,,,0.00,D,6
1786538104367,tesla,0.00,0.00,1,,191.00,,,,0.00,D,6
1786538104370,tesla,0.00,0.00,1,,191.00,,,,0.00,D,6
1786538104370,tesla,0.00,0.00,1,,191.00,,,,0.00,D,6
1786538104372,tesla,0.00,0.00,1,,191.00,,,,0.00,D,6
1786538104375,tesla,0.00,0.00,1,,191.00,,,,0.00,D,6
1786538104378,tesla,0.00,0.00,1,,191.00,,,,0.00,D,6
1786538104378,tesla,0.00,0.00,1,,191.00,,,,0.00,D,6
1786538104381,tesla,0.00,0.00,1,,191.00,,,,0.00,D,6
1786538104383,tesla,0.00,0.00,1,,191.00,,,,0.00,D,6
1786538104386,tesla,0.00,0.00,1,,191.00,,,,0.00,D,6
1786538104389,tesla,0.00,0.00,1,,191.00,,,,0.00,D,6
1786538104392,tesla,0.00,0.00,1,,191.00,,,,0.00,D,6
1786538104392,tesla,0.00,0.00,1,,191.00,,,,0.00,D,6
1786538104395,tesla,0.00,0.00,1,,191.00,,,,0.00,D,6
1786538104397,tesla,0.00,0.00,1,,191.00,,,,0.00,D,6
1786538104400,tesla,0.00,0.00,1,,191.00,,,,0.00,D,6
1786538104403,tesla,0.00,0.00,1,,191.00,,,,0.00,D,6
1786538104406,tesla,0.00,0.00,1,,191.00,,,,0.00,D,6
1786538104408,tesla,0.00,0.00,1,,191.00,,,,0.00,D,6
1786538104409,tesla,0.00,0.00,1,,191.00,,,,0.00,D,6
1786538104411,tesla,0.00,0.00,1,,191.00,,,,0.00,D,6
1786538104415,tesla,0.00,0.00,1,,191.00,,,,0.00,D,6
1786538104417,tesla,0.00,0.00,1,,191.00,,,,0.00,D,6
1786538104420,tesla,0.00,0.00,1,,191.00,,,,0.00,D,6
1786538104422,tesla,0.00,0.00,1,,191.00,,,,0.00,D,6
1786538104425,tesla,0.00,0.00,1,,191.00,,,,0.00,D,6
1786538104428,tesla,0.00,0.00,1,,191.00,,,,0.00,D,6
1786538104428,tesla,0.00,0.00,1,,191.00,,,,0.00,D,6
1786538104431,tesla,0.00,0.00,1,,191.00,,,,0.00,D,6
1786538104433,tesla,0.00,0.00,1,,191.00,,,,0.00,D,6
1786538104436,tesla,0.00,0.00,1,,191.00,,,,0.00,D,6
1786538104439,tesla,0.00,0.00,1,,191.00,,,,0.00,D,6
1786538104442,tesla,0.00,0.00,1,,191.00,,,,0.00,D,6
1786538104445,tesla,0.00,0.00,1,,191.00,,,,0.00,D,6
1786538104445,tesla,0.00,0.00,1,,191.00,,,,0.00,D,6
1786538104447,tesla,0.00,0.00,1,,191.00,,,,0.00,D,6
1786538104450,tesla,0.00,0.00,1,,191.00,,,,0.00,D,6
1786538104453,tesla,0.00,0.00,1,,191.00,,,,0.00,D,6
1786538104456,tesla,0.00,0.00,1,,191.00,,,,0.00,D,6
1786538104456,tesla,0.00,0.00,1,,191.00,,,,0.00,D,6
1786538104459,tesla,0.00,0.00,1,,191.00,,,,0.00,D,6
1786538104461,tesla,0.00,0.00,1,,191.00,,,,0.00,D,6
1786538104464,tesla,0.00,0.00,1,,191.00,,,,0.00,D,6
1786538104467,tesla,0.00,0.00,1,,191.00,,,,0.00,D,6
1786538104470,tesla,0.00,0.00,1,,191.00,,,,0.00,D,6
1786538104472,tesla,0.00,0.00,1,,191.00,,,,0.00,D,6
1786538104475,tesla,0.00,0.00,1,,191.00,,,,0.00,D,6
1786538104475,tesla,0.00,0.00,1,,191.00,,,,0.00,D,6
1786538104478,tesla,0.00,0.00,1,,191.00,,,,0.00,D,6
1786538104481,tesla,0.00,0.00,1,,191.00,,,,0.00,D,6
1786538104483,tesla,0.00,0.00,1,,191.00,,,,0.00,D,6
1786538104486,tesla,0.00,0.00,1,,191.00,,,,0.00,D,6
1786538104489,tesla,0.00,0.00,1,,191.00,,,,0.00,D,6
1786538104489,tesla,0.00,0.00,1,,191.00,,,,0.00,D,6
1786538104492,tesla,0.00,0.00,1,,191.00,,,,0.00,D,6
1786538104495,tesla,0.00,0.00,1,,191.00,,,,0.00,D,6
1786538104495,tesla,0.00,0.00,1,,191.00,,,,0.00,D,6
1786538104497,tesla,0.00,0.00,1,,191.00,,,,0.00,D,6
1786538104500,tesla,0.00,0.00,1,,191.00,,,,0.00,D,6
1786538104503,tesla,0.00,0.00,1,,191.00,,,,0.00,D,6
1786538104506,tesla,0.00,0.00,1,,191.00,,,,0.00,D,6
1786538104508,tesla,0.00,0.00,1,,191.00,,,,0.00,D,6
1786538104509,tesla,0.00,0.00,1,,191.00,,,,0.00,D,6
1786538104511,tesla,0.00,0.00,1,,191.00,,,,0.00,D,6
1786538104514,tesla,0.00,0.00,1,,191.00,,,,0.00,D,6
1786538104517,tesla,0.00,0.00,1,,191.00,,,,0.00,D,6
1786538104517,tesla,0.00,0.00,1,,191.00,,,,0.00,D,6
1786538104520,tesla,0.00,0.00,1,,191.00,,,,0.00,D,6
1786538104522,tesla,0.00,0.00,1,,191.00,,,,0.00,D,6
1786538104525,tesla,0.00,0.00,1,,191.00,,,,0.00,D,6
1786538104528,tesla,0.00,0.00,1,,191.00,,,,0.00,D,6
1786538104531,tesla,0.00,0.00,1,,191.00,,,,0.00,D,6
1786538104531,tesla,0.00,0.00,1,,191.00,,,,0.00,D,6
1786538104531,tesla,0.00,0.00,1,,191.00,,,,0.00,D,6
1786538104533,tesla,0.00,0.00,1,,191.00,,,,0.00,D,6
1786538104536,tesla,0.00,0.00,1,,191.00,,,,0.00,D,6
1786538104539,tesla,0.00,0.00,1,,191.00,,,,0.00,D,6
1786538104542,tesla,0.00,0.00,1,,191.00,,,,0.00,D,6
1786538104542,tesla,0.00,0.00,1,,191.00,,,,0.00,D,6
1786538104545,tesla,0.00,0.00,1,,191.00,,,,0.00,D,6
1786538104547,tesla,0.00,0.00,1,,191.00,,,,0.00,D,6
1786538104550,tesla,0.00,0.00,1,,191.00,,,,0.00,D,6
1786538104550,tesla,0.00,0.00,1,,191.00,,,,0.00,D,6
1786538104553,tesla,0.00,0.00,1,,191.00,,,,0.00,D,6
1786538104556,tesla,0.00,0.00,1,,191.00,,,,0.00,D,6
1786538104559,tesla,0.00,0.00,1,,191.00,,,,0.00,D,6
1786538104559,tesla,0.00,0.00,1,,191.00,,,,0.00,D,6
1786538104561,tesla,0.00,0.00,1,,191.00,,,,0.00,D,6
1786538104564,tesla,0.00,0.00,1,,191.00,,,,0.00,D,6
1786538104567,tesla,0.00,0.00,1,,191.00,,,,0.00,D,6
1786538104570,tesla,0.00,0.00,1,,191.00,,,,0.00,D,6
1786538104570,tesla,0.00,0.00,1,,191.00,,,,0.00,D,6
1786538104572,tesla,0.00,0.00,1,,191.00,,,,0.00,D,6
1786538104575,tesla,0.00,0.00,1,,191.00,,,,0.00,D,6
1786538104578,tesla,0.00,0.00,1,,191.00,,,,0.00,D,6
1786538104581,tesla,0.00,0.00,1,,191.00,,,,0.00,D,6
1786538104583,tesla,0.00,0.00,1,,191.00,,,,0.00,D,6
1786538104584,tesla,0.00,0.00,1,,191.00,,,,0.00,D,6
1786538104586,tesla,0.00,0.00,1,,191.00,,,,0.00,D,6
1786538104589,tesla,0.00,0.00,1,,191.00,,,,0.00,D,6
1786538104592,tesla,0.00,0.00,1,,191.00,,,,0.00,D,6
1786538104594,tesla,0.00,0.00,1,,191.00,,,,0.00,D,6
1786538104597,tesla,0.00,0.00,1,,191.00,,,,0.00,D,6
1786538104600,tesla,0.00,0.00,1,,191.00,,,,0.00,D,6
1786538104600,tesla,0.00,0.00,1,,191.00,,,,0.00,D,6
1786538104603,tesla,0.00,0.00,1,,191.00,,,,0.00,D,6
1786538104606,tesla,0.00,0.00,1,,191.00,,,,0.00,D,6
1786538104608,tesla,0.00,0.00,1,,191.00,,,,0.00,D,6
1786538104611,tesla,0.00,0.00,1,,191.00,,,,0.00,D,6
1786538104611,tesla,0.00,0.00,1,,191.00,,,,0.00,D,6
1786538104614,tesla,0.00,0.00,1,,191.00,,,,0.00,D,6
1786538104617,tesla,0.00,0.00,1,,191.00,,,,0.00,D,6
1786538104620,tesla,0.00,0.00,1,,191.00,,,,0.00,D,6
1786538104623,tesla,0.00,0.00,1,,191.00,,,,0.00,D,6
1786538104625,tesla,0.00,0.00,1,,191.00,,,,0.00,D,6
1786538104628,tesla,0.00,0.00,1,,191.00,,,,0.00,D,6
1786538104628,tesla,0.00,0.00,1,,191.00,,,,0.00,D,6
1786538104631,tesla,0.00,0.00,1,,191.00,,,,0.00,D,6
1786538104633,tesla,0.00,0.00,1,,191.00,,,,0.00,D,6
1786538104636,tesla,0.00,0.00,1,,191.00,,,,0.00,D,6
1786538104639,tesla,0.00,0.00,1,,191.00,,,,0.00,D,6
1786538104639,tesla,0.00,0.00,1,,191.00,,,,0.00,D,6
1786538104642,tesla,0.00,0.00,1,,191.00,,,,0.00,D,6
1786538104644,tesla,0.00,0.00,1,,191.00,,,,0.00,D,6
1786538104647,tesla,0.00,0.00,1,,191.00,,,,0.00,D,6
1786538104650,tesla,0.00,0.00,1,,191.00,,,,0.00,D,6
1786538104653,tesla,0.00,0.00,1,,191.00,,,,0.00,D,6
1786538104656,tesla,0.00,0.00,1,,191.00,,,,0.00,D,6
1786538104656,tesla,0.00,0.00,1,,191.00,,,,0.00,D,6
1786538104659,tesla,0.00,0.00,1,,191.00,,,,0.00,D,6
1786538104661,tesla,0.00,0.00,1,,191.00,,,,0.00,D,6
1786538104664,tesla,0.00,0.00,1,,191.00,,,,0.00,D,6
1786538104667,tesla,0.00,0.00,1,,191.00,,,,0.00,D,6
1786538104670,tesla,0.00,0.00,1,,191.00,,,,0.00,D,6
1786538104672,tesla,0.00,0.00,1,,191.00,,,,0.00,D,6
1786538104676,tesla,0.00,0.00,1,,191.00,,,,0.00,D,6
1786538104676,tesla,0.00,0.00,1,,191.00,,,,0.00,D,6
1786538104678,tesla,0.00,0.00,1,,191.00,,,,0.00,D,6
1786538104681,tesla,0.00,0.00,1,,191.00,,,,0.00,D,6
1786538104683,tesla,0.00,0.00,1,,191.00,,,,0.00,D,6
1786538104686,tesla,0.00,0.00,1,,191.00,,,,0.00,D,6
1786538104689,tesla,0.00,0.00,1,,191.00,,,,0.00,D,6
1786538104689,tesla,0.00,0.00,1,,191.00,,,,0.00,D,6
1786538104692,tesla,0.00,0.00,1,,191.00,,,,0.00,D,6
1786538104695,tesla,0.00,0.00,1,,191.00,,,,0.00,D,6
1786538104697,tesla,0.00,0.00,1,,191.00,,,,0.00,D,6
1786538104700,tesla,0.00,0.00,1,,191.00,,,,0.00,D,6
1786538104700,tesla,0.00,0.00,1,,191.00,,,,0.00,D,6
1786538104703,tesla,0.00,0.00,1,,191.00,,,,0.00,D,6
1786538104703,tesla,0.00,0.00,1,,191.00,,,,0.00,D,6
1786538104706,tesla,0.00,0.00,1,,191.00,,,,0.00,D,6
1786538104708,tesla,0.00,0.00,1,,191.00,,,,0.00,D,6
1786538104711,tesla,0.00,0.00,1,,191.00,,,,0.00,D,6
1786538104714,tesla,0.00,0.00,1,,191.00,,,,0.00,D,6
1786538104714,tesla,0.00,0.00,1,,191.00,,,,0.00,D,6
1786538104717,tesla,0.00,0.00,1,,191.00,,,,0.00,D,6
1786538104720,tesla,0.00,0.00,1,,191.00,,,,0.00,D,6
1786538104722,tesla,0.00,0.00,1,,191.00,,,,0.00,D,6
1786538104725,tesla,0.00,0.00,1,,191.00,,,,0.00,D,6
1786538104728,tesla,0.00,0.00,1,,191.00,,,,0.00,D,6
1786538104731,tesla,0.00,0.00,1,,191.00,,,,0.00,D,6
1786538104731,tesla,0.00,0.00,1,,191.00,,,,0.00,D,6
1786538104734,tesla,0.00,0.00,1,,191.00,,,,0.00,D,6
1786538104735,tesla,0.00,0.00,1,,191.00,,,,0.00,D,6
1786538104736,tesla,0.00,0.00,1,,191.00,,,,0.00,D,6
1786538104736,tesla,0.00,0.00,1,,191.00,,,,0.00,D,6
1786538104739,tesla,0.00,0.00,1,,191.00,,,,0.00,D,6
1786538104742,tesla,0.00,0.00,1,,191.00,,,,0.00,D,6
1786538104745,tesla,0.00,0.00,1,,191.00,,,,0.00,D,6
1786538104747,tesla,0.00,0.00,1,,191.00,,,,0.00,D,6
1786538104750,tesla,0.00,0.00,1,,191.00,,,,0.00,D,6
1786538104750,tesla,0.00,0.00,1,,191.00,,,,0.00,D,6
1786538104753,tesla,0.00,0.00,1,,191.00,,,,0.00,D,6
1786538104756,tesla,0.00,0.00,1,,191.00,,,,0.00,D,6
1786538104758,tesla,0.00,0.00,1,,191.00,,,,0.00,D,6
1786538104759,tesla,0.00,0.00,1,,191.00,,,,0.00,D,6
1786538104761,tesla,0.00,0.00,1,,191.00,,,,0.00,D,6
1786538104764,tesla,0.00,0.00,1,,191.00,,,,0.00,D,6
1786538104767,tesla,0.00,0.00,1,,191.00,,,,0.00,D,6
1786538104770,tesla,0.00,0.00,1,,191.00,,,,0.00,D,6
1786538104770,tesla,0.00,0.00,1,,191.00,,,,0.00,D,6
1786538104772,tesla,0.00,0.00,1,,191.00,,,,0.00,D,6
1786538104775,tesla,0.00,0.00,1,,191.00,,,,0.00,D,6
1786538104778,tesla,0.00,0.00,1,,191.00,,,,0.00,D,6
1786538104781,tesla,0.00,0.00,1,,191.00,,,,0.00,D,6
1786538104783,tesla,0.00,0.00,1,,191.00,,,,0.00,D,6
1786538104784,tesla,0.00,0.00,1,,191.00,,,,0.00,D,6
1786538104786,tesla,0.00,0.00,1,,191.00,,,,0.00,D,6
1786538104789,tesla,0.00,0.00,1,,191.00,,,,0.00,D,6
1786538104792,tesla,0.00,0.00,1,,191.00,,,,0.00,D,6
1786538104792,tesla,0.00,0.00,1,,191.00,,,,0.00,D,6
1786538104795,tesla,0.00,0.00,1,,191.00,,,,0.00,D,6
1786538104797,tesla,0.00,0.00,1,,191.00,,,,0.00,D,6
1786538104800,tesla,0.00,0.00,1,,191.00,,,,0.00,D,6
1786538104803,tesla,0.00,0.00,1,,191.00,,,,0.00,D,6
1786538104803,tesla,0.00,0.00,1,,191.00,,,,0.00,D,6
1786538104806,tesla,0.00,0.00,1,,191.00,,,,0.00,D,6
1786538104808,tesla,0.00,0.00,1,,191.00,,,,0.00,D,6
1786538104811,tesla,0.00,0.00,1,,191.00,,,,0.00,D,6
1786538104814,tesla,0.00,0.00,1,,191.00,,,,0.00,D,6
1786538104817,tesla,0.00,0.00,1,,191.00,,,,0.00,D,6
1786538104820,tesla,0.00,0.00,1,,191.00,,,,0.00,D,6
1786538104822,tesla,0.00,0.00,1,,191.00,,,,0.00,D,6
1786538104822,tesla,0.00,0.00,1,,191.00,,,,0.00,D,6
1786538104825,tesla,0.00,0.00,1,,191.00,,,,0.00,D,6
1786538104828,tesla,0.00,0.00,1,,191.00,,,,0.00,D,6
1786538104831,tesla,0.00,0.00,1,,191.00,,,,0.00,D,6
1786538104833,tesla,0.00,0.00,1,,191.00,,,,0.00,D,6
1786538104834,tesla,0.00,0.00,1,,191.00,,,,0.00,D,6
1786538104836,tesla,0.00,0.00,1,,191.00,,,,0.00,D,6
1786538104839,tesla,0.00,0.00,1,,191.00,,,,0.00,D,6
1786538104842,tesla,0.00,0.00,1,,191.00,,,,0.00,D,6
1786538104845,tesla,0.00,0.00,1,,191.00,,,,0.00,D,6
1786538104845,tesla,0.00,0.00,1,,191.00,,,,0.00,D,6
1786538104847,tesla,0.00,0.00,1,,191.00,,,,0.00,D,6
1786538104850,tesla,0.00,0.00,1,,191.00,,,,0.00,D,6
1786538104853,tesla,0.00,0.00,1,,191.00,,,,0.00,D,6
1786538104856,tesla,0.00,0.00,1,,191.00,,,,0.00,D,6
1786538104859,tesla,0.00,0.00,1,,191.00,,,,0.00,D,6
1786538104861,tesla,0.00,0.00,1,,191.00,,,,0.00,D,6
1786538104864,tesla,0.00,0.00,1,,191.00,,,,0.00,D,6
1786538104864,tesla,0.00,0.00,1,,191.00,,,,0.00,D,6
1786538104867,tesla,0.00,0.00,1,,191.00,,,,0.00,D,6
1786538104870,tesla,0.00,0.00,1,,191.00,,,,0.00,D,6
1786538104872,tesla,0.00,0.00,1,,191.00,,,,0.00,D,6
1786538104875,tesla,0.00,0.00,1,,191.00,,,,0.00,D,6
1786538104878,tesla,0.00,0.00,1,,191.00,,,,0.00,D,6
1786538104881,tesla,0.00,0.00,1,,191.00,,,,0.00,D,6
1786538104883,tesla,0.00,0.00,1,,191.00,,,,0.00,D,6
1786538104884,tesla,0.00,0.00,1,,191.00,,,,0.00,D,6
1786538104886,tesla,0.00,0.00,1,,191.00,,,,0.00,D,6
1786538104889,tesla,0.00,0.00,1,,191.00,,,,0.00,D,6
1786538104889,tesla,0.00,0.00,1,,191.00,,,,0.00,D,6
1786538104892,tesla,0.00,0.00,1,,191.00,,,,0.00,D,6
1786538104895,tesla,0.00,0.00,1,,191.00,,,,0.00,D,6
1786538104897,tesla,0.00,0.00,1,,191.00,,,,0.00,D,6
1786538104900,tesla,0.00,0.00,1,,191.00,,,,0.00,D,6
1786538104900,tesla,0.00,0.00,1,,191.00,,,,0.00,D,6
1786538104903,tesla,0.00,0.00,1,,191.00,,,,0.00,D,6
1786538104906,tesla,0.00,0.00,1,,191.00,,,,0.00,D,6
1786538104908,tesla,0.00,0.00,1,,191.00,,,,0.00,D,6
1786538104911,tesla,0.00,0.00,1,,191.00,,,,0.00,D,6
1786538104914,tesla,0.00,0.00,1,,191.00,,,,0.00,D,6
1786538104917,tesla,0.00,0.00,1,,191.00,,,,0.00,D,6
1786538104917,tesla,0.00,0.00,1,,191.00,,,,0.00,D,6
1786538104920,tesla,0.00,0.00,1,,191.00,,,,0.00,D,6
1786538104922,tesla,0.00,0.00,1,,191.00,,,,0.00,D,6
1786538104925,tesla,0.00,0.00,1,,191.00,,,,0.00,D,6
1786538104928,tesla,0.00,0.00,1,,191.00,,,,0.00,D,6
1786538104928,tesla,0.00,0.00,1,,191.00,,,,0.00,D,6
1786538104931,tesla,0.00,0.00,1,,191.00,,,,0.00,D,6
1786538104933,tesla,0.00,0.00,1,,191.00,,,,0.00,D,6
1786538104934,tesla,0.00,0.00,1,,191.00,,,,0.00,D,6
1786538104936,tesla,0.00,0.00,1,,191.00,,,,0.00,D,6
1786538104939,tesla,0.00,0.00,1,,191.00,,,,0.00,D,6
1786538104942,tesla,0.00,0.00,1,,191.00,,,,0.00,D,6
1786538104945,tesla,0.00,0.00,1,,191.00,,,,0.00,D,6
1786538104945,tesla,0.00,0.00,1,,191.00,,,,0.00,D,6
1786538104947,tesla,0.00,0.00,1,,191.00,,,,0.00,D,6
1786538104950,tesla,0.00,0.00,1,,191.00,,,,0.00,D,6
1786538104953,tesla,0.00,0.00,1,,191.00,,,,0.00,D,6
1786538104956,tesla,0.00,0.00,1,,191.00,,,,0.00,D,6
1786538104956,tesla,0.00,0.00,1,,191.00,,,,0.00,D,6
1786538104958,tesla,0.00,0.00,1,,191.00,,,,0.00,D,6
1786538104961,tesla,0.00,0.00,1,,191.00,,,,0.00,D,6
1786538104964,tesla,0.00,0.00,1,,191.00,,,,0.00,D,6
1786538104964,tesla,0.00,0.00,1,,191.00,,,,0.00,D,6
1786538104967,tesla,0.00,0.00,1,,191.00,,,,0.00,D,6
1786538104970,tesla,0.00,0.00,1,,191.00,,,,0.00,D,6
1786538104972,tesla,0.00,0.00,1,,191.00,,,,0.00,D,6
1786538104975,tesla,0.00,0.00,1,,191.00,,,,0.00,D,6
1786538104978,tesla,0.00,0.00,1,,191.00,,,,0.00,D,6
1786538104981,tesla,0.00,0.00,1,,191.00,,,,0.00,D,6
1786538104981,tesla,0.00,0.00,1,,191.00,,,,0.00,D,6
1786538104983,tesla,0.00,0.00,1,,191.00,,,,0.00,D,6
1786538104986,tesla,0.00,0.00,1,,191.00,,,,0.00,D,6
1786538104989,tesla,0.00,0.00,1,,191.00,,,,0.00,D,6
1786538104992,tesla,0.00,0.00,1,,191.00,,,,0.00,D,6
1786538104995,tesla,0.00,0.00,1,,191.00,,,,0.00,D,6
1786538104995,tesla,0.00,0.00,1,,191.00,,,,0.00,D,6
1786538104997,tesla,0.00,0.00,1,,191.00,,,,0.00,D,6
1786538105000,tesla,0.00,0.00,1,,191.00,,,,0.00,D,6
1786538105003,tesla,0.00,0.00,1,,191.00,,,,0.00,D,6
1786538105006,tesla,0.00,0.00,1,,191.00,,,,0.00,D,6
1786538105006,tesla,0.00,0.00,1,,191.00,,,,0.00,D,6
1786538105009,tesla,0.00,0.00,1,,191.00,,,,0.00,D,6
1786538105011,tesla,0.00,0.00,1,,191.00,,,,0.00,D,6
1786538105014,tesla,0.00,0.00,1,,191.00,,,,0.00,D,6
1786538105017,tesla,0.00,0.00,1,,191.00,,,,0.00,D,6
1786538105020,tesla,0.00,0.00,1,,191.00,,,,0.00,D,6
1786538105020,tesla,0.00,0.00,1,,191.00,,,,0.00,D,6
1786538105022,tesla,0.00,0.00,1,,191.00,,,,0.00,D,6
1786538105025,tesla,0.00,0.00,1,,191.00,,,,0.00,D,6
1786538105028,tesla,0.00,0.00,1,,191.00,,,,0.00,D,6
1786538105031,tesla,0.00,0.00,1,,191.00,,,,0.00,D,6
1786538105031,tesla,0.00,0.00,1,,191.00,,,,0.00,D,6
1786538105033,tesla,0.00,0.00,1,,191.00,,,,0.00,D,6
1786538105036,tesla,0.00,0.00,1,,191.00,,,,0.00,D,6
1786538105039,tesla,0.00,0.00,1,,191.00,,,,0.00,D,6
1786538105042,tesla,0.00,0.00,1,,191.00,,,,0.00,D,6
1786538105045,tesla,0.00,0.00,1,,191.00,,,,0.00,D,6
1786538105047,tesla,0.00,0.00,1,,191.00,,,,0.00,D,6
1786538105047,tesla,0.00,0.00,1,,191.00,,,,0.00,D,6
1786538105050,tesla,0.00,0.00,1,,191.00,,,,0.00,D,6
1786538105053,tesla,0.00,0.00,1,,191.00,,,,0.00,D,6
1786538105056,tesla,0.00,0.00,1,,191.00,,,,0.00,D,6
1786538105058,tesla,0.00,0.00,1,,191.00,,,,0.00,D,6
1786538105061,tesla,0.00,0.00,1,,191.00,,,,0.00,D,6
1786538105064,tesla,0.00,0.00,1,,191.00,,,,0.00,D,6
1786538105064,tesla,0.00,0.00,1,,191.00,,,,0.00,D,6
1786538105067,tesla,0.00,0.00,1,,191.00,,,,0.00,D,6
1786538105070,tesla,0.00,0.00,1,,191.00,,,,0.00,D,6
1786538105070,tesla,0.00,0.00,1,,191.00,,,,0.00,D,6
1786538105072,tesla,0.00,0.00,1,,191.00,,,,0.00,D,6
1786538105075,tesla,0.00,0.00,1,,191.00,,,,0.00,D,6
1786538105078,tesla,0.00,0.00,1,,191.00,,,,0.00,D,6
1786538105081,tesla,0.00,0.00,1,,191.00,,,,0.00,D,6
1786538105083,tesla,0.00,0.00,1,,191.00,,,,0.00,D,6
1786538105086,tesla,0.00,0.00,1,,191.00,,,,0.00,D,6
1786538105089,tesla,0.00,0.00,1,,191.00,,,,0.00,D,6
1786538105089,tesla,0.00,0.00,1,,191.00,,,,0.00,D,6
1786538105092,tesla,0.00,0.00,1,,191.00,,,,0.00,D,6
1786538105095,tesla,0.00,0.00,1,,191.00,,,,0.00,D,6
1786538105095,tesla,0.00,0.00,1,,191.00,,,,0.00,D,6
1786538105097,tesla,0.00,0.00,1,,191.00,,,,0.00,D,6
1786538105100,tesla,0.00,0.00,1,,191.00,,,,0.00,D,6
1786538105103,tesla,0.00,0.00,1,,191.00,,,,0.00,D,6
1786538105106,tesla,0.00,0.00,1,,191.00,,,,0.00,D,6
1786538105106,tesla,0.00,0.00,1,,191.00,,,,0.00,D,6
1786538105108,tesla,0.00,0.00,1,,191.00,,,,0.00,D,6
1786538105111,tesla,0.00,0.00,1,,191.00,,,,0.00,D,6
1786538105114,tesla,0.00,0.00,1,,191.00,,,,0.00,D,6
1786538105117,tesla,0.00,0.00,1,,191.00,,,,0.00,D,6
1786538105117,tesla,0.00,0.00,1,,191.00,,,,0.00,D,6
1786538105120,tesla,0.00,0.00,1,,191.00,,,,0.00,D,6
1786538105122,tesla,0.00,0.00,1,,191.00,,,,0.00,D,6
1786538105125,tesla,0.00,0.00,1,,191.00,,,,0.00,D,6
1786538105128,tesla,0.00,0.00,1,,191.00,,,,0.00,D,6
1786538105128,tesla,0.00,0.00,1,,191.00,,,,0.00,D,6
1786538105131,tesla,0.00,0.00,1,,191.00,,,,0.00,D,6
1786538105133,tesla,0.00,0.00,1,,191.00,,,,0.00,D,6
1786538105136,tesla,0.00,0.00,1,,191.00,,,,0.00,D,6
1786538105136,tesla,0.00,0.00,1,,191.00,,,,0.00,D,6
1786538105139,tesla,0.00,0.00,1,,191.00,,,,0.00,D,6
1786538105142,tesla,0.00,0.00,1,,191.00,,,,0.00,D,6
1786538105142,tesla,0.00,0.00,1,,191.00,,,,0.00,D,6
1786538105145,tesla,0.00,0.00,1,,191.00,,,,0.00,D,6
1786538105147,tesla,0.00,0.00,1,,191.00,,,,0.00,D,6
1786538105150,tesla,0.00,0.00,1,,191.00,,,,0.00,D,6
1786538105150,tesla,0.00,0.00,1,,191.00,,,,0.00,D,6
1786538105153,tesla,0.00,0.00,1,,191.00,,,,0.00,D,6
1786538105156,tesla,0.00,0.00,1,,191.00,,,,0.00,D,6
1786538105158,tesla,0.00,0.00,1,,191.00,,,,0.00,D,6
1786538105161,tesla,0.00,0.00,1,,191.00,,,,0.00,D,6
1786538105164,tesla,0.00,0.00,1,,191.00,,,,0.00,D,6
1786538105167,tesla,0.00,0.00,1,,191.00,,,,0.00,D,6
1786538105167,tesla,0.00,0.00,1,,191.00,,,,0.00,D,6
1786538105170,tesla,0.00,0.00,1,,191.00,,,,0.00,D,6
1786538105172,tesla,0.00,0.00,1,,191.00,,,,0.00,D,6
1786538105175,tesla,0.00,0.00,1,,191.00,,,,0.00,D,6
1786538105178,tesla,0.00,0.00,1,,191.00,,,,0.00,D,6
1786538105181,tesla,0.00,0.00,1,,191.00,,,,0.00,D,6
1786538105183,tesla,0.00,0.00,1,,191.00,,,,0.00,D,6
1786538105186,tesla,0.00,0.00,1,,191.00,,,,0.00,D,6
1786538105186,tesla,0.00,0.00,1,,191.00,,,,0.00,D,6
1786538105189,tesla,0.00,0.00,1,,191.00,,,,0.00,D,6
1786538105192,tesla,0.00,0.00,1,,191.00,,,,0.00,D,6
1786538105195,tesla,0.00,0.00,1,,191.00,,,,0.00,D,6
1786538105197,tesla,0.00,0.00,1,,191.00,,,,0.00,D,6
1786538105197,tesla,0.00,0.00,1,,191.00,,,,0.00,D,6
1786538105200,tesla,0.00,0.00,1,,191.00,,,,0.00,D,6
1786538105203,tesla,0.00,0.00,1,,191.00,,,,0.00,D,6
1786538105206,tesla,0.00,0.00,1,,191.00,,,,0.00,D,6
1786538105208,tesla,0.00,0.00,1,,191.00,,,,0.00,D,6
1786538105211,tesla,0.00,0.00,1,,191.00,,,,0.00,D,6
1786538105214,tesla,0.00,0.00,1,,191.00,,,,0.00,D,6
1786538105214,tesla,0.00,0.00,1,,191.00,,,,0.00,D,6
1786538105217,tesla,0.00,0.00,1,,191.00,,,,0.00,D,6
1786538105220,tesla,0.00,0.00,1,,191.00,,,,0.00,D,6
1786538105222,tesla,0.00,0.00,1,,191.00,,,,0.00,D,6
1786538105222,tesla,0.00,0.00,1,,191.00,,,,0.00,D,6
1786538105225,tesla,0.00,0.00,1,,191.00,,,,0.00,D,6
1786538105228,tesla,0.00,0.00,1,,191.00,,,,0.00,D,6
1786538105231,tesla,0.00,0.00,1,,191.00,,,,0.00,D,6
1786538105233,tesla,0.00,0.00,1,,191.00,,,,0.00,D,6
1786538105236,tesla,0.00,0.00,1,,191.00,,,,0.00,D,6
1786538105239,tesla,0.00,0.00,1,,191.00,,,,0.00,D,6
1786538105239,tesla,0.00,0.00,1,,191.00,,,,0.00,D,6
1786538105242,tesla,0.00,0.00,1,,191.00,,,,0.00,D,6
1786538105245,tesla,0.00,0.00,1,,191.00,,,,0.00,D,6
1786538105247,tesla,0.00,0.00,1,,191.00,,,,0.00,D,6
1786538105250,tesla,0.00,0.00,1,,191.00,,,,0.00,D,6
1786538105253,tesla,0.00,0.00,1,,191.00,,,,0.00,D,6
1786538105253,tesla,0.00,0.00,1,,191.00,,,,0.00,D,6
1786538105256,tesla,0.00,0.00,1,,191.00,,,,0.00,D,6
1786538105258,tesla,0.00,0.00,1,,191.00,,,,0.00,D,6
1786538105261,tesla,0.00,0.00,1,,191.00,,,,0.00,D,6
1786538105264,tesla,0.00,0.00,1,,191.00,,,,0.00,D,6
1786538105267,tesla,0.00,0.00,1,,191.00,,,,0.00,D,6
1786538105270,tesla,0.00,0.00,1,,191.00,,,,0.00,D,6
1786538105270,tesla,0.00,0.00,1,,191.00,,,,0.00,D,6
1786538105272,tesla,0.00,0.00,1,,191.00,,,,0.00,D,6
1786538105275,tesla,0.00,0.00,1,,191.00,,,,0.00,D,6
1786538105278,tesla,0.00,0.00,1,,191.00,,,,0.00,D,6
1786538105278,tesla,0.00,0.00,1,,191.00,,,,0.00,D,6
1786538105281,tesla,0.00,0.00,1,,191.00,,,,0.00,D,6
1786538105283,tesla,0.00,0.00,1,,191.00,,,,0.00,D,6
1786538105286,tesla,0.00,0.00,1,,191.00,,,,0.00,D,6
1786538105286,tesla,0.00,0.00,1,,191.00,,,,0.00,D,6
1786538105289,tesla,0.00,0.00,1,,191.00,,,,0.00,D,6
1786538105292,tesla,0.00,0.00,1,,191.00,,,,0.00,D,6
1786538105295,tesla,0.00,0.00,1,,191.00,,,,0.00,D,6
1786538105297,tesla,0.00,0.00,1,,191.00,,,,0.00,D,6
1786538105297,tesla,0.00,0.00,1,,191.00,,,,0.00,D,6
1786538105300,tesla,0.00,0.00,1,,191.00,,,,0.00,D,6
1786538105303,tesla,0.00,0.00,1,,191.00,,,,0.00,D,6
1786538105306,tesla,0.00,0.00,1,,191.00,,,,0.00,D,6
1786538105308,tesla,0.00,0.00,1,,191.00,,,,0.00,D,6
1786538105309,tesla,0.00,0.00,1,,191.00,,,,0.00,D,6
1786538105311,tesla,0.00,0.00,1,,191.00,,,,0.00,D,6
1786538105314,tesla,0.00,0.00,1,,191.00,,,,0.00,D,6
1786538105317,tesla,0.00,0.00,1,,191.00,,,,0.00,D,6
1786538105317,tesla,0.00,0.00,1,,191.00,,,,0.00,D,6
1786538105320,tesla,0.00,0.00,1,,191.00,,,,0.00,D,6
1786538105322,tesla,0.00,0.00,1,,191.00,,,,0.00,D,6
1786538105325,tesla,0.00,0.00,1,,191.00,,,,0.00,D,6
1786538105328,tesla,0.00,0.00,1,,191.00,,,,0.00,D,6
1786538105331,tesla,0.00,0.00,1,,191.00,,,,0.00,D,6
1786538105331,tesla,0.00,0.00,1,,191.00,,,,0.00,D,6
1786538105333,tesla,0.00,0.00,1,,191.00,,,,0.00,D,6
1786538105336,tesla,0.00,0.00,1,,191.00,,,,0.00,D,6
1786538105336,tesla,0.00,0.00,1,,191.00,,,,0.00,D,6
1786538105339,tesla,0.00,0.00,1,,191.00,,,,0.00,D,6
1786538105342,tesla,0.00,0.00,1,,191.00,,,,0.00,D,6
1786538105345,tesla,0.00,0.00,1,,191.00,,,,0.00,D,6
1786538105350,tesla,0.00,0.00,1,,191.00,,,,0.00,D,6
1786538105353,tesla,0.00,0.00,1,,191.00,,,,0.00,D,6
1786538105353,tesla,0.00,0.00,1,,191.00,,,,0.00,D,6
1786538105356,tesla,0.00,0.00,1,,191.00,,,,0.00,D,6
1786538105358,tesla,0.00,0.00,1,,191.00,,,,0.00,D,6
1786538105361,tesla,0.00,0.00,1,,191.00,,,,0.00,D,6
1786538105361,tesla,0.00,0.00,1,,191.00,,,,0.00,D,6
1786538105364,tesla,0.00,0.00,1,,191.00,,,,0.00,D,6
1786538105367,tesla,0.00,0.00,1,,191.00,,,,0.00,D,6
1786538105370,tesla,0.00,0.00,1,,191.00,,,,0.00,D,6
1786538105372,tesla,0.00,0.00,1,,191.00,,,,0.00,D,6
1786538105375,tesla,0.00,0.00,1,,191.00,,,,0.00,D,6
1786538105378,tesla,0.00,0.00,1,,191.00,,,,0.00,D,6
1786538105378,tesla,0.00,0.00,1,,191.00,,,,0.00,D,6
1786538105381,tesla,0.00,0.00,1,,191.00,,,,0.00,D,6
1786538105383,tesla,0.00,0.00,1,,191.00,,,,0.00,D,6
1786538105386,tesla,0.00,0.00,1,,191.00,,,,0.00,D,6
1786538105386,tesla,0.00,0.00,1,,191.00,,,,0.00,D,6
1786538105389,tesla,0.00,0.00,1,,191.00,,,,0.00,D,6
1786538105392,tesla,0.00,0.00,1,,191.00,,,,0.00,D,6
1786538105392,tesla,0.00,0.00,1,,191.00,,,,0.00,D,6
1786538105395,tesla,0.00,0.00,1,,191.00,,,,0.00,D,6
1786538105397,tesla,0.00,0.00,1,,191.00,,,,0.00,D,6
1786538105400,tesla,0.00,0.00,1,,191.00,,,,0.00,D,6
1786538105403,tesla,0.00,0.00,1,,191.00,,,,0.00,D,6
1786538105406,tesla,0.00,0.00,1,,191.00,,,,0.00,D,6
1786538105408,tesla,0.00,0.00,1,,191.00,,,,0.00,D,6
1786538105409,tesla,0.00,0.00,1,,191.00,,,,0.00,D,6
1786538105411,tesla,0.00,0.00,1,,191.00,,,,0.00,D,6
1786538105414,tesla,0.00,0.00,1,,191.00,,,,0.00,D,6
1786538105417,tesla,0.00,0.00,1,,191.00,,,,0.00,D,6
1786538105417,tesla,0.00,0.00,1,,191.00,,,,0.00,D,6
1786538105420,tesla,0.00,0.00,1,,191.00,,,,0.00,D,6
1786538105422,tesla,0.00,0.00,1,,191.00,,,,0.00,D,6
1786538105425,tesla,0.00,0.00,1,,191.00,,,,0.00,D,6
1786538105425,tesla,0.00,0.00,1,,191.00,,,,0.00,D,6
1786538105425,tesla,0.00,0.00,1,,191.00,,,,0.00,D,6
1786538105428,tesla,0.00,0.00,1,,191.00,,,,0.00,D,6
1786538105431,tesla,0.00,0.00,1,,191.00,,,,0.00,D,6
1786538105433,tesla,0.00,0.00,1,,191.00,,,,0.00,D,6
1786538105434,tesla,0.00,0.00,1,,191.00,,,,0.00,D,6
1786538105436,tesla,0.00,0.00,1,,191.00,,,,0.00,D,6
1786538105439,tesla,0.00,0.00,1,,191.00,,,,0.00,D,6
1786538105442,tesla,0.00,0.00,1,,191.00,,,,0.00,D,6
1786538105442,tesla,0.00,0.00,1,,191.00,,,,0.00,D,6
1786538105445,tesla,0.00,0.00,1,,191.00,,,,0.00,D,6
1786538105447,tesla,0.00,0.00,1,,191.00,,,,0.00,D,6
1786538105450,tesla,0.00,0.00,1,,191.00,,,,0.00,D,6
1786538105453,tesla,0.00,0.00,1,,191.00,,,,0.00,D,6
1786538105456,tesla,0.00,0.00,1,,191.00,,,,0.00,D,6
1786538105456,tesla,0.00,0.00,1,,191.00,,,,0.00,D,6
1786538105458,tesla,0.00,0.00,1,,191.00,,,,0.00,D,6
1786538105461,tesla,0.00,0.00,1,,191.00,,,,0.00,D,6
1786538105464,tesla,0.00,0.00,1,,191.00,,,,0.00,D,6
1786538105467,tesla,0.00,0.00,1,,191.00,,,,0.00,D,6
1786538105470,tesla,0.00,0.00,1,,191.00,,,,0.00,D,6
1786538105472,tesla,0.00,0.00,1,,191.00,,,,0.00,D,6
1786538105473,tesla,0.00,0.00,1,,191.00,,,,0.00,D,6
1786538105475,tesla,0.00,0.00,1,,191.00,,,,0.00,D,6
1786538105478,tesla,0.00,0.00,1,,191.00,,,,0.00,D,6
1786538105481,tesla,0.00,0.00,1,,191.00,,,,0.00,D,6
1786538105481,tesla,0.00,0.00,1,,191.00,,,,0.00,D,6
1786538105483,tesla,0.00,0.00,1,,191.00,,,,0.00,D,6
1786538105486,tesla,0.00,0.00,1,,191.00,,,,0.00,D,6
1786538105489,tesla,0.00,0.00,1,,191.00,,,,0.00,D,6
1786538105492,tesla,0.00,0.00,1,,191.00,,,,0.00,D,6
1786538105495,tesla,0.00,0.00,1,,191.00,,,,0.00,D,6
1786538105497,tesla,0.00,0.00,1,,191.00,,,,0.00,D,6
1786538105500,tesla,0.00,0.00,1,,191.00,,,,0.00,D,6
1786538105500,tesla,0.00,0.00,1,,191.00,,,,0.00,D,6
1786538105503,tesla,0.00,0.00,1,,191.00,,,,0.00,D,6
1786538105506,tesla,0.00,0.00,1,,191.00,,,,0.00,D,6
1786538105508,tesla,0.00,0.00,1,,191.00,,,,0.00,D,6
1786538105511,tesla,0.00,0.00,1,,191.00,,,,0.00,D,6
1786538105514,tesla,0.00,0.00,1,,191.00,,,,0.00,D,6
1786538105515,tesla,0.00,0.00,1,,191.00,,,,0.00,D,6
1786538105517,tesla,0.00,0.00,1,,191.00,,,,0.00,D,6
1786538105520,tesla,0.00,0.00,1,,191.00,,,,0.00,D,6
1786538105522,tesla,0.00,0.00,1,,191.00,,,,0.00,D,6
1786538105525,tesla,0.00,0.00,1,,191.00,,,,0.00,D,6
1786538105528,tesla,0.00,0.00,1,,191.00,,,,0.00,D,6
1786538105531,tesla,0.00,0.00,1,,191.00,,,,0.00,D,6
1786538105531,tesla,0.00,0.00,1,,191.00,,,,0.00,D,6
1786538105533,tesla,0.00,0.00,1,,191.00,,,,0.00,D,6
1786538105536,tesla,0.00,0.00,1,,191.00,,,,0.00,D,6
1786538105539,tesla,0.00,0.00,1,,191.00,,,,0.00,D,6
1786538105542,tesla,0.00,0.00,1,,191.00,,,,0.00,D,6
1786538105545,tesla,0.00,0.00,1,,191.00,,,,0.00,D,6
1786538105545,tesla,0.00,0.00,1,,191.00,,,,0.00,D,6
1786538105547,tesla,0.00,0.00,1,,191.00,,,,0.00,D,6
1786538105550,tesla,0.00,0.00,1,,191.00,,,,0.00,D,6
1786538105553,tesla,0.00,0.00,1,,191.00,,,,0.00,D,6
1786538105556,tesla,0.00,0.00,1,,191.00,,,,0.00,D,6
1786538105558,tesla,0.00,0.00,1,,191.00,,,,0.00,D,6
1786538105561,tesla,0.00,0.00,1,,191.00,,,,0.00,D,6
1786538105561,tesla,0.00,0.00,1,,191.00,,,,0.00,D,6
1786538105564,tesla,0.00,0.00,1,,191.00,,,,0.00,D,6
1786538105567,tesla,0.00,0.00,1,,191.00,,,,0.00,D,6
1786538105570,tesla,0.00,0.00,1,,191.00,,,,0.00,D,6
1786538105572,tesla,0.00,0.00,1,,191.00,,,,0.00,D,6
1786538105575,tesla,0.00,0.00,1,,191.00,,,,0.00,D,6
1786538105578,tesla,0.00,0.00,1,,191.00,,,,0.00,D,6
1786538105578,tesla,0.00,0.00,1,,191.00,,,,0.00,D,6
1786538105581,tesla,0.00,0.00,1,,191.00,,,,0.00,D,6
1786538105583,tesla,0.00,0.00,1,,191.00,,,,0.00,D,6
1786538105586,tesla,0.00,0.00,1,,191.00,,,,0.00,D,6
1786538105586,tesla,0.00,0.00,1,,191.00,,,,0.00,D,6
1786538105589,tesla,0.00,0.00,1,,191.00,,,,0.00,D,6
1786538105592,tesla,0.00,0.00,1,,191.00,,,,0.00,D,6
1786538105595,tesla,0.00,0.00,1,,191.00,,,,0.00,D,6
1786538105595,tesla,0.00,0.00,1,,191.00,,,,0.00,D,6
1786538105597,tesla,0.00,0.00,1,,191.00,,,,0.00,D,6
1786538105600,tesla,0.00,0.00,1,,191.00,,,,0.00,D,6
1786538105603,tesla,0.00,0.00,1,,191.00,,,,0.00,D,6
1786538105606,tesla,0.00,0.00,1,,191.00,,,,0.00,D,6
1786538105608,tesla,0.00,0.00,1,,191.00,,,,0.00,D,6
1786538105609,tesla,0.00,0.00,1,,191.00,,,,0.00,D,6
1786538105611,tesla,0.00,0.00,1,,191.00,,,,0.00,D,6
1786538105614,tesla,0.00,0.00,1,,191.00,,,,0.00,D,6
1786538105617,tesla,0.00,0.00,1,,191.00,,,,0.00,D,6
1786538105617,tesla,0.00,0.00,1,,191.00,,,,0.00,D,6
1786538105620,tesla,0.00,0.00,1,,191.00,,,,0.00,D,6
1786538105622,tesla,0.00,0.00,1,,191.00,,,,0.00,D,6
1786538105625,tesla,0.00,0.00,1,,191.00,,,,0.00,D,6
1786538105625,tesla,0.00,0.00,1,,191.00,,,,0.00,D,6
1786538105625,tesla,0.00,0.00,1,,191.00,,,,0.00,D,6
1786538105628,tesla,0.00,0.00,1,,191.00,,,,0.00,D,6
1786538105631,tesla,0.00,0.00,1,,191.00,,,,0.00,D,6
1786538105633,tesla,0.00,0.00,1,,191.00,,,,0.00,D,6
1786538105634,tesla,0.00,0.00,1,,191.00,,,,0.00,D,6
1786538105636,tesla,0.00,0.00,1,,191.00,,,,0.00,D,6
1786538105639,tesla,0.00,0.00,1,,191.00,,,,0.00,D,6
1786538105642,tesla,0.00,0.00,1,,191.00,,,,0.00,D,6
1786538105645,tesla,0.00,0.00,1,,191.00,,,,0.00,D,6
1786538105645,tesla,0.00,0.00,1,,191.00,,,,0.00,D,6
1786538105647,tesla,0.00,0.00,1,,191.00,,,,0.00,D,6
1786538105650,tesla,0.00,0.00,1,,191.00,,,,0.00,D,6
1786538105653,tesla,0.00,0.00,1,,191.00,,,,0.00,D,6
1786538105656,tesla,0.00,0.00,1,,191.00,,,,0.00,D,6
1786538105656,tesla,0.00,0.00,1,,191.00,,,,0.00,D,6
1786538105658,tesla,0.00,0.00,1,,191.00,,,,0.00,D,6
1786538105661,tesla,0.00,0.00,1,,191.00,,,,0.00,D,6
1786538105664,tesla,0.00,0.00,1,,191.00,,,,0.00,D,6
1786538105667,tesla,0.00,0.00,1,,191.00,,,,0.00,D,6
1786538105670,tesla,0.00,0.00,1,,191.00,,,,0.00,D,6
1786538105670,tesla,0.00,0.00,1,,191.00,,,,0.00,D,6
1786538105672,tesla,0.00,0.00,1,,191.00,,,,0.00,D,6
1786538105675,tesla,0.00,0.00,1,,191.00,,,,0.00,D,6
1786538105678,tesla,0.00,0.00,1,,191.00,,,,0.00,D,6
1786538105681,tesla,0.00,0.00,1,,191.00,,,,0.00,D,6
1786538105683,tesla,0.00,5.60,1,,191.00,,,,0.00,D,6
1786538105686,tesla,0.00,5.60,1,,191.00,,,,0.00,D,6
1786538105686,tesla,0.00,5.60,1,,191.00,,,,0.00,D,6
1786538105689,tesla,0.00,5.60,1,,191.00,,,,0.00,D,6
1786538105692,tesla,0.00,5.60,1,,191.00,,,,0.00,D,6
1786538105695,tesla,0.00,5.60,1,,191.00,,,,0.00,D,6
1786538105697,tesla,0.00,5.60,1,,191.00,,,,0.00,D,6
1786538105697,tesla,0.00,5.60,1,,191.00,,,,0.00,D,6
1786538105700,tesla,0.00,5.60,1,,191.00,,,,0.00,D,6
1786538105703,tesla,0.00,5.60,1,,191.00,,,,0.00,D,6
1786538105706,tesla,0.00,5.60,1,,191.00,,,,0.00,D,6
1786538105708,tesla,0.00,5.60,1,,191.00,,,,0.00,D,6
1786538105711,tesla,0.00,5.60,1,,191.00,,,,0.00,D,6
1786538105712,tesla,0.00,5.60,1,,191.00,,,,0.00,D,6
1786538105714,tesla,0.00,5.60,1,,191.00,,,,0.00,D,6
1786538105717,tesla,0.00,5.60,1,,191.00,,,,0.00,D,6
1786538105720,tesla,0.00,5.60,1,,191.00,,,,0.00,D,6
1786538105722,tesla,0.00,5.60,1,,191.00,,,,0.00,D,6
1786538105725,tesla,0.00,5.60,1,,191.00,,,,0.00,D,6
1786538105728,tesla,0.32,5.60,1,,191.00,,,,0.00,D,6
1786538105728,tesla,0.32,5.60,1,,191.00,,,,0.00,D,6
1786538105731,tesla,0.32,5.60,1,,191.00,,,,0.00,D,6
1786538105733,tesla,0.32,7.60,1,,191.00,,,,0.00,D,6
1786538105736,tesla,0.32,7.60,1,,191.00,,,,0.00,D,6
1786538105739,tesla,0.32,7.60,1,,191.00,,,,0.00,D,6
1786538105742,tesla,0.32,7.60,1,,191.00,,,,0.00,D,6
1786538105745,tesla,0.32,7.60,1,,191.00,,,,0.00,D,6
1786538105747,tesla,0.32,7.60,1,,191.00,,,,0.00,D,6
1786538105747,tesla,0.32,7.60,1,,188.30,,,,0.00,D,6
1786538105750,tesla,0.32,7.60,1,,188.30,,,,0.00,D,6
1786538105753,tesla,0.32,8.00,1,,188.30,,,,0.00,D,6
1786538105756,tesla,0.32,8.00,1,,187.80,,,,0.00,D,6
1786538105756,tesla,0.32,8.00,1,,187.80,,,,0.00,D,6
1786538105758,tesla,0.32,8.00,1,,187.20,,,,0.00,D,6
1786538105761,tesla,0.32,8.00,1,,187.20,,,,0.00,D,6
1786538105764,tesla,0.32,8.00,1,,187.20,,,,0.00,D,6
1786538105767,tesla,0.32,8.00,1,,187.20,,,,0.00,D,6
1786538105770,tesla,0.32,8.00,1,,187.20,,,,0.00,D,6
1786538105772,tesla,0.32,8.00,1,,187.20,,,,0.00,D,6
1786538105772,tesla,0.32,8.00,1,,187.20,,,,0.00,D,6
1786538105775,tesla,0.32,8.00,1,,187.20,,,,0.00,D,6
1786538105778,tesla,0.32,8.00,1,,187.20,,,,0.00,D,6
1786538105781,tesla,0.32,8.00,1,,187.20,,,,0.00,D,6
1786538105783,tesla,0.32,8.00,1,,187.20,,,,0.00,D,6
1786538105786,tesla,0.32,8.00,1,,187.20,,,,0.00,D,6
1786538105786,tesla,0.32,8.00,1,,187.20,,,,0.00,D,6
1786538105789,tesla,0.32,8.00,1,,187.20,,,,0.00,D,6
1786538105792,tesla,0.32,8.00,1,,187.20,,,,0.00,D,6
1786538105795,tesla,0.32,8.00,1,,187.20,,,,0.00,D,6
1786538105795,tesla,0.32,8.00,1,,187.20,,,,0.00,D,6
1786538105797,tesla,0.32,8.00,1,,187.20,,,,0.00,D,6
1786538105800,tesla,0.32,8.00,1,,187.20,,,,0.00,D,6
1786538105800,tesla,0.32,8.00,1,,187.20,,,,0.00,D,6
1786538105803,tesla,0.32,8.00,1,,187.20,,,,0.00,D,6
1786538105806,tesla,0.32,8.00,1,,187.20,,,,0.00,D,6
1786538105808,tesla,0.32,8.00,1,,187.20,,,,0.00,D,6
1786538105811,tesla,0.32,8.00,1,,187.20,,,,0.00,D,6
1786538105814,tesla,0.32,8.00,1,,187.20,,,,0.00,D,6
1786538105814,tesla,0.32,8.00,1,,187.20,,,,0.00,D,6
1786538105817,tesla,0.32,8.00,1,,187.20,,,,0.00,D,6
1786538105820,tesla,0.32,8.00,1,,187.20,,,,0.00,D,6
1786538105822,tesla,0.32,8.00,1,,187.20,,,,0.00,D,6
1786538105823,tesla,0.32,8.00,1,,187.20,,,,0.00,D,6
1786538105823,tesla,0.32,8.00,1,,187.20,,,,0.00,D,6
1786538105825,tesla,0.32,8.00,1,,187.20,,,,0.00,D,6
1786538105825,tesla,0.32,8.00,1,,187.20,,,,0.00,D,6
1786538105836,tesla,0.32,8.00,1,,187.20,,,,0.00,D,6
1786538105836,tesla,0.32,8.00,1,,187.20,,,,0.00,D,6
1786538105839,tesla,0.32,8.00,1,,187.20,,,,0.00,D,6
1786538105842,tesla,0.32,8.00,1,,187.20,,,,0.00,D,6
1786538105845,tesla,0.32,8.00,1,,187.20,,,,0.00,D,6
1786538105847,tesla,0.32,8.00,1,,187.20,,,,0.00,D,6
1786538105847,tesla,0.32,8.00,1,,187.20,,,,0.00,D,6
1786538105850,tesla,0.32,8.00,1,,187.20,,,,0.00,D,6
1786538105850,tesla,0.32,8.00,1,,187.20,,,,0.00,D,6
1786538105853,tesla,0.32,8.00,1,,187.20,,,,0.00,D,6
1786538105856,tesla,0.32,8.00,1,,187.20,,,,0.00,D,6
1786538105856,tesla,0.32,8.00,1,,187.20,,,,0.00,D,6
1786538105859,tesla,0.32,8.00,1,,187.20,,,,0.00,D,6
1786538105861,tesla,0.32,8.00,1,,187.20,,,,0.00,D,6
1786538105864,tesla,0.32,9.20,1,,187.20,,,,0.00,D,6
1786538105867,tesla,0.32,9.20,1,,187.20,,,,0.00,D,6
1786538105867,tesla,0.32,9.20,1,,187.20,,,,0.00,D,6
1786538105870,tesla,0.32,9.20,1,,187.20,,,,0.00,D,6
1786538105872,tesla,0.32,9.20,1,,187.20,,,,0.00,D,6
1786538105875,tesla,0.32,9.20,1,,187.20,,,,0.00,D,6
1786538105875,tesla,0.32,9.20,1,,187.20,,,,0.00,D,6
1786538105878,tesla,0.32,9.60,1,,187.20,,,,0.00,D,6
1786538105881,tesla,0.32,9.60,1,,187.20,,,,0.00,D,6
1786538105883,tesla,0.40,9.60,1,,187.20,,,,0.00,D,6
1786538105886,tesla,0.40,9.60,1,,187.20,,,,0.00,D,6
1786538105886,tesla,0.40,9.60,1,,187.20,,,,0.00,D,6
1786538105889,tesla,0.40,9.60,1,,187.20,,,,0.00,D,6
1786538105892,tesla,0.40,9.60,1,,187.20,,,,0.00,D,6
1786538105895,tesla,0.40,9.60,1,,187.20,,,,0.00,D,6
1786538105897,tesla,0.40,9.60,1,,187.20,,,,0.00,D,6
1786538105897,tesla,0.40,9.60,1,,187.20,,,,0.00,D,6
1786538105900,tesla,0.40,9.60,1,,187.20,,,,0.00,D,6
1786538105903,tesla,0.40,9.60,1,,187.20,,,,0.00,D,6
1786538105906,tesla,0.40,9.60,1,,187.20,,,,0.00,D,6
1786538105909,tesla,0.40,9.60,1,,187.20,,,,0.00,D,6
1786538105911,tesla,0.40,10.40,1,,187.20,,,,0.00,D,6
1786538105914,tesla,0.40,10.40,1,,187.20,,,,0.00,D,6
1786538105917,tesla,0.40,10.40,1,,187.20,,,,0.00,D,6
1786538105917,tesla,0.40,10.40,1,,187.20,,,,0.00,D,6
1786538105920,tesla,0.40,10.40,1,,187.20,,,,0.00,D,6
1786538105922,tesla,0.40,10.40,1,,178.50,,,,0.00,D,6
1786538105925,tesla,0.40,10.40,1,,178.50,,,,0.00,D,6
1786538105928,tesla,0.40,10.40,1,,178.50,,,,0.00,D,6
1786538105931,tesla,0.40,10.40,1,,177.80,,,,0.00,D,6
1786538105933,tesla,0.40,10.40,1,,177.80,,,,0.00,D,6
1786538105936,tesla,0.40,10.40,1,,177.80,,,,0.00,D,6
1786538105936,tesla,0.40,10.40,1,,177.80,,,,0.00,D,6
1786538105939,tesla,0.40,10.40,1,,177.80,,,,0.00,D,6
1786538105942,tesla,0.40,10.40,1,,177.80,,,,0.00,D,6
1786538105942,tesla,0.40,10.40,1,,177.80,,,,0.00,D,6
1786538105945,tesla,0.40,10.40,1,,177.80,,,,0.00,D,6
1786538105947,tesla,0.40,10.40,1,,177.80,,,,0.00,D,6
1786538105950,tesla,0.40,10.40,1,,177.80,,,,0.00,D,6
1786538105953,tesla,0.40,10.40,1,,177.80,,,,0.00,D,6
1786538105956,tesla,0.40,10.40,1,,177.80,,,,0.00,D,6
1786538105958,tesla,0.40,10.40,1,,177.80,,,,0.00,D,6
1786538105961,tesla,0.40,10.40,1,,177.80,,,,0.00,D,6
1786538105962,tesla,0.40,10.40,1,,177.80,,,,0.00,D,6
1786538105964,tesla,0.40,10.40,1,,177.80,,,,0.00,D,6
1786538105967,tesla,0.40,10.40,1,,177.80,,,,0.00,D,6
1786538105970,tesla,0.40,10.40,1,,177.80,,,,0.00,D,6
1786538105972,tesla,0.40,10.40,1,,177.80,,,,0.00,D,6
1786538105975,tesla,0.40,10.40,1,,177.80,,,,0.00,D,6
1786538105978,tesla,0.40,10.40,1,,177.80,,,,0.00,D,6
1786538105978,tesla,0.40,10.40,1,,177.80,,,,0.00,D,6
1786538105981,tesla,0.40,10.40,1,,177.80,,,,0.00,D,6
1786538105983,tesla,0.40,10.40,1,,177.80,,,,0.00,D,6
1786538105986,tesla,0.40,10.40,1,,177.80,,,,0.00,D,6
1786538105989,tesla,0.40,10.40,1,,177.80,,,,0.00,D,6
1786538105992,tesla,0.40,10.40,1,,177.80,,,,0.00,D,6
1786538105992,tesla,0.40,10.40,1,,177.80,,,,0.00,D,6
1786538105995,tesla,0.40,10.40,1,,177.80,,,,0.00,D,6
1786538105997,tesla,0.40,10.40,1,,177.80,,,,0.00,D,6
1786538106000,tesla,0.40,10.40,1,,177.80,,,,0.00,D,6
1786538106003,tesla,0.40,10.40,1,,177.80,,,,0.00,D,6
1786538106006,tesla,0.40,10.40,1,,177.80,,,,0.00,D,6
1786538106006,tesla,0.40,10.40,1,,177.80,,,,0.00,D,6
1786538106009,tesla,0.40,10.40,1,,177.80,,,,0.00,D,6
1786538106011,tesla,0.40,10.40,1,,177.80,,,,0.00,D,6
1786538106014,tesla,0.40,10.40,1,,177.80,,,,0.00,D,6
1786538106014,tesla,0.40,10.40,1,,177.80,,,,0.00,D,6
1786538106017,tesla,0.40,10.40,1,,177.80,,,,0.00,D,6
1786538106020,tesla,0.40,10.40,1,,177.80,,,,0.00,D,6
1786538106022,tesla,0.40,10.40,1,,177.80,,,,0.00,D,6
1786538106025,tesla,0.40,10.40,1,,177.80,,,,0.00,D,6
1786538106028,tesla,0.40,10.40,1,,177.80,,,,0.00,D,6
1786538106028,tesla,0.40,10.40,1,,177.80,,,,0.00,D,6
1786538106031,tesla,0.40,10.40,1,,177.80,,,,0.00,D,6
1786538106033,tesla,0.40,10.40,1,,177.80,,,,0.00,D,6
1786538106034,tesla,0.40,10.40,1,,177.80,,,,0.00,D,6
1786538106036,tesla,0.40,10.40,1,,177.80,,,,0.00,D,6
1786538106039,tesla,0.40,10.40,1,,177.80,,,,0.00,D,6
1786538106042,tesla,0.40,10.40,1,,177.80,,,,0.00,D,6
1786538106045,tesla,0.40,10.40,1,,177.80,,,,0.00,D,6
1786538106047,tesla,0.40,10.40,1,,177.80,,,,0.00,D,6
1786538106050,tesla,0.40,10.40,1,,177.80,,,,0.00,D,6
1786538106050,tesla,0.40,10.40,1,,177.80,,,,0.00,D,6
1786538106053,tesla,0.40,10.40,1,,177.80,,,,0.00,D,6
1786538106056,tesla,0.40,10.40,1,,177.80,,,,0.00,D,6
1786538106056,tesla,0.40,10.40,1,,177.80,,,,0.00,D,6
1786538106059,tesla,0.40,10.40,1,,177.80,,,,0.00,D,6
1786538106061,tesla,0.40,10.40,1,,177.80,,,,0.00,D,6
1786538106064,tesla,0.40,10.40,1,,177.80,,,,0.00,D,6
1786538106064,tesla,0.40,10.40,1,,177.80,,,,0.00,D,6
1786538106067,tesla,0.40,10.40,1,,177.80,,,,0.00,D,6
1786538106070,tesla,0.40,10.40,1,,177.80,,,,0.00,D,6
1786538106072,tesla,0.40,10.40,1,,177.80,,,,0.00,D,6
1786538106075,tesla,0.40,15.60,1,,177.80,,,,0.00,D,6
1786538106078,tesla,0.40,15.60,1,,177.80,,,,0.00,D,6
1786538106081,tesla,0.40,16.00,1,,177.80,,,,0.00,D,6
1786538106083,tesla,0.40,16.00,1,,177.80,,,,0.00,D,6
1786538106084,tesla,0.96,16.00,1,,177.80,,,,0.00,D,6
1786538106086,tesla,0.96,16.00,1,,177.80,,,,0.00,D,6
1786538106089,tesla,0.96,16.00,1,,177.80,,,,0.00,D,6
1786538106092,tesla,0.96,16.00,1,,177.80,,,,0.00,D,6
1786538106095,tesla,0.96,16.00,1,,177.80,,,,0.00,D,6
1786538106095,tesla,0.96,16.00,1,,177.80,,,,0.00,D,6
1786538106097,tesla,0.96,16.00,1,,177.80,,,,0.00,D,6
1786538106100,tesla,0.96,16.00,1,,177.80,,,,0.00,D,6
1786538106103,tesla,0.96,16.00,1,,177.80,,,,0.00,D,6
1786538106103,tesla,1.04,16.00,1,,177.80,,,,0.00,D,6
1786538106106,tesla,1.04,16.00,1,,177.80,,,,0.00,D,6
1786538106109,tesla,1.04,16.40,1,,177.80,,,,0.00,D,6
1786538106111,tesla,1.04,16.40,1,,177.80,,,,0.00,D,6
1786538106114,tesla,1.04,16.40,1,,177.80,,,,0.00,D,6
1786538106117,tesla,1.04,16.40,1,,177.80,,,,0.00,D,6
1786538106120,tesla,1.04,16.40,1,,158.90,,,,0.00,D,6
1786538106122,tesla,1.04,16.40,1,,157.50,,,,0.00,D,6
1786538106122,tesla,1.04,16.40,1,,157.50,,,,0.00,D,6
1786538106125,tesla,1.04,16.40,1,,157.50,,,,0.00,D,6
1786538106128,tesla,1.04,16.40,1,,157.50,,,,0.00,D,6
1786538106131,tesla,1.04,16.40,1,,157.50,,,,0.00,D,6
1786538106133,tesla,1.04,16.40,1,,157.50,,,,0.00,D,6
1786538106136,tesla,1.04,16.40,1,,157.50,,,,0.00,D,6
1786538106139,tesla,1.04,16.40,1,,157.50,,,,0.00,D,6
1786538106139,tesla,1.04,16.40,1,,157.50,,,,0.00,D,6
1786538106142,tesla,1.04,16.40,1,,157.50,,,,0.00,D,6
1786538106145,tesla,1.04,16.40,1,,157.50,,,,0.00,D,6
1786538106145,tesla,1.04,16.40,1,,157.50,,,,0.00,D,6
1786538106147,tesla,1.04,16.40,1,,157.50,,,,0.00,D,6
1786538106150,tesla,1.04,16.40,1,,157.50,,,,0.00,D,6
1786538106153,tesla,1.04,16.40,1,,157.50,,,,0.00,D,6
1786538106156,tesla,1.04,16.40,1,,157.50,,,,0.00,D,6
1786538106159,tesla,1.04,16.40,1,,157.50,,,,0.00,D,6
1786538106161,tesla,1.04,16.40,1,,157.50,,,,0.00,D,6
1786538106164,tesla,1.04,16.40,1,,157.50,,,,0.00,D,6
1786538106164,tesla,1.04,16.40,1,,157.50,,,,0.00,D,6
1786538106167,tesla,1.04,16.40,1,,157.50,,,,0.00,D,6
1786538106170,tesla,1.04,16.40,1,,157.50,,,,0.00,D,6
1786538106172,tesla,1.04,16.40,1,,157.50,,,,0.00,D,6
1786538106175,tesla,1.04,16.40,1,,157.50,,,,0.00,D,6
1786538106178,tesla,1.04,16.40,1,,157.50,,,,0.00,D,6
1786538106181,tesla,1.04,16.40,1,,157.50,,,,0.00,D,6
1786538106181,tesla,1.04,16.40,1,,157.50,,,,0.00,D,6
1786538106183,tesla,1.04,16.40,1,,157.50,,,,0.00,D,6
1786538106186,tesla,1.04,16.40,1,,157.50,,,,0.00,D,6
1786538106189,tesla,1.04,16.40,1,,157.50,,,,0.00,D,6
1786538106192,tesla,1.04,16.40,1,,157.50,,,,0.00,D,6
1786538106195,tesla,1.04,16.40,1,,157.50,,,,0.00,D,6
1786538106195,tesla,1.04,16.40,1,,157.50,,,,0.00,D,6
1786538106197,tesla,1.04,16.40,1,,157.50,,,,0.00,D,6
1786538106200,tesla,1.04,16.40,1,,157.50,,,,0.00,D,6
1786538106203,tesla,1.04,16.40,1,,157.50,,,,0.00,D,6
1786538106203,tesla,1.04,16.40,1,,157.50,,,,0.00,D,6
1786538106206,tesla,1.04,16.40,1,,157.50,,,,0.00,D,6
1786538106208,tesla,1.04,16.40,1,,157.50,,,,0.00,D,6
1786538106211,tesla,1.04,16.40,1,,157.50,,,,0.00,D,6
1786538106214,tesla,1.04,16.40,1,,157.50,,,,0.00,D,6
1786538106214,tesla,1.04,16.40,1,,157.50,,,,0.00,D,6
1786538106217,tesla,1.04,16.40,1,,157.50,,,,0.00,D,6
1786538106220,tesla,1.04,16.40,1,,157.50,,,,0.00,D,6
1786538106222,tesla,1.04,16.40,1,,157.50,,,,0.00,D,6
1786538106223,tesla,1.04,16.40,1,,157.50,,,,0.00,D,6
1786538106225,tesla,1.04,16.40,1,,157.50,,,,0.00,D,6
1786538106228,tesla,1.04,16.40,1,,157.50,,,,0.00,D,6
1786538106231,tesla,1.04,16.40,1,,157.50,,,,0.00,D,6
1786538106231,tesla,1.04,16.40,1,,157.50,,,,0.00,D,6
1786538106233,tesla,1.04,16.40,1,,157.50,,,,0.00,D,6
1786538106236,tesla,1.04,16.40,1,,157.50,,,,0.00,D,6
1786538106239,tesla,1.04,16.40,1,,157.50,,,,0.00,D,6
1786538106242,tesla,1.04,16.40,1,,157.50,,,,0.00,D,6
1786538106242,tesla,1.04,16.40,1,,157.50,,,,0.00,D,6
1786538106245,tesla,1.04,16.40,1,,157.50,,,,0.00,D,6
1786538106247,tesla,1.04,16.40,1,,157.50,,,,0.00,D,6
1786538106250,tesla,1.04,16.40,1,,157.50,,,,0.00,D,6
1786538106250,tesla,1.04,16.40,1,,157.50,,,,0.00,D,6
1786538106253,tesla,1.04,16.40,1,,157.50,,,,0.00,D,6
1786538106256,tesla,1.04,16.40,1,,157.50,,,,0.00,D,6
1786538106259,tesla,1.04,16.40,1,,157.50,,,,0.00,D,6
1786538106261,tesla,1.04,16.40,1,,157.50,,,,0.00,D,6
1786538106262,tesla,1.04,16.40,1,,157.50,,,,0.00,D,6
1786538106264,tesla,1.04,16.40,1,,157.50,,,,0.00,D,6
1786538106267,tesla,1.04,16.40,1,,157.50,,,,0.00,D,6
1786538106270,tesla,1.04,16.40,1,,157.50,,,,0.00,D,6
1786538106272,tesla,1.04,16.40,1,,157.50,,,,0.00,D,6
1786538106275,tesla,1.04,16.40,1,,157.50,,,,0.00,D,6
1786538106275,tesla,1.04,15.60,1,,157.50,,,,0.00,D,6
1786538106278,tesla,1.04,15.60,1,,157.50,,,,0.00,D,6
1786538106281,tesla,1.36,15.60,1,,157.50,,,,0.00,D,6
1786538106283,tesla,1.36,15.60,1,,157.50,,,,0.00,D,6
1786538106286,tesla,1.36,15.60,1,,157.50,,,,0.00,D,6
1786538106286,tesla,1.36,15.60,1,,157.50,,,,0.00,D,6
1786538106289,tesla,1.36,15.60,1,,157.50,,,,0.00,D,6
1786538106292,tesla,1.36,15.60,1,,157.50,,,,0.00,D,6
1786538106295,tesla,1.36,15.60,1,,157.50,,,,0.00,D,6
1786538106295,tesla,1.36,15.60,1,,157.50,,,,0.00,D,6
1786538106297,tesla,1.36,15.60,1,,157.50,,,,0.00,D,6
1786538106300,tesla,1.36,15.60,1,,157.50,,,,0.00,D,6
1786538106303,tesla,1.36,15.60,1,,157.50,,,,0.00,D,6
1786538106306,tesla,1.44,15.60,1,,157.50,,,,0.00,D,6
1786538106309,tesla,1.44,15.60,1,,157.50,,,,0.00,D,6
1786538106311,tesla,1.44,15.60,1,,157.50,,,,0.00,D,6
1786538106314,tesla,1.44,15.60,1,,157.50,,,,0.00,D,6
1786538106314,tesla,1.44,15.60,1,,157.50,,,,0.00,D,6
1786538106317,tesla,1.44,15.60,1,,125.80,,,,0.00,D,6
1786538106320,tesla,1.44,15.60,1,,123.70,,,,0.00,D,6
1786538106322,tesla,1.44,15.60,1,,123.70,,,,0.00,D,6
1786538106325,tesla,1.44,15.60,1,,123.70,,,,0.00,D,6
1786538106328,tesla,1.44,15.60,1,,123.70,,,,0.00,D,6
1786538106331,tesla,1.44,15.60,1,,123.70,,,,0.00,D,6
1786538106333,tesla,1.44,15.60,1,,123.70,,,,0.00,D,6
1786538106334,tesla,1.44,15.60,1,,123.70,,,,0.00,D,6
1786538106336,tesla,1.44,15.60,1,,123.70,,,,0.00,D,6
1786538106339,tesla,1.44,15.60,1,,123.70,,,,0.00,D,6
1786538106342,tesla,1.44,15.60,1,,123.70,,,,0.00,D,6
1786538106345,tesla,1.44,15.60,1,,123.70,,,,0.00,D,6
1786538106346,tesla,1.44,15.60,1,,123.70,,,,0.00,D,6
1786538106347,tesla,1.44,15.60,1,,123.70,,,,0.00,D,6
1786538106350,tesla,1.44,15.60,1,,123.70,,,,0.00,D,6
1786538106353,tesla,1.44,15.60,1,,123.70,,,,0.00,D,6
1786538106356,tesla,1.44,15.60,1,,123.70,,,,0.00,D,6
1786538106358,tesla,1.44,15.60,1,,123.70,,,,0.00,D,6
1786538106359,tesla,1.44,15.60,1,,123.70,,,,0.00,D,6
1786538106361,tesla,1.44,15.60,1,,123.70,,,,0.00,D,6
1786538106364,tesla,1.44,15.60,1,,123.70,,,,0.00,D,6
1786538106367,tesla,1.44,15.60,1,,123.70,,,,0.00,D,6
1786538106370,tesla,1.44,15.60,1,,123.70,,,,0.00,D,6
1786538106372,tesla,1.44,15.60,1,,123.70,,,,0.00,D,6
1786538106375,tesla,1.44,15.60,1,,123.70,,,,0.00,D,6
1786538106375,tesla,1.44,15.60,1,,123.70,,,,0.00,D,6
1786538106378,tesla,1.44,15.60,1,,123.70,,,,0.00,D,6
1786538106381,tesla,1.44,15.60,1,,123.70,,,,0.00,D,6
1786538106384,tesla,1.44,15.60,1,,123.70,,,,0.00,D,6
1786538106386,tesla,1.44,15.60,1,,123.70,,,,0.00,D,6
1786538106389,tesla,1.44,15.60,1,,123.70,,,,0.00,D,6
1786538106389,tesla,1.44,15.60,1,,123.70,,,,0.00,D,6
1786538106392,tesla,1.44,15.60,1,,123.70,,,,0.00,D,6
1786538106395,tesla,1.44,15.60,1,,123.70,,,,0.00,D,6
1786538106397,tesla,1.44,15.60,1,,123.70,,,,0.00,D,6
1786538106400,tesla,1.44,15.60,1,,123.70,,,,0.00,D,6
1786538106403,tesla,1.44,15.60,1,,123.70,,,,0.00,D,6
1786538106403,tesla,1.44,15.60,1,,123.70,,,,0.00,D,6
1786538106406,tesla,1.44,15.60,1,,123.70,,,,0.00,D,6
1786538106409,tesla,1.44,15.60,1,,123.70,,,,0.00,D,6
1786538106411,tesla,1.44,15.60,1,,123.70,,,,0.00,D,6
1786538106412,tesla,1.44,15.60,1,,123.70,,,,0.00,D,6
1786538106414,tesla,1.44,15.60,1,,123.70,,,,0.00,D,6
1786538106417,tesla,1.44,15.60,1,,123.70,,,,0.00,D,6
1786538106420,tesla,1.44,15.60,1,,123.70,,,,0.00,D,6
1786538106420,tesla,1.44,15.60,1,,123.70,,,,0.00,D,6
1786538106422,tesla,1.44,15.60,1,,123.70,,,,0.00,D,6
1786538106425,tesla,1.44,15.60,1,,123.70,,,,0.00,D,6
1786538106425,tesla,1.44,15.60,1,,123.70,,,,0.00,D,6
1786538106428,tesla,1.44,15.60,1,,123.70,,,,0.00,D,6
1786538106431,tesla,1.44,15.60,1,,123.70,,,,0.00,D,6
1786538106433,tesla,1.44,15.60,1,,123.70,,,,0.00,D,6
1786538106436,tesla,1.44,15.60,1,,123.70,,,,0.00,D,6
1786538106439,tesla,1.44,15.60,1,,123.70,,,,0.00,D,6
1786538106442,tesla,1.44,15.60,1,,123.70,,,,0.00,D,6
1786538106443,tesla,1.44,15.60,1,,123.70,,,,0.00,D,6
1786538106445,tesla,1.44,15.60,1,,123.70,,,,0.00,D,6
1786538106447,tesla,1.44,15.60,1,,123.70,,,,0.00,D,6
1786538106450,tesla,1.44,15.60,1,,123.70,,,,0.00,D,6
1786538106450,tesla,1.44,15.60,1,,123.70,,,,0.00,D,6
1786538106453,tesla,1.44,15.60,1,,123.70,,,,0.00,D,6
1786538106456,tesla,1.44,15.60,1,,123.70,,,,0.00,D,6
1786538106458,tesla,1.44,15.60,1,,123.70,,,,0.00,D,6
1786538106461,tesla,1.44,15.60,1,,123.70,,,,0.00,D,6
1786538106461,tesla,1.44,15.60,1,,123.70,,,,0.00,D,6
1786538106464,tesla,1.44,15.60,1,,123.70,,,,0.00,D,6
1786538106467,tesla,1.44,15.60,1,,123.70,,,,0.00,D,6
1786538106470,tesla,1.44,15.60,1,,123.70,,,,0.00,D,6
1786538106472,tesla,1.44,15.60,1,,123.70,,,,0.00,D,6
1786538106475,tesla,1.44,15.60,1,,123.70,,,,0.00,D,6
1786538106475,tesla,1.44,15.20,1,,123.70,,,,0.00,D,6
1786538106478,tesla,1.44,15.20,1,,123.70,,,,0.00,D,6
1786538106481,tesla,1.44,15.20,1,,123.70,,,,0.00,D,6
1786538106483,tesla,1.44,15.20,1,,123.70,,,,0.00,D,6
1786538106486,tesla,2.24,15.20,1,,123.70,,,,0.00,D,6
1786538106486,tesla,2.24,15.20,1,,123.70,,,,0.00,D,6
1786538106489,tesla,2.24,15.20,1,,123.70,,,,0.00,D,6
1786538106492,tesla,2.24,15.20,1,,123.70,,,,0.00,D,6
1786538106495,tesla,2.24,15.20,1,,123.70,,,,0.00,D,6
1786538106495,tesla,2.24,15.20,1,,123.70,,,,0.00,D,6
1786538106497,tesla,2.24,15.20,1,,123.70,,,,0.00,D,6
1786538106500,tesla,2.24,15.20,1,,123.70,,,,0.00,D,6
1786538106503,tesla,2.24,15.20,1,,123.70,,,,0.00,D,6
1786538106506,tesla,2.24,15.20,1,,123.70,,,,0.00,D,6
1786538106509,tesla,2.24,15.20,1,,123.70,,,,0.00,D,6
1786538106511,tesla,2.24,15.20,1,,123.70,,,,0.00,D,6
1786538106514,tesla,2.24,15.20,1,,123.70,,,,0.00,D,6
1786538106514,tesla,2.24,15.20,1,,123.70,,,,0.00,D,6
1786538106517,tesla,2.24,15.20,1,,83.40,,,,0.00,D,6
1786538106520,tesla,2.24,15.20,1,,81.50,,,,0.00,D,6
1786538106522,tesla,2.24,15.20,1,,81.50,,,,0.00,D,6
1786538106525,tesla,2.24,15.20,1,,81.50,,,,0.00,D,6
1786538106528,tesla,2.24,15.20,1,,81.50,,,,0.00,D,6
1786538106531,tesla,2.24,15.20,1,,81.50,,,,0.00,D,6
1786538106531,tesla,2.24,15.20,1,,81.50,,,,0.00,D,6
1786538106533,tesla,2.24,15.20,1,,81.50,,,,0.00,D,6
1786538106536,tesla,2.24,15.20,1,,81.50,,,,0.00,D,6
1786538106539,tesla,2.24,15.20,1,,81.50,,,,0.00,D,6
1786538106539,tesla,2.24,15.20,1,,81.50,,,,0.00,D,6
1786538106542,tesla,2.24,15.20,1,,81.50,,,,0.00,D,6
1786538106545,tesla,2.24,15.20,1,,81.50,,,,0.00,D,6
1786538106547,tesla,2.24,15.20,1,,81.50,,,,0.00,D,6
1786538106550,tesla,2.24,15.20,1,,81.50,,,,0.00,D,6
1786538106553,tesla,2.24,15.20,1,,81.50,,,,0.00,D,6
1786538106553,tesla,2.24,15.20,1,,81.50,,,,0.00,D,6
1786538106556,tesla,2.24,15.20,1,,81.50,,,,0.00,D,6
1786538106558,tesla,2.24,15.20,1,,81.50,,,,0.00,D,6
1786538106561,tesla,2.24,15.20,1,,81.50,,,,0.00,D,6
1786538106564,tesla,2.24,15.20,1,,81.50,,,,0.00,D,6
1786538106567,tesla,2.24,15.20,1,,81.50,,,,0.00,D,6
1786538106570,tesla,2.24,15.20,1,,81.50,,,,0.00,D,6
1786538106572,tesla,2.24,15.20,1,,81.50,,,,0.00,D,6
1786538106572,tesla,2.24,15.20,1,,81.50,,,,0.00,D,6
1786538106575,tesla,2.24,15.20,1,,81.50,,,,0.00,D,6
1786538106578,tesla,2.24,15.20,1,,81.50,,,,0.00,D,6
1786538106581,tesla,2.24,15.20,1,,81.50,,,,0.00,D,6
1786538106583,tesla,2.24,15.20,1,,81.50,,,,0.00,D,6
1786538106586,tesla,2.24,15.20,1,,81.50,,,,0.00,D,6
1786538106589,tesla,2.24,15.20,1,,81.50,,,,0.00,D,6
1786538106589,tesla,2.24,15.20,1,,81.50,,,,0.00,D,6
1786538106592,tesla,2.24,15.20,1,,81.50,,,,0.00,D,6
1786538106595,tesla,2.24,15.20,1,,81.50,,,,0.00,D,6
1786538106597,tesla,2.24,15.20,1,,81.50,,,,0.00,D,6
1786538106600,tesla,2.24,15.20,1,,81.50,,,,0.00,D,6
1786538106603,tesla,2.24,15.20,1,,81.50,,,,0.00,D,6
1786538106603,tesla,2.24,15.20,1,,81.50,,,,0.00,D,6
1786538106606,tesla,2.24,15.20,1,,81.50,,,,0.00,D,6
1786538106609,tesla,2.24,15.20,1,,81.50,,,,0.00,D,6
1786538106611,tesla,2.24,15.20,1,,81.50,,,,0.00,D,6
1786538106611,tesla,2.24,15.20,1,,81.50,,,,0.00,D,6
1786538106614,tesla,2.24,15.20,1,,81.50,,,,0.00,D,6
1786538106617,tesla,2.24,15.20,1,,81.50,,,,0.00,D,6
1786538106620,tesla,2.24,15.20,1,,81.50,,,,0.00,D,6
1786538106620,tesla,2.24,15.20,1,,81.50,,,,0.00,D,6
1786538106622,tesla,2.24,15.20,1,,81.50,,,,0.00,D,6
1786538106625,tesla,2.24,15.20,1,,81.50,,,,0.00,D,6
1786538106628,tesla,2.24,15.20,1,,81.50,,,,0.00,D,6
1786538106628,tesla,2.24,15.20,1,,81.50,,,,0.00,D,6
1786538106631,tesla,2.24,15.20,1,,81.50,,,,0.00,D,6
1786538106633,tesla,2.24,15.20,1,,81.50,,,,0.00,D,6
1786538106636,tesla,2.24,15.20,1,,81.50,,,,0.00,D,6
1786538106639,tesla,2.24,15.20,1,,81.50,,,,0.00,D,6
1786538106642,tesla,2.24,15.20,1,,81.50,,,,0.00,D,6
1786538106645,tesla,2.24,15.20,1,,81.50,,,,0.00,D,6
1786538106645,tesla,2.24,15.20,1,,81.50,,,,0.00,D,6
1786538106647,tesla,2.24,15.20,1,,81.50,,,,0.00,D,6
1786538106650,tesla,2.24,15.20,1,,81.50,,,,0.00,D,6
1786538106650,tesla,2.24,15.20,1,,81.50,,,,0.00,D,6
1786538106653,tesla,2.24,15.20,1,,81.50,,,,0.00,D,6
1786538106656,tesla,2.24,15.20,1,,81.50,,,,0.00,D,6
1786538106658,tesla,2.24,15.20,1,,81.50,,,,0.00,D,6
1786538106659,tesla,2.24,15.20,1,,81.50,,,,0.00,D,6
1786538106661,tesla,2.24,15.20,1,,81.50,,,,0.00,D,6
1786538106664,tesla,2.24,15.20,1,,81.50,,,,0.00,D,6
1786538106667,tesla,2.24,15.20,1,,81.50,,,,0.00,D,6
1786538106670,tesla,2.24,15.20,1,,81.50,,,,0.00,D,6
1786538106672,tesla,2.24,15.20,1,,81.50,,,,0.00,D,6
1786538106672,tesla,2.24,15.20,1,,81.50,,,,0.00,D,6
1786538106675,tesla,2.24,15.20,1,,81.50,,,,0.00,D,6
1786538106678,tesla,2.96,15.20,1,,81.50,,,,0.00,D,6
1786538106681,tesla,2.96,15.20,1,,81.50,,,,0.00,D,6
1786538106683,tesla,2.96,15.20,1,,81.50,,,,0.00,D,6
1786538106686,tesla,2.96,15.20,1,,81.50,,,,1504.00,D,6
1786538106689,tesla,2.96,15.20,1,,81.50,,,,1504.00,D,6
1786538106689,tesla,2.96,15.20,1,,81.50,,,,1504.00,D,6
1786538106692,tesla,2.96,14.80,1,,81.50,,,,1504.00,D,6
1786538106695,tesla,2.96,14.80,1,,81.50,,,,1504.00,D,6
1786538106697,tesla,2.96,14.80,1,,81.50,,,,1504.00,D,6
1786538106697,tesla,2.96,14.80,1,,81.50,,,,1504.00,D,6
1786538106700,tesla,2.96,14.80,1,,81.50,,,,1504.00,D,6
1786538106703,tesla,2.96,14.80,1,,81.50,,,,1504.00,D,6
1786538106706,tesla,2.96,14.80,1,,81.50,,,,1504.00,D,6
1786538106709,tesla,2.96,14.80,1,,52.20,,,,1504.00,D,6
1786538106711,tesla,2.96,14.80,1,,52.20,,,,1504.00,D,6
1786538106714,tesla,2.96,14.80,1,,52.20,,,,1504.00,D,6
1786538106717,tesla,2.96,14.80,1,,50.60,,,,1504.00,D,6
1786538106717,tesla,2.96,14.80,1,,50.60,,,,1504.00,D,6
1786538106720,tesla,2.96,14.80,1,,50.60,,,,1504.00,D,6
1786538106722,tesla,2.96,14.80,1,,50.60,,,,1504.00,D,6
1786538106725,tesla,2.96,14.80,1,,50.60,,,,1504.00,D,6
1786538106728,tesla,2.96,14.80,1,,50.60,,,,1504.00,D,6
1786538106731,tesla,2.96,14.80,1,,50.60,,,,1504.00,D,6
1786538106731,tesla,2.96,14.80,1,,50.60,,,,1504.00,D,6
1786538106733,tesla,2.96,14.80,1,,50.60,,,,1504.00,D,6
1786538106736,tesla,2.96,14.80,1,,50.60,,,,1504.00,D,6
1786538106739,tesla,2.96,14.80,1,,50.60,,,,1504.00,D,6
1786538106742,tesla,2.96,14.80,1,,50.60,,,,1504.00,D,6
1786538106745,tesla,2.96,14.80,1,,50.60,,,,1504.00,D,6
1786538106747,tesla,2.96,14.80,1,,50.60,,,,1504.00,D,6
1786538106747,tesla,2.96,14.80,1,,50.60,,,,1504.00,D,6
1786538106750,tesla,2.96,14.80,1,,50.60,,,,1504.00,D,6
1786538106753,tesla,2.96,14.80,1,,50.60,,,,1504.00,D,6
1786538106753,tesla,2.96,14.80,1,,50.60,,,,1504.00,D,6
1786538106756,tesla,2.96,14.80,1,,50.60,,,,1504.00,D,6
1786538106756,tesla,2.96,14.80,1,,50.60,,,,1504.00,D,6
1786538106759,tesla,2.96,14.80,1,,50.60,,,,1504.00,D,6
1786538106761,tesla,2.96,14.80,1,,50.60,,,,1504.00,D,6
1786538106764,tesla,2.96,14.80,1,,50.60,,,,1504.00,D,6
1786538106767,tesla,2.96,14.80,1,,50.60,,,,1504.00,D,6
1786538106770,tesla,2.96,14.80,1,,50.60,,,,1504.00,D,6
1786538106772,tesla,2.96,14.80,1,,50.60,,,,1504.00,D,6
1786538106775,tesla,2.96,14.80,1,,50.60,,,,1504.00,D,6
1786538106775,tesla,2.96,14.80,1,,50.60,,,,1504.00,D,6
1786538106778,tesla,2.96,14.80,1,,50.60,,,,1504.00,D,6
1786538106781,tesla,2.96,14.80,1,,50.60,,,,1504.00,D,6
1786538106783,tesla,2.96,14.80,1,,50.60,,,,1504.00,D,6
1786538106786,tesla,2.96,14.80,1,,50.60,,,,1504.00,D,6
1786538106786,tesla,2.96,14.80,1,,50.60,,,,1504.00,D,6
1786538106789,tesla,2.96,14.80,1,,50.60,,,,1504.00,D,6
1786538106792,tesla,2.96,14.80,1,,50.60,,,,1504.00,D,6
1786538106795,tesla,2.96,14.80,1,,50.60,,,,1504.00,D,6
1786538106797,tesla,2.96,14.80,1,,50.60,,,,1504.00,D,6
1786538106797,tesla,2.96,14.80,1,,50.60,,,,1504.00,D,6
1786538106800,tesla,2.96,14.80,1,,50.60,,,,1504.00,D,6
1786538106803,tesla,2.96,14.80,1,,50.60,,,,1504.00,D,6
1786538106806,tesla,2.96,14.80,1,,50.60,,,,1504.00,D,6
1786538106808,tesla,2.96,14.80,1,,50.60,,,,1504.00,D,6
1786538106811,tesla,2.96,14.80,1,,50.60,,,,1504.00,D,6
1786538106814,tesla,2.96,14.80,1,,50.60,,,,1504.00,D,6
1786538106817,tesla,2.96,14.80,1,,50.60,,,,1504.00,D,6
1786538106817,tesla,2.96,14.80,1,,50.60,,,,1504.00,D,6
1786538106820,tesla,2.96,14.80,1,,50.60,,,,1504.00,D,6
1786538106822,tesla,2.96,14.80,1,,50.60,,,,1504.00,D,6
1786538106825,tesla,2.96,14.80,1,,50.60,,,,1504.00,D,6
1786538106825,tesla,2.96,14.80,1,,50.60,,,,1504.00,D,6
1786538106828,tesla,2.96,14.80,1,,50.60,,,,1504.00,D,6
1786538106831,tesla,2.96,14.80,1,,50.60,,,,1504.00,D,6
1786538106833,tesla,2.96,14.80,1,,50.60,,,,1504.00,D,6
1786538106836,tesla,2.96,14.80,1,,50.60,,,,1504.00,D,6
1786538106839,tesla,2.96,14.80,1,,50.60,,,,1504.00,D,6
1786538106839,tesla,2.96,14.80,1,,50.60,,,,1504.00,D,6
1786538106842,tesla,2.96,6.80,1,,50.60,,,,1504.00,D,6
1786538106845,tesla,2.96,6.80,1,,50.60,,,,1504.00,D,6
1786538106845,tesla,2.96,6.80,1,,50.60,,,,1504.00,D,6
1786538106847,tesla,2.96,6.80,1,,50.60,,,,1504.00,D,6
1786538106850,tesla,2.96,6.80,1,,50.60,,,,1504.00,D,6
1786538106853,tesla,2.96,6.80,1,,50.60,,,,1504.00,D,6
1786538106856,tesla,2.96,6.80,1,,50.60,,,,1504.00,D,6
1786538106856,tesla,2.96,6.80,1,,50.60,,,,1504.00,D,6
1786538106858,tesla,2.96,6.80,1,,50.60,,,,1504.00,D,6
1786538106861,tesla,3.92,6.80,1,,50.60,,,,1504.00,D,6
1786538106864,tesla,3.92,6.80,1,,50.60,,,,1504.00,D,6
1786538106867,tesla,3.92,6.80,1,,50.60,,,,1504.00,D,6
1786538106870,tesla,3.92,6.80,1,,50.60,,,,1504.00,D,6
1786538106872,tesla,3.92,6.80,1,,50.60,,,,1504.00,D,6
1786538106872,tesla,3.92,6.80,1,,50.60,,,,1504.00,D,6
1786538106875,tesla,3.92,6.80,1,,50.60,,,,1504.00,D,6
1786538106878,tesla,3.92,6.80,1,,50.60,,,,1504.00,D,6
1786538106881,tesla,3.92,6.80,1,,50.60,,,,1504.00,D,6
1786538106881,tesla,3.92,6.80,1,,50.60,,,,1504.00,D,6
1786538106883,tesla,3.92,6.80,1,,50.60,,,,1504.00,D,6
1786538106886,tesla,3.92,6.80,1,,21.50,,,,1504.00,D,6
1786538106889,tesla,3.92,6.80,1,,19.30,,,,1504.00,D,6
1786538106892,tesla,3.92,6.80,1,,19.30,,,,1504.00,D,6
1786538106895,tesla,3.92,6.80,1,,19.30,,,,1504.00,D,6
1786538106895,tesla,3.92,6.80,1,,19.30,,,,1504.00,D,6
1786538106897,tesla,3.92,6.80,1,,19.30,,,,1504.00,D,6
1786538106900,tesla,3.92,6.80,1,,19.30,,,,1504.00,D,6
1786538106903,tesla,3.92,6.80,1,,19.30,,,,1504.00,D,6
1786538106906,tesla,3.92,6.80,1,,19.30,,,,1504.00,D,6
1786538106908,tesla,3.92,6.80,1,,19.30,,,,1504.00,D,6
1786538106911,tesla,3.92,6.80,1,,19.30,,,,1504.00,D,6
1786538106914,tesla,3.92,6.80,1,,19.30,,,,1504.00,D,6
1786538106914,tesla,3.92,6.80,1,,19.30,,,,1504.00,D,6
1786538106917,tesla,3.92,6.80,1,,19.30,,,,1504.00,D,6
1786538106920,tesla,3.92,6.80,1,,19.30,,,,1504.00,D,6
1786538106922,tesla,3.92,6.80,1,,19.30,,,,1504.00,D,6
1786538106925,tesla,3.92,6.80,1,,19.30,,,,1504.00,D,6
1786538106925,tesla,3.92,6.80,1,,19.30,,,,1504.00,D,6
1786538106928,tesla,3.92,6.80,1,,19.30,,,,1504.00,D,6
1786538106931,tesla,3.92,6.80,1,,19.30,,,,1504.00,D,6
1786538106933,tesla,3.92,6.80,1,,19.30,,,,1504.00,D,6
1786538106936,tesla,3.92,6.80,1,,19.30,,,,1504.00,D,6
1786538106939,tesla,3.92,6.80,1,,19.30,,,,1504.00,D,6
1786538106942,tesla,3.92,6.80,1,,19.30,,,,1504.00,D,6
1786538106942,tesla,3.92,6.80,1,,19.30,,,,1504.00,D,6
1786538106945,tesla,3.92,6.80,1,,19.30,,,,1504.00,D,6
1786538106947,tesla,3.92,6.80,1,,19.30,,,,1504.00,D,6
1786538106950,tesla,3.92,6.80,1,,19.30,,,,1504.00,D,6
1786538106953,tesla,3.92,6.80,1,,19.30,,,,1504.00,D,6
1786538106956,tesla,3.92,6.80,1,,19.30,,,,1504.00,D,6
1786538106956,tesla,3.92,6.80,1,,19.30,,,,1504.00,D,6
1786538106959,tesla,3.92,6.80,1,,19.30,,,,1504.00,D,6
1786538106961,tesla,3.92,6.80,1,,19.30,,,,1504.00,D,6
1786538106964,tesla,3.92,6.80,1,,19.30,,,,1504.00,D,6
1786538106967,tesla,3.92,6.80,1,,19.30,,,,1504.00,D,6
1786538106970,tesla,3.92,6.80,1,,19.30,,,,1504.00,D,6
1786538106972,tesla,3.92,6.80,1,,19.30,,,,1504.00,D,6
1786538106975,tesla,3.92,6.80,1,,19.30,,,,1504.00,D,6
1786538106975,tesla,3.92,6.80,1,,19.30,,,,1504.00,D,6
1786538106978,tesla,3.92,6.80,1,,19.30,,,,1504.00,D,6
1786538106981,tesla,3.92,6.80,1,,19.30,,,,1504.00,D,6
1786538106983,tesla,3.92,6.80,1,,19.30,,,,1504.00,D,6
1786538106986,tesla,3.92,6.80,1,,19.30,,,,1504.00,D,6
1786538106989,tesla,3.92,6.80,1,,19.30,,,,1504.00,D,6
1786538106992,tesla,3.92,6.80,1,,19.30,,,,1504.00,D,6
1786538106995,tesla,3.92,6.80,1,,19.30,,,,1504.00,D,6
1786538106995,tesla,3.92,6.80,1,,19.30,,,,1504.00,D,6
1786538106997,tesla,3.92,6.80,1,,19.30,,,,1504.00,D,6
1786538107000,tesla,3.92,6.80,1,,19.30,,,,1504.00,D,6
1786538107003,tesla,3.92,6.80,1,,19.30,,,,1504.00,D,6
1786538107006,tesla,3.92,6.80,1,,19.30,,,,1504.00,D,6
1786538107006,tesla,3.92,6.80,1,,19.30,,,,1504.00,D,6
1786538107008,tesla,3.92,6.80,1,,19.30,,,,1504.00,D,6
1786538107011,tesla,3.92,6.80,1,,19.30,,,,1504.00,D,6
1786538107014,tesla,3.92,6.80,1,,19.30,,,,1504.00,D,6
1786538107017,tesla,3.92,6.80,1,,19.30,,,,1504.00,D,6
1786538107017,tesla,3.92,6.80,1,,19.30,,,,1504.00,D,6
1786538107020,tesla,3.92,6.80,1,,19.30,,,,1504.00,D,6
1786538107022,tesla,3.92,6.80,1,,19.30,,,,1504.00,D,6
1786538107025,tesla,3.92,6.80,1,,19.30,,,,1504.00,D,6
1786538107025,tesla,3.92,6.80,1,,19.30,,,,1504.00,D,6
1786538107028,tesla,3.92,6.80,1,,19.30,,,,1504.00,D,6
1786538107031,tesla,3.92,6.80,1,,19.30,,,,1504.00,D,6
1786538107033,tesla,3.92,6.80,1,,19.30,,,,1504.00,D,6
1786538107034,tesla,3.92,6.80,1,,19.30,,,,1504.00,D,6
1786538107036,tesla,3.92,8.80,1,,19.30,,,,1504.00,D,6
1786538107039,tesla,3.92,8.80,1,,19.30,,,,1504.00,D,6
1786538107042,tesla,3.92,8.80,1,,19.30,,,,1504.00,D,6
1786538107045,tesla,3.92,8.80,1,,19.30,,,,1504.00,D,6
1786538107045,tesla,3.92,8.80,1,,19.30,,,,1504.00,D,6
1786538107047,tesla,3.92,8.80,1,,19.30,,,,1504.00,D,6
1786538107050,tesla,3.92,8.80,1,,19.30,,,,1504.00,D,6
1786538107053,tesla,3.92,8.80,1,,19.30,,,,1504.00,D,6
1786538107056,tesla,3.92,8.80,1,,19.30,,,,1504.00,D,6
1786538107059,tesla,3.92,8.80,1,,19.30,,,,1504.00,D,6
1786538107059,tesla,4.64,8.80,1,,19.30,,,,1504.00,D,6
1786538107061,tesla,4.64,8.80,1,,19.30,,,,1504.00,D,6
1786538107064,tesla,4.64,8.80,1,,19.30,,,,1504.00,D,6
1786538107067,tesla,4.64,8.80,1,,19.30,,,,1504.00,D,6
1786538107067,tesla,4.64,10.00,1,,19.30,,,,1504.00,D,6
1786538107070,tesla,4.64,10.00,1,,19.30,,,,1504.00,D,6
1786538107072,tesla,4.64,10.00,1,,19.30,,,,1504.00,D,6
1786538107075,tesla,4.64,10.00,1,,19.30,,,,1504.00,D,6
1786538107078,tesla,4.64,10.00,1,,19.30,,,,1504.00,D,6
1786538107078,tesla,4.64,10.00,1,,19.30,,,,1504.00,D,6
1786538107081,tesla,4.64,10.00,1,,-23.30,,,,1504.00,D,6
1786538107083,tesla,4.64,10.00,1,,-23.30,,,,1504.00,D,6
1786538107086,tesla,4.64,10.00,1,,-23.30,,,,1504.00,D,6
1786538107086,tesla,4.64,10.00,1,,-23.30,,,,1504.00,D,6
1786538107089,tesla,4.64,10.00,1,,-23.30,,,,1504.00,D,6
1786538107092,tesla,4.64,10.00,1,,-23.30,,,,1504.00,D,6
1786538107095,tesla,4.64,10.00,1,,-23.30,,,,1504.00,D,6
1786538107097,tesla,4.64,10.00,1,,-23.30,,,,1504.00,D,6
1786538107098,tesla,4.64,10.00,1,,-23.30,,,,1504.00,D,6
1786538107100,tesla,4.64,10.00,1,,-23.30,,,,1504.00,D,6
1786538107103,tesla,4.64,10.00,1,,-23.30,,,,1504.00,D,6
1786538107106,tesla,4.64,10.00,1,,-23.30,,,,1504.00,D,6
1786538107108,tesla,4.64,10.00,1,,-23.30,,,,1504.00,D,6
1786538107111,tesla,4.64,10.00,1,,-23.30,,,,1504.00,D,6
1786538107114,tesla,4.64,10.00,1,,-23.30,,,,1504.00,D,6
1786538107114,tesla,4.64,10.00,1,,-23.30,,,,1504.00,D,6
1786538107117,tesla,4.64,10.00,1,,-23.30,,,,1504.00,D,6
1786538107120,tesla,4.64,10.00,1,,-23.30,,,,1504.00,D,6
1786538107122,tesla,4.64,10.00,1,,-23.30,,,,1504.00,D,6
1786538107125,tesla,4.64,10.00,1,,-23.30,,,,1504.00,D,6
1786538107128,tesla,4.64,10.00,1,,-23.30,,,,1504.00,D,6
1786538107128,tesla,4.64,10.00,1,,-23.30,,,,1504.00,D,6
1786538107131,tesla,4.64,10.00,1,,-23.30,,,,1504.00,D,6
1786538107134,tesla,4.64,10.00,1,,-23.30,,,,1504.00,D,6
1786538107136,tesla,4.64,10.00,1,,-23.30,,,,1504.00,D,6
1786538107139,tesla,4.64,10.00,1,,-23.30,,,,1504.00,D,6
1786538107142,tesla,4.64,10.00,1,,-23.30,,,,1504.00,D,6
1786538107145,tesla,4.64,10.00,1,,-23.30,,,,1504.00,D,6
1786538107145,tesla,4.64,10.00,1,,-23.30,,,,1504.00,D,6
1786538107147,tesla,4.64,10.00,1,,-23.30,,,,1504.00,D,6
1786538107150,tesla,4.64,10.00,1,,-23.30,,,,1504.00,D,6
1786538107153,tesla,4.64,10.00,1,,-23.30,,,,1504.00,D,6
1786538107156,tesla,4.64,10.00,1,,-23.30,,,,1504.00,D,6
1786538107159,tesla,4.64,10.00,1,,-23.30,,,,1504.00,D,6
1786538107161,tesla,4.64,10.00,1,,-23.30,,,,1504.00,D,6
1786538107164,tesla,4.64,10.00,1,,-23.30,,,,1504.00,D,6
1786538107164,tesla,4.64,10.00,1,,-23.30,,,,1504.00,D,6
1786538107167,tesla,4.64,10.00,1,,-23.30,,,,1504.00,D,6
1786538107170,tesla,4.64,10.00,1,,-23.30,,,,1504.00,D,6
1786538107172,tesla,4.64,10.00,1,,-23.30,,,,1504.00,D,6
1786538107172,tesla,4.64,10.00,1,,-23.30,,,,1504.00,D,6
1786538107175,tesla,4.64,10.00,1,,-23.30,,,,1504.00,D,6
1786538107178,tesla,4.64,10.00,1,,-23.30,,,,1504.00,D,6
1786538107181,tesla,4.64,10.00,1,,-23.30,,,,1504.00,D,6
1786538107184,tesla,4.64,10.00,1,,-23.30,,,,1504.00,D,6
1786538107186,tesla,4.64,10.00,1,,-23.30,,,,1504.00,D,6
1786538107189,tesla,4.64,10.00,1,,-23.30,,,,1504.00,D,6
1786538107189,tesla,4.64,10.00,1,,-23.30,,,,1504.00,D,6
1786538107192,tesla,4.64,10.00,1,,-23.30,,,,1504.00,D,6
1786538107195,tesla,4.64,10.00,1,,-23.30,,,,1504.00,D,6
1786538107197,tesla,4.64,10.00,1,,-23.30,,,,1504.00,D,6
1786538107200,tesla,4.64,10.00,1,,-23.30,,,,1504.00,D,6
1786538107200,tesla,4.64,10.00,1,,-23.30,,,,1504.00,D,6
1786538107203,tesla,4.64,10.00,1,,-23.30,,,,1504.00,D,6
1786538107206,tesla,4.64,10.00,1,,-23.30,,,,1504.00,D,6
1786538107208,tesla,4.64,10.00,1,,-23.30,,,,1504.00,D,6
1786538107211,tesla,4.64,10.00,1,,-23.30,,,,1504.00,D,6
1786538107214,tesla,4.64,10.00,1,,-23.30,,,,1504.00,D,6
1786538107217,tesla,4.64,10.00,1,,-23.30,,,,1504.00,D,6
1786538107217,tesla,4.64,10.00,1,,-23.30,,,,1504.00,D,6
1786538107220,tesla,4.64,10.00,1,,-23.30,,,,1504.00,D,6
1786538107222,tesla,4.64,10.00,1,,-23.30,,,,1504.00,D,6
1786538107225,tesla,4.64,10.00,1,,-23.30,,,,1504.00,D,6
1786538107225,tesla,4.64,10.00,1,,-23.30,,,,1504.00,D,6
1786538107228,tesla,4.64,10.00,1,,-23.30,,,,1504.00,D,6
1786538107231,tesla,4.64,10.00,1,,-23.30,,,,1504.00,D,6
1786538107233,tesla,4.64,10.00,1,,-23.30,,,,1504.00,D,6
1786538107236,tesla,4.64,10.00,1,,-23.30,,,,1504.00,D,6
1786538107236,tesla,4.64,10.00,1,,-23.30,,,,1504.00,D,6
1786538107239,tesla,4.64,14.80,1,,-23.30,,,,1504.00,D,6
1786538107242,tesla,4.64,14.80,1,,-23.30,,,,1504.00,D,6
1786538107245,tesla,4.64,14.80,1,,-23.30,,,,1504.00,D,6
1786538107245,tesla,4.64,14.80,1,,-23.30,,,,1504.00,D,6
1786538107247,tesla,4.64,14.80,1,,-23.30,,,,1504.00,D,6
1786538107250,tesla,4.64,14.80,1,,-23.30,,,,1504.00,D,6
1786538107253,tesla,4.64,14.80,1,,-23.30,,,,1504.00,D,6
1786538107256,tesla,4.64,14.80,1,,-23.30,,,,1504.00,D,6
1786538107256,tesla,4.64,14.80,1,,-23.30,,,,1504.00,D,6
1786538107259,tesla,5.20,14.80,1,,-23.30,,,,1504.00,D,6
1786538107261,tesla,5.20,14.80,1,,-23.30,,,,1504.00,D,6
1786538107264,tesla,5.20,14.80,1,,-23.30,,,,1504.00,D,6
1786538107267,tesla,5.20,14.80,1,,-23.30,,,,1504.00,D,6
1786538107267,tesla,5.20,14.80,1,,-23.30,,,,1504.00,D,6
1786538107270,tesla,5.20,14.80,1,,-23.30,,,,1504.00,D,6
1786538107272,tesla,5.20,15.20,1,,-23.30,,,,1504.00,D,6
1786538107275,tesla,5.20,15.20,1,,-23.30,,,,1504.00,D,6
1786538107278,tesla,5.20,15.20,1,,-23.30,,,,1504.00,D,6
1786538107278,tesla,5.20,15.20,1,,-23.30,,,,1504.00,D,6
1786538107281,tesla,5.20,15.20,1,,-61.30,,,,1504.00,D,6
1786538107283,tesla,5.20,15.20,1,,-61.30,,,,1504.00,D,6
1786538107286,tesla,5.20,15.20,1,,-61.30,,,,1504.00,D,6
1786538107289,tesla,5.20,15.20,1,,-61.30,,,,1504.00,D,6
1786538107289,tesla,5.20,15.20,1,,-61.30,,,,1504.00,D,6
1786538107292,tesla,5.20,15.20,1,,-61.30,,,,1504.00,D,6
1786538107295,tesla,5.20,15.20,1,,-61.30,,,,1504.00,D,6
1786538107297,tesla,5.20,15.20,1,,-61.30,,,,1504.00,D,6
1786538107300,tesla,5.20,15.20,1,,-61.30,,,,1504.00,D,6
1786538107303,tesla,5.20,15.20,1,,-61.30,,,,1504.00,D,6
1786538107306,tesla,5.20,15.20,1,,-61.30,,,,1504.00,D,6
1786538107308,tesla,5.20,15.20,1,,-61.30,,,,1504.00,D,6
1786538107309,tesla,5.20,15.20,1,,-61.30,,,,1504.00,D,6
1786538107311,tesla,5.20,15.20,1,,-61.30,,,,1504.00,D,6
1786538107314,tesla,5.20,15.20,1,,-61.30,,,,1504.00,D,6
1786538107317,tesla,5.20,15.20,1,,-61.30,,,,1504.00,D,6
1786538107320,tesla,5.20,15.20,1,,-61.30,,,,1504.00,D,6
1786538107320,tesla,5.20,15.20,1,,-61.30,,,,1504.00,D,6
1786538107322,tesla,5.20,15.20,1,,-61.30,,,,1504.00,D,6
1786538107325,tesla,5.20,15.20,1,,-61.30,,,,1504.00,D,6
1786538107328,tesla,5.20,15.20,1,,-61.30,,,,1504.00,D,6
1786538107331,tesla,5.20,15.20,1,,-61.30,,,,1504.00,D,6
1786538107334,tesla,5.20,15.20,1,,-61.30,,,,1504.00,D,6
1786538107336,tesla,5.20,15.20,1,,-61.30,,,,1504.00,D,6
1786538107339,tesla,5.20,15.20,1,,-61.30,,,,1504.00,D,6
1786538107339,tesla,5.20,15.20,1,,-61.30,,,,1504.00,D,6
1786538107342,tesla,5.20,15.20,1,,-61.30,,,,1504.00,D,6
1786538107345,tesla,5.20,15.20,1,,-61.30,,,,1504.00,D,6
1786538107347,tesla,5.20,15.20,1,,-61.30,,,,1504.00,D,6
1786538107348,tesla,5.20,15.20,1,,-61.30,,,,1504.00,D,6
1786538107350,tesla,5.20,15.20,1,,-61.30,,,,1504.00,D,6
1786538107353,tesla,5.20,15.20,1,,-61.30,,,,1504.00,D,6
1786538107356,tesla,5.20,15.20,1,,-61.30,,,,1504.00,D,6
1786538107358,tesla,5.20,15.20,1,,-61.30,,,,1504.00,D,6
1786538107361,tesla,5.20,15.20,1,,-61.30,,,,1504.00,D,6
1786538107364,tesla,5.20,15.20,1,,-61.30,,,,1504.00,D,6
1786538107367,tesla,5.20,15.20,1,,-61.30,,,,1504.00,D,6
1786538107367,tesla,5.20,15.20,1,,-61.30,,,,1504.00,D,6
1786538107370,tesla,5.20,15.20,1,,-61.30,,,,1504.00,D,6
1786538107372,tesla,5.20,15.20,1,,-61.30,,,,1504.00,D,6
1786538107375,tesla,5.20,15.20,1,,-61.30,,,,1504.00,D,6
1786538107378,tesla,5.20,15.20,1,,-61.30,,,,1504.00,D,6
1786538107381,tesla,5.20,15.20,1,,-61.30,,,,1504.00,D,6
1786538107381,tesla,5.20,15.20,1,,-61.30,,,,1504.00,D,6
1786538107384,tesla,5.20,15.20,1,,-61.30,,,,1504.00,D,6
1786538107386,tesla,5.20,15.20,1,,-61.30,,,,1504.00,D,6
1786538107389,tesla,5.20,15.20,1,,-61.30,,,,1504.00,D,6
1786538107392,tesla,5.20,15.20,1,,-61.30,,,,1504.00,D,6
1786538107395,tesla,5.20,15.20,1,,-61.30,,,,1504.00,D,6
1786538107397,tesla,5.20,15.20,1,,-61.30,,,,1504.00,D,6
1786538107400,tesla,5.20,15.20,1,,-61.30,,,,1504.00,D,6
1786538107400,tesla,5.20,16.00,1,,-61.30,,,,1504.00,D,6
1786538107403,tesla,5.20,16.00,1,,-61.30,,,,1504.00,D,6
1786538107406,tesla,5.20,16.00,1,,-61.30,,,,1504.00,D,6
1786538107409,tesla,5.20,16.00,1,,-61.30,,,,1504.00,D,6
1786538107411,tesla,5.20,16.00,1,,-61.30,,,,1504.00,D,6
1786538107414,tesla,5.20,16.00,1,,-61.30,,,,1504.00,D,6
1786538107414,tesla,5.20,16.00,1,,-61.30,,,,1504.00,D,6
1786538107417,tesla,5.20,16.00,1,,-61.30,,,,1504.00,D,6
1786538107420,tesla,5.20,16.00,1,,-61.30,,,,1504.00,D,6
1786538107422,tesla,5.20,16.00,1,,-61.30,,,,1504.00,D,6
1786538107425,tesla,5.20,16.00,1,,-61.30,,,,1504.00,D,6
1786538107425,tesla,5.20,16.00,1,,-61.30,,,,1504.00,D,6
1786538107428,tesla,5.20,16.00,1,,-61.30,,,,1504.00,D,6
1786538107431,tesla,5.20,16.00,1,,-61.30,,,,1504.00,D,6
1786538107433,tesla,5.20,16.00,1,,-61.30,,,,1504.00,D,6
1786538107436,tesla,5.20,16.00,1,,-61.30,,,,1504.00,D,6
1786538107439,tesla,5.20,16.00,1,,-61.30,,,,1504.00,D,6
1786538107439,tesla,5.20,16.00,1,,-61.30,,,,1504.00,D,6
1786538107442,tesla,5.20,16.00,1,,-61.30,,,,1504.00,D,6
1786538107445,tesla,5.20,16.00,1,,-61.30,,,,1504.00,D,6
1786538107447,tesla,5.20,16.00,1,,-61.30,,,,1504.00,D,6
1786538107450,tesla,5.20,16.00,1,,-61.30,,,,1504.00,D,6
1786538107450,tesla,5.20,16.00,1,,-61.30,,,,1504.00,D,6
1786538107453,tesla,5.20,16.00,1,,-61.30,,,,1504.00,D,6
1786538107456,tesla,5.20,16.00,1,,-61.30,,,,1504.00,D,6
1786538107459,tesla,6.00,16.00,1,,-61.30,,,,1504.00,D,6
1786538107461,tesla,6.00,16.00,1,,-61.30,,,,1504.00,D,6
1786538107464,tesla,6.00,16.00,1,,-61.30,,,,1504.00,D,6
1786538107464,tesla,6.00,16.00,1,,-61.30,,,,1504.00,D,6
1786538107467,tesla,6.00,16.00,1,,-61.30,,,,1504.00,D,6
1786538107470,tesla,6.00,16.00,1,,-61.30,,,,1504.00,D,6
1786538107472,tesla,6.00,16.00,1,,-61.30,,,,1504.00,D,6
1786538107475,tesla,6.00,16.00,1,,-61.30,,,,1504.00,D,6
1786538107475,tesla,6.00,16.00,1,,-90.70,,,,1504.00,D,6
1786538107478,tesla,6.00,16.00,1,,-90.70,,,,1504.00,D,6
1786538107481,tesla,6.00,16.00,1,,-90.70,,,,1504.00,D,6
1786538107484,tesla,6.00,16.00,1,,-91.90,,,,1504.00,D,6
1786538107486,tesla,6.00,16.00,1,,-91.90,,,,1504.00,D,6
1786538107486,tesla,6.00,16.00,1,,-91.90,,,,1504.00,D,6
1786538107489,tesla,6.00,16.00,1,,-91.90,,,,1504.00,D,6
1786538107492,tesla,6.00,16.00,1,,-91.90,,,,1504.00,D,6
1786538107495,tesla,6.00,16.00,1,,-91.90,,,,1504.00,D,6
1786538107497,tesla,6.00,16.00,1,,-91.90,,,,1504.00,D,6
1786538107498,tesla,6.00,16.00,1,,-91.90,,,,1504.00,D,6
1786538107500,tesla,6.00,16.00,1,,-91.90,,,,1504.00,D,6
1786538107503,tesla,6.00,16.00,1,,-91.90,,,,1504.00,D,6
1786538107506,tesla,6.00,16.00,1,,-91.90,,,,1504.00,D,6
1786538107508,tesla,6.00,16.00,1,,-91.90,,,,1504.00,D,6
1786538107509,tesla,6.00,16.00,1,,-91.90,,,,1504.00,D,6
1786538107511,tesla,6.00,16.00,1,,-91.90,,,,1504.00,D,6
1786538107514,tesla,6.00,16.00,1,,-91.90,,,,1504.00,D,6
1786538107517,tesla,6.00,16.00,1,,-91.90,,,,1504.00,D,6
1786538107520,tesla,6.00,16.00,1,,-91.90,,,,1504.00,D,6
1786538107522,tesla,6.00,16.00,1,,-91.90,,,,1504.00,D,6
1786538107525,tesla,6.00,16.00,1,,-91.90,,,,1504.00,D,6
1786538107528,tesla,6.00,16.00,1,,-91.90,,,,1504.00,D,6
1786538107528,tesla,6.00,16.00,1,,-91.90,,,,1504.00,D,6
1786538107528,tesla,6.00,16.00,1,,-91.90,,,,1504.00,D,6
1786538107531,tesla,6.00,16.00,1,,-91.90,,,,1504.00,D,6
1786538107533,tesla,6.00,16.00,1,,-91.90,,,,1504.00,D,6
1786538107536,tesla,6.00,16.00,1,,-91.90,,,,1504.00,D,6
1786538107539,tesla,6.00,16.00,1,,-91.90,,,,1504.00,D,6
1786538107542,tesla,6.00,16.00,1,,-91.90,,,,1504.00,D,6
1786538107542,tesla,6.00,16.00,1,,-91.90,,,,1504.00,D,6
1786538107545,tesla,6.00,16.00,1,,-91.90,,,,1504.00,D,6
1786538107547,tesla,6.00,16.00,1,,-91.90,,,,1504.00,D,6
1786538107550,tesla,6.00,16.00,1,,-91.90,,,,1504.00,D,6
1786538107553,tesla,6.00,16.00,1,,-91.90,,,,1504.00,D,6
1786538107553,tesla,6.00,16.00,1,,-91.90,,,,1504.00,D,6
1786538107556,tesla,6.00,16.00,1,,-91.90,,,,1504.00,D,6
1786538107559,tesla,6.00,16.00,1,,-91.90,,,,1504.00,D,6
1786538107561,tesla,6.00,16.00,1,,-91.90,,,,1504.00,D,6
1786538107564,tesla,6.00,16.00,1,,-91.90,,,,1504.00,D,6
1786538107567,tesla,6.00,16.00,1,,-91.90,,,,1504.00,D,6
1786538107570,tesla,6.00,16.00,1,,-91.90,,,,1504.00,D,6
1786538107570,tesla,6.00,16.00,1,,-91.90,,,,1504.00,D,6
1786538107572,tesla,6.00,16.00,1,,-91.90,,,,1504.00,D,6
1786538107575,tesla,6.00,16.00,1,,-91.90,,,,1504.00,D,6
1786538107578,tesla,6.00,16.00,1,,-91.90,,,,1504.00,D,6
1786538107581,tesla,6.00,16.00,1,,-91.90,,,,1504.00,D,6
1786538107583,tesla,6.00,16.00,1,,-91.90,,,,1504.00,D,6
1786538107584,tesla,6.00,16.00,1,,-91.90,,,,1504.00,D,6
1786538107586,tesla,6.00,16.00,1,,-91.90,,,,1504.00,D,6
1786538107589,tesla,6.00,16.00,1,,-91.90,,,,1504.00,D,6
1786538107592,tesla,6.00,16.00,1,,-91.90,,,,1504.00,D,6
1786538107592,tesla,6.00,16.00,1,,-91.90,,,,1504.00,D,6
1786538107595,tesla,6.00,16.00,1,,-91.90,,,,1504.00,D,6
1786538107597,tesla,6.00,16.00,1,,-91.90,,,,1504.00,D,6
1786538107600,tesla,6.00,16.00,1,,-91.90,,,,1504.00,D,6
1786538107603,tesla,6.00,16.00,1,,-91.90,,,,1504.00,D,6
1786538107606,tesla,6.00,16.00,1,,-91.90,,,,1504.00,D,6
1786538107606,tesla,6.00,16.00,1,,-91.90,,,,1504.00,D,6
1786538107609,tesla,6.00,16.00,1,,-91.90,,,,1504.00,D,6
1786538107611,tesla,6.00,16.00,1,,-91.90,,,,1504.00,D,6
1786538107614,tesla,6.00,16.00,1,,-91.90,,,,1504.00,D,6
1786538107617,tesla,6.00,16.00,1,,-91.90,,,,1504.00,D,6
1786538107620,tesla,6.00,16.00,1,,-91.90,,,,1504.00,D,6
1786538107620,tesla,6.00,16.00,1,,-91.90,,,,1504.00,D,6
1786538107622,tesla,6.00,15.60,1,,-91.90,,,,1504.00,D,6
1786538107625,tesla,6.00,15.60,1,,-91.90,,,,1504.00,D,6
1786538107628,tesla,6.00,15.60,1,,-91.90,,,,1504.00,D,6
1786538107631,tesla,6.00,15.60,1,,-91.90,,,,1504.00,D,6
1786538107633,tesla,6.00,15.60,1,,-91.90,,,,1504.00,D,6
1786538107636,tesla,6.00,15.60,1,,-91.90,,,,1504.00,D,6
1786538107636,tesla,6.00,15.60,1,,-91.90,,,,1504.00,D,6
1786538107639,tesla,6.00,15.60,1,,-91.90,,,,1504.00,D,6
1786538107642,tesla,6.00,15.60,1,,-91.90,,,,1504.00,D,6
1786538107645,tesla,6.00,15.60,1,,-91.90,,,,1504.00,D,6
1786538107647,tesla,6.00,15.60,1,,-91.90,,,,1504.00,D,6
1786538107650,tesla,6.00,15.60,1,,-91.90,,,,1504.00,D,6
1786538107653,tesla,6.00,15.60,1,,-91.90,,,,1504.00,D,6
1786538107656,tesla,6.00,15.60,1,,-91.90,,,,1504.00,D,6
1786538107656,tesla,6.00,15.60,1,,-91.90,,,,1504.00,D,6
1786538107659,tesla,7.04,15.60,1,,-91.90,,,,1504.00,D,6
1786538107661,tesla,7.04,15.60,1,,-91.90,,,,1504.00,D,6
1786538107664,tesla,7.04,15.60,1,,-91.90,,,,1504.00,D,6
1786538107664,tesla,7.04,15.60,1,,-91.90,,,,1504.00,D,6
1786538107667,tesla,7.04,15.60,1,,-91.90,,,,1504.00,D,6
1786538107670,tesla,7.04,15.60,1,,-91.90,,,,1504.00,D,6
1786538107670,tesla,7.04,15.60,1,,-111.50,,,,1504.00,D,6
1786538107672,tesla,7.04,15.60,1,,-111.50,,,,1504.00,D,6
1786538107675,tesla,7.04,15.60,1,,-111.50,,,,1504.00,D,6
1786538107678,tesla,7.04,15.60,1,,-111.50,,,,1504.00,D,6
1786538107681,tesla,7.04,15.60,1,,-111.50,,,,1504.00,D,6
1786538107683,tesla,7.04,15.60,1,,-111.50,,,,1504.00,D,6
1786538107684,tesla,7.04,15.60,1,,-111.50,,,,1504.00,D,6
1786538107684,tesla,7.04,15.60,1,,-111.50,,,,1504.00,D,6
1786538107686,tesla,7.04,15.60,1,,-111.50,,,,1504.00,D,6
1786538107689,tesla,7.04,15.60,1,,-111.50,,,,1504.00,D,6
1786538107692,tesla,7.04,15.60,1,,-111.50,,,,1504.00,D,6
1786538107695,tesla,7.04,15.60,1,,-111.50,,,,1504.00,D,6
1786538107697,tesla,7.04,15.60,1,,-111.50,,,,1504.00,D,6
1786538107697,tesla,7.04,15.60,1,,-111.50,,,,1504.00,D,6
1786538107700,tesla,7.04,15.60,1,,-111.50,,,,1504.00,D,6
1786538107703,tesla,7.04,15.60,1,,-111.50,,,,1504.00,D,6
1786538107706,tesla,7.04,15.60,1,,-111.50,,,,1504.00,D,6
1786538107708,tesla,7.04,15.60,1,,-111.50,,,,1504.00,D,6
1786538107711,tesla,7.04,15.60,1,,-111.50,,,,1504.00,D,6
1786538107714,tesla,7.04,15.60,1,,-111.50,,,,1504.00,D,6
1786538107717,tesla,7.04,15.60,1,,-111.50,,,,1504.00,D,6
1786538107717,tesla,7.04,15.60,1,,-111.50,,,,1504.00,D,6
1786538107720,tesla,7.04,15.60,1,,-111.50,,,,1504.00,D,6
1786538107722,tesla,7.04,15.60,1,,-111.50,,,,1504.00,D,6
1786538107723,tesla,7.04,15.60,1,,-111.50,,,,1504.00,D,6
1786538107725,tesla,7.04,15.60,1,,-111.50,,,,1504.00,D,6
1786538107728,tesla,7.04,15.60,1,,-111.50,,,,1504.00,D,6
1786538107728,tesla,7.04,15.60,1,,-111.50,,,,1504.00,D,6
1786538107731,tesla,7.04,15.60,1,,-111.50,,,,1504.00,D,6
1786538107733,tesla,7.04,15.60,1,,-111.50,,,,1504.00,D,6
1786538107734,tesla,7.04,15.60,1,,-111.50,,,,1504.00,D,6
1786538107736,tesla,7.04,15.60,1,,-111.50,,,,1504.00,D,6
1786538107739,tesla,7.04,15.60,1,,-111.50,,,,1504.00,D,6
1786538107742,tesla,7.04,15.60,1,,-111.50,,,,1504.00,D,6
1786538107745,tesla,7.04,15.60,1,,-111.50,,,,1504.00,D,6
1786538107747,tesla,7.04,15.60,1,,-111.50,,,,1504.00,D,6
1786538107750,tesla,7.04,15.60,1,,-111.50,,,,1504.00,D,6
1786538107753,tesla,7.04,15.60,1,,-111.50,,,,1504.00,D,6
1786538107753,tesla,7.04,15.60,1,,-111.50,,,,1504.00,D,6
1786538107756,tesla,7.04,15.60,1,,-111.50,,,,1504.00,D,6
1786538107758,tesla,7.04,15.60,1,,-111.50,,,,1504.00,D,6
1786538107761,tesla,7.04,15.60,1,,-111.50,,,,1504.00,D,6
1786538107761,tesla,7.04,15.60,1,,-111.50,,,,1504.00,D,6
1786538107770,tesla,7.04,15.60,1,,-111.50,,,,1504.00,D,6
1786538107770,tesla,7.04,15.60,1,,-111.50,,,,1504.00,D,6
1786538107772,tesla,7.04,15.60,1,,-111.50,,,,1504.00,D,6
1786538107775,tesla,7.04,15.60,1,,-111.50,,,,1504.00,D,6
1786538107775,tesla,7.04,15.60,1,,-111.50,,,,1504.00,D,6
1786538107778,tesla,7.04,15.20,1,,-111.50,,,,1504.00,D,6
1786538107781,tesla,7.04,15.20,1,,-111.50,,,,1504.00,D,6
1786538107783,tesla,7.04,15.20,1,,-111.50,,,,1504.00,D,6
1786538107784,tesla,7.04,15.20,1,,-111.50,,,,1504.00,D,6
1786538107786,tesla,7.04,15.20,1,,-111.50,,,,1504.00,D,6
1786538107789,tesla,7.04,15.20,1,,-111.50,,,,1504.00,D,6
1786538107792,tesla,7.04,15.20,1,,-111.50,,,,1504.00,D,6
1786538107795,tesla,7.04,15.20,1,,-111.50,,,,1504.00,D,6
1786538107797,tesla,7.04,15.20,1,,-111.50,,,,1504.00,D,6
1786538107797,tesla,7.04,15.20,1,,-111.50,,,,1504.00,D,6
1786538107800,tesla,7.04,15.20,1,,-111.50,,,,1504.00,D,6
1786538107803,tesla,7.04,15.20,1,,-111.50,,,,1504.00,D,6
1786538107806,tesla,7.04,15.20,1,,-111.50,,,,1504.00,D,6
1786538107808,tesla,7.04,15.20,1,,-111.50,,,,1504.00,D,6
1786538107811,tesla,7.04,15.20,1,,-111.50,,,,1504.00,D,6
1786538107814,tesla,7.04,15.20,1,,-111.50,,,,1504.00,D,6
1786538107817,tesla,7.04,15.20,1,,-111.50,,,,1504.00,D,6
1786538107817,tesla,7.04,15.20,1,,-120.10,,,,1504.00,D,6
1786538107820,tesla,7.04,15.20,1,,-120.10,,,,1504.00,D,6
1786538107822,tesla,7.04,15.20,1,,-120.10,,,,1504.00,D,6
1786538107825,tesla,7.04,15.20,1,,-120.60,,,,1504.00,D,6
1786538107828,tesla,7.04,15.20,1,,-120.60,,,,1504.00,D,6
1786538107831,tesla,7.04,15.20,1,,-121.00,,,,1504.00,D,6
1786538107834,tesla,7.04,15.20,1,,-121.00,,,,1504.00,D,6
1786538107836,tesla,7.04,15.20,1,,-121.00,,,,1504.00,D,6
1786538107836,tesla,7.04,15.20,0,,-121.00,,,,1504.00,D,6
1786538107839,tesla,7.04,15.20,0,,-121.00,,,,1504.00,D,6
1786538107842,tesla,7.04,15.20,0,,-121.00,,,,1504.00,D,6
1786538107845,tesla,7.04,15.20,0,,-121.00,,,,1504.00,D,6
1786538107847,tesla,7.04,15.20,0,,-121.00,,,,1504.00,D,6
1786538107850,tesla,7.04,15.20,0,,-121.00,,,,1504.00,D,6
1786538107853,tesla,7.04,15.20,0,,-121.00,,,,1504.00,D,6
1786538107853,tesla,7.04,15.20,0,,-121.00,,,,1504.00,D,6
1786538107856,tesla,7.04,15.20,0,,-121.00,,,,1504.00,D,6
1786538107858,tesla,7.04,15.20,0,,-121.00,,,,1504.00,D,6
1786538107861,tesla,7.04,15.20,0,,-121.00,,,,1504.00,D,6
1786538107864,tesla,7.04,15.20,0,,-121.00,,,,1504.00,D,6
1786538107867,tesla,7.04,15.20,0,,-121.00,,,,1504.00,D,6
1786538107867,tesla,7.04,15.20,0,,-121.00,,,,1504.00,D,6
1786538107870,tesla,7.04,15.20,0,,-121.00,,,,1504.00,D,6
1786538107872,tesla,7.04,15.20,0,,-121.00,,,,1504.00,D,6
1786538107875,tesla,7.04,15.20,0,,-121.00,,,,1504.00,D,6
1786538107878,tesla,7.04,15.20,0,,-121.00,,,,1504.00,D,6
1786538107881,tesla,7.04,15.20,0,,-121.00,,,,1504.00,D,6
1786538107883,tesla,7.04,15.20,0,,-121.00,,,,1504.00,D,6
1786538107886,tesla,7.04,15.20,0,,-121.00,,,,1504.00,D,6
1786538107886,tesla,7.04,15.20,0,,-121.00,,,,1504.00,D,6
1786538107889,tesla,7.04,15.20,0,,-121.00,,,,1504.00,D,6
1786538107892,tesla,7.04,15.20,0,,-121.00,,,,1504.00,D,6
1786538107895,tesla,7.04,15.20,0,,-121.00,,,,1504.00,D,6
1786538107897,tesla,7.04,15.20,0,,-121.00,,,,1504.00,D,6
1786538107900,tesla,7.04,15.20,0,,-121.00,,,,1504.00,D,6
1786538107903,tesla,7.04,15.20,0,,-121.00,,,,1504.00,D,6
1786538107906,tesla,7.04,15.20,0,,-121.00,,,,1504.00,D,6
1786538107906,tesla,7.04,15.20,0,,-121.00,,,,1504.00,D,6
1786538107908,tesla,7.04,15.20,0,,-121.00,,,,1504.00,D,6
1786538107911,tesla,7.04,15.20,0,,-121.00,,,,1504.00,D,6
1786538107911,tesla,7.04,15.20,0,,-121.00,,,,1504.00,D,6
1786538107914,tesla,7.04,15.20,0,,-121.00,,,,1504.00,D,6
1786538107917,tesla,7.04,15.20,0,,-121.00,,,,1504.00,D,6
1786538107920,tesla,7.04,15.20,0,,-121.00,,,,1504.00,D,6
1786538107920,tesla,7.04,15.20,0,,-121.00,,,,1504.00,D,6
1786538107922,tesla,7.04,15.20,0,,-121.00,,,,1504.00,D,6
1786538107925,tesla,7.04,15.20,0,,-121.00,,,,1504.00,D,6
1786538107925,tesla,7.04,15.20,0,,-121.00,,,,1504.00,D,6
1786538107928,tesla,7.04,15.20,0,,-121.00,,,,1504.00,D,6
1786538107931,tesla,7.04,15.20,0,,-121.00,,,,1504.00,D,6
1786538107933,tesla,7.04,15.20,0,,-121.00,,,,1504.00,D,6
1786538107934,tesla,7.04,15.20,0,,-121.00,,,,1504.00,D,6
1786538107936,tesla,7.04,15.20,0,,-121.00,,,,1504.00,D,6
1786538107939,tesla,7.04,15.20,0,,-121.00,,,,1504.00,D,6
1786538107942,tesla,7.04,15.20,0,,-121.00,,,,1504.00,D,6
1786538107945,tesla,7.04,15.20,0,,-121.00,,,,1504.00,D,6
1786538107947,tesla,7.04,15.20,0,,-121.00,,,,1504.00,D,6
1786538107948,tesla,7.04,15.20,0,,-121.00,,,,1504.00,D,6
1786538107950,tesla,7.04,15.20,0,,-121.00,,,,1504.00,D,6
1786538107953,tesla,7.04,15.20,0,,-121.00,,,,1504.00,D,6
1786538107956,tesla,7.04,15.20,0,,-121.00,,,,1504.00,D,6
1786538107958,tesla,7.04,15.20,0,,-121.00,,,,1504.00,D,6
1786538107961,tesla,7.04,15.20,0,,-121.00,,,,1504.00,D,6
1786538107961,tesla,7.04,15.20,0,,-121.00,,,,1504.00,D,6
1786538107964,tesla,7.04,15.20,0,,-121.00,,,,1504.00,D,6
1786538107967,tesla,7.04,15.20,0,,-121.00,,,,1504.00,D,6
1786538107967,tesla,7.04,15.20,0,,-121.00,,,,1504.00,D,6
1786538107970,tesla,7.04,15.20,0,,-121.00,,,,1504.00,D,6
1786538107972,tesla,7.04,15.20,0,,-121.00,,,,1504.00,D,6
1786538107975,tesla,7.04,15.20,0,,-121.00,,,,1504.00,D,6
1786538107975,tesla,7.04,13.60,0,,-121.00,,,,1504.00,D,6
1786538107978,tesla,7.04,13.60,0,,-121.00,,,,1504.00,D,6
1786538107981,tesla,8.40,13.60,0,,-121.00,,,,1504.00,D,6
1786538107983,tesla,8.40,13.60,0,,-121.00,,,,1504.00,D,6
1786538107986,tesla,8.40,13.60,0,,-121.00,,,,1504.00,D,6
1786538107989,tesla,8.40,13.60,0,,-121.00,,,,1504.00,D,6
1786538107989,tesla,8.40,13.60,0,,-121.00,,,,1504.00,D,6
1786538107992,tesla,8.40,13.60,0,,-121.00,,,,1504.00,D,6
1786538107995,tesla,8.40,13.60,0,,-121.00,,,,1504.00,D,6
1786538107995,tesla,8.40,13.60,0,,-121.00,,,,1504.00,D,6
1786538107997,tesla,8.48,13.60,0,,-121.00,,,,1504.00,D,6
1786538108000,tesla,8.48,13.60,0,,-121.00,,,,1504.00,D,6
1786538108003,tesla,8.48,13.60,0,,-121.00,,,,1504.00,D,6
1786538108006,tesla,8.48,13.60,0,,-121.00,,,,1504.00,D,6
1786538108008,tesla,8.48,13.60,0,,-121.00,,,,1504.00,D,6
1786538108011,tesla,8.48,13.60,0,,-121.00,,,,1504.00,D,6
1786538108014,tesla,8.48,13.60,0,,-121.00,,,,1504.00,D,6
1786538108014,tesla,8.48,13.60,0,,-121.00,,,,1504.00,D,6
1786538108017,tesla,8.48,13.60,0,,-121.00,,,,1504.00,D,6
1786538108020,tesla,8.48,13.60,0,,-121.00,,,,1504.00,D,6
1786538108022,tesla,8.48,13.60,0,,-128.30,,,,1504.00,D,6
1786538108025,tesla,8.48,13.60,0,,-128.30,,,,1504.00,D,6
1786538108028,tesla,8.48,13.60,0,,-128.30,,,,1504.00,D,6
1786538108028,tesla,8.48,13.60,0,,-128.30,,,,1504.00,D,6
1786538108031,tesla,8.48,13.60,0,,-128.30,,,,1504.00,D,6
1786538108034,tesla,8.48,13.60,0,,-128.30,,,,1504.00,D,6
1786538108036,tesla,8.48,13.60,0,,-128.30,,,,1504.00,D,6
1786538108039,tesla,8.48,13.60,0,,-128.30,,,,1504.00,D,6
1786538108039,tesla,8.48,13.60,0,,-128.30,,,,1504.00,D,6
1786538108042,tesla,8.48,13.60,0,,-128.30,,,,1504.00,D,6
1786538108045,tesla,8.48,13.60,0,,-128.30,,,,1504.00,D,6
1786538108047,tesla,8.48,13.60,0,,-128.30,,,,1504.00,D,6
1786538108050,tesla,8.48,13.60,0,,-128.30,,,,1504.00,D,6
1786538108053,tesla,8.48,13.60,0,,-128.30,,,,1504.00,D,6
1786538108053,tesla,8.48,13.60,0,,-128.30,,,,1504.00,D,6
1786538108056,tesla,8.48,13.60,0,,-128.30,,,,1504.00,D,6
1786538108059,tesla,8.48,13.60,0,,-128.30,,,,1504.00,D,6
1786538108061,tesla,8.48,13.60,0,,-128.30,,,,1504.00,D,6
1786538108064,tesla,8.48,13.60,0,,-128.30,,,,1504.00,D,6
1786538108067,tesla,8.48,13.60,0,,-128.30,,,,1504.00,D,6
1786538108067,tesla,8.48,13.60,0,,-128.30,,,,1504.00,D,6
1786538108070,tesla,8.48,13.60,0,,-128.30,,,,1504.00,D,6
1786538108072,tesla,8.48,13.60,0,,-128.30,,,,1504.00,D,6
1786538108075,tesla,8.48,13.60,0,,-128.30,,,,1504.00,D,6
1786538108075,tesla,8.48,13.60,0,,-128.30,,,,1504.00,D,6
1786538108078,tesla,8.48,13.60,0,,-128.30,,,,1504.00,D,6
1786538108081,tesla,8.48,13.60,0,,-128.30,,,,1504.00,D,6
1786538108083,tesla,8.48,13.60,0,,-128.30,,,,1504.00,D,6
1786538108086,tesla,8.48,13.60,0,,-128.30,,,,1504.00,D,6
1786538108089,tesla,8.48,13.60,0,,-128.30,,,,1504.00,D,6
1786538108092,tesla,8.48,13.60,0,,-128.30,,,,1504.00,D,6
1786538108095,tesla,8.48,13.60,0,,-128.30,,,,1504.00,D,6
1786538108095,tesla,8.48,13.60,0,,-128.30,,,,1504.00,D,6
1786538108097,tesla,8.48,13.60,0,,-128.30,,,,1504.00,D,6
1786538108100,tesla,8.48,13.60,0,,-128.30,,,,1504.00,D,6
1786538108103,tesla,8.48,13.60,0,,-128.30,,,,1504.00,D,6
1786538108106,tesla,8.48,13.60,0,,-128.30,,,,1504.00,D,6
1786538108106,tesla,8.48,13.60,0,,-128.30,,,,1504.00,D,6
1786538108108,tesla,8.48,13.60,0,,-128.30,,,,1504.00,D,6
1786538108111,tesla,8.48,13.60,0,,-128.30,,,,1504.00,D,6
1786538108111,tesla,8.48,13.60,0,,-128.30,,,,1504.00,D,6
1786538108114,tesla,8.48,13.60,0,,-128.30,,,,1504.00,D,6
1786538108117,tesla,8.48,13.60,0,,-128.30,,,,1504.00,D,6
1786538108120,tesla,8.48,13.60,0,,-128.30,,,,1504.00,D,6
1786538108120,tesla,8.48,13.60,0,,-128.30,,,,1504.00,D,6
1786538108122,tesla,8.48,13.60,0,,-128.30,,,,1504.00,D,6
1786538108123,tesla,8.48,13.60,0,,-128.30,,,,1504.00,D,6
1786538108125,tesla,8.48,13.60,0,,-128.30,,,,1504.00,D,6
1786538108128,tesla,8.48,13.60,0,,-128.30,,,,1504.00,D,6
1786538108131,tesla,8.48,13.60,0,,-128.30,,,,1504.00,D,6
1786538108133,tesla,8.48,13.60,0,,-128.30,,,,1504.00,D,6
1786538108136,tesla,8.48,13.60,0,,-128.30,,,,1504.00,D,6
1786538108139,tesla,8.48,13.60,0,,-128.30,,,,1504.00,D,6
1786538108139,tesla,8.48,13.60,0,,-128.30,,,,1504.00,D,6
1786538108142,tesla,8.48,13.60,0,,-128.30,,,,1504.00,D,6
1786538108145,tesla,8.48,13.60,0,,-128.30,,,,1504.00,D,6
1786538108147,tesla,8.48,13.60,0,,-128.30,,,,1504.00,D,6
1786538108150,tesla,8.48,13.60,0,,-128.30,,,,1504.00,D,6
1786538108150,tesla,8.48,13.60,0,,-128.30,,,,1504.00,D,6
1786538108153,tesla,8.48,13.60,0,,-128.30,,,,1504.00,D,6
1786538108156,tesla,8.48,13.60,0,,-128.30,,,,1504.00,D,6
1786538108156,tesla,8.48,13.60,0,,-128.30,,,,1504.00,D,6
1786538108158,tesla,8.48,13.60,0,,-128.30,,,,1504.00,D,6
1786538108161,tesla,8.48,13.20,0,,-128.30,,,,1504.00,D,6
1786538108164,tesla,8.48,13.20,0,,-128.30,,,,1504.00,D,6
1786538108167,tesla,8.48,13.20,0,,-128.30,,,,1504.00,D,6
1786538108170,tesla,8.48,13.20,0,,-128.30,,,,1504.00,D,6
1786538108170,tesla,8.48,13.20,0,,-128.30,,,,1504.00,D,6
1786538108172,tesla,8.48,13.20,0,,-128.30,,,,1504.00,D,6
1786538108175,tesla,8.48,13.20,0,,-128.30,,,,1504.00,D,6
1786538108178,tesla,8.48,13.20,0,,-128.30,,,,1504.00,D,6
1786538108181,tesla,8.48,13.20,0,,-128.30,,,,1504.00,D,6
1786538108183,tesla,8.48,13.20,0,,-128.30,,,,1504.00,D,6
1786538108186,tesla,8.48,13.20,0,,-128.30,,,,1504.00,D,6
1786538108186,tesla,8.48,13.20,0,,-128.30,,,,1504.00,D,6
1786538108189,tesla,8.48,13.20,0,,-128.30,,,,1504.00,D,6
1786538108192,tesla,8.48,13.20,0,,-128.30,,,,1504.00,D,6
1786538108192,tesla,8.48,13.20,0,,-128.30,,,,1504.00,D,6
