timestamp_ms,vehicle_id,speed_kmh,throttle_percent,brake_light,acceleration_g,steering_angle_deg,motor_rpm,motor_hv_voltage,motor_hv_current,motor_torque_nm,gear_selector,dbc_signal_count
0.000,tesla,,,,,,,,,,,0
0.000,tesla,,,,,,,,,,,0
0.002,tesla,,,,,,,,,,,0
0.005,tesla,,,,,,,,,,,0
0.008,tesla,,,,,,,,,,,0
0.011,tesla,,,,,,,,,,,0
0.013,tesla,,,,,,,,,,,0
0.016,tesla,,,,,,,,,,,0
0.019,tesla,,,,,,,,,,,0
0.019,tesla,,,,,,,,,,,0
0.022,tesla,,,,,,,,,,,0
0.025,tesla,,,,,,,,,,,0
0.027,tesla,,,,,,,,,,,0
0.030,tesla,,,,,,,,,,,0
0.033,tesla,,,,,,,,,,,0
0.033,tesla,,,,,,,,,,,0
0.036,tesla,,,,,,,,,,,0
0.039,tesla,,,,,,,,,,,0
0.041,tesla,,,,,,,,,,,0
0.044,tesla,,,,,,,,,,,0
0.047,tesla,,,,,,,,,,,0
0.047,tesla,,,,,,,,,,,0
0.050,tesla,,,,,,,,,,,0
0.052,tesla,,,,,,,,,,,0
0.055,tesla,,,,,,,,,,,0
0.055,tesla,,,,,,,,,,,0
0.058,tesla,,,,,,,,,,,0
0.061,tesla,,,,,,,,,,,0
0.061,tesla,,,,,,,,,,,0
0.064,tesla,,,,,,,,,,,0
0.066,tesla,,,,,,,,,,,0
0.069,tesla,,,,,,,,,,,0
0.072,tesla,,,,,,,,,,,0
0.075,tesla,,,,,,,,,,,0
0.077,tesla,,,,,,,,,,,0
0.080,tesla,,,,,,,,,,,0
0.080,tesla,,,,,,,,,,,0
0.083,tesla,,,,,,,,,,,0
0.086,tesla,,,,,,,,,,,0
0.086,tesla,,,,,,,,,,,0
0.088,tesla,,,,,,,,,,,0
0.091,tesla,,,,,,,,,,,0
0.091,tesla,,,,,,,,,,,0
0.094,tesla,,,,,,,,,,,0
0.097,tesla,,,,,,,,,,,0
0.100,tesla,,,,,,,,,,,0
0.100,tesla,,,,,,,,,,,0
0.102,tesla,,,,,,,,,,,0
0.105,tesla,,,,,,,,,,,0
0.108,tesla,,,,,,,,,,,0
0.111,tesla,,,,,,,,,,,0
0.111,tesla,,,,,,,,,,,0
0.113,tesla,,,,,,,,,,,0
0.116,tesla,,,,,,,,,,,0
0.116,tesla,,,,,,,,,,,0
0.119,tesla,,,,,,,,,,,0
0.122,tesla,,,,,,,,,,,0
0.125,tesla,,,,,,,,,,,0
0.127,tesla,,,,,,,,,,,0
0.127,tesla,,,,,,,,,,,0
0.130,tesla,,,,,,,,,,,0
0.133,tesla,,,,,,,,,,,0
0.133,tesla,,,,,,,,,,,0
0.136,tesla,,,,,,,,,,,0
0.138,tesla,,,,,,,,,,,0
0.139,tesla,,,,,,,,,,,0
0.141,tesla,,,,,,,,,,,0
0.144,tesla,,,,,,,,,,,0
0.147,tesla,,,,,,,,,,,0
0.150,tesla,,,,,,,,,,,0
0.152,tesla,,,,,,,,,,,0
0.152,tesla,,0.00,,,,,,,,P,2
0.155,tesla,,0.00,,,101.00,,,,,P,3
0.158,tesla,,0.00,,,101.00,,,,,P,3
0.161,tesla,,0.00,,,101.00,,,,,P,3
0.163,tesla,,0.00,,,101.00,,,,,P,3
0.166,tesla,,0.00,,,101.00,,,,,P,3
0.166,tesla,,0.00,,,101.00,,,,,P,3
0.169,tesla,,0.00,,,101.00,,,,,P,3
0.172,tesla,,0.00,,,101.00,,,,,P,3
0.175,tesla,,0.00,,,101.00,,,,,P,3
0.175,tesla,,0.00,,,101.00,,,,,P,3
0.177,tesla,,0.00,,,101.00,,,,0.00,P,4
0.180,tesla,,0.00,,,101.00,,,,0.00,P,4
0.183,tesla,,0.00,,,101.00,,,,0.00,P,4
0.186,tesla,,0.00,,,101.00,,,,0.00,P,4
0.186,tesla,,0.00,,,101.00,,,,0.00,P,4
0.188,tesla,,0.00,,,101.00,,,,0.00,P,4
0.191,tesla,,0.00,,,101.00,,,,0.00,P,4
0.194,tesla,,0.00,,,101.00,,,,0.00,P,4
0.197,tesla,,0.00,,,101.00,,,,0.00,P,4
0.200,tesla,,0.00,,,101.00,,,,0.00,P,4
0.202,tesla,,0.00,,,101.00,,,,0.00,P,4
0.202,tesla,,0.00,,,101.00,,,,0.00,P,4
0.205,tesla,,0.00,,,101.00,,,,0.00,P,4
0.208,tesla,,0.00,,,101.00,,,,0.00,P,4
0.211,tesla,,0.00,,,101.00,,,,0.00,P,4
0.211,tesla,,0.00,,,101.00,,,,0.00,P,4
0.213,tesla,,0.00,,,101.00,,,,0.00,P,4
0.216,tesla,,0.00,,,101.00,,,,0.00,P,4
0.219,tesla,,0.00,,,101.00,,,,0.00,P,4
0.222,tesla,,0.00,,,101.00,,,,0.00,P,4
0.225,tesla,,0.00,,,101.00,,,,0.00,P,4
0.225,tesla,,0.00,,,101.00,,,,0.00,P,4
0.225,tesla,,0.00,,,101.00,,,,0.00,P,4
0.227,tesla,,0.00,,,101.00,,,,0.00,P,4
0.230,tesla,,0.00,,,101.00,,,,0.00,P,4
0.233,tesla,,0.00,,,101.00,,,,0.00,P,4
0.236,tesla,,0.00,,,101.00,,,,0.00,P,4
0.236,tesla,,0.00,,,101.00,,,,0.00,P,4
0.238,tesla,,0.00,,,101.00,,,,0.00,P,4
0.239,tesla,,0.00,,,101.00,,,,0.00,P,4
0.241,tesla,,0.00,,,101.00,,,,0.00,P,4
0.244,tesla,,0.00,,,101.00,,,,0.00,P,4
0.247,tesla,,0.00,,,101.00,,,,0.00,P,4
0.247,tesla,,0.00,,,101.00,,,,0.00,P,4
0.250,tesla,,0.00,,,101.00,,,,0.00,P,4
0.252,tesla,,0.00,,,101.00,,,,0.00,P,4
0.255,tesla,,0.00,,,101.00,,,,0.00,P,4
0.258,tesla,,0.00,,,101.00,,,,0.00,P,4
0.261,tesla,,0.00,,,101.00,,,,0.00,P,4
0.263,tesla,,0.00,,,101.00,,,,0.00,P,4
0.264,tesla,,0.00,,,101.00,,,,0.00,P,4
0.266,tesla,,0.00,,,101.00,,,,0.00,P,4
0.269,tesla,,0.00,,,101.00,,,,0.00,P,4
0.272,tesla,,0.00,,,101.00,,,,0.00,P,4
0.275,tesla,,0.00,,,101.00,,,,0.00,P,4
0.277,tesla,,0.00,,,101.00,,,,0.00,P,4
0.280,tesla,,0.00,,,101.00,,,,0.00,P,4
0.283,tesla,,0.00,,,101.00,,,,0.00,P,4
0.283,tesla,,0.00,,,101.00,,,,0.00,P,4
0.286,tesla,,0.00,,,101.00,,,,0.00,P,4
0.286,tesla,,0.00,,,101.00,,,,0.00,P,4
0.288,tesla,,0.00,,,101.00,,,,0.00,P,4
0.291,tesla,,0.00,,,101.00,,,,0.00,P,4
0.294,tesla,,0.00,,,101.00,,,,0.00,P,4
0.297,tesla,,0.00,,,101.00,,,,0.00,P,4
0.300,tesla,,0.00,,,101.00,,,,0.00,P,4
0.300,tesla,,0.00,,,101.00,,,,0.00,P,4
0.302,tesla,,0.00,,,101.00,,,,0.00,P,4
0.305,tesla,,0.00,,,101.00,,,,0.00,P,4
0.308,tesla,,0.00,,,101.00,,,,0.00,P,4
0.308,tesla,,0.00,,,101.00,,,,0.00,P,4
0.311,tesla,,0.00,,,101.00,,,,0.00,P,4
0.313,tesla,,0.00,,,101.00,,,,0.00,P,4
0.316,tesla,,0.00,,,101.00,,,,0.00,P,4
0.319,tesla,,0.00,,,101.00,,,,0.00,P,4
0.319,tesla,,0.00,,,101.00,,,,0.00,P,4
0.322,tesla,,0.00,,,101.00,,,,0.00,P,4
0.325,tesla,,0.00,,,101.00,,,,0.00,P,4
0.327,tesla,,0.00,,,101.00,,,,0.00,P,4
0.327,tesla,,0.00,,,101.00,,,,0.00,P,4
0.330,tesla,,0.00,,,101.00,,,,0.00,P,4
0.333,tesla,,0.00,,,101.00,,,,0.00,P,4
0.336,tesla,,0.00,,,101.00,,,,0.00,P,4
0.338,tesla,,0.00,,,101.00,,,,0.00,P,4
0.339,tesla,,0.00,,,101.00,,,,0.00,P,4
0.341,tesla,,0.00,,,101.00,,,,0.00,P,4
0.344,tesla,,0.00,,,101.00,,,,0.00,P,4
0.347,tesla,,0.00,,,101.00,,,,0.00,P,4
0.347,tesla,,0.00,,,101.00,,,,0.00,P,4
0.350,tesla,,0.00,,,101.00,,,,0.00,P,4
0.352,tesla,,0.00,,,101.00,,,,0.00,P,4
0.355,tesla,,0.00,,,101.00,,,,0.00,P,4
0.355,tesla,,0.00,,,101.00,,,,0.00,P,4
0.358,tesla,,0.00,,,101.00,,,,0.00,P,4
0.361,tesla,,0.00,,,101.00,,,,0.00,P,4
0.364,tesla,,0.00,,,101.00,,,,0.00,P,4
0.366,tesla,0.00,0.00,,,101.00,,,,0.00,P,5
0.366,tesla,0.00,0.00,,,101.00,,,,0.00,P,5
0.369,tesla,0.00,0.00,,,101.00,,,,0.00,P,5
0.372,tesla,0.00,0.00,,,101.00,,,,0.00,P,5
0.375,tesla,0.00,0.00,,,101.00,,,,0.00,P,5
0.377,tesla,0.00,0.00,,,101.00,,,,0.00,P,5
0.378,tesla,0.00,0.00,,,101.00,,,,0.00,P,5
0.380,tesla,0.00,0.00,,,101.00,,,,0.00,P,5
0.383,tesla,0.00,0.00,,,101.00,,,,0.00,P,5
0.386,tesla,0.00,0.00,,,101.00,,,,0.00,P,5
0.386,tesla,0.00,0.00,,,101.00,,,,0.00,P,5
0.389,tesla,0.00,0.00,,,101.00,,,,0.00,P,5
0.391,tesla,0.00,0.00,,,101.00,,,,0.00,P,5
0.394,tesla,0.00,0.00,,,101.00,,,,0.00,P,5
0.397,tesla,0.00,0.00,,,101.00,,,,0.00,P,5
0.397,tesla,0.00,0.00,,,101.00,,,,0.00,P,5
0.400,tesla,0.00,0.00,,,101.00,,,,0.00,P,5
0.402,tesla,0.00,0.00,,,101.00,,,,0.00,P,5
0.405,tesla,0.00,0.00,,,101.00,,,,0.00,P,5
0.405,tesla,0.00,0.00,,,101.00,,,,0.00,P,5
0.408,tesla,0.00,0.00,,,101.00,,,,0.00,P,5
0.411,tesla,0.00,0.00,,,101.00,,,,0.00,P,5
0.413,tesla,0.00,0.00,,,101.00,,,,0.00,P,5
0.414,tesla,0.00,0.00,,,101.00,,,,0.00,P,5
0.416,tesla,0.00,0.00,,,101.00,,,,0.00,P,5
0.419,tesla,0.00,0.00,,,101.00,,,,0.00,P,5
0.422,tesla,0.00,0.00,,,101.00,,,,0.00,P,5
0.425,tesla,0.00,0.00,,,101.00,,,,0.00,P,5
0.427,tesla,0.00,0.00,,,101.00,,,,0.00,P,5
0.428,tesla,0.00,0.00,,,101.00,,,,0.00,P,5
0.430,tesla,0.00,0.00,,,101.00,,,,0.00,P,5
0.433,tesla,0.00,0.00,,,101.00,,,,0.00,P,5
0.436,tesla,0.00,0.00,,,101.00,,,,0.00,P,5
0.439,tesla,0.00,0.00,,,101.00,,,,0.00,P,5
0.439,tesla,0.00,0.00,,,101.00,,,,0.00,P,5
0.441,tesla,0.00,0.00,,,101.00,,,,0.00,P,5
0.442,tesla,0.00,0.00,,,101.00,,,,0.00,P,5
0.444,tesla,0.00,0.00,,,101.00,,,,0.00,P,5
0.447,tesla,0.00,0.00,,,101.00,,,,0.00,P,5
0.450,tesla,0.00,0.00,,,101.00,,,,0.00,P,5
0.452,tesla,0.00,0.00,,,101.00,,,,0.00,P,5
0.455,tesla,0.00,0.00,,,101.00,,,,0.00,P,5
0.458,tesla,0.00,0.00,,,101.00,,,,0.00,P,5
0.458,tesla,0.00,0.00,,,101.00,,,,0.00,P,5
0.461,tesla,0.00,0.00,,,101.00,,,,0.00,P,5
0.464,tesla,0.00,0.00,,,101.00,,,,0.00,P,5
0.466,tesla,0.00,0.00,,,101.00,,,,0.00,P,5
0.469,tesla,0.00,0.00,,,101.00,,,,0.00,P,5
0.472,tesla,0.00,0.00,,,101.00,,,,0.00,P,5
0.475,tesla,0.00,0.00,,,101.00,,,,0.00,P,5
0.477,tesla,0.00,0.00,,,101.00,,,,0.00,P,5
0.478,tesla,0.00,0.00,,,101.00,,,,0.00,P,5
0.480,tesla,0.00,0.00,,,101.00,,,,0.00,P,5
0.483,tesla,0.00,0.00,,,101.00,,,,0.00,P,5
0.483,tesla,0.00,0.00,,,101.00,,,,0.00,P,5
0.486,tesla,0.00,0.00,,,101.00,,,,0.00,P,5
0.489,tesla,0.00,0.00,,,101.00,,,,0.00,P,5
0.491,tesla,0.00,0.00,,,101.00,,,,0.00,P,5
0.494,tesla,0.00,0.00,,,101.00,,,,0.00,P,5
0.497,tesla,0.00,0.00,,,101.00,,,,0.00,P,5
0.497,tesla,0.00,0.00,,,101.00,,,,0.00,P,5
0.497,tesla,0.00,0.00,,,101.00,,,,0.00,P,5
0.500,tesla,0.00,0.00,,,101.00,,,,0.00,P,5
0.502,tesla,0.00,0.00,,,101.00,,,,0.00,P,5
0.505,tesla,0.00,0.00,,,101.00,,,,0.00,P,5
0.508,tesla,0.00,0.00,,,101.00,,,,0.00,P,5
0.511,tesla,0.00,0.00,,,101.00,,,,0.00,P,5
0.514,tesla,0.00,0.00,,,101.00,,,,0.00,P,5
0.516,tesla,0.00,0.00,,,101.00,,,,0.00,P,5
0.516,tesla,0.00,0.00,,,101.00,,,,0.00,P,5
0.519,tesla,0.00,0.00,,,101.00,,,,0.00,P,5
0.522,tesla,0.00,0.00,,,101.00,,,,0.00,P,5
0.525,tesla,0.00,0.00,,,101.00,,,,0.00,P,5
0.525,tesla,0.00,0.00,,,101.00,,,,0.00,P,5
0.527,tesla,0.00,0.00,,,101.00,,,,0.00,P,5
0.530,tesla,0.00,0.00,,,101.00,,,,0.00,P,5
0.533,tesla,0.00,0.00,,,101.00,,,,0.00,P,5
0.533,tesla,0.00,0.00,,,101.00,,,,0.00,P,5
0.536,tesla,0.00,0.00,,,101.00,,,,0.00,P,5
0.539,tesla,0.00,0.00,,,101.00,,,,0.00,P,5
0.541,tesla,0.00,0.00,,,101.00,,,,0.00,P,5
0.541,tesla,0.00,0.00,,,101.00,,,,0.00,P,5
0.544,tesla,0.00,0.00,,,101.00,,,,0.00,P,5
0.544,tesla,0.00,0.00,,,101.00,,,,0.00,P,5
0.547,tesla,0.00,0.00,,,101.00,,,,0.00,P,5
0.550,tesla,0.00,0.00,,,101.00,,,,0.00,P,5
0.552,tesla,0.00,0.00,,,101.00,,,,0.00,P,5
0.553,tesla,0.00,0.00,,,101.00,,,,0.00,P,5
0.555,tesla,0.00,0.00,,,101.00,,,,0.00,P,5
0.558,tesla,0.00,0.00,,,101.00,,,,0.00,P,5
0.561,tesla,0.00,0.00,,,101.00,,,,0.00,P,5
0.563,tesla,0.00,0.00,,,101.00,,,,0.00,P,5
0.566,tesla,0.00,0.00,,,101.00,,,,0.00,P,5
0.566,tesla,0.00,0.00,,,101.00,,,,0.00,P,5
0.569,tesla,0.00,0.00,,,101.00,,,,0.00,P,5
0.572,tesla,0.00,0.00,,,101.00,,,,0.00,P,5
0.575,tesla,0.00,0.00,,,101.00,,,,0.00,P,5
0.577,tesla,0.00,0.00,,,101.00,,,,0.00,P,5
0.580,tesla,0.00,0.00,,,101.00,,,,0.00,P,5
0.583,tesla,0.00,0.00,,,101.00,,,,0.00,P,5
0.583,tesla,0.00,0.00,,,101.00,,,,0.00,P,5
0.586,tesla,0.00,0.00,,,101.00,,,,0.00,P,5
0.588,tesla,0.00,0.00,,,101.00,,,,0.00,P,5
0.591,tesla,0.00,0.00,,,101.00,,,,0.00,P,5
0.594,tesla,0.00,0.00,,,101.00,,,,0.00,P,5
0.597,tesla,0.00,0.00,,,101.00,,,,0.00,P,5
0.597,tesla,0.00,0.00,,,101.00,,,,0.00,P,5
0.600,tesla,0.00,0.00,,,101.00,,,,0.00,P,5
0.602,tesla,0.00,0.00,,,101.00,,,,0.00,P,5
0.603,tesla,0.00,0.00,,,101.00,,,,0.00,P,5
0.605,tesla,0.00,0.00,,,101.00,,,,0.00,P,5
0.608,tesla,0.00,0.00,,,101.00,,,,0.00,P,5
0.611,tesla,0.00,0.00,,,101.00,,,,0.00,P,5
0.614,tesla,0.00,0.00,,,101.00,,,,0.00,P,5
0.614,tesla,0.00,0.00,,,101.00,,,,0.00,P,5
0.616,tesla,0.00,0.00,,,101.00,,,,0.00,P,5
0.619,tesla,0.00,0.00,,,101.00,,,,0.00,P,5
0.622,tesla,0.00,0.00,,,101.00,,,,0.00,P,5
0.622,tesla,0.00,0.00,,,101.00,,,,0.00,P,5
0.625,tesla,0.00,0.00,,,101.00,,,,0.00,P,5
0.625,tesla,0.00,0.00,,,101.00,,,,0.00,P,5
0.627,tesla,0.00,0.00,,,101.00,,,,0.00,P,5
0.630,tesla,0.00,0.00,,,101.00,,,,0.00,P,5
0.630,tesla,0.00,0.00,,,101.00,,,,0.00,P,5
0.633,tesla,0.00,0.00,,,101.00,,,,0.00,P,5
0.636,tesla,0.00,0.00,,,101.00,,,,0.00,P,5
0.639,tesla,0.00,0.00,,,101.00,,,,0.00,P,5
0.641,tesla,0.00,0.00,,,101.00,,,,0.00,P,5
0.644,tesla,0.00,0.00,,,101.00,,,,0.00,P,5
0.647,tesla,0.00,0.00,,,101.00,,,,0.00,P,5
0.647,tesla,0.00,0.00,,,101.00,,,,0.00,P,5
0.650,tesla,0.00,0.00,,,101.00,,,,0.00,P,5
0.652,tesla,0.00,0.00,,,101.00,,,,0.00,P,5
0.655,tesla,0.00,0.00,,,101.00,,,,0.00,P,5
0.658,tesla,0.00,0.00,,,101.00,,,,0.00,P,5
0.661,tesla,0.00,0.00,,,101.00,,,,0.00,P,5
0.661,tesla,0.00,0.00,,,101.00,,,,0.00,P,5
0.663,tesla,0.00,0.00,,,101.00,,,,0.00,P,5
0.666,tesla,0.00,0.00,,,101.00,,,,0.00,P,5
0.669,tesla,0.00,0.00,,,101.00,,,,0.00,P,5
0.672,tesla,0.00,0.00,,,101.00,,,,0.00,P,5
0.675,tesla,0.00,0.00,,,101.00,,,,0.00,P,5
0.677,tesla,0.00,0.00,,,101.00,,,,0.00,P,5
0.680,tesla,0.00,0.00,,,101.00,,,,0.00,P,5
0.680,tesla,0.00,0.00,,,101.00,,,,0.00,P,5
0.683,tesla,0.00,0.00,,,101.00,,,,0.00,P,5
0.686,tesla,0.00,0.00,,,101.00,,,,0.00,P,5
0.689,tesla,0.00,0.00,,,101.00,,,,0.00,P,5
0.691,tesla,0.00,0.00,,,101.00,,,,0.00,P,5
0.694,tesla,0.00,0.00,,,101.00,,,,0.00,P,5
0.697,tesla,0.00,0.00,,,101.00,,,,0.00,P,5
0.697,tesla,0.00,0.00,,,101.00,,,,0.00,P,5
0.700,tesla,0.00,0.00,,,101.00,,,,0.00,P,5
0.702,tesla,0.00,0.00,,,101.00,,,,0.00,P,5
0.705,tesla,0.00,0.00,,,101.00,,,,0.00,P,5
0.708,tesla,0.00,0.00,,,101.00,,,,0.00,P,5
0.711,tesla,0.00,0.00,,,101.00,,,,0.00,P,5
0.711,tesla,0.00,0.00,,,101.00,,,,0.00,P,5
0.714,tesla,0.00,0.00,,,101.00,,,,0.00,P,5
0.716,tesla,0.00,0.00,,,101.00,,,,0.00,P,5
0.719,tesla,0.00,0.00,,,101.00,,,,0.00,P,5
0.722,tesla,0.00,0.00,,,101.00,,,,0.00,P,5
0.725,tesla,0.00,0.00,,,101.00,,,,0.00,P,5
0.727,tesla,0.00,0.00,,,101.00,,,,0.00,P,5
0.727,tesla,0.00,0.00,,,101.00,,,,0.00,P,5
0.730,tesla,0.00,0.00,,,101.00,,,,0.00,P,5
0.733,tesla,0.00,0.00,,,101.00,,,,0.00,P,5
0.736,tesla,0.00,0.00,,,101.00,,,,0.00,P,5
0.739,tesla,0.00,0.00,,,101.00,,,,0.00,P,5
0.739,tesla,0.00,0.00,,,101.00,,,,0.00,P,5
0.741,tesla,0.00,0.00,,,101.00,,,,0.00,P,5
0.744,tesla,0.00,0.00,,,101.00,,,,0.00,P,5
0.747,tesla,0.00,0.00,,,101.00,,,,0.00,P,5
0.750,tesla,0.00,0.00,,,101.00,,,,0.00,P,5
0.750,tesla,0.00,0.00,,,101.00,,,,0.00,P,5
0.752,tesla,0.00,0.00,,,101.00,,,,0.00,P,5
0.755,tesla,0.00,0.00,,,101.00,,,,0.00,P,5
0.758,tesla,0.00,0.00,,,101.00,,,,0.00,P,5
0.761,tesla,0.00,0.00,,,101.00,,,,0.00,P,5
0.764,tesla,0.00,0.00,,,101.00,,,,0.00,P,5
0.766,tesla,0.00,0.00,,,101.00,,,,0.00,P,5
0.769,tesla,0.00,0.00,,,101.00,,,,0.00,P,5
0.769,tesla,0.00,0.00,,,101.00,,,,0.00,P,5
0.772,tesla,0.00,0.00,,,101.00,,,,0.00,P,5
0.775,tesla,0.00,0.00,,,101.00,,,,0.00,P,5
0.777,tesla,0.00,0.00,,,101.00,,,,0.00,P,5
0.780,tesla,0.00,0.00,,,101.00,,,,0.00,P,5
0.783,tesla,0.00,0.00,,,101.00,,,,0.00,P,5
0.786,tesla,0.00,0.00,,,101.00,,,,0.00,P,5
0.789,tesla,0.00,0.00,,,101.00,,,,0.00,P,5
0.789,tesla,0.00,0.00,,,101.00,,,,0.00,P,5
0.791,tesla,0.00,0.00,,,101.00,,,,0.00,P,5
0.794,tesla,0.00,0.00,,,101.00,,,,0.00,P,5
0.794,tesla,0.00,0.00,,,101.00,,,,0.00,P,5
0.797,tesla,0.00,0.00,,,101.00,,,,0.00,P,5
0.800,tesla,0.00,0.00,,,101.00,,,,0.00,P,5
0.800,tesla,0.00,0.00,,,101.00,,,,0.00,P,5
0.802,tesla,0.00,0.00,,,101.00,,,,0.00,P,5
0.805,tesla,0.00,0.00,,,101.00,,,,0.00,P,5
0.808,tesla,0.00,0.00,,,101.00,,,,0.00,P,5
0.808,tesla,0.00,0.00,,,101.00,,,,0.00,P,5
0.811,tesla,0.00,0.00,,,101.00,,,,0.00,P,5
0.814,tesla,0.00,0.00,,,101.00,,,,0.00,P,5
0.816,tesla,0.00,0.00,,,101.00,,,,0.00,P,5
0.819,tesla,0.00,0.00,,,101.00,,,,0.00,P,5
0.822,tesla,0.00,0.00,,,101.00,,,,0.00,P,5
0.822,tesla,0.00,0.00,,,101.00,,,,0.00,P,5
0.822,tesla,0.00,0.00,,,101.00,,,,0.00,P,5
0.825,tesla,0.00,0.00,,,101.00,,,,0.00,P,5
0.828,tesla,0.00,0.00,,,101.00,,,,0.00,P,5
0.905,tesla,0.00,0.00,,,101.00,,,,0.00,P,5
0.908,tesla,0.00,0.00,,,101.00,,,,0.00,P,5
0.908,tesla,0.00,0.00,,,101.00,,,,0.00,P,5
0.911,tesla,0.00,0.00,,,101.00,,,,0.00,P,5
0.914,tesla,0.00,0.00,,,101.00,,,,0.00,P,5
0.916,tesla,0.00,0.00,,,101.00,,,,0.00,P,5
0.919,tesla,0.00,0.00,,,101.00,,,,0.00,P,5
0.922,tesla,0.00,0.00,,,101.00,,,,0.00,P,5
0.925,tesla,0.00,0.00,,,101.00,,,,0.00,P,5
0.928,tesla,0.00,0.00,,,101.00,,,,0.00,P,5
0.928,tesla,0.00,0.00,,,101.00,,,,0.00,P,5
0.930,tesla,0.00,0.00,,,101.00,,,,0.00,P,5
0.933,tesla,0.00,0.00,,,101.00,,,,0.00,P,5
0.936,tesla,0.00,0.00,,,101.00,,,,0.00,P,5
0.936,tesla,0.00,0.00,,,101.00,,,,0.00,P,5
0.939,tesla,0.00,0.00,,,101.00,,,,0.00,P,5
0.941,tesla,0.00,0.00,,,101.00,,,,0.00,P,5
0.944,tesla,0.00,0.00,,,101.00,,,,0.00,P,5
0.947,tesla,0.00,0.00,,,101.00,,,,0.00,P,5
0.950,tesla,0.00,0.00,,,101.00,,,,0.00,P,5
0.953,tesla,0.00,0.00,,,101.00,,,,0.00,P,5
0.953,tesla,0.00,0.00,,,101.00,,,,0.00,P,5
0.955,tesla,0.00,0.00,,,101.00,,,,0.00,P,5
0.958,tesla,0.00,0.00,,,101.00,,,,0.00,P,5
0.961,tesla,0.00,0.00,,,101.00,,,,0.00,P,5
0.964,tesla,0.00,0.00,,,101.00,,,,0.00,P,5
0.966,tesla,0.00,0.00,,,101.00,,,,0.00,P,5
0.969,tesla,0.00,0.00,,,101.00,,,,0.00,P,5
0.972,tesla,0.00,0.00,,,101.00,,,,0.00,P,5
0.972,tesla,0.00,0.00,,,101.00,,,,0.00,P,5
0.975,tesla,0.00,0.00,,,101.00,,,,0.00,P,5
0.977,tesla,0.00,0.00,,,101.00,,,,0.00,P,5
0.980,tesla,0.00,0.00,,,101.00,,,,0.00,P,5
0.983,tesla,0.00,0.00,,,101.00,,,,0.00,P,5
0.986,tesla,0.00,0.00,,,101.00,,,,0.00,P,5
0.986,tesla,0.00,0.00,,,101.00,,,,0.00,P,5
0.989,tesla,0.00,0.00,,,101.00,,,,0.00,P,5
0.991,tesla,0.00,0.00,,,101.00,,,,0.00,P,5
0.994,tesla,0.00,0.00,,,101.00,,,,0.00,P,5
0.997,tesla,0.00,0.00,,,101.00,,,,0.00,P,5
0.997,tesla,0.00,0.00,,,101.00,,,,0.00,P,5
1.000,tesla,0.00,0.00,,,101.00,,,,0.00,P,5
1.002,tesla,0.00,0.00,,,101.00,,,,0.00,P,5
1.005,tesla,0.00,0.00,,,101.00,,,,0.00,P,5
1.008,tesla,0.00,0.00,,,101.00,,,,0.00,P,5
1.011,tesla,0.00,0.00,,,101.00,,,,0.00,P,5
1.014,tesla,0.00,0.00,,,101.00,,,,0.00,P,5
1.016,tesla,0.00,0.00,,,101.00,,,,0.00,P,5
1.016,tesla,0.00,0.00,,,101.00,,,,0.00,P,5
1.019,tesla,0.00,0.00,,,101.00,,,,0.00,P,5
1.022,tesla,0.00,0.00,,,101.00,,,,0.00,P,5
1.025,tesla,0.00,0.00,,,101.00,,,,0.00,P,5
1.025,tesla,0.00,0.00,,,101.00,,,,0.00,P,5
1.027,tesla,0.00,0.00,,,101.00,,,,0.00,P,5
1.030,tesla,0.00,0.00,,,101.00,,,,0.00,P,5
1.033,tesla,0.00,0.00,,,101.00,,,,0.00,P,5
1.036,tesla,0.00,0.00,,,101.00,,,,0.00,P,5
1.036,tesla,0.00,0.00,,,101.00,,,,0.00,P,5
1.039,tesla,0.00,0.00,,,101.00,,,,0.00,P,5
1.041,tesla,0.00,0.00,,,101.00,,,,0.00,P,5
1.044,tesla,0.00,0.00,,,101.00,,,,0.00,P,5
1.044,tesla,0.00,0.00,,,101.00,,,,0.00,P,5
1.047,tesla,0.00,0.00,,,101.00,,,,0.00,P,5
1.050,tesla,0.00,0.00,,,101.00,,,,0.00,P,5
1.053,tesla,0.00,0.00,,,101.00,,,,0.00,P,5
1.055,tesla,0.00,0.00,,,101.00,,,,0.00,P,5
1.058,tesla,0.00,0.00,,,101.00,,,,0.00,P,5
1.058,tesla,0.00,0.00,,,101.00,,,,0.00,P,5
1.061,tesla,0.00,0.00,,,101.00,,,,0.00,P,5
1.061,tesla,0.00,0.00,,,101.00,,,,0.00,P,5
1.064,tesla,0.00,0.00,,,101.00,,,,0.00,P,5
1.066,tesla,0.00,0.00,,,101.00,,,,0.00,P,5
1.069,tesla,0.00,0.00,,,101.00,,,,0.00,P,5
1.072,tesla,0.00,0.00,,,101.00,,,,0.00,P,5
1.072,tesla,0.00,0.00,,,101.00,,,,0.00,P,5
1.075,tesla,0.00,0.00,,,101.00,,,,0.00,P,5
1.077,tesla,0.00,0.00,,,101.00,,,,0.00,P,5
1.080,tesla,0.00,0.00,,,101.00,,,,0.00,P,5
1.083,tesla,0.00,0.00,,,101.00,,,,0.00,P,5
1.083,tesla,0.00,0.00,,,101.00,,,,0.00,P,5
1.086,tesla,0.00,0.00,,,101.00,,,,0.00,P,5
1.089,tesla,0.00,0.00,,,101.00,,,,0.00,P,5
1.091,tesla,0.00,0.00,,,101.00,,,,0.00,P,5
1.094,tesla,0.00,0.00,,,101.00,,,,0.00,P,5
1.097,tesla,0.00,0.00,,,101.00,,,,0.00,P,5
1.097,tesla,0.00,0.00,,,101.00,,,,0.00,P,5
1.100,tesla,0.00,0.00,,,101.00,,,,0.00,P,5
1.103,tesla,0.00,0.00,,,101.00,,,,0.00,P,5
1.105,tesla,0.00,0.00,,,101.00,,,,0.00,P,5
1.108,tesla,0.00,0.00,,,101.00,,,,0.00,P,5
1.108,tesla,0.00,0.00,,,101.00,,,,0.00,P,5
1.111,tesla,0.00,0.00,,,101.00,,,,0.00,P,5
1.114,tesla,0.00,0.00,,,101.00,,,,0.00,P,5
1.116,tesla,0.00,0.00,,,101.00,,,,0.00,P,5
1.119,tesla,0.00,0.00,,,101.00,,,,0.00,P,5
1.122,tesla,0.00,0.00,,,101.00,,,,0.00,P,5
1.125,tesla,0.00,0.00,,,101.00,,,,0.00,P,5
1.127,tesla,0.00,0.00,,,101.00,,,,0.00,P,5
1.128,tesla,0.00,0.00,,,101.00,,,,0.00,P,5
1.130,tesla,0.00,0.00,,,101.00,,,,0.00,P,5
1.133,tesla,0.00,0.00,,,101.00,,,,0.00,P,5
1.136,tesla,0.00,0.00,,,101.00,,,,0.00,P,5
1.139,tesla,0.00,0.00,,,101.00,,,,0.00,P,5
1.139,tesla,0.00,0.00,,,101.00,,,,0.00,P,5
1.141,tesla,0.00,0.00,,,101.00,,,,0.00,P,5
1.144,tesla,0.00,0.00,,,101.00,,,,0.00,P,5
1.144,tesla,0.00,0.00,,,101.00,,,,0.00,P,5
1.147,tesla,0.00,0.00,,,101.00,,,,0.00,P,5
1.150,tesla,0.00,0.00,,,101.00,,,,0.00,P,5
1.153,tesla,0.00,0.00,,,101.00,,,,0.00,P,5
1.155,tesla,0.00,0.00,,,101.00,,,,0.00,P,5
1.158,tesla,0.00,0.00,,,101.00,,,,0.00,P,5
1.161,tesla,0.00,0.00,,,101.00,,,,0.00,P,5
1.164,tesla,0.00,0.00,,,101.00,,,,0.00,P,5
1.164,tesla,0.00,0.00,,,101.00,,,,0.00,P,5
1.166,tesla,0.00,0.00,,,101.00,,,,0.00,P,5
1.169,tesla,0.00,0.00,,,101.00,,,,0.00,P,5
1.172,tesla,0.00,0.00,,,101.00,,,,0.00,P,5
1.175,tesla,0.00,0.00,,,101.00,,,,0.00,P,5
1.177,tesla,0.00,0.00,,,101.00,,,,0.00,P,5
1.180,tesla,0.00,0.00,,,101.00,,,,0.00,P,5
1.180,tesla,0.00,0.00,,,101.00,,,,0.00,P,5
1.183,tesla,0.00,0.00,,,101.00,,,,0.00,P,5
1.186,tesla,0.00,0.00,,,101.00,,,,0.00,P,5
1.189,tesla,0.00,0.00,,,101.00,,,,0.00,P,5
1.191,tesla,0.00,0.00,,,101.00,,,,0.00,P,5
1.194,tesla,0.00,0.00,,,101.00,,,,0.00,P,5
1.194,tesla,0.00,0.00,,,101.00,,,,0.00,P,5
1.197,tesla,0.00,0.00,,,101.00,,,,0.00,P,5
1.200,tesla,0.00,0.00,,,101.00,,,,0.00,P,5
1.203,tesla,0.00,0.00,,,101.00,,,,0.00,P,5
1.205,tesla,0.00,0.00,,,101.00,,,,0.00,P,5
1.208,tesla,0.00,0.00,,,101.00,,,,0.00,P,5
1.211,tesla,0.00,0.00,,,101.00,,,,0.00,P,5
1.211,tesla,0.00,0.00,,,101.00,,,,0.00,P,5
1.214,tesla,0.00,0.00,,,101.00,,,,0.00,P,5
1.216,tesla,0.00,0.00,,,101.00,,,,0.00,P,5
1.217,tesla,0.00,0.00,,,101.00,,,,0.00,P,5
1.219,tesla,0.00,0.00,,,101.00,,,,0.00,P,5
1.222,tesla,0.00,0.00,,,101.00,,,,0.00,P,5
1.225,tesla,0.00,0.00,,,101.00,,,,0.00,P,5
1.227,tesla,0.00,0.00,,,101.00,,,,0.00,P,5
1.230,tesla,0.00,0.00,,,101.00,,,,0.00,P,5
1.233,tesla,0.00,0.00,,,101.00,,,,0.00,P,5
1.233,tesla,0.00,0.00,,,101.00,,,,0.00,P,5
1.236,tesla,0.00,0.00,,,101.00,,,,0.00,P,5
1.239,tesla,0.00,0.00,,,101.00,,,,0.00,P,5
1.241,tesla,0.00,0.00,,,101.00,,,,0.00,P,5
1.244,tesla,0.00,0.00,,,101.00,,,,0.00,P,5
1.244,tesla,0.00,0.00,,,101.00,,,,0.00,P,5
1.247,tesla,0.00,0.00,,,101.00,,,,0.00,P,5
1.250,tesla,0.00,0.00,,,101.00,,,,0.00,P,5
1.253,tesla,0.00,0.00,,,101.00,,,,0.00,P,5
1.255,tesla,0.00,0.00,,,101.00,,,,0.00,P,5
1.255,tesla,0.00,0.00,,,101.00,,,,0.00,P,5
1.258,tesla,0.00,0.00,,,101.00,,,,0.00,P,5
1.261,tesla,0.00,0.00,,,101.00,,,,0.00,P,5
1.261,tesla,0.00,0.00,,,101.00,,,,0.00,P,5
1.264,tesla,0.00,0.00,,,101.00,,,,0.00,P,5
1.266,tesla,0.00,0.00,,,101.00,,,,0.00,P,5
1.269,tesla,0.00,0.00,,,101.00,,,,0.00,P,5
1.272,tesla,0.00,0.00,,,101.00,,,,0.00,P,5
1.272,tesla,0.00,0.00,,,101.00,,,,0.00,P,5
1.275,tesla,0.00,0.00,,,101.00,,,,0.00,P,5
1.277,tesla,0.00,0.00,,,101.00,,,,0.00,P,5
1.280,tesla,0.00,0.00,,,101.00,,,,0.00,P,5
1.280,tesla,0.00,0.00,,,101.00,,,,0.00,P,5
1.283,tesla,0.00,0.00,,,101.00,,,,0.00,P,5
1.286,tesla,0.00,0.00,,,101.00,,,,0.00,P,5
1.289,tesla,0.00,0.00,,,101.00,,,,0.00,P,5
1.291,tesla,0.00,0.00,,,101.00,,,,0.00,P,5
1.294,tesla,0.00,0.00,,,101.00,,,,0.00,P,5
1.294,tesla,0.00,0.00,,,101.00,,,,0.00,P,5
1.297,tesla,0.00,0.00,,,101.00,,,,0.00,P,5
1.300,tesla,0.00,0.00,,,101.00,,,,0.00,P,5
1.302,tesla,0.00,0.00,,,101.00,,,,0.00,P,5
1.305,tesla,0.00,0.00,,,101.00,,,,0.00,P,5
1.305,tesla,0.00,0.00,,,101.00,,,,0.00,P,5
1.308,tesla,0.00,0.00,,,101.00,,,,0.00,P,5
1.311,tesla,0.00,0.00,,,101.00,,,,0.00,P,5
1.314,tesla,0.00,0.00,,,101.00,,,,0.00,P,5
1.316,tesla,0.00,0.00,,,101.00,,,,0.00,P,5
1.319,tesla,0.00,0.00,,,101.00,,,,0.00,P,5
1.322,tesla,0.00,0.00,,,101.00,,,,0.00,P,5
1.325,tesla,0.00,0.00,,,101.00,,,,0.00,P,5
1.325,tesla,0.00,0.00,,,101.00,,,,0.00,P,5
1.328,tesla,0.00,0.00,,,101.00,,,,0.00,P,5
1.330,tesla,0.00,0.00,,,101.00,,,,0.00,P,5
1.333,tesla,0.00,0.00,,,101.00,,,,0.00,P,5
1.336,tesla,0.00,0.00,,,101.00,,,,0.00,P,5
1.336,tesla,0.00,0.00,,,101.00,,,,0.00,P,5
1.339,tesla,0.00,0.00,,,101.00,,,,0.00,P,5
1.341,tesla,0.00,0.00,,,101.00,,,,0.00,P,5
1.344,tesla,0.00,0.00,,,101.00,,,,0.00,P,5
1.347,tesla,0.00,0.00,,,101.00,,,,0.00,P,5
1.350,tesla,0.00,0.00,,,101.00,,,,0.00,P,5
1.350,tesla,0.00,0.00,,,101.00,,,,0.00,P,5
1.353,tesla,0.00,0.00,,,101.00,,,,0.00,P,5
1.355,tesla,0.00,0.00,,,101.00,,,,0.00,P,5
1.358,tesla,0.00,0.00,,,101.00,,,,0.00,P,5
1.361,tesla,0.00,0.00,,,101.00,,,,0.00,P,5
1.364,tesla,0.00,0.00,,,101.00,,,,0.00,P,5
1.364,tesla,0.00,0.00,,,101.00,,,,0.00,P,5
1.366,tesla,0.00,0.00,,,101.00,,,,0.00,P,5
1.369,tesla,0.00,0.00,,,101.00,,,,0.00,P,5
1.372,tesla,0.00,0.00,,,101.00,,,,0.00,P,5
1.375,tesla,0.00,0.00,,,101.00,,,,0.00,P,5
1.377,tesla,0.00,0.00,,,101.00,,,,0.00,P,5
1.380,tesla,0.00,0.00,,,101.00,,,,0.00,P,5
1.383,tesla,0.00,0.00,,,101.00,,,,0.00,P,5
1.383,tesla,0.00,0.00,,,101.00,,,,0.00,P,5
1.386,tesla,0.00,0.00,,,101.00,,,,0.00,P,5
1.389,tesla,0.00,0.00,,,101.00,,,,0.00,P,5
1.391,tesla,0.00,0.00,,,101.00,,,,0.00,P,5
1.394,tesla,0.00,0.00,,,101.00,,,,0.00,P,5
1.397,tesla,0.00,0.00,,,101.00,,,,0.00,P,5
1.397,tesla,0.00,0.00,,,101.00,,,,0.00,P,5
1.400,tesla,0.00,0.00,,,101.00,,,,0.00,P,5
1.402,tesla,0.00,0.00,,,101.00,,,,0.00,P,5
1.405,tesla,0.00,0.00,,,101.00,,,,0.00,P,5
1.408,tesla,0.00,0.00,,,101.00,,,,0.00,P,5
1.408,tesla,0.00,0.00,,,101.00,,,,0.00,P,5
1.411,tesla,0.00,0.00,,,101.00,,,,0.00,P,5
1.414,tesla,0.00,0.00,,,101.00,,,,0.00,P,5
1.416,tesla,0.00,0.00,,,101.00,,,,0.00,P,5
1.416,tesla,0.00,0.00,,,101.00,,,,0.00,P,5
1.419,tesla,0.00,0.00,,,101.00,,,,0.00,P,5
1.422,tesla,0.00,0.00,,,101.00,,,,0.00,P,5
1.425,tesla,0.00,0.00,,,101.00,,,,0.00,P,5
1.428,tesla,0.00,0.00,,,101.00,,,,0.00,P,5
1.430,tesla,0.00,0.00,,,101.00,,,,0.00,P,5
1.433,tesla,0.00,0.00,,,101.00,,,,0.00,P,5
1.433,tesla,0.00,0.00,,,101.00,,,,0.00,P,5
1.436,tesla,0.00,0.00,,,101.00,,,,0.00,P,5
1.439,tesla,0.00,0.00,,,101.00,,,,0.00,P,5
1.441,tesla,0.00,0.00,,,101.00,,,,0.00,P,5
1.444,tesla,0.00,0.00,,,101.00,,,,0.00,P,5
1.444,tesla,0.00,0.00,,,101.00,,,,0.00,P,5
1.447,tesla,0.00,0.00,,,101.00,,,,0.00,P,5
1.450,tesla,0.00,0.00,,,101.00,,,,0.00,P,5
1.453,tesla,0.00,0.00,,,101.00,,,,0.00,P,5
1.455,tesla,0.00,0.00,,,101.00,,,,0.00,P,5
1.455,tesla,0.00,0.00,,,101.00,,,,0.00,P,5
1.458,tesla,0.00,0.00,,,101.00,,,,0.00,P,5
1.458,tesla,0.00,0.00,,,101.00,,,,0.00,P,5
1.461,tesla,0.00,0.00,,,101.00,,,,0.00,P,5
1.464,tesla,0.00,0.00,,,101.00,,,,0.00,P,5
1.466,tesla,0.00,0.00,,,101.00,,,,0.00,P,5
1.469,tesla,0.00,0.00,,,101.00,,,,0.00,P,5
1.469,tesla,0.00,0.00,,,101.00,,,,0.00,P,5
1.472,tesla,0.00,0.00,,,101.00,,,,0.00,P,5
1.475,tesla,0.00,0.00,,,101.00,,,,0.00,P,5
1.477,tesla,0.00,0.00,,,101.00,,,,0.00,P,5
1.480,tesla,0.00,0.00,,,101.00,,,,0.00,P,5
1.483,tesla,0.00,0.00,,,101.00,,,,0.00,P,5
1.483,tesla,0.00,0.00,,,101.00,,,,0.00,P,5
1.486,tesla,0.00,0.00,,,101.00,,,,0.00,P,5
1.489,tesla,0.00,0.00,,,101.00,,,,0.00,P,5
1.491,tesla,0.00,0.00,,,101.00,,,,0.00,P,5
1.492,tesla,0.00,0.00,,,101.00,,,,0.00,P,5
1.494,tesla,0.00,0.00,,,101.00,,,,0.00,P,5
1.497,tesla,0.00,0.00,,,101.00,,,,0.00,P,5
1.500,tesla,0.00,0.00,,,101.00,,,,0.00,P,5
1.502,tesla,0.00,0.00,,,101.00,,,,0.00,P,5
1.503,tesla,0.00,0.00,,,101.00,,,,0.00,P,5
1.505,tesla,0.00,0.00,,,101.00,,,,0.00,P,5
1.508,tesla,0.00,0.00,,,101.00,,,,0.00,P,5
1.511,tesla,0.00,0.00,,,101.00,,,,0.00,P,5
1.514,tesla,0.00,0.00,,,101.00,,,,0.00,P,5
1.516,tesla,0.00,0.00,,,101.00,,,,0.00,P,5
1.519,tesla,0.00,0.00,,,101.00,,,,0.00,P,5
1.522,tesla,0.00,0.00,,,101.00,,,,0.00,P,5
1.522,tesla,0.00,0.00,,,101.00,,,,0.00,P,5
1.525,tesla,0.00,0.00,,,101.00,,,,0.00,P,5
1.528,tesla,0.00,0.00,,,101.00,,,,0.00,P,5
1.530,tesla,0.00,0.00,,,101.00,,,,0.00,P,5
1.533,tesla,0.00,0.00,,,101.00,,,,0.00,P,5
1.533,tesla,0.00,0.00,,,101.00,,,,0.00,P,5
1.536,tesla,0.00,0.00,,,101.00,,,,0.00,P,5
1.539,tesla,0.00,0.00,,,101.00,,,,0.00,P,5
1.541,tesla,0.00,0.00,,,101.00,,,,0.00,P,5
1.544,tesla,0.00,0.00,,,101.00,,,,0.00,P,5
1.547,tesla,0.00,0.00,,,101.00,,,,0.00,P,5
1.547,tesla,0.00,0.00,,,101.00,,,,0.00,P,5
1.550,tesla,0.00,0.00,,,101.00,,,,0.00,P,5
1.553,tesla,0.00,0.00,,,101.00,,,,0.00,P,5
1.555,tesla,0.00,0.00,,,101.00,,,,0.00,P,5
1.558,tesla,0.00,0.00,,,101.00,,,,0.00,P,5
1.561,tesla,0.00,0.00,,,101.00,,,,0.00,P,5
1.561,tesla,0.00,0.00,,,101.00,,,,0.00,P,5
1.564,tesla,0.00,0.00,,,101.00,,,,0.00,P,5
1.566,tesla,0.00,0.00,,,101.00,,,,0.00,P,5
1.569,tesla,0.00,0.00,,,101.00,,,,0.00,P,5
1.569,tesla,0.00,0.00,,,101.00,,,,0.00,P,5
1.572,tesla,0.00,0.00,,,101.00,,,,0.00,P,5
1.575,tesla,0.00,0.00,,,101.00,,,,0.00,P,5
1.577,tesla,0.00,0.00,,,101.00,,,,0.00,P,5
1.580,tesla,0.00,0.00,,,101.00,,,,0.00,P,5
1.580,tesla,0.00,0.00,,,101.00,,,,0.00,P,5
1.583,tesla,0.00,0.00,,,101.00,,,,0.00,P,5
1.586,tesla,0.00,0.00,,,101.00,,,,0.00,P,5
1.589,tesla,0.00,0.00,,,101.00,,,,0.00,P,5
1.591,tesla,0.00,0.00,,,101.00,,,,0.00,P,5
1.594,tesla,0.00,0.00,,,101.00,,,,0.00,P,5
1.597,tesla,0.00,0.00,,,101.00,,,,0.00,P,5
1.600,tesla,0.00,0.00,,,101.00,,,,0.00,P,5
1.600,tesla,0.00,0.00,,,101.00,,,,0.00,P,5
1.602,tesla,0.00,0.00,,,101.00,,,,0.00,P,5
1.605,tesla,0.00,0.00,,,101.00,,,,0.00,P,5
1.608,tesla,0.00,0.00,,,101.00,,,,0.00,P,5
1.611,tesla,0.00,0.00,,,101.00,,,,0.00,P,5
1.614,tesla,0.00,0.00,,,101.00,,,,0.00,P,5
1.616,tesla,0.00,0.00,,,101.00,,,,0.00,P,5
1.616,tesla,0.00,0.00,,,101.00,,,,0.00,P,5
1.619,tesla,0.00,0.00,,,101.00,,,,0.00,P,5
1.622,tesla,0.00,0.00,,,101.00,,,,0.00,P,5
1.625,tesla,0.00,0.00,,,101.00,,,,0.00,P,5
1.627,tesla,0.00,0.00,,,101.00,,,,0.00,P,5
1.630,tesla,0.00,0.00,,,101.00,,,,0.00,P,5
1.630,tesla,0.00,0.00,,,101.00,,,,0.00,P,5
1.633,tesla,0.00,0.00,,,101.00,,,,0.00,P,5
1.636,tesla,0.00,0.00,,,101.00,,,,0.00,P,5
1.639,tesla,0.00,0.00,,,101.00,,,,0.00,P,5
1.639,tesla,0.00,0.00,,,101.00,,,,0.00,P,5
1.641,tesla,0.00,0.00,,,101.00,,,,0.00,P,5
1.644,tesla,0.00,0.00,,,101.00,,,,0.00,P,5
1.647,tesla,0.00,0.00,,,101.00,,,,0.00,P,5
1.650,tesla,0.00,0.00,,,101.00,,,,0.00,P,5
1.650,tesla,0.00,0.00,,,101.00,,,,0.00,P,5
1.653,tesla,0.00,0.00,,,101.00,,,,0.00,P,5
1.655,tesla,0.00,0.00,,,101.00,,,,0.00,P,5
1.658,tesla,0.00,0.00,,,101.00,,,,0.00,P,5
1.658,tesla,0.00,0.00,,,101.00,,,,0.00,P,5
1.661,tesla,0.00,0.00,,,101.00,,,,0.00,P,5
1.664,tesla,0.00,0.00,,,101.00,,,,0.00,P,5
1.666,tesla,0.00,0.00,,,101.00,,,,0.00,P,5
1.667,tesla,0.00,0.00,,,101.00,,,,0.00,P,5
1.669,tesla,0.00,0.00,,,101.00,,,,0.00,P,5
1.672,tesla,0.00,0.00,,,101.00,,,,0.00,P,5
1.675,tesla,0.00,0.00,,,101.00,,,,0.00,P,5
1.677,tesla,0.00,0.00,,,101.00,,,,0.00,P,5
1.678,tesla,0.00,0.00,,,101.00,,,,0.00,P,5
1.680,tesla,0.00,0.00,,,101.00,,,,0.00,P,5
1.683,tesla,0.00,0.00,,,101.00,,,,0.00,P,5
1.686,tesla,0.00,0.00,,,101.00,,,,0.00,P,5
1.686,tesla,0.00,0.00,,,101.00,,,,0.00,P,5
1.689,tesla,0.00,6.80,,,101.00,,,,0.00,P,5
1.691,tesla,0.00,6.80,,,101.00,,,,0.00,P,5
1.694,tesla,0.00,6.80,,,101.00,,,,0.00,P,5
1.697,tesla,0.00,6.80,,,101.00,,,,0.00,P,5
1.700,tesla,0.00,6.80,,,101.00,,,,0.00,P,5
1.700,tesla,0.00,6.80,,,101.00,,,,0.00,P,5
1.702,tesla,0.00,6.80,,,101.00,,,,0.00,P,5
1.705,tesla,0.00,6.80,,,101.00,,,,0.00,P,5
1.708,tesla,0.00,6.80,,,101.00,,,,0.00,P,5
1.711,tesla,0.00,6.80,,,101.00,,,,0.00,P,5
1.714,tesla,0.00,6.80,,,101.00,,,,0.00,P,5
1.716,tesla,0.00,6.80,,,101.00,,,,0.00,P,5
1.716,tesla,0.00,6.80,,,101.00,,,,0.00,P,5
1.719,tesla,0.00,6.80,,,101.00,,,,0.00,P,5
1.722,tesla,0.00,6.80,,,101.00,,,,0.00,P,5
1.725,tesla,0.00,6.80,,,101.00,,,,0.00,P,5
1.727,tesla,0.00,6.80,,,101.00,,,,0.00,P,5
1.730,tesla,0.00,6.80,,,101.00,,,,0.00,P,5
1.733,tesla,0.00,6.80,,,101.00,,,,0.00,P,5
1.733,tesla,0.00,6.80,,,101.00,,,,0.00,P,5
1.736,tesla,0.00,6.80,,,101.00,,,,0.00,P,5
1.739,tesla,0.00,6.80,,,101.00,,,,0.00,P,5
1.741,tesla,0.00,6.80,,,101.00,,,,0.00,P,5
1.744,tesla,0.00,6.80,,,101.00,,,,0.00,P,5
1.747,tesla,0.00,6.80,,,101.00,,,,0.00,P,5
1.747,tesla,0.00,6.80,,,101.00,,,,0.00,P,5
1.750,tesla,0.00,6.80,,,101.00,,,,0.00,P,5
1.753,tesla,0.00,6.80,,,101.00,,,,0.00,P,5
1.755,tesla,0.00,6.80,,,101.00,,,,0.00,P,5
1.758,tesla,0.00,6.80,,,101.00,,,,0.00,P,5
1.758,tesla,0.00,6.80,,,101.00,,,,0.00,P,5
1.761,tesla,0.00,6.80,,,101.00,,,,0.00,P,5
1.764,tesla,0.00,6.80,,,101.00,,,,0.00,P,5
1.766,tesla,0.00,6.80,,,101.00,,,,0.00,P,5
1.769,tesla,0.00,6.80,,,101.00,,,,0.00,P,5
1.772,tesla,0.00,6.80,,,101.00,,,,0.00,P,5
1.775,tesla,0.00,6.80,,,101.00,,,,0.00,P,5
1.778,tesla,0.00,6.80,,,101.00,,,,0.00,P,5
1.778,tesla,0.00,6.80,,,101.00,,,,0.00,P,5
1.780,tesla,0.00,6.80,,,101.00,,,,0.00,P,5
1.783,tesla,0.00,6.80,,,101.00,,,,0.00,P,5
1.786,tesla,0.00,6.80,,,101.00,,,,0.00,P,5
1.789,tesla,0.00,6.80,,,101.00,,,,0.00,P,5
1.789,tesla,0.00,6.80,,,101.00,,,,0.00,P,5
1.791,tesla,0.00,6.80,,,101.00,,,,0.00,P,5
1.794,tesla,0.00,6.80,,,101.00,,,,0.00,P,5
1.795,tesla,0.00,6.80,,,101.00,,,,0.00,P,5
1.797,tesla,0.00,6.80,,,101.00,,,,0.00,P,5
1.800,tesla,0.00,6.80,,,101.00,,,,0.00,P,5
1.802,tesla,0.00,6.80,,,101.00,,,,0.00,P,5
1.805,tesla,0.00,6.80,,,101.00,,,,0.00,P,5
1.808,tesla,0.00,6.80,,,101.00,,,,0.00,P,5
1.808,tesla,0.00,6.80,,,101.00,,,,0.00,P,5
1.811,tesla,0.00,6.80,,,101.00,,,,0.00,P,5
1.814,tesla,0.00,6.80,,,101.00,,,,0.00,P,5
1.816,tesla,0.00,6.80,,,101.00,,,,0.00,P,5
1.817,tesla,0.00,6.80,,,101.00,,,,0.00,P,5
1.819,tesla,0.00,6.80,,,101.00,,,,0.00,P,5
1.822,tesla,0.00,6.80,,,101.00,,,,0.00,P,5
1.825,tesla,0.00,6.80,,,101.00,,,,0.00,P,5
1.827,tesla,0.00,6.80,,,101.00,,,,0.00,P,5
1.830,tesla,0.00,6.80,,,101.00,,,,0.00,P,5
1.833,tesla,0.00,6.80,,,101.00,,,,0.00,P,5
1.833,tesla,0.00,6.80,,,101.00,,,,0.00,P,5
1.836,tesla,0.00,6.80,,,101.00,,,,0.00,P,5
1.836,tesla,0.00,6.80,,,101.00,,,,0.00,P,5
1.839,tesla,0.00,6.80,,,101.00,,,,0.00,P,5
1.841,tesla,0.00,6.80,,,101.00,,,,0.00,P,5
1.841,tesla,0.00,6.80,,,101.00,,,,0.00,P,5
1.844,tesla,0.00,6.80,,,101.00,,,,0.00,P,5
1.847,tesla,0.00,6.80,,,101.00,,,,0.00,P,5
1.850,tesla,0.00,6.80,,,101.00,,,,0.00,P,5
1.853,tesla,0.00,6.80,,,101.00,,,,0.00,P,5
1.853,tesla,0.00,6.80,,,101.00,,,,0.00,P,5
1.855,tesla,0.00,27.60,,,101.00,,,,0.00,P,5
1.858,tesla,0.00,26.40,,,101.00,,,,0.00,P,5
1.861,tesla,0.00,26.40,,,101.00,,,,0.00,P,5
1.864,tesla,0.00,26.40,,,101.00,,,,0.00,P,5
1.866,tesla,0.00,26.40,,,101.00,,,,0.00,P,5
1.866,tesla,0.00,26.40,,,101.00,,,,0.00,P,5
1.869,tesla,0.00,26.40,,,101.00,,,,0.00,P,5
1.872,tesla,0.00,22.80,,,101.00,,,,0.00,P,5
1.875,tesla,0.00,22.80,,,101.00,,,,0.00,P,5
1.875,tesla,0.00,22.80,,,101.00,,,,0.00,P,5
1.877,tesla,0.00,22.80,,,101.00,,,,0.00,P,5
1.880,tesla,0.00,22.80,,,101.00,,,,0.00,P,5
1.883,tesla,0.00,22.80,,,101.00,,,,0.00,P,5
1.883,tesla,0.00,22.80,,,101.00,,,,0.00,P,5
1.886,tesla,0.00,22.80,,,101.00,,,,0.00,P,5
1.889,tesla,0.00,22.80,,,101.00,,,,0.00,P,5
1.891,tesla,0.00,22.80,,,101.00,,,,0.00,P,5
1.894,tesla,0.00,22.80,,,101.00,,,,0.00,P,5
1.897,tesla,0.00,22.80,,,101.00,,,,0.00,P,5
1.900,tesla,0.00,22.80,,,101.00,,,,0.00,P,5
1.903,tesla,0.00,22.80,,,101.00,,,,0.00,P,5
1.903,tesla,0.00,22.80,,,101.00,,,,0.00,P,5
1.905,tesla,0.00,22.80,,,101.00,,,,0.00,P,5
1.908,tesla,0.00,22.80,,,101.00,,,,0.00,P,5
1.911,tesla,0.00,22.80,,,101.00,,,,0.00,P,5
1.911,tesla,0.00,22.80,,,101.00,,,,0.00,P,5
1.914,tesla,0.00,22.80,,,101.00,,,,0.00,P,5
1.916,tesla,0.00,22.80,,,101.00,,,,0.00,P,5
1.919,tesla,0.00,22.80,,,101.00,,,,0.00,P,5
1.922,tesla,0.00,22.80,,,101.00,,,,0.00,P,5
1.925,tesla,0.00,22.80,,,101.00,,,,0.00,P,5
1.925,tesla,0.00,22.80,,,101.00,,,,0.00,P,5
1.925,tesla,0.00,22.80,,,101.00,,,,0.00,P,5
1.928,tesla,0.00,22.80,,,101.00,,,,0.00,P,5
1.930,tesla,0.00,22.80,,,101.00,,,,0.00,P,5
1.933,tesla,0.00,22.80,,,101.00,,,,0.00,P,5
1.936,tesla,0.00,22.80,,,101.00,,,,0.00,P,5
1.936,tesla,0.00,22.80,,,101.00,,,,0.00,P,5
1.939,tesla,0.00,22.80,,,101.00,,,,0.00,P,5
1.941,tesla,0.00,22.80,,,101.00,,,,0.00,P,5
1.942,tesla,0.00,22.80,,,101.00,,,,0.00,P,5
1.944,tesla,0.00,22.80,,,101.00,,,,0.00,P,5
1.947,tesla,0.00,22.80,,,101.00,,,,0.00,P,5
1.950,tesla,0.00,22.80,,,101.00,,,,0.00,P,5
1.953,tesla,0.00,22.80,,,101.00,,,,0.00,P,5
1.953,tesla,0.00,22.80,,,101.00,,,,0.00,P,5
1.955,tesla,0.00,22.80,,,101.00,,,,0.00,P,5
1.958,tesla,0.00,22.80,,,101.00,,,,0.00,P,5
1.961,tesla,0.00,22.80,,,101.00,,,,0.00,P,5
1.964,tesla,0.00,22.80,,,101.00,,,,0.00,P,5
1.966,tesla,0.00,22.80,,,101.00,,,,0.00,P,5
1.967,tesla,0.00,22.80,,,101.00,,,,0.00,P,5
1.969,tesla,0.00,22.80,,,101.00,,,,0.00,P,5
1.972,tesla,0.00,22.80,,,101.00,,,,0.00,P,5
1.975,tesla,0.00,22.80,,,101.00,,,,0.00,P,5
1.978,tesla,0.00,22.80,,,101.00,,,,0.00,P,5
1.981,tesla,0.00,22.80,,,101.00,,,,0.00,P,5
1.983,tesla,0.00,22.80,,,101.00,,,,0.00,P,5
1.983,tesla,0.00,22.80,,,101.00,,,,0.00,P,5
1.988,tesla,0.00,22.80,,,101.00,,,,0.00,P,5
1.988,tesla,0.00,22.80,,,101.00,,,,0.00,P,5
1.989,tesla,0.00,22.80,,,101.00,,,,0.00,P,5
1.992,tesla,0.00,22.80,,,101.00,,,,0.00,P,5
1.994,tesla,0.00,22.80,,,101.00,,,,0.00,P,5
1.997,tesla,0.00,22.80,,,101.00,,,,0.00,P,5
2.000,tesla,0.00,22.80,,,101.00,,,,0.00,P,5
2.005,tesla,0.00,22.80,,,101.00,,,,0.00,P,5
2.007,tesla,0.00,22.80,,,101.00,,,,0.00,P,5
2.007,tesla,0.00,22.80,,,101.00,,,,0.00,P,5
2.012,tesla,0.00,22.80,,,101.00,,,,0.00,P,5
2.012,tesla,0.00,22.80,,,101.00,,,,0.00,P,5
2.015,tesla,0.00,22.80,,,101.00,,,,0.00,P,5
2.017,tesla,0.00,22.80,,,101.00,,,,0.00,P,5
2.020,tesla,0.00,22.80,,,101.00,,,,0.00,P,5
2.020,tesla,0.00,22.80,,,101.00,,,,0.00,P,5
2.023,tesla,0.00,22.80,,,101.00,,,,0.00,P,5
2.025,tesla,0.00,22.80,,,101.00,,,,0.00,P,5
2.028,tesla,0.00,22.80,,,101.00,,,,0.00,P,5
2.030,tesla,0.00,22.80,,,101.00,,,,0.00,P,5
2.031,tesla,0.00,22.80,,,101.00,,,,0.00,P,5
2.033,tesla,0.00,22.80,,,101.00,,,,0.00,P,5
2.036,tesla,0.00,22.80,,,101.00,,,,0.00,P,5
2.039,tesla,0.00,22.80,,,101.00,,,,0.00,P,5
2.042,tesla,0.00,22.80,,,101.00,,,,0.00,P,5
2.042,tesla,0.00,22.80,,,101.00,,,,0.00,P,5
2.045,tesla,0.00,22.80,,,101.00,,,,0.00,P,5
2.047,tesla,0.00,22.80,,,101.00,,,,0.00,P,5
2.050,tesla,0.00,22.80,,,101.00,,,,0.00,P,5
2.053,tesla,0.00,22.80,,,101.00,,,,0.00,P,5
2.053,tesla,0.00,0.00,,,101.00,,,,0.00,P,5
2.056,tesla,0.00,0.00,,,101.00,,,,0.00,P,5
2.058,tesla,0.00,0.00,,,101.00,,,,0.00,P,5
2.062,tesla,0.00,0.00,,,101.00,,,,0.00,P,5
2.065,tesla,0.00,0.00,,,101.00,,,,0.00,P,5
2.065,tesla,0.00,0.00,,,101.00,,,,0.00,P,5
2.066,tesla,0.00,0.00,,,101.00,,,,0.00,P,5
2.069,tesla,0.00,0.00,,,101.00,,,,0.00,P,5
2.072,tesla,0.00,0.00,,,101.00,,,,0.00,P,5
2.075,tesla,0.00,0.00,,,101.00,,,,0.00,P,5
2.078,tesla,0.00,0.00,,,101.00,,,,0.00,P,5
2.080,tesla,0.00,0.00,,,101.00,,,,0.00,P,5
2.083,tesla,0.00,0.00,,,101.00,,,,0.00,P,5
2.083,tesla,0.00,0.00,,,101.00,,,,0.00,P,5
2.086,tesla,0.00,0.00,,,101.00,,,,0.00,P,5
2.089,tesla,0.00,0.00,,,101.00,,,,0.00,P,5
2.091,tesla,0.00,0.00,,,101.00,,,,0.00,P,5
2.094,tesla,0.00,0.00,,,101.00,,,,0.00,P,5
2.097,tesla,0.00,0.00,,,101.00,,,,0.00,P,5
2.100,tesla,0.00,0.00,,,101.00,,,,0.00,P,5
2.103,tesla,0.00,0.00,,,101.00,,,,0.00,P,5
2.103,tesla,0.00,0.00,,,101.00,,,,0.00,P,5
2.105,tesla,0.00,0.00,,,101.00,,,,0.00,P,5
2.108,tesla,0.00,0.00,,,101.00,,,,0.00,P,5
2.111,tesla,0.00,0.00,,,101.00,,,,0.00,P,5
2.116,tesla,0.00,0.00,,,101.00,,,,0.00,P,5
2.116,tesla,0.00,0.00,,,101.00,,,,0.00,P,5
2.116,tesla,0.00,0.00,,,101.00,,,,0.00,P,5
2.122,tesla,0.00,0.00,,,101.00,,,,0.00,P,5
2.122,tesla,0.00,0.00,,,101.00,,,,0.00,P,5
2.129,tesla,0.00,0.00,,,101.00,,,,0.00,P,5
2.129,tesla,0.00,0.00,,,101.00,,,,0.00,P,5
2.129,tesla,0.00,0.00,,,101.00,,,,0.00,P,5
2.130,tesla,0.00,0.00,,,101.00,,,,0.00,P,5
2.130,tesla,0.00,0.00,,,101.00,,,,0.00,P,5
2.131,tesla,0.00,0.00,,,101.00,,,,0.00,P,5
2.133,tesla,0.00,0.00,,,101.00,,,,0.00,P,5
2.137,tesla,0.00,0.00,,,101.00,,,,0.00,P,5
2.139,tesla,0.00,0.00,,,101.00,,,,0.00,P,5
2.142,tesla,0.00,0.00,,,101.00,,,,0.00,P,5
2.144,tesla,0.00,0.00,,,101.00,,,,0.00,P,5
2.147,tesla,0.00,0.00,,,101.00,,,,0.00,P,5
2.150,tesla,0.00,0.00,,,101.00,,,,0.00,P,5
2.150,tesla,0.00,0.00,,,101.00,,,,0.00,P,5
2.153,tesla,0.00,0.00,,,101.00,,,,0.00,P,5
2.155,tesla,0.00,0.00,,,101.00,,,,0.00,P,5
2.158,tesla,0.00,0.00,,,101.00,,,,0.00,P,5
2.161,tesla,0.00,0.00,,,101.00,,,,0.00,P,5
2.164,tesla,0.00,0.00,,,101.00,,,,0.00,P,5
2.164,tesla,0.00,0.00,,,101.00,,,,0.00,P,5
2.166,tesla,0.00,0.00,,,101.00,,,,0.00,P,5
2.169,tesla,0.00,0.00,,,101.00,,,,0.00,P,5
2.172,tesla,0.00,0.00,,,101.00,,,,0.00,P,5
2.175,tesla,0.00,0.00,,,101.00,,,,0.00,P,5
2.178,tesla,0.00,0.00,,,101.00,,,,0.00,P,5
2.180,tesla,0.00,0.00,,,101.00,,,,0.00,P,5
2.181,tesla,0.00,0.00,,,101.00,,,,0.00,P,5
2.184,tesla,0.00,0.00,,,101.00,,,,0.00,P,5
2.184,tesla,0.00,0.00,,,101.00,,,,0.00,P,5
2.186,tesla,0.00,0.00,,,101.00,,,,0.00,P,5
2.189,tesla,0.00,0.00,,,101.00,,,,0.00,P,5
2.192,tesla,0.00,0.00,,,101.00,,,,0.00,P,5
2.194,tesla,0.00,0.00,,,101.00,,,,0.00,P,5
2.197,tesla,0.00,0.00,,,101.00,,,,0.00,P,5
2.200,tesla,0.00,0.00,,,101.00,,,,0.00,P,5
2.203,tesla,0.00,0.00,,,101.00,,,,0.00,P,5
2.203,tesla,0.00,0.00,,,101.00,,,,0.00,P,5
2.205,tesla,0.00,0.00,,,101.00,,,,0.00,P,5
2.208,tesla,0.00,0.00,,,101.00,,,,0.00,P,5
2.211,tesla,0.00,0.00,,,101.00,,,,0.00,P,5
2.214,tesla,0.00,0.00,,,101.00,,,,0.00,P,5
2.216,tesla,0.00,0.00,,,101.00,,,,0.00,P,5
2.217,tesla,0.00,0.00,,,101.00,,,,0.00,P,5
2.220,tesla,0.00,0.00,,,101.00,,,,0.00,P,5
2.222,tesla,0.00,0.00,,,101.00,,,,0.00,P,5
2.225,tesla,0.00,0.00,,,101.00,,,,0.00,P,5
2.228,tesla,0.00,0.00,,,101.00,,,,0.00,P,5
2.228,tesla,0.00,0.00,,,101.00,,,,0.00,P,5
2.230,tesla,0.00,0.00,,,101.00,,,,0.00,P,5
2.233,tesla,0.00,0.00,,,101.00,,,,0.00,P,5
2.236,tesla,0.00,0.00,,,101.00,,,,0.00,P,5
2.239,tesla,0.00,0.00,,,101.00,,,,0.00,P,5
2.239,tesla,0.00,0.00,,,101.00,,,,0.00,P,5
2.241,tesla,0.00,0.00,,,101.00,,,,0.00,P,5
2.244,tesla,0.00,0.00,,,101.00,,,,0.00,P,5
2.247,tesla,0.00,0.00,,,101.00,,,,0.00,P,5
2.250,tesla,0.00,0.00,,,101.00,,,,0.00,P,5
2.253,tesla,0.00,0.00,,,101.00,,,,0.00,P,5
2.255,tesla,0.00,0.00,,,101.00,,,,0.00,P,5
2.256,tesla,0.00,0.00,,,101.00,,,,0.00,P,5
2.258,tesla,0.00,0.00,,,101.00,,,,0.00,P,5
2.261,tesla,0.00,0.00,,,101.00,,,,0.00,P,5
2.264,tesla,0.00,0.00,,,101.00,,,,0.00,P,5
2.266,tesla,0.00,0.00,,,101.00,,,,0.00,P,5
2.269,tesla,0.00,0.00,,,101.00,,,,0.00,P,5
2.272,tesla,0.00,0.00,,,101.00,,,,0.00,P,5
2.275,tesla,0.00,0.00,,,101.00,,,,0.00,P,5
2.275,tesla,0.00,0.00,,,101.00,,,,0.00,P,5
2.278,tesla,0.00,0.00,,,101.00,,,,0.00,P,5
2.280,tesla,0.00,0.00,,,101.00,,,,0.00,P,5
2.283,tesla,0.00,0.00,,,101.00,,,,0.00,P,5
2.286,tesla,0.00,0.00,,,101.00,,,,0.00,P,5
2.286,tesla,0.00,0.00,,,101.00,,,,0.00,P,5
2.289,tesla,0.00,0.00,,,101.00,,,,0.00,P,5
2.291,tesla,0.00,0.00,,,101.00,,,,0.00,P,5
2.294,tesla,0.00,0.00,,,101.00,,,,0.00,P,5
2.297,tesla,0.00,0.00,,,101.00,,,,0.00,P,5
2.300,tesla,0.00,0.00,,,101.00,,,,0.00,P,5
2.303,tesla,0.00,0.00,,,101.00,,,,0.00,P,5
2.303,tesla,0.00,0.00,,,101.00,,,,0.00,P,5
2.305,tesla,0.00,0.00,,,101.00,,,,0.00,P,5
2.308,tesla,0.00,0.00,,,101.00,,,,0.00,P,5
2.311,tesla,0.00,0.00,,,101.00,,,,0.00,P,5
2.314,tesla,0.00,0.00,,,101.00,,,,0.00,P,5
2.316,tesla,0.00,0.00,,,101.00,,,,0.00,P,5
2.317,tesla,0.00,0.00,,,101.00,,,,0.00,P,5
2.319,tesla,0.00,0.00,,,101.00,,,,0.00,P,5
2.322,tesla,0.00,0.00,,,101.00,,,,0.00,P,5
2.325,tesla,0.00,0.00,,,101.00,,,,0.00,P,5
2.325,tesla,0.00,0.00,,,101.00,,,,0.00,P,5
2.328,tesla,0.00,0.00,,,101.00,,,,0.00,P,5
2.402,tesla,0.00,0.00,,,101.00,,,,0.00,P,5
2.405,tesla,0.00,0.00,,,101.00,,,,0.00,P,5
2.406,tesla,0.00,0.00,,,101.00,,,,0.00,P,5
2.408,tesla,0.00,0.00,,,101.00,,,,0.00,P,5
2.411,tesla,0.00,0.00,,,101.00,,,,0.00,P,5
2.488,tesla,0.00,0.00,,,101.00,,,,0.00,P,5
2.491,tesla,0.00,0.00,,,101.00,,,,0.00,P,5
2.494,tesla,0.00,0.00,,,101.00,,,,0.00,P,5
2.497,tesla,0.00,0.00,,,101.00,,,,0.00,P,5
2.499,tesla,0.00,0.00,,,101.00,,,,0.00,P,5
2.500,tesla,0.00,0.00,,,101.00,,,,0.00,P,5
2.502,tesla,0.00,0.00,,,101.00,,,,0.00,P,5
2.505,tesla,0.00,0.00,,,101.00,,,,0.00,P,5
2.505,tesla,0.00,0.00,,,101.00,,,,0.00,P,5
2.508,tesla,0.00,0.00,,,101.00,,,,0.00,P,5
2.511,tesla,0.00,0.00,,,101.00,,,,0.00,P,5
2.513,tesla,0.00,0.00,,,101.00,,,,0.00,P,5
2.516,tesla,0.00,0.00,,,101.00,,,,0.00,P,5
2.516,tesla,0.00,0.00,,,101.00,,,,0.00,P,5
2.519,tesla,0.00,0.00,,,101.00,,,,0.00,P,5
2.522,tesla,0.00,0.00,,,101.00,,,,0.00,P,5
2.524,tesla,0.00,0.00,,,101.00,,,,0.00,P,5
2.527,tesla,0.00,0.00,,,101.00,,,,0.00,P,5
2.530,tesla,0.00,0.00,,,101.00,,,,0.00,P,5
2.530,tesla,0.00,0.00,,,101.00,,,,0.00,P,5
2.533,tesla,0.00,0.00,,,101.00,,,,0.00,P,5
2.533,tesla,0.00,0.00,,,101.00,,,,0.00,P,5
2.536,tesla,0.00,0.00,,,101.00,,,,0.00,P,5
2.538,tesla,0.00,0.00,,,101.00,,,,0.00,P,5
2.541,tesla,0.00,0.00,,,101.00,,,,0.00,P,5
2.541,tesla,0.00,0.00,,,101.00,,,,0.00,P,5
2.544,tesla,0.00,0.00,,,101.00,,,,0.00,P,5
2.547,tesla,0.00,0.00,,,101.00,,,,0.00,P,5
2.549,tesla,0.00,0.00,,,101.00,,,,0.00,P,5
2.550,tesla,0.00,0.00,,,101.00,,,,0.00,P,5
2.552,tesla,0.00,0.00,,,101.00,,,,0.00,P,5
2.555,tesla,0.00,0.00,,,101.00,,,,0.00,P,5
2.555,tesla,0.00,0.00,,,101.00,,,,0.00,P,5
2.558,tesla,0.00,0.00,,,101.00,,,,0.00,P,5
2.561,tesla,0.00,0.00,,,101.00,,,,0.00,P,5
2.561,tesla,0.00,0.00,,,101.00,,,,0.00,P,5
2.563,tesla,0.00,39.20,,,101.00,,,,0.00,P,5
2.566,tesla,0.00,39.20,,,101.00,,,,0.00,P,5
2.569,tesla,0.00,39.20,,,101.00,,,,0.00,P,5
2.572,tesla,0.00,39.20,,,101.00,,,,0.00,P,5
2.572,tesla,0.00,39.20,,,101.00,,,,0.00,P,5
2.574,tesla,0.00,36.40,,,101.00,,,,0.00,P,5
2.577,tesla,0.00,36.40,,,101.00,,,,0.00,P,5
2.580,tesla,0.00,36.40,,,101.00,,,,0.00,P,5
2.583,tesla,0.00,36.40,,,101.00,,,,0.00,P,5
2.586,tesla,0.00,36.40,,,101.00,,,,0.00,P,5
2.586,tesla,0.00,36.40,,,101.00,,,,0.00,P,5
2.588,tesla,0.00,26.40,,,101.00,,,,0.00,P,5
2.591,tesla,0.00,26.40,,,101.00,,,,0.00,P,5
2.594,tesla,0.00,26.40,,,101.00,,,,0.00,P,5
2.597,tesla,0.00,26.40,,,101.00,,,,0.00,P,5
2.599,tesla,0.00,26.40,,,101.00,,,,0.00,P,5
2.600,tesla,0.00,26.40,,,101.00,,,,0.00,P,5
2.602,tesla,0.00,26.40,,,101.00,,,,0.00,P,5
2.605,tesla,0.00,26.40,,,101.00,,,,0.00,P,5
2.608,tesla,0.00,26.40,,,101.00,,,,0.00,P,5
2.611,tesla,0.00,26.40,,,101.00,,,,0.00,P,5
2.611,tesla,0.00,26.40,,,101.00,,,,0.00,P,5
2.613,tesla,0.00,26.40,,,101.00,,,,0.00,P,5
2.616,tesla,0.00,26.40,,,101.00,,,,0.00,P,5
2.619,tesla,0.00,26.40,,,101.00,,,,0.00,P,5
2.622,tesla,0.00,26.40,,,101.00,,,,0.00,P,5
2.624,tesla,0.00,26.40,,,101.00,,,,0.00,P,5
2.625,tesla,0.00,26.40,,,101.00,,,,0.00,P,5
2.627,tesla,0.00,26.40,,,101.00,,,,0.00,P,5
2.630,tesla,0.00,26.40,,,101.00,,,,0.00,P,5
2.633,tesla,0.00,26.40,,,101.00,,,,0.00,P,5
2.636,tesla,0.00,26.40,,,101.00,,,,0.00,P,5
2.638,tesla,0.00,26.40,,,101.00,,,,0.00,P,5
2.638,tesla,0.00,26.40,,,101.00,,,,0.00,P,5
2.641,tesla,0.00,26.40,,,101.00,,,,0.00,P,5
2.641,tesla,0.00,26.40,,,101.00,,,,0.00,P,5
2.644,tesla,0.00,26.40,,,101.00,,,,0.00,P,5
2.647,tesla,0.00,26.40,,,101.00,,,,0.00,P,5
2.649,tesla,0.00,26.40,,,101.00,,,,0.00,P,5
2.650,tesla,0.00,26.40,,,101.00,,,,0.00,P,5
2.652,tesla,0.00,26.40,,,101.00,,,,0.00,P,5
2.655,tesla,0.00,26.40,,,101.00,,,,0.00,P,5
2.658,tesla,0.00,26.40,,,101.00,,,,0.00,P,5
2.661,tesla,0.00,26.40,,,101.00,,,,0.00,P,5
2.663,tesla,0.00,26.40,,,101.00,,,,0.00,P,5
2.664,tesla,0.00,26.40,,,101.00,,,,0.00,P,5
2.666,tesla,0.00,26.40,,,101.00,,,,0.00,P,5
2.669,tesla,0.00,26.40,,,101.00,,,,0.00,P,5
2.669,tesla,0.00,26.40,,,101.00,,,,0.00,P,5
2.672,tesla,0.00,26.40,,,101.00,,,,0.00,P,5
2.675,tesla,0.00,26.40,,,101.00,,,,0.00,P,5
2.677,tesla,0.00,26.40,,,101.00,,,,0.00,P,5
2.680,tesla,0.00,26.40,,,101.00,,,,0.00,P,5
2.683,tesla,0.00,26.40,,,101.00,,,,0.00,P,5
2.686,tesla,0.00,26.40,,,101.00,,,,0.00,P,5
2.688,tesla,0.00,26.40,,,101.00,,,,0.00,P,5
2.688,tesla,0.00,26.40,,,101.00,,,,0.00,P,5
2.691,tesla,0.00,26.40,,,101.00,,,,0.00,P,5
2.694,tesla,0.00,26.40,,,101.00,,,,0.00,P,5
2.697,tesla,0.00,26.40,,,101.00,,,,0.00,P,5
2.699,tesla,0.00,26.40,,,101.00,,,,0.00,P,5
2.702,tesla,0.00,26.40,,,101.00,,,,0.00,P,5
2.702,tesla,0.00,26.40,,,101.00,,,,0.00,P,5
2.705,tesla,0.00,26.40,,,101.00,,,,0.00,P,5
2.708,tesla,0.00,26.40,,,101.00,,,,0.00,P,5
2.711,tesla,0.00,26.40,,,101.00,,,,0.00,P,5
2.713,tesla,0.00,26.40,,,101.00,,,,0.00,P,5
2.716,tesla,0.00,26.40,,,101.00,,,,0.00,P,5
2.719,tesla,0.00,26.40,,,101.00,,,,0.00,P,5
2.719,tesla,0.00,0.00,,,101.00,,,,0.00,P,5
2.722,tesla,0.00,0.00,,,101.00,,,,0.00,P,5
2.724,tesla,0.00,0.00,,,101.00,,,,0.00,P,5
2.728,tesla,0.00,0.00,,,101.00,,,,0.00,P,5
2.730,tesla,0.00,0.00,,,101.00,,,,0.00,P,5
2.733,tesla,0.00,0.00,,,101.00,,,,0.00,P,5
2.736,tesla,0.00,0.00,,,101.00,,,,0.00,P,5
2.738,tesla,0.00,0.00,,,101.00,,,,0.00,P,5
2.738,tesla,0.00,0.00,,,101.00,,,,0.00,P,5
2.741,tesla,0.00,0.00,,,101.00,,,,0.00,P,5
2.744,tesla,0.00,0.00,,,101.00,,,,0.00,P,5
2.747,tesla,0.00,0.00,,,101.00,,,,0.00,P,5
2.749,tesla,0.00,0.00,,,101.00,,,,0.00,P,5
2.752,tesla,0.00,0.00,,,101.00,,,,0.00,P,5
2.755,tesla,0.00,0.00,,,101.00,,,,0.00,P,5
2.758,tesla,0.00,0.00,,,101.00,,,,0.00,P,5
2.758,tesla,0.00,0.00,,,101.00,,,,0.00,P,5
2.761,tesla,0.00,0.00,,,101.00,,,,0.00,P,5
2.763,tesla,0.00,0.00,,,101.00,,,,0.00,P,5
2.766,tesla,0.00,0.00,,,101.00,,,,0.00,P,5
2.769,tesla,0.00,0.00,,,101.00,,,,0.00,P,5
2.772,tesla,0.00,0.00,,,101.00,,,,0.00,P,5
2.774,tesla,0.00,0.00,,,101.00,,,,0.00,P,5
2.777,tesla,0.00,0.00,,,101.00,,,,0.00,P,5
2.777,tesla,0.00,0.00,,,101.00,,,,0.00,P,5
2.780,tesla,0.00,0.00,,,101.00,,,,0.00,P,5
2.783,tesla,0.00,0.00,,,101.00,,,,0.00,P,5
2.786,tesla,0.00,0.00,,,101.00,,,,0.00,P,5
2.788,tesla,0.00,0.00,,,101.00,,,,0.00,P,5
2.791,tesla,0.00,0.00,,,101.00,,,,0.00,P,5
2.791,tesla,0.00,0.00,,,101.00,,,,0.00,P,5
2.794,tesla,0.00,0.00,,,101.00,,,,0.00,P,5
2.797,tesla,0.00,0.00,,,101.00,,,,0.00,P,5
2.799,tesla,0.00,0.00,,,101.00,,,,0.00,P,5
2.802,tesla,0.00,0.00,,,101.00,,,,0.00,P,5
2.802,tesla,0.00,0.00,,,101.00,,,,0.00,P,5
2.805,tesla,0.00,0.00,,,101.00,,,,0.00,P,5
2.808,tesla,0.00,0.00,,,101.00,,,,0.00,P,5
2.811,tesla,0.00,0.00,,,101.00,,,,0.00,P,5
2.813,tesla,0.00,0.00,,,101.00,,,,0.00,P,5
2.813,tesla,0.00,0.00,,,101.00,,,,0.00,P,5
2.816,tesla,0.00,0.00,,,101.00,,,,0.00,P,5
2.819,tesla,0.00,0.00,,,101.00,,,,0.00,P,5
2.819,tesla,0.00,0.00,,,101.00,,,,0.00,P,5
2.822,tesla,0.00,0.00,,,101.00,,,,0.00,P,5
2.822,tesla,0.00,0.00,,,101.00,,,,0.00,P,5
2.824,tesla,0.00,0.00,,,101.00,,,,0.00,P,5
2.827,tesla,0.00,0.00,,,101.00,,,,0.00,P,5
2.830,tesla,0.00,0.00,,,101.00,,,,0.00,P,5
2.830,tesla,0.00,0.00,,,101.00,,,,0.00,P,5
2.833,tesla,0.00,0.00,,,101.00,,,,0.00,P,5
2.836,tesla,0.00,0.00,,,101.00,,,,0.00,P,5
2.838,tesla,0.00,0.00,,,101.00,,,,0.00,P,5
2.841,tesla,0.00,0.00,,,101.00,,,,0.00,P,5
2.841,tesla,0.00,0.00,,,101.00,,,,0.00,P,5
2.844,tesla,0.00,0.00,,,101.00,,,,0.00,P,5
2.847,tesla,0.00,0.00,,,101.00,,,,0.00,P,5
2.847,tesla,0.00,0.00,,,101.00,,,,0.00,P,5
2.849,tesla,0.00,0.00,,,101.00,,,,0.00,P,5
2.852,tesla,0.00,0.00,,,101.00,,,,0.00,P,5
2.855,tesla,0.00,0.00,,,101.00,,,,0.00,P,5
2.858,tesla,0.00,0.00,,,101.00,,,,0.00,P,5
2.861,tesla,0.00,0.00,,,101.00,,,,0.00,P,5
2.863,tesla,0.00,0.00,,,101.00,,,,0.00,P,5
2.863,tesla,0.00,0.00,,,101.00,,,,0.00,P,5
2.866,tesla,0.00,0.00,,,101.00,,,,0.00,P,5
2.869,tesla,0.00,0.00,,,101.00,,,,0.00,P,5
2.869,tesla,0.00,0.00,,,101.00,,,,0.00,P,5
2.872,tesla,0.00,0.00,,,101.00,,,,0.00,P,5
2.875,tesla,0.00,0.00,,,101.00,,,,0.00,P,5
2.877,tesla,0.00,0.00,,,101.00,,,,0.00,P,5
2.880,tesla,0.00,0.00,,,101.00,,,,0.00,P,5
2.883,tesla,0.00,0.00,,,101.00,,,,0.00,P,5
2.883,tesla,0.00,0.00,,,101.00,,,,0.00,P,5
2.886,tesla,0.00,0.00,,,101.00,,,,0.00,P,5
2.889,tesla,0.00,0.00,,,101.00,,,,0.00,P,5
2.889,tesla,0.00,0.00,,,101.00,,,,0.00,P,5
2.891,tesla,0.00,0.00,,,101.00,,,,0.00,P,5
2.894,tesla,0.00,0.00,,,101.00,,,,0.00,P,5
2.897,tesla,0.00,0.00,,,101.00,,,,0.00,P,5
2.899,tesla,0.00,0.00,,,101.00,,,,0.00,P,5
2.900,tesla,0.00,0.00,,,101.00,,,,0.00,P,5
2.902,tesla,0.00,0.00,,,101.00,,,,0.00,P,5
2.905,tesla,0.00,0.00,,,101.00,,,,0.00,P,5
2.908,tesla,0.00,0.00,,,101.00,,,,0.00,P,5
2.911,tesla,0.00,0.00,,,101.00,,,,0.00,P,5
2.914,tesla,0.00,0.00,,,101.00,,,,0.00,P,5
2.916,tesla,0.00,0.00,,,101.00,,,,0.00,P,5
2.919,tesla,0.00,0.00,,,101.00,,,,0.00,P,5
2.919,tesla,0.00,0.00,,,101.00,,,,0.00,P,5
2.922,tesla,0.00,0.00,,,101.00,,,,0.00,P,5
2.924,tesla,0.00,0.00,,,101.00,,,,0.00,P,5
2.927,tesla,0.00,0.00,,,101.00,,,,0.00,P,5
2.930,tesla,0.00,0.00,,,101.00,,,,0.00,P,5
2.933,tesla,0.00,0.00,,,101.00,,,,0.00,P,5
2.936,tesla,0.00,0.00,,,101.00,,,,0.00,P,5
2.938,tesla,0.00,0.00,,,101.00,,,,0.00,P,5
2.939,tesla,0.00,0.00,,,101.00,,,,0.00,P,5
2.941,tesla,0.00,0.00,,,101.00,,,,0.00,P,5
2.944,tesla,0.00,0.00,,,101.00,,,,0.00,P,5
2.947,tesla,0.00,0.00,,,101.00,,,,0.00,P,5
2.949,tesla,0.00,0.00,,,101.00,,,,0.00,P,5
2.952,tesla,0.00,0.00,,,101.00,,,,0.00,P,5
2.955,tesla,0.00,0.00,,,101.00,,,,0.00,P,5
2.956,tesla,0.00,0.00,,,101.00,,,,0.00,P,5
2.958,tesla,0.00,0.00,,,101.00,,,,0.00,P,5
2.961,tesla,0.00,0.00,,,101.00,,,,0.00,P,5
2.963,tesla,0.00,0.00,,,101.00,,,,0.00,P,5
2.966,tesla,0.00,0.00,,,101.00,,,,0.00,P,5
2.969,tesla,0.00,0.00,,,101.00,,,,0.00,P,5
2.969,tesla,0.00,0.00,,,101.00,,,,0.00,P,5
2.972,tesla,0.00,0.00,,,101.00,,,,0.00,P,5
2.972,tesla,0.00,0.00,,,101.00,,,,0.00,P,5
2.974,tesla,0.00,0.00,,,101.00,,,,0.00,P,5
2.977,tesla,0.00,0.00,,,101.00,,,,0.00,P,5
2.980,tesla,0.00,0.00,,,101.00,,,,0.00,P,5
2.983,tesla,0.00,0.00,,,101.00,,,,0.00,P,5
2.986,tesla,0.00,0.00,,,101.00,,,,0.00,P,5
2.986,tesla,0.00,0.00,,,101.00,,,,0.00,P,5
2.988,tesla,0.00,0.00,,,101.00,,,,0.00,P,5
2.991,tesla,0.00,0.00,,,101.00,,,,0.00,P,5
2.994,tesla,0.00,0.00,,,101.00,,,,0.00,P,5
2.994,tesla,0.00,0.00,,,101.00,,,,0.00,P,5
2.997,tesla,0.00,0.00,,,101.00,,,,0.00,P,5
2.999,tesla,0.00,0.00,,,101.00,,,,0.00,P,5
3.000,tesla,0.00,0.00,,,101.00,,,,0.00,P,5
3.002,tesla,0.00,0.00,,,101.00,,,,0.00,P,5
3.005,tesla,0.00,0.00,,,101.00,,,,0.00,P,5
3.008,tesla,0.00,0.00,,,101.00,,,,0.00,P,5
3.011,tesla,0.00,0.00,,,101.00,,,,0.00,P,5
3.012,tesla,0.00,0.00,,,101.00,,,,0.00,P,5
3.013,tesla,0.00,0.00,,,101.00,,,,0.00,P,5
3.016,tesla,0.00,0.00,,,101.00,,,,0.00,P,5
3.019,tesla,0.00,0.00,,,101.00,,,,0.00,P,5
3.022,tesla,0.00,0.00,,,101.00,,,,0.00,P,5
3.024,tesla,0.00,0.00,,,101.00,,,,0.00,P,5
3.027,tesla,0.00,0.00,,,101.00,,,,0.00,P,5
3.030,tesla,0.00,0.00,,,101.00,,,,0.00,P,5
3.030,tesla,0.00,0.00,,,101.00,,,,0.00,P,5
3.033,tesla,0.00,0.00,,,101.00,,,,0.00,P,5
3.036,tesla,0.00,0.00,,,101.00,,,,0.00,P,5
3.038,tesla,0.00,0.00,,,101.00,,,,0.00,P,5
3.041,tesla,0.00,0.00,,,101.00,,,,0.00,P,5
3.045,tesla,0.00,0.00,,,101.00,,,,0.00,P,5
3.045,tesla,0.00,0.00,,,101.00,,,,0.00,P,5
3.047,tesla,0.00,0.00,,,101.00,,,,0.00,P,5
3.049,tesla,0.00,0.00,,,101.00,,,,0.00,P,5
3.050,tesla,0.00,0.00,,,101.00,,,,0.00,P,5
3.052,tesla,0.00,0.00,,,101.00,,,,0.00,P,5
3.055,tesla,0.00,0.00,,,101.00,,,,0.00,P,5
3.058,tesla,0.00,0.00,,,101.00,,,,0.00,P,5
3.061,tesla,0.00,0.00,,,101.00,,,,0.00,P,5
3.063,tesla,0.00,0.00,,,101.00,,,,0.00,P,5
3.063,tesla,0.00,0.00,,,101.00,,,,0.00,P,5
3.066,tesla,0.00,0.00,,,101.00,,,,0.00,P,5
3.069,tesla,0.00,0.00,,,101.00,,,,0.00,P,5
3.072,tesla,0.00,0.00,,,101.00,,,,0.00,P,5
3.074,tesla,0.00,0.00,,,101.00,,,,0.00,P,5
3.077,tesla,0.00,0.00,,,101.00,,,,0.00,P,5
3.077,tesla,0.00,0.00,,,101.00,,,,0.00,P,5
3.080,tesla,0.00,0.00,,,101.00,,,,0.00,P,5
3.083,tesla,0.00,0.00,,,101.00,,,,0.00,P,5
3.086,tesla,0.00,0.00,,,101.00,,,,0.00,P,5
3.088,tesla,0.00,0.00,,,101.00,,,,0.00,P,5
3.089,tesla,0.00,0.00,,,101.00,,,,0.00,P,5
3.091,tesla,0.00,0.00,,,101.00,,,,0.00,P,5
3.094,tesla,0.00,0.00,,,101.00,,,,0.00,P,5
3.097,tesla,0.00,0.00,,,101.00,,,,0.00,P,5
3.097,tesla,0.00,0.00,,,101.00,,,,0.00,P,5
3.099,tesla,0.00,0.00,,,101.00,,,,0.00,P,5
3.102,tesla,0.00,0.00,,,101.00,,,,0.00,P,5
3.105,tesla,0.00,0.00,,,101.00,,,,0.00,P,5
3.108,tesla,0.00,0.00,,,101.00,,,,0.00,P,5
3.111,tesla,0.00,0.00,,,101.00,,,,0.00,P,5
3.113,tesla,0.00,0.00,,,101.00,,,,0.00,P,5
3.114,tesla,0.00,0.00,,,101.00,,,,0.00,P,5
3.116,tesla,0.00,0.00,,,101.00,,,,0.00,P,5
3.119,tesla,0.00,0.00,,,101.00,,,,0.00,P,5
3.122,tesla,0.00,0.00,,,101.00,,,,0.00,P,5
3.124,tesla,0.00,0.00,,,101.00,,,,0.00,P,5
3.127,tesla,0.00,0.00,,,101.00,,,,0.00,P,5
3.130,tesla,0.00,0.00,,,101.00,,,,0.00,P,5
3.133,tesla,0.00,0.00,,,101.00,,,,0.00,P,5
3.133,tesla,0.00,0.00,,,101.00,,,,0.00,P,5
3.136,tesla,0.00,0.00,,,101.00,,,,0.00,P,5
3.138,tesla,0.00,0.00,,,101.00,,,,0.00,P,5
3.141,tesla,0.00,0.00,,,101.00,,,,0.00,P,5
3.144,tesla,0.00,0.00,,,101.00,,,,0.00,P,5
3.147,tesla,0.00,0.00,,,101.00,,,,0.00,P,5
3.149,tesla,0.00,0.00,,,101.00,,,,0.00,P,5
3.152,tesla,0.00,0.00,,,101.00,,,,0.00,P,5
3.152,tesla,0.00,0.00,,,101.00,,,,0.00,P,5
3.155,tesla,0.00,0.00,,,101.00,,,,0.00,P,5
3.158,tesla,0.00,0.00,,,101.00,,,,0.00,P,5
3.161,tesla,0.00,0.00,,,101.00,,,,0.00,P,5
3.161,tesla,0.00,0.00,,,101.00,,,,0.00,P,5
3.163,tesla,0.00,0.00,,,101.00,,,,0.00,P,5
3.166,tesla,0.00,0.00,,,101.00,,,,0.00,P,5
3.169,tesla,0.00,0.00,,,101.00,,,,0.00,P,5
3.172,tesla,0.00,0.00,,,101.00,,,,0.00,P,5
3.174,tesla,0.00,0.00,,,101.00,,,,0.00,P,5
3.175,tesla,0.00,0.00,,,101.00,,,,0.00,P,5
3.177,tesla,0.00,0.00,,,101.00,,,,0.00,P,5
3.180,tesla,0.00,0.00,,,101.00,,,,0.00,P,5
3.183,tesla,0.00,0.00,,,101.00,,,,0.00,P,5
3.186,tesla,0.00,0.00,,,101.00,,,,0.00,P,5
3.186,tesla,0.00,0.00,,,101.00,,,,0.00,P,5
3.188,tesla,0.00,0.00,,,101.00,,,,0.00,P,5
3.191,tesla,0.00,0.00,,,101.00,,,,0.00,P,5
3.194,tesla,0.00,0.00,,,101.00,,,,0.00,P,5
3.197,tesla,0.00,0.00,,,101.00,,,,0.00,P,5
3.199,tesla,0.00,0.00,,,101.00,,,,0.00,P,5
3.200,tesla,0.00,0.00,,,101.00,,,,0.00,P,5
3.202,tesla,0.00,0.00,,,101.00,,,,0.00,P,5
3.205,tesla,0.00,0.00,,,101.00,,,,0.00,P,5
3.208,tesla,0.00,0.00,,,101.00,,,,0.00,P,5
3.211,tesla,0.00,0.00,,,101.00,,,,0.00,P,5
3.211,tesla,0.00,0.00,,,101.00,,,,0.00,P,5
3.213,tesla,0.00,0.00,,,101.00,,,,0.00,P,5
3.216,tesla,0.00,0.00,,,101.00,,,,0.00,P,5
3.219,tesla,0.00,0.00,,,101.00,,,,0.00,P,5
3.222,tesla,0.00,0.00,,,101.00,,,,0.00,P,5
3.224,tesla,0.00,0.00,,,101.00,,,,0.00,P,5
3.227,tesla,0.00,0.00,,,101.00,,,,0.00,P,5
3.230,tesla,0.00,0.00,,,101.00,,,,0.00,P,5
3.230,tesla,0.00,0.00,,,101.00,,,,0.00,P,5
3.233,tesla,0.00,0.00,,,101.00,,,,0.00,P,5
3.236,tesla,0.00,0.00,,,101.00,,,,0.00,P,5
3.236,tesla,0.00,0.00,,,101.00,,,,0.00,P,5
3.239,tesla,0.00,0.00,,,101.00,,,,0.00,P,5
3.241,tesla,0.00,0.00,,,101.00,,,,0.00,P,5
3.244,tesla,0.00,0.00,,,101.00,,,,0.00,P,5
3.244,tesla,0.00,0.00,,,101.00,,,,0.00,P,5
3.247,tesla,0.00,0.00,,,101.00,,,,0.00,P,5
3.249,tesla,0.00,0.00,,,101.00,,,,0.00,P,5
3.250,tesla,0.00,0.00,,,101.00,,,,0.00,P,5
3.252,tesla,0.00,0.00,,,101.00,,,,0.00,P,5
3.256,tesla,0.00,0.00,,,101.00,,,,0.00,P,5
3.258,tesla,0.00,0.00,,,101.00,,,,0.00,P,5
3.261,tesla,0.00,0.00,,,101.00,,,,0.00,P,5
3.263,tesla,0.00,0.00,,,101.00,,,,0.00,P,5
3.263,tesla,0.00,0.00,,,101.00,,,,0.00,P,5
3.266,tesla,0.00,0.00,,,101.00,,,,0.00,P,5
3.269,tesla,0.00,0.00,,,101.00,,,,0.00,P,5
3.272,tesla,0.00,0.00,,,101.00,,,,0.00,P,5
3.275,tesla,0.00,0.00,,,101.00,,,,0.00,P,5
3.277,tesla,0.00,0.00,,,101.00,,,,0.00,P,5
3.280,tesla,0.00,0.00,,,101.00,,,,0.00,P,5
3.280,tesla,0.00,0.00,,,101.00,,,,0.00,P,5
3.283,tesla,0.00,0.00,,,101.00,,,,0.00,P,5
3.286,tesla,0.00,0.00,,,101.00,,,,0.00,P,5
3.288,tesla,0.00,0.00,,,101.00,,,,0.00,P,5
3.291,tesla,0.00,0.00,,,101.00,,,,0.00,P,5
3.294,tesla,0.00,0.00,,,101.00,,,,0.00,P,5
3.294,tesla,0.00,0.00,,,101.00,,,,0.00,P,5
3.297,tesla,0.00,0.00,,,101.00,,,,0.00,P,5
3.299,tesla,0.00,0.00,,,101.00,,,,0.00,P,5
3.302,tesla,0.00,0.00,,,101.00,,,,0.00,P,5
3.305,tesla,0.00,0.00,,,101.00,,,,0.00,P,5
3.305,tesla,0.00,0.00,,,101.00,,,,0.00,P,5
3.308,tesla,0.00,0.00,,,101.00,,,,0.00,P,5
3.311,tesla,0.00,0.00,,,101.00,,,,0.00,P,5
3.313,tesla,0.00,0.00,,,101.00,,,,0.00,P,5
3.316,tesla,0.00,0.00,,,101.00,,,,0.00,P,5
3.319,tesla,0.00,0.00,,,101.00,,,,0.00,P,5
3.322,tesla,0.00,0.00,,,101.00,,,,0.00,P,5
3.324,tesla,0.00,0.00,,,101.00,,,,0.00,P,5
3.325,tesla,0.00,0.00,,,101.00,,,,0.00,P,5
3.327,tesla,0.00,0.00,,,101.00,,,,0.00,P,5
3.330,tesla,0.00,0.00,,,101.00,,,,0.00,P,5
3.333,tesla,0.00,0.00,,,101.00,,,,0.00,P,5
3.336,tesla,0.00,0.00,,,101.00,,,,0.00,P,5
3.338,tesla,0.00,0.00,,,101.00,,,,0.00,P,5
3.338,tesla,0.00,0.00,,,101.00,,,,0.00,P,5
3.341,tesla,0.00,0.00,,,101.00,,,,0.00,P,5
3.344,tesla,0.00,0.00,,,101.00,,,,0.00,P,5
3.347,tesla,0.00,0.00,,,101.00,,,,0.00,P,5
3.349,tesla,0.00,0.00,,,101.00,,,,0.00,P,5
3.352,tesla,0.00,0.00,,,101.00,,,,0.00,P,5
3.355,tesla,0.00,0.00,,,101.00,,,,0.00,P,5
3.358,tesla,0.00,0.00,,,101.00,,,,0.00,P,5
3.358,tesla,0.00,0.00,,,101.00,,,,0.00,P,5
3.361,tesla,0.00,0.00,,,101.00,,,,0.00,P,5
3.363,tesla,0.00,0.00,,,101.00,,,,0.00,P,5
3.366,tesla,0.00,0.00,,,101.00,,,,0.00,P,5
3.369,tesla,0.00,0.00,,,101.00,,,,0.00,P,5
3.372,tesla,0.00,0.00,,,101.00,,,,0.00,P,5
3.374,tesla,0.00,0.00,,,101.00,,,,0.00,P,5
3.375,tesla,0.00,0.00,,,101.00,,,,0.00,P,5
3.377,tesla,0.00,0.00,,,101.00,,,,0.00,P,5
3.380,tesla,0.00,0.00,,,101.00,,,,0.00,P,5
3.383,tesla,0.00,0.00,,,101.00,,,,0.00,P,5
3.386,tesla,0.00,0.00,,,101.00,,,,0.00,P,5
3.388,tesla,0.00,0.00,,,101.00,,,,0.00,P,5
3.391,tesla,0.00,0.00,,,101.00,,,,0.00,P,5
3.394,tesla,0.00,0.00,,,101.00,,,,0.00,P,5
3.394,tesla,0.00,0.00,,,101.00,,,,0.00,P,5
3.397,tesla,0.00,0.00,,,101.00,,,,0.00,P,5
3.399,tesla,0.00,0.00,,,101.00,,,,0.00,P,5
3.402,tesla,0.00,0.00,,,101.00,,,,0.00,P,5
3.405,tesla,0.00,0.00,,,101.00,,,,0.00,P,5
3.405,tesla,0.00,0.00,,,101.00,,,,0.00,P,5
3.408,tesla,0.00,0.00,,,101.00,,,,0.00,P,5
3.411,tesla,0.00,0.00,,,101.00,,,,0.00,P,5
3.413,tesla,0.00,0.00,,,101.00,,,,0.00,P,5
3.416,tesla,0.00,0.00,,,101.00,,,,0.00,P,5
3.416,tesla,0.00,0.00,,,101.00,,,,0.00,P,5
3.419,tesla,0.00,0.00,,,101.00,,,,0.00,P,5
3.422,tesla,0.00,0.00,,,101.00,,,,0.00,P,5
3.424,tesla,0.00,0.00,,,101.00,,,,0.00,P,5
3.427,tesla,0.00,0.00,,,101.00,,,,0.00,P,5
3.430,tesla,0.00,0.00,,,101.00,,,,0.00,P,5
3.433,tesla,0.00,0.00,,,101.00,,,,0.00,P,5
3.436,tesla,0.00,0.00,,,101.00,,,,0.00,P,5
3.436,tesla,0.00,0.00,,,101.00,,,,0.00,P,5
3.438,tesla,0.00,0.00,,,101.00,,,,0.00,P,5
3.441,tesla,0.00,0.00,,,101.00,,,,0.00,P,5
3.444,tesla,0.00,0.00,,,101.00,,,,0.00,P,5
3.447,tesla,0.00,0.00,,,101.00,,,,0.00,P,5
3.447,tesla,0.00,0.00,,,101.00,,,,0.00,P,5
3.449,tesla,0.00,0.00,,,101.00,,,,0.00,P,5
3.452,tesla,0.00,0.00,,,101.00,,,,0.00,P,5
3.455,tesla,0.00,0.00,,,101.00,,,,0.00,P,5
3.455,tesla,0.00,0.00,,,101.00,,,,0.00,P,5
3.458,tesla,0.00,0.00,,,101.00,,,,0.00,P,5
3.461,tesla,0.00,0.00,,,101.00,,,,0.00,P,5
3.461,tesla,0.00,0.00,,,101.00,,,,0.00,P,5
3.463,tesla,0.00,0.00,,,101.00,,,,0.00,P,5
3.466,tesla,0.00,0.00,,,101.00,,,,0.00,P,5
3.469,tesla,0.00,0.00,,,101.00,,,,0.00,P,5
3.469,tesla,0.00,0.00,,,101.00,,,,0.00,P,5
3.472,tesla,0.00,13.60,,,101.00,,,,0.00,P,5
3.474,tesla,0.00,13.60,,,101.00,,,,0.00,P,5
3.477,tesla,0.00,13.60,,,101.00,,,,0.00,P,5
3.480,tesla,0.00,13.60,,,101.00,,,,0.00,P,5
3.483,tesla,0.00,13.60,,,101.00,,,,0.00,P,5
3.483,tesla,0.00,13.60,,,101.00,,,,0.00,P,5
3.486,tesla,0.00,13.60,,,101.00,,,,0.00,P,5
3.488,tesla,0.00,13.20,,,101.00,,,,0.00,P,5
3.491,tesla,0.00,13.20,,,101.00,,,,0.00,P,5
3.494,tesla,0.00,13.20,,,101.00,,,,0.00,P,5
3.497,tesla,0.00,13.20,,,101.00,,,,0.00,P,5
3.497,tesla,0.00,13.20,,,101.00,,,,0.00,P,5
3.499,tesla,0.00,13.20,,,101.00,,,,0.00,P,5
3.502,tesla,0.00,13.20,,,101.00,,,,0.00,P,5
3.505,tesla,0.00,13.20,,,101.00,,,,0.00,P,5
3.505,tesla,0.00,13.20,,,101.00,,,,0.00,P,5
3.508,tesla,0.00,13.20,,,101.00,,,,0.00,P,5
3.511,tesla,0.00,13.20,,,101.00,,,,0.00,P,5
3.513,tesla,0.00,13.20,,,101.00,,,,0.00,P,5
3.516,tesla,0.00,13.20,,,101.00,,,,0.00,P,5
3.519,tesla,0.00,13.20,,,101.00,,,,0.00,P,5
3.522,tesla,0.00,13.20,,,101.00,,,,0.00,P,5
3.524,tesla,0.00,13.20,,,101.00,,,,0.00,P,5
3.525,tesla,0.00,13.20,,,101.00,,,,0.00,P,5
3.527,tesla,0.00,13.20,,,101.00,,,,0.00,P,5
3.530,tesla,0.00,13.20,,,101.00,,,,0.00,P,5
3.533,tesla,0.00,13.20,,,101.00,,,,0.00,P,5
3.536,tesla,0.00,13.20,,,101.00,,,,0.00,P,5
3.536,tesla,0.00,13.20,,,101.00,,,,0.00,P,5
3.538,tesla,0.00,13.20,,,101.00,,,,0.00,P,5
3.541,tesla,0.00,13.20,,,101.00,,,,0.00,P,5
3.544,tesla,0.00,13.20,,,101.00,,,,0.00,P,5
3.547,tesla,0.00,13.20,,,101.00,,,,0.00,P,5
3.547,tesla,0.00,13.20,,,101.00,,,,0.00,P,5
3.549,tesla,0.00,13.20,,,101.00,,,,0.00,P,5
3.552,tesla,0.00,13.20,,,101.00,,,,0.00,P,5
3.555,tesla,0.00,13.20,,,101.00,,,,0.00,P,5
3.558,tesla,0.00,13.20,,,101.00,,,,0.00,P,5
3.561,tesla,0.00,13.20,,,101.00,,,,0.00,P,5
3.563,tesla,0.00,13.20,,,101.00,,,,0.00,P,5
3.563,tesla,0.00,13.20,,,101.00,,,,0.00,P,5
3.566,tesla,0.00,13.20,,,101.00,,,,0.00,P,5
3.569,tesla,0.00,13.20,,,101.00,,,,0.00,P,5
3.572,tesla,0.00,13.20,,,101.00,,,,0.00,P,5
3.574,tesla,0.00,13.20,,,101.00,,,,0.00,P,5
3.577,tesla,0.00,13.20,,,101.00,,,,0.00,P,5
3.577,tesla,0.00,13.20,,,101.00,,,,0.00,P,5
3.580,tesla,0.00,13.20,,,101.00,,,,0.00,P,5
3.583,tesla,0.00,13.20,,,101.00,,,,0.00,P,5
3.586,tesla,0.00,13.20,,,101.00,,,,0.00,P,5
3.588,tesla,0.00,13.20,,,101.00,,,,0.00,P,5
3.591,tesla,0.00,13.20,,,101.00,,,,0.00,P,5
3.594,tesla,0.00,13.20,,,101.00,,,,0.00,P,5
3.597,tesla,0.00,13.20,,,101.00,,,,0.00,P,5
3.597,tesla,0.00,13.20,,,101.00,,,,0.00,P,5
3.599,tesla,0.00,13.20,,,101.00,,,,0.00,P,5
3.602,tesla,0.00,13.20,,,101.00,,,,0.00,P,5
3.602,tesla,0.00,13.20,,,101.00,,,,0.00,P,5
3.605,tesla,0.00,13.20,,,101.00,,,,0.00,P,5
3.608,tesla,0.00,13.20,,,101.00,,,,0.00,P,5
3.610,tesla,0.00,13.20,,,101.00,,,,0.00,P,5
3.613,tesla,0.00,13.20,,,101.00,,,,0.00,P,5
3.616,tesla,0.00,13.20,,,101.00,,,,0.00,P,5
3.619,tesla,0.00,13.20,,,101.00,,,,0.00,P,5
3.619,tesla,0.00,13.20,,,101.00,,,,0.00,P,5
3.622,tesla,0.00,13.20,,,101.00,,,,0.00,P,5
3.624,tesla,0.00,13.20,,,101.00,,,,0.00,P,5
3.627,tesla,0.00,13.20,,,101.00,,,,0.00,P,5
3.630,tesla,0.00,13.20,,,101.00,,,,0.00,P,5
3.630,tesla,0.00,13.20,,,101.00,,,,0.00,P,5
3.633,tesla,0.00,13.20,,,101.00,,,,0.00,P,5
3.635,tesla,0.00,13.20,,,101.00,,,,0.00,P,5
3.638,tesla,0.00,13.20,,,101.00,,,,0.00,P,5
3.638,tesla,0.00,13.20,,,101.00,,,,0.00,P,5
3.641,tesla,0.00,13.20,,,101.00,,,,0.00,P,5
3.644,tesla,0.00,13.20,,,101.00,,,,0.00,P,5
3.647,tesla,0.00,13.20,,,101.00,,,,0.00,P,5
3.647,tesla,0.00,13.20,,,101.00,,,,0.00,P,5
3.649,tesla,0.00,13.20,,,101.00,,,,0.00,P,5
3.652,tesla,0.00,13.20,,,101.00,,,,0.00,P,5
3.655,tesla,0.00,13.20,,,101.00,,,,0.00,P,5
3.658,tesla,0.00,13.20,,,101.00,,,,0.00,P,5
3.658,tesla,0.00,13.20,,,101.00,,,,0.00,P,5
3.661,tesla,0.00,13.20,,,101.00,,,,0.00,P,5
3.663,tesla,0.00,13.20,,,101.00,,,,0.00,P,5
3.666,tesla,0.00,9.20,,,101.00,,,,0.00,P,5
3.666,tesla,0.00,9.20,,,101.00,,,,0.00,P,5
3.669,tesla,0.00,9.20,,,101.00,,,,0.00,P,5
3.672,tesla,0.00,9.20,,,101.00,,,,0.00,P,5
3.674,tesla,0.00,9.20,,,101.00,,,,0.00,P,5
3.674,tesla,0.00,9.20,,,101.00,,,,0.00,P,5
3.677,tesla,0.00,9.20,,,101.00,,,,0.00,P,5
3.680,tesla,0.00,9.20,,,101.00,,,,0.00,P,5
3.683,tesla,0.00,9.20,,,101.00,,,,0.00,P,5
3.686,tesla,0.00,9.20,,,101.00,,,,0.00,P,5
3.688,tesla,0.00,7.60,,,101.00,,,,0.00,P,5
3.688,tesla,0.00,7.60,,,101.00,,,,0.00,P,5
3.691,tesla,0.00,7.60,,,101.00,,,,0.00,P,5
3.694,tesla,0.00,7.60,,,101.00,,,,0.00,P,5
3.697,tesla,0.00,7.60,,,101.00,,,,0.00,P,5
3.699,tesla,0.00,7.60,,,101.00,,,,0.00,P,5
3.702,tesla,0.00,7.60,,,101.00,,,,0.00,P,5
3.705,tesla,0.00,7.60,,,101.00,,,,0.00,P,5
3.708,tesla,0.00,7.60,,,101.00,,,,0.00,P,5
3.708,tesla,0.00,7.60,,,101.00,,,,0.00,P,5
3.710,tesla,0.00,7.60,,,101.00,,,,0.00,P,5
3.713,tesla,0.00,7.60,,,101.00,,,,0.00,P,5
3.716,tesla,0.00,7.60,,,101.00,,,,0.00,P,5
3.719,tesla,0.00,7.60,,,101.00,,,,0.00,P,5
3.719,tesla,0.00,7.60,,,101.00,,,,0.00,P,5
3.722,tesla,0.00,7.60,,,101.00,,,,0.00,P,5
3.724,tesla,0.00,7.60,,,101.00,,,,0.00,P,5
3.727,tesla,0.00,7.60,,,101.00,,,,0.00,P,5
3.730,tesla,0.00,7.60,,,101.00,,,,0.00,P,5
3.730,tesla,0.00,7.60,,,101.00,,,,0.00,P,5
3.733,tesla,0.00,7.60,,,101.00,,,,0.00,P,5
3.736,tesla,0.00,7.60,,,101.00,,,,0.00,P,5
3.738,tesla,0.00,7.60,,,101.00,,,,0.00,P,5
3.741,tesla,0.00,7.60,,,101.00,,,,0.00,P,5
3.741,tesla,0.00,7.60,,,101.00,,,,0.00,P,5
3.744,tesla,0.00,7.60,,,101.00,,,,0.00,P,5
3.747,tesla,0.00,7.60,,,101.00,,,,0.00,P,5
3.749,tesla,0.00,7.60,,,101.00,,,,0.00,P,5
3.752,tesla,0.00,7.60,,,101.00,,,,0.00,P,5
3.752,tesla,0.00,7.60,,,101.00,,,,0.00,P,5
3.755,tesla,0.00,7.60,,,101.00,,,,0.00,P,5
3.758,tesla,0.00,7.60,,,101.00,,,,0.00,P,5
3.760,tesla,0.00,7.60,,,101.00,,,,0.00,P,5
3.763,tesla,0.00,7.60,,,101.00,,,,0.00,P,5
3.766,tesla,0.00,7.60,,,101.00,,,,0.00,P,5
3.766,tesla,0.00,7.60,,,101.00,,,,0.00,P,5
3.769,tesla,0.00,7.60,,,101.00,,,,0.00,P,5
3.772,tesla,0.00,7.60,,,101.00,,,,0.00,P,5
3.774,tesla,0.00,7.60,,,101.00,,,,0.00,P,5
3.777,tesla,0.00,7.60,,,101.00,,,,0.00,P,5
3.780,tesla,0.00,7.60,,,101.00,,,,0.00,P,5
3.783,tesla,0.00,7.60,,,101.00,,,,0.00,P,5
3.783,tesla,0.00,7.60,,,101.00,,,,0.00,P,5
3.786,tesla,0.00,7.60,,,101.00,,,,0.00,P,5
3.788,tesla,0.00,7.60,,,101.00,,,,0.00,P,5
3.791,tesla,0.00,7.60,,,101.00,,,,0.00,P,5
3.791,tesla,0.00,7.60,,,101.00,,,,0.00,P,5
3.794,tesla,0.00,7.60,,,101.00,,,,0.00,P,5
3.797,tesla,0.00,7.60,,,101.00,,,,0.00,P,5
3.797,tesla,0.00,7.60,,,101.00,,,,0.00,P,5
3.799,tesla,0.00,7.60,,,101.00,,,,0.00,P,5
3.802,tesla,0.00,7.60,,,101.00,,,,0.00,P,5
3.805,tesla,0.00,7.60,,,101.00,,,,0.00,P,5
3.808,tesla,0.00,7.60,,,101.00,,,,0.00,P,5
3.808,tesla,0.00,7.60,,,101.00,,,,0.00,P,5
3.811,tesla,0.00,7.60,,,101.00,,,,0.00,P,5
3.813,tesla,0.00,7.60,,,101.00,,,,0.00,P,5
3.816,tesla,0.00,7.60,,,101.00,,,,0.00,P,5
3.819,tesla,0.00,7.60,,,101.00,,,,0.00,P,5
3.819,tesla,0.00,7.60,,,101.00,,,,0.00,P,5
3.822,tesla,0.00,7.60,,,101.00,,,,0.00,P,5
3.824,tesla,0.00,7.60,,,101.00,,,,0.00,P,5
3.827,tesla,0.00,7.60,,,101.00,,,,0.00,P,5
3.830,tesla,0.00,7.60,,,101.00,,,,0.00,P,5
3.830,tesla,0.00,7.60,,,101.00,,,,0.00,P,5
3.833,tesla,0.00,7.60,,,101.00,,,,0.00,P,5
3.836,tesla,0.00,7.60,,,101.00,,,,0.00,P,5
3.838,tesla,0.00,7.60,,,101.00,,,,0.00,P,5
3.841,tesla,0.00,7.60,,,101.00,,,,0.00,P,5
3.841,tesla,0.00,7.60,,,101.00,,,,0.00,P,5
3.844,tesla,0.00,7.60,,,101.00,,,,0.00,P,5
3.847,tesla,0.00,7.60,,,101.00,,,,0.00,P,5
3.849,tesla,0.00,7.60,,,101.00,,,,0.00,P,5
3.852,tesla,0.00,7.60,,,101.00,,,,0.00,P,5
3.852,tesla,0.00,7.60,,,101.00,,,,0.00,P,5
3.855,tesla,0.00,7.60,,,101.00,,,,0.00,P,5
3.858,tesla,0.00,7.60,,,101.00,,,,0.00,P,5
3.861,tesla,0.00,7.60,,,101.00,,,,0.00,P,5
3.863,tesla,0.00,7.60,,,101.00,,,,0.00,P,5
3.863,tesla,0.00,7.60,,,101.00,,,,0.00,P,5
3.866,tesla,0.00,7.60,,,101.00,,,,0.00,P,5
3.869,tesla,0.00,7.60,,,101.00,,,,0.00,P,5
3.869,tesla,0.00,7.60,,,101.00,,,,0.00,P,5
3.872,tesla,0.00,7.60,,,101.00,,,,0.00,P,5
3.874,tesla,0.00,7.60,,,101.00,,,,0.00,P,5
3.877,tesla,0.00,7.60,,,101.00,,,,0.00,P,5
3.880,tesla,0.00,7.60,,,101.00,,,,0.00,P,5
3.880,tesla,0.00,7.60,,,101.00,,,,0.00,P,5
3.883,tesla,0.00,7.60,,,101.00,,,,0.00,P,5
3.886,tesla,0.00,7.60,,,101.00,,,,0.00,P,5
3.888,tesla,0.00,7.60,,,101.00,,,,0.00,P,5
3.891,tesla,0.00,7.60,,,101.00,,,,0.00,P,5
3.894,tesla,0.00,7.60,,,101.00,,,,0.00,P,5
3.897,tesla,0.00,7.60,,,101.00,,,,0.00,P,5
3.897,tesla,0.00,7.60,,,101.00,,,,0.00,P,5
3.899,tesla,0.00,7.60,,,101.00,,,,0.00,P,5
3.902,tesla,0.00,7.60,,,101.00,,,,0.00,P,5
3.905,tesla,0.00,7.60,,,101.00,,,,0.00,P,5
3.908,tesla,0.00,7.60,,,101.00,,,,0.00,P,5
3.908,tesla,0.00,7.60,,,101.00,,,,0.00,P,5
3.911,tesla,0.00,7.60,,,101.00,,,,0.00,P,5
3.913,tesla,0.00,7.60,,,101.00,,,,0.00,P,5
3.916,tesla,0.00,7.60,,,101.00,,,,0.00,P,5
3.919,tesla,0.00,7.60,,,101.00,,,,0.00,P,5
3.922,tesla,0.00,7.60,,,101.00,,,,0.00,P,5
3.922,tesla,0.00,7.60,,,101.00,,,,0.00,P,5
3.924,tesla,0.00,7.60,,,101.00,,,,0.00,P,5
3.927,tesla,0.00,7.60,,,101.00,,,,0.00,P,5
3.930,tesla,0.00,7.60,,,101.00,,,,0.00,P,5
3.933,tesla,0.00,7.60,,,101.00,,,,0.00,P,5
3.936,tesla,0.00,7.60,,,101.00,,,,0.00,P,5
3.936,tesla,0.00,7.60,,,101.00,,,,0.00,P,5
3.938,tesla,0.00,7.60,,,101.00,,,,0.00,P,5
3.941,tesla,0.00,7.60,,,101.00,,,,0.00,P,5
3.944,tesla,0.00,7.60,,,101.00,,,,0.00,P,5
3.947,tesla,0.00,7.60,,,101.00,,,,0.00,P,5
3.947,tesla,0.00,7.60,,,101.00,,,,0.00,P,5
3.949,tesla,0.00,7.60,,,101.00,,,,0.00,P,5
3.952,tesla,0.00,7.60,,,101.00,,,,0.00,P,5
3.955,tesla,0.00,7.60,,,101.00,,,,0.00,P,5
3.958,tesla,0.00,7.60,,,101.00,,,,0.00,P,5
3.961,tesla,0.00,7.60,,,101.00,,,,0.00,P,5
3.961,tesla,0.00,7.60,,,101.00,,,,0.00,P,5
3.963,tesla,0.00,7.60,,,101.00,,,,0.00,P,5
3.966,tesla,0.00,7.60,,,101.00,,,,0.00,P,5
3.969,tesla,0.00,7.60,,,101.00,,,,0.00,P,5
3.972,tesla,0.00,7.60,,,101.00,,,,0.00,P,5
3.974,tesla,0.00,7.60,,,101.00,,,,0.00,P,5
3.977,tesla,0.00,7.60,,,101.00,,,,0.00,P,5
3.977,tesla,0.00,7.60,,,101.00,,,,0.00,P,5
3.980,tesla,0.00,7.60,,,101.00,,,,0.00,P,5
3.983,tesla,0.00,7.60,,,101.00,,,,0.00,P,5
3.986,tesla,0.00,7.60,,,101.00,,,,0.00,P,5
3.988,tesla,0.00,7.60,,,101.00,,,,0.00,P,5
3.988,tesla,0.00,7.60,,,101.00,,,,0.00,P,5
3.991,tesla,0.00,7.60,,,101.00,,,,0.00,P,5
3.991,tesla,0.00,7.60,,,101.00,,,,0.00,P,5
3.994,tesla,0.00,7.60,,,101.00,,,,0.00,P,5
3.997,tesla,0.00,7.60,,,101.00,,,,0.00,P,5
3.999,tesla,0.00,7.60,,,101.00,,,,0.00,P,5
4.002,tesla,0.00,7.60,,,101.00,,,,0.00,P,5
4.005,tesla,0.00,7.60,,,101.00,,,,0.00,P,5
4.005,tesla,0.00,7.60,,,101.00,,,,0.00,P,5
4.008,tesla,0.00,7.60,,,101.00,,,,0.00,P,5
4.011,tesla,0.00,7.60,,,101.00,,,,0.00,P,5
4.013,tesla,0.00,7.60,,,101.00,,,,0.00,P,5
4.016,tesla,0.00,7.60,,,101.00,,,,0.00,P,5
4.016,tesla,0.00,7.60,,,101.00,,,,0.00,P,5
4.019,tesla,0.00,7.60,,,101.00,,,,0.00,P,5
4.022,tesla,0.00,7.60,,,101.00,,,,0.00,P,5
4.024,tesla,0.00,7.60,,,101.00,,,,0.00,P,5
4.027,tesla,0.00,7.60,,,101.00,,,,0.00,P,5
4.030,tesla,0.00,7.60,,,101.00,,,,0.00,P,5
4.030,tesla,0.00,7.60,,,101.00,,,,0.00,P,5
4.033,tesla,0.00,7.60,,,101.00,,,,0.00,P,5
4.036,tesla,0.00,7.60,,,101.00,,,,0.00,P,5
4.038,tesla,0.00,7.60,,,101.00,,,,0.00,P,5
4.041,tesla,0.00,7.60,,,101.00,,,,0.00,P,5
4.044,tesla,0.00,7.60,,,101.00,,,,0.00,P,5
4.044,tesla,0.00,7.60,,,101.00,,,,0.00,P,5
4.047,tesla,0.00,7.60,,,101.00,,,,0.00,P,5
4.049,tesla,0.00,7.60,,,101.00,,,,0.00,P,5
4.052,tesla,0.00,7.60,,,101.00,,,,0.00,P,5
4.055,tesla,0.00,7.60,,,101.00,,,,0.00,P,5
4.058,tesla,0.00,8.00,,,101.00,,,,0.00,P,5
4.058,tesla,0.00,8.00,,,101.00,,,,0.00,P,5
4.061,tesla,0.00,8.00,,,101.00,,,,0.00,P,5
4.063,tesla,0.00,8.00,,,101.00,,,,0.00,P,5
4.066,tesla,0.00,8.00,,,101.00,,,,0.00,P,5
4.069,tesla,0.00,8.00,,,101.00,,,,0.00,P,5
4.069,tesla,0.00,8.00,,,101.00,,,,0.00,P,5
4.072,tesla,0.00,8.00,,,101.00,,,,0.00,P,5
4.074,tesla,0.00,8.00,,,101.00,,,,0.00,P,5
4.077,tesla,0.00,8.00,,,101.00,,,,0.00,P,5
4.080,tesla,0.00,8.00,,,101.00,,,,0.00,P,5
4.080,tesla,0.00,8.00,,,101.00,,,,0.00,P,5
4.083,tesla,0.00,8.00,,,101.00,,,,0.00,P,5
4.086,tesla,0.00,8.00,,,101.00,,,,0.00,P,5
4.086,tesla,0.00,8.00,,,101.00,,,,0.00,P,5
4.088,tesla,0.00,8.00,,,101.00,,,,0.00,P,5
4.091,tesla,0.00,8.00,,,101.00,,,,0.00,P,5
4.094,tesla,0.00,8.00,,,101.00,,,,0.00,P,5
4.097,tesla,0.00,8.00,,,101.00,,,,0.00,P,5
4.099,tesla,0.00,8.00,,,101.00,,,,0.00,P,5
4.102,tesla,0.00,8.00,,,101.00,,,,0.00,P,5
4.102,tesla,0.00,8.00,,,101.00,,,,0.00,P,5
4.105,tesla,0.00,8.00,,,101.00,,,,0.00,P,5
4.108,tesla,0.00,8.00,,,101.00,,,,0.00,P,5
4.111,tesla,0.00,8.00,,,101.00,,,,0.00,P,5
4.113,tesla,0.00,8.00,,,101.00,,,,0.00,P,5
4.116,tesla,0.00,8.00,,,101.00,,,,0.00,P,5
4.116,tesla,0.00,8.00,,,101.00,,,,0.00,P,5
4.119,tesla,0.00,8.00,,,101.00,,,,0.00,P,5
4.122,tesla,0.00,8.00,,,101.00,,,,0.00,P,5
4.124,tesla,0.00,8.00,,,101.00,,,,0.00,P,5
4.127,tesla,0.00,8.00,,,101.00,,,,0.00,P,5
4.130,tesla,0.00,8.00,,,101.00,,,,0.00,P,5
4.130,tesla,0.00,8.00,,,101.00,,,,0.00,P,5
4.133,tesla,0.00,8.00,,,101.00,,,,0.00,P,5
4.136,tesla,0.00,8.00,,,101.00,,,,0.00,P,5
4.136,tesla,0.00,8.00,,,101.00,,,,0.00,P,5
4.138,tesla,0.00,8.00,,,101.00,,,,0.00,P,5
4.141,tesla,0.00,8.00,,,101.00,,,,0.00,P,5
4.144,tesla,0.00,8.00,,,101.00,,,,0.00,P,5
4.147,tesla,0.00,8.00,,,101.00,,,,0.00,P,5
4.147,tesla,0.00,8.00,,,101.00,,,,0.00,P,5
4.149,tesla,0.00,8.00,,,101.00,,,,0.00,P,5
4.152,tesla,0.00,8.00,,,101.00,,,,0.00,P,5
4.155,tesla,0.00,8.00,,,101.00,,,,0.00,P,5
4.158,tesla,0.00,8.00,,,101.00,,,,0.00,P,5
4.158,tesla,0.00,8.00,,,101.00,,,,0.00,P,5
4.161,tesla,0.00,8.00,,,101.00,,,,0.00,P,5
4.163,tesla,0.00,8.00,,,101.00,,,,0.00,P,5
4.166,tesla,0.00,8.00,,,101.00,,,,0.00,P,5
4.169,tesla,0.00,8.00,,,101.00,,,,0.00,P,5
4.172,tesla,0.00,8.00,,,101.00,,,,0.00,P,5
4.174,tesla,0.00,8.00,,,101.00,,,,0.00,P,5
4.177,tesla,0.00,8.00,,,101.00,,,,0.00,P,5
4.177,tesla,0.00,8.00,,,101.00,,,,0.00,P,5
4.180,tesla,0.00,8.00,,,101.00,,,,0.00,P,5
4.183,tesla,0.00,8.00,,,101.00,,,,0.00,P,5
4.186,tesla,0.00,8.00,,,101.00,,,,0.00,P,5
4.188,tesla,0.00,8.00,,,101.00,,,,0.00,P,5
4.189,tesla,0.00,8.00,,,101.00,,,,0.00,P,5
4.191,tesla,0.00,8.00,,,101.00,,,,0.00,P,5
4.194,tesla,0.00,8.00,,,101.00,,,,0.00,P,5
4.197,tesla,0.00,8.00,,,101.00,,,,0.00,P,5
4.199,tesla,0.00,8.00,,,101.00,,,,0.00,P,5
4.200,tesla,0.00,8.00,,,101.00,,,,0.00,P,5
4.202,tesla,0.00,8.00,,,101.00,,,,0.00,P,5
4.205,tesla,0.00,8.00,,,101.00,,,,0.00,P,5
4.208,tesla,0.00,8.00,,,101.00,,,,0.00,P,5
4.211,tesla,0.00,8.00,,,101.00,,,,0.00,P,5
4.213,tesla,0.00,8.00,,,101.00,,,,0.00,P,5
4.216,tesla,0.00,8.00,,,101.00,,,,0.00,P,5
4.216,tesla,0.00,8.00,,,101.00,,,,0.00,P,5
4.219,tesla,0.00,8.00,,,101.00,,,,0.00,P,5
4.222,tesla,0.00,8.00,,,101.00,,,,0.00,P,5
4.224,tesla,0.00,8.00,,,101.00,,,,0.00,P,5
4.225,tesla,0.00,8.00,,,101.00,,,,0.00,P,5
4.227,tesla,0.00,8.00,,,101.00,,,,0.00,P,5
4.230,tesla,0.00,8.00,,,101.00,,,,0.00,P,5
4.233,tesla,0.00,8.00,,,101.00,,,,0.00,P,5
4.235,tesla,0.00,8.00,,,101.00,,,,0.00,P,5
4.236,tesla,0.00,8.00,,,101.00,,,,0.00,P,5
4.238,tesla,0.00,8.00,,,101.00,,,,0.00,P,5
4.241,tesla,0.00,8.00,,,101.00,,,,0.00,P,5
4.244,tesla,0.00,8.00,,,101.00,,,,0.00,P,5
4.247,tesla,0.00,8.00,,,101.00,,,,0.00,P,5
4.249,tesla,0.00,8.00,,,101.00,,,,0.00,P,5
4.249,tesla,0.00,8.00,,,101.00,,,,0.00,P,5
4.252,tesla,0.00,8.00,,,101.00,,,,0.00,P,5
4.255,tesla,0.00,8.00,,,101.00,,,,0.00,P,5
4.258,tesla,0.00,8.00,,,101.00,,,,0.00,P,5
4.260,tesla,0.00,8.00,,,101.00,,,,0.00,P,5
4.263,tesla,0.00,8.00,,,101.00,,,,0.00,P,5
4.263,tesla,0.00,8.00,,,101.00,,,,0.00,P,5
4.266,tesla,0.00,8.00,,,101.00,,,,0.00,P,5
4.269,tesla,0.00,8.00,,,101.00,,,,0.00,P,5
4.272,tesla,0.00,8.00,,,101.00,,,,0.00,P,5
4.272,tesla,0.00,8.00,,,101.00,,,,0.00,P,5
4.274,tesla,0.00,8.00,,,101.00,,,,0.00,P,5
4.277,tesla,0.00,8.00,,,101.00,,,,0.00,P,5
4.277,tesla,0.00,8.00,,,101.00,,,,0.00,P,5
4.280,tesla,0.00,8.00,,,101.00,,,,0.00,P,5
4.283,tesla,0.00,8.00,,,101.00,,,,0.00,P,5
4.286,tesla,0.00,8.00,,,101.00,,,,0.00,P,5
4.288,tesla,0.00,8.00,,,101.00,,,,0.00,P,5
4.291,tesla,0.00,8.00,,,101.00,,,,0.00,P,5
4.294,tesla,0.00,8.00,,,101.00,,,,0.00,P,5
4.297,tesla,0.00,8.00,,,101.00,,,,0.00,P,5
4.297,tesla,0.00,8.00,,,101.00,,,,0.00,P,5
4.300,tesla,0.00,8.00,,,101.00,,,,0.00,P,5
4.304,tesla,0.00,8.00,,,101.00,,,,0.00,P,5
4.305,tesla,0.00,8.00,,,101.00,,,,0.00,P,5
4.311,tesla,0.00,8.00,,,101.00,,,,0.00,P,5
4.311,tesla,0.00,8.00,,,101.00,,,,0.00,P,5
4.311,tesla,0.00,8.00,,,101.00,,,,0.00,P,5
4.316,tesla,0.00,8.00,,,101.00,,,,0.00,P,5
4.317,tesla,0.00,8.00,,,101.00,,,,0.00,P,5
4.319,tesla,0.00,8.00,,,101.00,,,,0.00,P,5
4.323,tesla,0.00,8.00,,,101.00,,,,0.00,P,5
4.325,tesla,0.00,8.00,,,101.00,,,,0.00,P,5
4.325,tesla,0.00,8.00,,,101.00,,,,0.00,P,5
4.325,tesla,0.00,8.00,,,101.00,,,,0.00,P,5
4.327,tesla,0.00,8.00,,,101.00,,,,0.00,P,5
4.330,tesla,0.00,8.00,,,101.00,,,,0.00,P,5
4.333,tesla,0.00,8.00,,,101.00,,,,0.00,P,5
4.333,tesla,0.00,8.00,,,101.00,,,,0.00,P,5
4.337,tesla,0.00,8.00,,,101.00,,,,0.00,P,5
4.337,tesla,0.00,8.00,,,101.00,,,,0.00,P,5
4.339,tesla,0.00,8.00,,,101.00,,,,0.00,P,5
4.341,tesla,0.00,8.00,,,101.00,,,,0.00,P,5
4.344,tesla,0.00,8.00,,,101.00,,,,0.00,P,5
4.347,tesla,0.00,8.00,,,101.00,,,,0.00,P,5
4.349,tesla,0.00,8.00,,,101.00,,,,0.00,P,5
4.352,tesla,0.00,8.00,,,101.00,,,,0.00,P,5
4.352,tesla,0.00,8.00,,,101.00,,,,0.00,P,5
4.355,tesla,0.00,8.00,,,101.00,,,,0.00,P,5
4.358,tesla,0.00,8.00,,,101.00,,,,0.00,P,5
4.362,tesla,0.00,8.00,,,101.00,,,,0.00,P,5
4.363,tesla,0.00,8.00,,,101.00,,,,0.00,P,5
4.366,tesla,0.00,8.00,,,101.00,,,,0.00,P,5
4.366,tesla,0.00,8.00,,,101.00,,,,0.00,P,5
4.369,tesla,0.00,8.00,,,101.00,,,,0.00,P,5
4.372,tesla,0.00,8.00,,,101.00,,,,0.00,P,5
4.374,tesla,0.00,8.00,,,101.00,,,,0.00,P,5
4.377,tesla,0.00,8.00,,,101.00,,,,0.00,P,5
4.380,tesla,0.00,8.00,,,101.00,,,,0.00,P,5
4.383,tesla,0.00,8.00,,,101.00,,,,0.00,P,5
4.383,tesla,0.00,8.00,,,101.00,,,,0.00,P,5
4.386,tesla,0.00,8.00,,,101.00,,,,0.00,P,5
4.386,tesla,0.00,8.00,,,101.00,,,,0.00,P,5
4.388,tesla,0.00,8.00,,,101.00,,,,0.00,P,5
4.391,tesla,0.00,8.00,,,101.00,,,,0.00,P,5
4.394,tesla,0.00,8.00,,,101.00,,,,0.00,P,5
4.397,tesla,0.00,8.00,,,101.00,,,,0.00,P,5
4.399,tesla,0.00,8.00,,,101.00,,,,0.00,P,5
4.402,tesla,0.00,8.00,,,101.00,,,,0.00,P,5
4.405,tesla,0.00,8.00,,,101.00,,,,0.00,P,5
4.405,tesla,0.00,8.00,,,101.00,,,,0.00,P,5
4.408,tesla,0.00,8.00,,,101.00,,,,0.00,P,5
4.411,tesla,0.00,8.00,,,101.00,,,,0.00,P,5
4.413,tesla,0.00,8.00,,,101.00,,,,0.00,P,5
4.417,tesla,0.00,8.00,,,101.00,,,,0.00,P,5
4.419,tesla,0.00,8.00,,,101.00,,,,0.00,P,5
4.422,tesla,0.00,8.00,,,101.00,,,,0.00,P,5
4.423,tesla,0.00,8.00,,,101.00,,,,0.00,P,5
4.424,tesla,0.00,22.40,,,101.00,,,,0.00,P,5
4.427,tesla,0.00,22.40,,,101.00,,,,0.00,P,5
4.430,tesla,0.00,22.40,,,101.00,,,,0.00,P,5
4.433,tesla,0.00,22.40,,,101.00,,,,0.00,P,5
4.433,tesla,0.00,22.40,,,101.00,,,,0.00,P,5
4.436,tesla,0.00,22.40,,,101.00,,,,0.00,P,5
4.438,tesla,0.00,22.40,,,101.00,,,,0.00,P,5
4.441,tesla,0.00,22.40,,,101.00,,,,0.00,P,5
4.441,tesla,0.00,22.40,,,101.00,,,,0.00,P,5
4.444,tesla,0.00,24.80,,,101.00,,,,0.00,P,5
4.447,tesla,0.00,24.80,,,101.00,,,,0.00,P,5
4.449,tesla,0.00,24.80,,,101.00,,,,0.00,P,5
4.452,tesla,0.00,24.80,,,101.00,,,,0.00,P,5
4.455,tesla,0.00,24.80,,,101.00,,,,0.00,P,5
4.458,tesla,0.00,24.80,,,101.00,,,,0.00,P,5
4.461,tesla,0.00,24.80,,,101.00,,,,0.00,P,5
4.461,tesla,0.00,24.80,,,101.00,,,,0.00,P,5
4.463,tesla,0.00,24.80,,,101.00,,,,0.00,P,5
4.466,tesla,0.00,24.80,,,101.00,,,,0.00,P,5
4.466,tesla,0.00,24.80,,,101.00,,,,0.00,P,5
4.469,tesla,0.00,27.20,,,101.00,,,,0.00,P,5
4.472,tesla,0.00,27.20,,,101.00,,,,0.00,P,5
4.474,tesla,0.00,27.20,,,101.00,,,,0.00,P,5
4.477,tesla,0.00,27.20,,,101.00,,,,0.00,P,5
4.478,tesla,0.00,27.20,,,101.00,,,,0.00,P,5
4.480,tesla,0.00,27.20,,,101.00,,,,0.00,P,5
4.483,tesla,0.00,27.20,,,101.00,,,,0.00,P,5
4.486,tesla,0.00,27.20,,,101.00,,,,0.00,P,5
4.488,tesla,0.00,27.20,,,101.00,,,,0.00,P,5
4.491,tesla,0.00,27.20,,,101.00,,,,0.00,P,5
4.494,tesla,0.00,27.20,,,101.00,,,,0.00,P,5
4.494,tesla,0.00,27.20,,,101.00,,,,0.00,P,5
4.497,tesla,0.00,27.20,,,101.00,,,,0.00,P,5
4.499,tesla,0.00,27.20,,,101.00,,,,0.00,P,5
4.502,tesla,0.00,27.20,,,101.00,,,,0.00,P,5
4.505,tesla,0.00,27.20,,,101.00,,,,0.00,P,5
4.508,tesla,0.00,27.20,,,101.00,,,,0.00,P,5
4.511,tesla,0.00,27.20,,,101.00,,,,0.00,P,5
4.513,tesla,0.00,27.20,,,101.00,,,,0.00,P,5
4.513,tesla,0.00,27.20,,,101.00,,,,0.00,P,5
4.516,tesla,0.00,27.20,,,101.00,,,,0.00,P,5
4.519,tesla,0.00,27.20,,,101.00,,,,0.00,P,5
4.522,tesla,0.00,27.20,,,101.00,,,,0.00,P,5
4.524,tesla,0.00,27.20,,,101.00,,,,0.00,P,5
4.525,tesla,0.00,27.20,,,101.00,,,,0.00,P,5
4.527,tesla,0.00,27.20,,,101.00,,,,0.00,P,5
4.527,tesla,0.00,27.20,,,101.00,,,,0.00,P,5
4.530,tesla,0.00,27.20,,,101.00,,,,0.00,P,5
4.533,tesla,0.00,27.20,,,101.00,,,,0.00,P,5
4.536,tesla,0.00,27.20,,,101.00,,,,0.00,P,5
4.536,tesla,0.00,27.20,,,101.00,,,,0.00,P,5
4.538,tesla,0.00,27.20,,,101.00,,,,0.00,P,5
4.539,tesla,0.00,27.20,,,101.00,,,,0.00,P,5
4.541,tesla,0.00,27.20,,,101.00,,,,0.00,P,5
4.544,tesla,0.00,27.20,,,101.00,,,,0.00,P,5
4.547,tesla,0.00,27.20,,,101.00,,,,0.00,P,5
4.549,tesla,0.00,27.20,,,101.00,,,,0.00,P,5
4.550,tesla,0.00,27.20,,,101.00,,,,0.00,P,5
4.552,tesla,0.00,27.20,,,101.00,,,,0.00,P,5
4.552,tesla,0.00,27.20,,,101.00,,,,0.00,P,5
4.555,tesla,0.00,27.20,,,101.00,,,,0.00,P,5
4.558,tesla,0.00,27.20,,,101.00,,,,0.00,P,5
4.558,tesla,0.00,27.20,,,101.00,,,,0.00,P,5
4.561,tesla,0.00,27.20,,,101.00,,,,0.00,P,5
4.563,tesla,0.00,27.20,,,101.00,,,,0.00,P,5
4.566,tesla,0.00,27.20,,,101.00,,,,0.00,P,5
4.569,tesla,0.00,27.20,,,101.00,,,,0.00,P,5
4.572,tesla,0.00,27.20,,,101.00,,,,0.00,P,5
4.572,tesla,0.00,27.20,,,101.00,,,,0.00,P,5
4.572,tesla,0.00,27.20,,,101.00,,,,0.00,P,5
4.574,tesla,0.00,27.20,,,101.00,,,,0.00,P,5
4.577,tesla,0.00,27.20,,,101.00,,,,0.00,P,5
4.580,tesla,0.00,27.20,,,101.00,,,,0.00,P,5
4.583,tesla,0.00,27.20,,,101.00,,,,0.00,P,5
4.583,tesla,0.00,27.20,,,101.00,,,,0.00,P,5
4.586,tesla,0.00,27.20,,,101.00,,,,0.00,P,5
4.588,tesla,0.00,27.20,,,101.00,,,,0.00,P,5
4.591,tesla,0.00,27.20,,,101.00,,,,0.00,P,5
4.594,tesla,0.00,27.20,,,101.00,,,,0.00,P,5
4.594,tesla,0.00,27.20,,,101.00,,,,0.00,P,5
4.597,tesla,0.00,27.20,,,101.00,,,,0.00,P,5
4.599,tesla,0.00,27.20,,,101.00,,,,0.00,P,5
4.602,tesla,0.00,27.20,,,101.00,,,,0.00,P,5
4.605,tesla,0.00,27.20,,,101.00,,,,0.00,P,5
4.605,tesla,0.00,26.40,,,101.00,,,,0.00,P,5
4.608,tesla,0.00,26.40,,,101.00,,,,0.00,P,5
4.611,tesla,0.00,26.40,,,101.00,,,,0.00,P,5
4.613,tesla,0.00,26.40,,,101.00,,,,0.00,P,5
4.616,tesla,0.00,26.40,,,101.00,,,,0.00,P,5
4.619,tesla,0.00,26.40,,,101.00,,,,0.00,P,5
4.622,tesla,0.00,26.40,,,101.00,,,,0.00,P,5
4.624,tesla,0.00,26.40,,,101.00,,,,0.00,P,5
4.625,tesla,0.00,26.40,,,101.00,,,,0.00,P,5
4.627,tesla,0.00,26.40,,,101.00,,,,0.00,P,5
4.630,tesla,0.00,25.60,,,101.00,,,,0.00,P,5
4.633,tesla,0.00,25.60,,,101.00,,,,0.00,P,5
4.636,tesla,0.00,25.60,,,101.00,,,,0.00,P,5
4.638,tesla,0.00,25.60,,,101.00,,,,0.00,P,5
4.641,tesla,0.00,25.60,,,101.00,,,,0.00,P,5
4.644,tesla,0.00,25.60,,,101.00,,,,0.00,P,5
4.644,tesla,0.00,25.60,,,101.00,,,,0.00,P,5
4.647,tesla,0.00,25.60,,,101.00,,,,0.00,P,5
4.649,tesla,0.00,25.60,,,101.00,,,,0.00,P,5
4.652,tesla,0.00,25.60,,,101.00,,,,0.00,P,5
4.652,tesla,0.00,25.60,,,101.00,,,,0.00,P,5
4.655,tesla,0.00,25.60,,,101.00,,,,0.00,P,5
4.658,tesla,0.00,25.60,,,101.00,,,,0.00,P,5
4.661,tesla,0.00,25.60,,,101.00,,,,0.00,P,5
4.663,tesla,0.00,25.60,,,101.00,,,,0.00,P,5
4.664,tesla,0.00,25.60,,,101.00,,,,0.00,P,5
4.666,tesla,0.00,25.60,,,101.00,,,,0.00,P,5
4.669,tesla,0.00,25.60,,,101.00,,,,0.00,P,5
4.672,tesla,0.00,25.60,,,101.00,,,,0.00,P,5
4.674,tesla,0.00,25.60,,,101.00,,,,0.00,P,5
4.677,tesla,0.00,25.60,,,101.00,,,,0.00,P,5
4.680,tesla,0.00,25.60,,,101.00,,,,0.00,P,5
4.683,tesla,0.00,25.60,,,101.00,,,,0.00,P,5
4.683,tesla,0.00,25.60,,,101.00,,,,0.00,P,5
4.686,tesla,0.00,25.60,,,101.00,,,,0.00,P,5
4.688,tesla,0.00,25.60,,,101.00,,,,0.00,P,5
4.691,tesla,0.00,25.60,,,101.00,,,,0.00,P,5
4.694,tesla,0.00,25.60,,,101.00,,,,0.00,P,5
4.697,tesla,0.00,25.60,,,101.00,,,,0.00,P,5
4.699,tesla,0.00,25.60,,,101.00,,,,0.00,P,5
4.702,tesla,0.00,25.60,,,101.00,,,,0.00,P,5
4.702,tesla,0.00,25.60,,,101.00,,,,0.00,P,5
4.705,tesla,0.00,25.60,,,101.00,,,,0.00,P,5
4.708,tesla,0.00,25.60,,,101.00,,,,0.00,P,5
4.711,tesla,0.00,25.60,,,101.00,,,,0.00,P,5
4.713,tesla,0.00,25.60,,,101.00,,,,0.00,P,5
4.714,tesla,0.00,25.60,,,101.00,,,,0.00,P,5
4.716,tesla,0.00,25.60,,,101.00,,,,0.00,P,5
4.719,tesla,0.00,25.60,,,101.00,,,,0.00,P,5
4.722,tesla,0.00,25.60,,,101.00,,,,0.00,P,5
4.722,tesla,0.00,25.60,,,101.00,,,,0.00,P,5
4.725,tesla,0.00,25.60,,,101.00,,,,0.00,P,5
4.728,tesla,0.00,25.60,,,101.00,,,,0.00,P,5
4.728,tesla,0.00,25.60,,,101.00,,,,0.00,P,5
4.730,tesla,0.00,25.60,,,101.00,,,,0.00,P,5
4.733,tesla,0.00,25.60,,,101.00,,,,0.00,P,5
4.736,tesla,0.00,25.60,,,101.00,,,,0.00,P,5
4.738,tesla,0.00,25.60,,,101.00,,,,0.00,P,5
4.738,tesla,0.00,25.60,,,101.00,,,,0.00,P,5
4.741,tesla,0.00,25.60,,,101.00,,,,0.00,P,5
4.744,tesla,0.00,25.60,,,101.00,,,,0.00,P,5
4.747,tesla,0.00,25.60,,,101.00,,,,0.00,P,5
4.749,tesla,0.00,25.60,,,101.00,,,,0.00,P,5
4.750,tesla,0.00,25.60,,,101.00,,,,0.00,P,5
4.752,tesla,0.00,25.60,,,101.00,,,,0.00,P,5
4.755,tesla,0.00,25.60,,,101.00,,,,0.00,P,5
4.758,tesla,0.00,25.60,,,101.00,,,,0.00,P,5
4.761,tesla,0.00,25.60,,,101.00,,,,0.00,P,5
4.761,tesla,0.00,25.60,,,101.00,,,,0.00,P,5
4.763,tesla,0.00,25.60,,,101.00,,,,0.00,P,5
4.766,tesla,0.00,25.60,,,101.00,,,,0.00,P,5
4.769,tesla,0.00,25.60,,,101.00,,,,0.00,P,5
4.769,tesla,0.00,25.60,,,101.00,,,,0.00,P,5
4.772,tesla,0.00,25.60,,,101.00,,,,0.00,P,5
4.774,tesla,0.00,25.60,,,101.00,,,,0.00,P,5
4.777,tesla,0.00,25.60,,,101.00,,,,0.00,P,5
4.780,tesla,0.00,25.60,,,101.00,,,,0.00,P,5
4.783,tesla,0.00,25.60,,,101.00,,,,0.00,P,5
4.783,tesla,0.00,25.60,,,101.00,,,,0.00,P,5
4.786,tesla,0.00,25.60,,,101.00,,,,0.00,P,5
4.788,tesla,0.00,25.60,,,101.00,,,,0.00,P,5
4.791,tesla,0.00,25.60,,,101.00,,,,0.00,P,5
4.791,tesla,0.00,25.60,,,101.00,,,,0.00,P,5
4.794,tesla,0.00,25.60,,,101.00,,,,0.00,P,5
4.797,tesla,0.00,25.60,,,101.00,,,,0.00,P,5
4.800,tesla,0.00,25.60,,,101.00,,,,0.00,P,5
4.802,tesla,0.00,20.40,,,101.00,,,,0.00,P,5
4.802,tesla,0.00,20.40,,,101.00,,,,0.00,P,5
4.805,tesla,0.00,20.40,,,101.00,,,,0.00,P,5
4.808,tesla,0.00,20.40,,,101.00,,,,0.00,P,5
4.811,tesla,0.00,20.40,,,101.00,,,,0.00,P,5
4.813,tesla,0.00,20.40,,,101.00,,,,0.00,P,5
4.816,tesla,0.00,20.40,,,101.00,,,,0.00,P,5
4.819,tesla,0.00,20.40,,,101.00,,,,0.00,P,5
4.822,tesla,0.00,20.40,,,101.00,,,,0.00,P,5
4.822,tesla,0.00,20.40,,,101.00,,,,0.00,P,5
4.825,tesla,0.00,20.40,,,101.00,,,,0.00,P,5
4.827,tesla,0.00,20.40,,,101.00,,,,0.00,P,5
4.830,tesla,0.00,20.40,,,101.00,,,,0.00,P,5
4.833,tesla,0.00,20.40,,,101.00,,,,0.00,P,5
4.836,tesla,0.00,20.40,,,101.00,,,,0.00,P,5
4.838,tesla,0.00,20.40,,,101.00,,,,0.00,P,5
4.841,tesla,0.00,20.40,,,101.00,,,,0.00,P,5
4.842,tesla,0.00,20.40,,,101.00,,,,0.00,P,5
4.844,tesla,0.00,20.40,,,101.00,,,,0.00,P,5
4.847,tesla,0.00,20.40,,,101.00,,,,0.00,P,5
4.849,tesla,0.00,20.40,,,101.00,,,,0.00,P,5
4.850,tesla,0.00,20.40,,,101.00,,,,0.00,P,5
4.852,tesla,0.00,20.40,,,101.00,,,,0.00,P,5
4.855,tesla,0.00,20.40,,,101.00,,,,0.00,P,5
4.858,tesla,0.00,20.40,,,101.00,,,,0.00,P,5
4.861,tesla,0.00,20.40,,,101.00,,,,0.00,P,5
4.861,tesla,0.00,20.40,,,101.00,,,,0.00,P,5
4.864,tesla,0.00,20.40,,,101.00,,,,0.00,P,5
4.866,tesla,0.00,20.40,,,101.00,,,,0.00,P,5
4.866,tesla,0.00,20.40,,,101.00,,,,0.00,P,5
4.869,tesla,0.00,20.40,,,101.00,,,,0.00,P,5
4.872,tesla,0.00,20.40,,,101.00,,,,0.00,P,5
4.874,tesla,0.00,20.40,,,101.00,,,,0.00,P,5
4.875,tesla,0.00,20.40,,,101.00,,,,0.00,P,5
4.877,tesla,0.00,20.40,,,101.00,,,,0.00,P,5
4.880,tesla,0.00,20.40,,,101.00,,,,0.00,P,5
4.883,tesla,0.00,20.40,,,101.00,,,,0.00,P,5
4.886,tesla,0.00,20.40,,,101.00,,,,0.00,P,5
4.886,tesla,0.00,20.40,,,101.00,,,,0.00,P,5
4.888,tesla,0.00,20.40,,,101.00,,,,0.00,P,5
4.891,tesla,0.00,20.40,,,101.00,,,,0.00,P,5
4.894,tesla,0.00,20.40,,,101.00,,,,0.00,P,5
4.897,tesla,0.00,20.40,,,101.00,,,,0.00,P,5
4.897,tesla,0.00,20.40,,,101.00,,,,0.00,P,5
4.900,tesla,0.00,20.40,,,101.00,,,,0.00,P,5
4.902,tesla,0.00,20.40,,,101.00,,,,0.00,P,5
4.905,tesla,0.00,20.40,,,101.00,,,,0.00,P,5
4.908,tesla,0.00,20.40,,,101.00,,,,0.00,P,5
4.908,tesla,0.00,20.40,,,101.00,,,,0.00,P,5
4.911,tesla,0.00,20.40,,,101.00,,,,0.00,P,5
4.913,tesla,0.00,20.40,,,101.00,,,,0.00,P,5
4.916,tesla,0.00,20.40,,,101.00,,,,0.00,P,5
4.919,tesla,0.00,20.40,,,101.00,,,,0.00,P,5
4.919,tesla,0.00,20.40,,,101.00,,,,0.00,P,5
4.922,tesla,0.00,20.40,,,101.00,,,,0.00,P,5
4.925,tesla,0.00,20.40,,,101.00,,,,0.00,P,5
4.930,tesla,0.00,20.40,,,101.00,,,,0.00,P,5
4.933,tesla,0.00,20.40,,,101.00,,,,0.00,P,5
4.933,tesla,0.00,20.40,,,101.00,,,,0.00,P,5
4.936,tesla,0.00,20.40,,,101.00,,,,0.00,P,5
4.938,tesla,0.00,20.40,,,101.00,,,,0.00,P,5
4.941,tesla,0.00,0.00,,,101.00,,,,0.00,P,5
4.941,tesla,0.00,0.00,,,101.00,,,,0.00,P,5
4.944,tesla,0.00,0.00,,,101.00,,,,0.00,P,5
4.947,tesla,0.00,0.00,,,101.00,,,,0.00,P,5
4.949,tesla,0.00,0.00,,,101.00,,,,0.00,P,5
4.952,tesla,0.00,0.00,,,101.00,,,,0.00,P,5
4.955,tesla,0.00,0.00,,,101.00,,,,0.00,P,5
4.958,tesla,0.00,0.00,,,101.00,,,,0.00,P,5
4.958,tesla,0.00,0.00,,,101.00,,,,0.00,P,5
4.961,tesla,0.00,0.00,,,101.00,,,,0.00,P,5
4.963,tesla,0.00,0.00,,,101.00,,,,0.00,P,5
4.966,tesla,0.00,0.00,,,101.00,,,,0.00,P,5
4.969,tesla,0.00,0.00,,,101.00,,,,0.00,P,5
4.972,tesla,0.00,0.00,,,101.00,,,,0.00,P,5
4.974,tesla,0.00,0.00,,,101.00,,,,0.00,P,5
4.975,tesla,0.00,0.00,,,101.00,,,,0.00,P,5
4.977,tesla,0.00,0.00,,,101.00,,,,0.00,P,5
4.980,tesla,0.00,0.00,,,101.00,,,,0.00,P,5
4.983,tesla,0.00,0.00,,,101.00,,,,0.00,P,5
4.986,tesla,0.00,0.00,,,101.00,,,,0.00,P,5
4.986,tesla,0.00,0.00,,,101.00,,,,0.00,P,5
4.988,tesla,0.00,0.00,,,101.00,,,,0.00,P,5
4.989,tesla,0.00,0.00,,,101.00,,,,0.00,P,5
4.991,tesla,0.00,0.00,,,101.00,,,,0.00,P,5
4.994,tesla,0.00,0.00,,,101.00,,,,0.00,P,5
4.997,tesla,0.00,0.00,,,101.00,,,,0.00,P,5
4.999,tesla,0.00,0.00,,,101.00,,,,0.00,P,5
5.002,tesla,0.00,0.00,,,101.00,,,,0.00,P,5
5.002,tesla,0.00,0.00,,,101.00,,,,0.00,P,5
5.005,tesla,0.00,0.00,,,101.00,,,,0.00,P,5
5.008,tesla,0.00,0.00,,,101.00,,,,0.00,P,5
5.011,tesla,0.00,0.00,,,101.00,,,,0.00,P,5
5.013,tesla,0.00,0.00,,,101.00,,,,0.00,P,5
5.016,tesla,0.00,0.00,,,101.00,,,,0.00,P,5
5.016,tesla,0.00,0.00,,,101.00,,,,0.00,P,5
5.019,tesla,0.00,0.00,,,101.00,,,,0.00,P,5
5.022,tesla,0.00,0.00,,,101.00,,,,0.00,P,5
5.024,tesla,0.00,0.00,,,101.00,,,,0.00,P,5
5.025,tesla,0.00,0.00,,,101.00,,,,0.00,P,5
5.027,tesla,0.00,0.00,,,101.00,,,,0.00,P,5
5.030,tesla,0.00,0.00,,,101.00,,,,0.00,P,5
5.030,tesla,0.00,0.00,,,101.00,,,,0.00,P,5
5.033,tesla,0.00,0.00,,,101.00,,,,0.00,P,5
5.036,tesla,0.00,0.00,,,101.00,,,,0.00,P,5
5.036,tesla,0.00,0.00,,,101.00,,,,0.00,P,5
5.038,tesla,0.00,0.00,,,101.00,,,,0.00,P,5
5.041,tesla,0.00,0.00,,,101.00,,,,0.00,P,5
5.044,tesla,0.00,0.00,,,101.00,,,,0.00,P,5
5.047,tesla,0.00,0.00,,,101.00,,,,0.00,P,5
5.049,tesla,0.00,0.00,,,101.00,,,,0.00,P,5
5.050,tesla,0.00,0.00,,,101.00,,,,0.00,P,5
5.052,tesla,0.00,0.00,,,101.00,,,,0.00,P,5
5.055,tesla,0.00,0.00,,,101.00,,,,0.00,P,5
5.058,tesla,0.00,0.00,,,101.00,,,,0.00,P,5
5.061,tesla,0.00,0.00,,,101.00,,,,0.00,P,5
5.064,tesla,0.00,0.00,,,101.00,,,,0.00,P,5
5.066,tesla,0.00,0.00,,,101.00,,,,0.00,P,5
5.066,tesla,0.00,0.00,,,101.00,,,,0.00,P,5
5.069,tesla,0.00,0.00,,,101.00,,,,0.00,P,5
5.072,tesla,0.00,0.00,,,101.00,,,,0.00,P,5
5.074,tesla,0.00,0.00,,,101.00,,,,0.00,P,5
5.077,tesla,0.00,0.00,,,101.00,,,,0.00,P,5
5.077,tesla,0.00,0.00,,,101.00,,,,0.00,P,5
5.080,tesla,0.00,0.00,,,101.00,,,,0.00,P,5
5.083,tesla,0.00,0.00,,,101.00,,,,0.00,P,5
5.086,tesla,0.00,0.00,,,101.00,,,,0.00,P,5
5.088,tesla,0.00,0.00,,,101.00,,,,0.00,P,5
5.091,tesla,0.00,0.00,,,101.00,,,,0.00,P,5
5.092,tesla,0.00,0.00,,,101.00,,,,0.00,P,5
5.094,tesla,0.00,0.00,,,101.00,,,,0.00,P,5
5.097,tesla,0.00,0.00,,,101.00,,,,0.00,P,5
5.099,tesla,0.00,0.00,,,101.00,,,,0.00,P,5
5.102,tesla,0.00,0.00,,,101.00,,,,0.00,P,5
5.105,tesla,0.00,0.00,,,101.00,,,,0.00,P,5
5.108,tesla,0.00,0.00,,,101.00,,,,0.00,P,5
5.108,tesla,0.00,0.00,,,101.00,,,,0.00,P,5
5.111,tesla,0.00,0.00,,,101.00,,,,0.00,P,5
5.113,tesla,0.00,0.00,,,101.00,,,,0.00,P,5
5.116,tesla,0.00,0.00,,,101.00,,,,0.00,P,5
5.119,tesla,0.00,0.00,,,101.00,,,,0.00,P,5
5.122,tesla,0.00,0.00,,,101.00,,,,0.00,P,5
5.122,tesla,0.00,0.00,,,101.00,,,,0.00,P,5
5.124,tesla,0.00,0.00,,,101.00,,,,0.00,P,5
5.127,tesla,0.00,0.00,,,101.00,,,,0.00,P,5
5.130,tesla,0.00,0.00,,,101.00,,,,0.00,P,5
5.133,tesla,0.00,0.00,,,101.00,,,,0.00,P,5
5.133,tesla,0.00,0.00,,,101.00,,,,0.00,P,5
5.136,tesla,0.00,0.00,,,101.00,,,,0.00,P,5
5.138,tesla,0.00,0.00,,,101.00,,,,0.00,P,5
5.141,tesla,0.00,0.00,,,101.00,,,,0.00,P,5
5.141,tesla,0.00,0.00,,,101.00,,,,0.00,P,5
5.144,tesla,0.00,0.00,,,101.00,,,,0.00,P,5
5.147,tesla,0.00,0.00,,,101.00,,,,0.00,P,5
5.150,tesla,0.00,0.00,,,101.00,,,,0.00,P,5
5.150,tesla,0.00,0.00,,,101.00,,,,0.00,P,5
5.152,tesla,0.00,0.00,,,101.00,,,,0.00,P,5
5.155,tesla,0.00,0.00,,,101.00,,,,0.00,P,5
5.158,tesla,0.00,0.00,,,101.00,,,,0.00,P,5
5.161,tesla,0.00,0.00,,,101.00,,,,0.00,P,5
5.163,tesla,0.00,0.00,,,101.00,,,,0.00,P,5
5.166,tesla,0.00,0.00,,,101.00,,,,0.00,P,5
5.169,tesla,0.00,0.00,,,101.00,,,,0.00,P,5
5.169,tesla,0.00,0.00,,,101.00,,,,0.00,P,5
5.172,tesla,0.00,0.00,,,101.00,,,,0.00,P,5
5.174,tesla,0.00,0.00,,,101.00,,,,0.00,P,5
5.177,tesla,0.00,0.00,,,101.00,,,,0.00,P,5
5.180,tesla,0.00,0.00,,,101.00,,,,0.00,P,5
5.183,tesla,0.00,0.00,,,101.00,,,,0.00,P,5
5.183,tesla,0.00,0.00,,,101.00,,,,0.00,P,5
5.186,tesla,0.00,0.00,,,101.00,,,,0.00,P,5
5.188,tesla,0.00,0.00,,,101.00,,,,0.00,P,5
5.188,tesla,0.00,0.00,,,101.00,,,,0.00,P,5
5.191,tesla,0.00,0.00,,,101.00,,,,0.00,P,5
5.194,tesla,0.00,0.00,,,101.00,,,,0.00,P,5
5.197,tesla,0.00,0.00,,,101.00,,,,0.00,P,5
5.199,tesla,0.00,0.00,,,101.00,,,,0.00,P,5
5.202,tesla,0.00,0.00,,,101.00,,,,0.00,P,5
5.202,tesla,0.00,0.00,,,101.00,,,,0.00,P,5
5.205,tesla,0.00,0.00,,,101.00,,,,0.00,P,5
5.208,tesla,0.00,0.00,,,101.00,,,,0.00,P,5
5.211,tesla,0.00,0.00,,,101.00,,,,0.00,P,5
5.211,tesla,0.00,0.00,,,101.00,,,,0.00,P,5
5.213,tesla,0.00,0.00,,,101.00,,,,0.00,P,5
5.216,tesla,0.00,0.00,,,101.00,,,,0.00,P,5
5.219,tesla,0.00,0.00,,,101.00,,,,0.00,P,5
5.219,tesla,0.00,0.00,,,101.00,,,,0.00,P,5
5.222,tesla,0.00,0.00,,,101.00,,,,0.00,P,5
5.224,tesla,0.00,0.00,,,101.00,,,,0.00,P,5
5.225,tesla,0.00,0.00,,,101.00,,,,0.00,P,5
5.227,tesla,0.00,0.00,,,101.00,,,,0.00,P,5
5.230,tesla,0.00,0.00,,,101.00,,,,0.00,P,5
5.230,tesla,0.00,0.00,,,101.00,,,,0.00,P,5
5.233,tesla,0.00,0.00,,,101.00,,,,0.00,P,5
5.236,tesla,0.00,0.00,,,101.00,,,,0.00,P,5
5.236,tesla,0.00,0.00,,,101.00,,,,0.00,P,5
5.238,tesla,0.00,0.00,,,101.00,,,,0.00,P,5
5.241,tesla,0.00,0.00,,,101.00,,,,0.00,P,5
5.244,tesla,0.00,0.00,,,101.00,,,,0.00,P,5
5.247,tesla,0.00,0.00,,,101.00,,,,0.00,P,5
5.249,tesla,0.00,0.00,,,101.00,,,,0.00,P,5
5.250,tesla,0.00,0.00,,,101.00,,,,0.00,P,5
5.252,tesla,0.00,0.00,,,101.00,,,,0.00,P,5
5.255,tesla,0.00,0.00,,,101.00,,,,0.00,P,5
5.258,tesla,0.00,0.00,,,101.00,,,,0.00,P,5
5.261,tesla,0.00,0.00,,,101.00,,,,0.00,P,5
5.263,tesla,0.00,0.00,,,101.00,,,,0.00,P,5
5.266,tesla,0.00,0.00,,,101.00,,,,0.00,P,5
5.266,tesla,0.00,0.00,,,101.00,,,,0.00,P,5
5.269,tesla,0.00,0.00,,,101.00,,,,0.00,P,5
5.269,tesla,0.00,0.00,,,101.00,,,,0.00,P,5
5.272,tesla,0.00,0.00,,,101.00,,,,0.00,P,5
5.274,tesla,0.00,0.00,,,101.00,,,,0.00,P,5
5.277,tesla,0.00,0.00,,,101.00,,,,0.00,P,5
5.280,tesla,0.00,0.00,,,101.00,,,,0.00,P,5
5.283,tesla,0.00,0.00,,,101.00,,,,0.00,P,5
5.286,tesla,0.00,0.00,,,101.00,,,,0.00,P,5
5.286,tesla,0.00,0.00,,,101.00,,,,0.00,P,5
5.288,tesla,0.00,0.00,,,101.00,,,,0.00,P,5
5.291,tesla,0.00,0.00,,,101.00,,,,0.00,P,5
5.291,tesla,0.00,0.00,,,101.00,,,,0.00,P,5
5.294,tesla,0.00,0.00,,,101.00,,,,0.00,P,5
5.297,tesla,0.00,0.00,,,101.00,,,,0.00,P,5
5.299,tesla,0.00,0.00,,,101.00,,,,0.00,P,5
5.302,tesla,0.00,0.00,,,101.00,,,,0.00,P,5
5.305,tesla,0.00,0.00,,,101.00,,,,0.00,P,5
5.308,tesla,0.00,0.00,,,101.00,,,,0.00,P,5
5.308,tesla,0.00,0.00,,,101.00,,,,0.00,P,5
5.311,tesla,0.00,0.00,,,101.00,,,,0.00,P,5
5.313,tesla,0.00,0.00,,,101.00,,,,0.00,P,5
5.316,tesla,0.00,0.00,,,101.00,,,,0.00,P,5
5.319,tesla,0.00,0.00,,,101.00,,,,0.00,P,5
5.322,tesla,0.00,0.00,,,101.00,,,,0.00,P,5
5.324,tesla,0.00,0.00,,,101.00,,,,0.00,P,5
5.327,tesla,0.00,0.00,,,101.00,,,,0.00,P,5
5.327,tesla,0.00,0.00,,,101.00,,,,0.00,P,5
5.330,tesla,0.00,0.00,,,101.00,,,,0.00,P,5
5.333,tesla,0.00,0.00,,,101.00,,,,0.00,P,5
5.336,tesla,0.00,0.00,,,101.00,,,,0.00,P,5
5.338,tesla,0.00,0.00,,,101.00,,,,0.00,P,5
5.341,tesla,0.00,0.00,,,101.00,,,,0.00,P,5
5.344,tesla,0.00,0.00,,,101.00,,,,0.00,P,5
5.344,tesla,0.00,0.00,,,101.00,,,,0.00,P,5
5.347,tesla,0.00,0.00,,,101.00,,,,0.00,P,5
5.349,tesla,0.00,0.00,,,101.00,,,,0.00,P,5
5.352,tesla,0.00,0.00,,,101.00,,,,0.00,P,5
5.353,tesla,0.00,0.00,,,101.00,,,,0.00,P,5
5.355,tesla,0.00,0.00,,,101.00,,,,0.00,P,5
5.358,tesla,0.00,0.00,,,101.00,,,,0.00,P,5
5.361,tesla,0.00,0.00,,,101.00,,,,0.00,P,5
5.363,tesla,0.00,0.00,,,101.00,,,,0.00,P,5
5.366,tesla,0.00,0.00,,,101.00,,,,0.00,P,5
5.369,tesla,0.00,0.00,,,101.00,,,,0.00,P,5
5.372,tesla,0.00,0.00,,,101.00,,,,0.00,P,5
5.372,tesla,0.00,0.00,,,101.00,,,,0.00,P,5
5.374,tesla,0.00,0.00,,,101.00,,,,0.00,P,5
5.377,tesla,0.00,0.00,,,101.00,,,,0.00,P,5
5.380,tesla,0.00,0.00,,,101.00,,,,0.00,P,5
5.383,tesla,0.00,0.00,,,101.00,,,,0.00,P,5
5.386,tesla,0.00,0.00,,,101.00,,,,0.00,P,5
5.388,tesla,0.00,0.00,,,101.00,,,,0.00,P,5
5.391,tesla,0.00,0.00,,,101.00,,,,0.00,P,5
5.391,tesla,0.00,0.00,,,101.00,,,,0.00,P,5
5.394,tesla,0.00,0.00,,,101.00,,,,0.00,P,5
5.397,tesla,0.00,0.00,,,101.00,,,,0.00,P,5
5.399,tesla,0.00,0.00,,,101.00,,,,0.00,P,5
5.402,tesla,0.00,0.00,,,101.00,,,,0.00,P,5
5.405,tesla,0.00,0.00,,,101.00,,,,0.00,P,5
5.405,tesla,0.00,0.00,,,101.00,,,,0.00,P,5
5.408,tesla,0.00,0.00,,,101.00,,,,0.00,P,5
5.411,tesla,0.00,0.00,,,101.00,,,,0.00,P,5
5.413,tesla,0.00,0.00,,,101.00,,,,0.00,P,5
5.416,tesla,0.00,0.00,,,101.00,,,,0.00,P,5
5.419,tesla,0.00,0.00,,,101.00,,,,0.00,P,5
5.419,tesla,0.00,0.00,,,101.00,,,,0.00,P,5
5.422,tesla,0.00,0.00,,,101.00,,,,0.00,P,5
5.424,tesla,0.00,0.00,,,101.00,,,,0.00,P,5
5.425,tesla,0.00,0.00,,,101.00,,,,0.00,P,5
5.427,tesla,0.00,0.00,,,101.00,,,,0.00,P,5
5.427,tesla,0.00,0.00,,,101.00,,,,0.00,P,5
5.430,tesla,0.00,0.00,,,101.00,,,,0.00,P,5
5.433,tesla,0.00,0.00,,,101.00,,,,0.00,P,5
5.436,tesla,0.00,0.00,,,101.00,,,,0.00,P,5
5.436,tesla,0.00,0.00,,,101.00,,,,0.00,P,5
5.438,tesla,0.00,0.00,,,101.00,,,,0.00,P,5
5.441,tesla,0.00,0.00,,,101.00,,,,0.00,P,5
5.444,tesla,0.00,0.00,,,101.00,,,,0.00,P,5
5.444,tesla,0.00,0.00,,,101.00,,,,0.00,P,5
5.447,tesla,0.00,0.00,,,101.00,,,,0.00,P,5
5.449,tesla,0.00,0.00,,,101.00,,,,0.00,P,5
5.450,tesla,0.00,0.00,,,101.00,,,,0.00,P,5
5.452,tesla,0.00,0.00,,,101.00,,,,0.00,P,5
5.455,tesla,0.00,0.00,,,101.00,,,,0.00,P,5
5.458,tesla,0.00,0.00,,,101.00,,,,0.00,P,5
5.461,tesla,0.00,0.00,,,101.00,,,,0.00,P,5
5.463,tesla,0.00,0.00,,,101.00,,,,0.00,P,5
5.464,tesla,0.00,0.00,,,101.00,,,,0.00,P,5
5.466,tesla,0.00,0.00,,,101.00,,,,0.00,P,5
5.472,tesla,0.00,0.00,,,101.00,,,,0.00,P,5
5.472,tesla,0.00,0.00,,,101.00,,,,0.00,P,5
5.475,tesla,0.00,0.00,,,101.00,,,,0.00,P,5
5.477,tesla,0.00,0.00,,,101.00,,,,0.00,P,5
5.478,tesla,0.00,0.00,,,101.00,,,,0.00,P,5
5.480,tesla,0.00,0.00,,,101.00,,,,0.00,P,5
5.483,tesla,0.00,0.00,,,101.00,,,,0.00,P,5
5.486,tesla,0.00,0.00,,,101.00,,,,0.00,P,5
5.488,tesla,0.00,0.00,,,101.00,,,,0.00,P,5
5.489,tesla,0.00,0.00,,,101.00,,,,0.00,P,5
5.491,tesla,0.00,0.00,,,101.00,,,,0.00,P,5
5.494,tesla,0.00,0.00,,,101.00,,,,0.00,P,5
5.497,tesla,0.00,0.00,,,101.00,,,,0.00,P,5
5.499,tesla,0.00,0.00,,,101.00,,,,0.00,P,5
5.501,tesla,0.00,0.00,,,101.00,,,,0.00,P,5
5.502,tesla,0.00,0.00,,,101.00,,,,0.00,P,5
5.505,tesla,0.00,0.00,,,101.00,,,,0.00,P,5
5.508,tesla,0.00,0.00,,,101.00,,,,0.00,P,5
5.511,tesla,0.00,0.00,,,101.00,,,,0.00,P,5
5.513,tesla,0.00,0.00,,,101.00,,,,0.00,P,5
5.516,tesla,0.00,0.00,,,101.00,,,,0.00,P,5
5.519,tesla,0.00,0.00,,,101.00,,,,0.00,P,5
5.521,tesla,0.00,0.00,,,101.00,,,,0.00,P,5
5.522,tesla,0.00,0.00,,,101.00,,,,0.00,P,5
5.525,tesla,0.00,0.00,,,101.00,,,,0.00,P,5
5.527,tesla,0.00,0.00,,,101.00,,,,0.00,P,5
5.530,tesla,0.00,0.00,,,101.00,,,,0.00,P,5
5.533,tesla,0.00,0.00,,,101.00,,,,0.00,P,5
5.536,tesla,0.00,0.00,,,101.00,,,,0.00,P,5
5.538,tesla,0.00,0.00,,,101.00,,,,0.00,P,5
5.539,tesla,0.00,0.00,,,101.00,,,,0.00,P,5
5.541,tesla,0.00,0.00,,,101.00,,,,0.00,P,5
5.544,tesla,0.00,0.00,,,101.00,,,,0.00,P,5
5.547,tesla,0.00,0.00,,,101.00,,,,0.00,P,5
5.549,tesla,0.00,0.00,,,101.00,,,,0.00,P,5
5.550,tesla,0.00,0.00,,,101.00,,,,0.00,P,5
5.552,tesla,0.00,0.00,,,101.00,,,,0.00,P,5
5.555,tesla,0.00,0.00,,,101.00,,,,0.00,P,5
5.558,tesla,0.00,0.00,,,101.00,,,,0.00,P,5
5.561,tesla,0.00,0.00,,,101.00,,,,0.00,P,5
5.563,tesla,0.00,0.00,,,101.00,,,,0.00,P,5
5.566,tesla,0.00,0.00,,,101.00,,,,0.00,P,5
5.569,tesla,0.00,0.00,,,101.00,,,,0.00,P,5
5.569,tesla,0.00,0.00,,,101.00,,,,0.00,P,5
5.572,tesla,0.00,0.00,,,101.00,,,,0.00,P,5
5.574,tesla,0.00,0.00,,,101.00,,,,0.00,P,5
5.577,tesla,0.00,0.00,,,101.00,,,,0.00,P,5
5.580,tesla,0.00,0.00,,,101.00,,,,0.00,P,5
5.580,tesla,0.00,0.00,,,101.00,,,,0.00,P,5
5.583,tesla,0.00,0.00,,,101.00,,,,0.00,P,5
5.586,tesla,0.00,0.00,,,101.00,,,,0.00,P,5
5.588,tesla,0.00,0.00,,,101.00,,,,0.00,P,5
5.591,tesla,0.00,0.00,,,101.00,,,,0.00,P,5
5.594,tesla,0.00,0.00,,,101.00,,,,0.00,P,5
5.596,tesla,0.00,0.00,,,101.00,,,,0.00,P,5
5.597,tesla,0.00,0.00,,,101.00,,,,0.00,P,5
5.599,tesla,0.00,0.00,,,101.00,,,,0.00,P,5
5.600,tesla,0.00,0.00,,,101.00,,,,0.00,P,5
5.602,tesla,0.00,0.00,,,101.00,,,,0.00,P,5
5.605,tesla,0.00,0.00,,,101.00,,,,0.00,P,5
5.608,tesla,0.00,0.00,,,101.00,,,,0.00,P,5
5.611,tesla,0.00,0.00,,,101.00,,,,0.00,P,5
5.611,tesla,0.00,0.00,,,101.00,,,,0.00,P,5
5.613,tesla,0.00,0.00,,,101.00,,,,0.00,P,5
5.616,tesla,0.00,0.00,,,101.00,,,,0.00,P,5
5.619,tesla,0.00,0.00,,,101.00,,,,0.00,P,5
5.620,tesla,0.00,0.00,,,101.00,,,,0.00,P,5
5.622,tesla,0.00,0.00,,,101.00,,,,0.00,P,5
5.624,tesla,0.00,0.00,,,101.00,,,,0.00,P,5
5.625,tesla,0.00,0.00,,,101.00,,,,0.00,P,5
5.627,tesla,0.00,0.00,,,101.00,,,,0.00,P,5
5.630,tesla,0.00,0.00,,,101.00,,,,0.00,P,5
5.633,tesla,0.00,0.00,,,101.00,,,,0.00,P,5
5.636,tesla,0.00,0.00,,,101.00,,,,0.00,P,5
5.636,tesla,0.00,0.00,,,101.00,,,,0.00,P,5
5.638,tesla,0.00,0.00,,,101.00,,,,0.00,P,5
5.641,tesla,0.00,0.00,,,101.00,,,,0.00,P,5
5.644,tesla,0.00,0.00,,,101.00,,,,0.00,P,5
5.644,tesla,0.00,0.00,,,101.00,,,,0.00,P,5
5.647,tesla,0.00,0.00,,,101.00,,,,0.00,P,5
5.649,tesla,0.00,0.00,,,101.00,,,,0.00,P,5
5.652,tesla,0.00,0.00,,,101.00,,,,0.00,P,5
5.655,tesla,0.00,0.00,,,101.00,,,,0.00,P,5
5.658,tesla,0.00,0.00,,,101.00,,,,0.00,P,5
5.658,tesla,0.00,0.00,,,101.00,,,,0.00,P,5
5.661,tesla,0.00,0.00,,,101.00,,,,0.00,P,5
5.663,tesla,0.00,0.00,,,101.00,,,,0.00,P,5
5.666,tesla,0.00,0.00,,,101.00,,,,0.00,P,5
5.666,tesla,0.00,0.00,,,101.00,,,,0.00,P,5
5.669,tesla,0.00,0.00,,,101.00,,,,0.00,P,5
5.672,tesla,0.00,0.00,,,101.00,,,,0.00,P,5
5.674,tesla,0.00,0.00,,,101.00,,,,0.00,P,5
5.677,tesla,0.00,0.00,,,101.00,,,,0.00,P,5
5.680,tesla,0.00,0.00,,,101.00,,,,0.00,P,5
5.680,tesla,0.00,0.00,,,101.00,,,,0.00,P,5
5.683,tesla,0.00,0.00,,,101.00,,,,0.00,P,5
5.686,tesla,0.00,0.00,,,101.00,,,,0.00,P,5
5.688,tesla,0.00,0.00,,,101.00,,,,0.00,P,5
5.691,tesla,0.00,0.00,,,101.00,,,,0.00,P,5
5.694,tesla,0.00,0.00,,,101.00,,,,0.00,P,5
5.697,tesla,0.00,0.00,,,101.00,,,,0.00,P,5
5.697,tesla,0.00,0.00,,,101.00,,,,0.00,P,5
5.699,tesla,0.00,0.00,,,101.00,,,,0.00,P,5
5.702,tesla,0.00,0.00,,,101.00,,,,0.00,P,5
5.705,tesla,0.00,0.00,,,101.00,,,,0.00,P,5
5.708,tesla,0.00,0.00,,,101.00,,,,0.00,P,5
5.711,tesla,0.00,0.00,,,101.00,,,,0.00,P,5
5.713,tesla,0.00,0.00,,,101.00,,,,0.00,P,5
5.716,tesla,0.00,0.00,,,101.00,,,,0.00,P,5
5.716,tesla,0.00,0.00,,,101.00,,,,0.00,P,5
5.719,tesla,0.00,0.00,,,101.00,,,,0.00,P,5
5.722,tesla,0.00,0.00,,,101.00,,,,0.00,P,5
5.724,tesla,0.00,0.00,,,101.00,,,,0.00,P,5
5.727,tesla,0.00,0.00,,,101.00,,,,0.00,P,5
5.730,tesla,0.00,0.00,,,101.00,,,,0.00,P,5
5.733,tesla,0.00,0.00,,,101.00,,,,0.00,P,5
5.736,tesla,0.00,0.00,,,101.00,,,,0.00,P,5
5.736,tesla,0.00,0.00,,,101.00,,,,0.00,P,5
5.738,tesla,0.00,0.00,,,101.00,,,,0.00,P,5
5.741,tesla,0.00,0.00,,,101.00,,,,0.00,P,5
5.744,tesla,0.00,0.00,,,101.00,,,,0.00,P,5
5.747,tesla,0.00,0.00,,,101.00,,,,0.00,P,5
5.749,tesla,0.00,0.00,,,101.00,,,,0.00,P,5
5.752,tesla,0.00,0.00,,,101.00,,,,0.00,P,5
5.755,tesla,0.00,0.00,,,101.00,,,,0.00,P,5
5.755,tesla,0.00,0.00,,,101.00,,,,0.00,P,5
5.758,tesla,0.00,0.00,,,101.00,,,,0.00,P,5
5.761,tesla,0.00,0.00,,,101.00,,,,0.00,P,5
5.763,tesla,0.00,0.00,,,101.00,,,,0.00,P,5
5.766,tesla,0.00,0.00,,,101.00,,,,0.00,P,5
5.769,tesla,0.00,0.00,,,101.00,,,,0.00,P,5
5.772,tesla,0.00,0.00,,,101.00,,,,0.00,P,5
5.774,tesla,0.00,0.00,,,101.00,,,,0.00,P,5
5.775,tesla,0.00,0.00,,,101.00,,,,0.00,P,5
5.777,tesla,0.00,0.00,,,101.00,,,,0.00,P,5
5.780,tesla,0.00,0.00,,,101.00,,,,0.00,P,5
5.783,tesla,0.00,0.00,,,101.00,,,,0.00,P,5
5.786,tesla,0.00,0.00,,,101.00,,,,0.00,P,5
5.788,tesla,0.00,0.00,,,101.00,,,,0.00,P,5
5.791,tesla,0.00,0.00,,,101.00,,,,0.00,P,5
5.791,tesla,0.00,0.00,,,101.00,,,,0.00,P,5
5.794,tesla,0.00,0.00,,,101.00,,,,0.00,P,5
5.797,tesla,0.00,0.00,,,101.00,,,,0.00,P,5
5.799,tesla,0.00,0.00,,,101.00,,,,0.00,P,5
5.802,tesla,0.00,0.00,,,101.00,,,,0.00,P,5
5.805,tesla,0.00,0.00,,,101.00,,,,0.00,P,5
5.808,tesla,0.00,0.00,,,101.00,,,,0.00,P,5
5.808,tesla,0.00,0.00,,,101.00,,,,0.00,P,5
5.811,tesla,0.00,0.00,,,101.00,,,,0.00,P,5
5.813,tesla,0.00,0.00,,,101.00,,,,0.00,P,5
5.816,tesla,0.00,0.00,,,101.00,,,,0.00,P,5
5.816,tesla,0.00,0.00,,,101.00,,,,0.00,P,5
5.819,tesla,0.00,0.00,,,101.00,,,,0.00,P,5
5.822,tesla,0.00,0.00,,,101.00,,,,0.00,P,5
5.824,tesla,0.00,0.00,,,101.00,,,,0.00,P,5
5.827,tesla,0.00,0.00,,,101.00,,,,0.00,P,5
5.830,tesla,0.00,0.00,,,101.00,,,,0.00,P,5
5.830,tesla,0.00,0.00,,,101.00,,,,0.00,P,5
5.833,tesla,0.00,0.00,,,101.00,,,,0.00,P,5
5.836,tesla,0.00,0.00,,,101.00,,,,0.00,P,5
5.836,tesla,0.00,0.00,,,101.00,,,,0.00,P,5
5.838,tesla,0.00,0.00,,,101.00,,,,0.00,P,5
5.841,tesla,0.00,0.00,,,101.00,,,,0.00,P,5
5.844,tesla,0.00,0.00,,,101.00,,,,0.00,P,5
5.847,tesla,0.00,0.00,,,101.00,,,,0.00,P,5
5.847,tesla,0.00,0.00,,,101.00,,,,0.00,P,5
5.849,tesla,0.00,0.00,,,101.00,,,,0.00,P,5
5.852,tesla,0.00,0.00,,,101.00,,,,0.00,P,5
5.855,tesla,0.00,0.00,,,101.00,,,,0.00,P,5
5.858,tesla,0.00,0.00,,,101.00,,,,0.00,P,5
5.858,tesla,0.00,0.00,,,101.00,,,,0.00,P,5
5.861,tesla,0.00,0.00,,,101.00,,,,0.00,P,5
5.863,tesla,0.00,0.00,,,101.00,,,,0.00,P,5
5.866,tesla,0.00,0.00,,,101.00,,,,0.00,P,5
5.869,tesla,0.00,0.00,,,101.00,,,,0.00,P,5
5.869,tesla,0.00,0.00,,,101.00,,,,0.00,P,5
5.872,tesla,0.00,0.00,,,101.00,,,,0.00,P,5
5.874,tesla,0.00,0.00,,,101.00,,,,0.00,P,5
5.877,tesla,0.00,0.00,,,101.00,,,,0.00,P,5
5.880,tesla,0.00,0.00,,,101.00,,,,0.00,P,5
5.883,tesla,0.00,0.00,,,101.00,,,,0.00,P,5
5.886,tesla,0.00,0.00,,,101.00,,,,0.00,P,5
5.886,tesla,0.00,0.00,,,101.00,,,,0.00,P,5
5.888,tesla,0.00,0.00,,,101.00,,,,0.00,P,5
5.891,tesla,0.00,0.00,,,101.00,,,,0.00,P,5
5.894,tesla,0.00,0.00,,,101.00,,,,0.00,P,5
5.897,tesla,0.00,0.00,,,101.00,,,,0.00,P,5
5.899,tesla,0.00,0.00,,,101.00,,,,0.00,P,5
5.902,tesla,0.00,0.00,,,101.00,,,,0.00,P,5
5.905,tesla,0.00,0.00,,,101.00,,,,0.00,P,5
5.905,tesla,0.00,0.00,,,101.00,,,,0.00,P,5
5.908,tesla,0.00,0.00,,,101.00,,,,0.00,P,5
5.911,tesla,0.00,0.00,,,101.00,,,,0.00,P,5
5.913,tesla,0.00,0.00,,,101.00,,,,0.00,P,5
5.916,tesla,0.00,0.00,,,101.00,,,,0.00,P,5
5.916,tesla,0.00,0.00,,,101.00,,,,0.00,P,5
5.919,tesla,0.00,0.00,,,101.00,,,,0.00,P,5
5.922,tesla,0.00,0.00,,,101.00,,,,0.00,P,5
5.924,tesla,0.00,0.00,,,101.00,,,,0.00,P,5
5.927,tesla,0.00,0.00,,,101.00,,,,0.00,P,5
5.930,tesla,0.00,0.00,,,101.00,,,,0.00,P,5
5.930,tesla,0.00,0.00,,,101.00,,,,0.00,P,5
5.933,tesla,0.00,0.00,,,101.00,,,,0.00,P,5
5.936,tesla,0.00,0.00,,,101.00,,,,0.00,P,5
5.938,tesla,0.00,0.00,,,101.00,,,,0.00,P,5
5.941,tesla,0.00,0.00,,,101.00,,,,0.00,P,5
5.944,tesla,0.00,0.00,,,101.00,,,,0.00,P,5
5.944,tesla,0.00,0.00,,,101.00,,,,0.00,P,5
5.947,tesla,0.00,0.00,,,101.00,,,,0.00,P,5
5.949,tesla,0.00,0.00,,,101.00,,,,0.00,P,5
5.952,tesla,0.00,0.00,,,101.00,,,,0.00,P,5
5.955,tesla,0.00,0.00,,,101.00,,,,0.00,P,5
5.958,tesla,0.00,0.00,,,101.00,,,,0.00,P,5
5.961,tesla,0.00,0.00,,,101.00,,,,0.00,P,5
5.963,tesla,0.00,0.00,,,101.00,,,,0.00,P,5
5.964,tesla,0.00,0.00,,,101.00,,,,0.00,P,5
5.966,tesla,0.00,0.00,,,101.00,,,,0.00,P,5
5.969,tesla,0.00,0.00,,,101.00,,,,0.00,P,5
5.972,tesla,0.00,0.00,,,101.00,,,,0.00,P,5
5.974,tesla,0.00,0.00,,,101.00,,,,0.00,P,5
5.977,tesla,0.00,0.00,,,101.00,,,,0.00,P,5
5.977,tesla,0.00,0.00,,,101.00,,,,0.00,P,5
5.980,tesla,0.00,0.00,,,101.00,,,,0.00,P,5
5.983,tesla,0.00,0.00,,,101.00,,,,0.00,P,5
5.986,tesla,0.00,0.00,,,101.00,,,,0.00,P,5
5.988,tesla,0.00,0.00,,,101.00,,,,0.00,P,5
5.991,tesla,0.00,0.00,,,101.00,,,,0.00,P,5
5.991,tesla,0.00,0.00,,,101.00,,,,0.00,P,5
5.994,tesla,0.00,0.00,,,101.00,,,,0.00,P,5
5.997,tesla,0.00,0.00,,,101.00,,,,0.00,P,5
5.999,tesla,0.00,0.00,,,101.00,,,,0.00,P,5
6.000,tesla,0.00,0.00,,,101.00,,,,0.00,P,5
6.002,tesla,0.00,0.00,,,101.00,,,,0.00,P,5
6.005,tesla,0.00,0.00,,,101.00,,,,0.00,P,5
6.008,tesla,0.00,0.00,,,101.00,,,,0.00,P,5
6.011,tesla,0.00,0.00,,,101.00,,,,0.00,P,5
6.013,tesla,0.00,0.00,,,101.00,,,,0.00,P,5
6.016,tesla,0.00,0.00,,,101.00,,,,0.00,P,5
6.016,tesla,0.00,0.00,,,101.00,,,,0.00,P,5
6.019,tesla,0.00,0.00,,,101.00,,,,0.00,P,5
6.022,tesla,0.00,0.00,,,101.00,,,,0.00,P,5
6.024,tesla,0.00,0.00,,,101.00,,,,0.00,P,5
6.025,tesla,0.00,0.00,,,101.00,,,,0.00,P,5
6.027,tesla,0.00,0.00,,,101.00,,,,0.00,P,5
6.030,tesla,0.00,0.00,,,101.00,,,,0.00,P,5
6.033,tesla,0.00,0.00,,,101.00,,,,0.00,P,5
6.036,tesla,0.00,0.00,,,101.00,,,,0.00,P,5
6.038,tesla,0.00,0.00,,,101.00,,,,0.00,P,5
6.038,tesla,0.00,0.00,,,101.00,,,,0.00,P,5
6.041,tesla,0.00,0.00,,,101.00,,,,0.00,P,5
6.044,tesla,0.00,0.00,,,101.00,,,,0.00,P,5
6.047,tesla,0.00,0.00,,,101.00,,,,0.00,P,5
6.047,tesla,0.00,0.00,,,101.00,,,,0.00,P,5
6.049,tesla,0.00,0.00,,,101.00,,,,0.00,P,5
6.052,tesla,0.00,0.00,,,101.00,,,,0.00,P,5
6.055,tesla,0.00,0.00,,,101.00,,,,0.00,P,5
6.058,tesla,0.00,0.00,,,101.00,,,,0.00,P,5
6.058,tesla,0.00,0.00,,,101.00,,,,0.00,P,5
6.061,tesla,0.00,0.00,,,101.00,,,,0.00,P,5
6.063,tesla,0.00,0.00,,,101.00,,,,0.00,P,5
6.063,tesla,0.00,0.00,,,101.00,,,,0.00,P,5
6.066,tesla,0.00,0.00,,,101.00,,,,0.00,P,5
6.069,tesla,0.00,0.00,,,101.00,,,,0.00,P,5
6.072,tesla,0.00,0.00,,,101.00,,,,0.00,P,5
6.074,tesla,0.00,0.00,,,101.00,,,,0.00,P,5
6.077,tesla,0.00,0.00,,,101.00,,,,0.00,P,5
6.077,tesla,0.00,0.00,,,101.00,,,,0.00,P,5
6.080,tesla,0.00,0.00,,,101.00,,,,0.00,P,5
6.083,tesla,0.00,0.00,,,101.00,,,,0.00,P,5
6.083,tesla,0.00,0.00,,,101.00,,,,0.00,P,5
6.086,tesla,0.00,0.00,,,101.00,,,,0.00,P,5
6.088,tesla,0.00,0.00,,,101.00,,,,0.00,P,5
6.091,tesla,0.00,0.00,,,101.00,,,,0.00,P,5
6.094,tesla,0.00,0.00,,,101.00,,,,0.00,P,5
6.097,tesla,0.00,0.00,,,101.00,,,,0.00,P,5
6.099,tesla,0.00,0.00,,,101.00,,,,0.00,P,5
6.102,tesla,0.00,0.00,,,101.00,,,,0.00,P,5
6.102,tesla,0.00,0.00,,,101.00,,,,0.00,P,5
6.105,tesla,0.00,0.00,,,101.00,,,,0.00,P,5
6.108,tesla,0.00,0.00,,,101.00,,,,0.00,P,5
6.111,tesla,0.00,0.00,,,101.00,,,,0.00,P,5
6.113,tesla,0.00,0.00,,,101.00,,,,0.00,P,5
6.116,tesla,0.00,0.00,,,101.00,,,,0.00,P,5
6.119,tesla,0.00,0.00,,,101.00,,,,0.00,P,5
6.122,tesla,0.00,0.00,,,101.00,,,,0.00,P,5
6.122,tesla,0.00,0.00,,,101.00,,,,0.00,P,5
6.124,tesla,0.00,0.00,,,101.00,,,,0.00,P,5
6.127,tesla,0.00,0.00,,,101.00,,,,0.00,P,5
6.130,tesla,0.00,0.00,,,101.00,,,,0.00,P,5
6.133,tesla,0.00,0.00,,,101.00,,,,0.00,P,5
6.133,tesla,0.00,0.00,,,101.00,,,,0.00,P,5
6.136,tesla,0.00,0.00,,,101.00,,,,0.00,P,5
6.138,tesla,0.00,0.00,,,101.00,,,,0.00,P,5
6.141,tesla,0.00,0.00,,,101.00,,,,0.00,P,5
6.144,tesla,0.00,0.00,,,101.00,,,,0.00,P,5
6.144,tesla,0.00,0.00,,,101.00,,,,0.00,P,5
6.147,tesla,0.00,0.00,,,101.00,,,,0.00,P,5
6.149,tesla,0.00,0.00,,,101.00,,,,0.00,P,5
6.152,tesla,0.00,0.00,,,101.00,,,,0.00,P,5
6.155,tesla,0.00,0.00,,,101.00,,,,0.00,P,5
6.158,tesla,0.00,0.00,,,101.00,,,,0.00,P,5
6.161,tesla,0.00,0.00,,,101.00,,,,0.00,P,5
6.163,tesla,0.00,0.00,,,101.00,,,,0.00,P,5
6.163,tesla,0.00,0.00,,,101.00,,,,0.00,P,5
6.166,tesla,0.00,0.00,,,101.00,,,,0.00,P,5
6.169,tesla,0.00,0.00,,,101.00,,,,0.00,P,5
6.172,tesla,0.00,0.00,,,101.00,,,,0.00,P,5
6.174,tesla,0.00,0.00,,,101.00,,,,0.00,P,5
6.177,tesla,0.00,0.00,,,101.00,,,,0.00,P,5
6.180,tesla,0.00,0.00,,,101.00,,,,0.00,P,5
6.180,tesla,0.00,0.00,,,101.00,,,,0.00,P,5
6.183,tesla,0.00,0.00,,,101.00,,,,0.00,P,5
6.186,tesla,0.00,0.00,,,101.00,,,,0.00,P,5
6.188,tesla,0.00,0.00,,,101.00,,,,0.00,P,5
6.191,tesla,0.00,0.00,,,101.00,,,,0.00,P,5
6.191,tesla,0.00,0.00,,,101.00,,,,0.00,P,5
6.194,tesla,0.00,0.00,,,101.00,,,,0.00,P,5
6.197,tesla,0.00,0.00,,,101.00,,,,0.00,P,5
6.197,tesla,0.00,0.00,,,101.00,,,,0.00,P,5
6.199,tesla,0.00,0.00,,,101.00,,,,0.00,P,5
6.202,tesla,0.00,0.00,,,101.00,,,,0.00,P,5
6.205,tesla,0.00,0.00,,,101.00,,,,0.00,P,5
6.208,tesla,0.00,0.00,,,101.00,,,,0.00,P,5
6.211,tesla,0.00,0.00,,,101.00,,,,0.00,P,5
6.211,tesla,0.00,0.00,,,101.00,,,,0.00,P,5
6.213,tesla,0.00,0.00,,,101.00,,,,0.00,P,5
6.216,tesla,0.00,0.00,,,101.00,,,,0.00,P,5
6.216,tesla,0.00,0.00,,,101.00,,,,0.00,P,5
6.219,tesla,0.00,0.00,,,101.00,,,,0.00,P,5
6.222,tesla,0.00,0.00,,,101.00,,,,0.00,P,5
6.224,tesla,0.00,0.00,,,101.00,,,,0.00,P,5
6.227,tesla,0.00,0.00,,,101.00,,,,0.00,P,5
6.230,tesla,0.00,0.00,,,101.00,,,,0.00,P,5
6.230,tesla,0.00,0.00,,,101.00,,,,0.00,P,5
6.233,tesla,0.00,0.00,,,101.00,,,,0.00,P,5
6.236,tesla,0.00,0.00,,,101.00,,,,0.00,P,5
6.238,tesla,0.00,0.00,,,101.00,,,,0.00,P,5
6.241,tesla,0.00,0.00,,,101.00,,,,0.00,P,5
6.241,tesla,0.00,0.00,,,101.00,,,,0.00,P,5
6.244,tesla,0.00,0.00,,,101.00,,,,0.00,P,5
6.247,tesla,0.00,0.00,,,101.00,,,,0.00,P,5
6.249,tesla,0.00,0.00,,,101.00,,,,0.00,P,5
6.252,tesla,0.00,0.00,,,101.00,,,,0.00,P,5
6.252,tesla,0.00,0.00,,,101.00,,,,0.00,P,5
6.255,tesla,0.00,0.00,,,101.00,,,,0.00,P,5
6.258,tesla,0.00,0.00,,,101.00,,,,0.00,P,5
6.261,tesla,0.00,0.00,,,101.00,,,,0.00,P,5
6.261,tesla,0.00,0.00,,,101.00,,,,0.00,P,5
6.263,tesla,0.00,0.00,,,101.00,,,,0.00,P,5
6.266,tesla,0.00,0.00,,,101.00,,,,0.00,P,5
6.269,tesla,0.00,0.00,,,101.00,,,,0.00,P,5
6.272,tesla,0.00,0.00,,,101.00,,,,0.00,P,5
6.272,tesla,0.00,0.00,,,101.00,,,,0.00,P,5
6.274,tesla,0.00,0.00,,,101.00,,,,0.00,P,5
6.277,tesla,0.00,0.00,,,101.00,,,,0.00,P,5
6.280,tesla,0.00,0.00,,,101.00,,,,0.00,P,5
6.283,tesla,0.00,0.00,,,101.00,,,,0.00,P,5
6.283,tesla,0.00,0.00,,,101.00,,,,0.00,P,5
6.286,tesla,0.00,0.00,,,101.00,,,,0.00,P,5
6.288,tesla,0.00,0.00,,,101.00,,,,0.00,P,5
6.291,tesla,0.00,0.00,,,101.00,,,,0.00,P,5
6.294,tesla,0.00,0.00,,,101.00,,,,0.00,P,5
6.297,tesla,0.00,0.00,,,101.00,,,,0.00,P,5
6.297,tesla,0.00,0.00,,,101.00,,,,0.00,P,5
6.299,tesla,0.00,0.00,,,101.00,,,,0.00,P,5
6.302,tesla,0.00,0.00,,,101.00,,,,0.00,P,5
6.305,tesla,0.00,0.00,,,101.00,,,,0.00,P,5
6.308,tesla,0.00,0.00,,,101.00,,,,0.00,P,5
6.311,tesla,0.00,0.00,,,101.00,,,,0.00,P,5
6.313,tesla,0.00,0.00,,,101.00,,,,0.00,P,5
6.316,tesla,0.00,0.00,,,101.00,,,,0.00,P,5
6.316,tesla,0.00,0.00,,,101.00,,,,0.00,P,5
6.319,tesla,0.00,0.00,,,101.00,,,,0.00,P,5
6.322,tesla,0.00,0.00,,,101.00,,,,0.00,P,5
6.324,tesla,0.00,0.00,,,101.00,,,,0.00,P,5
6.327,tesla,0.00,0.00,,,101.00,,,,0.00,P,5
6.330,tesla,0.00,0.00,,,101.00,,,,0.00,P,5
6.330,tesla,0.00,0.00,,,101.00,,,,0.00,P,5
6.333,tesla,0.00,0.00,,,101.00,,,,0.00,P,5
6.336,tesla,0.00,0.00,,,101.00,,,,0.00,P,5
6.338,tesla,0.00,0.00,,,101.00,,,,0.00,P,5
6.341,tesla,0.00,0.00,,,101.00,,,,0.00,P,5
6.341,tesla,0.00,0.00,,,101.00,,,,0.00,P,5
6.344,tesla,0.00,0.00,,,101.00,,,,0.00,P,5
6.347,tesla,0.00,0.00,,,101.00,,,,0.00,P,5
6.349,tesla,0.00,0.00,,,101.00,,,,0.00,P,5
6.352,tesla,0.00,0.00,,,101.00,,,,0.00,P,5
6.355,tesla,0.00,0.00,,,101.00,,,,0.00,P,5
6.355,tesla,0.00,0.00,,,101.00,,,,0.00,P,5
6.358,tesla,0.00,0.00,,,101.00,,,,0.00,P,5
6.361,tesla,0.00,0.00,,,101.00,,,,0.00,P,5
6.363,tesla,0.00,0.00,,,101.00,,,,0.00,P,5
6.366,tesla,0.00,0.00,,,101.00,,,,0.00,P,5
6.369,tesla,0.00,0.00,,,101.00,,,,0.00,P,5
6.372,tesla,0.00,0.00,,,101.00,,,,0.00,P,5
6.374,tesla,0.00,0.00,,,101.00,,,,0.00,P,5
6.375,tesla,0.00,0.00,,,101.00,,,,0.00,P,5
6.377,tesla,0.00,0.00,,,101.00,,,,0.00,P,5
6.380,tesla,0.00,0.00,,,101.00,,,,0.00,P,5
6.383,tesla,0.00,0.00,,,101.00,,,,0.00,P,5
6.386,tesla,0.00,0.00,,,101.00,,,,0.00,P,5
6.388,tesla,0.00,0.00,,,101.00,,,,0.00,P,5
6.391,tesla,0.00,0.00,,,101.00,,,,0.00,P,5
6.392,tesla,0.00,0.00,,,101.00,,,,0.00,P,5
6.394,tesla,0.00,0.00,,,101.00,,,,0.00,P,5
6.394,tesla,0.00,0.00,,,101.00,,,,0.00,P,5
6.397,tesla,0.00,0.00,,,101.00,,,,0.00,P,5
6.399,tesla,0.00,0.00,,,101.00,,,,0.00,P,5
6.402,tesla,0.00,0.00,,,101.00,,,,0.00,P,5
6.405,tesla,0.00,0.00,,,101.00,,,,0.00,P,5
6.405,tesla,0.00,0.00,,,101.00,,,,0.00,P,5
6.408,tesla,0.00,0.00,,,101.00,,,,0.00,P,5
6.411,tesla,0.00,0.00,,,101.00,,,,0.00,P,5
6.413,tesla,0.00,0.00,,,101.00,,,,0.00,P,5
6.416,tesla,0.00,0.00,,,101.00,,,,0.00,P,5
6.416,tesla,0.00,0.00,,,101.00,,,,0.00,P,5
6.419,tesla,0.00,0.00,,,101.00,,,,0.00,P,5
6.422,tesla,0.00,0.00,,,101.00,,,,0.00,P,5
6.424,tesla,0.00,0.00,,,101.00,,,,0.00,P,5
6.427,tesla,0.00,0.00,,,101.00,,,,0.00,P,5
6.430,tesla,0.00,0.00,,,101.00,,,,0.00,P,5
6.430,tesla,0.00,0.00,,,101.00,,,,0.00,P,5
6.433,tesla,0.00,0.00,,,101.00,,,,0.00,P,5
6.433,tesla,0.00,0.00,,,101.00,,,,0.00,P,5
6.436,tesla,0.00,0.00,,,101.00,,,,0.00,P,5
6.438,tesla,0.00,0.00,,,101.00,,,,0.00,P,5
6.441,tesla,0.00,0.00,,,101.00,,,,0.00,P,5
6.441,tesla,0.00,0.00,,,101.00,,,,0.00,P,5
6.444,tesla,0.00,0.00,,,101.00,,,,0.00,P,5
6.447,tesla,0.00,0.00,,,101.00,,,,0.00,P,5
6.450,tesla,0.00,0.00,,,101.00,,,,0.00,P,5
6.450,tesla,0.00,0.00,,,101.00,,,,0.00,P,5
6.452,tesla,0.00,0.00,,,101.00,,,,0.00,P,5
6.455,tesla,0.00,0.00,,,101.00,,,,0.00,P,5
6.458,tesla,0.00,0.00,,,101.00,,,,0.00,P,5
6.461,tesla,0.00,0.00,,,101.00,,,,0.00,P,5
6.463,tesla,0.00,0.00,,,101.00,,,,0.00,P,5
6.466,tesla,0.00,0.00,,,101.00,,,,0.00,P,5
6.466,tesla,0.00,0.00,,,101.00,,,,0.00,P,5
6.469,tesla,0.00,0.00,,,101.00,,,,0.00,P,5
6.472,tesla,0.00,0.00,,,101.00,,,,0.00,P,5
6.472,tesla,0.00,0.00,,,101.00,,,,0.00,P,5
6.474,tesla,0.00,0.00,,,100.80,,,,0.00,P,5
6.477,tesla,0.00,0.00,,,100.80,,,,0.00,P,5
6.480,tesla,0.00,0.00,,,100.80,,,,0.00,P,5
6.483,tesla,0.00,0.00,,,100.80,,,,0.00,P,5
6.486,tesla,0.00,0.00,,,100.80,,,,0.00,P,5
6.486,tesla,0.00,0.00,,,100.80,,,,0.00,P,5
6.488,tesla,0.00,0.00,,,100.80,,,,0.00,P,5
6.491,tesla,0.00,0.00,,,100.80,,,,0.00,P,5
6.491,tesla,0.00,0.00,,,100.80,,,,0.00,P,5
6.494,tesla,0.00,0.00,,,100.80,,,,0.00,P,5
6.497,tesla,0.00,0.00,,,100.80,,,,0.00,P,5
6.500,tesla,0.00,0.00,,,100.80,,,,0.00,P,5
6.502,tesla,0.00,0.00,,,100.80,,,,0.00,P,5
6.505,tesla,0.00,0.00,,,100.80,,,,0.00,P,5
6.508,tesla,0.00,0.00,,,100.80,,,,0.00,P,5
6.508,tesla,0.00,0.00,,,100.80,,,,0.00,P,5
6.511,tesla,0.00,0.00,,,100.80,,,,0.00,P,5
6.513,tesla,0.00,0.00,,,100.80,,,,0.00,P,5
6.516,tesla,0.00,0.00,,,100.80,,,,0.00,P,5
6.519,tesla,0.00,0.00,,,100.80,,,,0.00,P,5
6.522,tesla,0.00,0.00,,,100.80,,,,0.00,P,5
6.525,tesla,0.00,0.00,,,100.80,,,,0.00,P,5
6.527,tesla,0.00,0.00,,,100.80,,,,0.00,P,5
6.527,tesla,0.00,0.00,,,100.80,,,,0.00,P,5
6.528,tesla,0.00,0.00,,,100.80,,,,0.00,P,5
6.530,tesla,0.00,0.00,,,100.80,,,,0.00,P,5
6.533,tesla,0.00,0.00,,,100.80,,,,0.00,P,5
6.533,tesla,0.00,0.00,,,100.80,,,,0.00,P,5
6.536,tesla,0.00,0.00,,,100.80,,,,0.00,P,5
6.538,tesla,0.00,0.00,,,100.80,,,,0.00,P,5
6.539,tesla,0.00,0.00,,,100.80,,,,0.00,P,5
6.541,tesla,0.00,0.00,,,100.80,,,,0.00,P,5
6.544,tesla,0.00,0.00,,,100.80,,,,0.00,P,5
6.547,tesla,0.00,0.00,,,100.80,,,,0.00,P,5
6.550,tesla,0.00,0.00,,,100.80,,,,0.00,P,5
6.552,tesla,0.00,0.00,,,100.80,,,,0.00,P,5
6.553,tesla,0.00,0.00,,,100.80,,,,0.00,P,5
6.555,tesla,0.00,0.00,,,100.80,,,,0.00,P,5
6.558,tesla,0.00,0.00,,,100.80,,,,0.00,P,5
6.558,tesla,0.00,0.00,,,100.80,,,,0.00,P,5
6.561,tesla,0.00,0.00,,,100.80,,,,0.00,P,5
6.563,tesla,0.00,0.00,,,100.80,,,,0.00,P,5
6.566,tesla,0.00,0.00,,,100.80,,,,0.00,P,5
6.566,tesla,0.00,0.00,,,100.80,,,,0.00,P,5
6.569,tesla,0.00,0.00,,,100.80,,,,0.00,P,5
6.572,tesla,0.00,0.00,,,100.80,,,,0.00,P,5
6.575,tesla,0.00,0.00,,,100.80,,,,0.00,P,5
6.577,tesla,0.00,0.00,,,100.80,,,,0.00,P,5
6.580,tesla,0.00,0.00,,,100.80,,,,0.00,P,5
6.580,tesla,0.00,0.00,,,100.80,,,,0.00,P,5
6.583,tesla,0.00,0.00,,,100.80,,,,0.00,P,5
6.586,tesla,0.00,0.00,,,100.80,,,,0.00,P,5
6.586,tesla,0.00,0.00,,,100.80,,,,0.00,P,5
6.588,tesla,0.00,0.00,,,100.80,,,,0.00,P,5
6.591,tesla,0.00,0.00,,,100.80,,,,0.00,P,5
6.594,tesla,0.00,0.00,,,100.80,,,,0.00,P,5
6.597,tesla,0.00,0.00,,,100.80,,,,0.00,P,5
6.600,tesla,0.00,0.00,,,100.80,,,,0.00,P,5
6.600,tesla,0.00,0.00,,,100.80,,,,0.00,P,5
6.602,tesla,0.00,0.00,,,100.80,,,,0.00,P,5
6.605,tesla,0.00,0.00,,,100.80,,,,0.00,P,5
6.608,tesla,0.00,0.00,,,100.80,,,,0.00,P,5
6.611,tesla,0.00,0.00,,,100.80,,,,0.00,P,5
6.613,tesla,0.00,0.00,,,100.80,,,,0.00,P,5
6.616,tesla,0.00,0.00,,,100.80,,,,0.00,P,5
6.616,tesla,0.00,0.00,,,100.80,,,,0.00,P,5
6.619,tesla,0.00,0.00,,,100.80,,,,0.00,P,5
6.622,tesla,0.00,0.00,,,100.80,,,,0.00,P,5
6.624,tesla,0.00,0.00,,,100.80,,,,0.00,P,5
6.627,tesla,0.00,0.00,,,100.80,,,,0.00,P,5
6.627,tesla,0.00,0.00,,,100.80,,,,0.00,P,5
6.630,tesla,0.00,0.00,,,100.80,,,,0.00,P,5
6.630,tesla,0.00,0.00,,,100.80,,,,0.00,P,5
6.633,tesla,0.00,0.00,,,100.80,,,,0.00,P,5
6.636,tesla,0.00,0.00,,,100.80,,,,0.00,P,5
6.638,tesla,0.00,0.00,,,100.80,,,,0.00,P,5
6.641,tesla,0.00,0.00,,,100.80,,,,0.00,P,5
6.644,tesla,0.00,0.00,,,100.80,,,,0.00,P,5
6.647,tesla,0.00,0.00,,,100.80,,,,0.00,P,5
6.647,tesla,0.00,0.00,,,100.80,,,,0.00,P,5
6.649,tesla,0.00,0.00,,,100.80,,,,0.00,P,5
6.652,tesla,0.00,0.00,,,100.80,,,,0.00,P,5
6.655,tesla,0.00,0.00,,,100.80,,,,0.00,P,5
6.658,tesla,0.00,0.00,,,100.80,,,,0.00,P,5
6.661,tesla,0.00,0.00,,,100.80,,,,0.00,P,5
6.661,tesla,0.00,0.00,,,100.80,,,,0.00,P,5
6.663,tesla,0.00,0.00,,,100.80,,,,0.00,P,5
6.666,tesla,0.00,0.00,,,100.80,,,,0.00,P,5
6.669,tesla,0.00,0.00,,,100.80,,,,0.00,P,5
6.672,tesla,0.00,0.00,,,100.80,,,,0.00,P,5
6.672,tesla,0.00,0.00,,,100.50,,,,0.00,P,5
6.675,tesla,0.00,0.00,,,100.50,,,,0.00,P,5
6.677,tesla,0.00,0.00,,,100.50,,,,0.00,P,5
6.680,tesla,0.00,0.00,,,100.50,,,,0.00,P,5
6.683,tesla,0.00,0.00,,,100.50,,,,0.00,P,5
6.686,tesla,0.00,0.00,,,100.50,,,,0.00,P,5
6.686,tesla,0.00,0.00,,,100.50,,,,0.00,P,5
6.688,tesla,0.00,0.00,,,100.50,,,,0.00,P,5
6.691,tesla,0.00,0.00,,,100.50,,,,0.00,P,5
6.694,tesla,0.00,0.00,,,100.50,,,,0.00,P,5
6.694,tesla,0.00,0.00,,,100.50,,,,0.00,P,5
6.697,tesla,0.00,0.00,,,100.50,,,,0.00,P,5
6.700,tesla,0.00,0.00,,,100.50,,,,0.00,P,5
6.700,tesla,0.00,0.00,,,100.50,,,,0.00,P,5
6.702,tesla,0.00,0.00,,,100.50,,,,0.00,P,5
6.705,tesla,0.00,0.00,,,100.50,,,,0.00,P,5
6.708,tesla,0.00,0.00,,,100.50,,,,0.00,P,5
6.711,tesla,0.00,0.00,,,100.50,,,,0.00,P,5
6.713,tesla,0.00,0.00,,,100.50,,,,0.00,P,5
6.714,tesla,0.00,0.00,,,100.50,,,,0.00,P,5
6.716,tesla,0.00,0.00,,,100.50,,,,0.00,P,5
6.719,tesla,0.00,0.00,,,100.50,,,,0.00,P,5
6.722,tesla,0.00,0.00,,,100.50,,,,0.00,P,5
6.724,tesla,0.00,0.00,,,100.50,,,,0.00,P,5
6.727,tesla,0.00,0.00,,,100.50,,,,0.00,P,5
6.727,tesla,0.00,0.00,,,100.50,,,,0.00,P,5
6.728,tesla,0.00,0.00,,,100.50,,,,0.00,P,5
6.730,tesla,0.00,0.00,,,100.50,,,,0.00,P,5
6.733,tesla,0.00,0.00,,,100.50,,,,0.00,P,5
6.736,tesla,0.00,0.00,,,100.50,,,,0.00,P,5
6.736,tesla,0.00,0.00,,,100.50,,,,0.00,P,5
6.738,tesla,0.00,0.00,,,100.50,,,,0.00,P,5
6.741,tesla,0.00,0.00,,,100.50,,,,0.00,P,5
6.742,tesla,0.00,0.00,,,100.50,,,,0.00,P,5
6.744,tesla,0.00,0.00,,,100.50,,,,0.00,P,5
6.747,tesla,0.00,0.00,,,100.50,,,,0.00,P,5
6.749,tesla,0.00,0.00,,,100.50,,,,0.00,P,5
6.752,tesla,0.00,0.00,,,100.50,,,,0.00,P,5
6.755,tesla,0.00,0.00,,,100.50,,,,0.00,P,5
6.755,tesla,0.00,0.00,,,100.50,,,,0.00,P,5
6.758,tesla,0.00,0.00,,,100.50,,,,0.00,P,5
6.761,tesla,0.00,0.00,,,100.50,,,,0.00,P,5
6.763,tesla,0.00,0.00,,,100.50,,,,0.00,P,5
6.766,tesla,0.00,0.00,,,100.50,,,,0.00,P,5
6.769,tesla,0.00,0.00,,,100.50,,,,0.00,P,5
6.772,tesla,0.00,0.00,,,100.50,,,,0.00,P,5
6.772,tesla,0.00,0.00,,,100.50,,,,0.00,P,5
6.775,tesla,0.00,0.00,,,100.50,,,,0.00,P,5
6.777,tesla,0.00,0.00,,,100.50,,,,0.00,P,5
6.780,tesla,0.00,0.00,,,100.50,,,,0.00,P,5
6.783,tesla,0.00,0.00,,,100.50,,,,0.00,P,5
6.786,tesla,0.00,0.00,,,100.50,,,,0.00,P,5
6.786,tesla,0.00,0.00,,,100.50,,,,0.00,P,5
6.788,tesla,0.00,0.00,,,100.50,,,,0.00,P,5
6.791,tesla,0.00,0.00,,,100.50,,,,0.00,P,5
6.794,tesla,0.00,0.00,,,100.50,,,,0.00,P,5
6.797,tesla,0.00,0.00,,,100.50,,,,0.00,P,5
6.799,tesla,0.00,0.00,,,100.50,,,,0.00,P,5
6.802,tesla,0.00,0.00,,,100.50,,,,0.00,P,5
6.805,tesla,0.00,0.00,,,100.50,,,,0.00,P,5
6.805,tesla,0.00,0.00,,,100.50,,,,0.00,P,5
6.808,tesla,0.00,0.00,,,100.50,,,,0.00,P,5
6.811,tesla,0.00,0.00,,,100.50,,,,0.00,P,5
6.813,tesla,0.00,0.00,,,100.50,,,,0.00,P,5
6.816,tesla,0.00,0.00,,,100.50,,,,0.00,P,5
6.819,tesla,0.00,0.00,,,100.50,,,,0.00,P,5
6.822,tesla,0.00,0.00,,,100.50,,,,0.00,P,5
6.822,tesla,0.00,0.00,,,100.50,,,,0.00,P,5
6.825,tesla,0.00,0.00,,,100.50,,,,0.00,P,5
6.827,tesla,0.00,0.00,,,100.50,,,,0.00,P,5
6.830,tesla,0.00,0.00,,,100.50,,,,0.00,P,5
6.833,tesla,0.00,0.00,,,100.50,,,,0.00,P,5
6.833,tesla,0.00,0.00,,,100.50,,,,0.00,P,5
6.836,tesla,0.00,0.00,,,100.50,,,,0.00,P,5
6.838,tesla,0.00,0.00,,,100.50,,,,0.00,P,5
6.839,tesla,0.00,0.00,,,100.50,,,,0.00,P,5
6.841,tesla,0.00,0.00,,,100.50,,,,0.00,P,5
6.844,tesla,0.00,0.00,,,100.50,,,,0.00,P,5
6.847,tesla,0.00,0.00,,,100.50,,,,0.00,P,5
6.850,tesla,0.00,0.00,,,100.50,,,,0.00,P,5
6.852,tesla,0.00,0.00,,,100.50,,,,0.00,P,5
6.855,tesla,0.00,0.00,,,100.50,,,,0.00,P,5
6.858,tesla,0.00,0.00,,,100.50,,,,0.00,P,5
6.858,tesla,0.00,0.00,,,100.50,,,,0.00,P,5
6.861,tesla,0.00,0.00,,,100.50,,,,0.00,P,5
6.863,tesla,0.00,0.00,,,101.00,,,,0.00,P,5
6.866,tesla,0.00,0.00,,,101.00,,,,0.00,P,5
6.869,tesla,0.00,0.00,,,101.00,,,,0.00,P,5
6.872,tesla,0.00,0.00,,,101.10,,,,0.00,P,5
6.875,tesla,0.00,0.00,,,101.10,,,,0.00,P,5
6.877,tesla,0.00,0.00,,,101.10,,,,0.00,P,5
6.877,tesla,0.00,0.00,,,101.10,,,,0.00,P,5
6.880,tesla,0.00,0.00,,,101.10,,,,0.00,P,5
6.883,tesla,0.00,0.00,,,101.10,,,,0.00,P,5
6.886,tesla,0.00,0.00,,,101.10,,,,0.00,P,5
6.888,tesla,0.00,0.00,,,101.10,,,,0.00,P,5
6.889,tesla,0.00,0.00,,,101.10,,,,0.00,P,5
6.891,tesla,0.00,0.00,,,101.10,,,,0.00,P,5
6.894,tesla,0.00,0.00,,,101.10,,,,0.00,P,5
6.897,tesla,0.00,0.00,,,101.10,,,,0.00,P,5
6.897,tesla,0.00,0.00,,,101.10,,,,0.00,P,5
6.899,tesla,0.00,0.00,,,101.10,,,,0.00,P,5
6.902,tesla,0.00,0.00,,,101.10,,,,0.00,P,5
6.905,tesla,0.00,0.00,,,101.10,,,,0.00,P,5
6.905,tesla,0.00,0.00,,,101.10,,,,0.00,P,5
6.908,tesla,0.00,0.00,,,101.10,,,,0.00,P,5
6.911,tesla,0.00,0.00,,,101.10,,,,0.00,P,5
6.913,tesla,0.00,0.00,,,101.10,,,,0.00,P,5
6.916,tesla,0.00,0.00,,,101.10,,,,0.00,P,5
6.919,tesla,0.00,0.00,,,101.10,,,,0.00,P,5
6.922,tesla,0.00,0.00,,,101.10,,,,0.00,P,5
6.925,tesla,0.00,0.00,,,101.10,,,,0.00,P,5
6.925,tesla,0.00,0.00,,,101.10,,,,0.00,P,5
6.927,tesla,0.00,0.00,,,101.10,,,,0.00,P,5
6.930,tesla,0.00,0.00,,,101.10,,,,0.00,P,5
6.930,tesla,0.00,0.00,,,101.10,,,,0.00,P,5
6.933,tesla,0.00,0.00,,,101.10,,,,0.00,P,5
6.936,tesla,0.00,0.00,,,101.10,,,,0.00,P,5
6.936,tesla,0.00,0.00,,,101.10,,,,0.00,P,5
6.938,tesla,0.00,0.00,,,101.10,,,,0.00,P,5
6.941,tesla,0.00,0.00,,,101.10,,,,0.00,P,5
6.944,tesla,0.00,0.00,,,101.10,,,,0.00,P,5
6.947,tesla,0.00,0.00,,,101.10,,,,0.00,P,5
6.950,tesla,0.00,0.00,,,101.10,,,,0.00,P,5
6.952,tesla,0.00,0.00,,,101.10,,,,0.00,P,5
6.953,tesla,0.00,0.00,,,101.10,,,,0.00,P,5
6.955,tesla,0.00,0.00,,,101.10,,,,0.00,P,5
6.958,tesla,0.00,0.00,,,101.10,,,,0.00,P,5
6.961,tesla,0.00,0.00,,,101.10,,,,0.00,P,5
6.963,tesla,0.00,0.00,,,101.10,,,,0.00,P,5
6.966,tesla,0.00,0.00,,,101.10,,,,0.00,P,5
6.966,tesla,0.00,0.00,,,101.10,,,,0.00,P,5
6.969,tesla,0.00,0.00,,,101.10,,,,0.00,P,5
6.972,tesla,0.00,0.00,,,101.10,,,,0.00,P,5
6.974,tesla,0.00,0.00,,,101.10,,,,0.00,P,5
6.977,tesla,0.00,0.00,,,101.10,,,,0.00,P,5
6.980,tesla,0.00,0.00,,,101.10,,,,0.00,P,5
6.983,tesla,0.00,0.00,,,101.10,,,,0.00,P,5
6.983,tesla,0.00,0.00,,,101.10,,,,0.00,P,5
6.986,tesla,0.00,0.00,,,101.10,,,,0.00,P,5
6.988,tesla,0.00,0.00,,,101.10,,,,0.00,P,5
6.991,tesla,0.00,0.00,,,101.10,,,,0.00,P,5
6.994,tesla,0.00,0.00,,,101.10,,,,0.00,P,5
6.997,tesla,0.00,0.00,,,101.10,,,,0.00,P,5
6.997,tesla,0.00,0.00,,,101.10,,,,0.00,P,5
7.000,tesla,0.00,0.00,,,101.10,,,,0.00,P,5
7.002,tesla,0.00,0.00,,,101.10,,,,0.00,P,5
7.005,tesla,0.00,0.00,,,101.10,,,,0.00,P,5
7.008,tesla,0.00,0.00,,,101.10,,,,0.00,P,5
7.008,tesla,0.00,0.00,,,101.10,,,,0.00,P,5
7.011,tesla,0.00,0.00,,,101.10,,,,0.00,P,5
7.013,tesla,0.00,0.00,,,101.10,,,,0.00,P,5
7.016,tesla,0.00,0.00,,,101.10,,,,0.00,P,5
7.019,tesla,0.00,0.00,,,101.10,,,,0.00,P,5
7.022,tesla,0.00,0.00,,,101.10,,,,0.00,P,5
7.025,tesla,0.00,0.00,,,101.10,,,,0.00,P,5
7.025,tesla,0.00,0.00,,,101.10,,,,0.00,P,5
7.027,tesla,0.00,0.00,,,101.10,,,,0.00,P,5
7.030,tesla,0.00,0.00,,,101.10,,,,0.00,P,5
7.033,tesla,0.00,0.00,,,101.10,,,,0.00,P,5
7.033,tesla,0.00,0.00,,,101.10,,,,0.00,P,5
7.036,tesla,0.00,0.00,,,101.10,,,,0.00,P,5
7.038,tesla,0.00,0.00,,,101.10,,,,0.00,P,5
7.039,tesla,0.00,0.00,,,101.10,,,,0.00,P,5
7.041,tesla,0.00,0.00,,,101.10,,,,0.00,P,5
7.044,tesla,0.00,0.00,,,101.10,,,,0.00,P,5
7.047,tesla,0.00,0.00,,,101.10,,,,0.00,P,5
7.050,tesla,0.00,0.00,,,101.10,,,,0.00,P,5
7.052,tesla,0.00,0.00,,,101.10,,,,0.00,P,5
7.053,tesla,0.00,0.00,,,101.10,,,,0.00,P,5
7.055,tesla,0.00,0.00,,,101.10,,,,0.00,P,5
7.058,tesla,0.00,0.00,,,104.70,,,,0.00,P,5
7.061,tesla,0.00,0.00,,,104.70,,,,0.00,P,5
7.063,tesla,0.00,0.00,,,104.90,,,,0.00,P,5
7.066,tesla,0.00,0.00,,,104.90,,,,0.00,P,5
7.069,tesla,0.00,0.00,,,104.90,,,,0.00,P,5
7.072,tesla,0.00,0.00,,,104.90,,,,0.00,P,5
7.072,tesla,0.00,0.00,,,104.90,,,,0.00,P,5
7.075,tesla,0.00,0.00,,,104.90,,,,0.00,P,5
7.077,tesla,0.00,0.00,,,104.90,,,,0.00,P,5
7.080,tesla,0.00,0.00,,,104.90,,,,0.00,P,5
7.080,tesla,0.00,0.00,,,104.90,,,,0.00,P,5
7.083,tesla,0.00,0.00,,,104.90,,,,0.00,P,5
7.086,tesla,0.00,0.00,,,104.90,,,,0.00,P,5
7.088,tesla,0.00,0.00,,,104.90,,,,0.00,P,5
7.089,tesla,0.00,0.00,,,104.90,,,,0.00,P,5
7.091,tesla,0.00,0.00,,,104.90,,,,0.00,P,5
7.094,tesla,0.00,0.00,,,104.90,,,,0.00,P,5
7.097,tesla,0.00,0.00,,,104.90,,,,0.00,P,5
7.099,tesla,0.00,0.00,,,104.90,,,,0.00,P,5
7.102,tesla,0.00,0.00,,,104.90,,,,0.00,P,5
7.105,tesla,0.00,0.00,,,104.90,,,,0.00,P,5
7.105,tesla,0.00,0.00,,,104.90,,,,0.00,P,5
7.108,tesla,0.00,0.00,,,104.90,,,,0.00,P,5
7.111,tesla,0.00,0.00,,,104.90,,,,0.00,P,5
7.113,tesla,0.00,0.00,,,104.90,,,,0.00,P,5
7.116,tesla,0.00,0.00,,,104.90,,,,0.00,P,5
7.116,tesla,0.00,0.00,,,104.90,,,,0.00,P,5
7.119,tesla,0.00,0.00,,,104.90,,,,0.00,P,5
7.122,tesla,0.00,0.00,,,104.90,,,,0.00,P,5
7.125,tesla,0.00,0.00,,,104.90,,,,0.00,P,5
7.127,tesla,0.00,0.00,,,104.90,,,,0.00,P,5
7.127,tesla,0.00,0.00,,,104.90,,,,0.00,P,5
7.128,tesla,0.00,0.00,,,104.90,,,,0.00,P,5
7.130,tesla,0.00,0.00,,,104.90,,,,0.00,P,5
7.133,tesla,0.00,0.00,,,104.90,,,,0.00,P,5
7.133,tesla,0.00,0.00,,,104.90,,,,0.00,P,5
7.136,tesla,0.00,0.00,,,104.90,,,,0.00,P,5
7.138,tesla,0.00,0.00,,,104.90,,,,0.00,P,5
7.141,tesla,0.00,0.00,,,104.90,,,,0.00,P,5
7.142,tesla,0.00,0.00,,,104.90,,,,0.00,P,5
7.144,tesla,0.00,0.00,,,104.90,,,,0.00,P,5
7.147,tesla,0.00,0.00,,,104.90,,,,0.00,P,5
7.150,tesla,0.00,0.00,,,104.90,,,,0.00,P,5
7.150,tesla,0.00,0.00,,,104.90,,,,0.00,P,5
7.152,tesla,0.00,0.00,,,104.90,,,,0.00,P,5
7.155,tesla,0.00,0.00,,,104.90,,,,0.00,P,5
7.158,tesla,0.00,0.00,,,104.90,,,,0.00,P,5
7.161,tesla,0.00,0.00,,,104.90,,,,0.00,P,5
7.161,tesla,0.00,0.00,,,104.90,,,,0.00,P,5
7.163,tesla,0.00,0.00,,,104.90,,,,0.00,P,5
7.166,tesla,0.00,0.00,,,104.90,,,,0.00,P,5
7.169,tesla,0.00,0.00,,,104.90,,,,0.00,P,5
7.169,tesla,0.00,0.00,,,104.90,,,,0.00,P,5
7.172,tesla,0.00,0.00,,,104.90,,,,0.00,P,5
7.175,tesla,0.00,0.00,,,104.90,,,,0.00,P,5
7.177,tesla,0.00,0.00,,,104.90,,,,0.00,P,5
7.180,tesla,0.00,0.00,,,104.90,,,,0.00,P,5
7.183,tesla,0.00,0.00,,,104.90,,,,0.00,P,5
7.183,tesla,0.00,0.00,,,104.90,,,,0.00,P,5
7.186,tesla,0.00,0.00,,,104.90,,,,0.00,P,5
7.190,tesla,0.00,0.00,,,104.90,,,,0.00,P,5
7.191,tesla,0.00,0.00,,,104.90,,,,0.00,P,5
7.194,tesla,0.00,0.00,,,104.90,,,,0.00,P,5
7.197,tesla,0.00,0.00,,,104.90,,,,0.00,P,5
7.200,tesla,0.00,0.00,,,104.90,,,,0.00,P,5
7.200,tesla,0.00,0.00,,,104.90,,,,0.00,P,5
7.202,tesla,0.00,1.60,,,104.90,,,,0.00,P,5
7.205,tesla,0.00,1.60,,,104.90,,,,0.00,P,5
7.208,tesla,0.00,1.60,,,104.90,,,,0.00,P,5
7.211,tesla,0.00,1.60,,,104.90,,,,0.00,P,5
7.211,tesla,0.00,1.60,,,104.90,,,,0.00,P,5
7.213,tesla,0.00,1.60,,,104.90,,,,0.00,P,5
7.216,tesla,0.00,1.60,,,104.90,,,,0.00,P,5
7.219,tesla,0.00,1.60,,,104.90,,,,0.00,P,5
7.222,tesla,0.00,1.60,,,104.90,,,,0.00,P,5
7.224,tesla,0.00,1.60,,,104.90,,,,0.00,P,5
7.227,tesla,0.00,1.60,,,104.90,,,,0.00,P,5
7.230,tesla,0.00,4.80,,,104.90,,,,0.00,P,5
7.230,tesla,0.00,4.80,,,104.90,,,,0.00,P,5
7.233,tesla,0.00,4.80,,,104.90,,,,0.00,P,5
7.236,tesla,0.00,4.80,,,104.90,,,,0.00,P,5
7.238,tesla,0.00,4.80,,,104.90,,,,0.00,P,5
7.241,tesla,0.00,4.80,,,105.70,,,,0.00,P,5
7.242,tesla,0.00,4.80,,,105.70,,,,0.00,P,5
7.244,tesla,0.00,4.80,,,105.70,,,,0.00,P,5
7.247,tesla,0.00,4.80,,,105.70,,,,0.00,P,5
7.250,tesla,0.00,4.80,,,105.70,,,,0.00,P,5
7.252,tesla,0.00,4.80,,,105.70,,,,0.00,P,5
7.253,tesla,0.00,4.80,,,105.70,,,,0.00,P,5
7.255,tesla,0.00,4.80,,,105.70,,,,0.00,P,5
7.258,tesla,0.00,4.80,,,105.70,,,,0.00,P,5
7.258,tesla,0.00,4.80,,,105.70,,,,0.00,P,5
7.261,tesla,0.00,4.80,,,105.70,,,,0.00,P,5
7.263,tesla,0.00,4.80,,,105.70,,,,0.00,P,5
7.266,tesla,0.00,4.80,,,105.70,,,,0.00,P,5
7.269,tesla,0.00,4.80,,,105.70,,,,0.00,P,5
7.269,tesla,0.00,4.80,,,105.70,,,,0.00,P,5
7.272,tesla,0.00,4.80,,,105.70,,,,0.00,P,5
7.274,tesla,0.00,4.80,,,105.70,,,,0.00,P,5
7.277,tesla,0.00,4.80,,,105.70,,,,0.00,P,5
7.280,tesla,0.00,4.80,,,105.70,,,,0.00,P,5
7.280,tesla,0.00,4.80,,,105.70,,,,0.00,P,5
7.283,tesla,0.00,4.80,,,105.70,,,,0.00,P,5
7.286,tesla,0.00,4.80,,,105.70,,,,0.00,P,5
7.288,tesla,0.00,4.80,,,105.70,,,,0.00,P,5
7.291,tesla,0.00,4.80,,,105.70,,,,0.00,P,5
7.294,tesla,0.00,4.80,,,105.70,,,,0.00,P,5
7.297,tesla,0.00,4.80,,,105.70,,,,0.00,P,5
7.297,tesla,0.00,4.80,,,105.70,,,,0.00,P,5
7.299,tesla,0.00,4.80,,,105.70,,,,0.00,P,5
7.302,tesla,0.00,4.80,,,105.70,,,,0.00,P,5
7.305,tesla,0.00,4.80,,,105.70,,,,0.00,P,5
7.308,tesla,0.00,4.80,,,105.70,,,,0.00,P,5
7.308,tesla,0.00,4.80,,,105.70,,,,0.00,P,5
7.311,tesla,0.00,4.80,,,105.70,,,,0.00,P,5
7.313,tesla,0.00,4.80,,,105.70,,,,0.00,P,5
7.316,tesla,0.00,4.80,,,105.70,,,,0.00,P,5
7.319,tesla,0.00,4.80,,,105.70,,,,0.00,P,5
7.319,tesla,0.00,4.80,,,105.70,,,,0.00,P,5
7.322,tesla,0.00,4.80,,,105.70,,,,0.00,P,5
7.322,tesla,0.00,4.80,,,105.70,,,,0.00,P,5
7.324,tesla,0.00,4.80,,,105.70,,,,0.00,P,5
7.327,tesla,0.00,4.80,,,105.70,,,,0.00,P,5
7.327,tesla,0.00,4.80,,,105.70,,,,0.00,P,5
7.330,tesla,0.00,4.80,,,105.70,,,,0.00,P,5
7.344,tesla,0.00,4.80,,,105.70,,,,0.00,P,5
7.347,tesla,0.00,4.80,,,105.70,,,,0.00,P,5
7.347,tesla,0.00,4.80,,,105.70,,,,0.00,P,5
7.350,tesla,0.00,4.80,,,105.70,,,,0.00,P,5
7.352,tesla,0.00,4.80,,,105.70,,,,0.00,P,5
7.355,tesla,0.00,4.80,,,105.70,,,,0.00,P,5
7.355,tesla,0.00,4.80,,,105.70,,,,0.00,P,5
7.358,tesla,0.00,4.80,,,105.70,,,,0.00,P,5
7.361,tesla,0.00,4.80,,,105.70,,,,0.00,P,5
7.363,tesla,0.00,4.80,,,105.70,,,,0.00,P,5
7.366,tesla,0.00,4.80,,,105.70,,,,0.00,P,5
7.366,tesla,0.00,4.80,,,105.70,,,,0.00,P,5
7.369,tesla,0.00,4.80,,,105.70,,,,0.00,P,5
7.372,tesla,0.00,4.80,,,105.70,,,,0.00,P,5
7.374,tesla,0.00,4.80,,,105.70,,,,0.00,P,5
7.377,tesla,0.00,4.80,,,105.70,,,,0.00,P,5
7.377,tesla,0.00,4.80,,,105.70,,,,0.00,P,5
7.380,tesla,0.00,4.80,,,105.70,,,,0.00,P,5
7.383,tesla,0.00,4.80,,,105.70,,,,0.00,P,5
7.386,tesla,0.00,4.80,,,105.70,,,,0.00,P,5
7.388,tesla,0.00,4.80,,,105.70,,,,0.00,P,5
7.391,tesla,0.00,4.80,,,105.70,,,,0.00,P,5
7.391,tesla,0.00,4.80,,,105.70,,,,0.00,P,5
7.394,tesla,0.00,4.80,,,105.70,,,,0.00,P,5
7.397,tesla,0.00,4.80,,,105.70,,,,0.00,P,5
7.397,tesla,0.00,4.80,,,105.70,,,,0.00,P,5
7.399,tesla,0.00,6.80,,,105.70,,,,0.00,P,5
7.402,tesla,0.00,6.80,,,105.70,,,,0.00,P,5
7.405,tesla,0.00,6.80,,,105.70,,,,0.00,P,5
7.408,tesla,0.00,6.80,,,105.70,,,,0.00,P,5
7.411,tesla,0.00,6.80,,,105.70,,,,0.00,P,5
7.413,tesla,0.00,6.80,,,105.70,,,,0.00,P,5
7.414,tesla,0.00,6.80,,,105.70,,,,0.00,P,5
7.416,tesla,0.00,6.40,,,105.70,,,,0.00,P,5
7.419,tesla,0.00,6.40,,,105.70,,,,0.00,P,5
7.422,tesla,0.00,6.40,,,105.70,,,,0.00,P,5
7.424,tesla,0.00,6.40,,,105.70,,,,0.00,P,5
7.427,tesla,0.00,6.40,,,105.70,,,,0.00,P,5
7.430,tesla,0.00,6.40,,,105.70,,,,0.00,P,5
7.433,tesla,0.00,6.40,,,105.70,,,,0.00,P,5
7.433,tesla,0.00,6.40,,,105.70,,,,0.00,P,5
7.436,tesla,0.00,6.40,,,105.80,,,,0.00,P,5
7.438,tesla,0.00,6.40,,,105.80,,,,0.00,P,5
7.441,tesla,0.00,6.40,,,105.80,,,,0.00,P,5
7.444,tesla,0.00,6.40,,,105.80,,,,0.00,P,5
7.447,tesla,0.00,6.40,,,105.80,,,,0.00,P,5
7.447,tesla,0.00,6.40,,,105.80,,,,0.00,P,5
7.449,tesla,0.00,6.40,,,105.80,,,,0.00,P,5
7.450,tesla,0.00,6.40,,,105.80,,,,0.00,P,5
7.452,tesla,0.00,6.40,,,105.80,,,,0.00,P,5
7.455,tesla,0.00,6.40,,,105.80,,,,0.00,P,5
7.458,tesla,0.00,6.40,,,105.80,,,,0.00,P,5
7.458,tesla,0.00,6.40,,,105.80,,,,0.00,P,5
7.461,tesla,0.00,6.40,,,105.80,,,,0.00,P,5
7.463,tesla,0.00,6.40,,,105.80,,,,0.00,P,5
7.466,tesla,0.00,6.40,,,105.80,,,,0.00,P,5
7.469,tesla,0.00,6.40,,,105.80,,,,0.00,P,5
7.472,tesla,0.00,6.40,,,105.80,,,,0.00,P,5
7.475,tesla,0.00,6.40,,,105.80,,,,0.00,P,5
7.477,tesla,0.00,6.40,,,105.80,,,,0.00,P,5
7.478,tesla,0.00,6.40,,,105.80,,,,0.00,P,5
7.480,tesla,0.00,6.40,,,105.80,,,,0.00,P,5
7.483,tesla,0.00,6.40,,,105.80,,,,0.00,P,5
7.486,tesla,0.00,6.40,,,105.80,,,,0.00,P,5
7.488,tesla,0.00,6.40,,,105.80,,,,0.00,P,5
7.491,tesla,0.00,6.40,,,105.80,,,,0.00,P,5
7.494,tesla,0.00,6.40,,,105.80,,,,0.00,P,5
7.497,tesla,0.00,6.40,,,105.80,,,,0.00,P,5
7.497,tesla,0.00,6.40,,,105.80,,,,0.00,P,5
7.499,tesla,0.00,6.40,,,105.80,,,,0.00,P,5
7.502,tesla,0.00,6.40,,,105.80,,,,0.00,P,5
7.505,tesla,0.00,6.40,,,105.80,,,,0.00,P,5
7.508,tesla,0.00,6.40,,,105.80,,,,0.00,P,5
7.511,tesla,0.00,6.40,,,105.80,,,,0.00,P,5
7.511,tesla,0.00,6.40,,,105.80,,,,0.00,P,5
7.513,tesla,0.00,6.40,,,105.80,,,,0.00,P,5
7.516,tesla,0.00,6.40,,,105.80,,,,0.00,P,5
7.519,tesla,0.00,6.40,,,105.80,,,,0.00,P,5
7.520,tesla,0.00,6.40,,,105.80,,,,0.00,P,5
7.522,tesla,0.00,6.40,,,105.80,,,,0.00,P,5
7.524,tesla,0.00,6.40,,,105.80,,,,0.00,P,5
7.525,tesla,0.00,6.40,,,105.80,,,,0.00,P,5
7.527,tesla,0.00,6.40,,,105.80,,,,0.00,P,5
7.530,tesla,0.00,6.40,,,105.80,,,,0.00,P,5
7.533,tesla,0.00,6.40,,,105.80,,,,0.00,P,5
7.536,tesla,0.00,6.40,,,105.80,,,,0.00,P,5
7.536,tesla,0.00,6.40,,,105.80,,,,0.00,P,5
7.538,tesla,0.00,6.40,,,105.80,,,,0.00,P,5
7.541,tesla,0.00,6.40,,,105.80,,,,0.00,P,5
7.541,tesla,0.00,6.40,,,105.80,,,,0.00,P,5
7.544,tesla,0.00,6.40,,,105.80,,,,0.00,P,5
7.547,tesla,0.00,6.40,,,105.80,,,,0.00,P,5
7.547,tesla,0.00,6.40,,,105.80,,,,0.00,P,5
7.549,tesla,0.00,6.40,,,105.80,,,,0.00,P,5
7.552,tesla,0.00,6.40,,,105.80,,,,0.00,P,5
7.555,tesla,0.00,6.40,,,105.80,,,,0.00,P,5
7.558,tesla,0.00,6.40,,,105.80,,,,0.00,P,5
7.558,tesla,0.00,6.40,,,105.80,,,,0.00,P,5
7.561,tesla,0.00,6.40,,,105.80,,,,0.00,P,5
7.563,tesla,0.00,6.40,,,105.80,,,,0.00,P,5
7.564,tesla,0.00,6.40,,,105.80,,,,0.00,P,5
7.566,tesla,0.00,6.40,,,105.80,,,,0.00,P,5
7.569,tesla,0.00,6.40,,,105.80,,,,0.00,P,5
7.572,tesla,0.00,6.40,,,105.80,,,,0.00,P,5
7.575,tesla,0.00,6.00,,,105.80,,,,0.00,P,5
7.577,tesla,0.00,6.00,,,105.80,,,,0.00,P,5
7.580,tesla,0.00,6.00,,,105.80,,,,0.00,P,5
7.580,tesla,0.00,6.00,,,105.80,,,,0.00,P,5
7.583,tesla,0.00,6.00,,,105.80,,,,0.00,P,5
7.586,tesla,0.00,6.00,,,105.80,,,,0.00,P,5
7.588,tesla,0.00,6.00,,,105.80,,,,0.00,P,5
7.588,tesla,0.00,6.00,,,105.80,,,,0.00,P,5
7.591,tesla,0.00,6.00,,,105.80,,,,0.00,P,5
7.594,tesla,0.00,6.00,,,105.80,,,,0.00,P,5
7.597,tesla,0.00,6.00,,,105.80,,,,0.00,P,5
7.599,tesla,0.00,6.00,,,105.80,,,,0.00,P,5
7.600,tesla,0.00,6.00,,,105.80,,,,0.00,P,5
7.602,tesla,0.00,6.00,,,105.80,,,,0.00,P,5
7.605,tesla,0.00,6.00,,,105.80,,,,0.00,P,5
7.608,tesla,0.00,6.00,,,105.80,,,,0.00,P,5
7.611,tesla,0.00,6.00,,,105.80,,,,0.00,P,5
7.613,tesla,0.00,6.00,,,105.80,,,,0.00,P,5
7.614,tesla,0.00,6.00,,,105.80,,,,0.00,P,5
7.616,tesla,0.00,6.00,,,105.80,,,,0.00,P,5
7.619,tesla,0.00,6.00,,,105.80,,,,0.00,P,5
7.622,tesla,0.00,6.00,,,105.80,,,,0.00,P,5
7.624,tesla,0.00,6.00,,,105.80,,,,0.00,P,5
7.627,tesla,0.00,6.00,,,105.20,,,,0.00,P,5
7.630,tesla,0.00,6.00,,,105.20,,,,0.00,P,5
7.633,tesla,0.00,6.00,,,105.20,,,,0.00,P,5
7.633,tesla,0.00,6.00,,,105.20,,,,0.00,P,5
7.636,tesla,0.00,6.00,,,105.20,,,,0.00,P,5
7.638,tesla,0.00,6.00,,,105.20,,,,0.00,P,5
7.641,tesla,0.00,6.00,,,105.10,,,,0.00,P,5
7.644,tesla,0.00,6.00,,,105.10,,,,0.00,P,5
7.647,tesla,0.00,6.00,,,105.10,,,,0.00,P,5
7.649,tesla,0.00,6.00,,,105.10,,,,0.00,P,5
7.652,tesla,0.00,6.00,,,105.10,,,,0.00,P,5
7.653,tesla,0.00,6.00,,,105.10,,,,0.00,P,5
7.655,tesla,0.00,6.00,,,105.10,,,,0.00,P,5
7.658,tesla,0.00,6.00,,,105.10,,,,0.00,P,5
7.661,tesla,0.00,6.00,,,105.10,,,,0.00,P,5
7.663,tesla,0.00,6.00,,,105.10,,,,0.00,P,5
7.663,tesla,0.00,6.00,,,105.10,,,,0.00,P,5
7.666,tesla,0.00,6.00,,,105.10,,,,0.00,P,5
7.669,tesla,0.00,6.00,,,105.10,,,,0.00,P,5
7.672,tesla,0.00,6.00,,,105.10,,,,0.00,P,5
7.674,tesla,0.00,6.00,,,105.10,,,,0.00,P,5
7.677,tesla,0.00,6.00,,,105.10,,,,0.00,P,5
7.680,tesla,0.00,6.00,,,105.10,,,,0.00,P,5
7.683,tesla,0.00,6.00,,,105.10,,,,0.00,P,5
7.683,tesla,0.00,6.00,,,105.10,,,,0.00,P,5
7.686,tesla,0.00,6.00,,,105.10,,,,0.00,P,5
7.688,tesla,0.00,6.00,,,105.10,,,,0.00,P,5
7.691,tesla,0.00,6.00,,,105.10,,,,0.00,P,5
7.694,tesla,0.00,6.00,,,105.10,,,,0.00,P,5
7.697,tesla,0.00,6.00,,,105.10,,,,0.00,P,5
7.699,tesla,0.00,6.00,,,105.10,,,,0.00,P,5
7.702,tesla,0.00,6.00,,,105.10,,,,0.00,P,5
7.702,tesla,0.00,6.00,,,105.10,,,,0.00,P,5
7.705,tesla,0.00,6.00,,,105.10,,,,0.00,P,5
7.708,tesla,0.00,6.00,,,105.10,,,,0.00,P,5
7.711,tesla,0.00,6.00,,,105.10,,,,0.00,P,5
7.713,tesla,0.00,6.00,,,105.10,,,,0.00,P,5
7.714,tesla,0.00,6.00,,,105.10,,,,0.00,P,5
7.716,tesla,0.00,6.00,,,105.10,,,,0.00,P,5
7.719,tesla,0.00,6.00,,,105.10,,,,0.00,P,5
7.722,tesla,0.00,6.00,,,105.10,,,,0.00,P,5
7.724,tesla,0.00,6.00,,,105.10,,,,0.00,P,5
7.727,tesla,0.00,6.00,,,105.10,,,,0.00,P,5
7.727,tesla,0.00,6.00,,,105.10,,,,0.00,P,5
7.730,tesla,0.00,6.00,,,105.10,,,,0.00,P,5
7.733,tesla,0.00,6.00,,,105.10,,,,0.00,P,5
7.736,tesla,0.00,6.00,,,105.10,,,,0.00,P,5
7.738,tesla,0.00,6.00,,,105.10,,,,0.00,P,5
7.739,tesla,0.00,6.00,,,105.10,,,,0.00,P,5
7.741,tesla,0.00,6.00,,,105.10,,,,0.00,P,5
7.744,tesla,0.00,6.00,,,105.10,,,,0.00,P,5
7.747,tesla,0.00,6.00,,,105.10,,,,0.00,P,5
7.747,tesla,0.00,6.00,,,105.10,,,,0.00,P,5
7.749,tesla,0.00,6.00,,,105.10,,,,0.00,P,5
7.752,tesla,0.00,6.00,,,105.10,,,,0.00,P,5
7.755,tesla,0.00,6.00,,,105.10,,,,0.00,P,5
7.758,tesla,0.00,6.00,,,105.10,,,,0.00,P,5
7.758,tesla,0.00,6.00,,,105.10,,,,0.00,P,5
7.761,tesla,0.00,6.00,,,105.10,,,,0.00,P,5
7.763,tesla,0.00,6.00,,,105.10,,,,0.00,P,5
7.763,tesla,0.00,6.00,,,105.10,,,,0.00,P,5
7.766,tesla,0.00,6.00,,,105.10,,,,0.00,P,5
7.769,tesla,0.00,6.00,,,105.10,,,,0.00,P,5
7.772,tesla,0.00,6.00,,,105.10,,,,0.00,P,5
7.774,tesla,0.00,6.00,,,105.10,,,,0.00,P,5
7.777,tesla,0.00,6.00,,,105.10,,,,0.00,P,5
7.780,tesla,0.00,6.00,,,105.10,,,,0.00,P,5
7.780,tesla,0.00,6.00,,,105.10,,,,0.00,P,5
7.783,tesla,0.00,0.00,,,105.10,,,,0.00,P,5
7.786,tesla,0.00,0.00,,,105.10,,,,0.00,P,5
7.788,tesla,0.00,0.00,,,105.10,,,,0.00,P,5
7.789,tesla,0.00,0.00,,,105.10,,,,0.00,P,5
7.791,tesla,0.00,0.00,,,105.10,,,,0.00,P,5
7.794,tesla,0.00,0.00,,,105.10,,,,0.00,P,5
7.794,tesla,0.00,0.00,,,105.10,,,,0.00,P,5
7.797,tesla,0.00,0.00,,,105.10,,,,0.00,P,5
7.799,tesla,0.00,0.00,,,105.10,,,,0.00,P,5
7.802,tesla,0.00,0.00,,,105.10,,,,0.00,P,5
7.805,tesla,0.00,0.00,,,105.10,,,,0.00,P,5
7.808,tesla,0.00,0.00,,,105.10,,,,0.00,P,5
7.811,tesla,0.00,0.00,,,105.10,,,,0.00,P,5
7.813,tesla,0.00,0.00,,,105.10,,,,0.00,P,5
7.814,tesla,0.00,0.00,,,105.10,,,,0.00,P,5
7.816,tesla,0.00,0.00,,,105.10,,,,0.00,P,5
7.819,tesla,0.00,0.00,,,105.10,,,,0.00,P,5
7.822,tesla,0.00,0.00,,,105.10,,,,0.00,P,5
7.825,tesla,0.00,0.00,,,105.10,,,,0.00,P,5
7.827,tesla,0.00,0.00,,,105.10,,,,0.00,P,5
7.830,tesla,0.00,0.00,,,105.10,,,,0.00,P,5
7.833,tesla,0.00,0.00,,,105.10,,,,0.00,P,5
7.833,tesla,0.00,0.00,,,105.10,,,,0.00,P,5
7.836,tesla,0.00,0.00,,,105.10,,,,0.00,P,5
7.838,tesla,0.00,0.00,,,105.10,,,,0.00,P,5
7.841,tesla,0.00,0.00,,,105.10,,,,0.00,P,5
7.844,tesla,0.00,0.00,,,105.10,,,,0.00,P,5
7.847,tesla,0.00,0.00,,,105.10,,,,0.00,P,5
7.850,tesla,0.00,0.00,,,105.10,,,,0.00,P,5
7.850,tesla,0.00,0.00,,,105.10,,,,0.00,P,5
7.852,tesla,0.00,0.00,,,105.10,,,,0.00,P,5
7.852,tesla,0.00,0.00,,,105.10,,,,0.00,P,5
7.856,tesla,0.00,0.00,,,105.10,,,,0.00,P,5
7.927,tesla,0.00,0.00,,,105.10,,,,0.00,P,5
7.929,tesla,0.00,0.00,,,105.10,,,,0.00,P,5
7.932,tesla,0.00,0.00,,,105.10,,,,0.00,P,5
7.932,tesla,0.00,0.00,,,105.10,,,,0.00,P,5
7.935,tesla,0.00,0.00,,,105.10,,,,0.00,P,5
7.938,tesla,0.00,0.00,,,105.10,,,,0.00,P,5
7.940,tesla,0.00,0.00,,,105.10,,,,0.00,P,5
7.943,tesla,0.00,0.00,,,105.10,,,,0.00,P,5
7.946,tesla,0.00,0.00,,,105.10,,,,0.00,P,5
7.946,tesla,0.00,0.00,,,105.10,,,,0.00,P,5
7.949,tesla,0.00,0.00,,,105.10,,,,0.00,P,5
7.951,tesla,0.00,0.00,,,105.10,,,,0.00,P,5
7.954,tesla,0.00,0.00,,,105.10,,,,0.00,P,5
7.957,tesla,0.00,0.00,,,105.10,,,,0.00,P,5
7.960,tesla,0.00,0.00,,,105.10,,,,0.00,P,5
7.963,tesla,0.00,0.00,,,105.10,,,,0.00,P,5
7.965,tesla,0.00,0.00,,,105.10,,,,0.00,P,5
7.966,tesla,0.00,0.00,,,105.10,,,,0.00,P,5
7.968,tesla,0.00,0.00,,,105.10,,,,0.00,P,5
7.971,tesla,0.00,0.00,,,105.10,,,,0.00,P,5
7.974,tesla,0.00,0.00,,,105.10,,,,0.00,P,5
7.976,tesla,0.00,0.00,,,105.10,,,,0.00,P,5
7.979,tesla,0.00,0.00,,,105.10,,,,0.00,P,5
7.982,tesla,0.00,0.00,,,105.10,,,,0.00,P,5
7.985,tesla,0.00,0.00,,,105.10,,,,0.00,P,5
7.985,tesla,0.00,0.00,,,105.10,,,,0.00,P,5
7.988,tesla,0.00,0.00,,,105.10,,,,0.00,P,5
7.990,tesla,0.00,0.00,,,105.10,,,,0.00,P,5
7.993,tesla,0.00,0.00,,,105.10,,,,0.00,P,5
7.996,tesla,0.00,0.00,,,105.10,,,,0.00,P,5
7.996,tesla,0.00,0.00,,,105.10,,,,0.00,P,5
7.999,tesla,0.00,0.00,,,105.10,,,,0.00,P,5
8.001,tesla,0.00,0.00,,,105.10,,,,0.00,P,5
8.004,tesla,0.00,0.00,,,105.10,,,,0.00,P,5
8.007,tesla,0.00,0.00,,,105.10,,,,0.00,P,5
8.007,tesla,0.00,0.00,,,105.10,,,,0.00,P,5
8.010,tesla,0.00,0.00,,,105.10,,,,0.00,P,5
8.013,tesla,0.00,0.00,,,105.10,,,,0.00,P,5
8.015,tesla,0.00,0.00,,,105.10,,,,0.00,P,5
8.018,tesla,0.00,0.00,,,105.10,,,,0.00,P,5
8.018,tesla,0.00,0.00,,,105.10,,,,0.00,P,5
8.021,tesla,0.00,0.00,,,105.10,,,,0.00,P,5
8.024,tesla,0.00,0.00,,,105.10,,,,0.00,P,5
8.026,tesla,0.00,0.00,,,105.10,,,,0.00,P,5
8.029,tesla,0.00,0.00,,,105.10,,,,0.00,P,5
8.029,tesla,0.00,0.00,,,105.10,,,,0.00,P,5
8.032,tesla,0.00,0.00,,,105.10,,,,0.00,P,5
8.035,tesla,0.00,0.00,,,105.10,,,,0.00,P,5
8.035,tesla,0.00,0.00,,,105.10,,,,0.00,P,5
8.038,tesla,0.00,0.00,,,105.10,,,,0.00,P,5
8.040,tesla,0.00,0.00,,,105.10,,,,0.00,P,5
8.043,tesla,0.00,0.00,,,105.10,,,,0.00,P,5
8.043,tesla,0.00,0.00,,,105.10,,,,0.00,P,5
8.046,tesla,0.00,0.00,,,105.10,,,,0.00,P,5
8.049,tesla,0.00,0.00,,,105.10,,,,0.00,P,5
8.051,tesla,0.00,0.00,,,105.10,,,,0.00,P,5
8.054,tesla,0.00,0.00,,,105.10,,,,0.00,P,5
8.054,tesla,0.00,0.00,,,105.10,,,,0.00,P,5
8.057,tesla,0.00,0.00,,,105.10,,,,0.00,P,5
8.060,tesla,0.00,0.00,,,105.10,,,,0.00,P,5
8.063,tesla,0.00,0.00,,,105.10,,,,0.00,P,5
8.065,tesla,0.00,0.00,,,105.10,,,,0.00,D,5
8.065,tesla,0.00,0.00,,,105.10,,,,0.00,D,5
8.068,tesla,0.00,0.00,,,105.10,,,,0.00,D,5
8.071,tesla,0.00,0.00,,,105.10,,,,0.00,D,5
8.074,tesla,0.00,0.00,,,105.10,,,,0.00,D,5
8.076,tesla,0.00,0.00,,,105.10,,,,0.00,D,5
8.079,tesla,0.08,0.00,,,105.10,,,,0.00,D,5
8.079,tesla,0.08,0.00,,,105.10,,,,0.00,D,5
8.082,tesla,0.08,0.00,,,105.10,,,,10.00,D,5
8.085,tesla,0.08,0.00,,,105.10,,,,10.00,D,5
8.088,tesla,0.08,0.00,,,105.10,,,,10.00,D,5
8.090,tesla,0.08,0.00,,,105.10,,,,10.00,D,5
8.093,tesla,0.08,0.00,,,105.10,,,,10.00,D,5
8.093,tesla,0.08,0.00,,,105.10,,,,10.00,D,5
8.096,tesla,0.08,0.00,,,103.30,,,,10.00,D,5
8.099,tesla,0.08,0.00,,,103.30,,,,10.00,D,5
8.101,tesla,0.08,0.00,,,103.20,,,,10.00,D,5
8.104,tesla,0.08,0.00,,,103.20,,,,10.00,D,5
8.104,tesla,0.08,0.00,,,103.20,,,,10.00,D,5
8.107,tesla,0.08,0.00,,,103.20,,,,10.00,D,5
8.110,tesla,0.08,0.00,,,103.20,,,,10.00,D,5
8.113,tesla,0.08,0.00,,,103.20,,,,10.00,D,5
8.115,tesla,0.08,0.00,,,103.20,,,,10.00,D,5
8.118,tesla,0.08,0.00,,,103.20,,,,10.00,D,5
8.121,tesla,0.08,0.00,,,103.20,,,,10.00,D,5
8.124,tesla,0.08,0.00,,,103.20,,,,10.00,D,5
8.124,tesla,0.08,0.00,,,103.20,,,,10.00,D,5
8.127,tesla,0.08,0.00,,,103.20,,,,10.00,D,5
8.129,tesla,0.08,0.00,,,103.20,,,,10.00,D,5
8.132,tesla,0.08,0.00,,,103.20,,,,10.00,D,5
8.135,tesla,0.08,0.00,,,103.20,,,,10.00,D,5
8.135,tesla,0.08,0.00,,,103.20,,,,10.00,D,5
8.138,tesla,0.08,0.00,,,103.20,,,,10.00,D,5
8.140,tesla,0.08,0.00,,,103.20,,,,10.00,D,5
8.143,tesla,0.08,0.00,,,103.20,,,,10.00,D,5
8.146,tesla,0.08,0.00,,,103.20,,,,10.00,D,5
8.149,tesla,0.08,0.00,,,103.20,,,,10.00,D,5
8.149,tesla,0.08,0.00,,,103.20,,,,10.00,D,5
8.151,tesla,0.08,0.00,,,103.20,,,,10.00,D,5
8.154,tesla,0.08,0.00,,,103.20,,,,10.00,D,5
8.157,tesla,0.08,0.00,,,103.20,,,,10.00,D,5
8.160,tesla,0.08,0.00,,,103.20,,,,10.00,D,5
8.163,tesla,0.08,0.00,,,103.20,,,,10.00,D,5
8.165,tesla,0.08,0.00,,,103.20,,,,10.00,D,5
8.168,tesla,0.08,0.00,,,103.20,,,,10.00,D,5
8.168,tesla,0.08,0.00,,,103.20,,,,10.00,D,5
8.171,tesla,0.08,0.00,,,103.20,,,,10.00,D,5
8.174,tesla,0.08,0.00,,,103.20,,,,10.00,D,5
8.176,tesla,0.08,0.00,,,103.20,,,,10.00,D,5
8.179,tesla,0.08,0.00,,,103.20,,,,10.00,D,5
8.182,tesla,0.08,0.00,,,103.20,,,,10.00,D,5
8.185,tesla,0.08,0.00,,,103.20,,,,10.00,D,5
8.185,tesla,0.08,0.00,,,103.20,,,,10.00,D,5
8.188,tesla,0.08,0.00,,,103.20,,,,10.00,D,5
8.190,tesla,0.08,0.00,,,103.20,,,,10.00,D,5
8.193,tesla,0.08,0.00,,,103.20,,,,10.00,D,5
8.193,tesla,0.08,0.00,,,103.20,,,,10.00,D,5
8.196,tesla,0.08,0.00,,,103.20,,,,10.00,D,5
8.199,tesla,0.08,0.00,,,103.20,,,,10.00,D,5
8.201,tesla,0.08,0.00,,,103.20,,,,10.00,D,5
8.202,tesla,0.08,0.00,,,103.20,,,,10.00,D,5
8.204,tesla,0.08,0.00,,,103.20,,,,10.00,D,5
8.207,tesla,0.08,0.00,,,103.20,,,,10.00,D,5
8.210,tesla,0.08,0.00,,,103.20,,,,10.00,D,5
8.213,tesla,0.08,0.00,,,103.20,,,,10.00,D,5
8.213,tesla,0.08,0.00,,,103.20,,,,10.00,D,5
8.215,tesla,0.08,0.00,,,103.20,,,,10.00,D,5
8.218,tesla,0.08,0.00,,,103.20,,,,10.00,D,5
8.221,tesla,0.08,0.00,,,103.20,,,,10.00,D,5
8.224,tesla,0.08,0.00,,,103.20,,,,10.00,D,5
8.224,tesla,0.08,0.00,,,103.20,,,,10.00,D,5
8.226,tesla,0.08,0.00,,,103.20,,,,10.00,D,5
8.229,tesla,0.08,0.00,,,103.20,,,,10.00,D,5
8.232,tesla,0.08,0.00,,,103.20,,,,10.00,D,5
8.235,tesla,0.08,0.00,,,103.20,,,,10.00,D,5
8.235,tesla,0.08,0.00,,,103.20,,,,10.00,D,5
8.238,tesla,0.08,0.00,,,103.20,,,,10.00,D,5
8.240,tesla,0.08,0.00,,,103.20,,,,10.00,D,5
8.243,tesla,0.08,0.00,,,103.20,,,,10.00,D,5
8.243,tesla,0.08,0.00,,,103.20,,,,10.00,D,5
8.246,tesla,0.08,0.00,,,103.20,,,,10.00,D,5
8.249,tesla,0.08,0.00,,,103.20,,,,10.00,D,5
8.251,tesla,0.08,0.00,,,103.20,,,,10.00,D,5
8.252,tesla,0.08,0.00,,,103.20,,,,10.00,D,5
8.254,tesla,0.08,0.00,,,103.20,,,,10.00,D,5
8.257,tesla,0.08,0.00,,,103.20,,,,10.00,D,5
8.260,tesla,0.08,0.00,,,103.20,,,,10.00,D,5
8.260,tesla,0.08,0.00,,,103.20,,,,10.00,D,5
8.263,tesla,0.08,0.00,,,103.20,,,,10.00,D,5
8.265,tesla,0.08,0.00,,,103.20,,,,10.00,D,5
8.268,tesla,0.08,0.00,,,103.20,,,,10.00,D,5
8.271,tesla,0.08,0.00,,,103.20,,,,10.00,D,5
8.274,tesla,0.08,0.00,,,103.20,,,,10.00,D,5
8.274,tesla,0.08,0.00,,,103.20,,,,10.00,D,5
8.276,tesla,0.08,0.00,,,103.20,,,,10.00,D,5
8.279,tesla,0.08,0.00,,,103.20,,,,10.00,D,5
8.282,tesla,0.08,0.00,,,103.20,,,,16.00,D,5
8.285,tesla,0.08,0.00,,,103.20,,,,16.00,D,5
8.285,tesla,0.08,0.00,,,103.20,,,,16.00,D,5
8.288,tesla,0.08,0.00,,,103.20,,,,16.00,D,5
8.290,tesla,0.08,0.00,,,103.20,,,,16.00,D,5
8.293,tesla,0.08,0.00,,,104.50,,,,16.00,D,5
8.296,tesla,0.08,0.00,,,104.50,,,,16.00,D,5
8.299,tesla,0.08,0.00,,,104.50,,,,16.00,D,5
8.299,tesla,0.08,0.00,,,104.70,,,,16.00,D,5
8.301,tesla,0.08,0.00,,,104.70,,,,16.00,D,5
8.304,tesla,0.08,0.00,,,104.70,,,,16.00,D,5
8.307,tesla,0.08,0.00,,,104.70,,,,16.00,D,5
8.310,tesla,0.08,0.00,,,104.70,,,,16.00,D,5
8.310,tesla,0.08,0.00,,,104.70,,,,16.00,D,5
8.313,tesla,0.08,0.00,,,104.70,,,,16.00,D,5
8.315,tesla,0.08,0.00,,,104.70,,,,16.00,D,5
8.318,tesla,0.08,0.00,,,104.70,,,,16.00,D,5
8.321,tesla,0.08,0.00,,,104.70,,,,16.00,D,5
8.324,tesla,0.08,0.00,,,104.70,,,,16.00,D,5
8.324,tesla,0.08,0.00,,,104.70,,,,16.00,D,5
8.326,tesla,0.08,0.00,,,104.70,,,,16.00,D,5
8.329,tesla,0.08,0.00,,,104.70,,,,16.00,D,5
8.332,tesla,0.08,0.00,,,104.70,,,,16.00,D,5
8.335,tesla,0.08,0.00,,,104.70,,,,16.00,D,5
8.338,tesla,0.08,0.00,,,104.70,,,,16.00,D,5
8.338,tesla,0.08,0.00,,,104.70,,,,16.00,D,5
8.340,tesla,0.08,0.00,,,104.70,,,,16.00,D,5
8.343,tesla,0.08,0.00,,,104.70,,,,16.00,D,5
8.346,tesla,0.08,0.00,,,104.70,,,,16.00,D,5
8.349,tesla,0.08,0.00,,,104.70,,,,16.00,D,5
8.349,tesla,0.08,0.00,,,104.70,,,,16.00,D,5
8.352,tesla,0.08,0.00,,,104.70,,,,16.00,D,5
8.354,tesla,0.08,0.00,,,104.70,,,,16.00,D,5
8.357,tesla,0.08,0.00,,,104.70,,,,16.00,D,5
8.360,tesla,0.08,0.00,,,104.70,,,,16.00,D,5
8.363,tesla,0.08,0.00,,,104.70,,,,16.00,D,5
8.365,tesla,0.08,0.00,,,104.70,,,,16.00,D,5
8.366,tesla,0.08,0.00,,,104.70,,,,16.00,D,5
8.368,tesla,0.08,0.00,,,104.70,,,,16.00,D,5
8.371,tesla,0.08,0.00,,,104.70,,,,16.00,D,5
8.374,tesla,0.08,0.00,,,104.70,,,,16.00,D,5
8.376,tesla,0.08,0.00,,,104.70,,,,16.00,D,5
8.379,tesla,0.08,0.00,,,104.70,,,,16.00,D,5
8.382,tesla,0.08,0.00,,,104.70,,,,16.00,D,5
8.382,tesla,0.08,0.00,,,104.70,,,,16.00,D,5
8.385,tesla,0.08,0.00,,,104.70,,,,16.00,D,5
8.388,tesla,0.08,0.00,,,104.70,,,,16.00,D,5
8.390,tesla,0.08,0.00,,,104.70,,,,16.00,D,5
8.391,tesla,0.08,0.00,,,104.70,,,,16.00,D,5
8.393,tesla,0.08,0.00,,,104.70,,,,16.00,D,5
8.396,tesla,0.08,0.00,,,104.70,,,,16.00,D,5
8.399,tesla,0.08,0.00,,,104.70,,,,16.00,D,5
8.399,tesla,0.08,0.00,,,104.70,,,,16.00,D,5
8.401,tesla,0.08,0.00,,,104.70,,,,16.00,D,5
8.404,tesla,0.08,0.00,,,104.70,,,,16.00,D,5
8.407,tesla,0.08,0.00,,,104.70,,,,16.00,D,5
8.410,tesla,0.08,0.00,,,104.70,,,,16.00,D,5
8.413,tesla,0.08,0.00,,,104.70,,,,16.00,D,5
8.415,tesla,0.08,0.00,,,104.70,,,,16.00,D,5
8.416,tesla,0.08,0.00,,,104.70,,,,16.00,D,5
8.418,tesla,0.08,0.00,,,104.70,,,,16.00,D,5
8.421,tesla,0.08,0.00,,,104.70,,,,16.00,D,5
8.424,tesla,0.08,0.00,,,104.70,,,,16.00,D,5
8.424,tesla,0.08,0.00,,,104.70,,,,16.00,D,5
8.426,tesla,0.08,0.00,,,104.70,,,,16.00,D,5
8.429,tesla,0.08,0.00,,,104.70,,,,16.00,D,5
8.432,tesla,0.08,0.00,,,104.70,,,,16.00,D,5
8.435,tesla,0.08,0.00,,,104.70,,,,16.00,D,5
8.435,tesla,0.08,0.00,,,104.70,,,,16.00,D,5
8.438,tesla,0.08,0.00,,,104.70,,,,16.00,D,5
8.440,tesla,0.08,0.00,,,104.70,,,,16.00,D,5
8.443,tesla,0.08,0.00,,,104.70,,,,16.00,D,5
8.443,tesla,0.08,0.00,,,104.70,,,,16.00,D,5
8.446,tesla,0.08,0.00,,,104.70,,,,16.00,D,5
8.449,tesla,0.08,0.00,,,104.70,,,,16.00,D,5
8.452,tesla,0.08,0.00,,,104.70,,,,16.00,D,5
8.454,tesla,0.08,0.00,,,104.70,,,,16.00,D,5
8.454,tesla,0.08,0.00,,,104.70,,,,16.00,D,5
8.457,tesla,0.08,0.00,,,104.70,,,,16.00,D,5
8.460,tesla,0.08,0.00,,,104.70,,,,16.00,D,5
8.460,tesla,0.08,0.00,,,104.70,,,,16.00,D,5
8.463,tesla,0.08,0.00,,,104.70,,,,16.00,D,5
8.465,tesla,0.08,0.00,,,104.70,,,,16.00,D,5
8.468,tesla,0.08,0.00,,,104.70,,,,16.00,D,5
8.471,tesla,0.08,0.00,,,104.70,,,,16.00,D,5
8.471,tesla,0.08,0.00,,,104.70,,,,16.00,D,5
8.474,tesla,0.08,0.00,,,104.70,,,,16.00,D,5
8.476,tesla,0.08,0.00,,,104.70,,,,16.00,D,5
8.479,tesla,0.00,0.00,,,104.70,,,,16.00,D,5
8.482,tesla,0.00,0.00,,,104.70,,,,18.00,D,5
8.485,tesla,0.00,0.00,,,104.70,,,,18.00,D,5
8.485,tesla,0.00,0.00,,,104.70,,,,18.00,D,5
8.488,tesla,0.00,0.00,,,104.70,,,,18.00,D,5
8.490,tesla,0.00,0.00,,,110.00,,,,18.00,D,5
8.493,tesla,0.00,0.00,,,110.00,,,,18.00,D,5
8.496,tesla,0.00,0.00,,,110.00,,,,18.00,D,5
8.499,tesla,0.00,0.00,,,110.00,,,,18.00,D,5
8.501,tesla,0.00,0.00,,,110.00,,,,18.00,D,5
8.502,tesla,0.00,0.00,,,110.00,,,,18.00,D,5
8.504,tesla,0.00,0.00,,,110.00,,,,18.00,D,5
8.507,tesla,0.00,0.00,,,110.00,,,,18.00,D,5
8.510,tesla,0.00,0.00,,,110.00,,,,18.00,D,5
8.513,tesla,0.00,0.00,,,110.00,,,,18.00,D,5
8.515,tesla,0.00,0.00,,,110.00,,,,18.00,D,5
8.516,tesla,0.00,0.00,,,110.00,,,,18.00,D,5
8.518,tesla,0.00,0.00,,,110.00,,,,18.00,D,5
8.521,tesla,0.00,0.00,,,110.00,,,,18.00,D,5
8.524,tesla,0.00,0.00,,,110.00,,,,18.00,D,5
8.526,tesla,0.00,0.00,,,110.00,,,,18.00,D,5
8.529,tesla,0.00,0.00,,,110.00,,,,18.00,D,5
8.529,tesla,0.00,0.00,,,110.00,,,,18.00,D,5
8.532,tesla,0.00,0.00,,,110.00,,,,18.00,D,5
8.535,tesla,0.00,0.00,,,110.00,,,,18.00,D,5
8.538,tesla,0.00,0.00,,,110.00,,,,18.00,D,5
8.540,tesla,0.00,0.00,,,110.00,,,,18.00,D,5
8.540,tesla,0.00,0.00,,,110.00,,,,18.00,D,5
8.543,tesla,0.00,0.00,,,110.00,,,,18.00,D,5
8.546,tesla,0.00,0.00,,,110.00,,,,18.00,D,5
8.549,tesla,0.00,0.00,,,110.00,,,,18.00,D,5
8.551,tesla,0.00,0.00,,,110.00,,,,18.00,D,5
8.554,tesla,0.00,0.00,,,110.00,,,,18.00,D,5
8.554,tesla,0.00,0.00,,,110.00,,,,18.00,D,5
8.557,tesla,0.00,0.00,,,110.00,,,,18.00,D,5
8.560,tesla,0.00,0.00,,,110.00,,,,18.00,D,5
8.563,tesla,0.00,0.00,,,110.00,,,,18.00,D,5
8.565,tesla,0.00,0.00,,,110.00,,,,18.00,D,5
8.568,tesla,0.00,0.00,,,110.00,,,,18.00,D,5
8.571,tesla,0.00,0.00,,,110.00,,,,18.00,D,5
8.574,tesla,0.00,0.00,,,110.00,,,,18.00,D,5
8.574,tesla,0.00,0.00,,,110.00,,,,18.00,D,5
8.576,tesla,0.00,0.00,,,110.00,,,,18.00,D,5
8.579,tesla,0.00,0.00,,,110.00,,,,18.00,D,5
8.582,tesla,0.00,0.00,,,110.00,,,,18.00,D,5
8.585,tesla,0.00,0.00,,,110.00,,,,18.00,D,5
8.585,tesla,0.00,0.00,,,110.00,,,,18.00,D,5
8.588,tesla,0.00,0.00,,,110.00,,,,18.00,D,5
8.590,tesla,0.00,0.00,,,110.00,,,,18.00,D,5
8.593,tesla,0.00,0.00,,,110.00,,,,18.00,D,5
8.593,tesla,0.00,0.00,,,110.00,,,,18.00,D,5
8.596,tesla,0.00,0.00,,,110.00,,,,18.00,D,5
8.596,tesla,0.00,0.00,,,110.00,,,,18.00,D,5
8.599,tesla,0.00,0.00,,,110.00,,,,18.00,D,5
8.601,tesla,0.00,0.00,,,110.00,,,,18.00,D,5
8.604,tesla,0.00,0.00,,,110.00,,,,18.00,D,5
8.607,tesla,0.00,0.00,,,110.00,,,,18.00,D,5
8.610,tesla,0.00,0.00,,,110.00,,,,18.00,D,5
8.613,tesla,0.00,0.00,,,110.00,,,,18.00,D,5
8.615,tesla,0.00,0.00,,,110.00,,,,18.00,D,5
8.616,tesla,0.00,0.00,,,110.00,,,,18.00,D,5
8.618,tesla,0.00,0.00,,,110.00,,,,18.00,D,5
8.621,tesla,0.00,0.00,,,110.00,,,,18.00,D,5
8.624,tesla,0.00,0.00,,,110.00,,,,18.00,D,5
8.624,tesla,0.00,0.00,,,110.00,,,,18.00,D,5
8.626,tesla,0.00,0.00,,,110.00,,,,18.00,D,5
8.629,tesla,0.00,0.00,,,110.00,,,,18.00,D,5
8.632,tesla,0.00,0.00,,,110.00,,,,18.00,D,5
8.635,tesla,0.00,0.00,,,110.00,,,,18.00,D,5
8.638,tesla,0.00,0.00,,,110.00,,,,18.00,D,5
8.638,tesla,0.00,0.00,,,110.00,,,,18.00,D,5
8.640,tesla,0.00,0.00,,,110.00,,,,18.00,D,5
8.643,tesla,0.00,0.00,,,110.00,,,,18.00,D,5
8.646,tesla,0.00,0.00,,,110.00,,,,18.00,D,5
8.646,tesla,0.00,0.00,,,110.00,,,,18.00,D,5
8.649,tesla,0.00,0.00,,,110.00,,,,18.00,D,5
8.651,tesla,0.00,0.00,,,110.00,,,,18.00,D,5
8.654,tesla,0.00,0.00,,,110.00,,,,18.00,D,5
8.657,tesla,0.00,0.00,,,110.00,,,,18.00,D,5
8.660,tesla,0.00,0.00,,,110.00,,,,18.00,D,5
8.660,tesla,0.00,0.00,,,110.00,,,,18.00,D,5
8.663,tesla,0.00,0.00,,,110.00,,,,18.00,D,5
8.665,tesla,0.00,0.00,,,110.00,,,,18.00,D,5
8.668,tesla,0.00,0.00,,,110.00,,,,18.00,D,5
8.668,tesla,0.00,0.00,,,110.00,,,,18.00,D,5
8.671,tesla,0.00,0.00,,,110.00,,,,18.00,D,5
8.674,tesla,0.00,0.00,,,110.00,,,,18.00,D,5
8.676,tesla,0.00,0.00,,,110.00,,,,18.00,D,5
8.679,tesla,0.00,0.00,,,110.00,,,,18.00,D,5
8.679,tesla,0.00,0.00,,,110.00,,,,18.00,D,5
8.682,tesla,0.00,0.00,,,119.30,,,,18.00,D,5
8.685,tesla,0.00,0.00,,,119.30,,,,18.00,D,5
8.688,tesla,0.00,0.00,,,119.30,,,,18.00,D,5
8.690,tesla,0.00,0.00,,,119.80,,,,18.00,D,5
8.693,tesla,0.00,0.00,,,119.80,,,,18.00,D,5
8.696,tesla,0.00,0.00,,,119.80,,,,18.00,D,5
8.699,tesla,0.00,0.00,,,119.80,,,,18.00,D,5
8.699,tesla,0.00,0.00,,,119.80,,,,18.00,D,5
8.701,tesla,0.00,0.00,,,119.80,,,,18.00,D,5
8.704,tesla,0.00,0.00,,,119.80,,,,18.00,D,5
8.707,tesla,0.00,0.00,,,119.80,,,,18.00,D,5
8.707,tesla,0.00,0.00,,,119.80,,,,18.00,D,5
8.710,tesla,0.00,0.00,,,119.80,,,,18.00,D,5
8.713,tesla,0.00,0.00,,,119.80,,,,18.00,D,5
8.715,tesla,0.00,0.00,,,119.80,,,,18.00,D,5
8.718,tesla,0.00,0.00,,,119.80,,,,18.00,D,5
8.721,tesla,0.00,0.00,,,119.80,,,,18.00,D,5
8.724,tesla,0.00,0.00,,,119.80,,,,18.00,D,5
8.726,tesla,0.00,0.00,,,119.80,,,,18.00,D,5
8.727,tesla,0.00,0.00,,,119.80,,,,18.00,D,5
8.729,tesla,0.00,0.00,,,119.80,,,,18.00,D,5
8.732,tesla,0.00,0.00,,,119.80,,,,18.00,D,5
8.735,tesla,0.00,0.00,,,119.80,,,,18.00,D,5
8.735,tesla,0.00,0.00,,,119.80,,,,18.00,D,5
8.738,tesla,0.00,0.00,,,119.80,,,,18.00,D,5
8.740,tesla,0.00,0.00,,,119.80,,,,18.00,D,5
8.743,tesla,0.00,0.00,,,119.80,,,,18.00,D,5
8.743,tesla,0.00,0.00,,,119.80,,,,18.00,D,5
8.746,tesla,0.00,0.00,,,119.80,,,,18.00,D,5
8.749,tesla,0.00,0.00,,,119.80,,,,18.00,D,5
8.751,tesla,0.00,0.00,,,119.80,,,,18.00,D,5
8.754,tesla,0.00,0.00,,,119.80,,,,18.00,D,5
8.754,tesla,0.00,0.00,,,119.80,,,,18.00,D,5
8.757,tesla,0.00,0.00,,,119.80,,,,18.00,D,5
8.760,tesla,0.00,0.00,,,119.80,,,,18.00,D,5
8.763,tesla,0.00,0.00,,,119.80,,,,18.00,D,5
8.765,tesla,0.00,0.00,,,119.80,,,,18.00,D,5
8.768,tesla,0.00,0.00,,,119.80,,,,18.00,D,5
8.768,tesla,0.00,0.00,,,119.80,,,,18.00,D,5
8.771,tesla,0.00,0.00,,,119.80,,,,18.00,D,5
8.774,tesla,0.00,0.00,,,119.80,,,,18.00,D,5
8.777,tesla,0.00,0.00,,,119.80,,,,18.00,D,5
8.779,tesla,0.00,0.00,,,119.80,,,,18.00,D,5
8.782,tesla,0.00,0.00,,,119.80,,,,18.00,D,5
8.785,tesla,0.00,0.00,,,119.80,,,,18.00,D,5
8.788,tesla,0.00,0.00,,,119.80,,,,18.00,D,5
8.788,tesla,0.00,0.00,,,119.80,,,,18.00,D,5
8.788,tesla,0.00,0.00,,,119.80,,,,18.00,D,5
8.790,tesla,0.00,0.00,,,119.80,,,,18.00,D,5
8.793,tesla,0.00,0.00,,,119.80,,,,18.00,D,5
8.796,tesla,0.00,0.00,,,119.80,,,,18.00,D,5
8.799,tesla,0.00,0.00,,,119.80,,,,18.00,D,5
8.801,tesla,0.00,0.00,,,119.80,,,,18.00,D,5
8.802,tesla,0.00,0.00,,,119.80,,,,18.00,D,5
8.804,tesla,0.00,0.00,,,119.80,,,,18.00,D,5
8.807,tesla,0.00,0.00,,,119.80,,,,18.00,D,5
8.810,tesla,0.00,0.00,,,119.80,,,,18.00,D,5
8.813,tesla,0.00,0.00,,,119.80,,,,18.00,D,5
8.815,tesla,0.00,0.00,,,119.80,,,,18.00,D,5
8.815,tesla,0.00,0.00,,,119.80,,,,18.00,D,5
8.818,tesla,0.00,0.00,,,119.80,,,,18.00,D,5
8.821,tesla,0.00,0.00,,,119.80,,,,18.00,D,5
8.824,tesla,0.00,0.00,,,119.80,,,,18.00,D,5
8.827,tesla,0.00,0.00,,,119.80,,,,18.00,D,5
8.829,tesla,0.00,0.00,,,119.80,,,,18.00,D,5
8.832,tesla,0.00,0.00,,,119.80,,,,18.00,D,5
8.832,tesla,0.00,0.00,,,119.80,,,,18.00,D,5
8.835,tesla,0.00,0.00,,,119.80,,,,18.00,D,5
8.838,tesla,0.00,0.00,,,119.80,,,,18.00,D,5
8.840,tesla,0.00,0.00,,,119.80,,,,18.00,D,5
8.840,tesla,0.00,0.00,,,119.80,,,,18.00,D,5
8.843,tesla,0.00,0.00,,,119.80,,,,18.00,D,5
8.846,tesla,0.00,0.00,,,119.80,,,,18.00,D,5
8.849,tesla,0.00,0.00,,,119.80,,,,18.00,D,5
8.852,tesla,0.00,0.00,,,119.80,,,,18.00,D,5
8.854,tesla,0.00,0.00,,,119.80,,,,18.00,D,5
8.857,tesla,0.00,0.00,,,119.80,,,,18.00,D,5
8.857,tesla,0.00,4.40,,,119.80,,,,18.00,D,5
8.860,tesla,0.00,4.40,,,119.80,,,,18.00,D,5
8.863,tesla,0.00,4.40,,,119.80,,,,18.00,D,5
8.865,tesla,0.16,4.40,,,119.80,,,,18.00,D,5
8.868,tesla,0.16,4.40,,,119.80,,,,18.00,D,5
8.871,tesla,0.16,4.40,,,119.80,,,,18.00,D,5
8.874,tesla,0.16,4.40,,,119.80,,,,18.00,D,5
8.874,tesla,0.16,4.80,,,119.80,,,,18.00,D,5
8.876,tesla,0.16,4.80,,,131.40,,,,18.00,D,5
8.879,tesla,0.16,4.80,,,131.40,,,,132.00,D,5
8.882,tesla,0.16,4.80,,,131.40,,,,132.00,D,5
8.882,tesla,0.16,4.80,,,131.40,,,,132.00,D,5
8.885,tesla,0.16,4.80,,,132.00,,,,132.00,D,5
8.888,tesla,0.16,4.80,,,132.00,,,,132.00,D,5
8.890,tesla,0.16,4.80,,,132.00,,,,132.00,D,5
8.893,tesla,0.16,4.80,,,132.00,,,,132.00,D,5
8.893,tesla,0.16,4.80,,,132.00,,,,132.00,D,5
8.896,tesla,0.16,4.80,,,132.00,,,,132.00,D,5
8.899,tesla,0.16,4.80,,,132.00,,,,132.00,D,5
8.901,tesla,0.16,4.80,,,132.00,,,,132.00,D,5
8.904,tesla,0.16,4.80,,,132.00,,,,132.00,D,5
8.904,tesla,0.16,4.80,,,132.00,,,,132.00,D,5
8.907,tesla,0.16,4.80,,,132.00,,,,132.00,D,5
8.910,tesla,0.16,4.80,,,132.00,,,,132.00,D,5
8.913,tesla,0.16,4.80,,,132.00,,,,132.00,D,5
8.915,tesla,0.16,4.80,,,132.00,,,,132.00,D,5
8.918,tesla,0.16,4.80,,,132.00,,,,132.00,D,5
8.921,tesla,0.16,4.80,,,132.00,,,,132.00,D,5
8.921,tesla,0.16,4.80,,,132.00,,,,132.00,D,5
8.924,tesla,0.16,4.80,,,132.00,,,,132.00,D,5
8.926,tesla,0.16,4.80,,,132.00,,,,132.00,D,5
8.929,tesla,0.16,4.80,,,132.00,,,,132.00,D,5
8.929,tesla,0.16,4.80,,,132.00,,,,132.00,D,5
8.932,tesla,0.16,4.80,,,132.00,,,,132.00,D,5
8.935,tesla,0.16,4.80,,,132.00,,,,132.00,D,5
8.938,tesla,0.16,4.80,,,132.00,,,,132.00,D,5
8.940,tesla,0.16,4.80,,,132.00,,,,132.00,D,5
8.940,tesla,0.16,4.80,,,132.00,,,,132.00,D,5
8.943,tesla,0.16,4.80,,,132.00,,,,132.00,D,5
8.946,tesla,0.16,4.80,,,132.00,,,,132.00,D,5
8.949,tesla,0.16,4.80,,,132.00,,,,132.00,D,5
8.952,tesla,0.16,4.80,,,132.00,,,,132.00,D,5
8.954,tesla,0.16,4.80,,,132.00,,,,132.00,D,5
8.957,tesla,0.16,4.80,,,132.00,,,,132.00,D,5
8.960,tesla,0.16,4.80,,,132.00,,,,132.00,D,5
8.960,tesla,0.16,4.80,,,132.00,,,,132.00,D,5
8.963,tesla,0.16,4.80,,,132.00,,,,132.00,D,5
8.965,tesla,0.16,4.80,,,132.00,,,,132.00,D,5
8.968,tesla,0.16,4.80,,,132.00,,,,132.00,D,5
8.971,tesla,0.16,4.80,,,132.00,,,,132.00,D,5
8.971,tesla,0.16,4.80,,,132.00,,,,132.00,D,5
8.974,tesla,0.16,4.80,,,132.00,,,,132.00,D,5
8.976,tesla,0.16,4.80,,,132.00,,,,132.00,D,5
8.979,tesla,0.16,4.80,,,132.00,,,,132.00,D,5
8.982,tesla,0.16,4.80,,,132.00,,,,132.00,D,5
8.985,tesla,0.16,4.80,,,132.00,,,,132.00,D,5
8.988,tesla,0.16,4.80,,,132.00,,,,132.00,D,5
8.990,tesla,0.16,4.80,,,132.00,,,,132.00,D,5
8.991,tesla,0.16,4.80,,,132.00,,,,132.00,D,5
8.991,tesla,0.16,4.80,,,132.00,,,,132.00,D,5
8.993,tesla,0.16,4.80,,,132.00,,,,132.00,D,5
8.996,tesla,0.16,4.80,,,132.00,,,,132.00,D,5
8.999,tesla,0.16,4.80,,,132.00,,,,132.00,D,5
9.001,tesla,0.16,4.80,,,132.00,,,,132.00,D,5
9.004,tesla,0.16,4.80,,,132.00,,,,132.00,D,5
9.004,tesla,0.16,4.80,,,132.00,,,,132.00,D,5
9.007,tesla,0.16,4.80,,,132.00,,,,132.00,D,5
9.010,tesla,0.16,4.80,,,132.00,,,,132.00,D,5
9.013,tesla,0.16,4.80,,,132.00,,,,132.00,D,5
9.015,tesla,0.16,4.80,,,132.00,,,,132.00,D,5
9.018,tesla,0.16,4.80,,,132.00,,,,132.00,D,5
9.018,tesla,0.16,4.80,,,132.00,,,,132.00,D,5
9.021,tesla,0.16,4.80,,,132.00,,,,132.00,D,5
9.024,tesla,0.16,4.80,,,132.00,,,,132.00,D,5
9.026,tesla,0.16,4.80,,,132.00,,,,132.00,D,5
9.029,tesla,0.16,4.80,,,132.00,,,,132.00,D,5
9.032,tesla,0.16,4.80,,,132.00,,,,132.00,D,5
9.032,tesla,0.16,4.80,,,132.00,,,,132.00,D,5
9.035,tesla,0.16,4.80,,,132.00,,,,132.00,D,5
9.038,tesla,0.16,4.80,,,132.00,,,,132.00,D,5
9.038,tesla,0.16,4.80,,,132.00,,,,132.00,D,5
9.040,tesla,0.16,4.80,,,132.00,,,,132.00,D,5
9.043,tesla,0.16,4.80,,,132.00,,,,132.00,D,5
9.046,tesla,0.16,4.80,,,132.00,,,,132.00,D,5
9.049,tesla,0.16,4.80,,,132.00,,,,132.00,D,5
9.051,tesla,0.16,4.80,,,132.00,,,,132.00,D,5
9.054,tesla,0.16,4.80,,,132.00,,,,132.00,D,5
9.057,tesla,0.16,4.80,,,132.00,,,,132.00,D,5
9.057,tesla,0.16,4.80,,,132.00,,,,132.00,D,5
9.060,tesla,0.16,4.80,,,132.00,,,,132.00,D,5
9.063,tesla,0.56,4.80,,,132.00,,,,132.00,D,5
9.065,tesla,0.56,4.80,,,132.00,,,,132.00,D,5
9.068,tesla,0.56,4.80,,,132.00,,,,132.00,D,5
9.071,tesla,0.56,4.80,,,132.00,,,,132.00,D,5
9.071,tesla,0.56,4.80,,,132.00,,,,132.00,D,5
9.074,tesla,0.56,10.40,,,132.00,,,,132.00,D,5
9.077,tesla,0.56,10.40,,,145.90,,,,132.00,D,5
9.079,tesla,0.56,10.40,,,145.90,,,,784.00,D,5
9.082,tesla,0.56,10.40,,,145.90,,,,784.00,D,5
9.082,tesla,0.56,10.40,,,145.90,,,,784.00,D,5
9.085,tesla,0.56,10.40,,,146.70,,,,784.00,D,5
9.088,tesla,0.56,10.40,,,146.70,,,,784.00,D,5
9.090,tesla,0.56,10.40,,,146.70,,,,784.00,D,5
9.093,tesla,0.56,10.40,,,146.70,,,,784.00,D,5
9.093,tesla,0.56,10.40,,,146.70,,,,784.00,D,5
9.096,tesla,0.56,10.40,,,146.70,,,,784.00,D,5
9.099,tesla,0.56,10.40,,,146.70,,,,784.00,D,5
9.101,tesla,0.56,10.40,,,146.70,,,,784.00,D,5
9.104,tesla,0.56,10.40,,,146.70,,,,784.00,D,5
9.107,tesla,0.56,10.40,,,146.70,,,,784.00,D,5
9.110,tesla,0.56,10.40,,,146.70,,,,784.00,D,5
9.110,tesla,0.56,10.40,,,146.70,,,,784.00,D,5
9.113,tesla,0.56,10.40,,,146.70,,,,784.00,D,5
9.115,tesla,0.56,10.40,,,146.70,,,,784.00,D,5
9.118,tesla,0.56,10.40,,,146.70,,,,784.00,D,5
9.121,tesla,0.56,10.40,,,146.70,,,,784.00,D,5
9.124,tesla,0.56,10.40,,,146.70,,,,784.00,D,5
9.126,tesla,0.56,10.40,,,146.70,,,,784.00,D,5
9.127,tesla,0.56,10.40,,,146.70,,,,784.00,D,5
9.129,tesla,0.56,10.40,,,146.70,,,,784.00,D,5
9.132,tesla,0.56,10.40,,,146.70,,,,784.00,D,5
9.135,tesla,0.56,10.40,,,146.70,,,,784.00,D,5
9.138,tesla,0.56,10.40,,,146.70,,,,784.00,D,5
9.138,tesla,0.56,10.40,,,146.70,,,,784.00,D,5
9.138,tesla,0.56,10.40,,,146.70,,,,784.00,D,5
9.140,tesla,0.56,10.40,,,146.70,,,,784.00,D,5
9.143,tesla,0.56,10.40,,,146.70,,,,784.00,D,5
9.146,tesla,0.56,10.40,,,146.70,,,,784.00,D,5
9.149,tesla,0.56,10.40,,,146.70,,,,784.00,D,5
9.151,tesla,0.56,10.40,,,146.70,,,,784.00,D,5
9.154,tesla,0.56,10.40,,,146.70,,,,784.00,D,5
9.154,tesla,0.56,10.40,,,146.70,,,,784.00,D,5
9.157,tesla,0.56,10.40,,,146.70,,,,784.00,D,5
9.160,tesla,0.56,10.40,,,146.70,,,,784.00,D,5
9.163,tesla,0.56,10.40,,,146.70,,,,784.00,D,5
9.165,tesla,0.56,10.40,,,146.70,,,,784.00,D,5
9.168,tesla,0.56,10.40,,,146.70,,,,784.00,D,5
9.171,tesla,0.56,10.40,,,146.70,,,,784.00,D,5
9.171,tesla,0.56,10.40,,,146.70,,,,784.00,D,5
9.174,tesla,0.56,10.40,,,146.70,,,,784.00,D,5
9.176,tesla,0.56,10.40,,,146.70,,,,784.00,D,5
9.179,tesla,0.56,10.40,,,146.70,,,,784.00,D,5
9.182,tesla,0.56,10.40,,,146.70,,,,784.00,D,5
9.185,tesla,0.56,10.40,,,146.70,,,,784.00,D,5
9.185,tesla,0.56,10.40,,,146.70,,,,784.00,D,5
9.188,tesla,0.56,10.40,,,146.70,,,,784.00,D,5
9.188,tesla,0.56,10.40,,,146.70,,,,784.00,D,5
9.190,tesla,0.56,10.40,,,146.70,,,,784.00,D,5
9.193,tesla,0.56,10.40,,,146.70,,,,784.00,D,5
9.196,tesla,0.56,10.40,,,146.70,,,,784.00,D,5
9.199,tesla,0.56,10.40,,,146.70,,,,784.00,D,5
9.201,tesla,0.56,10.40,,,146.70,,,,784.00,D,5
9.204,tesla,0.56,10.40,,,146.70,,,,784.00,D,5
9.204,tesla,0.56,10.40,,,146.70,,,,784.00,D,5
9.207,tesla,0.56,10.40,,,146.70,,,,784.00,D,5
9.210,tesla,0.56,10.40,,,146.70,,,,784.00,D,5
9.213,tesla,0.56,10.40,,,146.70,,,,784.00,D,5
9.215,tesla,0.56,10.40,,,146.70,,,,784.00,D,5
9.218,tesla,0.56,10.40,,,146.70,,,,784.00,D,5
9.218,tesla,0.56,10.40,,,146.70,,,,784.00,D,5
9.221,tesla,0.56,10.40,,,146.70,,,,784.00,D,5
9.224,tesla,0.56,10.40,,,146.70,,,,784.00,D,5
9.226,tesla,0.56,10.40,,,146.70,,,,784.00,D,5
9.229,tesla,0.56,10.40,,,146.70,,,,784.00,D,5
9.232,tesla,0.56,10.40,,,146.70,,,,784.00,D,5
9.232,tesla,0.56,10.40,,,146.70,,,,784.00,D,5
9.235,tesla,0.56,10.40,,,146.70,,,,784.00,D,5
9.238,tesla,0.56,10.40,,,146.70,,,,784.00,D,5
9.238,tesla,0.56,10.40,,,146.70,,,,784.00,D,5
9.240,tesla,0.56,10.40,,,146.70,,,,784.00,D,5
9.243,tesla,0.56,10.40,,,146.70,,,,784.00,D,5
9.246,tesla,0.56,10.40,,,146.70,,,,784.00,D,5
9.249,tesla,0.56,10.40,,,146.70,,,,784.00,D,5
9.251,tesla,0.56,10.40,,,146.70,,,,784.00,D,5
9.254,tesla,0.56,10.40,,,146.70,,,,784.00,D,5
9.257,tesla,0.56,10.40,,,146.70,,,,784.00,D,5
9.257,tesla,0.56,10.40,,,146.70,,,,784.00,D,5
9.260,tesla,0.56,10.40,,,146.70,,,,784.00,D,5
9.263,tesla,0.56,10.40,,,146.70,,,,784.00,D,5
9.265,tesla,0.56,10.40,,,146.70,,,,784.00,D,5
9.268,tesla,0.56,10.40,,,159.90,,,,784.00,D,5
9.271,tesla,0.56,10.40,,,159.90,,,,784.00,D,5
9.271,tesla,0.56,10.40,,,159.90,,,,784.00,D,5
9.274,tesla,0.56,10.40,,,160.70,,,,784.00,D,5
9.276,tesla,0.56,10.40,,,160.70,,,,784.00,D,5
9.279,tesla,0.56,10.40,,,160.70,,,,784.00,D,5
9.282,tesla,0.56,10.40,,,160.70,,,,784.00,D,5
9.285,tesla,0.56,10.40,,,160.70,,,,784.00,D,5
9.285,tesla,0.56,10.40,,,160.70,,,,784.00,D,5
9.288,tesla,0.56,10.40,,,160.70,,,,784.00,D,5
9.290,tesla,0.56,10.40,,,160.70,,,,784.00,D,5
9.290,tesla,0.56,10.40,,,160.70,,,,784.00,D,5
9.293,tesla,0.56,10.40,,,160.70,,,,784.00,D,5
9.296,tesla,0.56,10.40,,,160.70,,,,784.00,D,5
9.299,tesla,0.56,10.40,,,160.70,,,,784.00,D,5
9.301,tesla,0.56,10.40,,,160.70,,,,784.00,D,5
9.304,tesla,0.56,10.40,,,160.70,,,,784.00,D,5
9.307,tesla,0.56,10.40,,,160.70,,,,784.00,D,5
9.307,tesla,0.56,10.40,,,160.70,,,,784.00,D,5
9.310,tesla,0.56,10.40,,,160.70,,,,784.00,D,5
9.313,tesla,0.56,10.40,,,160.70,,,,784.00,D,5
9.315,tesla,0.56,10.40,,,160.70,,,,784.00,D,5
9.318,tesla,0.56,10.40,,,160.70,,,,784.00,D,5
9.318,tesla,0.56,10.40,,,160.70,,,,784.00,D,5
9.321,tesla,0.56,10.40,,,160.70,,,,784.00,D,5
9.324,tesla,0.56,10.40,,,160.70,,,,784.00,D,5
9.326,tesla,0.56,10.40,,,160.70,,,,784.00,D,5
9.327,tesla,0.56,10.40,,,160.70,,,,784.00,D,5
9.329,tesla,0.56,10.40,,,160.70,,,,784.00,D,5
9.329,tesla,0.56,10.40,,,160.70,,,,784.00,D,5
9.332,tesla,0.56,10.40,,,160.70,,,,784.00,D,5
9.335,tesla,0.56,10.40,,,160.70,,,,784.00,D,5
9.338,tesla,0.56,10.40,,,160.70,,,,784.00,D,5
9.338,tesla,0.56,10.40,,,160.70,,,,784.00,D,5
9.340,tesla,0.56,10.40,,,160.70,,,,784.00,D,5
9.343,tesla,0.56,10.40,,,160.70,,,,784.00,D,5
9.346,tesla,0.56,10.40,,,160.70,,,,784.00,D,5
9.349,tesla,0.56,10.40,,,160.70,,,,784.00,D,5
9.349,tesla,0.56,10.40,,,160.70,,,,784.00,D,5
9.352,tesla,0.56,10.40,,,160.70,,,,784.00,D,5
9.354,tesla,0.56,10.40,,,160.70,,,,784.00,D,5
9.357,tesla,0.56,10.40,,,160.70,,,,784.00,D,5
9.357,tesla,0.56,10.40,,,160.70,,,,784.00,D,5
9.360,tesla,0.56,10.40,,,160.70,,,,784.00,D,5
9.363,tesla,0.56,10.40,,,160.70,,,,784.00,D,5
9.365,tesla,0.56,10.40,,,160.70,,,,784.00,D,5
9.368,tesla,0.56,10.40,,,160.70,,,,784.00,D,5
9.371,tesla,0.56,10.40,,,160.70,,,,784.00,D,5
9.371,tesla,0.56,10.40,,,160.70,,,,784.00,D,5
9.374,tesla,0.56,10.40,,,160.70,,,,784.00,D,5
9.376,tesla,0.56,10.40,,,160.70,,,,784.00,D,5
9.379,tesla,0.56,10.40,,,160.70,,,,784.00,D,5
9.382,tesla,0.56,10.40,,,160.70,,,,784.00,D,5
9.385,tesla,0.56,10.40,,,160.70,,,,784.00,D,5
9.388,tesla,0.56,10.40,,,160.70,,,,784.00,D,5
9.388,tesla,0.56,10.40,,,160.70,,,,784.00,D,5
9.390,tesla,0.56,10.40,,,160.70,,,,784.00,D,5
9.393,tesla,0.56,10.40,,,160.70,,,,784.00,D,5
9.396,tesla,0.56,10.40,,,160.70,,,,784.00,D,5
9.399,tesla,0.56,10.40,,,160.70,,,,784.00,D,5
9.401,tesla,0.56,10.40,,,160.70,,,,784.00,D,5
9.402,tesla,0.56,10.40,,,160.70,,,,784.00,D,5
9.404,tesla,0.56,10.40,,,160.70,,,,784.00,D,5
9.407,tesla,0.56,10.40,,,160.70,,,,784.00,D,5
9.410,tesla,0.56,10.40,,,160.70,,,,784.00,D,5
9.413,tesla,0.56,10.40,,,160.70,,,,784.00,D,5
9.415,tesla,0.56,10.40,,,160.70,,,,784.00,D,5
9.416,tesla,0.56,10.40,,,160.70,,,,784.00,D,5
9.418,tesla,0.56,10.40,,,160.70,,,,784.00,D,5
9.421,tesla,0.56,10.40,,,160.70,,,,784.00,D,5
9.424,tesla,0.56,10.40,,,160.70,,,,784.00,D,5
9.426,tesla,0.56,10.00,,,160.70,,,,784.00,D,5
9.427,tesla,0.56,10.00,,,160.70,,,,784.00,D,5
9.429,tesla,0.56,10.00,,,160.70,,,,784.00,D,5
9.429,tesla,0.56,10.00,,,160.70,,,,784.00,D,5
9.432,tesla,0.56,10.00,,,160.70,,,,784.00,D,5
9.435,tesla,0.56,10.00,,,160.70,,,,784.00,D,5
9.438,tesla,0.56,10.00,,,160.70,,,,784.00,D,5
9.440,tesla,0.56,10.00,,,160.70,,,,784.00,D,5
9.443,tesla,0.56,10.00,,,160.70,,,,784.00,D,5
9.446,tesla,0.88,10.00,,,160.70,,,,784.00,D,5
9.446,tesla,0.88,10.00,,,160.70,,,,784.00,D,5
9.449,tesla,0.88,10.00,,,160.70,,,,784.00,D,5
9.451,tesla,0.88,10.00,,,160.70,,,,784.00,D,5
9.454,tesla,0.88,10.00,,,160.70,,,,784.00,D,5
9.457,tesla,0.88,10.00,,,187.60,,,,784.00,D,5
9.460,tesla,0.88,10.00,,,187.60,,,,784.00,D,5
9.463,tesla,0.88,10.00,,,187.60,,,,784.00,D,5
9.465,tesla,0.88,10.00,,,189.60,,,,784.00,D,5
9.465,tesla,0.88,10.00,,,189.60,,,,784.00,D,5
9.468,tesla,0.88,10.00,,,189.60,,,,784.00,D,5
9.471,tesla,0.88,10.00,,,191.60,,,,784.00,D,5
9.474,tesla,0.88,10.00,,,191.60,,,,784.00,D,5
9.476,tesla,0.88,10.00,,,191.60,,,,784.00,D,5
9.479,tesla,0.88,10.00,,,191.60,,,,784.00,D,5
9.479,tesla,0.88,10.00,,,191.60,,,,784.00,D,5
9.482,tesla,0.88,10.00,,,191.60,,,,784.00,D,5
9.485,tesla,0.88,10.00,,,191.60,,,,784.00,D,5
9.488,tesla,0.88,10.00,,,191.60,,,,784.00,D,5
9.488,tesla,0.88,10.00,,,191.60,,,,784.00,D,5
9.490,tesla,0.88,10.00,,,191.60,,,,784.00,D,5
9.493,tesla,0.88,10.00,,,191.60,,,,784.00,D,5
9.496,tesla,0.88,10.00,,,191.60,,,,784.00,D,5
9.499,tesla,0.88,10.00,,,191.60,,,,784.00,D,5
9.501,tesla,1.04,10.00,,,191.60,,,,784.00,D,5
9.504,tesla,1.04,10.00,,,191.60,,,,784.00,D,5
9.504,tesla,1.04,10.00,,,191.60,,,,784.00,D,5
9.507,tesla,1.04,10.00,,,191.60,,,,784.00,D,5
9.510,tesla,1.04,10.00,,,191.60,,,,784.00,D,5
9.513,tesla,1.04,10.00,,,191.60,,,,784.00,D,5
9.515,tesla,1.04,10.00,,,191.60,,,,784.00,D,5
9.516,tesla,1.04,10.00,,,191.60,,,,784.00,D,5
9.518,tesla,1.04,10.00,,,191.60,,,,784.00,D,5
9.521,tesla,1.04,10.00,,,191.60,,,,784.00,D,5
9.524,tesla,1.04,10.00,,,191.60,,,,784.00,D,5
9.526,tesla,1.04,10.00,,,191.60,,,,784.00,D,5
9.527,tesla,1.04,10.00,,,191.60,,,,784.00,D,5
9.529,tesla,1.04,10.00,,,191.60,,,,784.00,D,5
9.529,tesla,1.04,10.00,,,191.60,,,,784.00,D,5
9.532,tesla,1.04,10.00,,,191.60,,,,784.00,D,5
9.535,tesla,1.04,10.00,,,191.60,,,,784.00,D,5
9.535,tesla,1.04,10.00,,,191.60,,,,784.00,D,5
9.538,tesla,1.04,10.00,,,191.60,,,,784.00,D,5
9.540,tesla,1.04,10.00,,,191.60,,,,784.00,D,5
9.543,tesla,1.04,10.00,,,191.60,,,,784.00,D,5
9.546,tesla,1.04,10.00,,,191.60,,,,784.00,D,5
9.546,tesla,1.04,10.00,,,191.60,,,,784.00,D,5
9.549,tesla,1.04,10.00,,,191.60,,,,784.00,D,5
9.552,tesla,1.04,10.00,,,191.60,,,,784.00,D,5
9.554,tesla,1.04,10.00,,,191.60,,,,784.00,D,5
9.554,tesla,1.04,10.00,,,191.60,,,,784.00,D,5
9.557,tesla,1.04,10.00,,,191.60,,,,784.00,D,5
9.560,tesla,1.04,10.00,,,191.60,,,,784.00,D,5
9.563,tesla,1.04,10.00,,,191.60,,,,784.00,D,5
9.565,tesla,1.04,10.00,,,191.60,,,,784.00,D,5
9.568,tesla,1.04,10.00,,,191.60,,,,784.00,D,5
9.568,tesla,1.04,10.00,,,191.60,,,,784.00,D,5
9.571,tesla,1.04,10.00,,,191.60,,,,784.00,D,5
9.574,tesla,1.04,10.00,,,191.60,,,,784.00,D,5
9.574,tesla,1.04,10.00,,,191.60,,,,784.00,D,5
9.576,tesla,1.04,10.00,,,191.60,,,,784.00,D,5
9.579,tesla,1.04,10.00,,,191.60,,,,784.00,D,5
9.582,tesla,1.04,10.00,,,191.60,,,,784.00,D,5
9.585,tesla,1.04,10.00,,,191.60,,,,784.00,D,5
9.585,tesla,1.04,10.00,,,191.60,,,,784.00,D,5
9.588,tesla,1.04,10.00,,,191.60,,,,784.00,D,5
9.590,tesla,1.04,10.00,,,191.60,,,,784.00,D,5
9.593,tesla,1.04,10.00,,,191.60,,,,784.00,D,5
9.596,tesla,1.04,10.00,,,191.60,,,,784.00,D,5
9.599,tesla,1.04,10.00,,,191.60,,,,784.00,D,5
9.599,tesla,1.04,10.00,,,191.60,,,,784.00,D,5
9.602,tesla,1.04,10.00,,,191.60,,,,784.00,D,5
9.604,tesla,1.04,10.00,,,191.60,,,,784.00,D,5
9.607,tesla,1.04,10.00,,,191.60,,,,784.00,D,5
9.610,tesla,1.04,10.00,,,191.60,,,,784.00,D,5
9.613,tesla,1.04,10.00,,,191.60,,,,784.00,D,5
9.613,tesla,1.04,10.00,,,191.60,,,,784.00,D,5
9.615,tesla,1.04,10.00,,,191.60,,,,784.00,D,5
9.618,tesla,1.04,11.60,,,191.60,,,,784.00,D,5
9.621,tesla,1.04,11.60,,,191.60,,,,784.00,D,5
9.624,tesla,1.36,11.60,,,191.60,,,,784.00,D,5
9.626,tesla,1.36,11.60,,,191.60,,,,784.00,D,5
9.627,tesla,1.36,11.60,,,191.60,,,,784.00,D,5
9.629,tesla,1.36,11.60,,,191.60,,,,784.00,D,5
9.632,tesla,1.36,11.60,,,191.60,,,,784.00,D,5
9.632,tesla,1.36,11.60,,,191.60,,,,784.00,D,5
9.635,tesla,1.36,11.60,,,191.60,,,,784.00,D,5
9.638,tesla,1.36,11.60,,,191.60,,,,784.00,D,5
9.640,tesla,1.36,11.60,,,191.60,,,,784.00,D,5
9.643,tesla,1.36,11.60,,,191.60,,,,784.00,D,5
9.646,tesla,1.36,11.60,,,191.60,,,,784.00,D,5
9.649,tesla,1.44,11.60,,,191.60,,,,784.00,D,5
9.652,tesla,1.44,11.60,,,191.60,,,,784.00,D,5
9.652,tesla,1.44,12.00,,,191.60,,,,784.00,D,5
9.654,tesla,1.44,12.00,,,225.40,,,,784.00,D,5
9.657,tesla,1.44,12.00,,,225.40,,,,784.00,D,5
9.660,tesla,1.44,12.00,,,225.40,,,,784.00,D,5
9.663,tesla,1.44,12.00,,,227.00,,,,784.00,D,5
9.665,tesla,1.44,12.00,,,227.00,,,,784.00,D,5
9.668,tesla,1.44,12.00,,,227.00,,,,784.00,D,5
9.671,tesla,1.44,12.00,,,227.00,,,,784.00,D,5
9.671,tesla,1.44,12.00,,,227.00,,,,784.00,D,5
9.674,tesla,1.44,12.00,,,227.00,,,,784.00,D,5
9.676,tesla,1.44,12.00,,,227.00,,,,784.00,D,5
9.679,tesla,1.44,12.00,,,227.00,,,,784.00,D,5
9.682,tesla,1.44,12.00,,,227.00,,,,784.00,D,5
9.682,tesla,1.44,12.00,,,227.00,,,,784.00,D,5
9.685,tesla,1.44,12.00,,,227.00,,,,784.00,D,5
9.688,tesla,1.44,12.00,,,227.00,,,,784.00,D,5
9.690,tesla,1.44,12.00,,,227.00,,,,784.00,D,5
9.690,tesla,1.44,12.00,,,227.00,,,,784.00,D,5
9.693,tesla,1.44,12.00,,,227.00,,,,784.00,D,5
9.696,tesla,1.44,12.00,,,227.00,,,,784.00,D,5
9.696,tesla,1.44,12.00,,,227.00,,,,784.00,D,5
9.699,tesla,1.44,12.00,,,227.00,,,,784.00,D,5
9.701,tesla,1.44,12.00,,,227.00,,,,784.00,D,5
9.704,tesla,1.44,12.00,,,227.00,,,,784.00,D,5
9.705,tesla,1.44,12.00,,,227.00,,,,784.00,D,5
9.707,tesla,1.44,12.00,,,227.00,,,,784.00,D,5
9.710,tesla,1.44,12.00,,,227.00,,,,784.00,D,5
9.713,tesla,1.44,12.00,,,227.00,,,,784.00,D,5
9.715,tesla,1.44,12.00,,,227.00,,,,784.00,D,5
9.718,tesla,1.44,12.00,,,227.00,,,,784.00,D,5
9.718,tesla,1.44,12.00,,,227.00,,,,784.00,D,5
9.721,tesla,1.44,12.00,,,227.00,,,,784.00,D,5
9.724,tesla,1.44,12.00,,,227.00,,,,784.00,D,5
9.724,tesla,1.44,12.00,,,227.00,,,,784.00,D,5
9.724,tesla,1.44,12.00,,,227.00,,,,784.00,D,5
9.726,tesla,1.44,12.00,,,227.00,,,,784.00,D,5
9.729,tesla,1.44,12.00,,,227.00,,,,784.00,D,5
9.732,tesla,1.44,12.00,,,227.00,,,,784.00,D,5
9.732,tesla,1.44,12.00,,,227.00,,,,784.00,D,5
9.735,tesla,1.44,12.00,,,227.00,,,,784.00,D,5
9.738,tesla,1.44,12.00,,,227.00,,,,784.00,D,5
9.740,tesla,1.44,12.00,,,227.00,,,,784.00,D,5
9.743,tesla,1.44,12.00,,,227.00,,,,784.00,D,5
9.746,tesla,1.44,12.00,,,227.00,,,,784.00,D,5
9.746,tesla,1.44,12.00,,,227.00,,,,784.00,D,5
9.749,tesla,1.44,12.00,,,227.00,,,,784.00,D,5
9.752,tesla,1.44,12.00,,,227.00,,,,784.00,D,5
9.754,tesla,1.44,12.00,,,227.00,,,,784.00,D,5
9.754,tesla,1.44,12.00,,,227.00,,,,784.00,D,5
9.757,tesla,1.44,12.00,,,227.00,,,,784.00,D,5
9.760,tesla,1.44,12.00,,,227.00,,,,784.00,D,5
9.763,tesla,1.44,12.00,,,227.00,,,,784.00,D,5
9.763,tesla,1.44,12.00,,,227.00,,,,784.00,D,5
9.765,tesla,1.44,12.00,,,227.00,,,,784.00,D,5
9.768,tesla,1.44,12.00,,,227.00,,,,784.00,D,5
9.771,tesla,1.44,12.00,,,227.00,,,,784.00,D,5
9.774,tesla,1.44,12.00,,,227.00,,,,784.00,D,5
9.774,tesla,1.44,12.00,,,227.00,,,,784.00,D,5
9.776,tesla,1.44,12.00,,,227.00,,,,784.00,D,5
9.779,tesla,1.44,12.40,,,227.00,,,,784.00,D,5
9.782,tesla,1.44,12.40,,,227.00,,,,784.00,D,5
9.785,tesla,1.92,12.40,,,227.00,,,,784.00,D,5
9.785,tesla,1.92,12.40,,,227.00,,,,784.00,D,5
9.788,tesla,1.92,12.40,,,227.00,,,,784.00,D,5
9.790,tesla,1.92,12.40,,,227.00,,,,784.00,D,5
9.791,tesla,1.92,12.40,,,227.00,,,,784.00,D,5
9.793,tesla,1.92,12.40,,,227.00,,,,784.00,D,5
9.796,tesla,1.92,12.40,,,227.00,,,,784.00,D,5
9.799,tesla,1.92,12.40,,,227.00,,,,784.00,D,5
9.802,tesla,1.92,12.40,,,227.00,,,,784.00,D,5
9.804,tesla,1.92,12.40,,,227.00,,,,784.00,D,5
9.807,tesla,1.92,12.40,,,227.00,,,,784.00,D,5
9.810,tesla,1.92,12.40,,,227.00,,,,784.00,D,5
9.810,tesla,1.92,12.40,,,227.00,,,,784.00,D,5
9.813,tesla,1.92,12.40,,,227.00,,,,784.00,D,5
9.815,tesla,1.92,12.40,,,227.00,,,,784.00,D,5
9.818,tesla,1.92,12.40,,,227.00,,,,784.00,D,5
9.821,tesla,1.92,12.40,,,227.00,,,,784.00,D,5
9.824,tesla,1.92,12.40,,,227.00,,,,784.00,D,5
9.827,tesla,1.92,12.40,,,251.90,,,,784.00,D,5
9.829,tesla,1.92,12.40,,,251.90,,,,784.00,D,5
9.829,tesla,1.92,12.40,,,253.50,,,,784.00,D,5
9.832,tesla,1.92,12.40,,,253.50,,,,784.00,D,5
9.835,tesla,1.92,12.40,,,253.50,,,,784.00,D,5
9.838,tesla,1.92,12.40,,,253.50,,,,784.00,D,5
9.840,tesla,1.92,12.40,,,253.50,,,,784.00,D,5
9.843,tesla,1.92,12.40,,,253.50,,,,784.00,D,5
9.843,tesla,1.92,12.40,,,253.50,,,,784.00,D,5
9.846,tesla,1.92,12.40,,,253.50,,,,784.00,D,5
9.849,tesla,1.92,12.40,,,253.50,,,,784.00,D,5
9.852,tesla,1.92,12.40,,,253.50,,,,784.00,D,5
9.854,tesla,1.92,12.40,,,253.50,,,,784.00,D,5
9.855,tesla,1.92,12.40,,,253.50,,,,784.00,D,5
9.857,tesla,1.92,12.40,,,253.50,,,,784.00,D,5
9.860,tesla,1.92,12.40,,,253.50,,,,784.00,D,5
9.863,tesla,1.92,12.40,,,253.50,,,,784.00,D,5
9.865,tesla,1.92,12.40,,,253.50,,,,784.00,D,5
9.868,tesla,1.92,12.40,,,253.50,,,,784.00,D,5
9.868,tesla,1.92,12.40,,,253.50,,,,784.00,D,5
9.871,tesla,1.92,12.40,,,253.50,,,,784.00,D,5
9.871,tesla,1.92,12.40,,,253.50,,,,784.00,D,5
9.874,tesla,1.92,12.40,,,253.50,,,,784.00,D,5
9.876,tesla,1.92,12.40,,,253.50,,,,784.00,D,5
9.879,tesla,1.92,12.40,,,253.50,,,,784.00,D,5
9.882,tesla,1.92,12.40,,,253.50,,,,784.00,D,5
9.885,tesla,1.92,12.40,,,253.50,,,,784.00,D,5
9.885,tesla,1.92,12.40,,,253.50,,,,784.00,D,5
9.888,tesla,1.92,12.40,,,253.50,,,,784.00,D,5
9.890,tesla,1.92,12.40,,,253.50,,,,784.00,D,5
9.893,tesla,1.92,12.40,,,253.50,,,,784.00,D,5
9.896,tesla,1.92,12.40,,,253.50,,,,784.00,D,5
9.899,tesla,1.92,12.40,,,253.50,,,,784.00,D,5
9.902,tesla,1.92,12.40,,,253.50,,,,784.00,D,5
9.904,tesla,1.92,12.40,,,253.50,,,,784.00,D,5
9.904,tesla,1.92,12.40,,,253.50,,,,784.00,D,5
9.907,tesla,1.92,12.40,,,253.50,,,,784.00,D,5
9.910,tesla,1.92,12.40,,,253.50,,,,784.00,D,5
9.913,tesla,1.92,12.40,,,253.50,,,,784.00,D,5
9.915,tesla,1.92,12.40,,,253.50,,,,784.00,D,5
9.916,tesla,1.92,12.40,,,253.50,,,,784.00,D,5
9.918,tesla,1.92,12.40,,,253.50,,,,784.00,D,5
9.918,tesla,1.92,12.40,,,253.50,,,,784.00,D,5
9.921,tesla,1.92,12.40,,,253.50,,,,784.00,D,5
9.924,tesla,1.92,12.40,,,253.50,,,,784.00,D,5
9.926,tesla,1.92,12.40,,,253.50,,,,784.00,D,5
9.927,tesla,1.92,12.40,,,253.50,,,,784.00,D,5
9.929,tesla,1.92,12.40,,,253.50,,,,784.00,D,5
9.932,tesla,1.92,12.40,,,253.50,,,,784.00,D,5
9.935,tesla,1.92,12.40,,,253.50,,,,784.00,D,5
9.938,tesla,1.92,12.40,,,253.50,,,,784.00,D,5
9.940,tesla,1.92,12.40,,,253.50,,,,784.00,D,5
9.940,tesla,1.92,12.40,,,253.50,,,,784.00,D,5
9.943,tesla,1.92,12.40,,,253.50,,,,784.00,D,5
9.946,tesla,1.92,12.40,,,253.50,,,,784.00,D,5
9.946,tesla,1.92,12.40,,,253.50,,,,784.00,D,5
9.949,tesla,1.92,12.40,,,253.50,,,,784.00,D,5
9.952,tesla,1.92,12.40,,,253.50,,,,784.00,D,5
9.954,tesla,1.92,12.40,,,253.50,,,,784.00,D,5
9.957,tesla,1.92,12.40,,,253.50,,,,784.00,D,5
9.957,tesla,1.92,12.40,,,253.50,,,,784.00,D,5
9.960,tesla,1.92,12.40,,,253.50,,,,784.00,D,5
9.963,tesla,1.92,12.40,,,253.50,,,,784.00,D,5
9.963,tesla,1.92,12.40,,,253.50,,,,784.00,D,5
9.965,tesla,1.92,12.40,,,253.50,,,,784.00,D,5
9.968,tesla,1.92,12.40,,,253.50,,,,784.00,D,5
9.971,tesla,1.92,12.40,,,253.50,,,,784.00,D,5
9.974,tesla,1.92,12.40,,,253.50,,,,784.00,D,5
9.977,tesla,1.92,12.40,,,253.50,,,,784.00,D,5
9.977,tesla,1.92,12.40,,,253.50,,,,784.00,D,5
9.979,tesla,1.92,10.80,,,253.50,,,,784.00,D,5
9.982,tesla,1.92,10.80,,,253.50,,,,784.00,D,5
9.985,tesla,2.16,10.80,,,253.50,,,,784.00,D,5
9.988,tesla,2.16,10.80,,,253.50,,,,784.00,D,5
9.988,tesla,2.16,10.80,,,253.50,,,,784.00,D,5
9.990,tesla,2.16,10.80,,,253.50,,,,784.00,D,5
9.993,tesla,2.16,10.80,,,253.50,,,,784.00,D,5
9.996,tesla,2.16,10.80,,,253.50,,,,784.00,D,5
9.999,tesla,2.16,8.80,,,253.50,,,,784.00,D,5
10.002,tesla,2.16,8.80,,,253.50,,,,784.00,D,5
10.004,tesla,2.16,8.80,,,253.50,,,,784.00,D,5
10.007,tesla,2.24,8.80,,,253.50,,,,784.00,D,5
10.007,tesla,2.24,8.80,,,253.50,,,,784.00,D,5
10.010,tesla,2.24,8.80,,,253.50,,,,784.00,D,5
10.013,tesla,2.24,8.80,,,253.50,,,,784.00,D,5
10.015,tesla,2.24,8.80,,,253.50,,,,784.00,D,5
10.018,tesla,2.24,8.80,,,286.00,,,,784.00,D,5
10.021,tesla,2.24,8.80,,,286.00,,,,784.00,D,5
10.024,tesla,2.24,8.80,,,287.70,,,,784.00,D,5
10.026,tesla,2.24,8.80,,,287.70,,,,784.00,D,5
10.027,tesla,2.24,8.80,,,287.70,,,,784.00,D,5
10.029,tesla,2.24,8.80,,,287.70,,,,784.00,D,5
10.032,tesla,2.24,8.80,,,287.70,,,,784.00,D,5
10.035,tesla,2.24,8.80,,,287.70,,,,784.00,D,5
10.038,tesla,2.24,8.80,0,,287.70,,,,784.00,D,6
10.040,tesla,2.24,8.80,0,,287.70,,,,784.00,D,6
10.043,tesla,2.24,8.80,0,,287.70,,,,784.00,D,6
10.043,tesla,2.24,8.80,0,,287.70,,,,784.00,D,6
10.046,tesla,2.24,8.80,0,,287.70,,,,784.00,D,6
10.049,tesla,2.24,8.80,0,,287.70,,,,784.00,D,6
10.049,tesla,2.24,8.80,0,,287.70,,,,784.00,D,6
10.052,tesla,2.24,8.80,0,,287.70,,,,784.00,D,6
10.054,tesla,2.24,8.80,0,,287.70,,,,784.00,D,6
10.057,tesla,2.24,8.80,0,,287.70,,,,784.00,D,6
10.060,tesla,2.24,8.80,0,,287.70,,,,784.00,D,6
10.063,tesla,2.24,8.80,0,,287.70,,,,784.00,D,6
10.063,tesla,2.24,8.80,0,,287.70,,,,784.00,D,6
10.065,tesla,2.24,8.80,0,,287.70,,,,784.00,D,6
10.068,tesla,2.24,8.80,0,,287.70,,,,784.00,D,6
10.068,tesla,2.24,8.80,0,,287.70,,,,784.00,D,6
10.071,tesla,2.24,8.80,0,,287.70,,,,784.00,D,6
10.074,tesla,2.24,8.80,0,,287.70,,,,784.00,D,6
10.076,tesla,2.24,8.80,0,,287.70,,,,784.00,D,6
10.079,tesla,2.24,8.80,0,,287.70,,,,784.00,D,6
10.082,tesla,2.24,8.80,0,,287.70,,,,784.00,D,6
10.085,tesla,2.24,8.80,0,,287.70,,,,784.00,D,6
10.088,tesla,2.24,8.80,0,,287.70,,,,784.00,D,6
10.088,tesla,2.24,8.80,0,,287.70,,,,784.00,D,6
10.090,tesla,2.24,8.80,0,,287.70,,,,784.00,D,6
10.093,tesla,2.24,8.80,0,,287.70,,,,784.00,D,6
10.096,tesla,2.24,8.80,0,,287.70,,,,784.00,D,6
10.099,tesla,2.24,8.80,0,,287.70,,,,784.00,D,6
10.102,tesla,2.24,8.80,0,,287.70,,,,784.00,D,6
10.104,tesla,2.24,8.80,0,,287.70,,,,784.00,D,6
10.107,tesla,2.24,8.80,0,,287.70,,,,784.00,D,6
10.107,tesla,2.24,8.80,0,,287.70,,,,784.00,D,6
10.110,tesla,2.24,8.80,0,,287.70,,,,784.00,D,6
10.113,tesla,2.24,8.80,0,,287.70,,,,784.00,D,6
10.115,tesla,2.24,8.80,0,,287.70,,,,784.00,D,6
10.118,tesla,2.24,8.80,0,,287.70,,,,784.00,D,6
10.118,tesla,2.24,8.80,0,,287.70,,,,784.00,D,6
10.121,tesla,2.24,8.80,0,,287.70,,,,784.00,D,6
10.124,tesla,2.24,8.80,0,,287.70,,,,784.00,D,6
10.124,tesla,2.24,8.80,0,,287.70,,,,784.00,D,6
10.126,tesla,2.24,8.80,0,,287.70,,,,784.00,D,6
10.129,tesla,2.24,8.80,0,,287.70,,,,784.00,D,6
10.132,tesla,2.24,8.80,0,,287.70,,,,784.00,D,6
10.135,tesla,2.24,8.80,0,,287.70,,,,784.00,D,6
10.138,tesla,2.24,8.80,0,,287.70,,,,784.00,D,6
10.138,tesla,2.24,8.80,0,,287.70,,,,784.00,D,6
10.140,tesla,2.24,8.80,0,,287.70,,,,784.00,D,6
10.143,tesla,2.24,8.80,0,,287.70,,,,784.00,D,6
10.146,tesla,2.24,8.80,0,,287.70,,,,784.00,D,6
10.149,tesla,2.24,8.80,0,,287.70,,,,784.00,D,6
10.149,tesla,2.24,8.80,0,,287.70,,,,784.00,D,6
10.152,tesla,2.24,8.80,0,,287.70,,,,784.00,D,6
10.154,tesla,2.24,8.80,0,,287.70,,,,784.00,D,6
10.157,tesla,2.24,8.80,0,,287.70,,,,784.00,D,6
10.157,tesla,2.24,8.80,0,,287.70,,,,784.00,D,6
10.160,tesla,2.24,8.80,0,,287.70,,,,784.00,D,6
10.163,tesla,2.24,8.80,0,,287.70,,,,784.00,D,6
10.165,tesla,2.24,8.80,0,,287.70,,,,784.00,D,6
10.168,tesla,2.24,8.80,0,,287.70,,,,784.00,D,6
10.168,tesla,2.24,8.80,0,,287.70,,,,784.00,D,6
10.171,tesla,2.24,8.80,0,,287.70,,,,784.00,D,6
10.174,tesla,2.24,8.80,0,,287.70,,,,784.00,D,6
10.176,tesla,2.24,8.80,0,,287.70,,,,784.00,D,6
10.179,tesla,2.24,4.80,0,,287.70,,,,784.00,D,6
10.182,tesla,2.24,4.80,0,,287.70,,,,784.00,D,6
10.182,tesla,2.64,4.80,0,,287.70,,,,784.00,D,6
10.185,tesla,2.64,4.80,0,,287.70,,,,784.00,D,6
10.188,tesla,2.64,4.80,0,,287.70,,,,784.00,D,6
10.190,tesla,2.64,4.80,0,,287.70,,,,784.00,D,6
10.190,tesla,2.64,4.80,0,,287.70,,,,784.00,D,6
10.193,tesla,2.64,4.80,0,,287.70,,,,784.00,D,6
10.196,tesla,2.64,4.80,0,,287.70,,,,784.00,D,6
10.199,tesla,2.64,4.80,0,,287.70,,,,784.00,D,6
10.202,tesla,2.64,4.80,0,,287.70,,,,784.00,D,6
10.204,tesla,2.64,4.80,0,,287.70,,,,784.00,D,6
10.207,tesla,2.64,4.80,0,,287.70,,,,784.00,D,6
10.210,tesla,2.64,4.80,0,,287.70,,,,784.00,D,6
10.210,tesla,2.64,4.80,0,,287.70,,,,784.00,D,6
10.213,tesla,2.64,4.80,0,,287.70,,,,784.00,D,6
10.215,tesla,2.64,4.80,0,,287.70,,,,784.00,D,6
10.218,tesla,2.64,4.80,0,,309.30,,,,784.00,D,6
10.221,tesla,2.64,4.80,0,,309.80,,,,784.00,D,6
10.224,tesla,2.64,4.80,0,,309.80,,,,784.00,D,6
10.226,tesla,2.64,4.80,0,,309.80,,,,784.00,D,6
10.229,tesla,2.64,4.80,0,,309.80,,,,784.00,D,6
10.229,tesla,2.64,4.80,0,,309.80,,,,784.00,D,6
10.232,tesla,2.64,4.80,0,,309.80,,,,784.00,D,6
10.235,tesla,2.64,4.80,0,,309.80,,,,784.00,D,6
10.238,tesla,2.64,4.80,0,,309.80,,,,784.00,D,6
10.240,tesla,2.64,4.80,0,,309.80,,,,784.00,D,6
10.243,tesla,2.64,4.80,0,,309.80,,,,784.00,D,6
10.246,tesla,2.64,4.80,0,,309.80,,,,784.00,D,6
10.246,tesla,2.64,4.80,0,,309.80,,,,784.00,D,6
10.249,tesla,2.64,4.80,0,,309.80,,,,784.00,D,6
10.251,tesla,2.64,4.80,0,,309.80,,,,784.00,D,6
10.254,tesla,2.64,4.80,0,,309.80,,,,784.00,D,6
10.257,tesla,2.64,4.80,0,,309.80,,,,784.00,D,6
10.260,tesla,2.64,4.80,0,,309.80,,,,784.00,D,6
10.260,tesla,2.64,4.80,0,,309.80,,,,784.00,D,6
10.263,tesla,2.64,4.80,0,,309.80,,,,784.00,D,6
10.265,tesla,2.64,4.80,0,,309.80,,,,784.00,D,6
10.268,tesla,2.64,4.80,0,,309.80,,,,784.00,D,6
10.271,tesla,2.64,4.80,0,,309.80,,,,784.00,D,6
10.274,tesla,2.64,4.80,0,,309.80,,,,784.00,D,6
10.276,tesla,2.64,4.80,0,,309.80,,,,784.00,D,6
10.279,tesla,2.64,4.80,0,,309.80,,,,784.00,D,6
10.279,tesla,2.64,4.80,0,,309.80,,,,784.00,D,6
10.282,tesla,2.64,4.80,0,,309.80,,,,784.00,D,6
10.285,tesla,2.64,4.80,0,,309.80,,,,784.00,D,6
10.288,tesla,2.64,4.80,0,,309.80,,,,784.00,D,6
10.290,tesla,2.64,4.80,0,,309.80,,,,784.00,D,6
10.293,tesla,2.64,4.80,0,,309.80,,,,784.00,D,6
10.296,tesla,2.64,4.80,0,,309.80,,,,784.00,D,6
10.299,tesla,2.64,4.80,0,,309.80,,,,784.00,D,6
10.299,tesla,2.64,4.80,0,,309.80,,,,784.00,D,6
10.302,tesla,2.64,4.80,0,,309.80,,,,784.00,D,6
10.304,tesla,2.64,4.80,0,,309.80,,,,784.00,D,6
10.307,tesla,2.64,4.80,0,,309.80,,,,784.00,D,6
10.310,tesla,2.64,4.80,0,,309.80,,,,784.00,D,6
10.310,tesla,2.64,4.80,0,,309.80,,,,784.00,D,6
10.313,tesla,2.64,4.80,0,,309.80,,,,784.00,D,6
10.313,tesla,2.64,4.80,0,,309.80,,,,784.00,D,6
10.315,tesla,2.64,4.80,0,,309.80,,,,784.00,D,6
10.318,tesla,2.64,4.80,0,,309.80,,,,784.00,D,6
10.321,tesla,2.64,4.80,0,,309.80,,,,784.00,D,6
10.324,tesla,2.64,4.80,0,,309.80,,,,784.00,D,6
10.324,tesla,2.64,4.80,0,,309.80,,,,784.00,D,6
10.326,tesla,2.64,4.80,0,,309.80,,,,784.00,D,6
10.329,tesla,2.64,4.80,0,,309.80,,,,784.00,D,6
10.332,tesla,2.64,4.80,0,,309.80,,,,784.00,D,6
10.332,tesla,2.64,4.80,0,,309.80,,,,784.00,D,6
10.335,tesla,2.64,4.80,0,,309.80,,,,784.00,D,6
10.338,tesla,2.64,4.80,0,,309.80,,,,784.00,D,6
10.340,tesla,2.64,4.80,0,,309.80,,,,784.00,D,6
10.340,tesla,2.64,4.80,0,,309.80,,,,784.00,D,6
10.349,tesla,2.64,4.80,0,,309.80,,,,784.00,D,6
10.349,tesla,2.64,4.80,0,,309.80,,,,784.00,D,6
10.352,tesla,2.64,4.80,0,,309.80,,,,784.00,D,6
10.352,tesla,2.64,4.80,0,,309.80,,,,784.00,D,6
10.354,tesla,2.64,4.80,0,,309.80,,,,784.00,D,6
10.357,tesla,2.64,4.80,0,,309.80,,,,784.00,D,6
10.360,tesla,2.64,4.80,0,,309.80,,,,784.00,D,6
10.363,tesla,2.64,4.80,0,,309.80,,,,784.00,D,6
10.363,tesla,2.64,4.80,0,,309.80,,,,784.00,D,6
10.365,tesla,2.64,4.80,0,,309.80,,,,784.00,D,6
10.369,tesla,2.64,4.80,0,,309.80,,,,784.00,D,6
10.371,tesla,2.64,4.80,0,,309.80,,,,784.00,D,6
10.374,tesla,2.64,4.80,0,,309.80,,,,784.00,D,6
10.377,tesla,2.64,4.80,0,,309.80,,,,784.00,D,6
10.377,tesla,2.64,4.80,0,,309.80,,,,784.00,D,6
10.379,tesla,2.64,5.20,0,,309.80,,,,784.00,D,6
10.382,tesla,2.64,5.20,0,,309.80,,,,784.00,D,6
10.385,tesla,2.96,5.20,0,,309.80,,,,784.00,D,6
10.385,tesla,2.96,5.20,0,,309.80,,,,784.00,D,6
10.388,tesla,2.96,5.20,0,,309.80,,,,784.00,D,6
10.390,tesla,2.96,5.20,0,,309.80,,,,784.00,D,6
10.393,tesla,2.96,5.20,0,,309.80,,,,784.00,D,6
10.396,tesla,2.96,5.20,0,,309.80,,,,784.00,D,6
10.399,tesla,2.96,5.20,0,,309.80,,,,784.00,D,6
10.402,tesla,2.96,5.20,0,,309.80,,,,784.00,D,6
10.404,tesla,2.96,5.20,0,,309.80,,,,784.00,D,6
10.404,tesla,2.96,5.20,0,,309.80,,,,784.00,D,6
10.407,tesla,2.96,5.20,0,,313.80,,,,784.00,D,6
10.410,tesla,2.96,5.20,0,,313.80,,,,784.00,D,6
10.413,tesla,2.96,5.20,0,,313.80,,,,784.00,D,6
10.415,tesla,2.96,5.20,0,,313.80,,,,784.00,D,6
10.418,tesla,2.96,5.20,0,,314.00,,,,784.00,D,6
10.421,tesla,2.96,5.20,0,,314.00,,,,784.00,D,6
10.424,tesla,2.96,5.20,0,,314.00,,,,784.00,D,6
10.424,tesla,2.96,5.20,0,,314.00,,,,784.00,D,6
10.426,tesla,2.96,5.20,0,,314.00,,,,784.00,D,6
10.429,tesla,2.96,5.20,0,,314.00,,,,784.00,D,6
10.432,tesla,2.96,5.20,0,,314.00,,,,784.00,D,6
10.435,tesla,2.96,5.20,0,,314.00,,,,784.00,D,6
10.435,tesla,2.96,5.20,0,,314.00,,,,784.00,D,6
10.438,tesla,2.96,5.20,0,,314.00,,,,784.00,D,6
10.440,tesla,2.96,5.20,0,,314.00,,,,784.00,D,6
10.443,tesla,2.96,5.20,0,,314.00,,,,784.00,D,6
10.443,tesla,2.96,5.20,0,,314.00,,,,784.00,D,6
10.446,tesla,2.96,5.20,0,,314.00,,,,784.00,D,6
10.449,tesla,2.96,5.20,0,,314.00,,,,784.00,D,6
10.452,tesla,2.96,5.20,0,,314.00,,,,784.00,D,6
10.454,tesla,2.96,5.20,0,,314.00,,,,784.00,D,6
10.457,tesla,2.96,5.20,0,,314.00,,,,784.00,D,6
10.457,tesla,2.96,5.20,0,,314.00,,,,784.00,D,6
10.460,tesla,2.96,5.20,0,,314.00,,,,784.00,D,6
10.463,tesla,2.96,5.20,0,,314.00,,,,784.00,D,6
10.465,tesla,2.96,5.20,0,,314.00,,,,784.00,D,6
10.468,tesla,2.96,5.20,0,,314.00,,,,784.00,D,6
10.471,tesla,2.96,5.20,0,,314.00,,,,784.00,D,6
10.474,tesla,2.96,5.20,0,,314.00,,,,784.00,D,6
10.477,tesla,2.96,5.20,0,,314.00,,,,784.00,D,6
10.477,tesla,2.96,5.20,0,,314.00,,,,784.00,D,6
10.479,tesla,2.96,5.20,0,,314.00,,,,784.00,D,6
10.482,tesla,2.96,5.20,0,,314.00,,,,784.00,D,6
10.485,tesla,2.96,5.20,0,,314.00,,,,784.00,D,6
10.488,tesla,2.96,5.20,0,,314.00,,,,784.00,D,6
10.490,tesla,2.96,5.20,0,,314.00,,,,784.00,D,6
10.491,tesla,2.96,5.20,0,,314.00,,,,784.00,D,6
10.493,tesla,2.96,5.20,0,,314.00,,,,784.00,D,6
10.496,tesla,2.96,5.20,0,,314.00,,,,784.00,D,6
10.499,tesla,2.96,5.20,0,,314.00,,,,784.00,D,6
10.502,tesla,2.96,5.20,0,,314.00,,,,784.00,D,6
10.504,tesla,2.96,5.20,0,,314.00,,,,784.00,D,6
10.507,tesla,2.96,5.20,0,,314.00,,,,784.00,D,6
10.507,tesla,2.96,5.20,0,,314.00,,,,784.00,D,6
10.510,tesla,2.96,5.20,0,,314.00,,,,784.00,D,6
10.513,tesla,2.96,5.20,0,,314.00,,,,784.00,D,6
10.515,tesla,2.96,5.20,0,,314.00,,,,784.00,D,6
10.518,tesla,2.96,5.20,0,,314.00,,,,784.00,D,6
10.518,tesla,2.96,5.20,0,,314.00,,,,784.00,D,6
10.521,tesla,2.96,5.20,0,,314.00,,,,784.00,D,6
10.524,tesla,2.96,5.20,0,,314.00,,,,784.00,D,6
10.526,tesla,2.96,5.20,0,,314.00,,,,784.00,D,6
10.529,tesla,2.96,5.20,0,,314.00,,,,784.00,D,6
10.532,tesla,2.96,5.20,0,,314.00,,,,784.00,D,6
10.535,tesla,2.96,5.20,0,,314.00,,,,784.00,D,6
10.538,tesla,2.96,5.20,0,,314.00,,,,784.00,D,6
10.538,tesla,2.96,5.20,0,,314.00,,,,784.00,D,6
10.540,tesla,2.96,5.20,0,,314.00,,,,784.00,D,6
10.541,tesla,2.96,5.20,0,,314.00,,,,784.00,D,6
10.543,tesla,2.96,5.20,0,,314.00,,,,784.00,D,6
10.546,tesla,2.96,5.20,0,,314.00,,,,784.00,D,6
10.549,tesla,2.96,5.20,0,,314.00,,,,784.00,D,6
10.549,tesla,2.96,5.20,0,,314.00,,,,784.00,D,6
10.552,tesla,2.96,5.20,0,,314.00,,,,784.00,D,6
10.554,tesla,2.96,5.20,0,,314.00,,,,784.00,D,6
10.557,tesla,2.96,5.20,0,,314.00,,,,784.00,D,6
10.557,tesla,2.96,5.20,0,,314.00,,,,784.00,D,6
10.560,tesla,2.96,5.20,0,,314.00,,,,784.00,D,6
10.563,tesla,2.96,5.20,0,,314.00,,,,784.00,D,6
10.563,tesla,2.96,5.20,0,,314.00,,,,784.00,D,6
10.565,tesla,2.96,5.20,0,,314.00,,,,784.00,D,6
10.568,tesla,2.96,5.20,0,,314.00,,,,784.00,D,6
10.571,tesla,2.96,5.20,0,,314.00,,,,784.00,D,6
10.574,tesla,2.96,5.20,0,,314.00,,,,784.00,D,6
10.574,tesla,2.96,5.20,0,,314.00,,,,784.00,D,6
10.576,tesla,2.96,4.80,0,,314.00,,,,784.00,D,6
10.579,tesla,2.96,4.80,0,,314.00,,,,784.00,D,6
10.582,tesla,2.96,4.80,0,,314.00,,,,784.00,D,6
10.585,tesla,2.96,4.80,0,,314.00,,,,784.00,D,6
10.588,tesla,3.12,4.80,0,,314.00,,,,784.00,D,6
10.590,tesla,3.12,4.80,0,,314.00,,,,784.00,D,6
10.593,tesla,3.12,4.80,0,,314.00,,,,784.00,D,6
10.593,tesla,3.12,4.80,0,,314.00,,,,784.00,D,6
10.596,tesla,3.12,4.80,0,,314.00,,,,784.00,D,6
10.599,tesla,3.12,4.80,0,,314.00,,,,784.00,D,6
10.602,tesla,3.12,4.80,0,,314.00,,,,784.00,D,6
10.604,tesla,3.12,4.80,0,,314.00,,,,784.00,D,6
10.607,tesla,3.12,4.80,0,,316.30,,,,784.00,D,6
10.610,tesla,3.12,4.80,0,,316.30,,,,784.00,D,6
10.613,tesla,3.12,5.20,0,,316.30,,,,784.00,D,6
10.613,tesla,3.12,5.20,0,,316.30,,,,784.00,D,6
10.615,tesla,3.12,5.20,0,,316.30,,,,784.00,D,6
10.618,tesla,3.12,5.20,0,,316.30,,,,784.00,D,6
10.621,tesla,3.12,5.20,0,,316.30,,,,784.00,D,6
10.624,tesla,3.12,5.20,0,,316.30,,,,784.00,D,6
10.626,tesla,3.12,5.20,0,,316.30,,,,784.00,D,6
10.629,tesla,3.12,5.20,0,,316.30,,,,784.00,D,6
10.629,tesla,3.12,5.20,0,,316.30,,,,784.00,D,6
10.632,tesla,3.12,5.20,0,,316.30,,,,784.00,D,6
10.635,tesla,3.12,5.20,0,,316.30,,,,784.00,D,6
10.638,tesla,3.12,5.20,0,,316.30,,,,784.00,D,6
10.640,tesla,3.12,5.20,0,,316.30,,,,784.00,D,6
10.643,tesla,3.12,5.20,0,,316.30,,,,784.00,D,6
10.643,tesla,3.12,5.20,0,,316.30,,,,784.00,D,6
10.646,tesla,3.12,5.20,0,,316.30,,,,784.00,D,6
10.646,tesla,3.12,5.20,0,,316.30,,,,784.00,D,6
10.649,tesla,3.12,5.20,0,,316.30,,,,784.00,D,6
10.652,tesla,3.12,5.20,0,,316.30,,,,784.00,D,6
10.654,tesla,3.12,5.20,0,,316.30,,,,784.00,D,6
10.655,tesla,3.12,5.20,0,,316.30,,,,784.00,D,6
10.657,tesla,3.12,5.20,0,,316.30,,,,784.00,D,6
10.660,tesla,3.12,5.20,0,,316.30,,,,784.00,D,6
10.663,tesla,3.12,5.20,0,,316.30,,,,784.00,D,6
10.665,tesla,3.12,5.20,0,,316.30,,,,784.00,D,6
10.668,tesla,3.12,5.20,0,,316.30,,,,784.00,D,6
10.671,tesla,3.12,5.20,0,,316.30,,,,784.00,D,6
10.674,tesla,3.12,5.20,0,,316.30,,,,784.00,D,6
10.674,tesla,3.12,5.20,0,,316.30,,,,784.00,D,6
10.677,tesla,3.12,5.20,0,,316.30,,,,784.00,D,6
10.679,tesla,3.12,5.20,0,,316.30,,,,784.00,D,6
10.682,tesla,3.12,5.20,0,,316.30,,,,784.00,D,6
10.685,tesla,3.12,5.20,0,,316.30,,,,784.00,D,6
10.688,tesla,3.12,5.20,0,,316.30,,,,784.00,D,6
10.688,tesla,3.12,5.20,0,,316.30,,,,784.00,D,6
10.690,tesla,3.12,5.20,0,,316.30,,,,784.00,D,6
10.693,tesla,3.12,5.20,0,,316.30,,,,784.00,D,6
10.696,tesla,3.12,5.20,0,,316.30,,,,784.00,D,6
10.699,tesla,3.12,5.20,0,,316.30,,,,784.00,D,6
10.699,tesla,3.12,5.20,0,,316.30,,,,784.00,D,6
10.702,tesla,3.12,5.20,0,,316.30,,,,784.00,D,6
10.704,tesla,3.12,5.20,0,,316.30,,,,784.00,D,6
10.707,tesla,3.12,5.20,0,,316.30,,,,784.00,D,6
10.710,tesla,3.12,5.20,0,,316.30,,,,784.00,D,6
10.713,tesla,3.12,5.20,0,,316.30,,,,784.00,D,6
10.713,tesla,3.12,5.20,0,,316.30,,,,784.00,D,6
10.715,tesla,3.12,5.20,0,,316.30,,,,784.00,D,6
10.718,tesla,3.12,5.20,0,,316.30,,,,784.00,D,6
10.721,tesla,3.12,5.20,0,,316.30,,,,784.00,D,6
10.721,tesla,3.12,5.20,0,,316.30,,,,784.00,D,6
10.724,tesla,3.12,5.20,0,,316.30,,,,784.00,D,6
10.726,tesla,3.12,5.20,0,,316.30,,,,784.00,D,6
10.729,tesla,3.12,5.20,0,,316.30,,,,784.00,D,6
10.729,tesla,3.12,5.20,0,,316.30,,,,784.00,D,6
10.732,tesla,3.12,5.20,0,,316.30,,,,784.00,D,6
10.735,tesla,3.12,5.20,0,,316.30,,,,784.00,D,6
10.738,tesla,3.12,5.20,0,,316.30,,,,784.00,D,6
10.738,tesla,3.12,5.20,0,,316.30,,,,784.00,D,6
10.740,tesla,3.12,5.20,0,,316.30,,,,784.00,D,6
10.743,tesla,3.12,5.20,0,,316.30,,,,784.00,D,6
10.743,tesla,3.12,5.20,0,,316.30,,,,784.00,D,6
10.746,tesla,3.12,5.20,0,,316.30,,,,784.00,D,6
10.749,tesla,3.12,5.20,0,,316.30,,,,784.00,D,6
10.752,tesla,3.12,5.20,0,,316.30,,,,784.00,D,6
10.752,tesla,3.12,5.20,0,,316.30,,,,784.00,D,6
10.754,tesla,3.12,5.20,0,,316.30,,,,784.00,D,6
10.757,tesla,3.12,5.20,0,,316.30,,,,784.00,D,6
10.760,tesla,3.12,5.20,0,,316.30,,,,784.00,D,6
10.760,tesla,3.12,5.20,0,,316.30,,,,784.00,D,6
10.763,tesla,3.12,5.20,0,,316.30,,,,784.00,D,6
10.765,tesla,3.12,5.20,0,,316.30,,,,784.00,D,6
10.768,tesla,3.12,5.20,0,,316.30,,,,784.00,D,6
10.771,tesla,3.12,5.20,0,,316.30,,,,784.00,D,6
10.774,tesla,3.12,5.20,0,,316.30,,,,784.00,D,6
10.774,tesla,3.12,5.20,0,,316.30,,,,784.00,D,6
10.776,tesla,3.12,5.20,0,,316.30,,,,784.00,D,6
10.779,tesla,3.12,5.20,0,,316.30,,,,784.00,D,6
10.782,tesla,3.20,5.20,0,,316.30,,,,784.00,D,6
10.785,tesla,3.20,5.20,0,,316.30,,,,784.00,D,6
10.788,tesla,3.20,5.20,0,,316.30,,,,784.00,D,6
10.790,tesla,3.20,5.20,0,,316.30,,,,784.00,D,6
10.793,tesla,3.20,5.20,0,,316.30,,,,784.00,D,6
10.793,tesla,3.20,5.20,0,,316.30,,,,784.00,D,6
10.796,tesla,3.20,5.20,0,,316.30,,,,784.00,D,6
10.799,tesla,3.20,5.20,0,,316.30,,,,784.00,D,6
10.802,tesla,3.20,5.20,0,,316.30,,,,784.00,D,6
10.804,tesla,3.20,5.20,0,,316.30,,,,784.00,D,6
10.807,tesla,3.20,5.20,0,,316.40,,,,784.00,D,6
10.810,tesla,3.20,5.20,0,,316.40,,,,784.00,D,6
10.813,tesla,3.20,5.20,0,,316.40,,,,784.00,D,6
10.813,tesla,3.20,5.20,0,,316.40,,,,784.00,D,6
10.815,tesla,3.20,5.20,0,,316.40,,,,784.00,D,6
10.818,tesla,3.20,5.20,0,,316.40,,,,784.00,D,6
10.821,tesla,3.20,5.20,0,,316.40,,,,784.00,D,6
10.824,tesla,3.20,5.20,0,,316.40,,,,784.00,D,6
10.826,tesla,3.20,5.20,0,,316.40,,,,784.00,D,6
10.829,tesla,3.20,5.20,0,,316.40,,,,784.00,D,6
10.832,tesla,3.20,5.20,0,,316.40,,,,784.00,D,6
10.832,tesla,3.20,5.20,0,,316.40,,,,784.00,D,6
10.835,tesla,3.20,5.20,0,,316.40,,,,784.00,D,6
10.838,tesla,3.20,5.20,0,,316.40,,,,784.00,D,6
10.840,tesla,3.20,5.20,0,,316.40,,,,784.00,D,6
10.843,tesla,3.20,5.20,0,,316.40,,,,784.00,D,6
10.846,tesla,3.20,5.20,0,,316.40,,,,784.00,D,6
10.849,tesla,3.20,5.20,0,,316.40,,,,784.00,D,6
10.849,tesla,3.20,5.20,0,,316.40,,,,784.00,D,6
10.852,tesla,3.20,5.20,0,,316.40,,,,784.00,D,6
10.854,tesla,3.20,5.20,0,,316.40,,,,784.00,D,6
10.857,tesla,3.20,5.20,0,,316.40,,,,784.00,D,6
10.860,tesla,3.20,5.20,0,,316.40,,,,784.00,D,6
10.863,tesla,3.20,5.20,0,,316.40,,,,784.00,D,6
10.863,tesla,3.20,5.20,0,,316.40,,,,784.00,D,6
10.865,tesla,3.20,5.20,0,,316.40,,,,784.00,D,6
10.868,tesla,3.20,5.20,0,,316.40,,,,784.00,D,6
10.868,tesla,3.20,5.20,0,,316.40,,,,784.00,D,6
10.871,tesla,3.20,5.20,0,,316.40,,,,784.00,D,6
10.874,tesla,3.20,5.20,0,,316.40,,,,784.00,D,6
10.876,tesla,3.20,5.20,0,,316.40,,,,784.00,D,6
10.879,tesla,3.20,5.20,0,,316.40,,,,784.00,D,6
10.882,tesla,3.20,5.20,0,,316.40,,,,784.00,D,6
10.885,tesla,3.20,5.20,0,,316.40,,,,784.00,D,6
10.888,tesla,3.20,5.20,0,,316.40,,,,784.00,D,6
10.888,tesla,3.20,5.20,0,,316.40,,,,784.00,D,6
10.890,tesla,3.20,5.20,0,,316.40,,,,784.00,D,6
10.893,tesla,3.20,5.20,0,,316.40,,,,784.00,D,6
10.896,tesla,3.20,5.20,0,,316.40,,,,784.00,D,6
10.899,tesla,3.20,5.20,0,,316.40,,,,784.00,D,6
10.902,tesla,3.20,5.20,0,,316.40,,,,784.00,D,6
10.902,tesla,3.20,5.20,0,,316.40,,,,784.00,D,6
10.904,tesla,3.20,5.20,0,,316.40,,,,784.00,D,6
10.907,tesla,3.20,5.20,0,,316.40,,,,784.00,D,6
10.910,tesla,3.20,5.20,0,,316.40,,,,784.00,D,6
10.913,tesla,3.20,5.20,0,,316.40,,,,784.00,D,6
10.913,tesla,3.20,5.20,0,,316.40,,,,784.00,D,6
10.915,tesla,3.20,5.20,0,,316.40,,,,784.00,D,6
10.918,tesla,3.20,5.20,0,,316.40,,,,784.00,D,6
10.921,tesla,3.20,5.20,0,,316.40,,,,784.00,D,6
10.921,tesla,3.20,5.20,0,,316.40,,,,784.00,D,6
10.924,tesla,3.20,5.20,0,,316.40,,,,784.00,D,6
10.926,tesla,3.20,5.20,0,,316.40,,,,784.00,D,6
10.927,tesla,3.20,5.20,0,,316.40,,,,784.00,D,6
10.929,tesla,3.20,5.20,0,,316.40,,,,784.00,D,6
10.932,tesla,3.20,5.20,0,,316.40,,,,784.00,D,6
10.935,tesla,3.20,5.20,0,,316.40,,,,784.00,D,6
10.935,tesla,3.20,5.20,0,,316.40,,,,784.00,D,6
10.938,tesla,3.20,5.20,0,,316.40,,,,784.00,D,6
10.940,tesla,3.20,5.20,0,,316.40,,,,784.00,D,6
10.943,tesla,3.20,5.20,0,,316.40,,,,784.00,D,6
10.946,tesla,3.20,5.20,0,,316.40,,,,784.00,D,6
10.946,tesla,3.20,5.20,0,,316.40,,,,784.00,D,6
10.949,tesla,3.20,5.20,0,,316.40,,,,784.00,D,6
10.949,tesla,3.20,5.20,0,,316.40,,,,784.00,D,6
10.952,tesla,3.20,5.20,0,,316.40,,,,784.00,D,6
10.954,tesla,3.20,5.20,0,,316.40,,,,784.00,D,6
10.957,tesla,3.20,5.20,0,,316.40,,,,784.00,D,6
10.957,tesla,3.20,5.20,0,,316.40,,,,784.00,D,6
10.960,tesla,3.20,4.80,0,,316.40,,,,784.00,D,6
10.963,tesla,3.20,4.80,0,,316.40,,,,784.00,D,6
10.965,tesla,3.20,4.80,0,,316.40,,,,784.00,D,6
10.968,tesla,3.20,4.80,0,,316.40,,,,784.00,D,6
10.971,tesla,3.20,4.80,0,,316.40,,,,784.00,D,6
10.974,tesla,3.20,4.80,0,,316.40,,,,784.00,D,6
10.974,tesla,3.20,4.80,0,,316.40,,,,784.00,D,6
10.977,tesla,3.20,4.80,0,,316.40,,,,784.00,D,6
10.979,tesla,3.20,4.80,0,,316.40,,,,784.00,D,6
10.982,tesla,3.20,4.80,0,,316.40,,,,784.00,D,6
10.985,tesla,3.28,4.80,0,,316.40,,,,784.00,D,6
10.988,tesla,3.28,4.80,0,,316.40,,,,784.00,D,6
10.988,tesla,3.28,4.80,0,,316.40,,,,784.00,D,6
10.990,tesla,3.28,4.80,0,,316.40,,,,784.00,D,6
10.993,tesla,3.28,4.80,0,,316.40,,,,784.00,D,6
10.996,tesla,3.28,4.80,0,,314.90,,,,784.00,D,6
10.999,tesla,3.28,4.80,0,,314.90,,,,784.00,D,6
11.002,tesla,3.28,4.80,0,,314.90,,,,784.00,D,6
11.004,tesla,3.28,4.80,0,,314.90,,,,784.00,D,6
11.007,tesla,3.28,4.80,0,,314.80,,,,784.00,D,6
11.007,tesla,3.28,4.80,0,,314.80,,,,784.00,D,6
11.010,tesla,3.28,4.80,0,,314.60,,,,784.00,D,6
11.013,tesla,3.28,4.80,0,,314.60,,,,784.00,D,6
11.015,tesla,3.28,4.80,0,,314.60,,,,784.00,D,6
11.018,tesla,3.28,4.80,0,,314.60,,,,784.00,D,6
11.018,tesla,3.28,4.80,0,,314.60,,,,784.00,D,6
11.021,tesla,3.28,4.80,0,,314.60,,,,784.00,D,6
11.024,tesla,3.28,4.80,0,,314.60,,,,784.00,D,6
11.026,tesla,3.28,4.80,0,,314.60,,,,784.00,D,6
11.029,tesla,3.28,4.80,0,,314.60,,,,784.00,D,6
11.029,tesla,3.28,4.80,0,,314.60,,,,784.00,D,6
11.032,tesla,3.28,4.80,0,,314.60,,,,784.00,D,6
11.035,tesla,3.28,4.80,0,,314.60,,,,784.00,D,6
11.038,tesla,3.28,4.80,0,,314.60,,,,784.00,D,6
11.040,tesla,3.28,4.80,0,,314.60,,,,784.00,D,6
11.041,tesla,3.28,4.80,0,,314.60,,,,784.00,D,6
11.043,tesla,3.28,4.80,0,,314.60,,,,784.00,D,6
11.046,tesla,3.28,4.80,0,,314.60,,,,784.00,D,6
11.049,tesla,3.28,4.80,0,,314.60,,,,784.00,D,6
11.052,tesla,3.28,4.80,0,,314.60,,,,784.00,D,6
11.052,tesla,3.28,4.80,0,,314.60,,,,784.00,D,6
11.054,tesla,3.28,4.80,0,,314.60,,,,784.00,D,6
11.057,tesla,3.28,4.80,0,,314.60,,,,784.00,D,6
11.060,tesla,3.28,4.80,0,,314.60,,,,784.00,D,6
11.063,tesla,3.28,4.80,0,,314.60,,,,784.00,D,6
11.063,tesla,3.28,4.80,0,,314.60,,,,784.00,D,6
11.065,tesla,3.28,4.80,0,,314.60,,,,784.00,D,6
11.068,tesla,3.28,4.80,0,,314.60,,,,784.00,D,6
11.071,tesla,3.28,4.80,0,,314.60,,,,784.00,D,6
11.074,tesla,3.28,4.80,0,,314.60,,,,784.00,D,6
11.076,tesla,3.28,4.80,0,,314.60,,,,784.00,D,6
11.077,tesla,3.28,4.80,0,,314.60,,,,784.00,D,6
11.079,tesla,3.28,4.80,0,,314.60,,,,784.00,D,6
11.082,tesla,3.28,4.80,0,,314.60,,,,784.00,D,6
11.085,tesla,3.28,4.80,0,,314.60,,,,784.00,D,6
11.088,tesla,3.28,4.80,0,,314.60,,,,784.00,D,6
11.088,tesla,3.28,4.80,0,,314.60,,,,784.00,D,6
11.090,tesla,3.28,4.80,0,,314.60,,,,784.00,D,6
11.093,tesla,3.28,4.80,0,,314.60,,,,784.00,D,6
11.096,tesla,3.28,4.80,0,,314.60,,,,784.00,D,6
11.096,tesla,3.28,4.80,0,,314.60,,,,784.00,D,6
11.099,tesla,3.28,4.80,0,,314.60,,,,784.00,D,6
11.102,tesla,3.28,4.80,0,,314.60,,,,784.00,D,6
11.104,tesla,3.28,4.80,0,,314.60,,,,784.00,D,6
11.107,tesla,3.28,4.80,0,,314.60,,,,784.00,D,6
11.110,tesla,3.28,4.80,0,,314.60,,,,784.00,D,6
11.110,tesla,3.28,4.80,0,,314.60,,,,784.00,D,6
11.113,tesla,3.28,4.80,0,,314.60,,,,784.00,D,6
11.113,tesla,3.28,4.80,0,,314.60,,,,784.00,D,6
11.115,tesla,3.28,4.80,0,,314.60,,,,784.00,D,6
11.118,tesla,3.28,4.80,0,,314.60,,,,784.00,D,6
11.121,tesla,3.28,4.80,0,,314.60,,,,784.00,D,6
11.124,tesla,3.28,4.80,0,,314.60,,,,784.00,D,6
11.126,tesla,3.28,4.80,0,,314.60,,,,784.00,D,6
11.129,tesla,3.28,4.80,0,,314.60,,,,784.00,D,6
11.129,tesla,3.28,4.80,0,,314.60,,,,784.00,D,6
11.132,tesla,3.28,4.80,0,,314.60,,,,784.00,D,6
11.135,tesla,3.28,4.80,0,,314.60,,,,784.00,D,6
11.138,tesla,3.28,4.80,0,,314.60,,,,784.00,D,6
11.138,tesla,3.28,4.80,0,,314.60,,,,784.00,D,6
11.140,tesla,3.28,4.80,0,,314.60,,,,784.00,D,6
11.143,tesla,3.28,4.80,0,,314.60,,,,784.00,D,6
11.146,tesla,3.28,4.80,0,,314.60,,,,784.00,D,6
11.149,tesla,3.28,4.80,0,,314.60,,,,784.00,D,6
11.152,tesla,3.28,4.80,0,,314.60,,,,784.00,D,6
11.152,tesla,3.28,4.80,0,,314.60,,,,784.00,D,6
11.154,tesla,3.28,4.80,0,,314.60,,,,784.00,D,6
11.157,tesla,3.28,4.80,0,,314.60,,,,784.00,D,6
11.160,tesla,3.28,4.80,0,,314.60,,,,784.00,D,6
11.163,tesla,3.28,4.80,0,,314.60,,,,784.00,D,6
11.163,tesla,3.20,4.80,0,,314.60,,,,784.00,D,6
11.165,tesla,3.20,4.80,0,,314.60,,,,784.00,D,6
11.168,tesla,3.20,4.80,0,,314.60,,,,784.00,D,6
11.171,tesla,3.20,4.80,0,,314.60,,,,784.00,D,6
11.174,tesla,3.20,4.80,0,,314.60,,,,784.00,D,6
11.177,tesla,3.20,4.80,0,,314.60,,,,784.00,D,6
11.179,tesla,3.20,4.80,0,,313.20,,,,784.00,D,6
11.179,tesla,3.20,4.80,0,,313.20,,,,440.00,D,6
11.182,tesla,3.20,4.80,0,,313.20,,,,440.00,D,6
11.185,tesla,3.20,4.80,0,,313.10,,,,440.00,D,6
11.185,tesla,3.20,4.80,0,,313.10,,,,440.00,D,6
11.188,tesla,3.20,4.80,0,,313.10,,,,440.00,D,6
11.190,tesla,3.20,4.80,0,,313.10,,,,440.00,D,6
11.193,tesla,3.20,4.80,0,,313.10,,,,440.00,D,6
11.196,tesla,3.20,4.80,0,,313.10,,,,440.00,D,6
11.196,tesla,3.20,4.80,0,,313.10,,,,440.00,D,6
11.199,tesla,3.20,4.80,0,,313.10,,,,440.00,D,6
11.202,tesla,3.20,4.80,0,,313.10,,,,440.00,D,6
11.204,tesla,3.20,4.80,0,,313.10,,,,440.00,D,6
11.207,tesla,3.20,4.80,0,,313.10,,,,440.00,D,6
11.210,tesla,3.20,4.80,0,,313.10,,,,440.00,D,6
11.210,tesla,3.20,4.80,0,,313.10,,,,440.00,D,6
11.213,tesla,3.20,4.80,0,,313.10,,,,440.00,D,6
11.215,tesla,3.20,4.80,0,,313.10,,,,440.00,D,6
11.218,tesla,3.20,4.80,0,,313.10,,,,440.00,D,6
11.221,tesla,3.20,4.80,0,,313.10,,,,440.00,D,6
11.224,tesla,3.20,4.80,0,,313.10,,,,440.00,D,6
11.226,tesla,3.20,4.80,0,,313.10,,,,440.00,D,6
11.227,tesla,3.20,4.80,0,,313.10,,,,440.00,D,6
11.227,tesla,3.20,4.80,0,,313.10,,,,440.00,D,6
11.229,tesla,3.20,4.80,0,,313.10,,,,440.00,D,6
11.232,tesla,3.20,4.80,0,,313.10,,,,440.00,D,6
11.235,tesla,3.20,4.80,0,,313.10,,,,440.00,D,6
11.238,tesla,3.20,4.80,0,,313.10,,,,440.00,D,6
11.240,tesla,3.20,4.80,0,,313.10,,,,440.00,D,6
11.240,tesla,3.20,4.80,0,,313.10,,,,440.00,D,6
11.243,tesla,3.20,4.80,0,,313.10,,,,440.00,D,6
11.246,tesla,3.20,4.80,0,,313.10,,,,440.00,D,6
11.246,tesla,3.20,4.80,0,,313.10,,,,440.00,D,6
11.249,tesla,3.20,4.80,0,,313.10,,,,440.00,D,6
11.252,tesla,3.20,4.80,0,,313.10,,,,440.00,D,6
11.254,tesla,3.20,4.80,0,,313.10,,,,440.00,D,6
11.257,tesla,3.20,4.80,0,,313.10,,,,440.00,D,6
11.260,tesla,3.20,4.80,0,,313.10,,,,440.00,D,6
11.263,tesla,3.20,4.80,0,,313.10,,,,440.00,D,6
11.263,tesla,3.20,4.80,0,,313.10,,,,440.00,D,6
11.265,tesla,3.20,4.80,0,,313.10,,,,440.00,D,6
11.268,tesla,3.20,4.80,0,,313.10,,,,440.00,D,6
11.271,tesla,3.20,4.80,0,,313.10,,,,440.00,D,6
11.271,tesla,3.20,4.80,0,,313.10,,,,440.00,D,6
11.274,tesla,3.20,4.80,0,,313.10,,,,440.00,D,6
11.276,tesla,3.20,4.80,0,,313.10,,,,440.00,D,6
11.279,tesla,3.20,4.80,0,,313.10,,,,440.00,D,6
11.282,tesla,3.20,4.80,0,,313.10,,,,440.00,D,6
11.285,tesla,3.20,4.80,0,,313.10,,,,440.00,D,6
11.285,tesla,3.20,4.80,0,,313.10,,,,440.00,D,6
11.288,tesla,3.20,4.80,0,,313.10,,,,440.00,D,6
11.290,tesla,3.20,4.80,0,,313.10,,,,440.00,D,6
11.293,tesla,3.20,4.80,0,,313.10,,,,440.00,D,6
11.296,tesla,3.20,4.80,0,,313.10,,,,440.00,D,6
11.299,tesla,3.20,4.80,0,,313.10,,,,440.00,D,6
11.302,tesla,3.20,4.80,0,,313.10,,,,440.00,D,6
11.302,tesla,3.20,4.80,0,,313.10,,,,440.00,D,6
11.304,tesla,3.20,4.80,0,,313.10,,,,440.00,D,6
11.307,tesla,3.20,4.80,0,,313.10,,,,440.00,D,6
11.310,tesla,3.20,4.80,0,,313.10,,,,440.00,D,6
11.313,tesla,3.20,4.80,0,,313.10,,,,440.00,D,6
11.315,tesla,3.20,4.80,0,,313.10,,,,440.00,D,6
11.315,tesla,3.20,4.80,0,,313.10,,,,440.00,D,6
11.318,tesla,3.20,4.80,0,,313.10,,,,440.00,D,6
11.321,tesla,3.20,4.80,0,,313.10,,,,440.00,D,6
11.324,tesla,3.20,4.80,0,,313.10,,,,440.00,D,6
11.326,tesla,3.20,4.80,0,,313.10,,,,440.00,D,6
11.327,tesla,3.20,4.80,0,,313.10,,,,440.00,D,6
11.329,tesla,3.20,4.80,0,,313.10,,,,440.00,D,6
11.332,tesla,3.20,4.80,0,,313.10,,,,440.00,D,6
11.332,tesla,3.20,4.80,0,,313.10,,,,440.00,D,6
11.335,tesla,3.20,4.80,0,,313.10,,,,440.00,D,6
11.338,tesla,3.20,4.80,0,,313.10,,,,440.00,D,6
11.340,tesla,3.20,4.80,0,,313.10,,,,440.00,D,6
11.343,tesla,3.20,4.80,0,,313.10,,,,440.00,D,6
11.346,tesla,3.20,4.80,0,,313.10,,,,440.00,D,6
11.349,tesla,3.20,4.80,0,,313.10,,,,440.00,D,6
11.349,tesla,3.20,4.80,0,,313.10,,,,440.00,D,6
11.352,tesla,3.20,4.80,0,,313.10,,,,440.00,D,6
11.354,tesla,3.20,4.80,0,,313.10,,,,440.00,D,6
11.357,tesla,3.20,4.80,0,,308.70,,,,440.00,D,6
11.360,tesla,3.20,4.80,0,,308.70,,,,440.00,D,6
11.363,tesla,3.20,4.80,0,,308.30,,,,440.00,D,6
11.365,tesla,3.20,4.80,0,,308.30,,,,440.00,D,6
11.366,tesla,3.20,4.80,0,,308.30,,,,440.00,D,6
11.368,tesla,3.20,4.80,0,,308.30,,,,440.00,D,6
11.371,tesla,3.20,4.80,0,,308.30,,,,440.00,D,6
11.374,tesla,3.20,4.80,0,,308.30,,,,440.00,D,6
11.377,tesla,3.20,4.80,0,,308.30,,,,440.00,D,6
11.377,tesla,3.20,4.80,0,,308.30,,,,440.00,D,6
11.379,tesla,3.20,4.80,0,,308.30,,,,440.00,D,6
11.382,tesla,3.20,4.80,0,,308.30,,,,440.00,D,6
11.382,tesla,3.20,4.80,0,,308.30,,,,440.00,D,6
11.385,tesla,3.20,4.80,0,,308.30,,,,440.00,D,6
11.388,tesla,3.20,4.80,0,,308.30,,,,440.00,D,6
11.390,tesla,3.20,4.80,0,,308.30,,,,440.00,D,6
11.390,tesla,3.20,4.80,0,,308.30,,,,440.00,D,6
11.393,tesla,3.20,4.80,0,,308.30,,,,440.00,D,6
11.396,tesla,3.20,4.80,0,,308.30,,,,440.00,D,6
11.399,tesla,3.20,4.80,0,,308.30,,,,440.00,D,6
11.402,tesla,3.20,4.80,0,,308.30,,,,440.00,D,6
11.404,tesla,3.20,4.80,0,,308.30,,,,440.00,D,6
11.407,tesla,3.20,4.80,0,,308.30,,,,440.00,D,6
11.407,tesla,3.20,4.80,0,,308.30,,,,440.00,D,6
11.410,tesla,3.20,4.80,0,,308.30,,,,440.00,D,6
11.413,tesla,3.20,4.80,0,,308.30,,,,440.00,D,6
11.415,tesla,3.20,4.80,0,,308.30,,,,440.00,D,6
11.416,tesla,3.20,4.80,0,,308.30,,,,440.00,D,6
11.418,tesla,3.20,4.80,0,,308.30,,,,440.00,D,6
11.421,tesla,3.20,4.80,0,,308.30,,,,440.00,D,6
11.421,tesla,3.20,4.80,0,,308.30,,,,440.00,D,6
11.424,tesla,3.20,4.80,0,,308.30,,,,440.00,D,6
11.426,tesla,3.20,4.80,0,,308.30,,,,440.00,D,6
11.429,tesla,3.20,4.80,0,,308.30,,,,440.00,D,6
11.432,tesla,3.20,4.80,0,,308.30,,,,440.00,D,6
11.435,tesla,3.20,4.80,0,,308.30,,,,440.00,D,6
11.438,tesla,3.20,4.80,0,,308.30,,,,440.00,D,6
11.438,tesla,3.20,4.80,0,,308.30,,,,440.00,D,6
11.440,tesla,3.20,4.80,0,,308.30,,,,440.00,D,6
11.443,tesla,3.20,4.80,0,,308.30,,,,440.00,D,6
11.446,tesla,3.20,4.80,0,,308.30,,,,440.00,D,6
11.446,tesla,3.20,4.80,0,,308.30,,,,440.00,D,6
11.449,tesla,3.20,4.80,0,,308.30,,,,440.00,D,6
11.452,tesla,3.20,4.80,0,,308.30,,,,440.00,D,6
11.454,tesla,3.20,4.80,0,,308.30,,,,440.00,D,6
11.457,tesla,3.20,4.80,0,,308.30,,,,440.00,D,6
11.460,tesla,3.20,4.80,0,,308.30,,,,440.00,D,6
11.460,tesla,3.20,4.80,0,,308.30,,,,440.00,D,6
11.463,tesla,3.20,4.80,0,,308.30,,,,440.00,D,6
11.465,tesla,3.20,4.80,0,,308.30,,,,440.00,D,6
11.468,tesla,3.20,4.80,0,,308.30,,,,440.00,D,6
11.468,tesla,3.20,4.80,0,,308.30,,,,440.00,D,6
11.471,tesla,3.20,4.80,0,,308.30,,,,440.00,D,6
11.474,tesla,3.20,4.80,0,,308.30,,,,440.00,D,6
11.476,tesla,3.20,4.80,0,,308.30,,,,440.00,D,6
11.479,tesla,3.20,4.80,0,,308.30,,,,440.00,D,6
11.482,tesla,3.20,4.80,0,,308.30,,,,440.00,D,6
11.482,tesla,3.20,4.80,0,,308.30,,,,440.00,D,6
11.485,tesla,3.20,4.80,0,,308.30,,,,440.00,D,6
11.488,tesla,3.20,4.80,0,,308.30,,,,440.00,D,6
11.490,tesla,3.20,4.80,0,,308.30,,,,440.00,D,6
11.493,tesla,3.20,4.80,0,,308.30,,,,440.00,D,6
11.496,tesla,3.20,4.80,0,,308.30,,,,440.00,D,6
11.496,tesla,3.20,4.80,0,,308.30,,,,440.00,D,6
11.499,tesla,3.20,4.80,0,,308.30,,,,440.00,D,6
11.502,tesla,3.20,4.80,0,,308.30,,,,440.00,D,6
11.504,tesla,3.20,4.80,0,,308.30,,,,440.00,D,6
11.507,tesla,3.20,4.80,0,,308.30,,,,440.00,D,6
11.510,tesla,3.20,4.80,0,,308.30,,,,440.00,D,6
11.513,tesla,3.20,4.80,0,,308.30,,,,440.00,D,6
11.513,tesla,3.20,4.80,0,,308.30,,,,440.00,D,6
11.515,tesla,3.20,4.80,0,,308.30,,,,440.00,D,6
11.518,tesla,3.20,4.80,0,,308.30,,,,440.00,D,6
11.521,tesla,3.20,4.80,0,,308.30,,,,440.00,D,6
11.524,tesla,3.20,4.80,0,,308.30,,,,440.00,D,6
11.527,tesla,3.20,4.80,0,,308.30,,,,440.00,D,6
11.527,tesla,3.20,4.80,0,,308.30,,,,440.00,D,6
11.529,tesla,3.20,4.80,0,,308.30,,,,440.00,D,6
11.532,tesla,3.20,4.80,0,,308.30,,,,440.00,D,6
11.535,tesla,3.20,4.80,0,,308.30,,,,440.00,D,6
11.538,tesla,3.20,4.80,0,,308.30,,,,440.00,D,6
11.540,tesla,3.20,4.80,0,,308.30,,,,440.00,D,6
11.543,tesla,3.20,4.80,0,,308.30,,,,440.00,D,6
11.546,tesla,3.20,4.80,0,,308.30,,,,440.00,D,6
11.546,tesla,3.20,4.80,0,,308.30,,,,440.00,D,6
11.549,tesla,3.20,4.80,0,,308.30,,,,440.00,D,6
11.552,tesla,3.20,4.80,0,,308.30,,,,440.00,D,6
11.554,tesla,3.20,4.80,0,,308.30,,,,440.00,D,6
11.557,tesla,3.20,4.80,0,,297.50,,,,440.00,D,6
11.560,tesla,3.20,4.80,0,,297.50,,,,440.00,D,6
11.563,tesla,3.20,4.80,0,,296.70,,,,440.00,D,6
11.565,tesla,3.20,4.80,0,,296.70,,,,440.00,D,6
11.566,tesla,3.20,4.80,0,,296.70,,,,440.00,D,6
11.568,tesla,3.20,4.80,0,,296.70,,,,440.00,D,6
11.571,tesla,3.20,4.80,0,,296.70,,,,440.00,D,6
11.574,tesla,3.20,4.80,0,,296.70,,,,440.00,D,6
11.574,tesla,3.20,4.80,0,,296.70,,,,440.00,D,6
11.577,tesla,3.20,4.80,0,,296.70,,,,440.00,D,6
11.579,tesla,3.20,4.80,0,,296.70,,,,440.00,D,6
11.582,tesla,3.20,4.80,0,,296.70,,,,440.00,D,6
11.585,tesla,3.20,4.80,0,,296.70,,,,440.00,D,6
11.588,tesla,3.20,4.80,0,,296.70,,,,440.00,D,6
11.588,tesla,3.20,4.80,0,,296.70,,,,440.00,D,6
11.590,tesla,3.20,4.80,0,,296.70,,,,440.00,D,6
11.593,tesla,3.20,4.80,0,,296.70,,,,440.00,D,6
11.596,tesla,3.20,4.80,0,,296.70,,,,440.00,D,6
11.599,tesla,3.20,4.80,0,,296.70,,,,440.00,D,6
11.602,tesla,3.20,4.80,0,,296.70,,,,440.00,D,6
11.604,tesla,3.20,4.80,0,,296.70,,,,440.00,D,6
11.605,tesla,3.20,4.80,0,,296.70,,,,440.00,D,6
11.607,tesla,3.20,4.80,0,,296.70,,,,440.00,D,6
11.610,tesla,3.20,4.80,0,,296.70,,,,440.00,D,6
11.613,tesla,3.20,4.80,0,,296.70,,,,440.00,D,6
11.615,tesla,3.20,4.80,0,,296.70,,,,440.00,D,6
11.618,tesla,3.20,4.80,0,,296.70,,,,440.00,D,6
11.621,tesla,3.20,4.80,0,,296.70,,,,440.00,D,6
11.621,tesla,3.20,4.80,0,,296.70,,,,440.00,D,6
11.624,tesla,3.20,4.80,0,,296.70,,,,440.00,D,6
11.627,tesla,3.20,4.80,0,,296.70,,,,440.00,D,6
11.627,tesla,3.20,4.80,0,,296.70,,,,440.00,D,6
11.629,tesla,3.20,4.80,0,,296.70,,,,440.00,D,6
11.632,tesla,3.20,4.80,0,,296.70,,,,440.00,D,6
11.632,tesla,3.20,4.80,0,,296.70,,,,440.00,D,6
11.635,tesla,3.20,4.80,0,,296.70,,,,440.00,D,6
11.638,tesla,3.20,4.80,0,,296.70,,,,440.00,D,6
11.640,tesla,3.20,4.80,0,,296.70,,,,440.00,D,6
11.640,tesla,3.20,4.80,0,,296.70,,,,440.00,D,6
11.643,tesla,3.20,4.80,0,,296.70,,,,440.00,D,6
11.646,tesla,3.20,4.80,0,,296.70,,,,440.00,D,6
11.649,tesla,3.20,4.80,0,,296.70,,,,440.00,D,6
11.652,tesla,3.20,4.80,0,,296.70,,,,440.00,D,6
11.652,tesla,3.20,4.80,0,,296.70,,,,440.00,D,6
11.654,tesla,3.20,4.80,0,,296.70,,,,440.00,D,6
11.657,tesla,3.20,4.80,0,,296.70,,,,440.00,D,6
11.657,tesla,3.20,4.80,0,,296.70,,,,440.00,D,6
11.660,tesla,3.20,4.80,0,,296.70,,,,440.00,D,6
11.663,tesla,3.20,4.80,0,,296.70,,,,440.00,D,6
11.663,tesla,3.20,4.80,0,,296.70,,,,440.00,D,6
11.665,tesla,3.20,4.80,0,,296.70,,,,440.00,D,6
11.668,tesla,3.20,4.80,0,,296.70,,,,440.00,D,6
11.671,tesla,3.20,4.80,0,,296.70,,,,440.00,D,6
11.674,tesla,3.20,4.80,0,,296.70,,,,440.00,D,6
11.676,tesla,3.20,4.80,0,,296.70,,,,440.00,D,6
11.677,tesla,3.20,4.80,0,,296.70,,,,440.00,D,6
11.679,tesla,3.20,4.80,0,,296.70,,,,440.00,D,6
11.682,tesla,3.20,4.80,0,,296.70,,,,440.00,D,6
11.685,tesla,3.20,4.80,0,,296.70,,,,440.00,D,6
11.688,tesla,3.20,4.80,0,,296.70,,,,440.00,D,6
11.690,tesla,3.20,4.80,0,,296.70,,,,440.00,D,6
11.693,tesla,3.20,4.80,0,,296.70,,,,440.00,D,6
11.693,tesla,3.20,4.80,0,,296.70,,,,440.00,D,6
11.696,tesla,3.20,4.80,0,,296.70,,,,440.00,D,6
11.699,tesla,3.20,4.80,0,,296.70,,,,440.00,D,6
11.702,tesla,3.20,4.80,0,,296.70,,,,440.00,D,6
11.704,tesla,3.20,4.80,0,,296.70,,,,440.00,D,6
11.707,tesla,3.20,4.80,0,,296.70,,,,440.00,D,6
11.707,tesla,3.20,4.80,0,,296.70,,,,440.00,D,6
11.710,tesla,3.20,4.80,0,,296.70,,,,440.00,D,6
11.713,tesla,3.20,4.80,0,,296.70,,,,440.00,D,6
11.715,tesla,3.20,4.80,0,,296.70,,,,440.00,D,6
11.718,tesla,3.20,4.80,0,,296.70,,,,440.00,D,6
11.721,tesla,3.20,4.80,0,,296.70,,,,440.00,D,6
11.724,tesla,3.20,4.80,0,,296.70,,,,440.00,D,6
11.724,tesla,3.20,4.80,0,,296.70,,,,440.00,D,6
11.727,tesla,3.20,4.80,0,,296.70,,,,440.00,D,6
11.729,tesla,3.20,4.80,0,,296.70,,,,440.00,D,6
11.732,tesla,3.20,4.80,0,,296.70,,,,440.00,D,6
11.735,tesla,3.20,4.80,0,,296.70,,,,440.00,D,6
11.738,tesla,3.20,4.80,0,,296.70,,,,440.00,D,6
11.740,tesla,3.20,4.80,0,,296.70,,,,440.00,D,6
11.743,tesla,3.20,4.80,0,,296.70,,,,440.00,D,6
11.743,tesla,3.20,4.80,0,,296.70,,,,440.00,D,6
11.746,tesla,3.20,4.80,0,,296.70,,,,440.00,D,6
11.749,tesla,3.20,4.80,0,,296.70,,,,440.00,D,6
11.752,tesla,3.20,4.80,0,,296.70,,,,440.00,D,6
11.754,tesla,3.20,4.80,0,,281.30,,,,440.00,D,6
11.757,tesla,3.20,4.80,0,,281.30,,,,440.00,D,6
11.757,tesla,3.20,4.80,0,,281.30,,,,440.00,D,6
11.760,tesla,3.20,4.80,0,,280.50,,,,440.00,D,6
11.763,tesla,3.20,4.80,0,,280.50,,,,440.00,D,6
11.765,tesla,3.20,4.80,0,,280.50,,,,440.00,D,6
11.768,tesla,3.20,4.80,0,,280.50,,,,440.00,D,6
11.768,tesla,3.20,4.80,0,,280.50,,,,440.00,D,6
11.771,tesla,3.20,4.80,0,,280.50,,,,440.00,D,6
11.774,tesla,3.20,4.80,0,,280.50,,,,440.00,D,6
11.777,tesla,3.20,4.80,0,,280.50,,,,440.00,D,6
11.779,tesla,3.20,4.80,0,,280.50,,,,440.00,D,6
11.779,tesla,3.20,4.80,0,,280.50,,,,440.00,D,6
11.782,tesla,3.20,4.80,0,,280.50,,,,440.00,D,6
11.785,tesla,3.20,4.80,0,,280.50,,,,440.00,D,6
11.788,tesla,3.20,4.80,0,,280.50,,,,440.00,D,6
11.790,tesla,3.20,4.80,0,,280.50,,,,440.00,D,6
11.791,tesla,3.20,4.80,0,,280.50,,,,440.00,D,6
11.793,tesla,3.20,4.80,0,,280.50,,,,440.00,D,6
11.796,tesla,3.20,4.80,0,,280.50,,,,440.00,D,6
11.799,tesla,3.20,4.80,0,,280.50,,,,440.00,D,6
11.802,tesla,3.20,4.80,0,,280.50,,,,440.00,D,6
11.804,tesla,3.20,4.80,0,,280.50,,,,440.00,D,6
11.807,tesla,3.20,4.80,0,,280.50,,,,440.00,D,6
11.807,tesla,3.20,4.80,0,,280.50,,,,440.00,D,6
11.810,tesla,3.20,4.80,0,,280.50,,,,440.00,D,6
11.813,tesla,3.20,4.80,0,,280.50,,,,440.00,D,6
11.815,tesla,3.20,4.80,0,,280.50,,,,440.00,D,6
11.816,tesla,3.20,4.80,0,,280.50,,,,440.00,D,6
11.818,tesla,3.20,4.80,0,,280.50,,,,440.00,D,6
11.821,tesla,3.20,4.80,0,,280.50,,,,440.00,D,6
11.821,tesla,3.20,4.80,0,,280.50,,,,440.00,D,6
11.824,tesla,3.20,4.80,0,,280.50,,,,440.00,D,6
11.827,tesla,3.20,4.80,0,,280.50,,,,440.00,D,6
11.827,tesla,3.20,4.80,0,,280.50,,,,440.00,D,6
11.829,tesla,3.20,4.80,0,,280.50,,,,440.00,D,6
11.832,tesla,3.20,4.80,0,,280.50,,,,440.00,D,6
11.835,tesla,3.20,4.80,0,,280.50,,,,440.00,D,6
11.835,tesla,3.20,4.80,0,,280.50,,,,440.00,D,6
11.838,tesla,3.20,4.80,0,,280.50,,,,440.00,D,6
11.840,tesla,3.20,4.80,0,,280.50,,,,440.00,D,6
11.841,tesla,3.20,4.80,0,,280.50,,,,440.00,D,6
11.843,tesla,3.20,4.80,0,,280.50,,,,440.00,D,6
11.846,tesla,3.20,4.80,0,,280.50,,,,440.00,D,6
11.849,tesla,3.20,4.80,0,,280.50,,,,440.00,D,6
11.852,tesla,3.20,4.80,0,,280.50,,,,440.00,D,6
11.854,tesla,3.20,4.80,0,,280.50,,,,440.00,D,6
11.855,tesla,3.20,4.80,0,,280.50,,,,440.00,D,6
11.857,tesla,3.20,4.80,0,,280.50,,,,440.00,D,6
11.860,tesla,3.20,4.80,0,,280.50,,,,440.00,D,6
11.863,tesla,3.20,4.80,0,,280.50,,,,440.00,D,6
11.865,tesla,3.20,4.80,0,,280.50,,,,440.00,D,6
11.868,tesla,3.20,4.80,0,,280.50,,,,440.00,D,6
11.868,tesla,3.20,4.80,0,,280.50,,,,440.00,D,6
11.871,tesla,3.20,4.80,0,,280.50,,,,440.00,D,6
11.874,tesla,3.20,4.80,0,,280.50,,,,440.00,D,6
11.877,tesla,3.20,4.80,0,,280.50,,,,440.00,D,6
11.877,tesla,3.20,4.80,0,,280.50,,,,440.00,D,6
11.879,tesla,3.20,4.80,0,,280.50,,,,440.00,D,6
11.882,tesla,3.20,4.80,0,,280.50,,,,440.00,D,6
11.885,tesla,3.20,4.80,0,,280.50,,,,440.00,D,6
11.888,tesla,3.20,4.80,0,,280.50,,,,440.00,D,6
11.890,tesla,3.20,4.80,0,,280.50,,,,440.00,D,6
11.893,tesla,3.20,4.80,0,,280.50,,,,440.00,D,6
11.893,tesla,3.20,4.80,0,,280.50,,,,440.00,D,6
11.896,tesla,3.20,4.80,0,,280.50,,,,440.00,D,6
11.899,tesla,3.20,4.80,0,,280.50,,,,440.00,D,6
11.902,tesla,3.20,4.80,0,,280.50,,,,440.00,D,6
11.904,tesla,3.20,4.80,0,,280.50,,,,440.00,D,6
11.907,tesla,3.20,4.80,0,,280.50,,,,440.00,D,6
11.907,tesla,3.20,4.80,0,,280.50,,,,440.00,D,6
11.910,tesla,3.20,4.80,0,,280.50,,,,440.00,D,6
11.913,tesla,3.20,4.80,0,,280.50,,,,440.00,D,6
11.915,tesla,3.20,4.80,0,,280.50,,,,440.00,D,6
11.918,tesla,3.20,4.80,0,,280.50,,,,440.00,D,6
11.918,tesla,3.20,4.80,0,,280.50,,,,440.00,D,6
11.921,tesla,3.20,4.80,0,,280.50,,,,440.00,D,6
11.924,tesla,3.20,4.80,0,,280.50,,,,440.00,D,6
11.926,tesla,3.20,4.80,0,,280.50,,,,440.00,D,6
11.929,tesla,3.20,4.80,0,,280.50,,,,440.00,D,6
11.932,tesla,3.20,4.80,0,,280.50,,,,440.00,D,6
11.935,tesla,3.20,4.80,0,,280.50,,,,440.00,D,6
11.938,tesla,3.20,4.80,0,,280.50,,,,440.00,D,6
11.938,tesla,3.20,4.80,0,,280.50,,,,440.00,D,6
11.940,tesla,3.20,4.80,0,,280.50,,,,440.00,D,6
11.943,tesla,3.20,4.80,0,,280.50,,,,440.00,D,6
11.946,tesla,3.20,4.80,0,,266.40,,,,440.00,D,6
11.949,tesla,3.20,4.80,0,,266.40,,,,440.00,D,6
11.952,tesla,3.20,4.80,0,,266.40,,,,440.00,D,6
11.954,tesla,3.20,4.80,0,,266.40,,,,440.00,D,6
11.957,tesla,3.20,4.80,0,,265.50,,,,440.00,D,6
11.957,tesla,3.20,4.80,0,,265.50,,,,440.00,D,6
11.960,tesla,3.20,4.80,0,,265.50,,,,440.00,D,6
11.963,tesla,3.20,4.80,0,,265.50,,,,440.00,D,6
11.965,tesla,3.20,4.80,0,,265.50,,,,440.00,D,6
11.968,tesla,3.20,4.80,0,,265.50,,,,440.00,D,6
11.971,tesla,3.20,4.80,0,,265.50,,,,440.00,D,6
11.971,tesla,3.20,4.80,0,,265.50,,,,440.00,D,6
11.974,tesla,3.20,4.80,0,,265.50,,,,440.00,D,6
11.977,tesla,3.20,4.80,0,,265.50,,,,440.00,D,6
11.979,tesla,3.20,4.80,0,,265.50,,,,440.00,D,6
11.982,tesla,3.20,4.80,0,,265.50,,,,440.00,D,6
11.982,tesla,3.20,4.80,0,,265.50,,,,440.00,D,6
11.985,tesla,3.20,4.80,0,,265.50,,,,440.00,D,6
11.988,tesla,3.20,4.80,0,,265.50,,,,440.00,D,6
11.988,tesla,3.20,4.80,0,,265.50,,,,440.00,D,6
11.990,tesla,3.20,4.80,0,,265.50,,,,440.00,D,6
11.993,tesla,3.20,4.80,0,,265.50,,,,440.00,D,6
11.996,tesla,3.20,4.80,0,,265.50,,,,440.00,D,6
11.996,tesla,3.20,4.80,0,,265.50,,,,440.00,D,6
11.999,tesla,3.20,4.80,0,,265.50,,,,440.00,D,6
12.002,tesla,3.20,4.80,0,,265.50,,,,440.00,D,6
12.004,tesla,3.20,4.80,0,,265.50,,,,440.00,D,6
12.005,tesla,3.20,4.80,0,,265.50,,,,440.00,D,6
12.007,tesla,3.20,4.80,0,,265.50,,,,440.00,D,6
12.010,tesla,3.20,4.80,0,,265.50,,,,440.00,D,6
12.013,tesla,3.20,4.80,0,,265.50,,,,440.00,D,6
12.015,tesla,3.20,4.80,0,,265.50,,,,440.00,D,6
12.016,tesla,3.20,4.80,0,,265.50,,,,440.00,D,6
12.018,tesla,3.20,4.80,0,,265.50,,,,440.00,D,6
12.021,tesla,3.20,4.80,0,,265.50,,,,440.00,D,6
12.021,tesla,3.20,4.80,0,,265.50,,,,440.00,D,6
12.024,tesla,3.20,4.80,0,,265.50,,,,440.00,D,6
12.024,tesla,3.20,4.80,0,,265.50,,,,440.00,D,6
12.027,tesla,3.20,4.80,0,,265.50,,,,440.00,D,6
12.029,tesla,3.20,4.80,0,,265.50,,,,440.00,D,6
12.029,tesla,3.20,4.80,0,,265.50,,,,440.00,D,6
12.032,tesla,3.20,4.80,0,,265.50,,,,440.00,D,6
12.035,tesla,3.20,4.80,0,,265.50,,,,440.00,D,6
12.038,tesla,3.20,4.80,0,,265.50,,,,440.00,D,6
12.040,tesla,3.20,4.80,0,,265.50,,,,440.00,D,6
12.041,tesla,3.20,4.80,0,,265.50,,,,440.00,D,6
12.043,tesla,3.20,4.80,0,,265.50,,,,440.00,D,6
12.046,tesla,3.20,4.80,0,,265.50,,,,440.00,D,6
12.046,tesla,3.20,4.80,0,,265.50,,,,440.00,D,6
12.049,tesla,3.20,4.80,0,,265.50,,,,440.00,D,6
12.052,tesla,3.20,4.80,0,,265.50,,,,440.00,D,6
12.054,tesla,3.20,4.80,0,,265.50,,,,440.00,D,6
12.057,tesla,3.20,4.80,0,,265.50,,,,440.00,D,6
12.057,tesla,3.20,4.80,0,,265.50,,,,440.00,D,6
12.060,tesla,3.20,4.80,0,,265.50,,,,440.00,D,6
12.063,tesla,3.20,4.80,0,,265.50,,,,440.00,D,6
12.065,tesla,3.20,4.80,0,,265.50,,,,440.00,D,6
12.068,tesla,3.20,4.80,0,,265.50,,,,440.00,D,6
12.071,tesla,3.20,4.80,0,,265.50,,,,440.00,D,6
12.071,tesla,3.20,4.80,0,,265.50,,,,440.00,D,6
12.074,tesla,3.20,4.80,0,,265.50,,,,440.00,D,6
12.076,tesla,3.20,4.80,0,,265.50,,,,440.00,D,6
12.079,tesla,3.20,0.00,0,,265.50,,,,440.00,D,6
12.082,tesla,3.20,0.00,0,,265.50,,,,440.00,D,6
12.085,tesla,3.20,0.00,0,,265.50,,,,440.00,D,6
12.085,tesla,3.20,0.00,0,,265.50,,,,440.00,D,6
12.088,tesla,3.20,0.00,0,,265.50,,,,440.00,D,6
12.090,tesla,3.20,0.00,0,,265.50,,,,440.00,D,6
12.093,tesla,3.20,0.00,0,,265.50,,,,440.00,D,6
12.096,tesla,3.20,0.00,0,,265.50,,,,440.00,D,6
12.096,tesla,3.20,0.00,0,,265.50,,,,440.00,D,6
12.099,tesla,3.20,0.00,0,,265.50,,,,440.00,D,6
12.102,tesla,3.20,0.00,0,,265.50,,,,440.00,D,6
12.104,tesla,3.20,0.00,0,,265.50,,,,440.00,D,6
12.107,tesla,3.20,0.00,0,,265.50,,,,440.00,D,6
12.110,tesla,3.20,0.00,0,,265.50,,,,440.00,D,6
12.113,tesla,3.20,0.00,0,,265.50,,,,440.00,D,6
12.115,tesla,3.20,0.00,0,,265.50,,,,440.00,D,6
12.117,tesla,3.20,0.00,0,,265.50,,,,440.00,D,6
12.118,tesla,3.20,0.00,0,,265.50,,,,440.00,D,6
12.121,tesla,3.20,0.00,0,,252.50,,,,440.00,D,6
12.124,tesla,3.20,0.00,0,,252.50,,,,440.00,D,6
12.127,tesla,3.20,0.00,0,,252.50,,,,440.00,D,6
12.129,tesla,3.20,0.00,0,,252.50,,,,440.00,D,6
12.132,tesla,3.20,0.00,0,,252.50,,,,440.00,D,6
12.135,tesla,3.20,0.00,0,,252.50,,,,440.00,D,6
12.135,tesla,3.20,0.00,0,,252.50,,,,440.00,D,6
12.138,tesla,3.20,0.00,0,,252.50,,,,440.00,D,6
12.138,tesla,3.20,0.00,0,,252.50,,,,440.00,D,6
12.140,tesla,3.20,0.00,0,,252.50,,,,440.00,D,6
12.143,tesla,3.20,0.00,0,,252.50,,,,440.00,D,6
12.146,tesla,3.20,0.00,0,,252.50,,,,440.00,D,6
12.149,tesla,3.20,0.00,0,,252.50,,,,440.00,D,6
12.152,tesla,3.20,0.00,0,,252.50,,,,440.00,D,6
12.154,tesla,3.20,0.00,0,,252.50,,,,440.00,D,6
12.155,tesla,3.20,0.00,0,,252.50,,,,440.00,D,6
12.157,tesla,3.20,0.00,0,,252.50,,,,440.00,D,6
12.160,tesla,3.20,0.00,0,,252.50,,,,440.00,D,6
12.163,tesla,3.20,0.00,0,,252.50,,,,440.00,D,6
12.165,tesla,3.20,0.00,0,,252.50,,,,440.00,D,6
12.168,tesla,3.20,0.00,0,,252.50,,,,440.00,D,6
12.171,tesla,3.20,0.00,0,,252.50,,,,440.00,D,6
12.171,tesla,3.20,0.00,0,,252.50,,,,440.00,D,6
12.174,tesla,3.20,0.00,0,,252.50,,,,440.00,D,6
12.177,tesla,3.20,0.00,0,,252.50,,,,440.00,D,6
12.179,tesla,3.20,0.00,0,,252.50,,,,440.00,D,6
12.182,tesla,3.20,0.00,0,,252.50,,,,440.00,D,6
12.185,tesla,3.20,0.00,0,,252.50,,,,440.00,D,6
12.188,tesla,3.20,0.00,0,,252.50,,,,440.00,D,6
12.190,tesla,3.20,0.00,0,,252.50,,,,440.00,D,6
12.191,tesla,3.20,0.00,0,,252.50,,,,440.00,D,6
12.193,tesla,3.20,0.00,0,,252.50,,,,440.00,D,6
12.196,tesla,3.20,0.00,0,,252.50,,,,440.00,D,6
12.199,tesla,3.20,0.00,0,,252.50,,,,440.00,D,6
12.202,tesla,3.20,0.00,0,,252.50,,,,440.00,D,6
12.204,tesla,3.20,0.00,0,,252.50,,,,440.00,D,6
12.207,tesla,3.20,0.00,0,,252.50,,,,440.00,D,6
12.207,tesla,3.20,0.00,0,,252.50,,,,440.00,D,6
12.210,tesla,3.20,0.00,0,,252.50,,,,440.00,D,6
12.213,tesla,3.20,0.00,0,,252.50,,,,440.00,D,6
12.215,tesla,3.20,0.00,0,,252.50,,,,440.00,D,6
12.218,tesla,3.20,0.00,0,,252.50,,,,440.00,D,6
12.221,tesla,3.20,0.00,0,,252.50,,,,440.00,D,6
12.221,tesla,3.20,0.00,0,,252.50,,,,440.00,D,6
12.224,tesla,3.20,0.00,0,,252.50,,,,440.00,D,6
12.227,tesla,3.20,0.00,0,,252.50,,,,440.00,D,6
12.229,tesla,3.20,0.00,0,,252.50,,,,440.00,D,6
12.229,tesla,3.20,0.00,0,,252.50,,,,440.00,D,6
12.232,tesla,3.20,0.00,0,,252.50,,,,440.00,D,6
12.235,tesla,3.20,0.00,0,,252.50,,,,440.00,D,6
12.238,tesla,3.20,0.00,0,,252.50,,,,440.00,D,6
12.238,tesla,3.20,0.00,0,,252.50,,,,440.00,D,6
12.240,tesla,3.20,0.00,0,,252.50,,,,440.00,D,6
12.243,tesla,3.20,0.00,0,,252.50,,,,440.00,D,6
12.246,tesla,3.20,0.00,0,,252.50,,,,440.00,D,6
12.246,tesla,3.20,0.00,0,,252.50,,,,440.00,D,6
12.249,tesla,3.20,0.00,0,,252.50,,,,440.00,D,6
12.252,tesla,3.20,0.00,0,,252.50,,,,440.00,D,6
12.254,tesla,3.20,0.00,0,,252.50,,,,440.00,D,6
12.257,tesla,3.20,0.00,0,,252.50,,,,440.00,D,6
12.257,tesla,3.20,0.00,0,,252.50,,,,440.00,D,6
12.260,tesla,3.20,0.00,0,,252.50,,,,440.00,D,6
12.263,tesla,3.20,0.00,0,,252.50,,,,440.00,D,6
12.265,tesla,3.20,0.00,0,,252.50,,,,440.00,D,6
12.268,tesla,3.20,0.00,0,,252.50,,,,440.00,D,6
12.271,tesla,3.20,0.00,0,,252.50,,,,440.00,D,6
12.271,tesla,3.20,0.00,0,,252.50,,,,440.00,D,6
12.274,tesla,3.20,0.00,0,,252.50,,,,440.00,D,6
12.277,tesla,3.20,0.00,0,,252.50,,,,440.00,D,6
12.279,tesla,3.20,0.00,0,,252.50,,,,440.00,D,6
12.282,tesla,3.20,0.00,0,,252.50,,,,440.00,D,6
12.282,tesla,3.12,0.00,0,,252.50,,,,440.00,D,6
12.285,tesla,3.12,0.00,0,,252.50,,,,440.00,D,6
12.288,tesla,3.12,0.00,0,,252.50,,,,440.00,D,6
12.290,tesla,3.12,0.00,0,,252.50,,,,440.00,D,6
12.293,tesla,3.12,0.00,0,,252.50,,,,440.00,D,6
12.296,tesla,3.12,0.00,0,,252.50,,,,440.00,D,6
12.296,tesla,3.12,0.00,0,,252.50,,,,440.00,D,6
12.299,tesla,3.04,0.00,0,,252.50,,,,440.00,D,6
12.302,tesla,3.04,0.00,0,,252.50,,,,440.00,D,6
12.304,tesla,3.04,0.00,0,,252.50,,,,440.00,D,6
12.307,tesla,3.04,0.00,0,,252.50,,,,440.00,D,6
12.310,tesla,3.04,0.00,0,,252.50,,,,440.00,D,6
12.313,tesla,3.04,0.00,0,,252.50,,,,440.00,D,6
12.315,tesla,3.04,0.00,0,,252.50,,,,440.00,D,6
12.316,tesla,3.04,0.00,0,,241.90,,,,440.00,D,6
12.318,tesla,3.04,0.00,0,,241.90,,,,440.00,D,6
12.321,tesla,3.04,0.00,0,,241.40,,,,440.00,D,6
12.324,tesla,3.04,0.00,0,,241.40,,,,440.00,D,6
12.327,tesla,3.04,0.00,0,,241.40,,,,440.00,D,6
12.329,tesla,3.04,0.00,0,,241.40,,,,440.00,D,6
12.332,tesla,3.04,0.00,0,,241.40,,,,440.00,D,6
12.335,tesla,3.04,0.00,0,,241.40,,,,440.00,D,6
12.335,tesla,3.04,0.00,0,,241.40,,,,440.00,D,6
12.338,tesla,3.04,0.00,0,,241.40,,,,440.00,D,6
12.340,tesla,3.04,0.00,0,,241.40,,,,440.00,D,6
12.343,tesla,3.04,0.00,0,,241.40,,,,440.00,D,6
12.346,tesla,3.04,0.00,0,,241.40,,,,440.00,D,6
12.349,tesla,3.04,0.00,0,,241.40,,,,440.00,D,6
12.349,tesla,3.04,0.00,0,,241.40,,,,440.00,D,6
12.352,tesla,3.04,0.00,0,,241.40,,,,440.00,D,6
12.354,tesla,3.04,0.00,0,,241.40,,,,440.00,D,6
12.357,tesla,3.04,0.00,0,,241.40,,,,440.00,D,6
12.360,tesla,3.04,0.00,0,,241.40,,,,440.00,D,6
12.363,tesla,3.04,0.00,0,,241.40,,,,440.00,D,6
12.365,tesla,3.04,0.00,0,,241.40,,,,440.00,D,6
12.368,tesla,3.04,0.00,0,,241.40,,,,440.00,D,6
12.368,tesla,3.04,0.00,0,,241.40,,,,440.00,D,6
12.371,tesla,3.04,0.00,0,,241.40,,,,440.00,D,6
12.374,tesla,3.04,0.00,0,,241.40,,,,440.00,D,6
12.377,tesla,3.04,0.00,0,,241.40,,,,440.00,D,6
12.379,tesla,3.04,0.00,0,,241.40,,,,440.00,D,6
12.382,tesla,3.04,0.00,0,,241.40,,,,440.00,D,6
12.385,tesla,3.04,0.00,0,,241.40,,,,440.00,D,6
12.385,tesla,3.04,0.00,0,,241.40,,,,440.00,D,6
12.388,tesla,3.04,0.00,0,,241.40,,,,440.00,D,6
12.390,tesla,3.04,0.00,0,,241.40,,,,440.00,D,6
12.393,tesla,3.04,0.00,0,,241.40,,,,440.00,D,6
12.396,tesla,3.04,0.00,0,,241.40,,,,440.00,D,6
12.399,tesla,3.04,0.00,0,,241.40,,,,440.00,D,6
12.402,tesla,3.04,0.00,0,,241.40,,,,440.00,D,6
12.404,tesla,3.04,0.00,0,,241.40,,,,440.00,D,6
12.405,tesla,3.04,0.00,0,,241.40,,,,440.00,D,6
12.407,tesla,3.04,0.00,0,,241.40,,,,440.00,D,6
12.410,tesla,3.04,0.00,0,,241.40,,,,440.00,D,6
12.413,tesla,3.04,0.00,0,,241.40,,,,440.00,D,6
12.415,tesla,3.04,0.00,0,,241.40,,,,440.00,D,6
12.416,tesla,3.04,0.00,0,,241.40,,,,440.00,D,6
12.418,tesla,3.04,0.00,0,,241.40,,,,440.00,D,6
12.421,tesla,3.04,0.00,0,,241.40,,,,440.00,D,6
12.421,tesla,3.04,0.00,0,,241.40,,,,440.00,D,6
12.424,tesla,3.04,0.00,0,,241.40,,,,440.00,D,6
12.427,tesla,3.04,0.00,0,,241.40,,,,440.00,D,6
12.429,tesla,3.04,0.00,0,,241.40,,,,440.00,D,6
12.429,tesla,3.04,0.00,0,,241.40,,,,440.00,D,6
12.432,tesla,3.04,0.00,0,,241.40,,,,440.00,D,6
12.435,tesla,3.04,0.00,0,,241.40,,,,440.00,D,6
12.438,tesla,3.04,0.00,0,,241.40,,,,440.00,D,6
12.438,tesla,3.04,0.00,0,,241.40,,,,440.00,D,6
12.440,tesla,3.04,0.00,0,,241.40,,,,440.00,D,6
12.443,tesla,3.04,0.00,0,,241.40,,,,440.00,D,6
12.446,tesla,3.04,0.00,0,,241.40,,,,440.00,D,6
12.446,tesla,3.04,0.00,0,,241.40,,,,440.00,D,6
12.449,tesla,3.04,0.00,0,,241.40,,,,440.00,D,6
12.452,tesla,3.04,0.00,0,,241.40,,,,440.00,D,6
12.454,tesla,3.04,0.00,0,,241.40,,,,440.00,D,6
12.455,tesla,3.04,0.00,0,,241.40,,,,440.00,D,6
12.457,tesla,3.04,0.00,0,,241.40,,,,440.00,D,6
12.460,tesla,3.04,0.00,0,,241.40,,,,440.00,D,6
12.463,tesla,3.04,0.00,0,,241.40,,,,440.00,D,6
12.465,tesla,3.04,0.00,0,,241.40,,,,440.00,D,6
12.468,tesla,3.04,0.00,0,,241.40,,,,440.00,D,6
12.468,tesla,3.04,0.00,0,,241.40,,,,440.00,D,6
12.471,tesla,3.04,0.00,0,,241.40,,,,440.00,D,6
12.474,tesla,3.04,0.00,0,,241.40,,,,440.00,D,6
12.477,tesla,3.04,0.00,0,,241.40,,,,440.00,D,6
12.477,tesla,3.04,0.00,0,,241.40,,,,440.00,D,6
12.479,tesla,3.04,0.00,0,,241.40,,,,440.00,D,6
12.482,tesla,3.04,0.00,0,,241.40,,,,440.00,D,6
12.485,tesla,2.88,0.00,0,,241.40,,,,440.00,D,6
12.488,tesla,2.88,0.00,0,,241.40,,,,440.00,D,6
12.490,tesla,2.88,0.00,0,,241.40,,,,440.00,D,6
12.493,tesla,2.88,0.00,0,,241.40,,,,440.00,D,6
12.496,tesla,2.88,0.00,0,,241.40,,,,440.00,D,6
12.496,tesla,2.88,0.00,0,,241.40,,,,440.00,D,6
12.499,tesla,2.88,0.00,0,,241.40,,,,440.00,D,6
12.502,tesla,2.88,0.00,0,,241.40,,,,440.00,D,6
12.502,tesla,2.88,0.00,0,,241.40,,,,440.00,D,6
12.504,tesla,2.88,0.00,0,,241.40,,,,440.00,D,6
12.507,tesla,2.88,0.00,0,,241.40,,,,440.00,D,6
12.510,tesla,2.88,0.00,0,,241.40,,,,440.00,D,6
12.513,tesla,2.88,0.00,0,,232.30,,,,440.00,D,6
12.515,tesla,2.88,0.00,0,,232.30,,,,440.00,D,6
12.518,tesla,2.88,0.00,0,,232.30,,,,440.00,D,6
12.521,tesla,2.88,0.00,0,,231.80,,,,440.00,D,6
12.521,tesla,2.88,0.00,0,,231.80,,,,440.00,D,6
12.524,tesla,2.88,0.00,0,,231.80,,,,440.00,D,6
12.527,tesla,2.88,0.00,0,,231.80,,,,440.00,D,6
12.529,tesla,2.88,0.00,0,,231.80,,,,440.00,D,6
12.532,tesla,2.88,0.00,0,,231.80,,,,440.00,D,6
12.535,tesla,2.88,0.00,0,,231.80,,,,440.00,D,6
12.538,tesla,2.88,0.00,0,,231.80,,,,440.00,D,6
12.538,tesla,2.88,0.00,0,,231.80,,,,440.00,D,6
12.540,tesla,2.88,0.00,0,,231.80,,,,440.00,D,6
12.543,tesla,2.88,0.00,0,,231.80,,,,440.00,D,6
12.546,tesla,2.88,0.00,0,,231.80,,,,440.00,D,6
12.549,tesla,2.88,0.00,0,,231.80,,,,440.00,D,6
12.549,tesla,2.88,0.00,0,,231.80,,,,440.00,D,6
12.549,tesla,2.88,0.00,0,,231.80,,,,440.00,D,6
12.552,tesla,2.88,0.00,0,,231.80,,,,440.00,D,6
12.552,tesla,2.88,0.00,0,,231.80,,,,440.00,D,6
12.554,tesla,2.88,0.00,0,,231.80,,,,440.00,D,6
12.557,tesla,2.88,0.00,0,,231.80,,,,440.00,D,6
12.568,tesla,2.88,0.00,0,,231.80,,,,440.00,D,6
12.568,tesla,2.88,0.00,0,,231.80,,,,440.00,D,6
12.571,tesla,2.88,0.00,0,,231.80,,,,440.00,D,6
12.574,tesla,2.88,0.00,0,,231.80,,,,440.00,D,6
12.577,tesla,2.88,0.00,0,,231.80,,,,440.00,D,6
12.579,tesla,2.88,0.00,0,,231.80,,,,440.00,D,6
12.582,tesla,2.88,0.00,0,,231.80,,,,440.00,D,6
12.585,tesla,2.88,0.00,0,,231.80,,,,440.00,D,6
12.585,tesla,2.88,0.00,0,,231.80,,,,440.00,D,6
12.588,tesla,2.88,0.00,0,,231.80,,,,440.00,D,6
12.590,tesla,2.88,0.00,0,,231.80,,,,440.00,D,6
12.591,tesla,2.88,0.00,0,,231.80,,,,440.00,D,6
12.593,tesla,2.88,0.00,0,,231.80,,,,440.00,D,6
12.596,tesla,2.88,0.00,0,,231.80,,,,440.00,D,6
12.599,tesla,2.88,0.00,0,,231.80,,,,440.00,D,6
12.602,tesla,2.88,0.00,0,,231.80,,,,440.00,D,6
12.604,tesla,2.88,0.00,0,,231.80,,,,440.00,D,6
12.607,tesla,2.88,0.00,0,,231.80,,,,440.00,D,6
12.610,tesla,2.88,0.00,0,,231.80,,,,440.00,D,6
12.610,tesla,2.88,0.00,0,,231.80,,,,440.00,D,6
12.613,tesla,2.88,0.00,0,,231.80,,,,440.00,D,6
12.615,tesla,2.88,0.00,0,,231.80,,,,440.00,D,6
12.616,tesla,2.88,0.00,0,,231.80,,,,440.00,D,6
12.618,tesla,2.88,0.00,0,,231.80,,,,440.00,D,6
12.621,tesla,2.88,0.00,0,,231.80,,,,440.00,D,6
12.624,tesla,2.88,0.00,0,,231.80,,,,440.00,D,6
12.627,tesla,2.88,0.00,0,,231.80,,,,440.00,D,6
12.629,tesla,2.88,0.00,0,,231.80,,,,440.00,D,6
12.629,tesla,2.88,0.00,0,,231.80,,,,440.00,D,6
12.632,tesla,2.88,0.00,0,,231.80,,,,440.00,D,6
12.635,tesla,2.88,0.00,0,,231.80,,,,440.00,D,6
12.635,tesla,2.88,0.00,0,,231.80,,,,440.00,D,6
12.638,tesla,2.88,0.00,0,,231.80,,,,440.00,D,6
12.640,tesla,2.88,0.00,0,,231.80,,,,440.00,D,6
12.643,tesla,2.88,0.00,0,,231.80,,,,440.00,D,6
12.644,tesla,2.88,0.00,0,,231.80,,,,440.00,D,6
12.646,tesla,2.88,0.00,0,,231.80,,,,440.00,D,6
12.649,tesla,2.88,0.00,0,,231.80,,,,440.00,D,6
12.652,tesla,2.88,0.00,0,,231.80,,,,440.00,D,6
12.654,tesla,2.88,0.00,0,,231.80,,,,440.00,D,6
12.657,tesla,2.88,0.00,0,,231.80,,,,440.00,D,6
12.657,tesla,2.88,0.00,0,,231.80,,,,440.00,D,6
12.660,tesla,2.64,0.00,0,,231.80,,,,440.00,D,6
12.663,tesla,2.64,0.00,0,,231.80,,,,440.00,D,6
12.665,tesla,2.64,0.00,0,,231.80,,,,440.00,D,6
12.668,tesla,2.64,0.00,0,,231.80,,,,440.00,D,6
12.671,tesla,2.64,0.00,0,,231.80,,,,440.00,D,6
12.674,tesla,2.64,0.00,0,,231.80,,,,440.00,D,6
12.674,tesla,2.64,0.00,0,,231.80,,,,440.00,D,6
12.677,tesla,2.64,0.00,0,,224.70,,,,440.00,D,6
12.679,tesla,2.64,0.00,0,,224.70,,,,440.00,D,6
12.682,tesla,2.64,0.00,0,,224.20,,,,440.00,D,6
12.685,tesla,2.64,0.00,0,,224.20,,,,440.00,D,6
12.685,tesla,2.64,0.00,0,,224.20,,,,440.00,D,6
12.688,tesla,2.64,0.00,0,,224.20,,,,440.00,D,6
12.690,tesla,2.64,0.00,0,,224.20,,,,440.00,D,6
12.693,tesla,2.64,0.00,0,,224.20,,,,440.00,D,6
12.696,tesla,2.64,0.00,0,,224.20,,,,440.00,D,6
12.696,tesla,2.64,0.00,0,,224.20,,,,440.00,D,6
12.699,tesla,2.64,0.00,0,,224.20,,,,440.00,D,6
12.702,tesla,2.64,0.00,0,,224.20,,,,440.00,D,6
12.704,tesla,2.64,0.00,0,,224.20,,,,440.00,D,6
12.705,tesla,2.64,0.00,0,,224.20,,,,440.00,D,6
12.707,tesla,2.64,0.00,0,,224.20,,,,440.00,D,6
12.710,tesla,2.64,0.00,0,,224.20,,,,440.00,D,6
12.713,tesla,2.64,0.00,0,,224.20,,,,440.00,D,6
12.715,tesla,2.64,0.00,0,,224.20,,,,440.00,D,6
12.718,tesla,2.64,0.00,0,,224.20,,,,440.00,D,6
12.718,tesla,2.64,0.00,0,,224.20,,,,440.00,D,6
12.721,tesla,2.64,0.00,0,,224.20,,,,440.00,D,6
12.724,tesla,2.64,0.00,0,,224.20,,,,440.00,D,6
12.727,tesla,2.64,0.00,0,,224.20,,,,440.00,D,6
12.727,tesla,2.64,0.00,0,,224.20,,,,440.00,D,6
12.729,tesla,2.64,0.00,0,,224.20,,,,440.00,D,6
12.732,tesla,2.64,0.00,0,,224.20,,,,440.00,D,6
12.732,tesla,2.64,0.00,0,,224.20,,,,440.00,D,6
12.735,tesla,2.64,0.00,0,,224.20,,,,440.00,D,6
12.738,tesla,2.64,0.00,0,,224.20,,,,440.00,D,6
12.740,tesla,2.64,0.00,0,,224.20,,,,440.00,D,6
12.743,tesla,2.64,0.00,0,,224.20,,,,440.00,D,6
12.743,tesla,2.64,0.00,0,,224.20,,,,440.00,D,6
12.746,tesla,2.64,0.00,0,,224.20,,,,440.00,D,6
12.749,tesla,2.64,0.00,0,,224.20,,,,440.00,D,6
12.752,tesla,2.64,0.00,0,,224.20,,,,440.00,D,6
12.754,tesla,2.64,0.00,0,,224.20,,,,440.00,D,6
12.757,tesla,2.64,0.00,0,,224.20,,,,440.00,D,6
12.760,tesla,2.64,0.00,0,,224.20,,,,440.00,D,6
12.760,tesla,2.64,0.00,0,,224.20,,,,440.00,D,6
12.763,tesla,2.64,0.00,0,,224.20,,,,440.00,D,6
12.768,tesla,2.64,0.00,0,,224.20,,,,440.00,D,6
12.771,tesla,2.64,0.00,0,,224.20,,,,440.00,D,6
12.774,tesla,2.64,0.00,0,,224.20,,,,440.00,D,6
12.777,tesla,2.64,0.00,0,,224.20,,,,440.00,D,6
12.779,tesla,2.64,0.00,0,,224.20,,,,440.00,D,6
12.779,tesla,2.64,0.00,0,,224.20,,,,440.00,D,6
12.782,tesla,2.64,0.00,0,,224.20,,,,440.00,D,6
12.785,tesla,2.64,0.00,0,,224.20,,,,440.00,D,6
12.788,tesla,2.64,0.00,0,,224.20,,,,440.00,D,6
12.788,tesla,2.64,0.00,0,,224.20,,,,440.00,D,6
12.790,tesla,2.64,0.00,0,,224.20,,,,440.00,D,6
12.793,tesla,2.64,0.00,0,,224.20,,,,440.00,D,6
12.796,tesla,2.64,0.00,0,,224.20,,,,440.00,D,6
12.799,tesla,2.64,0.00,0,,224.20,,,,440.00,D,6
12.799,tesla,2.64,0.00,0,,224.20,,,,440.00,D,6
12.802,tesla,2.64,0.00,0,,224.20,,,,440.00,D,6
12.804,tesla,2.40,0.00,0,,224.20,,,,440.00,D,6
12.807,tesla,2.40,0.00,0,,224.20,,,,440.00,D,6
12.810,tesla,2.40,0.00,0,,224.20,,,,440.00,D,6
12.813,tesla,2.40,0.00,0,,224.20,,,,440.00,D,6
12.815,tesla,2.40,0.00,0,,224.20,,,,440.00,D,6
12.818,tesla,2.40,0.00,0,,224.20,,,,440.00,D,6
12.818,tesla,2.40,0.00,0,,224.20,,,,440.00,D,6
12.821,tesla,2.40,0.00,0,,224.20,,,,440.00,D,6
12.824,tesla,2.40,0.00,0,,224.20,,,,440.00,D,6
12.827,tesla,2.40,0.00,0,,218.50,,,,440.00,D,6
12.829,tesla,2.40,0.00,0,,218.50,,,,440.00,D,6
12.832,tesla,2.40,0.00,0,,218.10,,,,440.00,D,6
12.835,tesla,2.40,0.00,0,,218.10,,,,440.00,D,6
12.838,tesla,2.40,0.00,0,,218.10,,,,440.00,D,6
12.838,tesla,2.40,0.00,0,,218.10,,,,440.00,D,6
12.840,tesla,2.40,0.00,0,,218.10,,,,440.00,D,6
12.843,tesla,2.32,0.00,0,,218.10,,,,440.00,D,6
12.846,tesla,2.32,0.00,0,,218.10,,,,440.00,D,6
12.849,tesla,2.32,0.00,0,,218.10,,,,440.00,D,6
12.849,tesla,2.32,0.00,0,,218.10,,,,440.00,D,6
12.852,tesla,2.32,0.00,0,,218.10,,,,440.00,D,6
12.854,tesla,2.32,0.00,0,,218.10,,,,440.00,D,6
12.857,tesla,2.32,0.00,0,,218.10,,,,440.00,D,6
12.860,tesla,2.32,0.00,0,,218.10,,,,440.00,D,6
12.863,tesla,2.32,0.00,0,,218.10,,,,440.00,D,6
12.865,tesla,2.32,0.00,0,,218.10,,,,440.00,D,6
12.868,tesla,2.32,0.00,0,,218.10,,,,440.00,D,6
12.868,tesla,2.32,0.00,0,,218.10,,,,440.00,D,6
12.871,tesla,2.32,0.00,0,,218.10,,,,440.00,D,6
12.874,tesla,2.32,0.00,0,,218.10,,,,440.00,D,6
12.877,tesla,2.32,0.00,0,,218.10,,,,440.00,D,6
12.877,tesla,2.32,0.00,0,,218.10,,,,440.00,D,6
12.879,tesla,2.32,0.00,0,,218.10,,,,440.00,D,6
12.882,tesla,2.32,0.00,0,,218.10,,,,440.00,D,6
12.885,tesla,2.32,0.00,0,,218.10,,,,440.00,D,6
12.888,tesla,2.32,0.00,0,,218.10,,,,440.00,D,6
12.890,tesla,2.32,0.00,0,,218.10,,,,440.00,D,6
12.893,tesla,2.32,0.00,0,,218.10,,,,440.00,D,6
12.896,tesla,2.32,0.00,0,,218.10,,,,440.00,D,6
12.896,tesla,2.32,0.00,0,,218.10,,,,440.00,D,6
12.899,tesla,2.32,0.00,0,,218.10,,,,440.00,D,6
12.902,tesla,2.32,0.00,0,,218.10,,,,440.00,D,6
12.904,tesla,2.32,0.00,0,,218.10,,,,440.00,D,6
12.907,tesla,2.32,0.00,0,,218.10,,,,440.00,D,6
12.910,tesla,2.32,0.00,0,,218.10,,,,440.00,D,6
12.910,tesla,2.32,0.00,0,,218.10,,,,440.00,D,6
12.913,tesla,2.32,0.00,0,,218.10,,,,440.00,D,6
12.913,tesla,2.32,0.00,0,,218.10,,,,440.00,D,6
12.915,tesla,2.32,0.00,0,,218.10,,,,440.00,D,6
12.918,tesla,2.32,0.00,0,,218.10,,,,440.00,D,6
12.921,tesla,2.32,0.00,0,,218.10,,,,440.00,D,6
12.924,tesla,2.32,0.00,0,,218.10,,,,440.00,D,6
12.924,tesla,2.32,0.00,0,,218.10,,,,440.00,D,6
12.927,tesla,2.32,0.00,0,,218.10,,,,440.00,D,6
12.929,tesla,2.32,0.00,0,,218.10,,,,440.00,D,6
12.932,tesla,2.32,0.00,0,,218.10,,,,440.00,D,6
12.935,tesla,2.32,0.00,0,,218.10,,,,440.00,D,6
12.935,tesla,2.32,0.00,0,,218.10,,,,440.00,D,6
12.938,tesla,2.32,0.00,0,,218.10,,,,440.00,D,6
12.940,tesla,2.32,0.00,0,,218.10,,,,440.00,D,6
12.943,tesla,2.32,0.00,0,,218.10,,,,440.00,D,6
12.946,tesla,2.32,0.00,0,,218.10,,,,440.00,D,6
12.949,tesla,2.32,0.00,0,,218.10,,,,440.00,D,6
12.949,tesla,2.32,0.00,0,,218.10,,,,440.00,D,6
12.952,tesla,2.32,0.00,0,,218.10,,,,440.00,D,6
12.954,tesla,2.32,0.00,0,,218.10,,,,440.00,D,6
12.957,tesla,2.32,0.00,0,,218.10,,,,440.00,D,6
12.957,tesla,2.32,0.00,0,,218.10,,,,440.00,D,6
12.960,tesla,2.32,0.00,0,,218.10,,,,440.00,D,6
12.963,tesla,2.32,0.00,0,,218.10,,,,440.00,D,6
12.965,tesla,2.32,0.00,0,,218.10,,,,440.00,D,6
12.966,tesla,2.32,0.00,0,,218.10,,,,440.00,D,6
12.968,tesla,2.32,0.00,0,,218.10,,,,440.00,D,6
12.971,tesla,2.32,0.00,0,,218.10,,,,440.00,D,6
12.974,tesla,2.32,0.00,0,,218.10,,,,440.00,D,6
12.977,tesla,2.32,0.00,0,,218.10,,,,440.00,D,6
12.979,tesla,2.32,0.00,0,,218.10,,,,440.00,D,6
12.979,tesla,2.32,0.00,0,,218.10,,,,440.00,D,6
12.982,tesla,2.32,0.00,0,,218.10,,,,440.00,D,6
12.985,tesla,2.32,0.00,0,,218.10,,,,440.00,D,6
12.988,tesla,2.32,0.00,0,,218.10,,,,440.00,D,6
12.988,tesla,2.32,0.00,0,,218.10,,,,440.00,D,6
12.990,tesla,2.32,0.00,0,,218.10,,,,440.00,D,6
12.993,tesla,2.32,0.00,0,,218.10,,,,440.00,D,6
12.996,tesla,2.32,0.00,0,,218.10,,,,440.00,D,6
12.999,tesla,2.32,0.00,0,,218.10,,,,440.00,D,6
12.999,tesla,2.32,0.00,0,,218.10,,,,440.00,D,6
13.002,tesla,2.08,0.00,0,,218.10,,,,440.00,D,6
13.004,tesla,2.08,0.00,0,,218.10,,,,440.00,D,6
13.007,tesla,2.08,0.00,0,,218.10,,,,440.00,D,6
13.010,tesla,2.08,0.00,0,,218.10,,,,440.00,D,6
13.013,tesla,2.08,0.00,0,,218.10,,,,440.00,D,6
13.015,tesla,2.08,0.00,0,,218.10,,,,440.00,D,6
13.018,tesla,2.08,0.00,0,,218.10,,,,440.00,D,6
13.018,tesla,2.08,0.00,0,,218.10,,,,440.00,D,6
13.021,tesla,2.08,0.00,0,,218.10,,,,440.00,D,6
13.024,tesla,2.08,0.00,0,,210.50,,,,440.00,D,6
13.027,tesla,2.08,0.00,0,,210.50,,,,440.00,D,6
13.029,tesla,2.08,0.00,0,,210.20,,,,440.00,D,6
13.032,tesla,2.08,0.00,0,,210.20,,,,440.00,D,6
13.035,tesla,2.08,0.00,0,,210.20,,,,440.00,D,6
13.038,tesla,2.08,0.00,0,,210.20,,,,440.00,D,6
13.038,tesla,2.08,0.00,0,,210.20,,,,440.00,D,6
13.040,tesla,2.08,0.00,0,,210.20,,,,440.00,D,6
13.041,tesla,2.08,0.00,0,,210.20,,,,440.00,D,6
13.043,tesla,2.08,0.00,0,,210.20,,,,440.00,D,6
13.046,tesla,2.08,0.00,0,,210.20,,,,440.00,D,6
13.049,tesla,2.08,0.00,0,,210.20,,,,440.00,D,6
13.052,tesla,2.08,0.00,0,,210.20,,,,440.00,D,6
13.052,tesla,2.08,0.00,0,,210.20,,,,440.00,D,6
13.054,tesla,2.08,0.00,0,,210.20,,,,440.00,D,6
13.057,tesla,2.08,0.00,0,,210.20,,,,440.00,D,6
13.060,tesla,2.08,0.00,0,,210.20,,,,440.00,D,6
13.063,tesla,2.08,0.00,0,,210.20,,,,440.00,D,6
13.065,tesla,2.08,0.00,0,,210.20,,,,440.00,D,6
13.068,tesla,2.08,0.00,0,,210.20,,,,440.00,D,6
13.068,tesla,2.08,0.00,0,,210.20,,,,440.00,D,6
13.071,tesla,2.08,0.00,0,,210.20,,,,440.00,D,6
13.074,tesla,2.08,0.00,0,,210.20,,,,440.00,D,6
13.077,tesla,2.08,0.00,0,,210.20,,,,440.00,D,6
13.077,tesla,2.08,0.00,0,,210.20,,,,440.00,D,6
13.079,tesla,2.08,0.00,0,,210.20,,,,440.00,D,6
13.082,tesla,2.08,0.00,0,,210.20,,,,440.00,D,6
13.085,tesla,2.08,0.00,0,,210.20,,,,440.00,D,6
13.088,tesla,2.08,0.00,0,,210.20,,,,440.00,D,6
13.088,tesla,2.08,0.00,0,,210.20,,,,440.00,D,6
13.090,tesla,2.08,0.00,0,,210.20,,,,440.00,D,6
13.093,tesla,2.08,0.00,0,,210.20,,,,440.00,D,6
13.096,tesla,2.08,0.00,0,,210.20,,,,440.00,D,6
13.099,tesla,2.08,0.00,0,,210.20,,,,440.00,D,6
13.102,tesla,2.08,0.00,0,,210.20,,,,440.00,D,6
13.104,tesla,2.08,0.00,0,,210.20,,,,440.00,D,6
13.107,tesla,2.08,0.00,0,,210.20,,,,440.00,D,6
13.107,tesla,2.08,0.00,0,,210.20,,,,440.00,D,6
13.110,tesla,2.08,0.00,0,,210.20,,,,440.00,D,6
13.113,tesla,2.08,0.00,0,,210.20,,,,440.00,D,6
13.115,tesla,2.08,0.00,0,,210.20,,,,440.00,D,6
13.118,tesla,2.08,0.00,0,,210.20,,,,440.00,D,6
13.118,tesla,2.08,0.00,0,,210.20,,,,440.00,D,6
13.121,tesla,2.08,0.00,0,,210.20,,,,440.00,D,6
13.124,tesla,2.08,0.00,0,,210.20,,,,440.00,D,6
13.124,tesla,2.08,0.00,0,,210.20,,,,440.00,D,6
13.127,tesla,2.08,0.00,0,,210.20,,,,440.00,D,6
13.129,tesla,2.08,0.00,0,,210.20,,,,440.00,D,6
13.129,tesla,2.08,0.00,0,,210.20,,,,440.00,D,6
13.132,tesla,2.08,0.00,0,,210.20,,,,440.00,D,6
13.135,tesla,2.08,0.00,0,,210.20,,,,440.00,D,6
13.138,tesla,2.08,0.00,0,,210.20,,,,440.00,D,6
13.140,tesla,2.08,0.00,0,,210.20,,,,440.00,D,6
13.143,tesla,2.08,0.00,0,,210.20,,,,440.00,D,6
13.146,tesla,2.08,0.00,0,,210.20,,,,440.00,D,6
13.146,tesla,2.08,0.00,0,,210.20,,,,440.00,D,6
13.149,tesla,2.08,0.00,0,,210.20,,,,440.00,D,6
13.152,tesla,2.08,0.00,0,,210.20,,,,440.00,D,6
13.154,tesla,2.08,0.00,0,,210.20,,,,440.00,D,6
13.155,tesla,2.08,0.00,0,,210.20,,,,440.00,D,6
13.157,tesla,2.08,0.00,0,,210.20,,,,440.00,D,6
13.160,tesla,2.08,0.00,0,,210.20,,,,440.00,D,6
13.160,tesla,2.08,0.00,0,,210.20,,,,440.00,D,6
13.163,tesla,2.08,0.00,0,,210.20,,,,440.00,D,6
13.165,tesla,2.08,0.00,0,,210.20,,,,440.00,D,6
13.168,tesla,2.08,0.00,0,,210.20,,,,440.00,D,6
13.171,tesla,2.08,0.00,0,,210.20,,,,440.00,D,6
13.174,tesla,2.08,0.00,0,,210.20,,,,440.00,D,6
13.174,tesla,2.08,0.00,0,,210.20,,,,440.00,D,6
13.177,tesla,2.08,0.00,0,,210.20,,,,440.00,D,6
13.179,tesla,2.08,0.00,0,,210.20,,,,440.00,D,6
13.182,tesla,2.08,0.00,0,,210.20,,,,440.00,D,6
13.185,tesla,2.08,0.00,0,,210.20,,,,440.00,D,6
13.188,tesla,2.08,0.00,0,,210.20,,,,440.00,D,6
13.188,tesla,2.08,0.00,0,,210.20,,,,440.00,D,6
13.190,tesla,2.08,0.00,0,,210.20,,,,440.00,D,6
13.193,tesla,2.08,0.00,0,,210.20,,,,440.00,D,6
13.196,tesla,2.08,0.00,0,,210.20,,,,440.00,D,6
13.196,tesla,2.08,0.00,0,,210.20,,,,440.00,D,6
13.199,tesla,2.08,0.00,0,,210.20,,,,440.00,D,6
13.202,tesla,1.68,0.00,0,,210.20,,,,440.00,D,6
13.204,tesla,1.68,0.00,0,,210.20,,,,440.00,D,6
13.207,tesla,1.68,0.00,0,,210.20,,,,440.00,D,6
13.210,tesla,1.68,0.00,0,,210.20,,,,440.00,D,6
13.213,tesla,1.68,0.00,0,,210.20,,,,440.00,D,6
13.215,tesla,1.68,0.00,0,,210.20,,,,440.00,D,6
13.216,tesla,1.68,0.00,0,,210.20,,,,440.00,D,6
13.218,tesla,1.68,0.00,0,,210.20,,,,440.00,D,6
13.221,tesla,1.68,0.00,0,,210.20,,,,440.00,D,6
13.224,tesla,1.68,0.00,0,,204.90,,,,440.00,D,6
13.227,tesla,1.68,0.00,0,,204.90,,,,440.00,D,6
13.229,tesla,1.68,0.00,0,,204.90,,,,440.00,D,6
13.232,tesla,1.68,0.00,0,,204.70,,,,440.00,D,6
13.235,tesla,1.68,0.00,0,,204.70,,,,440.00,D,6
13.235,tesla,1.68,0.00,0,,204.70,,,,440.00,D,6
13.238,tesla,1.68,0.00,0,,204.70,,,,440.00,D,6
13.240,tesla,1.68,0.00,0,,204.70,,,,440.00,D,6
13.241,tesla,1.68,0.00,0,,204.70,,,,440.00,D,6
13.243,tesla,1.68,0.00,0,,204.70,,,,440.00,D,6
13.246,tesla,1.68,0.00,0,,204.70,,,,440.00,D,6
13.249,tesla,1.68,0.00,0,,204.70,,,,440.00,D,6
13.252,tesla,1.68,0.00,0,,204.70,,,,440.00,D,6
13.252,tesla,1.68,0.00,0,,204.70,,,,440.00,D,6
13.254,tesla,1.68,0.00,0,,204.70,,,,440.00,D,6
13.257,tesla,1.68,0.00,0,,204.70,,,,440.00,D,6
13.260,tesla,1.68,0.00,0,,204.70,,,,440.00,D,6
13.263,tesla,1.68,0.00,0,,204.70,,,,440.00,D,6
13.265,tesla,1.68,0.00,0,,204.70,,,,440.00,D,6
13.268,tesla,1.68,0.00,0,,204.70,,,,440.00,D,6
13.271,tesla,1.68,0.00,0,,204.70,,,,440.00,D,6
13.271,tesla,1.68,0.00,0,,204.70,,,,440.00,D,6
13.274,tesla,1.68,0.00,0,,204.70,,,,440.00,D,6
13.277,tesla,1.68,0.00,0,,204.70,,,,440.00,D,6
13.279,tesla,1.68,0.00,0,,204.70,,,,440.00,D,6
13.282,tesla,1.68,0.00,0,,204.70,,,,440.00,D,6
13.285,tesla,1.68,0.00,0,,204.70,,,,440.00,D,6
13.285,tesla,1.68,0.00,0,,204.70,,,,440.00,D,6
13.288,tesla,1.68,0.00,0,,204.70,,,,440.00,D,6
13.290,tesla,1.68,0.00,0,,204.70,,,,440.00,D,6
13.293,tesla,1.68,0.00,0,,204.70,,,,440.00,D,6
13.296,tesla,1.68,0.00,0,,204.70,,,,440.00,D,6
13.299,tesla,1.68,0.00,0,,204.70,,,,440.00,D,6
13.302,tesla,1.68,0.00,0,,204.70,,,,440.00,D,6
13.304,tesla,1.68,0.00,0,,204.70,,,,440.00,D,6
13.305,tesla,1.68,0.00,0,,204.70,,,,440.00,D,6
13.307,tesla,1.68,0.00,0,,204.70,,,,440.00,D,6
13.310,tesla,1.68,0.00,0,,204.70,,,,440.00,D,6
13.310,tesla,1.68,0.00,0,,204.70,,,,440.00,D,6
13.313,tesla,1.68,0.00,0,,204.70,,,,440.00,D,6
13.315,tesla,1.68,0.00,0,,204.70,,,,440.00,D,6
13.316,tesla,1.68,0.00,0,,204.70,,,,440.00,D,6
13.318,tesla,1.68,0.00,0,,204.70,,,,440.00,D,6
13.321,tesla,1.68,0.00,0,,204.70,,,,440.00,D,6
13.321,tesla,1.68,0.00,0,,204.70,,,,440.00,D,6
13.324,tesla,1.68,0.00,0,,204.70,,,,440.00,D,6
13.327,tesla,1.68,0.00,0,,204.70,,,,440.00,D,6
13.329,tesla,1.68,0.00,0,,204.70,,,,440.00,D,6
13.332,tesla,1.68,0.00,0,,204.70,,,,440.00,D,6
13.335,tesla,1.68,0.00,0,,204.70,,,,440.00,D,6
13.338,tesla,1.68,0.00,0,,204.70,,,,440.00,D,6
13.338,tesla,1.68,0.00,0,,204.70,,,,440.00,D,6
13.340,tesla,1.68,0.00,0,,204.70,,,,440.00,D,6
13.343,tesla,1.68,0.00,0,,204.70,,,,440.00,D,6
13.346,tesla,1.68,0.00,0,,204.70,,,,440.00,D,6
13.346,tesla,1.68,0.00,0,,204.70,,,,440.00,D,6
13.349,tesla,1.68,0.00,0,,204.70,,,,440.00,D,6
13.352,tesla,1.68,0.00,0,,204.70,,,,440.00,D,6
13.352,tesla,1.68,0.00,0,,204.70,,,,440.00,D,6
13.354,tesla,1.68,0.00,0,,204.70,,,,440.00,D,6
13.357,tesla,1.68,0.00,0,,204.70,,,,440.00,D,6
13.360,tesla,1.68,0.00,0,,204.70,,,,440.00,D,6
13.360,tesla,1.68,0.00,0,,204.70,,,,440.00,D,6
13.363,tesla,1.68,0.00,0,,204.70,,,,440.00,D,6
13.363,tesla,1.68,0.00,0,,204.70,,,,440.00,D,6
13.365,tesla,1.68,0.00,0,,204.70,,,,440.00,D,6
13.368,tesla,1.68,0.00,0,,204.70,,,,440.00,D,6
13.371,tesla,1.68,0.00,0,,204.70,,,,440.00,D,6
13.374,tesla,1.68,0.00,0,,204.70,,,,440.00,D,6
13.377,tesla,1.68,0.00,0,,204.70,,,,440.00,D,6
13.377,tesla,1.68,0.00,0,,204.70,,,,440.00,D,6
13.379,tesla,1.68,0.00,0,,204.70,,,,440.00,D,6
13.382,tesla,1.68,0.00,0,,204.70,,,,440.00,D,6
13.385,tesla,1.44,0.00,0,,204.70,,,,440.00,D,6
13.388,tesla,1.44,0.00,0,,204.70,,,,440.00,D,6
13.388,tesla,1.44,0.00,0,,204.70,,,,440.00,D,6
13.390,tesla,1.44,0.00,0,,204.70,,,,440.00,D,6
13.393,tesla,1.44,0.00,0,,204.70,,,,440.00,D,6
13.393,tesla,1.44,0.00,0,,204.70,,,,440.00,D,6
13.396,tesla,1.44,0.00,0,,204.70,,,,440.00,D,6
13.399,tesla,1.44,0.00,0,,204.70,,,,440.00,D,6
13.402,tesla,1.44,0.00,0,,204.70,,,,440.00,D,6
13.404,tesla,1.44,0.00,0,,204.70,,,,440.00,D,6
13.407,tesla,1.44,0.00,0,,204.70,,,,440.00,D,6
13.410,tesla,1.44,0.00,0,,204.70,,,,440.00,D,6
13.413,tesla,1.44,0.00,0,,204.70,,,,440.00,D,6
13.413,tesla,1.44,0.00,0,,204.70,,,,440.00,D,6
13.415,tesla,1.44,0.00,0,,204.70,,,,440.00,D,6
13.418,tesla,1.44,0.00,0,,204.70,,,,440.00,D,6
13.421,tesla,1.44,0.00,0,,200.20,,,,440.00,D,6
13.424,tesla,1.44,0.00,0,,200.20,,,,440.00,D,6
13.427,tesla,1.44,0.00,0,,200.20,,,,440.00,D,6
13.429,tesla,1.44,0.00,0,,200.20,,,,440.00,D,6
13.432,tesla,1.44,0.00,0,,200.20,,,,440.00,D,6
13.432,tesla,1.44,0.00,0,,200.20,,,,440.00,D,6
13.435,tesla,1.44,0.00,0,,200.20,,,,440.00,D,6
13.438,tesla,1.44,0.00,0,,200.20,,,,440.00,D,6
13.440,tesla,1.44,0.00,0,,200.20,,,,440.00,D,6
13.441,tesla,1.44,0.00,0,,200.20,,,,440.00,D,6
13.443,tesla,1.44,0.00,0,,200.20,,,,440.00,D,6
13.446,tesla,1.44,0.00,0,,200.20,,,,440.00,D,6
13.449,tesla,1.44,0.00,0,,200.20,,,,440.00,D,6
13.452,tesla,1.44,0.00,0,,200.20,,,,440.00,D,6
13.452,tesla,1.44,0.00,0,,200.20,,,,440.00,D,6
13.454,tesla,1.44,0.00,0,,200.20,,,,440.00,D,6
13.457,tesla,1.44,0.00,0,,200.20,,,,440.00,D,6
13.460,tesla,1.44,0.00,0,,200.20,,,,440.00,D,6
13.463,tesla,1.44,0.00,0,,200.20,,,,440.00,D,6
13.465,tesla,1.44,0.00,0,,200.20,,,,440.00,D,6
13.466,tesla,1.44,0.00,0,,200.20,,,,440.00,D,6
13.468,tesla,1.44,0.00,0,,200.20,,,,440.00,D,6
13.471,tesla,1.44,0.00,0,,200.20,,,,440.00,D,6
13.474,tesla,1.44,0.00,0,,200.20,,,,440.00,D,6
13.477,tesla,1.44,0.00,0,,200.20,,,,440.00,D,6
13.479,tesla,1.44,0.00,0,,200.20,,,,440.00,D,6
13.482,tesla,1.44,0.00,0,,200.20,,,,440.00,D,6
13.485,tesla,1.44,0.00,0,,200.20,,,,440.00,D,6
13.485,tesla,1.44,0.00,0,,200.20,,,,440.00,D,6
13.488,tesla,1.44,0.00,0,,200.20,,,,440.00,D,6
13.490,tesla,1.44,0.00,0,,200.20,,,,440.00,D,6
13.493,tesla,1.44,0.00,0,,200.20,,,,440.00,D,6
13.496,tesla,1.44,0.00,0,,200.20,,,,440.00,D,6
13.499,tesla,1.44,0.00,0,,200.20,,,,440.00,D,6
13.499,tesla,1.44,0.00,0,,200.20,,,,440.00,D,6
13.502,tesla,1.44,0.00,0,,200.20,,,,440.00,D,6
13.504,tesla,1.44,0.00,0,,200.20,,,,440.00,D,6
13.507,tesla,1.44,0.00,0,,200.20,,,,440.00,D,6
13.510,tesla,1.44,0.00,0,,200.20,,,,440.00,D,6
13.510,tesla,1.44,0.00,0,,200.20,,,,440.00,D,6
13.513,tesla,1.44,0.00,0,,200.20,,,,440.00,D,6
13.516,tesla,1.44,0.00,0,,200.20,,,,440.00,D,6
13.516,tesla,1.44,0.00,0,,200.20,,,,440.00,D,6
13.518,tesla,1.44,0.00,0,,200.20,,,,440.00,D,6
13.521,tesla,1.44,0.00,0,,200.20,,,,440.00,D,6
13.521,tesla,1.44,0.00,0,,200.20,,,,440.00,D,6
13.524,tesla,1.44,0.00,0,,200.20,,,,440.00,D,6
13.527,tesla,1.44,0.00,0,,200.20,,,,440.00,D,6
13.529,tesla,1.44,0.00,0,,200.20,,,,440.00,D,6
13.530,tesla,1.44,0.00,0,,200.20,,,,440.00,D,6
13.532,tesla,1.44,0.00,0,,200.20,,,,440.00,D,6
13.535,tesla,1.44,0.00,0,,200.20,,,,440.00,D,6
13.538,tesla,1.44,0.00,0,,200.20,,,,440.00,D,6
13.541,tesla,1.44,0.00,0,,200.20,,,,440.00,D,6
13.541,tesla,1.44,0.00,0,,200.20,,,,440.00,D,6
13.543,tesla,1.44,0.00,0,,200.20,,,,440.00,D,6
13.546,tesla,1.44,0.00,0,,200.20,,,,440.00,D,6
13.549,tesla,1.44,0.00,0,,200.20,,,,440.00,D,6
13.549,tesla,1.44,0.00,0,,200.20,,,,440.00,D,6
13.552,tesla,1.44,0.00,0,,200.20,,,,440.00,D,6
13.554,tesla,1.44,0.00,0,,200.20,,,,440.00,D,6
13.557,tesla,1.44,0.00,0,,200.20,,,,440.00,D,6
13.560,tesla,1.44,0.00,0,,200.20,,,,440.00,D,6
13.563,tesla,1.44,0.00,0,,200.20,,,,440.00,D,6
13.563,tesla,1.44,0.00,0,,200.20,,,,440.00,D,6
13.565,tesla,1.44,0.00,0,,200.20,,,,440.00,D,6
13.568,tesla,1.44,0.00,0,,200.20,,,,440.00,D,6
13.571,tesla,1.44,0.00,0,,200.20,,,,440.00,D,6
13.574,tesla,1.44,0.00,0,,200.20,,,,440.00,D,6
13.574,tesla,1.44,0.00,0,,200.20,,,,440.00,D,6
13.577,tesla,1.44,0.00,0,,200.20,,,,440.00,D,6
13.579,tesla,1.44,0.00,0,,200.20,,,,440.00,D,6
13.582,tesla,1.44,0.00,0,,200.20,,,,440.00,D,6
13.585,tesla,1.44,0.00,0,,200.20,,,,440.00,D,6
13.588,tesla,1.44,0.00,0,,200.20,,,,0.00,D,6
13.588,tesla,1.44,0.00,0,,200.20,,,,0.00,D,6
13.590,tesla,1.44,0.00,0,,200.20,,,,0.00,D,6
13.593,tesla,1.44,0.00,0,,200.20,,,,0.00,D,6
13.593,tesla,1.44,0.00,0,,200.20,,,,0.00,D,6
13.596,tesla,1.44,0.00,0,,200.20,,,,0.00,D,6
13.599,tesla,1.44,0.00,0,,200.20,,,,0.00,D,6
13.602,tesla,1.44,0.00,0,,200.20,,,,0.00,D,6
13.604,tesla,1.44,0.00,0,,200.20,,,,0.00,D,6
13.607,tesla,1.44,0.00,0,,200.20,,,,0.00,D,6
13.610,tesla,1.44,0.00,0,,200.20,,,,0.00,D,6
13.610,tesla,1.44,0.00,0,,200.20,,,,0.00,D,6
13.613,tesla,1.44,0.00,0,,200.20,,,,0.00,D,6
13.615,tesla,1.44,0.00,0,,197.50,,,,0.00,D,6
13.618,tesla,1.44,0.00,0,,197.50,,,,0.00,D,6
13.621,tesla,1.44,0.00,0,,197.40,,,,0.00,D,6
13.624,tesla,1.44,0.00,0,,197.40,,,,0.00,D,6
13.627,tesla,1.44,0.00,0,,197.40,,,,0.00,D,6
13.629,tesla,1.44,0.00,0,,197.40,,,,0.00,D,6
13.630,tesla,1.44,0.00,0,,197.40,,,,0.00,D,6
13.632,tesla,1.44,0.00,0,,197.40,,,,0.00,D,6
13.635,tesla,1.44,0.00,0,,197.40,,,,0.00,D,6
13.638,tesla,1.44,0.00,0,,197.40,,,,0.00,D,6
13.640,tesla,1.44,0.00,0,,197.40,,,,0.00,D,6
13.643,tesla,1.44,0.00,0,,197.40,,,,0.00,D,6
13.643,tesla,1.44,0.00,0,,197.40,,,,0.00,D,6
13.646,tesla,1.44,0.00,0,,197.40,,,,0.00,D,6
13.649,tesla,1.44,0.00,0,,197.40,,,,0.00,D,6
13.649,tesla,1.44,0.00,0,,197.40,,,,0.00,D,6
13.652,tesla,1.44,0.00,0,,197.40,,,,0.00,D,6
13.654,tesla,1.44,0.00,0,,197.40,,,,0.00,D,6
13.657,tesla,1.44,0.00,0,,197.40,,,,0.00,D,6
13.660,tesla,1.44,0.00,0,,197.40,,,,0.00,D,6
13.663,tesla,1.44,0.00,0,,197.40,,,,0.00,D,6
13.665,tesla,1.44,0.00,0,,197.40,,,,0.00,D,6
13.668,tesla,1.44,0.00,0,,197.40,,,,0.00,D,6
13.668,tesla,1.44,0.00,0,,197.40,,,,0.00,D,6
13.671,tesla,1.44,0.00,0,,197.40,,,,0.00,D,6
13.674,tesla,1.44,0.00,0,,197.40,,,,0.00,D,6
13.677,tesla,1.44,0.00,0,,197.40,,,,0.00,D,6
13.679,tesla,1.44,0.00,0,,197.40,,,,0.00,D,6
13.682,tesla,1.44,0.00,0,,197.40,,,,0.00,D,6
13.685,tesla,1.44,0.00,0,,197.40,,,,0.00,D,6
13.688,tesla,1.44,0.00,0,,197.40,,,,0.00,D,6
13.688,tesla,1.44,0.00,0,,197.40,,,,0.00,D,6
13.690,tesla,1.44,0.00,0,,197.40,,,,0.00,D,6
13.693,tesla,1.44,0.00,0,,197.40,,,,0.00,D,6
13.696,tesla,1.44,0.00,0,,197.40,,,,0.00,D,6
13.699,tesla,1.44,0.00,0,,197.40,,,,0.00,D,6
13.699,tesla,1.44,0.00,0,,197.40,,,,0.00,D,6
13.702,tesla,1.44,0.00,0,,197.40,,,,0.00,D,6
13.704,tesla,1.44,0.00,0,,197.40,,,,0.00,D,6
13.707,tesla,1.44,0.00,0,,197.40,,,,0.00,D,6
13.710,tesla,1.44,0.00,0,,197.40,,,,0.00,D,6
13.710,tesla,1.44,0.00,0,,197.40,,,,0.00,D,6
13.713,tesla,1.44,0.00,0,,197.40,,,,0.00,D,6
13.715,tesla,1.44,0.00,0,,197.40,,,,0.00,D,6
13.718,tesla,1.44,0.00,0,,197.40,,,,0.00,D,6
13.718,tesla,1.44,0.00,0,,197.40,,,,0.00,D,6
13.721,tesla,1.44,0.00,0,,197.40,,,,0.00,D,6
13.724,tesla,1.44,0.00,0,,197.40,,,,0.00,D,6
13.727,tesla,1.44,0.00,0,,197.40,,,,0.00,D,6
13.729,tesla,1.44,0.00,0,,197.40,,,,0.00,D,6
13.732,tesla,1.44,0.00,0,,197.40,,,,0.00,D,6
13.732,tesla,1.44,0.00,0,,197.40,,,,0.00,D,6
13.735,tesla,1.44,0.00,0,,197.40,,,,0.00,D,6
13.738,tesla,1.44,0.00,0,,197.40,,,,0.00,D,6
13.740,tesla,1.44,0.00,0,,197.40,,,,0.00,D,6
13.743,tesla,1.44,0.00,0,,197.40,,,,0.00,D,6
13.746,tesla,1.44,0.00,0,,197.40,,,,0.00,D,6
13.749,tesla,1.44,0.00,0,,197.40,,,,0.00,D,6
13.749,tesla,1.44,0.00,0,,197.40,,,,0.00,D,6
13.752,tesla,1.44,0.00,0,,197.40,,,,0.00,D,6
13.754,tesla,1.44,0.00,0,,197.40,,,,0.00,D,6
13.755,tesla,1.44,0.00,0,,197.40,,,,0.00,D,6
13.757,tesla,1.44,0.00,0,,197.40,,,,0.00,D,6
13.760,tesla,1.44,0.00,0,,197.40,,,,0.00,D,6
13.763,tesla,1.44,0.00,0,,197.40,,,,0.00,D,6
13.763,tesla,1.44,0.00,0,,197.40,,,,0.00,D,6
13.765,tesla,1.44,0.00,0,,197.40,,,,0.00,D,6
13.768,tesla,1.44,0.00,0,,197.40,,,,0.00,D,6
13.771,tesla,1.44,0.00,0,,197.40,,,,0.00,D,6
13.774,tesla,1.44,0.00,0,,197.40,,,,0.00,D,6
13.777,tesla,1.44,0.00,0,,197.40,,,,0.00,D,6
13.777,tesla,1.44,0.00,0,,197.40,,,,0.00,D,6
13.779,tesla,1.44,0.00,0,,197.40,,,,0.00,D,6
13.782,tesla,1.44,0.00,0,,197.40,,,,0.00,D,6
13.785,tesla,0.80,0.00,0,,197.40,,,,0.00,D,6
13.785,tesla,0.80,0.00,0,,197.40,,,,0.00,D,6
13.788,tesla,0.80,0.00,0,,197.40,,,,0.00,D,6
13.790,tesla,0.80,0.00,0,,197.40,,,,0.00,D,6
13.793,tesla,0.80,0.00,0,,197.40,,,,0.00,D,6
13.796,tesla,0.80,0.00,0,,197.40,,,,0.00,D,6
13.799,tesla,0.80,0.00,0,,197.40,,,,0.00,D,6
13.799,tesla,0.80,0.00,0,,197.40,,,,0.00,D,6
13.802,tesla,0.80,0.00,0,,197.40,,,,0.00,D,6
13.804,tesla,0.80,0.00,0,,197.40,,,,0.00,D,6
13.807,tesla,0.80,0.00,0,,195.20,,,,0.00,D,6
13.810,tesla,0.80,0.00,0,,195.20,,,,0.00,D,6
13.813,tesla,0.80,0.00,0,,195.20,,,,0.00,D,6
13.815,tesla,0.80,0.00,0,,195.10,,,,0.00,D,6
13.818,tesla,0.80,0.00,0,,195.10,,,,0.00,D,6
13.818,tesla,0.80,0.00,0,,195.00,,,,0.00,D,6
13.821,tesla,0.80,0.00,0,,195.00,,,,0.00,D,6
13.824,tesla,0.80,0.00,0,,195.00,,,,0.00,D,6
13.827,tesla,0.80,0.00,0,,195.00,,,,0.00,D,6
13.829,tesla,0.80,0.00,0,,195.00,,,,0.00,D,6
13.832,tesla,0.80,0.00,0,,195.00,,,,0.00,D,6
13.835,tesla,0.80,0.00,0,,195.00,,,,0.00,D,6
13.835,tesla,0.80,0.00,0,,195.00,,,,0.00,D,6
13.838,tesla,0.80,0.00,0,,195.00,,,,0.00,D,6
13.840,tesla,0.80,0.00,0,,195.00,,,,0.00,D,6
13.843,tesla,0.80,0.00,0,,195.00,,,,0.00,D,6
13.846,tesla,0.80,0.00,0,,195.00,,,,0.00,D,6
13.846,tesla,0.80,0.00,0,,195.00,,,,0.00,D,6
13.849,tesla,0.80,0.00,0,,195.00,,,,0.00,D,6
13.852,tesla,0.80,0.00,0,,195.00,,,,0.00,D,6
13.854,tesla,0.80,0.00,0,,195.00,,,,0.00,D,6
13.857,tesla,0.80,0.00,0,,195.00,,,,0.00,D,6
13.860,tesla,0.80,0.00,0,,195.00,,,,0.00,D,6
13.860,tesla,0.80,0.00,0,,195.00,,,,0.00,D,6
13.863,tesla,0.80,0.00,0,,195.00,,,,0.00,D,6
13.866,tesla,0.80,0.00,0,,195.00,,,,0.00,D,6
13.866,tesla,0.80,0.00,0,,195.00,,,,0.00,D,6
13.868,tesla,0.80,0.00,0,,195.00,,,,0.00,D,6
13.871,tesla,0.80,0.00,0,,195.00,,,,0.00,D,6
13.874,tesla,0.80,0.00,0,,195.00,,,,0.00,D,6
13.877,tesla,0.80,0.00,0,,195.00,,,,0.00,D,6
13.879,tesla,0.80,0.00,0,,195.00,,,,0.00,D,6
13.882,tesla,0.80,0.00,0,,195.00,,,,0.00,D,6
13.882,tesla,0.80,0.00,0,,195.00,,,,0.00,D,6
13.885,tesla,0.80,0.00,0,,195.00,,,,0.00,D,6
13.888,tesla,0.80,0.00,0,,195.00,,,,0.00,D,6
13.890,tesla,0.80,0.00,0,,195.00,,,,0.00,D,6
13.893,tesla,0.80,0.00,0,,195.00,,,,0.00,D,6
13.896,tesla,0.80,0.00,0,,195.00,,,,0.00,D,6
13.896,tesla,0.80,0.00,0,,195.00,,,,0.00,D,6
13.899,tesla,0.80,0.00,0,,195.00,,,,0.00,D,6
13.902,tesla,0.80,0.00,0,,195.00,,,,0.00,D,6
13.904,tesla,0.80,0.00,0,,195.00,,,,0.00,D,6
13.907,tesla,0.80,0.00,0,,195.00,,,,0.00,D,6
13.907,tesla,0.80,0.00,0,,195.00,,,,0.00,D,6
13.910,tesla,0.80,0.00,0,,195.00,,,,0.00,D,6
13.913,tesla,0.80,0.00,0,,195.00,,,,0.00,D,6
13.913,tesla,0.80,0.00,0,,195.00,,,,0.00,D,6
13.915,tesla,0.80,0.00,0,,195.00,,,,0.00,D,6
13.918,tesla,0.80,0.00,0,,195.00,,,,0.00,D,6
13.921,tesla,0.80,0.00,0,,195.00,,,,0.00,D,6
13.921,tesla,0.80,0.00,0,,195.00,,,,0.00,D,6
13.924,tesla,0.80,0.00,0,,195.00,,,,0.00,D,6
13.927,tesla,0.80,0.00,0,,195.00,,,,0.00,D,6
13.929,tesla,0.80,0.00,0,,195.00,,,,0.00,D,6
13.932,tesla,0.80,0.00,0,,195.00,,,,0.00,D,6
13.932,tesla,0.80,0.00,0,,195.00,,,,0.00,D,6
13.935,tesla,0.80,0.00,0,,195.00,,,,0.00,D,6
13.938,tesla,0.80,0.00,0,,195.00,,,,0.00,D,6
13.940,tesla,0.80,0.00,0,,195.00,,,,0.00,D,6
13.941,tesla,0.80,0.00,0,,195.00,,,,0.00,D,6
13.943,tesla,0.80,0.00,0,,195.00,,,,0.00,D,6
13.946,tesla,0.80,0.00,0,,195.00,,,,0.00,D,6
13.949,tesla,0.80,0.00,0,,195.00,,,,0.00,D,6
13.949,tesla,0.80,0.00,0,,195.00,,,,0.00,D,6
13.952,tesla,0.80,0.00,0,,195.00,,,,0.00,D,6
13.954,tesla,0.80,0.00,0,,195.00,,,,0.00,D,6
13.957,tesla,0.80,0.00,0,,195.00,,,,0.00,D,6
13.960,tesla,0.80,0.00,0,,195.00,,,,0.00,D,6
13.960,tesla,0.80,0.00,0,,195.00,,,,0.00,D,6
13.963,tesla,0.80,0.00,0,,195.00,,,,0.00,D,6
13.966,tesla,0.80,0.00,0,,195.00,,,,0.00,D,6
13.968,tesla,0.80,0.00,0,,195.00,,,,0.00,D,6
13.968,tesla,0.80,0.00,0,,195.00,,,,0.00,D,6
13.971,tesla,0.80,0.00,0,,195.00,,,,0.00,D,6
13.974,tesla,0.80,0.00,0,,195.00,,,,0.00,D,6
13.977,tesla,0.80,0.00,0,,195.00,,,,0.00,D,6
13.979,tesla,0.80,0.00,0,,195.00,,,,0.00,D,6
13.979,tesla,0.48,0.00,0,,195.00,,,,0.00,D,6
13.982,tesla,0.48,0.00,0,,195.00,,,,0.00,D,6
13.985,tesla,0.48,0.00,0,,195.00,,,,0.00,D,6
13.988,tesla,0.48,0.00,0,,195.00,,,,0.00,D,6
13.988,tesla,0.48,0.00,0,,195.00,,,,0.00,D,6
13.990,tesla,0.48,0.00,0,,195.00,,,,0.00,D,6
13.993,tesla,0.48,0.00,0,,195.00,,,,0.00,D,6
13.996,tesla,0.48,0.00,0,,195.00,,,,0.00,D,6
13.999,tesla,0.48,0.00,0,,195.00,,,,0.00,D,6
14.002,tesla,0.48,0.00,0,,195.00,,,,0.00,D,6
14.004,tesla,0.48,0.00,0,,195.00,,,,0.00,D,6
14.007,tesla,0.48,0.00,0,,193.80,,,,0.00,D,6
14.007,tesla,0.48,0.00,0,,193.80,,,,0.00,D,6
14.010,tesla,0.48,0.00,0,,193.80,,,,0.00,D,6
14.013,tesla,0.48,0.00,0,,193.70,,,,0.00,D,6
14.015,tesla,0.48,0.00,0,,193.70,,,,0.00,D,6
14.018,tesla,0.48,0.00,0,,193.70,,,,0.00,D,6
14.018,tesla,0.48,0.00,0,,193.70,,,,0.00,D,6
14.021,tesla,0.48,0.00,0,,193.70,,,,0.00,D,6
14.024,tesla,0.48,0.00,0,,193.70,,,,0.00,D,6
14.027,tesla,0.48,0.00,0,,193.70,,,,0.00,D,6
14.029,tesla,0.48,0.00,0,,193.70,,,,0.00,D,6
14.032,tesla,0.48,0.00,0,,193.70,,,,0.00,D,6
14.035,tesla,0.48,0.00,0,,193.70,,,,0.00,D,6
14.038,tesla,0.48,0.00,0,,193.70,,,,0.00,D,6
14.038,tesla,0.48,0.00,0,,193.70,,,,0.00,D,6
14.040,tesla,0.48,0.00,0,,193.70,,,,0.00,D,6
14.043,tesla,0.48,0.00,0,,193.70,,,,0.00,D,6
14.046,tesla,0.48,0.00,0,,193.70,,,,0.00,D,6
14.049,tesla,0.48,0.00,0,,193.70,,,,0.00,D,6
14.052,tesla,0.48,0.00,0,,193.70,,,,0.00,D,6
14.054,tesla,0.48,0.00,0,,193.70,,,,0.00,D,6
14.055,tesla,0.48,0.00,0,,193.70,,,,0.00,D,6
14.057,tesla,0.48,0.00,0,,193.70,,,,0.00,D,6
14.060,tesla,0.48,0.00,0,,193.70,,,,0.00,D,6
14.063,tesla,0.48,0.00,0,,193.70,,,,0.00,D,6
14.065,tesla,0.48,0.00,0,,193.70,,,,0.00,D,6
14.068,tesla,0.48,0.00,0,,193.70,,,,0.00,D,6
14.068,tesla,0.48,0.00,0,,193.70,,,,0.00,D,6
14.071,tesla,0.48,0.00,0,,193.70,,,,0.00,D,6
14.074,tesla,0.48,0.00,0,,193.70,,,,0.00,D,6
14.077,tesla,0.48,0.00,0,,193.70,,,,0.00,D,6
14.079,tesla,0.48,0.00,0,,193.70,,,,0.00,D,6
14.080,tesla,0.48,0.00,0,,193.70,,,,0.00,D,6
14.082,tesla,0.48,0.00,0,,193.70,,,,0.00,D,6
14.085,tesla,0.48,0.00,0,,193.70,,,,0.00,D,6
14.088,tesla,0.48,0.00,0,,193.70,,,,0.00,D,6
14.090,tesla,0.48,0.00,0,,193.70,,,,0.00,D,6
14.091,tesla,0.48,0.00,0,,193.70,,,,0.00,D,6
14.093,tesla,0.48,0.00,0,,193.70,,,,0.00,D,6
14.096,tesla,0.48,0.00,0,,193.70,,,,0.00,D,6
14.099,tesla,0.48,0.00,0,,193.70,,,,0.00,D,6
14.099,tesla,0.48,0.00,0,,193.70,,,,0.00,D,6
14.102,tesla,0.48,0.00,0,,193.70,,,,0.00,D,6
14.104,tesla,0.48,0.00,0,,193.70,,,,0.00,D,6
14.107,tesla,0.48,0.00,0,,193.70,,,,0.00,D,6
14.110,tesla,0.48,0.00,0,,193.70,,,,0.00,D,6
14.113,tesla,0.48,0.00,0,,193.70,,,,0.00,D,6
14.115,tesla,0.48,0.00,0,,193.70,,,,0.00,D,6
14.118,tesla,0.48,0.00,0,,193.70,,,,0.00,D,6
14.118,tesla,0.48,0.00,0,,193.70,,,,0.00,D,6
14.121,tesla,0.48,0.00,0,,193.70,,,,0.00,D,6
14.124,tesla,0.48,0.00,0,,193.70,,,,0.00,D,6
14.124,tesla,0.48,0.00,0,,193.70,,,,0.00,D,6
14.127,tesla,0.48,0.00,0,,193.70,,,,0.00,D,6
14.129,tesla,0.48,0.00,0,,193.70,,,,0.00,D,6
14.132,tesla,0.48,0.00,0,,193.70,,,,0.00,D,6
14.135,tesla,0.48,0.00,0,,193.70,,,,0.00,D,6
14.138,tesla,0.48,0.00,0,,193.70,,,,0.00,D,6
14.140,tesla,0.48,0.00,0,,193.70,,,,0.00,D,6
14.141,tesla,0.48,0.00,0,,193.70,,,,0.00,D,6
14.143,tesla,0.48,0.00,0,,193.70,,,,0.00,D,6
14.146,tesla,0.48,0.00,0,,193.70,,,,0.00,D,6
14.146,tesla,0.48,0.00,0,,193.70,,,,0.00,D,6
14.149,tesla,0.48,0.00,0,,193.70,,,,0.00,D,6
14.152,tesla,0.48,0.00,0,,193.70,,,,0.00,D,6
14.154,tesla,0.48,0.00,0,,193.70,,,,0.00,D,6
14.157,tesla,0.48,0.00,0,,193.70,,,,0.00,D,6
14.157,tesla,0.48,0.00,0,,193.70,,,,0.00,D,6
14.160,tesla,0.48,0.00,0,,193.70,,,,0.00,D,6
14.163,tesla,0.24,0.00,0,,193.70,,,,0.00,D,6
14.165,tesla,0.24,0.00,0,,193.70,,,,0.00,D,6
14.166,tesla,0.24,0.00,0,,193.70,,,,0.00,D,6
14.168,tesla,0.24,0.00,0,,193.70,,,,0.00,D,6
14.171,tesla,0.24,0.00,0,,193.70,,,,0.00,D,6
14.174,tesla,0.24,0.00,0,,193.70,,,,0.00,D,6
14.177,tesla,0.24,0.00,0,,193.70,,,,0.00,D,6
14.177,tesla,0.24,0.00,0,,193.70,,,,0.00,D,6
14.179,tesla,0.24,0.00,0,,193.70,,,,0.00,D,6
14.182,tesla,0.24,0.00,0,,193.70,,,,0.00,D,6
14.185,tesla,0.24,0.00,0,,193.70,,,,0.00,D,6
14.188,tesla,0.24,0.00,0,,193.70,,,,0.00,D,6
14.190,tesla,0.24,0.00,0,,193.70,,,,0.00,D,6
14.191,tesla,0.24,0.00,0,,193.70,,,,0.00,D,6
14.193,tesla,0.24,0.00,0,,193.70,,,,0.00,D,6
14.196,tesla,0.24,0.00,0,,193.70,,,,0.00,D,6
14.199,tesla,0.24,0.00,0,,193.70,,,,0.00,D,6
14.202,tesla,0.24,0.00,0,,193.70,,,,0.00,D,6
14.204,tesla,0.24,0.00,0,,193.00,,,,0.00,D,6
14.204,tesla,0.24,0.00,0,,193.00,,,,0.00,D,6
14.207,tesla,0.24,0.00,0,,193.00,,,,0.00,D,6
14.210,tesla,0.24,0.00,0,,193.00,,,,0.00,D,6
14.213,tesla,0.24,0.00,0,,193.00,,,,0.00,D,6
14.215,tesla,0.24,0.00,0,,193.00,,,,0.00,D,6
14.218,tesla,0.24,0.00,0,,193.00,,,,0.00,D,6
14.218,tesla,0.24,0.00,0,,193.00,,,,0.00,D,6
14.221,tesla,0.24,0.00,0,,193.00,,,,0.00,D,6
14.224,tesla,0.24,0.00,0,,193.00,,,,0.00,D,6
14.227,tesla,0.24,0.00,0,,193.00,,,,0.00,D,6
14.227,tesla,0.24,0.00,0,,193.00,,,,0.00,D,6
14.229,tesla,0.24,0.00,0,,193.00,,,,0.00,D,6
14.232,tesla,0.24,0.00,0,,193.00,,,,0.00,D,6
14.235,tesla,0.24,0.00,0,,193.00,,,,0.00,D,6
14.238,tesla,0.24,0.00,0,,193.00,,,,0.00,D,6
14.240,tesla,0.24,0.00,0,,193.00,,,,0.00,D,6
14.243,tesla,0.24,0.00,0,,193.00,,,,0.00,D,6
14.243,tesla,0.24,0.00,0,,193.00,,,,0.00,D,6
14.246,tesla,0.24,0.00,0,,193.00,,,,0.00,D,6
14.249,tesla,0.24,0.00,0,,193.00,,,,0.00,D,6
14.252,tesla,0.24,0.00,0,,193.00,,,,0.00,D,6
14.254,tesla,0.24,0.00,0,,193.00,,,,0.00,D,6
14.255,tesla,0.24,0.00,0,,193.00,,,,0.00,D,6
14.257,tesla,0.24,0.00,0,,193.00,,,,0.00,D,6
14.260,tesla,0.24,0.00,0,,193.00,,,,0.00,D,6
14.263,tesla,0.24,0.00,0,,193.00,,,,0.00,D,6
14.265,tesla,0.24,0.00,0,,193.00,,,,0.00,D,6
14.268,tesla,0.24,0.00,0,,193.00,,,,0.00,D,6
14.271,tesla,0.24,0.00,0,,193.00,,,,0.00,D,6
14.274,tesla,0.24,0.00,0,,193.00,,,,0.00,D,6
14.274,tesla,0.24,0.00,0,,193.00,,,,0.00,D,6
14.277,tesla,0.24,0.00,0,,193.00,,,,0.00,D,6
14.279,tesla,0.24,0.00,0,,193.00,,,,0.00,D,6
14.282,tesla,0.24,0.00,0,,193.00,,,,0.00,D,6
14.285,tesla,0.24,0.00,0,,193.00,,,,0.00,D,6
14.288,tesla,0.24,0.00,0,,193.00,,,,0.00,D,6
14.290,tesla,0.24,0.00,0,,193.00,,,,0.00,D,6
14.291,tesla,0.24,0.00,0,,193.00,,,,0.00,D,6
14.293,tesla,0.24,0.00,0,,193.00,,,,0.00,D,6
14.296,tesla,0.24,0.00,0,,193.00,,,,0.00,D,6
14.299,tesla,0.24,0.00,0,,193.00,,,,0.00,D,6
14.299,tesla,0.24,0.00,0,,193.00,,,,0.00,D,6
14.302,tesla,0.24,0.00,0,,193.00,,,,0.00,D,6
14.304,tesla,0.24,0.00,0,,193.00,,,,0.00,D,6
14.307,tesla,0.24,0.00,0,,193.00,,,,0.00,D,6
14.310,tesla,0.24,0.00,0,,193.00,,,,0.00,D,6
14.313,tesla,0.24,0.00,0,,193.00,,,,0.00,D,6
14.313,tesla,0.24,0.00,0,,193.00,,,,0.00,D,6
14.315,tesla,0.24,0.00,0,,193.00,,,,0.00,D,6
14.318,tesla,0.24,0.00,0,,193.00,,,,0.00,D,6
14.318,tesla,0.24,0.00,0,,193.00,,,,0.00,D,6
14.321,tesla,0.24,0.00,0,,193.00,,,,0.00,D,6
14.324,tesla,0.24,0.00,0,,193.00,,,,0.00,D,6
14.324,tesla,0.24,0.00,0,,193.00,,,,0.00,D,6
14.327,tesla,0.24,0.00,0,,193.00,,,,0.00,D,6
14.329,tesla,0.24,0.00,0,,193.00,,,,0.00,D,6
14.332,tesla,0.24,0.00,0,,193.00,,,,0.00,D,6
14.332,tesla,0.24,0.00,0,,193.00,,,,0.00,D,6
14.335,tesla,0.24,0.00,0,,193.00,,,,0.00,D,6
14.338,tesla,0.24,0.00,0,,193.00,,,,0.00,D,6
14.338,tesla,0.24,0.00,0,,193.00,,,,0.00,D,6
14.340,tesla,0.24,0.00,0,,193.00,,,,0.00,D,6
14.343,tesla,0.24,0.00,0,,193.00,,,,0.00,D,6
14.343,tesla,0.24,0.00,0,,193.00,,,,0.00,D,6
14.346,tesla,0.24,0.00,0,,193.00,,,,0.00,D,6
14.349,tesla,0.24,0.00,0,,193.00,,,,0.00,D,6
14.352,tesla,0.24,0.00,0,,193.00,,,,0.00,D,6
14.354,tesla,0.24,0.00,0,,193.00,,,,0.00,D,6
14.355,tesla,0.24,0.00,0,,193.00,,,,0.00,D,6
14.357,tesla,0.24,0.80,0,,193.00,,,,0.00,D,6
14.360,tesla,0.24,0.80,0,,193.00,,,,0.00,D,6
14.363,tesla,0.24,0.80,0,,193.00,,,,0.00,D,6
14.363,tesla,0.24,0.80,0,,193.00,,,,0.00,D,6
14.366,tesla,0.24,0.80,0,,193.00,,,,0.00,D,6
14.368,tesla,0.24,0.80,0,,193.00,,,,0.00,D,6
14.371,tesla,0.24,0.80,0,,193.00,,,,0.00,D,6
14.374,tesla,0.24,0.80,0,,193.00,,,,0.00,D,6
14.377,tesla,0.24,0.80,0,,193.00,,,,0.00,D,6
14.379,tesla,0.24,0.80,0,,193.00,,,,0.00,D,6
14.380,tesla,0.24,0.80,0,,193.00,,,,0.00,D,6
14.382,tesla,0.08,0.80,0,,193.00,,,,0.00,D,6
14.385,tesla,0.08,0.80,0,,193.00,,,,22.00,D,6
14.388,tesla,0.08,0.80,0,,193.00,,,,22.00,D,6
14.390,tesla,0.08,0.80,0,,193.00,,,,22.00,D,6
14.393,tesla,0.08,1.20,0,,193.00,,,,22.00,D,6
14.396,tesla,0.08,1.20,0,,193.00,,,,22.00,D,6
14.399,tesla,0.08,1.20,0,,193.00,,,,22.00,D,6
14.399,tesla,0.08,1.20,0,,193.00,,,,22.00,D,6
14.402,tesla,0.08,1.20,0,,193.00,,,,22.00,D,6
14.404,tesla,0.08,1.20,0,,192.90,,,,22.00,D,6
14.407,tesla,0.08,1.20,0,,192.90,,,,22.00,D,6
14.410,tesla,0.08,1.20,0,,192.90,,,,22.00,D,6
14.410,tesla,0.08,1.20,0,,192.90,,,,22.00,D,6
14.413,tesla,0.08,1.20,0,,192.90,,,,22.00,D,6
14.415,tesla,0.08,1.20,0,,192.90,,,,22.00,D,6
14.418,tesla,0.08,1.20,0,,192.90,,,,22.00,D,6
14.421,tesla,0.08,1.20,0,,192.90,,,,22.00,D,6
14.424,tesla,0.08,1.20,0,,192.90,,,,22.00,D,6
14.427,tesla,0.08,1.20,0,,192.90,,,,22.00,D,6
14.427,tesla,0.08,1.20,0,,192.90,,,,22.00,D,6
14.429,tesla,0.08,1.20,0,,192.90,,,,22.00,D,6
14.432,tesla,0.08,1.20,0,,192.90,,,,22.00,D,6
14.435,tesla,0.08,1.20,0,,192.90,,,,22.00,D,6
14.438,tesla,0.08,1.20,0,,192.90,,,,22.00,D,6
14.438,tesla,0.08,1.20,0,,192.90,,,,22.00,D,6
14.441,tesla,0.08,1.20,0,,192.90,,,,22.00,D,6
14.443,tesla,0.08,1.20,0,,192.90,,,,22.00,D,6
14.446,tesla,0.08,1.20,0,,192.90,,,,22.00,D,6
14.449,tesla,0.08,1.20,0,,192.90,,,,22.00,D,6
14.449,tesla,0.08,1.20,0,,192.90,,,,22.00,D,6
14.452,tesla,0.08,1.20,0,,192.90,,,,22.00,D,6
14.454,tesla,0.08,1.20,0,,192.90,,,,22.00,D,6
14.457,tesla,0.08,1.20,0,,192.90,,,,22.00,D,6
14.460,tesla,0.08,1.20,0,,192.90,,,,22.00,D,6
14.463,tesla,0.08,1.20,0,,192.90,,,,22.00,D,6
14.465,tesla,0.08,1.20,0,,192.90,,,,22.00,D,6
14.468,tesla,0.08,1.20,0,,192.90,,,,22.00,D,6
14.468,tesla,0.08,1.20,0,,192.90,,,,22.00,D,6
14.471,tesla,0.08,1.20,0,,192.90,,,,22.00,D,6
14.474,tesla,0.08,1.20,0,,192.90,,,,22.00,D,6
14.477,tesla,0.08,1.20,0,,192.90,,,,22.00,D,6
14.479,tesla,0.08,1.20,0,,192.90,,,,22.00,D,6
14.482,tesla,0.08,1.20,0,,192.90,,,,22.00,D,6
14.485,tesla,0.08,1.20,0,,192.90,,,,22.00,D,6
14.488,tesla,0.08,1.20,0,,192.90,,,,22.00,D,6
14.488,tesla,0.08,1.20,0,,192.90,,,,22.00,D,6
14.490,tesla,0.08,1.20,0,,192.90,,,,22.00,D,6
14.493,tesla,0.08,1.20,0,,192.90,,,,22.00,D,6
14.496,tesla,0.08,1.20,0,,192.90,,,,22.00,D,6
14.499,tesla,0.08,1.20,0,,192.90,,,,22.00,D,6
14.502,tesla,0.08,1.20,0,,192.90,,,,22.00,D,6
14.502,tesla,0.08,1.20,0,,192.90,,,,22.00,D,6
14.504,tesla,0.08,1.20,0,,192.90,,,,22.00,D,6
14.507,tesla,0.08,1.20,0,,192.90,,,,22.00,D,6
14.510,tesla,0.08,1.20,0,,192.90,,,,22.00,D,6
14.513,tesla,0.08,1.20,0,,192.90,,,,22.00,D,6
14.515,tesla,0.08,1.20,0,,192.90,,,,22.00,D,6
14.516,tesla,0.08,1.20,0,,192.90,,,,22.00,D,6
14.518,tesla,0.08,1.20,0,,192.90,,,,22.00,D,6
14.521,tesla,0.08,1.20,0,,192.90,,,,22.00,D,6
14.524,tesla,0.08,5.60,0,,192.90,,,,22.00,D,6
14.527,tesla,0.08,5.60,0,,192.90,,,,22.00,D,6
14.529,tesla,0.08,5.60,0,,192.90,,,,22.00,D,6
14.530,tesla,0.08,5.60,0,,192.90,,,,22.00,D,6
14.532,tesla,0.08,5.60,0,,192.90,,,,22.00,D,6
14.535,tesla,0.08,5.60,0,,192.90,,,,22.00,D,6
14.538,tesla,0.08,5.60,0,,192.90,,,,22.00,D,6
14.538,tesla,0.08,5.60,0,,192.90,,,,22.00,D,6
14.540,tesla,0.08,5.60,0,,192.90,,,,22.00,D,6
14.543,tesla,0.08,5.60,0,,192.90,,,,22.00,D,6
14.546,tesla,0.08,5.60,0,,192.90,,,,22.00,D,6
14.549,tesla,0.08,5.60,0,,192.90,,,,22.00,D,6
14.549,tesla,0.08,5.60,0,,192.90,,,,22.00,D,6
14.552,tesla,0.08,5.60,0,,192.90,,,,22.00,D,6
14.554,tesla,0.08,5.60,0,,192.90,,,,22.00,D,6
14.555,tesla,0.08,5.60,0,,192.90,,,,22.00,D,6
14.557,tesla,0.08,4.00,0,,192.90,,,,22.00,D,6
14.560,tesla,0.08,4.00,0,,192.90,,,,22.00,D,6
14.563,tesla,0.08,4.00,0,,192.90,,,,22.00,D,6
14.563,tesla,0.08,4.00,0,,192.90,,,,22.00,D,6
14.565,tesla,0.08,4.00,0,,192.90,,,,22.00,D,6
14.568,tesla,0.08,4.00,0,,192.90,,,,22.00,D,6
14.571,tesla,0.08,4.00,0,,192.90,,,,22.00,D,6
14.574,tesla,0.08,4.00,0,,192.90,,,,22.00,D,6
14.577,tesla,0.08,4.00,0,,192.90,,,,22.00,D,6
14.579,tesla,0.08,4.00,0,,192.90,,,,22.00,D,6
14.579,tesla,0.08,4.00,0,,192.90,,,,22.00,D,6
14.582,tesla,0.08,4.00,0,,192.90,,,,22.00,D,6
14.585,tesla,0.08,4.00,0,,192.90,,,,196.00,D,6
14.588,tesla,0.08,4.00,0,,192.90,,,,196.00,D,6
14.590,tesla,0.08,4.00,0,,192.90,,,,196.00,D,6
14.593,tesla,0.08,4.00,0,,192.90,,,,196.00,D,6
14.596,tesla,0.08,2.00,0,,192.90,,,,196.00,D,6
14.596,tesla,0.08,2.00,0,,192.90,,,,196.00,D,6
14.599,tesla,0.08,2.00,0,,192.90,,,,196.00,D,6
14.602,tesla,0.08,2.00,0,,192.90,,,,196.00,D,6
14.604,tesla,0.08,2.00,0,,192.90,,,,196.00,D,6
14.604,tesla,0.08,2.00,0,,192.90,,,,196.00,D,6
14.607,tesla,0.08,2.00,0,,192.90,,,,196.00,D,6
14.610,tesla,0.08,2.00,0,,192.90,,,,196.00,D,6
14.613,tesla,0.08,2.00,0,,192.90,,,,196.00,D,6
14.615,tesla,0.08,2.00,0,,192.90,,,,196.00,D,6
14.618,tesla,0.08,2.00,0,,192.90,,,,196.00,D,6
14.621,tesla,0.08,2.00,0,,192.90,,,,196.00,D,6
14.621,tesla,0.08,2.00,0,,192.90,,,,196.00,D,6
14.624,tesla,0.08,2.00,0,,192.90,,,,196.00,D,6
14.627,tesla,0.08,2.00,0,,192.90,,,,196.00,D,6
14.629,tesla,0.08,2.00,0,,192.90,,,,196.00,D,6
14.632,tesla,0.08,2.00,0,,192.90,,,,196.00,D,6
14.632,tesla,0.08,2.00,0,,192.90,,,,196.00,D,6
14.635,tesla,0.08,2.00,0,,192.90,,,,196.00,D,6
14.638,tesla,0.08,2.00,0,,192.90,,,,196.00,D,6
14.640,tesla,0.08,2.00,0,,192.90,,,,196.00,D,6
14.641,tesla,0.08,2.00,0,,192.90,,,,196.00,D,6
14.643,tesla,0.08,2.00,0,,192.90,,,,196.00,D,6
14.643,tesla,0.08,2.00,0,,192.90,,,,196.00,D,6
14.648,tesla,0.08,2.00,0,,192.90,,,,196.00,D,6
14.717,tesla,0.08,2.00,0,,192.90,,,,196.00,D,6
14.720,tesla,0.08,2.00,0,,192.90,,,,196.00,D,6
14.722,tesla,0.08,2.00,0,,192.90,,,,196.00,D,6
14.725,tesla,0.08,2.00,0,,192.90,,,,196.00,D,6
14.728,tesla,0.08,2.00,0,,192.90,,,,196.00,D,6
14.731,tesla,0.08,2.00,0,,192.90,,,,196.00,D,6
14.733,tesla,0.08,2.00,0,,192.90,,,,196.00,D,6
14.733,tesla,0.08,2.00,0,,192.90,,,,196.00,D,6
14.736,tesla,0.08,2.00,0,,192.90,,,,196.00,D,6
14.739,tesla,0.08,2.00,0,,192.90,,,,196.00,D,6
14.742,tesla,0.08,2.00,0,,192.90,,,,196.00,D,6
14.745,tesla,0.08,2.00,0,,192.90,,,,196.00,D,6
14.745,tesla,0.08,2.00,0,,192.90,,,,196.00,D,6
14.747,tesla,0.08,2.00,0,,192.90,,,,196.00,D,6
14.750,tesla,0.08,2.00,0,,192.90,,,,196.00,D,6
14.753,tesla,0.08,2.00,0,,192.90,,,,196.00,D,6
14.756,tesla,0.08,2.00,0,,192.90,,,,196.00,D,6
14.758,tesla,0.08,2.00,0,,192.90,,,,196.00,D,6
14.761,tesla,0.08,2.00,0,,192.90,,,,196.00,D,6
14.764,tesla,0.08,2.00,0,,192.90,,,,196.00,D,6
14.764,tesla,0.08,2.00,0,,192.90,,,,196.00,D,6
14.767,tesla,0.08,2.00,0,,192.90,,,,196.00,D,6
14.770,tesla,0.08,2.00,0,,192.90,,,,196.00,D,6
14.772,tesla,0.08,2.00,0,,192.90,,,,196.00,D,6
14.775,tesla,0.08,2.00,0,,192.90,,,,196.00,D,6
14.778,tesla,0.08,2.00,0,,192.90,,,,196.00,D,6
14.781,tesla,0.08,2.00,0,,192.90,,,,196.00,D,6
14.781,tesla,0.08,2.00,0,,192.90,,,,196.00,D,6
14.783,tesla,0.08,2.00,0,,192.90,,,,196.00,D,6
14.786,tesla,0.08,2.00,0,,192.90,,,,196.00,D,6
14.789,tesla,0.08,2.00,0,,192.90,,,,196.00,D,6
14.789,tesla,0.08,2.00,0,,192.90,,,,196.00,D,6
14.792,tesla,0.08,2.00,0,,192.90,,,,196.00,D,6
14.794,tesla,0.08,2.00,0,,192.90,,,,196.00,D,6
14.797,tesla,0.08,2.00,0,,192.90,,,,196.00,D,6
14.797,tesla,0.08,2.00,0,,192.90,,,,196.00,D,6
14.800,tesla,0.08,2.00,0,,192.90,,,,196.00,D,6
14.803,tesla,0.08,2.00,0,,192.90,,,,196.00,D,6
14.806,tesla,0.08,2.00,0,,192.90,,,,196.00,D,6
14.808,tesla,0.08,2.00,0,,192.90,,,,196.00,D,6
14.811,tesla,0.08,2.00,0,,192.90,,,,196.00,D,6
14.814,tesla,0.08,2.00,0,,192.90,,,,196.00,D,6
14.814,tesla,0.08,2.00,0,,192.90,,,,196.00,D,6
14.817,tesla,0.08,2.00,0,,192.90,,,,196.00,D,6
14.820,tesla,0.08,2.00,0,,192.90,,,,196.00,D,6
14.822,tesla,0.08,2.00,0,,192.90,,,,196.00,D,6
14.822,tesla,0.08,2.00,0,,192.90,,,,196.00,D,6
14.825,tesla,0.08,2.00,0,,192.90,,,,196.00,D,6
14.828,tesla,0.08,2.00,0,,192.90,,,,196.00,D,6
14.831,tesla,0.08,2.00,0,,192.90,,,,196.00,D,6
14.833,tesla,0.08,2.00,0,,192.90,,,,196.00,D,6
14.836,tesla,0.08,2.00,0,,192.90,,,,196.00,D,6
14.839,tesla,0.08,2.00,0,,192.90,,,,196.00,D,6
14.839,tesla,0.08,2.00,0,,192.90,,,,196.00,D,6
14.842,tesla,0.08,2.00,0,,192.90,,,,196.00,D,6
14.844,tesla,0.08,2.00,0,,192.90,,,,196.00,D,6
14.847,tesla,0.08,2.00,0,,192.90,,,,196.00,D,6
14.847,tesla,0.08,2.00,0,,192.90,,,,196.00,D,6
14.850,tesla,0.08,2.00,0,,192.90,,,,196.00,D,6
14.853,tesla,0.08,2.00,0,,192.90,,,,196.00,D,6
14.856,tesla,0.08,2.00,0,,192.90,,,,196.00,D,6
14.858,tesla,0.08,2.00,0,,192.90,,,,196.00,D,6
14.861,tesla,0.08,2.00,0,,192.90,,,,196.00,D,6
14.861,tesla,0.32,2.00,0,,192.90,,,,196.00,D,6
14.864,tesla,0.32,2.00,0,,192.90,,,,196.00,D,6
14.867,tesla,0.32,2.00,0,,192.90,,,,196.00,D,6
14.869,tesla,0.32,2.00,0,,192.90,,,,196.00,D,6
14.872,tesla,0.32,2.00,0,,192.90,,,,196.00,D,6
14.875,tesla,0.32,0.00,0,,192.90,,,,196.00,D,6
14.878,tesla,0.32,0.00,0,,192.90,,,,196.00,D,6
14.878,tesla,0.32,0.00,0,,192.90,,,,196.00,D,6
14.881,tesla,0.32,0.00,0,,192.90,,,,196.00,D,6
14.883,tesla,0.32,0.00,0,,192.90,,,,196.00,D,6
14.886,tesla,0.32,0.00,0,,192.90,,,,196.00,D,6
14.889,tesla,0.32,0.00,0,,192.90,,,,196.00,D,6
14.892,tesla,0.32,0.00,0,,192.90,,,,196.00,D,6
14.894,tesla,0.32,0.00,0,,192.90,,,,196.00,D,6
14.895,tesla,0.32,0.00,0,,192.90,,,,196.00,D,6
14.897,tesla,0.32,0.00,0,,192.90,,,,196.00,D,6
14.900,tesla,0.32,0.00,0,,192.90,,,,196.00,D,6
14.903,tesla,0.32,0.00,0,,192.90,,,,196.00,D,6
14.906,tesla,0.32,0.00,0,,192.90,,,,196.00,D,6
14.908,tesla,0.32,0.00,0,,192.90,,,,196.00,D,6
14.911,tesla,0.32,0.00,0,,192.90,,,,196.00,D,6
14.911,tesla,0.32,0.00,0,,192.90,,,,196.00,D,6
14.914,tesla,0.32,0.00,0,,192.90,,,,196.00,D,6
14.917,tesla,0.32,0.00,0,,192.90,,,,196.00,D,6
14.920,tesla,0.32,0.00,0,,192.90,,,,196.00,D,6
14.922,tesla,0.32,0.00,0,,192.90,,,,196.00,D,6
14.925,tesla,0.32,0.00,0,,192.90,,,,196.00,D,6
14.925,tesla,0.32,0.00,0,,192.90,,,,196.00,D,6
14.928,tesla,0.32,0.00,0,,192.90,,,,196.00,D,6
14.931,tesla,0.32,0.00,0,,192.90,,,,196.00,D,6
14.933,tesla,0.32,0.00,0,,192.90,,,,196.00,D,6
14.936,tesla,0.32,0.00,0,,192.90,,,,196.00,D,6
14.939,tesla,0.32,0.00,0,,192.90,,,,196.00,D,6
14.942,tesla,0.32,0.00,0,,192.90,,,,196.00,D,6
14.942,tesla,0.32,0.00,0,,192.90,,,,196.00,D,6
14.945,tesla,0.32,0.00,0,,192.90,,,,196.00,D,6
14.947,tesla,0.32,0.00,0,,192.90,,,,196.00,D,6
14.950,tesla,0.32,0.00,0,,192.90,,,,196.00,D,6
14.953,tesla,0.32,0.00,0,,192.90,,,,196.00,D,6
14.953,tesla,0.32,0.00,0,,192.90,,,,196.00,D,6
14.956,tesla,0.32,0.00,0,,192.90,,,,196.00,D,6
14.958,tesla,0.32,0.00,0,,192.90,,,,196.00,D,6
14.961,tesla,0.32,0.00,0,,192.90,,,,196.00,D,6
14.964,tesla,0.32,0.00,0,,192.90,,,,196.00,D,6
14.967,tesla,0.32,0.00,0,,192.90,,,,196.00,D,6
14.967,tesla,0.32,0.00,0,,192.90,,,,196.00,D,6
14.970,tesla,0.32,0.00,0,,192.90,,,,196.00,D,6
14.972,tesla,0.32,0.00,0,,192.90,,,,196.00,D,6
14.975,tesla,0.32,0.00,0,,192.90,,,,196.00,D,6
14.978,tesla,0.32,0.00,0,,192.90,,,,196.00,D,6
14.981,tesla,0.32,0.00,0,,192.90,,,,196.00,D,6
14.983,tesla,0.32,0.00,0,,192.90,,,,196.00,D,6
14.986,tesla,0.32,0.00,0,,192.90,,,,196.00,D,6
14.986,tesla,0.32,0.00,0,,192.90,,,,196.00,D,6
14.989,tesla,0.32,0.00,0,,192.90,,,,196.00,D,6
14.992,tesla,0.32,0.00,0,,192.90,,,,196.00,D,6
14.994,tesla,0.32,0.00,0,,192.90,,,,196.00,D,6
14.995,tesla,0.32,0.00,0,,192.90,,,,196.00,D,6
14.997,tesla,0.32,0.00,0,,192.90,,,,196.00,D,6
15.000,tesla,0.32,0.00,0,,192.90,,,,196.00,D,6
15.000,tesla,0.32,0.00,0,,192.90,,,,196.00,D,6
15.003,tesla,0.32,0.00,0,,192.90,,,,196.00,D,6
15.006,tesla,0.32,0.00,0,,192.90,,,,196.00,D,6
15.008,tesla,0.32,0.00,0,,192.90,,,,196.00,D,6
15.011,tesla,0.32,0.00,0,,192.90,,,,196.00,D,6
15.014,tesla,0.32,0.00,0,,192.90,,,,196.00,D,6
15.017,tesla,0.32,0.00,0,,192.90,,,,196.00,D,6
15.017,tesla,0.32,0.00,0,,192.90,,,,196.00,D,6
15.020,tesla,0.32,0.00,0,,192.90,,,,196.00,D,6
15.022,tesla,0.32,0.00,0,,192.90,,,,196.00,D,6
15.025,tesla,0.32,0.00,0,,192.90,,,,196.00,D,6
15.025,tesla,0.32,0.00,0,,192.90,,,,196.00,D,6
15.028,tesla,0.32,0.00,0,,192.90,,,,196.00,D,6
15.031,tesla,0.32,0.00,0,,192.90,,,,196.00,D,6
15.033,tesla,0.32,0.00,0,,192.90,,,,196.00,D,6
15.036,tesla,0.32,0.00,0,,192.90,,,,196.00,D,6
15.039,tesla,0.32,0.00,0,,192.90,,,,196.00,D,6
15.039,tesla,0.32,0.00,0,,192.90,,,,196.00,D,6
15.042,tesla,0.32,0.00,0,,192.90,,,,196.00,D,6
15.045,tesla,0.32,0.00,0,,192.90,,,,196.00,D,6
15.047,tesla,0.32,0.00,0,,192.90,,,,196.00,D,6
15.047,tesla,0.32,0.00,0,,192.90,,,,196.00,D,6
15.050,tesla,0.32,0.00,0,,192.90,,,,196.00,D,6
15.053,tesla,0.32,0.00,0,,192.90,,,,196.00,D,6
15.056,tesla,0.32,0.00,0,,192.90,,,,196.00,D,6
15.058,tesla,0.32,0.00,0,,192.90,,,,196.00,D,6
15.061,tesla,0.32,0.00,0,,192.90,,,,196.00,D,6
15.064,tesla,0.32,0.00,0,,192.90,,,,196.00,D,6
15.064,tesla,0.32,0.00,0,,192.90,,,,196.00,D,6
15.067,tesla,0.32,0.00,0,,192.90,,,,196.00,D,6
15.070,tesla,0.32,0.00,0,,192.90,,,,196.00,D,6
15.072,tesla,0.32,0.00,0,,192.90,,,,196.00,D,6
15.075,tesla,0.32,0.00,0,,192.90,,,,196.00,D,6
15.078,tesla,0.32,0.00,0,,192.90,,,,196.00,D,6
15.078,tesla,0.32,0.00,0,,192.90,,,,196.00,D,6
15.081,tesla,0.32,0.00,0,,192.90,,,,196.00,D,6
15.083,tesla,0.32,0.00,0,,192.60,,,,196.00,D,6
15.086,tesla,0.32,0.00,0,,192.60,,,,196.00,D,6
15.089,tesla,0.32,0.00,0,,192.40,,,,196.00,D,6
15.092,tesla,0.32,0.00,0,,192.40,,,,196.00,D,6
15.095,tesla,0.32,0.00,0,,192.40,,,,196.00,D,6
15.095,tesla,0.32,0.00,0,,192.40,,,,196.00,D,6
15.097,tesla,0.32,0.00,0,,192.40,,,,196.00,D,6
15.100,tesla,0.32,0.00,0,,192.40,,,,196.00,D,6
15.103,tesla,0.32,0.00,0,,192.40,,,,196.00,D,6
15.106,tesla,0.32,0.00,0,,192.40,,,,196.00,D,6
15.108,tesla,0.32,0.00,0,,192.40,,,,196.00,D,6
15.109,tesla,0.32,0.00,0,,192.40,,,,196.00,D,6
15.111,tesla,0.32,0.00,0,,192.40,,,,196.00,D,6
15.114,tesla,0.32,0.00,0,,192.40,,,,196.00,D,6
15.117,tesla,0.32,0.00,0,,192.40,,,,196.00,D,6
15.120,tesla,0.32,0.00,0,,192.40,,,,196.00,D,6
15.122,tesla,0.32,0.00,0,,192.40,,,,196.00,D,6
15.122,tesla,0.32,0.00,0,,192.40,,,,196.00,D,6
15.125,tesla,0.32,0.00,0,,192.40,,,,196.00,D,6
15.128,tesla,0.32,0.00,0,,192.40,,,,196.00,D,6
15.128,tesla,0.32,0.00,0,,192.40,,,,196.00,D,6
15.131,tesla,0.32,0.00,0,,192.40,,,,196.00,D,6
15.133,tesla,0.32,0.00,0,,192.40,,,,196.00,D,6
15.136,tesla,0.32,0.00,0,,192.40,,,,196.00,D,6
15.136,tesla,0.32,0.00,0,,192.40,,,,196.00,D,6
15.139,tesla,0.32,0.00,0,,192.40,,,,196.00,D,6
15.142,tesla,0.32,0.00,0,,192.40,,,,196.00,D,6
15.144,tesla,0.32,0.00,0,,192.40,,,,196.00,D,6
15.147,tesla,0.32,0.00,0,,192.40,,,,196.00,D,6
15.150,tesla,0.32,0.00,0,,192.40,,,,196.00,D,6
15.153,tesla,0.32,0.00,0,,192.40,,,,196.00,D,6
15.153,tesla,0.32,0.00,0,,192.40,,,,196.00,D,6
15.156,tesla,0.32,0.00,0,,192.40,,,,196.00,D,6
15.158,tesla,0.32,0.00,0,,192.40,,,,196.00,D,6
15.161,tesla,0.32,0.00,0,,192.40,,,,196.00,D,6
15.164,tesla,0.32,0.00,0,,192.40,,,,196.00,D,6
15.167,tesla,0.32,0.00,0,,192.40,,,,196.00,D,6
15.169,tesla,0.32,0.00,0,,192.40,,,,196.00,D,6
15.172,tesla,0.32,0.00,0,,192.40,,,,196.00,D,6
15.172,tesla,0.32,0.00,0,,192.40,,,,196.00,D,6
15.175,tesla,0.32,0.00,0,,192.40,,,,196.00,D,6
15.178,tesla,0.32,0.00,0,,192.40,,,,196.00,D,6
15.181,tesla,0.32,0.00,0,,192.40,,,,196.00,D,6
15.183,tesla,0.32,0.00,0,,192.40,,,,196.00,D,6
15.186,tesla,0.32,0.00,0,,192.40,,,,196.00,D,6
15.186,tesla,0.32,0.00,0,,192.40,,,,196.00,D,6
15.189,tesla,0.32,0.00,0,,192.40,,,,196.00,D,6
15.192,tesla,0.32,0.00,0,,192.40,,,,196.00,D,6
15.195,tesla,0.32,0.00,0,,192.40,,,,196.00,D,6
15.195,tesla,0.32,0.00,0,,192.40,,,,196.00,D,6
15.197,tesla,0.32,0.00,0,,192.40,,,,196.00,D,6
15.200,tesla,0.32,0.00,0,,192.40,,,,196.00,D,6
15.203,tesla,0.32,0.00,0,,192.40,,,,196.00,D,6
15.206,tesla,0.32,0.00,0,,192.40,,,,196.00,D,6
15.208,tesla,0.32,0.00,0,,192.40,,,,196.00,D,6
15.211,tesla,0.32,0.00,0,,192.40,,,,196.00,D,6
15.214,tesla,0.32,0.00,0,,192.40,,,,196.00,D,6
15.214,tesla,0.32,0.00,0,,192.40,,,,196.00,D,6
15.217,tesla,0.32,0.00,0,,192.40,,,,196.00,D,6
15.220,tesla,0.32,0.00,0,,192.40,,,,196.00,D,6
15.222,tesla,0.32,0.00,0,,192.40,,,,196.00,D,6
15.225,tesla,0.32,0.00,0,,192.40,,,,196.00,D,6
15.228,tesla,0.32,0.00,0,,192.40,,,,196.00,D,6
15.228,tesla,0.32,0.00,0,,192.40,,,,196.00,D,6
15.231,tesla,0.32,0.00,0,,192.40,,,,196.00,D,6
15.233,tesla,0.32,0.00,0,,192.40,,,,196.00,D,6
15.233,tesla,0.32,0.00,0,,192.40,,,,196.00,D,6
15.236,tesla,0.32,0.00,0,,192.40,,,,196.00,D,6
15.239,tesla,0.32,0.00,0,,192.40,,,,196.00,D,6
15.242,tesla,0.32,0.00,0,,192.40,,,,196.00,D,6
15.242,tesla,0.32,0.00,0,,192.40,,,,196.00,D,6
15.244,tesla,0.32,0.00,0,,192.40,,,,196.00,D,6
15.247,tesla,0.32,0.00,0,,192.40,,,,196.00,D,6
15.250,tesla,0.32,0.00,0,,192.40,,,,196.00,D,6
15.253,tesla,0.32,0.00,0,,192.40,,,,196.00,D,6
15.256,tesla,0.32,0.00,0,,192.40,,,,196.00,D,6
15.258,tesla,0.32,0.00,0,,192.40,,,,196.00,D,6
15.259,tesla,0.32,0.00,0,,192.40,,,,196.00,D,6
15.261,tesla,0.08,0.00,0,,192.40,,,,196.00,D,6
15.264,tesla,0.08,0.00,0,,192.40,,,,196.00,D,6
15.267,tesla,0.08,0.00,0,,192.40,,,,196.00,D,6
15.269,tesla,0.08,0.00,0,,192.40,,,,196.00,D,6
15.272,tesla,0.08,0.00,0,,192.40,,,,196.00,D,6
15.272,tesla,0.08,0.00,0,,192.40,,,,196.00,D,6
15.275,tesla,0.08,0.00,0,,191.00,,,,196.00,D,6
15.278,tesla,0.08,0.00,0,,191.00,,,,196.00,D,6
15.281,tesla,0.08,0.00,0,,191.00,,,,196.00,D,6
15.281,tesla,0.08,0.00,0,,191.00,,,,196.00,D,6
15.283,tesla,0.08,0.00,0,,191.00,,,,196.00,D,6
15.286,tesla,0.08,0.00,0,,191.00,,,,196.00,D,6
15.289,tesla,0.08,0.00,0,,191.00,,,,196.00,D,6
15.292,tesla,0.08,0.00,0,,191.00,,,,196.00,D,6
15.295,tesla,0.08,0.00,0,,191.00,,,,196.00,D,6
15.295,tesla,0.08,0.00,0,,191.00,,,,196.00,D,6
15.297,tesla,0.08,0.00,0,,191.00,,,,196.00,D,6
15.300,tesla,0.08,0.00,0,,191.00,,,,196.00,D,6
15.303,tesla,0.08,0.00,0,,191.00,,,,196.00,D,6
15.306,tesla,0.08,0.00,0,,191.00,,,,196.00,D,6
15.306,tesla,0.08,0.00,0,,191.00,,,,196.00,D,6
15.308,tesla,0.08,0.00,0,,191.00,,,,196.00,D,6
15.311,tesla,0.08,0.00,0,,191.00,,,,196.00,D,6
15.314,tesla,0.08,0.00,0,,191.00,,,,196.00,D,6
15.314,tesla,0.08,0.00,0,,191.00,,,,196.00,D,6
15.317,tesla,0.08,0.00,0,,191.00,,,,196.00,D,6
15.320,tesla,0.08,0.00,0,,191.00,,,,196.00,D,6
15.322,tesla,0.08,0.00,0,,191.00,,,,196.00,D,6
15.325,tesla,0.08,0.00,0,,191.00,,,,196.00,D,6
15.325,tesla,0.08,0.00,0,,191.00,,,,196.00,D,6
15.328,tesla,0.08,0.00,0,,191.00,,,,196.00,D,6
15.328,tesla,0.08,0.00,0,,191.00,,,,196.00,D,6
15.331,tesla,0.08,0.00,0,,191.00,,,,196.00,D,6
15.333,tesla,0.08,0.00,0,,191.00,,,,196.00,D,6
15.336,tesla,0.08,0.00,0,,191.00,,,,196.00,D,6
15.339,tesla,0.08,0.00,0,,191.00,,,,196.00,D,6
15.342,tesla,0.08,0.00,0,,191.00,,,,196.00,D,6
15.344,tesla,0.08,0.00,0,,191.00,,,,196.00,D,6
15.345,tesla,0.08,0.00,0,,191.00,,,,196.00,D,6
15.347,tesla,0.08,0.00,0,,191.00,,,,196.00,D,6
15.350,tesla,0.08,0.00,0,,191.00,,,,196.00,D,6
15.353,tesla,0.08,0.00,0,,191.00,,,,196.00,D,6
15.356,tesla,0.08,0.00,0,,191.00,,,,196.00,D,6
15.358,tesla,0.08,0.00,0,,191.00,,,,196.00,D,6
15.361,tesla,0.08,0.00,0,,191.00,,,,196.00,D,6
15.361,tesla,0.08,0.00,0,,191.00,,,,196.00,D,6
15.364,tesla,0.08,0.00,0,,191.00,,,,196.00,D,6
15.367,tesla,0.08,0.00,0,,191.00,,,,196.00,D,6
15.370,tesla,0.08,0.00,0,,191.00,,,,196.00,D,6
15.370,tesla,0.08,0.00,0,,191.00,,,,196.00,D,6
15.372,tesla,0.08,0.00,0,,191.00,,,,196.00,D,6
15.375,tesla,0.08,0.00,0,,191.00,,,,196.00,D,6
15.375,tesla,0.08,0.00,0,,191.00,,,,196.00,D,6
15.378,tesla,0.08,0.00,0,,191.00,,,,196.00,D,6
15.381,tesla,0.08,0.00,0,,191.00,,,,196.00,D,6
15.383,tesla,0.08,0.00,0,,191.00,,,,196.00,D,6
15.386,tesla,0.08,0.00,0,,191.00,,,,196.00,D,6
15.389,tesla,0.08,0.00,0,,191.00,,,,196.00,D,6
15.389,tesla,0.08,0.00,0,,191.00,,,,196.00,D,6
15.392,tesla,0.08,0.00,0,,191.00,,,,196.00,D,6
15.395,tesla,0.08,0.00,0,,191.00,,,,196.00,D,6
15.397,tesla,0.08,0.00,0,,191.00,,,,196.00,D,6
15.400,tesla,0.08,0.00,0,,191.00,,,,196.00,D,6
15.400,tesla,0.08,0.00,0,,191.00,,,,196.00,D,6
15.403,tesla,0.08,0.00,0,,191.00,,,,196.00,D,6
15.406,tesla,0.08,0.00,0,,191.00,,,,196.00,D,6
15.408,tesla,0.08,0.00,0,,191.00,,,,196.00,D,6
15.411,tesla,0.08,0.00,0,,191.00,,,,196.00,D,6
15.414,tesla,0.08,0.00,0,,191.00,,,,196.00,D,6
15.417,tesla,0.08,0.00,0,,191.00,,,,196.00,D,6
15.420,tesla,0.08,0.00,0,,191.00,,,,196.00,D,6
15.420,tesla,0.08,0.00,0,,191.00,,,,196.00,D,6
15.422,tesla,0.08,0.00,0,,191.00,,,,196.00,D,6
15.425,tesla,0.08,0.00,0,,191.00,,,,196.00,D,6
15.428,tesla,0.08,0.00,0,,191.00,,,,196.00,D,6
15.431,tesla,0.08,0.00,0,,191.00,,,,196.00,D,6
15.433,tesla,0.08,0.00,0,,191.00,,,,196.00,D,6
15.436,tesla,0.08,0.00,1,,191.00,,,,196.00,D,6
15.436,tesla,0.08,0.00,1,,191.00,,,,196.00,D,6
15.439,tesla,0.08,0.00,1,,191.00,,,,196.00,D,6
15.442,tesla,0.08,0.00,1,,191.00,,,,196.00,D,6
15.444,tesla,0.08,0.00,1,,191.00,,,,196.00,D,6
15.445,tesla,0.08,0.00,1,,191.00,,,,196.00,D,6
15.447,tesla,0.08,0.00,1,,191.00,,,,196.00,D,6
15.450,tesla,0.08,0.00,1,,191.00,,,,196.00,D,6
15.453,tesla,0.08,0.00,1,,191.00,,,,196.00,D,6
15.456,tesla,0.08,0.00,1,,191.00,,,,196.00,D,6
15.458,tesla,0.08,0.00,1,,191.00,,,,196.00,D,6
15.459,tesla,0.08,0.00,1,,191.00,,,,196.00,D,6
15.461,tesla,0.08,0.00,1,,191.00,,,,196.00,D,6
15.464,tesla,0.08,0.00,1,,191.00,,,,196.00,D,6
15.467,tesla,0.08,0.00,1,,191.00,,,,196.00,D,6
15.470,tesla,0.08,0.00,1,,191.00,,,,196.00,D,6
15.472,tesla,0.08,0.00,1,,191.00,,,,196.00,D,6
15.475,tesla,0.08,0.00,1,,191.00,,,,196.00,D,6
15.478,tesla,0.08,0.00,1,,191.00,,,,196.00,D,6
15.478,tesla,0.08,0.00,1,,191.00,,,,196.00,D,6
15.481,tesla,0.08,0.00,1,,191.00,,,,196.00,D,6
15.483,tesla,0.08,0.00,1,,191.00,,,,196.00,D,6
15.486,tesla,0.08,0.00,1,,191.00,,,,196.00,D,6
15.489,tesla,0.08,0.00,1,,191.00,,,,196.00,D,6
15.489,tesla,0.08,0.00,1,,191.00,,,,196.00,D,6
15.492,tesla,0.08,0.00,1,,191.00,,,,196.00,D,6
15.494,tesla,0.08,0.00,1,,191.00,,,,196.00,D,6
15.497,tesla,0.08,0.00,1,,191.00,,,,196.00,D,6
15.500,tesla,0.08,0.00,1,,191.00,,,,196.00,D,6
15.503,tesla,0.08,0.00,1,,191.00,,,,196.00,D,6
15.506,tesla,0.08,0.00,1,,191.00,,,,196.00,D,6
15.508,tesla,0.08,0.00,1,,191.00,,,,196.00,D,6
15.509,tesla,0.08,0.00,1,,191.00,,,,196.00,D,6
15.511,tesla,0.08,0.00,1,,191.00,,,,196.00,D,6
15.514,tesla,0.08,0.00,1,,191.00,,,,196.00,D,6
15.517,tesla,0.08,0.00,1,,191.00,,,,196.00,D,6
15.520,tesla,0.08,0.00,1,,191.00,,,,196.00,D,6
15.520,tesla,0.08,0.00,1,,191.00,,,,196.00,D,6
15.522,tesla,0.08,0.00,1,,191.00,,,,196.00,D,6
15.525,tesla,0.08,0.00,1,,191.00,,,,196.00,D,6
15.528,tesla,0.08,0.00,1,,191.00,,,,196.00,D,6
15.528,tesla,0.08,0.00,1,,191.00,,,,196.00,D,6
15.531,tesla,0.08,0.00,1,,191.00,,,,196.00,D,6
15.533,tesla,0.08,0.00,1,,191.00,,,,196.00,D,6
15.536,tesla,0.08,0.00,1,,191.00,,,,196.00,D,6
15.539,tesla,0.08,0.00,1,,191.00,,,,196.00,D,6
15.542,tesla,0.08,0.00,1,,191.00,,,,196.00,D,6
15.542,tesla,0.08,0.00,1,,191.00,,,,196.00,D,6
15.544,tesla,0.08,0.00,1,,191.00,,,,196.00,D,6
15.545,tesla,0.08,0.00,1,,191.00,,,,196.00,D,6
15.547,tesla,0.08,0.00,1,,191.00,,,,196.00,D,6
15.550,tesla,0.08,0.00,1,,191.00,,,,196.00,D,6
15.553,tesla,0.08,0.00,1,,191.00,,,,196.00,D,6
15.556,tesla,0.08,0.00,1,,191.00,,,,196.00,D,6
15.558,tesla,0.08,0.00,1,,191.00,,,,196.00,D,6
15.559,tesla,0.08,0.00,1,,191.00,,,,196.00,D,6
15.561,tesla,0.08,0.00,1,,191.00,,,,196.00,D,6
15.564,tesla,0.08,0.00,1,,191.00,,,,196.00,D,6
15.567,tesla,0.08,0.00,1,,191.00,,,,196.00,D,6
15.567,tesla,0.08,0.00,1,,191.00,,,,196.00,D,6
15.569,tesla,0.08,0.00,1,,191.00,,,,196.00,D,6
15.572,tesla,0.08,0.00,1,,191.00,,,,196.00,D,6
15.575,tesla,0.08,0.00,1,,191.00,,,,196.00,D,6
15.578,tesla,0.08,0.00,1,,191.00,,,,196.00,D,6
15.581,tesla,0.08,0.00,1,,191.00,,,,196.00,D,6
15.583,tesla,0.08,0.00,1,,191.00,,,,196.00,D,6
15.584,tesla,0.08,0.00,1,,191.00,,,,196.00,D,6
15.586,tesla,0.08,0.00,1,,191.00,,,,196.00,D,6
15.589,tesla,0.08,0.00,1,,191.00,,,,196.00,D,6
15.589,tesla,0.08,0.00,1,,191.00,,,,196.00,D,6
15.592,tesla,0.08,0.00,1,,191.00,,,,196.00,D,6
15.595,tesla,0.08,0.00,1,,191.00,,,,196.00,D,6
15.597,tesla,0.08,0.00,1,,191.00,,,,196.00,D,6
15.600,tesla,0.08,0.00,1,,191.00,,,,196.00,D,6
15.603,tesla,0.08,0.00,1,,191.00,,,,196.00,D,6
15.603,tesla,0.08,0.00,1,,191.00,,,,196.00,D,6
15.606,tesla,0.08,0.00,1,,191.00,,,,196.00,D,6
15.608,tesla,0.08,0.00,1,,191.00,,,,196.00,D,6
15.611,tesla,0.08,0.00,1,,191.00,,,,196.00,D,6
15.614,tesla,0.08,0.00,1,,191.00,,,,196.00,D,6
15.617,tesla,0.08,0.00,1,,191.00,,,,196.00,D,6
15.620,tesla,0.08,0.00,1,,191.00,,,,196.00,D,6
15.622,tesla,0.08,0.00,1,,191.00,,,,196.00,D,6
15.622,tesla,0.08,0.00,1,,191.00,,,,196.00,D,6
15.625,tesla,0.08,0.00,1,,191.00,,,,196.00,D,6
15.628,tesla,0.08,0.00,1,,191.00,,,,196.00,D,6
15.631,tesla,0.08,0.00,1,,191.00,,,,196.00,D,6
15.633,tesla,0.08,0.00,1,,191.00,,,,196.00,D,6
15.636,tesla,0.08,0.00,1,,191.00,,,,196.00,D,6
15.639,tesla,0.08,0.00,1,,191.00,,,,196.00,D,6
15.639,tesla,0.08,0.00,1,,191.00,,,,196.00,D,6
15.642,tesla,0.08,0.00,1,,191.00,,,,196.00,D,6
15.645,tesla,0.08,0.00,1,,191.00,,,,196.00,D,6
15.645,tesla,0.08,0.00,1,,191.00,,,,196.00,D,6
15.647,tesla,0.08,0.00,1,,191.00,,,,196.00,D,6
15.650,tesla,0.08,0.00,1,,191.00,,,,196.00,D,6
15.653,tesla,0.08,0.00,1,,191.00,,,,196.00,D,6
15.656,tesla,0.08,0.00,1,,191.00,,,,196.00,D,6
15.658,tesla,0.08,0.00,1,,191.00,,,,196.00,D,6
15.659,tesla,0.08,0.00,1,,191.00,,,,196.00,D,6
15.661,tesla,0.08,0.00,1,,191.00,,,,196.00,D,6
15.664,tesla,0.08,0.00,1,,191.00,,,,196.00,D,6
15.667,tesla,0.08,0.00,1,,191.00,,,,196.00,D,6
15.669,tesla,0.08,0.00,1,,191.00,,,,196.00,D,6
15.672,tesla,0.08,0.00,1,,191.00,,,,196.00,D,6
15.675,tesla,0.08,0.00,1,,191.00,,,,196.00,D,6
15.678,tesla,0.08,0.00,1,,191.00,,,,196.00,D,6
15.678,tesla,0.08,0.00,1,,191.00,,,,196.00,D,6
15.681,tesla,0.08,0.00,1,,191.00,,,,196.00,D,6
15.683,tesla,0.08,0.00,1,,191.00,,,,196.00,D,6
15.686,tesla,0.08,0.00,1,,191.00,,,,196.00,D,6
15.689,tesla,0.08,0.00,1,,191.00,,,,196.00,D,6
15.692,tesla,0.08,0.00,1,,191.00,,,,196.00,D,6
15.692,tesla,0.08,0.00,1,,191.00,,,,196.00,D,6
15.694,tesla,0.08,0.00,1,,191.00,,,,196.00,D,6
15.697,tesla,0.08,0.00,1,,191.00,,,,196.00,D,6
15.700,tesla,0.08,0.00,1,,191.00,,,,196.00,D,6
15.700,tesla,0.08,0.00,1,,191.00,,,,196.00,D,6
15.703,tesla,0.08,0.00,1,,191.00,,,,196.00,D,6
15.706,tesla,0.08,0.00,1,,191.00,,,,196.00,D,6
15.708,tesla,0.08,0.00,1,,191.00,,,,196.00,D,6
15.711,tesla,0.08,0.00,1,,191.00,,,,196.00,D,6
15.714,tesla,0.08,0.00,1,,191.00,,,,196.00,D,6
15.714,tesla,0.08,0.00,1,,191.00,,,,196.00,D,6
15.717,tesla,0.08,0.00,1,,191.00,,,,196.00,D,6
15.720,tesla,0.08,0.00,1,,191.00,,,,196.00,D,6
15.720,tesla,0.08,0.00,1,,191.00,,,,196.00,D,6
15.720,tesla,0.08,0.00,1,,191.00,,,,196.00,D,6
15.722,tesla,0.08,0.00,1,,191.00,,,,196.00,D,6
15.725,tesla,0.08,0.00,1,,191.00,,,,196.00,D,6
15.728,tesla,0.08,0.00,1,,191.00,,,,196.00,D,6
15.731,tesla,0.08,0.00,1,,191.00,,,,196.00,D,6
15.733,tesla,0.08,0.00,1,,191.00,,,,196.00,D,6
15.734,tesla,0.08,0.00,1,,191.00,,,,196.00,D,6
15.736,tesla,0.08,0.00,1,,191.00,,,,196.00,D,6
15.739,tesla,0.08,0.00,1,,191.00,,,,196.00,D,6
15.742,tesla,0.08,0.00,1,,191.00,,,,196.00,D,6
15.745,tesla,0.08,0.00,1,,191.00,,,,196.00,D,6
15.745,tesla,0.08,0.00,1,,191.00,,,,196.00,D,6
15.747,tesla,0.08,0.00,1,,191.00,,,,196.00,D,6
15.750,tesla,0.08,0.00,1,,191.00,,,,196.00,D,6
15.753,tesla,0.08,0.00,1,,191.00,,,,196.00,D,6
15.753,tesla,0.08,0.00,1,,191.00,,,,196.00,D,6
15.756,tesla,0.08,0.00,1,,191.00,,,,196.00,D,6
15.758,tesla,0.08,0.00,1,,191.00,,,,196.00,D,6
15.761,tesla,0.08,0.00,1,,191.00,,,,196.00,D,6
15.761,tesla,0.08,0.00,1,,191.00,,,,196.00,D,6
15.764,tesla,0.08,0.00,1,,191.00,,,,196.00,D,6
15.767,tesla,0.08,0.00,1,,191.00,,,,196.00,D,6
15.769,tesla,0.08,0.00,1,,191.00,,,,196.00,D,6
15.772,tesla,0.08,0.00,1,,191.00,,,,196.00,D,6
15.775,tesla,0.08,0.00,1,,191.00,,,,196.00,D,6
15.775,tesla,0.08,0.00,1,,191.00,,,,196.00,D,6
15.778,tesla,0.00,0.00,1,,191.00,,,,196.00,D,6
15.781,tesla,0.00,0.00,1,,191.00,,,,196.00,D,6
15.783,tesla,0.00,0.00,1,,191.00,,,,0.00,D,6
15.786,tesla,0.00,0.00,1,,191.00,,,,0.00,D,6
15.789,tesla,0.00,0.00,1,,191.00,,,,0.00,D,6
15.792,tesla,0.00,0.00,1,,191.00,,,,0.00,D,6
15.792,tesla,0.00,0.00,1,,191.00,,,,0.00,D,6
15.794,tesla,0.00,0.00,1,,191.00,,,,0.00,D,6
15.797,tesla,0.00,0.00,1,,191.00,,,,0.00,D,6
15.800,tesla,0.00,0.00,1,,191.00,,,,0.00,D,6
15.803,tesla,0.00,0.00,1,,191.00,,,,0.00,D,6
15.806,tesla,0.00,0.00,1,,191.00,,,,0.00,D,6
15.806,tesla,0.00,0.00,1,,191.00,,,,0.00,D,6
15.808,tesla,0.00,0.00,1,,191.00,,,,0.00,D,6
15.811,tesla,0.00,0.00,1,,191.00,,,,0.00,D,6
15.814,tesla,0.00,0.00,1,,191.00,,,,0.00,D,6
15.817,tesla,0.00,0.00,1,,191.00,,,,0.00,D,6
15.820,tesla,0.00,0.00,1,,191.00,,,,0.00,D,6
15.820,tesla,0.00,0.00,1,,191.00,,,,0.00,D,6
15.822,tesla,0.00,0.00,1,,191.00,,,,0.00,D,6
15.825,tesla,0.00,0.00,1,,191.00,,,,0.00,D,6
15.828,tesla,0.00,0.00,1,,191.00,,,,0.00,D,6
15.831,tesla,0.00,0.00,1,,191.00,,,,0.00,D,6
15.831,tesla,0.00,0.00,1,,191.00,,,,0.00,D,6
15.833,tesla,0.00,0.00,1,,191.00,,,,0.00,D,6
15.836,tesla,0.00,0.00,1,,191.00,,,,0.00,D,6
15.839,tesla,0.00,0.00,1,,191.00,,,,0.00,D,6
15.842,tesla,0.00,0.00,1,,191.00,,,,0.00,D,6
15.845,tesla,0.00,0.00,1,,191.00,,,,0.00,D,6
15.847,tesla,0.00,0.00,1,,191.00,,,,0.00,D,6
15.847,tesla,0.00,0.00,1,,191.00,,,,0.00,D,6
15.850,tesla,0.00,0.00,1,,191.00,,,,0.00,D,6
15.853,tesla,0.00,0.00,1,,191.00,,,,0.00,D,6
15.856,tesla,0.00,0.00,1,,191.00,,,,0.00,D,6
15.858,tesla,0.00,0.00,1,,191.00,,,,0.00,D,6
15.861,tesla,0.00,0.00,1,,191.00,,,,0.00,D,6
15.861,tesla,0.00,0.00,1,,191.00,,,,0.00,D,6
15.864,tesla,0.00,0.00,1,,191.00,,,,0.00,D,6
15.867,tesla,0.00,0.00,1,,191.00,,,,0.00,D,6
15.870,tesla,0.00,0.00,1,,191.00,,,,0.00,D,6
15.872,tesla,0.00,0.00,1,,191.00,,,,0.00,D,6
15.875,tesla,0.00,0.00,1,,191.00,,,,0.00,D,6
15.878,tesla,0.00,0.00,1,,191.00,,,,0.00,D,6
15.881,tesla,0.00,0.00,1,,191.00,,,,0.00,D,6
15.881,tesla,0.00,0.00,1,,191.00,,,,0.00,D,6
15.883,tesla,0.00,0.00,1,,191.00,,,,0.00,D,6
15.886,tesla,0.00,0.00,1,,191.00,,,,0.00,D,6
15.889,tesla,0.00,0.00,1,,191.00,,,,0.00,D,6
15.889,tesla,0.00,0.00,1,,191.00,,,,0.00,D,6
15.892,tesla,0.00,0.00,1,,191.00,,,,0.00,D,6
15.895,tesla,0.00,0.00,1,,191.00,,,,0.00,D,6
15.897,tesla,0.00,0.00,1,,191.00,,,,0.00,D,6
15.900,tesla,0.00,0.00,1,,191.00,,,,0.00,D,6
15.900,tesla,0.00,0.00,1,,191.00,,,,0.00,D,6
15.903,tesla,0.00,0.00,1,,191.00,,,,0.00,D,6
15.906,tesla,0.00,0.00,1,,191.00,,,,0.00,D,6
15.908,tesla,0.00,0.00,1,,191.00,,,,0.00,D,6
15.911,tesla,0.00,0.00,1,,191.00,,,,0.00,D,6
15.911,tesla,0.00,0.00,1,,191.00,,,,0.00,D,6
15.914,tesla,0.00,0.00,1,,191.00,,,,0.00,D,6
15.917,tesla,0.00,0.00,1,,191.00,,,,0.00,D,6
15.917,tesla,0.00,0.00,1,,191.00,,,,0.00,D,6
15.920,tesla,0.00,0.00,1,,191.00,,,,0.00,D,6
15.922,tesla,0.00,0.00,1,,191.00,,,,0.00,D,6
15.925,tesla,0.00,0.00,1,,191.00,,,,0.00,D,6
15.925,tesla,0.00,0.00,1,,191.00,,,,0.00,D,6
15.928,tesla,0.00,0.00,1,,191.00,,,,0.00,D,6
15.931,tesla,0.00,0.00,1,,191.00,,,,0.00,D,6
15.931,tesla,0.00,0.00,1,,191.00,,,,0.00,D,6
15.933,tesla,0.00,0.00,1,,191.00,,,,0.00,D,6
15.936,tesla,0.00,0.00,1,,191.00,,,,0.00,D,6
15.939,tesla,0.00,0.00,1,,191.00,,,,0.00,D,6
15.942,tesla,0.00,0.00,1,,191.00,,,,0.00,D,6
15.944,tesla,0.00,0.00,1,,191.00,,,,0.00,D,6
15.947,tesla,0.00,0.00,1,,191.00,,,,0.00,D,6
15.947,tesla,0.00,0.00,1,,191.00,,,,0.00,D,6
15.950,tesla,0.00,0.00,1,,191.00,,,,0.00,D,6
15.953,tesla,0.00,0.00,1,,191.00,,,,0.00,D,6
15.953,tesla,0.00,0.00,1,,191.00,,,,0.00,D,6
15.956,tesla,0.00,0.00,1,,191.00,,,,0.00,D,6
15.958,tesla,0.00,0.00,1,,191.00,,,,0.00,D,6
15.961,tesla,0.00,0.00,1,,191.00,,,,0.00,D,6
15.964,tesla,0.00,0.00,1,,191.00,,,,0.00,D,6
15.967,tesla,0.00,0.00,1,,191.00,,,,0.00,D,6
15.967,tesla,0.00,0.00,1,,191.00,,,,0.00,D,6
15.970,tesla,0.00,0.00,1,,191.00,,,,0.00,D,6
15.972,tesla,0.00,0.00,1,,191.00,,,,0.00,D,6
15.975,tesla,0.00,0.00,1,,191.00,,,,0.00,D,6
15.978,tesla,0.00,0.00,1,,191.00,,,,0.00,D,6
15.978,tesla,0.00,0.00,1,,191.00,,,,0.00,D,6
15.981,tesla,0.00,0.00,1,,191.00,,,,0.00,D,6
15.983,tesla,0.00,0.00,1,,191.00,,,,0.00,D,6
15.986,tesla,0.00,0.00,1,,191.00,,,,0.00,D,6
15.989,tesla,0.00,0.00,1,,191.00,,,,0.00,D,6
15.992,tesla,0.00,0.00,1,,191.00,,,,0.00,D,6
15.992,tesla,0.00,0.00,1,,191.00,,,,0.00,D,6
15.994,tesla,0.00,0.00,1,,191.00,,,,0.00,D,6
15.997,tesla,0.00,0.00,1,,191.00,,,,0.00,D,6
16.000,tesla,0.00,0.00,1,,191.00,,,,0.00,D,6
16.003,tesla,0.00,0.00,1,,191.00,,,,0.00,D,6
16.006,tesla,0.00,0.00,1,,191.00,,,,0.00,D,6
16.006,tesla,0.00,0.00,1,,191.00,,,,0.00,D,6
16.008,tesla,0.00,0.00,1,,191.00,,,,0.00,D,6
16.011,tesla,0.00,0.00,1,,191.00,,,,0.00,D,6
16.014,tesla,0.00,0.00,1,,191.00,,,,0.00,D,6
16.017,tesla,0.00,0.00,1,,191.00,,,,0.00,D,6
16.020,tesla,0.00,0.00,1,,191.00,,,,0.00,D,6
16.022,tesla,0.00,0.00,1,,191.00,,,,0.00,D,6
16.022,tesla,0.00,0.00,1,,191.00,,,,0.00,D,6
16.025,tesla,0.00,0.00,1,,191.00,,,,0.00,D,6
16.028,tesla,0.00,0.00,1,,191.00,,,,0.00,D,6
16.031,tesla,0.00,0.00,1,,191.00,,,,0.00,D,6
16.033,tesla,0.00,0.00,1,,191.00,,,,0.00,D,6
16.036,tesla,0.00,0.00,1,,191.00,,,,0.00,D,6
16.036,tesla,0.00,0.00,1,,191.00,,,,0.00,D,6
16.039,tesla,0.00,0.00,1,,191.00,,,,0.00,D,6
16.042,tesla,0.00,0.00,1,,191.00,,,,0.00,D,6
16.045,tesla,0.00,0.00,1,,191.00,,,,0.00,D,6
16.047,tesla,0.00,0.00,1,,191.00,,,,0.00,D,6
16.047,tesla,0.00,0.00,1,,191.00,,,,0.00,D,6
16.050,tesla,0.00,0.00,1,,191.00,,,,0.00,D,6
16.053,tesla,0.00,0.00,1,,191.00,,,,0.00,D,6
16.056,tesla,0.00,0.00,1,,191.00,,,,0.00,D,6
16.058,tesla,0.00,0.00,1,,191.00,,,,0.00,D,6
16.061,tesla,0.00,0.00,1,,191.00,,,,0.00,D,6
16.064,tesla,0.00,0.00,1,,191.00,,,,0.00,D,6
16.064,tesla,0.00,0.00,1,,191.00,,,,0.00,D,6
16.067,tesla,0.00,0.00,1,,191.00,,,,0.00,D,6
16.070,tesla,0.00,0.00,1,,191.00,,,,0.00,D,6
16.072,tesla,0.00,0.00,1,,191.00,,,,0.00,D,6
16.075,tesla,0.00,0.00,1,,191.00,,,,0.00,D,6
16.078,tesla,0.00,0.00,1,,191.00,,,,0.00,D,6
16.081,tesla,0.00,0.00,1,,191.00,,,,0.00,D,6
16.081,tesla,0.00,0.00,1,,191.00,,,,0.00,D,6
16.083,tesla,0.00,0.00,1,,191.00,,,,0.00,D,6
16.086,tesla,0.00,0.00,1,,191.00,,,,0.00,D,6
16.089,tesla,0.00,0.00,1,,191.00,,,,0.00,D,6
16.089,tesla,0.00,0.00,1,,191.00,,,,0.00,D,6
16.092,tesla,0.00,0.00,1,,191.00,,,,0.00,D,6
16.092,tesla,0.00,0.00,1,,191.00,,,,0.00,D,6
16.095,tesla,0.00,0.00,1,,191.00,,,,0.00,D,6
16.097,tesla,0.00,0.00,1,,191.00,,,,0.00,D,6
16.100,tesla,0.00,0.00,1,,191.00,,,,0.00,D,6
16.103,tesla,0.00,0.00,1,,191.00,,,,0.00,D,6
16.106,tesla,0.00,0.00,1,,191.00,,,,0.00,D,6
16.106,tesla,0.00,0.00,1,,191.00,,,,0.00,D,6
16.108,tesla,0.00,0.00,1,,191.00,,,,0.00,D,6
16.111,tesla,0.00,0.00,1,,191.00,,,,0.00,D,6
16.114,tesla,0.00,0.00,1,,191.00,,,,0.00,D,6
16.117,tesla,0.00,0.00,1,,191.00,,,,0.00,D,6
16.120,tesla,0.00,0.00,1,,191.00,,,,0.00,D,6
16.122,tesla,0.00,0.00,1,,191.00,,,,0.00,D,6
16.122,tesla,0.00,0.00,1,,191.00,,,,0.00,D,6
16.125,tesla,0.00,0.00,1,,191.00,,,,0.00,D,6
16.128,tesla,0.00,0.00,1,,191.00,,,,0.00,D,6
16.131,tesla,0.00,0.00,1,,191.00,,,,0.00,D,6
16.131,tesla,0.00,0.00,1,,191.00,,,,0.00,D,6
16.133,tesla,0.00,0.00,1,,191.00,,,,0.00,D,6
16.136,tesla,0.00,0.00,1,,191.00,,,,0.00,D,6
16.139,tesla,0.00,0.00,1,,191.00,,,,0.00,D,6
16.142,tesla,0.00,0.00,1,,191.00,,,,0.00,D,6
16.142,tesla,0.00,0.00,1,,191.00,,,,0.00,D,6
16.145,tesla,0.00,0.00,1,,191.00,,,,0.00,D,6
16.147,tesla,0.00,0.00,1,,191.00,,,,0.00,D,6
16.150,tesla,0.00,0.00,1,,191.00,,,,0.00,D,6
16.150,tesla,0.00,0.00,1,,191.00,,,,0.00,D,6
16.153,tesla,0.00,0.00,1,,191.00,,,,0.00,D,6
16.156,tesla,0.00,0.00,1,,191.00,,,,0.00,D,6
16.158,tesla,0.00,0.00,1,,191.00,,,,0.00,D,6
16.159,tesla,0.00,0.00,1,,191.00,,,,0.00,D,6
16.161,tesla,0.00,0.00,1,,191.00,,,,0.00,D,6
16.164,tesla,0.00,0.00,1,,191.00,,,,0.00,D,6
16.167,tesla,0.00,0.00,1,,191.00,,,,0.00,D,6
16.170,tesla,0.00,0.00,1,,191.00,,,,0.00,D,6
16.170,tesla,0.00,0.00,1,,191.00,,,,0.00,D,6
16.172,tesla,0.00,0.00,1,,191.00,,,,0.00,D,6
16.175,tesla,0.00,0.00,1,,191.00,,,,0.00,D,6
16.178,tesla,0.00,0.00,1,,191.00,,,,0.00,D,6
16.178,tesla,0.00,0.00,1,,191.00,,,,0.00,D,6
16.181,tesla,0.00,0.00,1,,191.00,,,,0.00,D,6
16.183,tesla,0.00,0.00,1,,191.00,,,,0.00,D,6
16.186,tesla,0.00,0.00,1,,191.00,,,,0.00,D,6
16.189,tesla,0.00,0.00,1,,191.00,,,,0.00,D,6
16.192,tesla,0.00,0.00,1,,191.00,,,,0.00,D,6
16.192,tesla,0.00,0.00,1,,191.00,,,,0.00,D,6
16.195,tesla,0.00,0.00,1,,191.00,,,,0.00,D,6
16.197,tesla,0.00,0.00,1,,191.00,,,,0.00,D,6
16.200,tesla,0.00,0.00,1,,191.00,,,,0.00,D,6
16.203,tesla,0.00,0.00,1,,191.00,,,,0.00,D,6
16.206,tesla,0.00,0.00,1,,191.00,,,,0.00,D,6
16.208,tesla,0.00,0.00,1,,191.00,,,,0.00,D,6
16.209,tesla,0.00,0.00,1,,191.00,,,,0.00,D,6
16.211,tesla,0.00,0.00,1,,191.00,,,,0.00,D,6
16.215,tesla,0.00,0.00,1,,191.00,,,,0.00,D,6
16.217,tesla,0.00,0.00,1,,191.00,,,,0.00,D,6
16.220,tesla,0.00,0.00,1,,191.00,,,,0.00,D,6
16.222,tesla,0.00,0.00,1,,191.00,,,,0.00,D,6
16.225,tesla,0.00,0.00,1,,191.00,,,,0.00,D,6
16.228,tesla,0.00,0.00,1,,191.00,,,,0.00,D,6
16.228,tesla,0.00,0.00,1,,191.00,,,,0.00,D,6
16.231,tesla,0.00,0.00,1,,191.00,,,,0.00,D,6
16.233,tesla,0.00,0.00,1,,191.00,,,,0.00,D,6
16.236,tesla,0.00,0.00,1,,191.00,,,,0.00,D,6
16.239,tesla,0.00,0.00,1,,191.00,,,,0.00,D,6
16.242,tesla,0.00,0.00,1,,191.00,,,,0.00,D,6
16.245,tesla,0.00,0.00,1,,191.00,,,,0.00,D,6
16.245,tesla,0.00,0.00,1,,191.00,,,,0.00,D,6
16.247,tesla,0.00,0.00,1,,191.00,,,,0.00,D,6
16.250,tesla,0.00,0.00,1,,191.00,,,,0.00,D,6
16.253,tesla,0.00,0.00,1,,191.00,,,,0.00,D,6
16.256,tesla,0.00,0.00,1,,191.00,,,,0.00,D,6
16.256,tesla,0.00,0.00,1,,191.00,,,,0.00,D,6
16.259,tesla,0.00,0.00,1,,191.00,,,,0.00,D,6
16.261,tesla,0.00,0.00,1,,191.00,,,,0.00,D,6
16.264,tesla,0.00,0.00,1,,191.00,,,,0.00,D,6
16.267,tesla,0.00,0.00,1,,191.00,,,,0.00,D,6
16.270,tesla,0.00,0.00,1,,191.00,,,,0.00,D,6
16.272,tesla,0.00,0.00,1,,191.00,,,,0.00,D,6
16.275,tesla,0.00,0.00,1,,191.00,,,,0.00,D,6
16.275,tesla,0.00,0.00,1,,191.00,,,,0.00,D,6
16.278,tesla,0.00,0.00,1,,191.00,,,,0.00,D,6
16.281,tesla,0.00,0.00,1,,191.00,,,,0.00,D,6
16.283,tesla,0.00,0.00,1,,191.00,,,,0.00,D,6
16.286,tesla,0.00,0.00,1,,191.00,,,,0.00,D,6
16.289,tesla,0.00,0.00,1,,191.00,,,,0.00,D,6
16.289,tesla,0.00,0.00,1,,191.00,,,,0.00,D,6
16.292,tesla,0.00,0.00,1,,191.00,,,,0.00,D,6
16.295,tesla,0.00,0.00,1,,191.00,,,,0.00,D,6
16.295,tesla,0.00,0.00,1,,191.00,,,,0.00,D,6
16.297,tesla,0.00,0.00,1,,191.00,,,,0.00,D,6
16.300,tesla,0.00,0.00,1,,191.00,,,,0.00,D,6
16.303,tesla,0.00,0.00,1,,191.00,,,,0.00,D,6
16.306,tesla,0.00,0.00,1,,191.00,,,,0.00,D,6
16.308,tesla,0.00,0.00,1,,191.00,,,,0.00,D,6
16.309,tesla,0.00,0.00,1,,191.00,,,,0.00,D,6
16.311,tesla,0.00,0.00,1,,191.00,,,,0.00,D,6
16.314,tesla,0.00,0.00,1,,191.00,,,,0.00,D,6
16.317,tesla,0.00,0.00,1,,191.00,,,,0.00,D,6
16.317,tesla,0.00,0.00,1,,191.00,,,,0.00,D,6
16.320,tesla,0.00,0.00,1,,191.00,,,,0.00,D,6
16.322,tesla,0.00,0.00,1,,191.00,,,,0.00,D,6
16.325,tesla,0.00,0.00,1,,191.00,,,,0.00,D,6
16.328,tesla,0.00,0.00,1,,191.00,,,,0.00,D,6
16.331,tesla,0.00,0.00,1,,191.00,,,,0.00,D,6
16.331,tesla,0.00,0.00,1,,191.00,,,,0.00,D,6
16.331,tesla,0.00,0.00,1,,191.00,,,,0.00,D,6
16.333,tesla,0.00,0.00,1,,191.00,,,,0.00,D,6
16.336,tesla,0.00,0.00,1,,191.00,,,,0.00,D,6
16.339,tesla,0.00,0.00,1,,191.00,,,,0.00,D,6
16.342,tesla,0.00,0.00,1,,191.00,,,,0.00,D,6
16.342,tesla,0.00,0.00,1,,191.00,,,,0.00,D,6
16.345,tesla,0.00,0.00,1,,191.00,,,,0.00,D,6
16.347,tesla,0.00,0.00,1,,191.00,,,,0.00,D,6
16.350,tesla,0.00,0.00,1,,191.00,,,,0.00,D,6
16.350,tesla,0.00,0.00,1,,191.00,,,,0.00,D,6
16.353,tesla,0.00,0.00,1,,191.00,,,,0.00,D,6
16.356,tesla,0.00,0.00,1,,191.00,,,,0.00,D,6
16.359,tesla,0.00,0.00,1,,191.00,,,,0.00,D,6
16.359,tesla,0.00,0.00,1,,191.00,,,,0.00,D,6
16.361,tesla,0.00,0.00,1,,191.00,,,,0.00,D,6
16.364,tesla,0.00,0.00,1,,191.00,,,,0.00,D,6
16.367,tesla,0.00,0.00,1,,191.00,,,,0.00,D,6
16.370,tesla,0.00,0.00,1,,191.00,,,,0.00,D,6
16.370,tesla,0.00,0.00,1,,191.00,,,,0.00,D,6
16.372,tesla,0.00,0.00,1,,191.00,,,,0.00,D,6
16.375,tesla,0.00,0.00,1,,191.00,,,,0.00,D,6
16.378,tesla,0.00,0.00,1,,191.00,,,,0.00,D,6
16.381,tesla,0.00,0.00,1,,191.00,,,,0.00,D,6
16.383,tesla,0.00,0.00,1,,191.00,,,,0.00,D,6
16.384,tesla,0.00,0.00,1,,191.00,,,,0.00,D,6
16.386,tesla,0.00,0.00,1,,191.00,,,,0.00,D,6
16.389,tesla,0.00,0.00,1,,191.00,,,,0.00,D,6
16.392,tesla,0.00,0.00,1,,191.00,,,,0.00,D,6
16.394,tesla,0.00,0.00,1,,191.00,,,,0.00,D,6
16.397,tesla,0.00,0.00,1,,191.00,,,,0.00,D,6
16.400,tesla,0.00,0.00,1,,191.00,,,,0.00,D,6
16.400,tesla,0.00,0.00,1,,191.00,,,,0.00,D,6
16.403,tesla,0.00,0.00,1,,191.00,,,,0.00,D,6
16.406,tesla,0.00,0.00,1,,191.00,,,,0.00,D,6
16.408,tesla,0.00,0.00,1,,191.00,,,,0.00,D,6
16.411,tesla,0.00,0.00,1,,191.00,,,,0.00,D,6
16.411,tesla,0.00,0.00,1,,191.00,,,,0.00,D,6
16.414,tesla,0.00,0.00,1,,191.00,,,,0.00,D,6
16.417,tesla,0.00,0.00,1,,191.00,,,,0.00,D,6
16.420,tesla,0.00,0.00,1,,191.00,,,,0.00,D,6
16.423,tesla,0.00,0.00,1,,191.00,,,,0.00,D,6
16.425,tesla,0.00,0.00,1,,191.00,,,,0.00,D,6
16.428,tesla,0.00,0.00,1,,191.00,,,,0.00,D,6
16.428,tesla,0.00,0.00,1,,191.00,,,,0.00,D,6
16.431,tesla,0.00,0.00,1,,191.00,,,,0.00,D,6
16.433,tesla,0.00,0.00,1,,191.00,,,,0.00,D,6
16.436,tesla,0.00,0.00,1,,191.00,,,,0.00,D,6
16.439,tesla,0.00,0.00,1,,191.00,,,,0.00,D,6
16.439,tesla,0.00,0.00,1,,191.00,,,,0.00,D,6
16.442,tesla,0.00,0.00,1,,191.00,,,,0.00,D,6
16.444,tesla,0.00,0.00,1,,191.00,,,,0.00,D,6
16.447,tesla,0.00,0.00,1,,191.00,,,,0.00,D,6
16.450,tesla,0.00,0.00,1,,191.00,,,,0.00,D,6
16.453,tesla,0.00,0.00,1,,191.00,,,,0.00,D,6
16.456,tesla,0.00,0.00,1,,191.00,,,,0.00,D,6
16.456,tesla,0.00,0.00,1,,191.00,,,,0.00,D,6
16.459,tesla,0.00,0.00,1,,191.00,,,,0.00,D,6
16.461,tesla,0.00,0.00,1,,191.00,,,,0.00,D,6
16.464,tesla,0.00,0.00,1,,191.00,,,,0.00,D,6
16.467,tesla,0.00,0.00,1,,191.00,,,,0.00,D,6
16.470,tesla,0.00,0.00,1,,191.00,,,,0.00,D,6
16.472,tesla,0.00,0.00,1,,191.00,,,,0.00,D,6
16.476,tesla,0.00,0.00,1,,191.00,,,,0.00,D,6
16.476,tesla,0.00,0.00,1,,191.00,,,,0.00,D,6
16.478,tesla,0.00,0.00,1,,191.00,,,,0.00,D,6
16.481,tesla,0.00,0.00,1,,191.00,,,,0.00,D,6
16.483,tesla,0.00,0.00,1,,191.00,,,,0.00,D,6
16.486,tesla,0.00,0.00,1,,191.00,,,,0.00,D,6
16.489,tesla,0.00,0.00,1,,191.00,,,,0.00,D,6
16.489,tesla,0.00,0.00,1,,191.00,,,,0.00,D,6
16.492,tesla,0.00,0.00,1,,191.00,,,,0.00,D,6
16.495,tesla,0.00,0.00,1,,191.00,,,,0.00,D,6
16.497,tesla,0.00,0.00,1,,191.00,,,,0.00,D,6
16.500,tesla,0.00,0.00,1,,191.00,,,,0.00,D,6
16.500,tesla,0.00,0.00,1,,191.00,,,,0.00,D,6
16.503,tesla,0.00,0.00,1,,191.00,,,,0.00,D,6
16.503,tesla,0.00,0.00,1,,191.00,,,,0.00,D,6
16.506,tesla,0.00,0.00,1,,191.00,,,,0.00,D,6
16.508,tesla,0.00,0.00,1,,191.00,,,,0.00,D,6
16.511,tesla,0.00,0.00,1,,191.00,,,,0.00,D,6
16.514,tesla,0.00,0.00,1,,191.00,,,,0.00,D,6
16.514,tesla,0.00,0.00,1,,191.00,,,,0.00,D,6
16.517,tesla,0.00,0.00,1,,191.00,,,,0.00,D,6
16.520,tesla,0.00,0.00,1,,191.00,,,,0.00,D,6
16.522,tesla,0.00,0.00,1,,191.00,,,,0.00,D,6
16.525,tesla,0.00,0.00,1,,191.00,,,,0.00,D,6
16.528,tesla,0.00,0.00,1,,191.00,,,,0.00,D,6
16.531,tesla,0.00,0.00,1,,191.00,,,,0.00,D,6
16.531,tesla,0.00,0.00,1,,191.00,,,,0.00,D,6
16.534,tesla,0.00,0.00,1,,191.00,,,,0.00,D,6
16.535,tesla,0.00,0.00,1,,191.00,,,,0.00,D,6
16.536,tesla,0.00,0.00,1,,191.00,,,,0.00,D,6
16.536,tesla,0.00,0.00,1,,191.00,,,,0.00,D,6
16.539,tesla,0.00,0.00,1,,191.00,,,,0.00,D,6
16.542,tesla,0.00,0.00,1,,191.00,,,,0.00,D,6
16.545,tesla,0.00,0.00,1,,191.00,,,,0.00,D,6
16.547,tesla,0.00,0.00,1,,191.00,,,,0.00,D,6
16.550,tesla,0.00,0.00,1,,191.00,,,,0.00,D,6
16.550,tesla,0.00,0.00,1,,191.00,,,,0.00,D,6
16.553,tesla,0.00,0.00,1,,191.00,,,,0.00,D,6
16.556,tesla,0.00,0.00,1,,191.00,,,,0.00,D,6
16.558,tesla,0.00,0.00,1,,191.00,,,,0.00,D,6
16.559,tesla,0.00,0.00,1,,191.00,,,,0.00,D,6
16.561,tesla,0.00,0.00,1,,191.00,,,,0.00,D,6
16.564,tesla,0.00,0.00,1,,191.00,,,,0.00,D,6
16.567,tesla,0.00,0.00,1,,191.00,,,,0.00,D,6
16.570,tesla,0.00,0.00,1,,191.00,,,,0.00,D,6
16.570,tesla,0.00,0.00,1,,191.00,,,,0.00,D,6
16.572,tesla,0.00,0.00,1,,191.00,,,,0.00,D,6
16.575,tesla,0.00,0.00,1,,191.00,,,,0.00,D,6
16.578,tesla,0.00,0.00,1,,191.00,,,,0.00,D,6
16.581,tesla,0.00,0.00,1,,191.00,,,,0.00,D,6
16.583,tesla,0.00,0.00,1,,191.00,,,,0.00,D,6
16.584,tesla,0.00,0.00,1,,191.00,,,,0.00,D,6
16.586,tesla,0.00,0.00,1,,191.00,,,,0.00,D,6
16.589,tesla,0.00,0.00,1,,191.00,,,,0.00,D,6
16.592,tesla,0.00,0.00,1,,191.00,,,,0.00,D,6
16.592,tesla,0.00,0.00,1,,191.00,,,,0.00,D,6
16.595,tesla,0.00,0.00,1,,191.00,,,,0.00,D,6
16.597,tesla,0.00,0.00,1,,191.00,,,,0.00,D,6
16.600,tesla,0.00,0.00,1,,191.00,,,,0.00,D,6
16.603,tesla,0.00,0.00,1,,191.00,,,,0.00,D,6
16.603,tesla,0.00,0.00,1,,191.00,,,,0.00,D,6
16.606,tesla,0.00,0.00,1,,191.00,,,,0.00,D,6
16.608,tesla,0.00,0.00,1,,191.00,,,,0.00,D,6
16.611,tesla,0.00,0.00,1,,191.00,,,,0.00,D,6
16.614,tesla,0.00,0.00,1,,191.00,,,,0.00,D,6
16.617,tesla,0.00,0.00,1,,191.00,,,,0.00,D,6
16.620,tesla,0.00,0.00,1,,191.00,,,,0.00,D,6
16.622,tesla,0.00,0.00,1,,191.00,,,,0.00,D,6
16.622,tesla,0.00,0.00,1,,191.00,,,,0.00,D,6
16.625,tesla,0.00,0.00,1,,191.00,,,,0.00,D,6
16.628,tesla,0.00,0.00,1,,191.00,,,,0.00,D,6
16.631,tesla,0.00,0.00,1,,191.00,,,,0.00,D,6
16.633,tesla,0.00,0.00,1,,191.00,,,,0.00,D,6
16.634,tesla,0.00,0.00,1,,191.00,,,,0.00,D,6
16.636,tesla,0.00,0.00,1,,191.00,,,,0.00,D,6
16.639,tesla,0.00,0.00,1,,191.00,,,,0.00,D,6
16.642,tesla,0.00,0.00,1,,191.00,,,,0.00,D,6
16.645,tesla,0.00,0.00,1,,191.00,,,,0.00,D,6
16.645,tesla,0.00,0.00,1,,191.00,,,,0.00,D,6
16.647,tesla,0.00,0.00,1,,191.00,,,,0.00,D,6
16.650,tesla,0.00,0.00,1,,191.00,,,,0.00,D,6
16.653,tesla,0.00,0.00,1,,191.00,,,,0.00,D,6
16.656,tesla,0.00,0.00,1,,191.00,,,,0.00,D,6
16.659,tesla,0.00,0.00,1,,191.00,,,,0.00,D,6
16.661,tesla,0.00,0.00,1,,191.00,,,,0.00,D,6
16.664,tesla,0.00,0.00,1,,191.00,,,,0.00,D,6
16.664,tesla,0.00,0.00,1,,191.00,,,,0.00,D,6
16.667,tesla,0.00,0.00,1,,191.00,,,,0.00,D,6
16.670,tesla,0.00,0.00,1,,191.00,,,,0.00,D,6
16.672,tesla,0.00,0.00,1,,191.00,,,,0.00,D,6
16.675,tesla,0.00,0.00,1,,191.00,,,,0.00,D,6
16.678,tesla,0.00,0.00,1,,191.00,,,,0.00,D,6
16.681,tesla,0.00,0.00,1,,191.00,,,,0.00,D,6
16.683,tesla,0.00,0.00,1,,191.00,,,,0.00,D,6
16.684,tesla,0.00,0.00,1,,191.00,,,,0.00,D,6
16.686,tesla,0.00,0.00,1,,191.00,,,,0.00,D,6
16.689,tesla,0.00,0.00,1,,191.00,,,,0.00,D,6
16.689,tesla,0.00,0.00,1,,191.00,,,,0.00,D,6
16.692,tesla,0.00,0.00,1,,191.00,,,,0.00,D,6
16.695,tesla,0.00,0.00,1,,191.00,,,,0.00,D,6
16.697,tesla,0.00,0.00,1,,191.00,,,,0.00,D,6
16.700,tesla,0.00,0.00,1,,191.00,,,,0.00,D,6
16.700,tesla,0.00,0.00,1,,191.00,,,,0.00,D,6
16.703,tesla,0.00,0.00,1,,191.00,,,,0.00,D,6
16.706,tesla,0.00,0.00,1,,191.00,,,,0.00,D,6
16.708,tesla,0.00,0.00,1,,191.00,,,,0.00,D,6
16.711,tesla,0.00,0.00,1,,191.00,,,,0.00,D,6
16.714,tesla,0.00,0.00,1,,191.00,,,,0.00,D,6
16.717,tesla,0.00,0.00,1,,191.00,,,,0.00,D,6
16.717,tesla,0.00,0.00,1,,191.00,,,,0.00,D,6
16.720,tesla,0.00,0.00,1,,191.00,,,,0.00,D,6
16.722,tesla,0.00,0.00,1,,191.00,,,,0.00,D,6
16.725,tesla,0.00,0.00,1,,191.00,,,,0.00,D,6
16.728,tesla,0.00,0.00,1,,191.00,,,,0.00,D,6
16.728,tesla,0.00,0.00,1,,191.00,,,,0.00,D,6
16.731,tesla,0.00,0.00,1,,191.00,,,,0.00,D,6
16.733,tesla,0.00,0.00,1,,191.00,,,,0.00,D,6
16.734,tesla,0.00,0.00,1,,191.00,,,,0.00,D,6
16.736,tesla,0.00,0.00,1,,191.00,,,,0.00,D,6
16.739,tesla,0.00,0.00,1,,191.00,,,,0.00,D,6
16.742,tesla,0.00,0.00,1,,191.00,,,,0.00,D,6
16.745,tesla,0.00,0.00,1,,191.00,,,,0.00,D,6
16.745,tesla,0.00,0.00,1,,191.00,,,,0.00,D,6
16.747,tesla,0.00,0.00,1,,191.00,,,,0.00,D,6
16.750,tesla,0.00,0.00,1,,191.00,,,,0.00,D,6
16.753,tesla,0.00,0.00,1,,191.00,,,,0.00,D,6
16.756,tesla,0.00,0.00,1,,191.00,,,,0.00,D,6
16.756,tesla,0.00,0.00,1,,191.00,,,,0.00,D,6
16.758,tesla,0.00,0.00,1,,191.00,,,,0.00,D,6
16.761,tesla,0.00,0.00,1,,191.00,,,,0.00,D,6
16.764,tesla,0.00,0.00,1,,191.00,,,,0.00,D,6
16.764,tesla,0.00,0.00,1,,191.00,,,,0.00,D,6
16.767,tesla,0.00,0.00,1,,191.00,,,,0.00,D,6
16.770,tesla,0.00,0.00,1,,191.00,,,,0.00,D,6
16.772,tesla,0.00,0.00,1,,191.00,,,,0.00,D,6
16.775,tesla,0.00,0.00,1,,191.00,,,,0.00,D,6
16.778,tesla,0.00,0.00,1,,191.00,,,,0.00,D,6
16.781,tesla,0.00,0.00,1,,191.00,,,,0.00,D,6
16.781,tesla,0.00,0.00,1,,191.00,,,,0.00,D,6
16.783,tesla,0.00,0.00,1,,191.00,,,,0.00,D,6
16.786,tesla,0.00,0.00,1,,191.00,,,,0.00,D,6
16.789,tesla,0.00,0.00,1,,191.00,,,,0.00,D,6
16.792,tesla,0.00,0.00,1,,191.00,,,,0.00,D,6
16.795,tesla,0.00,0.00,1,,191.00,,,,0.00,D,6
16.795,tesla,0.00,0.00,1,,191.00,,,,0.00,D,6
16.797,tesla,0.00,0.00,1,,191.00,,,,0.00,D,6
16.800,tesla,0.00,0.00,1,,191.00,,,,0.00,D,6
16.803,tesla,0.00,0.00,1,,191.00,,,,0.00,D,6
16.806,tesla,0.00,0.00,1,,191.00,,,,0.00,D,6
16.806,tesla,0.00,0.00,1,,191.00,,,,0.00,D,6
16.809,tesla,0.00,0.00,1,,191.00,,,,0.00,D,6
16.811,tesla,0.00,0.00,1,,191.00,,,,0.00,D,6
16.814,tesla,0.00,0.00,1,,191.00,,,,0.00,D,6
16.817,tesla,0.00,0.00,1,,191.00,,,,0.00,D,6
16.820,tesla,0.00,0.00,1,,191.00,,,,0.00,D,6
16.820,tesla,0.00,0.00,1,,191.00,,,,0.00,D,6
16.822,tesla,0.00,0.00,1,,191.00,,,,0.00,D,6
16.825,tesla,0.00,0.00,1,,191.00,,,,0.00,D,6
16.828,tesla,0.00,0.00,1,,191.00,,,,0.00,D,6
16.831,tesla,0.00,0.00,1,,191.00,,,,0.00,D,6
16.831,tesla,0.00,0.00,1,,191.00,,,,0.00,D,6
16.833,tesla,0.00,0.00,1,,191.00,,,,0.00,D,6
16.836,tesla,0.00,0.00,1,,191.00,,,,0.00,D,6
16.839,tesla,0.00,0.00,1,,191.00,,,,0.00,D,6
16.842,tesla,0.00,0.00,1,,191.00,,,,0.00,D,6
16.845,tesla,0.00,0.00,1,,191.00,,,,0.00,D,6
16.847,tesla,0.00,0.00,1,,191.00,,,,0.00,D,6
16.847,tesla,0.00,0.00,1,,191.00,,,,0.00,D,6
16.850,tesla,0.00,0.00,1,,191.00,,,,0.00,D,6
16.853,tesla,0.00,0.00,1,,191.00,,,,0.00,D,6
16.856,tesla,0.00,0.00,1,,191.00,,,,0.00,D,6
16.858,tesla,0.00,0.00,1,,191.00,,,,0.00,D,6
16.861,tesla,0.00,0.00,1,,191.00,,,,0.00,D,6
16.864,tesla,0.00,0.00,1,,191.00,,,,0.00,D,6
16.864,tesla,0.00,0.00,1,,191.00,,,,0.00,D,6
16.867,tesla,0.00,0.00,1,,191.00,,,,0.00,D,6
16.870,tesla,0.00,0.00,1,,191.00,,,,0.00,D,6
16.870,tesla,0.00,0.00,1,,191.00,,,,0.00,D,6
16.872,tesla,0.00,0.00,1,,191.00,,,,0.00,D,6
16.875,tesla,0.00,0.00,1,,191.00,,,,0.00,D,6
16.878,tesla,0.00,0.00,1,,191.00,,,,0.00,D,6
16.881,tesla,0.00,0.00,1,,191.00,,,,0.00,D,6
16.883,tesla,0.00,0.00,1,,191.00,,,,0.00,D,6
16.886,tesla,0.00,0.00,1,,191.00,,,,0.00,D,6
16.889,tesla,0.00,0.00,1,,191.00,,,,0.00,D,6
16.889,tesla,0.00,0.00,1,,191.00,,,,0.00,D,6
16.892,tesla,0.00,0.00,1,,191.00,,,,0.00,D,6
16.895,tesla,0.00,0.00,1,,191.00,,,,0.00,D,6
16.895,tesla,0.00,0.00,1,,191.00,,,,0.00,D,6
16.897,tesla,0.00,0.00,1,,191.00,,,,0.00,D,6
16.900,tesla,0.00,0.00,1,,191.00,,,,0.00,D,6
16.903,tesla,0.00,0.00,1,,191.00,,,,0.00,D,6
16.906,tesla,0.00,0.00,1,,191.00,,,,0.00,D,6
16.906,tesla,0.00,0.00,1,,191.00,,,,0.00,D,6
16.908,tesla,0.00,0.00,1,,191.00,,,,0.00,D,6
16.911,tesla,0.00,0.00,1,,191.00,,,,0.00,D,6
16.914,tesla,0.00,0.00,1,,191.00,,,,0.00,D,6
16.917,tesla,0.00,0.00,1,,191.00,,,,0.00,D,6
16.917,tesla,0.00,0.00,1,,191.00,,,,0.00,D,6
16.920,tesla,0.00,0.00,1,,191.00,,,,0.00,D,6
16.922,tesla,0.00,0.00,1,,191.00,,,,0.00,D,6
16.925,tesla,0.00,0.00,1,,191.00,,,,0.00,D,6
16.928,tesla,0.00,0.00,1,,191.00,,,,0.00,D,6
16.928,tesla,0.00,0.00,1,,191.00,,,,0.00,D,6
16.931,tesla,0.00,0.00,1,,191.00,,,,0.00,D,6
16.933,tesla,0.00,0.00,1,,191.00,,,,0.00,D,6
16.936,tesla,0.00,0.00,1,,191.00,,,,0.00,D,6
16.936,tesla,0.00,0.00,1,,191.00,,,,0.00,D,6
16.939,tesla,0.00,0.00,1,,191.00,,,,0.00,D,6
16.942,tesla,0.00,0.00,1,,191.00,,,,0.00,D,6
16.942,tesla,0.00,0.00,1,,191.00,,,,0.00,D,6
16.945,tesla,0.00,0.00,1,,191.00,,,,0.00,D,6
16.947,tesla,0.00,0.00,1,,191.00,,,,0.00,D,6
16.950,tesla,0.00,0.00,1,,191.00,,,,0.00,D,6
16.950,tesla,0.00,0.00,1,,191.00,,,,0.00,D,6
16.953,tesla,0.00,0.00,1,,191.00,,,,0.00,D,6
16.956,tesla,0.00,0.00,1,,191.00,,,,0.00,D,6
16.958,tesla,0.00,0.00,1,,191.00,,,,0.00,D,6
16.961,tesla,0.00,0.00,1,,191.00,,,,0.00,D,6
16.964,tesla,0.00,0.00,1,,191.00,,,,0.00,D,6
16.967,tesla,0.00,0.00,1,,191.00,,,,0.00,D,6
16.967,tesla,0.00,0.00,1,,191.00,,,,0.00,D,6
16.970,tesla,0.00,0.00,1,,191.00,,,,0.00,D,6
16.972,tesla,0.00,0.00,1,,191.00,,,,0.00,D,6
16.975,tesla,0.00,0.00,1,,191.00,,,,0.00,D,6
16.978,tesla,0.00,0.00,1,,191.00,,,,0.00,D,6
16.981,tesla,0.00,0.00,1,,191.00,,,,0.00,D,6
16.983,tesla,0.00,0.00,1,,191.00,,,,0.00,D,6
16.986,tesla,0.00,0.00,1,,191.00,,,,0.00,D,6
16.986,tesla,0.00,0.00,1,,191.00,,,,0.00,D,6
16.989,tesla,0.00,0.00,1,,191.00,,,,0.00,D,6
16.992,tesla,0.00,0.00,1,,191.00,,,,0.00,D,6
16.995,tesla,0.00,0.00,1,,191.00,,,,0.00,D,6
16.997,tesla,0.00,0.00,1,,191.00,,,,0.00,D,6
16.997,tesla,0.00,0.00,1,,191.00,,,,0.00,D,6
17.000,tesla,0.00,0.00,1,,191.00,,,,0.00,D,6
17.003,tesla,0.00,0.00,1,,191.00,,,,0.00,D,6
17.006,tesla,0.00,0.00,1,,191.00,,,,0.00,D,6
17.008,tesla,0.00,0.00,1,,191.00,,,,0.00,D,6
17.011,tesla,0.00,0.00,1,,191.00,,,,0.00,D,6
17.014,tesla,0.00,0.00,1,,191.00,,,,0.00,D,6
17.014,tesla,0.00,0.00,1,,191.00,,,,0.00,D,6
17.017,tesla,0.00,0.00,1,,191.00,,,,0.00,D,6
17.020,tesla,0.00,0.00,1,,191.00,,,,0.00,D,6
17.022,tesla,0.00,0.00,1,,191.00,,,,0.00,D,6
17.022,tesla,0.00,0.00,1,,191.00,,,,0.00,D,6
17.025,tesla,0.00,0.00,1,,191.00,,,,0.00,D,6
17.028,tesla,0.00,0.00,1,,191.00,,,,0.00,D,6
17.031,tesla,0.00,0.00,1,,191.00,,,,0.00,D,6
17.033,tesla,0.00,0.00,1,,191.00,,,,0.00,D,6
17.036,tesla,0.00,0.00,1,,191.00,,,,0.00,D,6
17.039,tesla,0.00,0.00,1,,191.00,,,,0.00,D,6
17.039,tesla,0.00,0.00,1,,191.00,,,,0.00,D,6
17.042,tesla,0.00,0.00,1,,191.00,,,,0.00,D,6
17.045,tesla,0.00,0.00,1,,191.00,,,,0.00,D,6
17.047,tesla,0.00,0.00,1,,191.00,,,,0.00,D,6
17.050,tesla,0.00,0.00,1,,191.00,,,,0.00,D,6
17.053,tesla,0.00,0.00,1,,191.00,,,,0.00,D,6
17.053,tesla,0.00,0.00,1,,191.00,,,,0.00,D,6
17.056,tesla,0.00,0.00,1,,191.00,,,,0.00,D,6
17.058,tesla,0.00,0.00,1,,191.00,,,,0.00,D,6
17.061,tesla,0.00,0.00,1,,191.00,,,,0.00,D,6
17.064,tesla,0.00,0.00,1,,191.00,,,,0.00,D,6
17.067,tesla,0.00,0.00,1,,191.00,,,,0.00,D,6
17.070,tesla,0.00,0.00,1,,191.00,,,,0.00,D,6
17.070,tesla,0.00,0.00,1,,191.00,,,,0.00,D,6
17.072,tesla,0.00,0.00,1,,191.00,,,,0.00,D,6
17.075,tesla,0.00,0.00,1,,191.00,,,,0.00,D,6
17.078,tesla,0.00,0.00,1,,191.00,,,,0.00,D,6
17.078,tesla,0.00,0.00,1,,191.00,,,,0.00,D,6
17.081,tesla,0.00,0.00,1,,191.00,,,,0.00,D,6
17.083,tesla,0.00,0.00,1,,191.00,,,,0.00,D,6
17.086,tesla,0.00,0.00,1,,191.00,,,,0.00,D,6
17.086,tesla,0.00,0.00,1,,191.00,,,,0.00,D,6
17.089,tesla,0.00,0.00,1,,191.00,,,,0.00,D,6
17.092,tesla,0.00,0.00,1,,191.00,,,,0.00,D,6
17.095,tesla,0.00,0.00,1,,191.00,,,,0.00,D,6
17.097,tesla,0.00,0.00,1,,191.00,,,,0.00,D,6
17.097,tesla,0.00,0.00,1,,191.00,,,,0.00,D,6
17.100,tesla,0.00,0.00,1,,191.00,,,,0.00,D,6
17.103,tesla,0.00,0.00,1,,191.00,,,,0.00,D,6
17.106,tesla,0.00,0.00,1,,191.00,,,,0.00,D,6
17.108,tesla,0.00,0.00,1,,191.00,,,,0.00,D,6
17.109,tesla,0.00,0.00,1,,191.00,,,,0.00,D,6
17.111,tesla,0.00,0.00,1,,191.00,,,,0.00,D,6
17.114,tesla,0.00,0.00,1,,191.00,,,,0.00,D,6
17.117,tesla,0.00,0.00,1,,191.00,,,,0.00,D,6
17.117,tesla,0.00,0.00,1,,191.00,,,,0.00,D,6
17.120,tesla,0.00,0.00,1,,191.00,,,,0.00,D,6
17.122,tesla,0.00,0.00,1,,191.00,,,,0.00,D,6
17.125,tesla,0.00,0.00,1,,191.00,,,,0.00,D,6
17.128,tesla,0.00,0.00,1,,191.00,,,,0.00,D,6
17.131,tesla,0.00,0.00,1,,191.00,,,,0.00,D,6
17.131,tesla,0.00,0.00,1,,191.00,,,,0.00,D,6
17.133,tesla,0.00,0.00,1,,191.00,,,,0.00,D,6
17.136,tesla,0.00,0.00,1,,191.00,,,,0.00,D,6
17.136,tesla,0.00,0.00,1,,191.00,,,,0.00,D,6
17.139,tesla,0.00,0.00,1,,191.00,,,,0.00,D,6
17.142,tesla,0.00,0.00,1,,191.00,,,,0.00,D,6
17.145,tesla,0.00,0.00,1,,191.00,,,,0.00,D,6
17.150,tesla,0.00,0.00,1,,191.00,,,,0.00,D,6
17.153,tesla,0.00,0.00,1,,191.00,,,,0.00,D,6
17.153,tesla,0.00,0.00,1,,191.00,,,,0.00,D,6
17.156,tesla,0.00,0.00,1,,191.00,,,,0.00,D,6
17.158,tesla,0.00,0.00,1,,191.00,,,,0.00,D,6
17.161,tesla,0.00,0.00,1,,191.00,,,,0.00,D,6
17.161,tesla,0.00,0.00,1,,191.00,,,,0.00,D,6
17.164,tesla,0.00,0.00,1,,191.00,,,,0.00,D,6
17.167,tesla,0.00,0.00,1,,191.00,,,,0.00,D,6
17.170,tesla,0.00,0.00,1,,191.00,,,,0.00,D,6
17.172,tesla,0.00,0.00,1,,191.00,,,,0.00,D,6
17.175,tesla,0.00,0.00,1,,191.00,,,,0.00,D,6
17.178,tesla,0.00,0.00,1,,191.00,,,,0.00,D,6
17.178,tesla,0.00,0.00,1,,191.00,,,,0.00,D,6
17.181,tesla,0.00,0.00,1,,191.00,,,,0.00,D,6
17.183,tesla,0.00,0.00,1,,191.00,,,,0.00,D,6
17.186,tesla,0.00,0.00,1,,191.00,,,,0.00,D,6
17.186,tesla,0.00,0.00,1,,191.00,,,,0.00,D,6
17.189,tesla,0.00,0.00,1,,191.00,,,,0.00,D,6
17.192,tesla,0.00,0.00,1,,191.00,,,,0.00,D,6
17.192,tesla,0.00,0.00,1,,191.00,,,,0.00,D,6
17.195,tesla,0.00,0.00,1,,191.00,,,,0.00,D,6
17.197,tesla,0.00,0.00,1,,191.00,,,,0.00,D,6
17.200,tesla,0.00,0.00,1,,191.00,,,,0.00,D,6
17.203,tesla,0.00,0.00,1,,191.00,,,,0.00,D,6
17.206,tesla,0.00,0.00,1,,191.00,,,,0.00,D,6
17.208,tesla,0.00,0.00,1,,191.00,,,,0.00,D,6
17.209,tesla,0.00,0.00,1,,191.00,,,,0.00,D,6
17.211,tesla,0.00,0.00,1,,191.00,,,,0.00,D,6
17.214,tesla,0.00,0.00,1,,191.00,,,,0.00,D,6
17.217,tesla,0.00,0.00,1,,191.00,,,,0.00,D,6
17.217,tesla,0.00,0.00,1,,191.00,,,,0.00,D,6
17.220,tesla,0.00,0.00,1,,191.00,,,,0.00,D,6
17.222,tesla,0.00,0.00,1,,191.00,,,,0.00,D,6
17.225,tesla,0.00,0.00,1,,191.00,,,,0.00,D,6
17.225,tesla,0.00,0.00,1,,191.00,,,,0.00,D,6
17.225,tesla,0.00,0.00,1,,191.00,,,,0.00,D,6
17.228,tesla,0.00,0.00,1,,191.00,,,,0.00,D,6
17.231,tesla,0.00,0.00,1,,191.00,,,,0.00,D,6
17.233,tesla,0.00,0.00,1,,191.00,,,,0.00,D,6
17.234,tesla,0.00,0.00,1,,191.00,,,,0.00,D,6
17.236,tesla,0.00,0.00,1,,191.00,,,,0.00,D,6
17.239,tesla,0.00,0.00,1,,191.00,,,,0.00,D,6
17.242,tesla,0.00,0.00,1,,191.00,,,,0.00,D,6
17.242,tesla,0.00,0.00,1,,191.00,,,,0.00,D,6
17.245,tesla,0.00,0.00,1,,191.00,,,,0.00,D,6
17.247,tesla,0.00,0.00,1,,191.00,,,,0.00,D,6
17.250,tesla,0.00,0.00,1,,191.00,,,,0.00,D,6
17.253,tesla,0.00,0.00,1,,191.00,,,,0.00,D,6
17.256,tesla,0.00,0.00,1,,191.00,,,,0.00,D,6
17.256,tesla,0.00,0.00,1,,191.00,,,,0.00,D,6
17.258,tesla,0.00,0.00,1,,191.00,,,,0.00,D,6
17.261,tesla,0.00,0.00,1,,191.00,,,,0.00,D,6
17.264,tesla,0.00,0.00,1,,191.00,,,,0.00,D,6
17.267,tesla,0.00,0.00,1,,191.00,,,,0.00,D,6
17.270,tesla,0.00,0.00,1,,191.00,,,,0.00,D,6
17.272,tesla,0.00,0.00,1,,191.00,,,,0.00,D,6
17.273,tesla,0.00,0.00,1,,191.00,,,,0.00,D,6
17.275,tesla,0.00,0.00,1,,191.00,,,,0.00,D,6
17.278,tesla,0.00,0.00,1,,191.00,,,,0.00,D,6
17.281,tesla,0.00,0.00,1,,191.00,,,,0.00,D,6
17.281,tesla,0.00,0.00,1,,191.00,,,,0.00,D,6
17.283,tesla,0.00,0.00,1,,191.00,,,,0.00,D,6
17.286,tesla,0.00,0.00,1,,191.00,,,,0.00,D,6
17.289,tesla,0.00,0.00,1,,191.00,,,,0.00,D,6
17.292,tesla,0.00,0.00,1,,191.00,,,,0.00,D,6
17.295,tesla,0.00,0.00,1,,191.00,,,,0.00,D,6
17.297,tesla,0.00,0.00,1,,191.00,,,,0.00,D,6
17.300,tesla,0.00,0.00,1,,191.00,,,,0.00,D,6
17.300,tesla,0.00,0.00,1,,191.00,,,,0.00,D,6
17.303,tesla,0.00,0.00,1,,191.00,,,,0.00,D,6
17.306,tesla,0.00,0.00,1,,191.00,,,,0.00,D,6
17.308,tesla,0.00,0.00,1,,191.00,,,,0.00,D,6
17.311,tesla,0.00,0.00,1,,191.00,,,,0.00,D,6
17.314,tesla,0.00,0.00,1,,191.00,,,,0.00,D,6
17.315,tesla,0.00,0.00,1,,191.00,,,,0.00,D,6
17.317,tesla,0.00,0.00,1,,191.00,,,,0.00,D,6
17.320,tesla,0.00,0.00,1,,191.00,,,,0.00,D,6
17.322,tesla,0.00,0.00,1,,191.00,,,,0.00,D,6
17.325,tesla,0.00,0.00,1,,191.00,,,,0.00,D,6
17.328,tesla,0.00,0.00,1,,191.00,,,,0.00,D,6
17.331,tesla,0.00,0.00,1,,191.00,,,,0.00,D,6
17.331,tesla,0.00,0.00,1,,191.00,,,,0.00,D,6
17.333,tesla,0.00,0.00,1,,191.00,,,,0.00,D,6
17.336,tesla,0.00,0.00,1,,191.00,,,,0.00,D,6
17.339,tesla,0.00,0.00,1,,191.00,,,,0.00,D,6
17.342,tesla,0.00,0.00,1,,191.00,,,,0.00,D,6
17.345,tesla,0.00,0.00,1,,191.00,,,,0.00,D,6
17.345,tesla,0.00,0.00,1,,191.00,,,,0.00,D,6
17.347,tesla,0.00,0.00,1,,191.00,,,,0.00,D,6
17.350,tesla,0.00,0.00,1,,191.00,,,,0.00,D,6
17.353,tesla,0.00,0.00,1,,191.00,,,,0.00,D,6
17.356,tesla,0.00,0.00,1,,191.00,,,,0.00,D,6
17.358,tesla,0.00,0.00,1,,191.00,,,,0.00,D,6
17.361,tesla,0.00,0.00,1,,191.00,,,,0.00,D,6
17.361,tesla,0.00,0.00,1,,191.00,,,,0.00,D,6
17.364,tesla,0.00,0.00,1,,191.00,,,,0.00,D,6
17.367,tesla,0.00,0.00,1,,191.00,,,,0.00,D,6
17.370,tesla,0.00,0.00,1,,191.00,,,,0.00,D,6
17.372,tesla,0.00,0.00,1,,191.00,,,,0.00,D,6
17.375,tesla,0.00,0.00,1,,191.00,,,,0.00,D,6
17.378,tesla,0.00,0.00,1,,191.00,,,,0.00,D,6
17.378,tesla,0.00,0.00,1,,191.00,,,,0.00,D,6
17.381,tesla,0.00,0.00,1,,191.00,,,,0.00,D,6
17.383,tesla,0.00,0.00,1,,191.00,,,,0.00,D,6
17.386,tesla,0.00,0.00,1,,191.00,,,,0.00,D,6
17.386,tesla,0.00,0.00,1,,191.00,,,,0.00,D,6
17.389,tesla,0.00,0.00,1,,191.00,,,,0.00,D,6
17.392,tesla,0.00,0.00,1,,191.00,,,,0.00,D,6
17.395,tesla,0.00,0.00,1,,191.00,,,,0.00,D,6
17.395,tesla,0.00,0.00,1,,191.00,,,,0.00,D,6
17.397,tesla,0.00,0.00,1,,191.00,,,,0.00,D,6
17.400,tesla,0.00,0.00,1,,191.00,,,,0.00,D,6
17.403,tesla,0.00,0.00,1,,191.00,,,,0.00,D,6
17.406,tesla,0.00,0.00,1,,191.00,,,,0.00,D,6
17.408,tesla,0.00,0.00,1,,191.00,,,,0.00,D,6
17.409,tesla,0.00,0.00,1,,191.00,,,,0.00,D,6
17.411,tesla,0.00,0.00,1,,191.00,,,,0.00,D,6
17.414,tesla,0.00,0.00,1,,191.00,,,,0.00,D,6
17.417,tesla,0.00,0.00,1,,191.00,,,,0.00,D,6
17.417,tesla,0.00,0.00,1,,191.00,,,,0.00,D,6
17.420,tesla,0.00,0.00,1,,191.00,,,,0.00,D,6
17.422,tesla,0.00,0.00,1,,191.00,,,,0.00,D,6
17.425,tesla,0.00,0.00,1,,191.00,,,,0.00,D,6
17.425,tesla,0.00,0.00,1,,191.00,,,,0.00,D,6
17.425,tesla,0.00,0.00,1,,191.00,,,,0.00,D,6
17.428,tesla,0.00,0.00,1,,191.00,,,,0.00,D,6
17.431,tesla,0.00,0.00,1,,191.00,,,,0.00,D,6
17.433,tesla,0.00,0.00,1,,191.00,,,,0.00,D,6
17.434,tesla,0.00,0.00,1,,191.00,,,,0.00,D,6
17.436,tesla,0.00,0.00,1,,191.00,,,,0.00,D,6
17.439,tesla,0.00,0.00,1,,191.00,,,,0.00,D,6
17.442,tesla,0.00,0.00,1,,191.00,,,,0.00,D,6
17.445,tesla,0.00,0.00,1,,191.00,,,,0.00,D,6
17.445,tesla,0.00,0.00,1,,191.00,,,,0.00,D,6
17.447,tesla,0.00,0.00,1,,191.00,,,,0.00,D,6
17.450,tesla,0.00,0.00,1,,191.00,,,,0.00,D,6
17.453,tesla,0.00,0.00,1,,191.00,,,,0.00,D,6
17.456,tesla,0.00,0.00,1,,191.00,,,,0.00,D,6
17.456,tesla,0.00,0.00,1,,191.00,,,,0.00,D,6
17.458,tesla,0.00,0.00,1,,191.00,,,,0.00,D,6
17.461,tesla,0.00,0.00,1,,191.00,,,,0.00,D,6
17.464,tesla,0.00,0.00,1,,191.00,,,,0.00,D,6
17.467,tesla,0.00,0.00,1,,191.00,,,,0.00,D,6
17.470,tesla,0.00,0.00,1,,191.00,,,,0.00,D,6
17.470,tesla,0.00,0.00,1,,191.00,,,,0.00,D,6
17.472,tesla,0.00,0.00,1,,191.00,,,,0.00,D,6
17.475,tesla,0.00,0.00,1,,191.00,,,,0.00,D,6
17.478,tesla,0.00,0.00,1,,191.00,,,,0.00,D,6
17.481,tesla,0.00,0.00,1,,191.00,,,,0.00,D,6
17.483,tesla,0.00,5.60,1,,191.00,,,,0.00,D,6
17.486,tesla,0.00,5.60,1,,191.00,,,,0.00,D,6
17.486,tesla,0.00,5.60,1,,191.00,,,,0.00,D,6
17.489,tesla,0.00,5.60,1,,191.00,,,,0.00,D,6
17.492,tesla,0.00,5.60,1,,191.00,,,,0.00,D,6
17.495,tesla,0.00,5.60,1,,191.00,,,,0.00,D,6
17.497,tesla,0.00,5.60,1,,191.00,,,,0.00,D,6
17.497,tesla,0.00,5.60,1,,191.00,,,,0.00,D,6
17.500,tesla,0.00,5.60,1,,191.00,,,,0.00,D,6
17.503,tesla,0.00,5.60,1,,191.00,,,,0.00,D,6
17.506,tesla,0.00,5.60,1,,191.00,,,,0.00,D,6
17.508,tesla,0.00,5.60,1,,191.00,,,,0.00,D,6
17.511,tesla,0.00,5.60,1,,191.00,,,,0.00,D,6
17.512,tesla,0.00,5.60,1,,191.00,,,,0.00,D,6
17.514,tesla,0.00,5.60,1,,191.00,,,,0.00,D,6
17.517,tesla,0.00,5.60,1,,191.00,,,,0.00,D,6
17.520,tesla,0.00,5.60,1,,191.00,,,,0.00,D,6
17.522,tesla,0.00,5.60,1,,191.00,,,,0.00,D,6
17.525,tesla,0.00,5.60,1,,191.00,,,,0.00,D,6
17.528,tesla,0.32,5.60,1,,191.00,,,,0.00,D,6
17.528,tesla,0.32,5.60,1,,191.00,,,,0.00,D,6
17.531,tesla,0.32,5.60,1,,191.00,,,,0.00,D,6
17.533,tesla,0.32,7.60,1,,191.00,,,,0.00,D,6
17.536,tesla,0.32,7.60,1,,191.00,,,,0.00,D,6
17.539,tesla,0.32,7.60,1,,191.00,,,,0.00,D,6
17.542,tesla,0.32,7.60,1,,191.00,,,,0.00,D,6
17.545,tesla,0.32,7.60,1,,191.00,,,,0.00,D,6
17.547,tesla,0.32,7.60,1,,191.00,,,,0.00,D,6
17.547,tesla,0.32,7.60,1,,188.30,,,,0.00,D,6
17.550,tesla,0.32,7.60,1,,188.30,,,,0.00,D,6
17.553,tesla,0.32,8.00,1,,188.30,,,,0.00,D,6
17.556,tesla,0.32,8.00,1,,187.80,,,,0.00,D,6
17.556,tesla,0.32,8.00,1,,187.80,,,,0.00,D,6
17.558,tesla,0.32,8.00,1,,187.20,,,,0.00,D,6
17.561,tesla,0.32,8.00,1,,187.20,,,,0.00,D,6
17.564,tesla,0.32,8.00,1,,187.20,,,,0.00,D,6
17.567,tesla,0.32,8.00,1,,187.20,,,,0.00,D,6
17.570,tesla,0.32,8.00,1,,187.20,,,,0.00,D,6
17.572,tesla,0.32,8.00,1,,187.20,,,,0.00,D,6
17.572,tesla,0.32,8.00,1,,187.20,,,,0.00,D,6
17.575,tesla,0.32,8.00,1,,187.20,,,,0.00,D,6
17.578,tesla,0.32,8.00,1,,187.20,,,,0.00,D,6
17.581,tesla,0.32,8.00,1,,187.20,,,,0.00,D,6
17.583,tesla,0.32,8.00,1,,187.20,,,,0.00,D,6
17.586,tesla,0.32,8.00,1,,187.20,,,,0.00,D,6
17.586,tesla,0.32,8.00,1,,187.20,,,,0.00,D,6
17.589,tesla,0.32,8.00,1,,187.20,,,,0.00,D,6
17.592,tesla,0.32,8.00,1,,187.20,,,,0.00,D,6
17.595,tesla,0.32,8.00,1,,187.20,,,,0.00,D,6
17.595,tesla,0.32,8.00,1,,187.20,,,,0.00,D,6
17.597,tesla,0.32,8.00,1,,187.20,,,,0.00,D,6
17.600,tesla,0.32,8.00,1,,187.20,,,,0.00,D,6
17.600,tesla,0.32,8.00,1,,187.20,,,,0.00,D,6
17.603,tesla,0.32,8.00,1,,187.20,,,,0.00,D,6
17.606,tesla,0.32,8.00,1,,187.20,,,,0.00,D,6
17.608,tesla,0.32,8.00,1,,187.20,,,,0.00,D,6
17.611,tesla,0.32,8.00,1,,187.20,,,,0.00,D,6
17.614,tesla,0.32,8.00,1,,187.20,,,,0.00,D,6
17.614,tesla,0.32,8.00,1,,187.20,,,,0.00,D,6
17.617,tesla,0.32,8.00,1,,187.20,,,,0.00,D,6
17.620,tesla,0.32,8.00,1,,187.20,,,,0.00,D,6
17.622,tesla,0.32,8.00,1,,187.20,,,,0.00,D,6
17.623,tesla,0.32,8.00,1,,187.20,,,,0.00,D,6
17.623,tesla,0.32,8.00,1,,187.20,,,,0.00,D,6
17.625,tesla,0.32,8.00,1,,187.20,,,,0.00,D,6
17.625,tesla,0.32,8.00,1,,187.20,,,,0.00,D,6
17.636,tesla,0.32,8.00,1,,187.20,,,,0.00,D,6
17.636,tesla,0.32,8.00,1,,187.20,,,,0.00,D,6
17.639,tesla,0.32,8.00,1,,187.20,,,,0.00,D,6
17.642,tesla,0.32,8.00,1,,187.20,,,,0.00,D,6
17.645,tesla,0.32,8.00,1,,187.20,,,,0.00,D,6
17.647,tesla,0.32,8.00,1,,187.20,,,,0.00,D,6
17.647,tesla,0.32,8.00,1,,187.20,,,,0.00,D,6
17.650,tesla,0.32,8.00,1,,187.20,,,,0.00,D,6
17.650,tesla,0.32,8.00,1,,187.20,,,,0.00,D,6
17.653,tesla,0.32,8.00,1,,187.20,,,,0.00,D,6
17.656,tesla,0.32,8.00,1,,187.20,,,,0.00,D,6
17.656,tesla,0.32,8.00,1,,187.20,,,,0.00,D,6
17.659,tesla,0.32,8.00,1,,187.20,,,,0.00,D,6
17.661,tesla,0.32,8.00,1,,187.20,,,,0.00,D,6
17.664,tesla,0.32,9.20,1,,187.20,,,,0.00,D,6
17.667,tesla,0.32,9.20,1,,187.20,,,,0.00,D,6
17.667,tesla,0.32,9.20,1,,187.20,,,,0.00,D,6
17.670,tesla,0.32,9.20,1,,187.20,,,,0.00,D,6
17.672,tesla,0.32,9.20,1,,187.20,,,,0.00,D,6
17.675,tesla,0.32,9.20,1,,187.20,,,,0.00,D,6
17.675,tesla,0.32,9.20,1,,187.20,,,,0.00,D,6
17.678,tesla,0.32,9.60,1,,187.20,,,,0.00,D,6
17.681,tesla,0.32,9.60,1,,187.20,,,,0.00,D,6
17.683,tesla,0.40,9.60,1,,187.20,,,,0.00,D,6
17.686,tesla,0.40,9.60,1,,187.20,,,,0.00,D,6
17.686,tesla,0.40,9.60,1,,187.20,,,,0.00,D,6
17.689,tesla,0.40,9.60,1,,187.20,,,,0.00,D,6
17.692,tesla,0.40,9.60,1,,187.20,,,,0.00,D,6
17.695,tesla,0.40,9.60,1,,187.20,,,,0.00,D,6
17.697,tesla,0.40,9.60,1,,187.20,,,,0.00,D,6
17.697,tesla,0.40,9.60,1,,187.20,,,,0.00,D,6
17.700,tesla,0.40,9.60,1,,187.20,,,,0.00,D,6
17.703,tesla,0.40,9.60,1,,187.20,,,,0.00,D,6
17.706,tesla,0.40,9.60,1,,187.20,,,,0.00,D,6
17.709,tesla,0.40,9.60,1,,187.20,,,,0.00,D,6
17.711,tesla,0.40,10.40,1,,187.20,,,,0.00,D,6
17.714,tesla,0.40,10.40,1,,187.20,,,,0.00,D,6
17.717,tesla,0.40,10.40,1,,187.20,,,,0.00,D,6
17.717,tesla,0.40,10.40,1,,187.20,,,,0.00,D,6
17.720,tesla,0.40,10.40,1,,187.20,,,,0.00,D,6
17.722,tesla,0.40,10.40,1,,178.50,,,,0.00,D,6
17.725,tesla,0.40,10.40,1,,178.50,,,,0.00,D,6
17.728,tesla,0.40,10.40,1,,178.50,,,,0.00,D,6
17.731,tesla,0.40,10.40,1,,177.80,,,,0.00,D,6
17.733,tesla,0.40,10.40,1,,177.80,,,,0.00,D,6
17.736,tesla,0.40,10.40,1,,177.80,,,,0.00,D,6
17.736,tesla,0.40,10.40,1,,177.80,,,,0.00,D,6
17.739,tesla,0.40,10.40,1,,177.80,,,,0.00,D,6
17.742,tesla,0.40,10.40,1,,177.80,,,,0.00,D,6
17.742,tesla,0.40,10.40,1,,177.80,,,,0.00,D,6
17.745,tesla,0.40,10.40,1,,177.80,,,,0.00,D,6
17.747,tesla,0.40,10.40,1,,177.80,,,,0.00,D,6
17.750,tesla,0.40,10.40,1,,177.80,,,,0.00,D,6
17.753,tesla,0.40,10.40,1,,177.80,,,,0.00,D,6
17.756,tesla,0.40,10.40,1,,177.80,,,,0.00,D,6
17.758,tesla,0.40,10.40,1,,177.80,,,,0.00,D,6
17.761,tesla,0.40,10.40,1,,177.80,,,,0.00,D,6
17.762,tesla,0.40,10.40,1,,177.80,,,,0.00,D,6
17.764,tesla,0.40,10.40,1,,177.80,,,,0.00,D,6
17.767,tesla,0.40,10.40,1,,177.80,,,,0.00,D,6
17.770,tesla,0.40,10.40,1,,177.80,,,,0.00,D,6
17.772,tesla,0.40,10.40,1,,177.80,,,,0.00,D,6
17.775,tesla,0.40,10.40,1,,177.80,,,,0.00,D,6
17.778,tesla,0.40,10.40,1,,177.80,,,,0.00,D,6
17.778,tesla,0.40,10.40,1,,177.80,,,,0.00,D,6
17.781,tesla,0.40,10.40,1,,177.80,,,,0.00,D,6
17.783,tesla,0.40,10.40,1,,177.80,,,,0.00,D,6
17.786,tesla,0.40,10.40,1,,177.80,,,,0.00,D,6
17.789,tesla,0.40,10.40,1,,177.80,,,,0.00,D,6
17.792,tesla,0.40,10.40,1,,177.80,,,,0.00,D,6
17.792,tesla,0.40,10.40,1,,177.80,,,,0.00,D,6
17.795,tesla,0.40,10.40,1,,177.80,,,,0.00,D,6
17.797,tesla,0.40,10.40,1,,177.80,,,,0.00,D,6
17.800,tesla,0.40,10.40,1,,177.80,,,,0.00,D,6
17.803,tesla,0.40,10.40,1,,177.80,,,,0.00,D,6
17.806,tesla,0.40,10.40,1,,177.80,,,,0.00,D,6
17.806,tesla,0.40,10.40,1,,177.80,,,,0.00,D,6
17.809,tesla,0.40,10.40,1,,177.80,,,,0.00,D,6
17.811,tesla,0.40,10.40,1,,177.80,,,,0.00,D,6
17.814,tesla,0.40,10.40,1,,177.80,,,,0.00,D,6
17.814,tesla,0.40,10.40,1,,177.80,,,,0.00,D,6
17.817,tesla,0.40,10.40,1,,177.80,,,,0.00,D,6
17.820,tesla,0.40,10.40,1,,177.80,,,,0.00,D,6
17.822,tesla,0.40,10.40,1,,177.80,,,,0.00,D,6
17.825,tesla,0.40,10.40,1,,177.80,,,,0.00,D,6
17.828,tesla,0.40,10.40,1,,177.80,,,,0.00,D,6
17.828,tesla,0.40,10.40,1,,177.80,,,,0.00,D,6
17.831,tesla,0.40,10.40,1,,177.80,,,,0.00,D,6
17.833,tesla,0.40,10.40,1,,177.80,,,,0.00,D,6
17.834,tesla,0.40,10.40,1,,177.80,,,,0.00,D,6
17.836,tesla,0.40,10.40,1,,177.80,,,,0.00,D,6
17.839,tesla,0.40,10.40,1,,177.80,,,,0.00,D,6
17.842,tesla,0.40,10.40,1,,177.80,,,,0.00,D,6
17.845,tesla,0.40,10.40,1,,177.80,,,,0.00,D,6
17.847,tesla,0.40,10.40,1,,177.80,,,,0.00,D,6
17.850,tesla,0.40,10.40,1,,177.80,,,,0.00,D,6
17.850,tesla,0.40,10.40,1,,177.80,,,,0.00,D,6
17.853,tesla,0.40,10.40,1,,177.80,,,,0.00,D,6
17.856,tesla,0.40,10.40,1,,177.80,,,,0.00,D,6
17.856,tesla,0.40,10.40,1,,177.80,,,,0.00,D,6
17.859,tesla,0.40,10.40,1,,177.80,,,,0.00,D,6
17.861,tesla,0.40,10.40,1,,177.80,,,,0.00,D,6
17.864,tesla,0.40,10.40,1,,177.80,,,,0.00,D,6
17.864,tesla,0.40,10.40,1,,177.80,,,,0.00,D,6
17.867,tesla,0.40,10.40,1,,177.80,,,,0.00,D,6
17.870,tesla,0.40,10.40,1,,177.80,,,,0.00,D,6
17.872,tesla,0.40,10.40,1,,177.80,,,,0.00,D,6
17.875,tesla,0.40,15.60,1,,177.80,,,,0.00,D,6
17.878,tesla,0.40,15.60,1,,177.80,,,,0.00,D,6
17.881,tesla,0.40,16.00,1,,177.80,,,,0.00,D,6
17.883,tesla,0.40,16.00,1,,177.80,,,,0.00,D,6
17.884,tesla,0.96,16.00,1,,177.80,,,,0.00,D,6
17.886,tesla,0.96,16.00,1,,177.80,,,,0.00,D,6
17.889,tesla,0.96,16.00,1,,177.80,,,,0.00,D,6
17.892,tesla,0.96,16.00,1,,177.80,,,,0.00,D,6
17.895,tesla,0.96,16.00,1,,177.80,,,,0.00,D,6
17.895,tesla,0.96,16.00,1,,177.80,,,,0.00,D,6
17.897,tesla,0.96,16.00,1,,177.80,,,,0.00,D,6
17.900,tesla,0.96,16.00,1,,177.80,,,,0.00,D,6
17.903,tesla,0.96,16.00,1,,177.80,,,,0.00,D,6
17.903,tesla,1.04,16.00,1,,177.80,,,,0.00,D,6
17.906,tesla,1.04,16.00,1,,177.80,,,,0.00,D,6
17.909,tesla,1.04,16.40,1,,177.80,,,,0.00,D,6
17.911,tesla,1.04,16.40,1,,177.80,,,,0.00,D,6
17.914,tesla,1.04,16.40,1,,177.80,,,,0.00,D,6
17.917,tesla,1.04,16.40,1,,177.80,,,,0.00,D,6
17.920,tesla,1.04,16.40,1,,158.90,,,,0.00,D,6
17.922,tesla,1.04,16.40,1,,157.50,,,,0.00,D,6
17.922,tesla,1.04,16.40,1,,157.50,,,,0.00,D,6
17.925,tesla,1.04,16.40,1,,157.50,,,,0.00,D,6
17.928,tesla,1.04,16.40,1,,157.50,,,,0.00,D,6
17.931,tesla,1.04,16.40,1,,157.50,,,,0.00,D,6
17.933,tesla,1.04,16.40,1,,157.50,,,,0.00,D,6
17.936,tesla,1.04,16.40,1,,157.50,,,,0.00,D,6
17.939,tesla,1.04,16.40,1,,157.50,,,,0.00,D,6
17.939,tesla,1.04,16.40,1,,157.50,,,,0.00,D,6
17.942,tesla,1.04,16.40,1,,157.50,,,,0.00,D,6
17.945,tesla,1.04,16.40,1,,157.50,,,,0.00,D,6
17.945,tesla,1.04,16.40,1,,157.50,,,,0.00,D,6
17.947,tesla,1.04,16.40,1,,157.50,,,,0.00,D,6
17.950,tesla,1.04,16.40,1,,157.50,,,,0.00,D,6
17.953,tesla,1.04,16.40,1,,157.50,,,,0.00,D,6
17.956,tesla,1.04,16.40,1,,157.50,,,,0.00,D,6
17.959,tesla,1.04,16.40,1,,157.50,,,,0.00,D,6
17.961,tesla,1.04,16.40,1,,157.50,,,,0.00,D,6
17.964,tesla,1.04,16.40,1,,157.50,,,,0.00,D,6
17.964,tesla,1.04,16.40,1,,157.50,,,,0.00,D,6
17.967,tesla,1.04,16.40,1,,157.50,,,,0.00,D,6
17.970,tesla,1.04,16.40,1,,157.50,,,,0.00,D,6
17.972,tesla,1.04,16.40,1,,157.50,,,,0.00,D,6
17.975,tesla,1.04,16.40,1,,157.50,,,,0.00,D,6
17.978,tesla,1.04,16.40,1,,157.50,,,,0.00,D,6
17.981,tesla,1.04,16.40,1,,157.50,,,,0.00,D,6
17.981,tesla,1.04,16.40,1,,157.50,,,,0.00,D,6
17.983,tesla,1.04,16.40,1,,157.50,,,,0.00,D,6
17.986,tesla,1.04,16.40,1,,157.50,,,,0.00,D,6
17.989,tesla,1.04,16.40,1,,157.50,,,,0.00,D,6
17.992,tesla,1.04,16.40,1,,157.50,,,,0.00,D,6
17.995,tesla,1.04,16.40,1,,157.50,,,,0.00,D,6
17.995,tesla,1.04,16.40,1,,157.50,,,,0.00,D,6
17.997,tesla,1.04,16.40,1,,157.50,,,,0.00,D,6
18.000,tesla,1.04,16.40,1,,157.50,,,,0.00,D,6
18.003,tesla,1.04,16.40,1,,157.50,,,,0.00,D,6
18.003,tesla,1.04,16.40,1,,157.50,,,,0.00,D,6
18.006,tesla,1.04,16.40,1,,157.50,,,,0.00,D,6
18.008,tesla,1.04,16.40,1,,157.50,,,,0.00,D,6
18.011,tesla,1.04,16.40,1,,157.50,,,,0.00,D,6
18.014,tesla,1.04,16.40,1,,157.50,,,,0.00,D,6
18.014,tesla,1.04,16.40,1,,157.50,,,,0.00,D,6
18.017,tesla,1.04,16.40,1,,157.50,,,,0.00,D,6
18.020,tesla,1.04,16.40,1,,157.50,,,,0.00,D,6
18.022,tesla,1.04,16.40,1,,157.50,,,,0.00,D,6
18.023,tesla,1.04,16.40,1,,157.50,,,,0.00,D,6
18.025,tesla,1.04,16.40,1,,157.50,,,,0.00,D,6
18.028,tesla,1.04,16.40,1,,157.50,,,,0.00,D,6
18.031,tesla,1.04,16.40,1,,157.50,,,,0.00,D,6
18.031,tesla,1.04,16.40,1,,157.50,,,,0.00,D,6
18.033,tesla,1.04,16.40,1,,157.50,,,,0.00,D,6
18.036,tesla,1.04,16.40,1,,157.50,,,,0.00,D,6
18.039,tesla,1.04,16.40,1,,157.50,,,,0.00,D,6
18.042,tesla,1.04,16.40,1,,157.50,,,,0.00,D,6
18.042,tesla,1.04,16.40,1,,157.50,,,,0.00,D,6
18.045,tesla,1.04,16.40,1,,157.50,,,,0.00,D,6
18.047,tesla,1.04,16.40,1,,157.50,,,,0.00,D,6
18.050,tesla,1.04,16.40,1,,157.50,,,,0.00,D,6
18.050,tesla,1.04,16.40,1,,157.50,,,,0.00,D,6
18.053,tesla,1.04,16.40,1,,157.50,,,,0.00,D,6
18.056,tesla,1.04,16.40,1,,157.50,,,,0.00,D,6
18.059,tesla,1.04,16.40,1,,157.50,,,,0.00,D,6
18.061,tesla,1.04,16.40,1,,157.50,,,,0.00,D,6
18.062,tesla,1.04,16.40,1,,157.50,,,,0.00,D,6
18.064,tesla,1.04,16.40,1,,157.50,,,,0.00,D,6
18.067,tesla,1.04,16.40,1,,157.50,,,,0.00,D,6
18.070,tesla,1.04,16.40,1,,157.50,,,,0.00,D,6
18.072,tesla,1.04,16.40,1,,157.50,,,,0.00,D,6
18.075,tesla,1.04,16.40,1,,157.50,,,,0.00,D,6
18.075,tesla,1.04,15.60,1,,157.50,,,,0.00,D,6
18.078,tesla,1.04,15.60,1,,157.50,,,,0.00,D,6
18.081,tesla,1.36,15.60,1,,157.50,,,,0.00,D,6
18.083,tesla,1.36,15.60,1,,157.50,,,,0.00,D,6
18.086,tesla,1.36,15.60,1,,157.50,,,,0.00,D,6
18.086,tesla,1.36,15.60,1,,157.50,,,,0.00,D,6
18.089,tesla,1.36,15.60,1,,157.50,,,,0.00,D,6
18.092,tesla,1.36,15.60,1,,157.50,,,,0.00,D,6
18.095,tesla,1.36,15.60,1,,157.50,,,,0.00,D,6
18.095,tesla,1.36,15.60,1,,157.50,,,,0.00,D,6
18.097,tesla,1.36,15.60,1,,157.50,,,,0.00,D,6
18.100,tesla,1.36,15.60,1,,157.50,,,,0.00,D,6
18.103,tesla,1.36,15.60,1,,157.50,,,,0.00,D,6
18.106,tesla,1.44,15.60,1,,157.50,,,,0.00,D,6
18.109,tesla,1.44,15.60,1,,157.50,,,,0.00,D,6
18.111,tesla,1.44,15.60,1,,157.50,,,,0.00,D,6
18.114,tesla,1.44,15.60,1,,157.50,,,,0.00,D,6
18.114,tesla,1.44,15.60,1,,157.50,,,,0.00,D,6
18.117,tesla,1.44,15.60,1,,125.80,,,,0.00,D,6
18.120,tesla,1.44,15.60,1,,123.70,,,,0.00,D,6
18.122,tesla,1.44,15.60,1,,123.70,,,,0.00,D,6
18.125,tesla,1.44,15.60,1,,123.70,,,,0.00,D,6
18.128,tesla,1.44,15.60,1,,123.70,,,,0.00,D,6
18.131,tesla,1.44,15.60,1,,123.70,,,,0.00,D,6
18.133,tesla,1.44,15.60,1,,123.70,,,,0.00,D,6
18.134,tesla,1.44,15.60,1,,123.70,,,,0.00,D,6
18.136,tesla,1.44,15.60,1,,123.70,,,,0.00,D,6
18.139,tesla,1.44,15.60,1,,123.70,,,,0.00,D,6
18.142,tesla,1.44,15.60,1,,123.70,,,,0.00,D,6
18.145,tesla,1.44,15.60,1,,123.70,,,,0.00,D,6
18.146,tesla,1.44,15.60,1,,123.70,,,,0.00,D,6
18.147,tesla,1.44,15.60,1,,123.70,,,,0.00,D,6
18.150,tesla,1.44,15.60,1,,123.70,,,,0.00,D,6
18.153,tesla,1.44,15.60,1,,123.70,,,,0.00,D,6
18.156,tesla,1.44,15.60,1,,123.70,,,,0.00,D,6
18.158,tesla,1.44,15.60,1,,123.70,,,,0.00,D,6
18.159,tesla,1.44,15.60,1,,123.70,,,,0.00,D,6
18.161,tesla,1.44,15.60,1,,123.70,,,,0.00,D,6
18.164,tesla,1.44,15.60,1,,123.70,,,,0.00,D,6
18.167,tesla,1.44,15.60,1,,123.70,,,,0.00,D,6
18.170,tesla,1.44,15.60,1,,123.70,,,,0.00,D,6
18.172,tesla,1.44,15.60,1,,123.70,,,,0.00,D,6
18.175,tesla,1.44,15.60,1,,123.70,,,,0.00,D,6
18.175,tesla,1.44,15.60,1,,123.70,,,,0.00,D,6
18.178,tesla,1.44,15.60,1,,123.70,,,,0.00,D,6
18.181,tesla,1.44,15.60,1,,123.70,,,,0.00,D,6
18.184,tesla,1.44,15.60,1,,123.70,,,,0.00,D,6
18.186,tesla,1.44,15.60,1,,123.70,,,,0.00,D,6
18.189,tesla,1.44,15.60,1,,123.70,,,,0.00,D,6
18.189,tesla,1.44,15.60,1,,123.70,,,,0.00,D,6
18.192,tesla,1.44,15.60,1,,123.70,,,,0.00,D,6
18.195,tesla,1.44,15.60,1,,123.70,,,,0.00,D,6
18.197,tesla,1.44,15.60,1,,123.70,,,,0.00,D,6
18.200,tesla,1.44,15.60,1,,123.70,,,,0.00,D,6
18.203,tesla,1.44,15.60,1,,123.70,,,,0.00,D,6
18.203,tesla,1.44,15.60,1,,123.70,,,,0.00,D,6
18.206,tesla,1.44,15.60,1,,123.70,,,,0.00,D,6
18.209,tesla,1.44,15.60,1,,123.70,,,,0.00,D,6
18.211,tesla,1.44,15.60,1,,123.70,,,,0.00,D,6
18.212,tesla,1.44,15.60,1,,123.70,,,,0.00,D,6
18.214,tesla,1.44,15.60,1,,123.70,,,,0.00,D,6
18.217,tesla,1.44,15.60,1,,123.70,,,,0.00,D,6
18.220,tesla,1.44,15.60,1,,123.70,,,,0.00,D,6
18.220,tesla,1.44,15.60,1,,123.70,,,,0.00,D,6
18.222,tesla,1.44,15.60,1,,123.70,,,,0.00,D,6
18.225,tesla,1.44,15.60,1,,123.70,,,,0.00,D,6
18.225,tesla,1.44,15.60,1,,123.70,,,,0.00,D,6
18.228,tesla,1.44,15.60,1,,123.70,,,,0.00,D,6
18.231,tesla,1.44,15.60,1,,123.70,,,,0.00,D,6
18.233,tesla,1.44,15.60,1,,123.70,,,,0.00,D,6
18.236,tesla,1.44,15.60,1,,123.70,,,,0.00,D,6
18.239,tesla,1.44,15.60,1,,123.70,,,,0.00,D,6
18.242,tesla,1.44,15.60,1,,123.70,,,,0.00,D,6
18.243,tesla,1.44,15.60,1,,123.70,,,,0.00,D,6
18.245,tesla,1.44,15.60,1,,123.70,,,,0.00,D,6
18.247,tesla,1.44,15.60,1,,123.70,,,,0.00,D,6
18.250,tesla,1.44,15.60,1,,123.70,,,,0.00,D,6
18.250,tesla,1.44,15.60,1,,123.70,,,,0.00,D,6
18.253,tesla,1.44,15.60,1,,123.70,,,,0.00,D,6
18.256,tesla,1.44,15.60,1,,123.70,,,,0.00,D,6
18.258,tesla,1.44,15.60,1,,123.70,,,,0.00,D,6
18.261,tesla,1.44,15.60,1,,123.70,,,,0.00,D,6
18.261,tesla,1.44,15.60,1,,123.70,,,,0.00,D,6
18.264,tesla,1.44,15.60,1,,123.70,,,,0.00,D,6
18.267,tesla,1.44,15.60,1,,123.70,,,,0.00,D,6
18.270,tesla,1.44,15.60,1,,123.70,,,,0.00,D,6
18.272,tesla,1.44,15.60,1,,123.70,,,,0.00,D,6
18.275,tesla,1.44,15.60,1,,123.70,,,,0.00,D,6
18.275,tesla,1.44,15.20,1,,123.70,,,,0.00,D,6
18.278,tesla,1.44,15.20,1,,123.70,,,,0.00,D,6
18.281,tesla,1.44,15.20,1,,123.70,,,,0.00,D,6
18.283,tesla,1.44,15.20,1,,123.70,,,,0.00,D,6
18.286,tesla,2.24,15.20,1,,123.70,,,,0.00,D,6
18.286,tesla,2.24,15.20,1,,123.70,,,,0.00,D,6
18.289,tesla,2.24,15.20,1,,123.70,,,,0.00,D,6
18.292,tesla,2.24,15.20,1,,123.70,,,,0.00,D,6
18.295,tesla,2.24,15.20,1,,123.70,,,,0.00,D,6
18.295,tesla,2.24,15.20,1,,123.70,,,,0.00,D,6
18.297,tesla,2.24,15.20,1,,123.70,,,,0.00,D,6
18.300,tesla,2.24,15.20,1,,123.70,,,,0.00,D,6
18.303,tesla,2.24,15.20,1,,123.70,,,,0.00,D,6
18.306,tesla,2.24,15.20,1,,123.70,,,,0.00,D,6
18.309,tesla,2.24,15.20,1,,123.70,,,,0.00,D,6
18.311,tesla,2.24,15.20,1,,123.70,,,,0.00,D,6
18.314,tesla,2.24,15.20,1,,123.70,,,,0.00,D,6
18.314,tesla,2.24,15.20,1,,123.70,,,,0.00,D,6
18.317,tesla,2.24,15.20,1,,83.40,,,,0.00,D,6
18.320,tesla,2.24,15.20,1,,81.50,,,,0.00,D,6
18.322,tesla,2.24,15.20,1,,81.50,,,,0.00,D,6
18.325,tesla,2.24,15.20,1,,81.50,,,,0.00,D,6
18.328,tesla,2.24,15.20,1,,81.50,,,,0.00,D,6
18.331,tesla,2.24,15.20,1,,81.50,,,,0.00,D,6
18.331,tesla,2.24,15.20,1,,81.50,,,,0.00,D,6
18.333,tesla,2.24,15.20,1,,81.50,,,,0.00,D,6
18.336,tesla,2.24,15.20,1,,81.50,,,,0.00,D,6
18.339,tesla,2.24,15.20,1,,81.50,,,,0.00,D,6
18.339,tesla,2.24,15.20,1,,81.50,,,,0.00,D,6
18.342,tesla,2.24,15.20,1,,81.50,,,,0.00,D,6
18.345,tesla,2.24,15.20,1,,81.50,,,,0.00,D,6
18.347,tesla,2.24,15.20,1,,81.50,,,,0.00,D,6
18.350,tesla,2.24,15.20,1,,81.50,,,,0.00,D,6
18.353,tesla,2.24,15.20,1,,81.50,,,,0.00,D,6
18.353,tesla,2.24,15.20,1,,81.50,,,,0.00,D,6
18.356,tesla,2.24,15.20,1,,81.50,,,,0.00,D,6
18.358,tesla,2.24,15.20,1,,81.50,,,,0.00,D,6
18.361,tesla,2.24,15.20,1,,81.50,,,,0.00,D,6
18.364,tesla,2.24,15.20,1,,81.50,,,,0.00,D,6
18.367,tesla,2.24,15.20,1,,81.50,,,,0.00,D,6
18.370,tesla,2.24,15.20,1,,81.50,,,,0.00,D,6
18.372,tesla,2.24,15.20,1,,81.50,,,,0.00,D,6
18.372,tesla,2.24,15.20,1,,81.50,,,,0.00,D,6
18.375,tesla,2.24,15.20,1,,81.50,,,,0.00,D,6
18.378,tesla,2.24,15.20,1,,81.50,,,,0.00,D,6
18.381,tesla,2.24,15.20,1,,81.50,,,,0.00,D,6
18.383,tesla,2.24,15.20,1,,81.50,,,,0.00,D,6
18.386,tesla,2.24,15.20,1,,81.50,,,,0.00,D,6
18.389,tesla,2.24,15.20,1,,81.50,,,,0.00,D,6
18.389,tesla,2.24,15.20,1,,81.50,,,,0.00,D,6
18.392,tesla,2.24,15.20,1,,81.50,,,,0.00,D,6
18.395,tesla,2.24,15.20,1,,81.50,,,,0.00,D,6
18.397,tesla,2.24,15.20,1,,81.50,,,,0.00,D,6
18.400,tesla,2.24,15.20,1,,81.50,,,,0.00,D,6
18.403,tesla,2.24,15.20,1,,81.50,,,,0.00,D,6
18.403,tesla,2.24,15.20,1,,81.50,,,,0.00,D,6
18.406,tesla,2.24,15.20,1,,81.50,,,,0.00,D,6
18.409,tesla,2.24,15.20,1,,81.50,,,,0.00,D,6
18.411,tesla,2.24,15.20,1,,81.50,,,,0.00,D,6
18.411,tesla,2.24,15.20,1,,81.50,,,,0.00,D,6
18.414,tesla,2.24,15.20,1,,81.50,,,,0.00,D,6
18.417,tesla,2.24,15.20,1,,81.50,,,,0.00,D,6
18.420,tesla,2.24,15.20,1,,81.50,,,,0.00,D,6
18.420,tesla,2.24,15.20,1,,81.50,,,,0.00,D,6
18.422,tesla,2.24,15.20,1,,81.50,,,,0.00,D,6
18.425,tesla,2.24,15.20,1,,81.50,,,,0.00,D,6
18.428,tesla,2.24,15.20,1,,81.50,,,,0.00,D,6
18.428,tesla,2.24,15.20,1,,81.50,,,,0.00,D,6
18.431,tesla,2.24,15.20,1,,81.50,,,,0.00,D,6
18.433,tesla,2.24,15.20,1,,81.50,,,,0.00,D,6
18.436,tesla,2.24,15.20,1,,81.50,,,,0.00,D,6
18.439,tesla,2.24,15.20,1,,81.50,,,,0.00,D,6
18.442,tesla,2.24,15.20,1,,81.50,,,,0.00,D,6
18.445,tesla,2.24,15.20,1,,81.50,,,,0.00,D,6
18.445,tesla,2.24,15.20,1,,81.50,,,,0.00,D,6
18.447,tesla,2.24,15.20,1,,81.50,,,,0.00,D,6
18.450,tesla,2.24,15.20,1,,81.50,,,,0.00,D,6
18.450,tesla,2.24,15.20,1,,81.50,,,,0.00,D,6
18.453,tesla,2.24,15.20,1,,81.50,,,,0.00,D,6
18.456,tesla,2.24,15.20,1,,81.50,,,,0.00,D,6
18.458,tesla,2.24,15.20,1,,81.50,,,,0.00,D,6
18.459,tesla,2.24,15.20,1,,81.50,,,,0.00,D,6
18.461,tesla,2.24,15.20,1,,81.50,,,,0.00,D,6
18.464,tesla,2.24,15.20,1,,81.50,,,,0.00,D,6
18.467,tesla,2.24,15.20,1,,81.50,,,,0.00,D,6
18.470,tesla,2.24,15.20,1,,81.50,,,,0.00,D,6
18.472,tesla,2.24,15.20,1,,81.50,,,,0.00,D,6
18.472,tesla,2.24,15.20,1,,81.50,,,,0.00,D,6
18.475,tesla,2.24,15.20,1,,81.50,,,,0.00,D,6
18.478,tesla,2.96,15.20,1,,81.50,,,,0.00,D,6
18.481,tesla,2.96,15.20,1,,81.50,,,,0.00,D,6
18.483,tesla,2.96,15.20,1,,81.50,,,,0.00,D,6
18.486,tesla,2.96,15.20,1,,81.50,,,,1504.00,D,6
18.489,tesla,2.96,15.20,1,,81.50,,,,1504.00,D,6
18.489,tesla,2.96,15.20,1,,81.50,,,,1504.00,D,6
18.492,tesla,2.96,14.80,1,,81.50,,,,1504.00,D,6
18.495,tesla,2.96,14.80,1,,81.50,,,,1504.00,D,6
18.497,tesla,2.96,14.80,1,,81.50,,,,1504.00,D,6
18.497,tesla,2.96,14.80,1,,81.50,,,,1504.00,D,6
18.500,tesla,2.96,14.80,1,,81.50,,,,1504.00,D,6
18.503,tesla,2.96,14.80,1,,81.50,,,,1504.00,D,6
18.506,tesla,2.96,14.80,1,,81.50,,,,1504.00,D,6
18.509,tesla,2.96,14.80,1,,52.20,,,,1504.00,D,6
18.511,tesla,2.96,14.80,1,,52.20,,,,1504.00,D,6
18.514,tesla,2.96,14.80,1,,52.20,,,,1504.00,D,6
18.517,tesla,2.96,14.80,1,,50.60,,,,1504.00,D,6
18.517,tesla,2.96,14.80,1,,50.60,,,,1504.00,D,6
18.520,tesla,2.96,14.80,1,,50.60,,,,1504.00,D,6
18.522,tesla,2.96,14.80,1,,50.60,,,,1504.00,D,6
18.525,tesla,2.96,14.80,1,,50.60,,,,1504.00,D,6
18.528,tesla,2.96,14.80,1,,50.60,,,,1504.00,D,6
18.531,tesla,2.96,14.80,1,,50.60,,,,1504.00,D,6
18.531,tesla,2.96,14.80,1,,50.60,,,,1504.00,D,6
18.533,tesla,2.96,14.80,1,,50.60,,,,1504.00,D,6
18.536,tesla,2.96,14.80,1,,50.60,,,,1504.00,D,6
18.539,tesla,2.96,14.80,1,,50.60,,,,1504.00,D,6
18.542,tesla,2.96,14.80,1,,50.60,,,,1504.00,D,6
18.545,tesla,2.96,14.80,1,,50.60,,,,1504.00,D,6
18.547,tesla,2.96,14.80,1,,50.60,,,,1504.00,D,6
18.547,tesla,2.96,14.80,1,,50.60,,,,1504.00,D,6
18.550,tesla,2.96,14.80,1,,50.60,,,,1504.00,D,6
18.553,tesla,2.96,14.80,1,,50.60,,,,1504.00,D,6
18.553,tesla,2.96,14.80,1,,50.60,,,,1504.00,D,6
18.556,tesla,2.96,14.80,1,,50.60,,,,1504.00,D,6
18.556,tesla,2.96,14.80,1,,50.60,,,,1504.00,D,6
18.559,tesla,2.96,14.80,1,,50.60,,,,1504.00,D,6
18.561,tesla,2.96,14.80,1,,50.60,,,,1504.00,D,6
18.564,tesla,2.96,14.80,1,,50.60,,,,1504.00,D,6
18.567,tesla,2.96,14.80,1,,50.60,,,,1504.00,D,6
18.570,tesla,2.96,14.80,1,,50.60,,,,1504.00,D,6
18.572,tesla,2.96,14.80,1,,50.60,,,,1504.00,D,6
18.575,tesla,2.96,14.80,1,,50.60,,,,1504.00,D,6
18.575,tesla,2.96,14.80,1,,50.60,,,,1504.00,D,6
18.578,tesla,2.96,14.80,1,,50.60,,,,1504.00,D,6
18.581,tesla,2.96,14.80,1,,50.60,,,,1504.00,D,6
18.583,tesla,2.96,14.80,1,,50.60,,,,1504.00,D,6
18.586,tesla,2.96,14.80,1,,50.60,,,,1504.00,D,6
18.586,tesla,2.96,14.80,1,,50.60,,,,1504.00,D,6
18.589,tesla,2.96,14.80,1,,50.60,,,,1504.00,D,6
18.592,tesla,2.96,14.80,1,,50.60,,,,1504.00,D,6
18.595,tesla,2.96,14.80,1,,50.60,,,,1504.00,D,6
18.597,tesla,2.96,14.80,1,,50.60,,,,1504.00,D,6
18.597,tesla,2.96,14.80,1,,50.60,,,,1504.00,D,6
18.600,tesla,2.96,14.80,1,,50.60,,,,1504.00,D,6
18.603,tesla,2.96,14.80,1,,50.60,,,,1504.00,D,6
18.606,tesla,2.96,14.80,1,,50.60,,,,1504.00,D,6
18.608,tesla,2.96,14.80,1,,50.60,,,,1504.00,D,6
18.611,tesla,2.96,14.80,1,,50.60,,,,1504.00,D,6
18.614,tesla,2.96,14.80,1,,50.60,,,,1504.00,D,6
18.617,tesla,2.96,14.80,1,,50.60,,,,1504.00,D,6
18.617,tesla,2.96,14.80,1,,50.60,,,,1504.00,D,6
18.620,tesla,2.96,14.80,1,,50.60,,,,1504.00,D,6
18.622,tesla,2.96,14.80,1,,50.60,,,,1504.00,D,6
18.625,tesla,2.96,14.80,1,,50.60,,,,1504.00,D,6
18.625,tesla,2.96,14.80,1,,50.60,,,,1504.00,D,6
18.628,tesla,2.96,14.80,1,,50.60,,,,1504.00,D,6
18.631,tesla,2.96,14.80,1,,50.60,,,,1504.00,D,6
18.633,tesla,2.96,14.80,1,,50.60,,,,1504.00,D,6
18.636,tesla,2.96,14.80,1,,50.60,,,,1504.00,D,6
18.639,tesla,2.96,14.80,1,,50.60,,,,1504.00,D,6
18.639,tesla,2.96,14.80,1,,50.60,,,,1504.00,D,6
18.642,tesla,2.96,6.80,1,,50.60,,,,1504.00,D,6
18.645,tesla,2.96,6.80,1,,50.60,,,,1504.00,D,6
18.645,tesla,2.96,6.80,1,,50.60,,,,1504.00,D,6
18.647,tesla,2.96,6.80,1,,50.60,,,,1504.00,D,6
18.650,tesla,2.96,6.80,1,,50.60,,,,1504.00,D,6
18.653,tesla,2.96,6.80,1,,50.60,,,,1504.00,D,6
18.656,tesla,2.96,6.80,1,,50.60,,,,1504.00,D,6
18.656,tesla,2.96,6.80,1,,50.60,,,,1504.00,D,6
18.658,tesla,2.96,6.80,1,,50.60,,,,1504.00,D,6
18.661,tesla,3.92,6.80,1,,50.60,,,,1504.00,D,6
18.664,tesla,3.92,6.80,1,,50.60,,,,1504.00,D,6
18.667,tesla,3.92,6.80,1,,50.60,,,,1504.00,D,6
18.670,tesla,3.92,6.80,1,,50.60,,,,1504.00,D,6
18.672,tesla,3.92,6.80,1,,50.60,,,,1504.00,D,6
18.672,tesla,3.92,6.80,1,,50.60,,,,1504.00,D,6
18.675,tesla,3.92,6.80,1,,50.60,,,,1504.00,D,6
18.678,tesla,3.92,6.80,1,,50.60,,,,1504.00,D,6
18.681,tesla,3.92,6.80,1,,50.60,,,,1504.00,D,6
18.681,tesla,3.92,6.80,1,,50.60,,,,1504.00,D,6
18.683,tesla,3.92,6.80,1,,50.60,,,,1504.00,D,6
18.686,tesla,3.92,6.80,1,,21.50,,,,1504.00,D,6
18.689,tesla,3.92,6.80,1,,19.30,,,,1504.00,D,6
18.692,tesla,3.92,6.80,1,,19.30,,,,1504.00,D,6
18.695,tesla,3.92,6.80,1,,19.30,,,,1504.00,D,6
18.695,tesla,3.92,6.80,1,,19.30,,,,1504.00,D,6
18.697,tesla,3.92,6.80,1,,19.30,,,,1504.00,D,6
18.700,tesla,3.92,6.80,1,,19.30,,,,1504.00,D,6
18.703,tesla,3.92,6.80,1,,19.30,,,,1504.00,D,6
18.706,tesla,3.92,6.80,1,,19.30,,,,1504.00,D,6
18.708,tesla,3.92,6.80,1,,19.30,,,,1504.00,D,6
18.711,tesla,3.92,6.80,1,,19.30,,,,1504.00,D,6
18.714,tesla,3.92,6.80,1,,19.30,,,,1504.00,D,6
18.714,tesla,3.92,6.80,1,,19.30,,,,1504.00,D,6
18.717,tesla,3.92,6.80,1,,19.30,,,,1504.00,D,6
18.720,tesla,3.92,6.80,1,,19.30,,,,1504.00,D,6
18.722,tesla,3.92,6.80,1,,19.30,,,,1504.00,D,6
18.725,tesla,3.92,6.80,1,,19.30,,,,1504.00,D,6
18.725,tesla,3.92,6.80,1,,19.30,,,,1504.00,D,6
18.728,tesla,3.92,6.80,1,,19.30,,,,1504.00,D,6
18.731,tesla,3.92,6.80,1,,19.30,,,,1504.00,D,6
18.733,tesla,3.92,6.80,1,,19.30,,,,1504.00,D,6
18.736,tesla,3.92,6.80,1,,19.30,,,,1504.00,D,6
18.739,tesla,3.92,6.80,1,,19.30,,,,1504.00,D,6
18.742,tesla,3.92,6.80,1,,19.30,,,,1504.00,D,6
18.742,tesla,3.92,6.80,1,,19.30,,,,1504.00,D,6
18.745,tesla,3.92,6.80,1,,19.30,,,,1504.00,D,6
18.747,tesla,3.92,6.80,1,,19.30,,,,1504.00,D,6
18.750,tesla,3.92,6.80,1,,19.30,,,,1504.00,D,6
18.753,tesla,3.92,6.80,1,,19.30,,,,1504.00,D,6
18.756,tesla,3.92,6.80,1,,19.30,,,,1504.00,D,6
18.756,tesla,3.92,6.80,1,,19.30,,,,1504.00,D,6
18.759,tesla,3.92,6.80,1,,19.30,,,,1504.00,D,6
18.761,tesla,3.92,6.80,1,,19.30,,,,1504.00,D,6
18.764,tesla,3.92,6.80,1,,19.30,,,,1504.00,D,6
18.767,tesla,3.92,6.80,1,,19.30,,,,1504.00,D,6
18.770,tesla,3.92,6.80,1,,19.30,,,,1504.00,D,6
18.772,tesla,3.92,6.80,1,,19.30,,,,1504.00,D,6
18.775,tesla,3.92,6.80,1,,19.30,,,,1504.00,D,6
18.775,tesla,3.92,6.80,1,,19.30,,,,1504.00,D,6
18.778,tesla,3.92,6.80,1,,19.30,,,,1504.00,D,6
18.781,tesla,3.92,6.80,1,,19.30,,,,1504.00,D,6
18.783,tesla,3.92,6.80,1,,19.30,,,,1504.00,D,6
18.786,tesla,3.92,6.80,1,,19.30,,,,1504.00,D,6
18.789,tesla,3.92,6.80,1,,19.30,,,,1504.00,D,6
18.792,tesla,3.92,6.80,1,,19.30,,,,1504.00,D,6
18.795,tesla,3.92,6.80,1,,19.30,,,,1504.00,D,6
18.795,tesla,3.92,6.80,1,,19.30,,,,1504.00,D,6
18.797,tesla,3.92,6.80,1,,19.30,,,,1504.00,D,6
18.800,tesla,3.92,6.80,1,,19.30,,,,1504.00,D,6
18.803,tesla,3.92,6.80,1,,19.30,,,,1504.00,D,6
18.806,tesla,3.92,6.80,1,,19.30,,,,1504.00,D,6
18.806,tesla,3.92,6.80,1,,19.30,,,,1504.00,D,6
18.808,tesla,3.92,6.80,1,,19.30,,,,1504.00,D,6
18.811,tesla,3.92,6.80,1,,19.30,,,,1504.00,D,6
18.814,tesla,3.92,6.80,1,,19.30,,,,1504.00,D,6
18.817,tesla,3.92,6.80,1,,19.30,,,,1504.00,D,6
18.817,tesla,3.92,6.80,1,,19.30,,,,1504.00,D,6
18.820,tesla,3.92,6.80,1,,19.30,,,,1504.00,D,6
18.822,tesla,3.92,6.80,1,,19.30,,,,1504.00,D,6
18.825,tesla,3.92,6.80,1,,19.30,,,,1504.00,D,6
18.825,tesla,3.92,6.80,1,,19.30,,,,1504.00,D,6
18.828,tesla,3.92,6.80,1,,19.30,,,,1504.00,D,6
18.831,tesla,3.92,6.80,1,,19.30,,,,1504.00,D,6
18.833,tesla,3.92,6.80,1,,19.30,,,,1504.00,D,6
18.834,tesla,3.92,6.80,1,,19.30,,,,1504.00,D,6
18.836,tesla,3.92,8.80,1,,19.30,,,,1504.00,D,6
18.839,tesla,3.92,8.80,1,,19.30,,,,1504.00,D,6
18.842,tesla,3.92,8.80,1,,19.30,,,,1504.00,D,6
18.845,tesla,3.92,8.80,1,,19.30,,,,1504.00,D,6
18.845,tesla,3.92,8.80,1,,19.30,,,,1504.00,D,6
18.847,tesla,3.92,8.80,1,,19.30,,,,1504.00,D,6
18.850,tesla,3.92,8.80,1,,19.30,,,,1504.00,D,6
18.853,tesla,3.92,8.80,1,,19.30,,,,1504.00,D,6
18.856,tesla,3.92,8.80,1,,19.30,,,,1504.00,D,6
18.859,tesla,3.92,8.80,1,,19.30,,,,1504.00,D,6
18.859,tesla,4.64,8.80,1,,19.30,,,,1504.00,D,6
18.861,tesla,4.64,8.80,1,,19.30,,,,1504.00,D,6
18.864,tesla,4.64,8.80,1,,19.30,,,,1504.00,D,6
18.867,tesla,4.64,8.80,1,,19.30,,,,1504.00,D,6
18.867,tesla,4.64,10.00,1,,19.30,,,,1504.00,D,6
18.870,tesla,4.64,10.00,1,,19.30,,,,1504.00,D,6
18.872,tesla,4.64,10.00,1,,19.30,,,,1504.00,D,6
18.875,tesla,4.64,10.00,1,,19.30,,,,1504.00,D,6
18.878,tesla,4.64,10.00,1,,19.30,,,,1504.00,D,6
18.878,tesla,4.64,10.00,1,,19.30,,,,1504.00,D,6
18.881,tesla,4.64,10.00,1,,-23.30,,,,1504.00,D,6
18.883,tesla,4.64,10.00,1,,-23.30,,,,1504.00,D,6
18.886,tesla,4.64,10.00,1,,-23.30,,,,1504.00,D,6
18.886,tesla,4.64,10.00,1,,-23.30,,,,1504.00,D,6
18.889,tesla,4.64,10.00,1,,-23.30,,,,1504.00,D,6
18.892,tesla,4.64,10.00,1,,-23.30,,,,1504.00,D,6
18.895,tesla,4.64,10.00,1,,-23.30,,,,1504.00,D,6
18.897,tesla,4.64,10.00,1,,-23.30,,,,1504.00,D,6
18.898,tesla,4.64,10.00,1,,-23.30,,,,1504.00,D,6
18.900,tesla,4.64,10.00,1,,-23.30,,,,1504.00,D,6
18.903,tesla,4.64,10.00,1,,-23.30,,,,1504.00,D,6
18.906,tesla,4.64,10.00,1,,-23.30,,,,1504.00,D,6
18.908,tesla,4.64,10.00,1,,-23.30,,,,1504.00,D,6
18.911,tesla,4.64,10.00,1,,-23.30,,,,1504.00,D,6
18.914,tesla,4.64,10.00,1,,-23.30,,,,1504.00,D,6
18.914,tesla,4.64,10.00,1,,-23.30,,,,1504.00,D,6
18.917,tesla,4.64,10.00,1,,-23.30,,,,1504.00,D,6
18.920,tesla,4.64,10.00,1,,-23.30,,,,1504.00,D,6
18.922,tesla,4.64,10.00,1,,-23.30,,,,1504.00,D,6
18.925,tesla,4.64,10.00,1,,-23.30,,,,1504.00,D,6
18.928,tesla,4.64,10.00,1,,-23.30,,,,1504.00,D,6
18.928,tesla,4.64,10.00,1,,-23.30,,,,1504.00,D,6
18.931,tesla,4.64,10.00,1,,-23.30,,,,1504.00,D,6
18.934,tesla,4.64,10.00,1,,-23.30,,,,1504.00,D,6
18.936,tesla,4.64,10.00,1,,-23.30,,,,1504.00,D,6
18.939,tesla,4.64,10.00,1,,-23.30,,,,1504.00,D,6
18.942,tesla,4.64,10.00,1,,-23.30,,,,1504.00,D,6
18.945,tesla,4.64,10.00,1,,-23.30,,,,1504.00,D,6
18.945,tesla,4.64,10.00,1,,-23.30,,,,1504.00,D,6
18.947,tesla,4.64,10.00,1,,-23.30,,,,1504.00,D,6
18.950,tesla,4.64,10.00,1,,-23.30,,,,1504.00,D,6
18.953,tesla,4.64,10.00,1,,-23.30,,,,1504.00,D,6
18.956,tesla,4.64,10.00,1,,-23.30,,,,1504.00,D,6
18.959,tesla,4.64,10.00,1,,-23.30,,,,1504.00,D,6
18.961,tesla,4.64,10.00,1,,-23.30,,,,1504.00,D,6
18.964,tesla,4.64,10.00,1,,-23.30,,,,1504.00,D,6
18.964,tesla,4.64,10.00,1,,-23.30,,,,1504.00,D,6
18.967,tesla,4.64,10.00,1,,-23.30,,,,1504.00,D,6
18.970,tesla,4.64,10.00,1,,-23.30,,,,1504.00,D,6
18.972,tesla,4.64,10.00,1,,-23.30,,,,1504.00,D,6
18.972,tesla,4.64,10.00,1,,-23.30,,,,1504.00,D,6
18.975,tesla,4.64,10.00,1,,-23.30,,,,1504.00,D,6
18.978,tesla,4.64,10.00,1,,-23.30,,,,1504.00,D,6
18.981,tesla,4.64,10.00,1,,-23.30,,,,1504.00,D,6
18.984,tesla,4.64,10.00,1,,-23.30,,,,1504.00,D,6
18.986,tesla,4.64,10.00,1,,-23.30,,,,1504.00,D,6
18.989,tesla,4.64,10.00,1,,-23.30,,,,1504.00,D,6
18.989,tesla,4.64,10.00,1,,-23.30,,,,1504.00,D,6
18.992,tesla,4.64,10.00,1,,-23.30,,,,1504.00,D,6
18.995,tesla,4.64,10.00,1,,-23.30,,,,1504.00,D,6
18.997,tesla,4.64,10.00,1,,-23.30,,,,1504.00,D,6
19.000,tesla,4.64,10.00,1,,-23.30,,,,1504.00,D,6
19.000,tesla,4.64,10.00,1,,-23.30,,,,1504.00,D,6
19.003,tesla,4.64,10.00,1,,-23.30,,,,1504.00,D,6
19.006,tesla,4.64,10.00,1,,-23.30,,,,1504.00,D,6
19.008,tesla,4.64,10.00,1,,-23.30,,,,1504.00,D,6
19.011,tesla,4.64,10.00,1,,-23.30,,,,1504.00,D,6
19.014,tesla,4.64,10.00,1,,-23.30,,,,1504.00,D,6
19.017,tesla,4.64,10.00,1,,-23.30,,,,1504.00,D,6
19.017,tesla,4.64,10.00,1,,-23.30,,,,1504.00,D,6
19.020,tesla,4.64,10.00,1,,-23.30,,,,1504.00,D,6
19.022,tesla,4.64,10.00,1,,-23.30,,,,1504.00,D,6
19.025,tesla,4.64,10.00,1,,-23.30,,,,1504.00,D,6
19.025,tesla,4.64,10.00,1,,-23.30,,,,1504.00,D,6
19.028,tesla,4.64,10.00,1,,-23.30,,,,1504.00,D,6
19.031,tesla,4.64,10.00,1,,-23.30,,,,1504.00,D,6
19.033,tesla,4.64,10.00,1,,-23.30,,,,1504.00,D,6
19.036,tesla,4.64,10.00,1,,-23.30,,,,1504.00,D,6
19.036,tesla,4.64,10.00,1,,-23.30,,,,1504.00,D,6
19.039,tesla,4.64,14.80,1,,-23.30,,,,1504.00,D,6
19.042,tesla,4.64,14.80,1,,-23.30,,,,1504.00,D,6
19.045,tesla,4.64,14.80,1,,-23.30,,,,1504.00,D,6
19.045,tesla,4.64,14.80,1,,-23.30,,,,1504.00,D,6
19.047,tesla,4.64,14.80,1,,-23.30,,,,1504.00,D,6
19.050,tesla,4.64,14.80,1,,-23.30,,,,1504.00,D,6
19.053,tesla,4.64,14.80,1,,-23.30,,,,1504.00,D,6
19.056,tesla,4.64,14.80,1,,-23.30,,,,1504.00,D,6
19.056,tesla,4.64,14.80,1,,-23.30,,,,1504.00,D,6
19.059,tesla,5.20,14.80,1,,-23.30,,,,1504.00,D,6
19.061,tesla,5.20,14.80,1,,-23.30,,,,1504.00,D,6
19.064,tesla,5.20,14.80,1,,-23.30,,,,1504.00,D,6
19.067,tesla,5.20,14.80,1,,-23.30,,,,1504.00,D,6
19.067,tesla,5.20,14.80,1,,-23.30,,,,1504.00,D,6
19.070,tesla,5.20,14.80,1,,-23.30,,,,1504.00,D,6
19.072,tesla,5.20,15.20,1,,-23.30,,,,1504.00,D,6
19.075,tesla,5.20,15.20,1,,-23.30,,,,1504.00,D,6
19.078,tesla,5.20,15.20,1,,-23.30,,,,1504.00,D,6
19.078,tesla,5.20,15.20,1,,-23.30,,,,1504.00,D,6
19.081,tesla,5.20,15.20,1,,-61.30,,,,1504.00,D,6
19.083,tesla,5.20,15.20,1,,-61.30,,,,1504.00,D,6
19.086,tesla,5.20,15.20,1,,-61.30,,,,1504.00,D,6
19.089,tesla,5.20,15.20,1,,-61.30,,,,1504.00,D,6
19.089,tesla,5.20,15.20,1,,-61.30,,,,1504.00,D,6
19.092,tesla,5.20,15.20,1,,-61.30,,,,1504.00,D,6
19.095,tesla,5.20,15.20,1,,-61.30,,,,1504.00,D,6
19.097,tesla,5.20,15.20,1,,-61.30,,,,1504.00,D,6
19.100,tesla,5.20,15.20,1,,-61.30,,,,1504.00,D,6
19.103,tesla,5.20,15.20,1,,-61.30,,,,1504.00,D,6
19.106,tesla,5.20,15.20,1,,-61.30,,,,1504.00,D,6
19.108,tesla,5.20,15.20,1,,-61.30,,,,1504.00,D,6
19.109,tesla,5.20,15.20,1,,-61.30,,,,1504.00,D,6
19.111,tesla,5.20,15.20,1,,-61.30,,,,1504.00,D,6
19.114,tesla,5.20,15.20,1,,-61.30,,,,1504.00,D,6
19.117,tesla,5.20,15.20,1,,-61.30,,,,1504.00,D,6
19.120,tesla,5.20,15.20,1,,-61.30,,,,1504.00,D,6
19.120,tesla,5.20,15.20,1,,-61.30,,,,1504.00,D,6
19.122,tesla,5.20,15.20,1,,-61.30,,,,1504.00,D,6
19.125,tesla,5.20,15.20,1,,-61.30,,,,1504.00,D,6
19.128,tesla,5.20,15.20,1,,-61.30,,,,1504.00,D,6
19.131,tesla,5.20,15.20,1,,-61.30,,,,1504.00,D,6
19.134,tesla,5.20,15.20,1,,-61.30,,,,1504.00,D,6
19.136,tesla,5.20,15.20,1,,-61.30,,,,1504.00,D,6
19.139,tesla,5.20,15.20,1,,-61.30,,,,1504.00,D,6
19.139,tesla,5.20,15.20,1,,-61.30,,,,1504.00,D,6
19.142,tesla,5.20,15.20,1,,-61.30,,,,1504.00,D,6
19.145,tesla,5.20,15.20,1,,-61.30,,,,1504.00,D,6
19.147,tesla,5.20,15.20,1,,-61.30,,,,1504.00,D,6
19.148,tesla,5.20,15.20,1,,-61.30,,,,1504.00,D,6
19.150,tesla,5.20,15.20,1,,-61.30,,,,1504.00,D,6
19.153,tesla,5.20,15.20,1,,-61.30,,,,1504.00,D,6
19.156,tesla,5.20,15.20,1,,-61.30,,,,1504.00,D,6
19.158,tesla,5.20,15.20,1,,-61.30,,,,1504.00,D,6
19.161,tesla,5.20,15.20,1,,-61.30,,,,1504.00,D,6
19.164,tesla,5.20,15.20,1,,-61.30,,,,1504.00,D,6
19.167,tesla,5.20,15.20,1,,-61.30,,,,1504.00,D,6
19.167,tesla,5.20,15.20,1,,-61.30,,,,1504.00,D,6
19.170,tesla,5.20,15.20,1,,-61.30,,,,1504.00,D,6
19.172,tesla,5.20,15.20,1,,-61.30,,,,1504.00,D,6
19.175,tesla,5.20,15.20,1,,-61.30,,,,1504.00,D,6
19.178,tesla,5.20,15.20,1,,-61.30,,,,1504.00,D,6
19.181,tesla,5.20,15.20,1,,-61.30,,,,1504.00,D,6
19.181,tesla,5.20,15.20,1,,-61.30,,,,1504.00,D,6
19.184,tesla,5.20,15.20,1,,-61.30,,,,1504.00,D,6
19.186,tesla,5.20,15.20,1,,-61.30,,,,1504.00,D,6
19.189,tesla,5.20,15.20,1,,-61.30,,,,1504.00,D,6
19.192,tesla,5.20,15.20,1,,-61.30,,,,1504.00,D,6
19.195,tesla,5.20,15.20,1,,-61.30,,,,1504.00,D,6
19.197,tesla,5.20,15.20,1,,-61.30,,,,1504.00,D,6
19.200,tesla,5.20,15.20,1,,-61.30,,,,1504.00,D,6
19.200,tesla,5.20,16.00,1,,-61.30,,,,1504.00,D,6
19.203,tesla,5.20,16.00,1,,-61.30,,,,1504.00,D,6
19.206,tesla,5.20,16.00,1,,-61.30,,,,1504.00,D,6
19.209,tesla,5.20,16.00,1,,-61.30,,,,1504.00,D,6
19.211,tesla,5.20,16.00,1,,-61.30,,,,1504.00,D,6
19.214,tesla,5.20,16.00,1,,-61.30,,,,1504.00,D,6
19.214,tesla,5.20,16.00,1,,-61.30,,,,1504.00,D,6
19.217,tesla,5.20,16.00,1,,-61.30,,,,1504.00,D,6
19.220,tesla,5.20,16.00,1,,-61.30,,,,1504.00,D,6
19.222,tesla,5.20,16.00,1,,-61.30,,,,1504.00,D,6
19.225,tesla,5.20,16.00,1,,-61.30,,,,1504.00,D,6
19.225,tesla,5.20,16.00,1,,-61.30,,,,1504.00,D,6
19.228,tesla,5.20,16.00,1,,-61.30,,,,1504.00,D,6
19.231,tesla,5.20,16.00,1,,-61.30,,,,1504.00,D,6
19.233,tesla,5.20,16.00,1,,-61.30,,,,1504.00,D,6
19.236,tesla,5.20,16.00,1,,-61.30,,,,1504.00,D,6
19.239,tesla,5.20,16.00,1,,-61.30,,,,1504.00,D,6
19.239,tesla,5.20,16.00,1,,-61.30,,,,1504.00,D,6
19.242,tesla,5.20,16.00,1,,-61.30,,,,1504.00,D,6
19.245,tesla,5.20,16.00,1,,-61.30,,,,1504.00,D,6
19.247,tesla,5.20,16.00,1,,-61.30,,,,1504.00,D,6
19.250,tesla,5.20,16.00,1,,-61.30,,,,1504.00,D,6
19.250,tesla,5.20,16.00,1,,-61.30,,,,1504.00,D,6
19.253,tesla,5.20,16.00,1,,-61.30,,,,1504.00,D,6
19.256,tesla,5.20,16.00,1,,-61.30,,,,1504.00,D,6
19.259,tesla,6.00,16.00,1,,-61.30,,,,1504.00,D,6
19.261,tesla,6.00,16.00,1,,-61.30,,,,1504.00,D,6
19.264,tesla,6.00,16.00,1,,-61.30,,,,1504.00,D,6
19.264,tesla,6.00,16.00,1,,-61.30,,,,1504.00,D,6
19.267,tesla,6.00,16.00,1,,-61.30,,,,1504.00,D,6
19.270,tesla,6.00,16.00,1,,-61.30,,,,1504.00,D,6
19.272,tesla,6.00,16.00,1,,-61.30,,,,1504.00,D,6
19.275,tesla,6.00,16.00,1,,-61.30,,,,1504.00,D,6
19.275,tesla,6.00,16.00,1,,-90.70,,,,1504.00,D,6
19.278,tesla,6.00,16.00,1,,-90.70,,,,1504.00,D,6
19.281,tesla,6.00,16.00,1,,-90.70,,,,1504.00,D,6
19.284,tesla,6.00,16.00,1,,-91.90,,,,1504.00,D,6
19.286,tesla,6.00,16.00,1,,-91.90,,,,1504.00,D,6
19.286,tesla,6.00,16.00,1,,-91.90,,,,1504.00,D,6
19.289,tesla,6.00,16.00,1,,-91.90,,,,1504.00,D,6
19.292,tesla,6.00,16.00,1,,-91.90,,,,1504.00,D,6
19.295,tesla,6.00,16.00,1,,-91.90,,,,1504.00,D,6
19.297,tesla,6.00,16.00,1,,-91.90,,,,1504.00,D,6
19.298,tesla,6.00,16.00,1,,-91.90,,,,1504.00,D,6
19.300,tesla,6.00,16.00,1,,-91.90,,,,1504.00,D,6
19.303,tesla,6.00,16.00,1,,-91.90,,,,1504.00,D,6
19.306,tesla,6.00,16.00,1,,-91.90,,,,1504.00,D,6
19.308,tesla,6.00,16.00,1,,-91.90,,,,1504.00,D,6
19.309,tesla,6.00,16.00,1,,-91.90,,,,1504.00,D,6
19.311,tesla,6.00,16.00,1,,-91.90,,,,1504.00,D,6
19.314,tesla,6.00,16.00,1,,-91.90,,,,1504.00,D,6
19.317,tesla,6.00,16.00,1,,-91.90,,,,1504.00,D,6
19.320,tesla,6.00,16.00,1,,-91.90,,,,1504.00,D,6
19.322,tesla,6.00,16.00,1,,-91.90,,,,1504.00,D,6
19.325,tesla,6.00,16.00,1,,-91.90,,,,1504.00,D,6
19.328,tesla,6.00,16.00,1,,-91.90,,,,1504.00,D,6
19.328,tesla,6.00,16.00,1,,-91.90,,,,1504.00,D,6
19.328,tesla,6.00,16.00,1,,-91.90,,,,1504.00,D,6
19.331,tesla,6.00,16.00,1,,-91.90,,,,1504.00,D,6
19.333,tesla,6.00,16.00,1,,-91.90,,,,1504.00,D,6
19.336,tesla,6.00,16.00,1,,-91.90,,,,1504.00,D,6
19.339,tesla,6.00,16.00,1,,-91.90,,,,1504.00,D,6
19.342,tesla,6.00,16.00,1,,-91.90,,,,1504.00,D,6
19.342,tesla,6.00,16.00,1,,-91.90,,,,1504.00,D,6
19.345,tesla,6.00,16.00,1,,-91.90,,,,1504.00,D,6
19.347,tesla,6.00,16.00,1,,-91.90,,,,1504.00,D,6
19.350,tesla,6.00,16.00,1,,-91.90,,,,1504.00,D,6
19.353,tesla,6.00,16.00,1,,-91.90,,,,1504.00,D,6
19.353,tesla,6.00,16.00,1,,-91.90,,,,1504.00,D,6
19.356,tesla,6.00,16.00,1,,-91.90,,,,1504.00,D,6
19.359,tesla,6.00,16.00,1,,-91.90,,,,1504.00,D,6
19.361,tesla,6.00,16.00,1,,-91.90,,,,1504.00,D,6
19.364,tesla,6.00,16.00,1,,-91.90,,,,1504.00,D,6
19.367,tesla,6.00,16.00,1,,-91.90,,,,1504.00,D,6
19.370,tesla,6.00,16.00,1,,-91.90,,,,1504.00,D,6
19.370,tesla,6.00,16.00,1,,-91.90,,,,1504.00,D,6
19.372,tesla,6.00,16.00,1,,-91.90,,,,1504.00,D,6
19.375,tesla,6.00,16.00,1,,-91.90,,,,1504.00,D,6
19.378,tesla,6.00,16.00,1,,-91.90,,,,1504.00,D,6
19.381,tesla,6.00,16.00,1,,-91.90,,,,1504.00,D,6
19.383,tesla,6.00,16.00,1,,-91.90,,,,1504.00,D,6
19.384,tesla,6.00,16.00,1,,-91.90,,,,1504.00,D,6
19.386,tesla,6.00,16.00,1,,-91.90,,,,1504.00,D,6
19.389,tesla,6.00,16.00,1,,-91.90,,,,1504.00,D,6
19.392,tesla,6.00,16.00,1,,-91.90,,,,1504.00,D,6
19.392,tesla,6.00,16.00,1,,-91.90,,,,1504.00,D,6
19.395,tesla,6.00,16.00,1,,-91.90,,,,1504.00,D,6
19.397,tesla,6.00,16.00,1,,-91.90,,,,1504.00,D,6
19.400,tesla,6.00,16.00,1,,-91.90,,,,1504.00,D,6
19.403,tesla,6.00,16.00,1,,-91.90,,,,1504.00,D,6
19.406,tesla,6.00,16.00,1,,-91.90,,,,1504.00,D,6
19.406,tesla,6.00,16.00,1,,-91.90,,,,1504.00,D,6
19.409,tesla,6.00,16.00,1,,-91.90,,,,1504.00,D,6
19.411,tesla,6.00,16.00,1,,-91.90,,,,1504.00,D,6
19.414,tesla,6.00,16.00,1,,-91.90,,,,1504.00,D,6
19.417,tesla,6.00,16.00,1,,-91.90,,,,1504.00,D,6
19.420,tesla,6.00,16.00,1,,-91.90,,,,1504.00,D,6
19.420,tesla,6.00,16.00,1,,-91.90,,,,1504.00,D,6
19.422,tesla,6.00,15.60,1,,-91.90,,,,1504.00,D,6
19.425,tesla,6.00,15.60,1,,-91.90,,,,1504.00,D,6
19.428,tesla,6.00,15.60,1,,-91.90,,,,1504.00,D,6
19.431,tesla,6.00,15.60,1,,-91.90,,,,1504.00,D,6
19.433,tesla,6.00,15.60,1,,-91.90,,,,1504.00,D,6
19.436,tesla,6.00,15.60,1,,-91.90,,,,1504.00,D,6
19.436,tesla,6.00,15.60,1,,-91.90,,,,1504.00,D,6
19.439,tesla,6.00,15.60,1,,-91.90,,,,1504.00,D,6
19.442,tesla,6.00,15.60,1,,-91.90,,,,1504.00,D,6
19.445,tesla,6.00,15.60,1,,-91.90,,,,1504.00,D,6
19.447,tesla,6.00,15.60,1,,-91.90,,,,1504.00,D,6
19.450,tesla,6.00,15.60,1,,-91.90,,,,1504.00,D,6
19.453,tesla,6.00,15.60,1,,-91.90,,,,1504.00,D,6
19.456,tesla,6.00,15.60,1,,-91.90,,,,1504.00,D,6
19.456,tesla,6.00,15.60,1,,-91.90,,,,1504.00,D,6
19.459,tesla,7.04,15.60,1,,-91.90,,,,1504.00,D,6
19.461,tesla,7.04,15.60,1,,-91.90,,,,1504.00,D,6
19.464,tesla,7.04,15.60,1,,-91.90,,,,1504.00,D,6
19.464,tesla,7.04,15.60,1,,-91.90,,,,1504.00,D,6
19.467,tesla,7.04,15.60,1,,-91.90,,,,1504.00,D,6
19.470,tesla,7.04,15.60,1,,-91.90,,,,1504.00,D,6
19.470,tesla,7.04,15.60,1,,-111.50,,,,1504.00,D,6
19.472,tesla,7.04,15.60,1,,-111.50,,,,1504.00,D,6
19.475,tesla,7.04,15.60,1,,-111.50,,,,1504.00,D,6
19.478,tesla,7.04,15.60,1,,-111.50,,,,1504.00,D,6
19.481,tesla,7.04,15.60,1,,-111.50,,,,1504.00,D,6
19.483,tesla,7.04,15.60,1,,-111.50,,,,1504.00,D,6
19.484,tesla,7.04,15.60,1,,-111.50,,,,1504.00,D,6
19.484,tesla,7.04,15.60,1,,-111.50,,,,1504.00,D,6
19.486,tesla,7.04,15.60,1,,-111.50,,,,1504.00,D,6
19.489,tesla,7.04,15.60,1,,-111.50,,,,1504.00,D,6
19.492,tesla,7.04,15.60,1,,-111.50,,,,1504.00,D,6
19.495,tesla,7.04,15.60,1,,-111.50,,,,1504.00,D,6
19.497,tesla,7.04,15.60,1,,-111.50,,,,1504.00,D,6
19.497,tesla,7.04,15.60,1,,-111.50,,,,1504.00,D,6
19.500,tesla,7.04,15.60,1,,-111.50,,,,1504.00,D,6
19.503,tesla,7.04,15.60,1,,-111.50,,,,1504.00,D,6
19.506,tesla,7.04,15.60,1,,-111.50,,,,1504.00,D,6
19.508,tesla,7.04,15.60,1,,-111.50,,,,1504.00,D,6
19.511,tesla,7.04,15.60,1,,-111.50,,,,1504.00,D,6
19.514,tesla,7.04,15.60,1,,-111.50,,,,1504.00,D,6
19.517,tesla,7.04,15.60,1,,-111.50,,,,1504.00,D,6
19.517,tesla,7.04,15.60,1,,-111.50,,,,1504.00,D,6
19.520,tesla,7.04,15.60,1,,-111.50,,,,1504.00,D,6
19.522,tesla,7.04,15.60,1,,-111.50,,,,1504.00,D,6
19.523,tesla,7.04,15.60,1,,-111.50,,,,1504.00,D,6
19.525,tesla,7.04,15.60,1,,-111.50,,,,1504.00,D,6
19.528,tesla,7.04,15.60,1,,-111.50,,,,1504.00,D,6
19.528,tesla,7.04,15.60,1,,-111.50,,,,1504.00,D,6
19.531,tesla,7.04,15.60,1,,-111.50,,,,1504.00,D,6
19.533,tesla,7.04,15.60,1,,-111.50,,,,1504.00,D,6
19.534,tesla,7.04,15.60,1,,-111.50,,,,1504.00,D,6
19.536,tesla,7.04,15.60,1,,-111.50,,,,1504.00,D,6
19.539,tesla,7.04,15.60,1,,-111.50,,,,1504.00,D,6
19.542,tesla,7.04,15.60,1,,-111.50,,,,1504.00,D,6
19.545,tesla,7.04,15.60,1,,-111.50,,,,1504.00,D,6
19.547,tesla,7.04,15.60,1,,-111.50,,,,1504.00,D,6
19.550,tesla,7.04,15.60,1,,-111.50,,,,1504.00,D,6
19.553,tesla,7.04,15.60,1,,-111.50,,,,1504.00,D,6
19.553,tesla,7.04,15.60,1,,-111.50,,,,1504.00,D,6
19.556,tesla,7.04,15.60,1,,-111.50,,,,1504.00,D,6
19.558,tesla,7.04,15.60,1,,-111.50,,,,1504.00,D,6
19.561,tesla,7.04,15.60,1,,-111.50,,,,1504.00,D,6
19.561,tesla,7.04,15.60,1,,-111.50,,,,1504.00,D,6
19.570,tesla,7.04,15.60,1,,-111.50,,,,1504.00,D,6
19.570,tesla,7.04,15.60,1,,-111.50,,,,1504.00,D,6
19.572,tesla,7.04,15.60,1,,-111.50,,,,1504.00,D,6
19.575,tesla,7.04,15.60,1,,-111.50,,,,1504.00,D,6
19.575,tesla,7.04,15.60,1,,-111.50,,,,1504.00,D,6
19.578,tesla,7.04,15.20,1,,-111.50,,,,1504.00,D,6
19.581,tesla,7.04,15.20,1,,-111.50,,,,1504.00,D,6
19.583,tesla,7.04,15.20,1,,-111.50,,,,1504.00,D,6
19.584,tesla,7.04,15.20,1,,-111.50,,,,1504.00,D,6
19.586,tesla,7.04,15.20,1,,-111.50,,,,1504.00,D,6
19.589,tesla,7.04,15.20,1,,-111.50,,,,1504.00,D,6
19.592,tesla,7.04,15.20,1,,-111.50,,,,1504.00,D,6
19.595,tesla,7.04,15.20,1,,-111.50,,,,1504.00,D,6
19.597,tesla,7.04,15.20,1,,-111.50,,,,1504.00,D,6
19.597,tesla,7.04,15.20,1,,-111.50,,,,1504.00,D,6
19.600,tesla,7.04,15.20,1,,-111.50,,,,1504.00,D,6
19.603,tesla,7.04,15.20,1,,-111.50,,,,1504.00,D,6
19.606,tesla,7.04,15.20,1,,-111.50,,,,1504.00,D,6
19.608,tesla,7.04,15.20,1,,-111.50,,,,1504.00,D,6
19.611,tesla,7.04,15.20,1,,-111.50,,,,1504.00,D,6
19.614,tesla,7.04,15.20,1,,-111.50,,,,1504.00,D,6
19.617,tesla,7.04,15.20,1,,-111.50,,,,1504.00,D,6
19.617,tesla,7.04,15.20,1,,-120.10,,,,1504.00,D,6
19.620,tesla,7.04,15.20,1,,-120.10,,,,1504.00,D,6
19.622,tesla,7.04,15.20,1,,-120.10,,,,1504.00,D,6
19.625,tesla,7.04,15.20,1,,-120.60,,,,1504.00,D,6
19.628,tesla,7.04,15.20,1,,-120.60,,,,1504.00,D,6
19.631,tesla,7.04,15.20,1,,-121.00,,,,1504.00,D,6
19.634,tesla,7.04,15.20,1,,-121.00,,,,1504.00,D,6
19.636,tesla,7.04,15.20,1,,-121.00,,,,1504.00,D,6
19.636,tesla,7.04,15.20,0,,-121.00,,,,1504.00,D,6
19.639,tesla,7.04,15.20,0,,-121.00,,,,1504.00,D,6
19.642,tesla,7.04,15.20,0,,-121.00,,,,1504.00,D,6
19.645,tesla,7.04,15.20,0,,-121.00,,,,1504.00,D,6
19.647,tesla,7.04,15.20,0,,-121.00,,,,1504.00,D,6
19.650,tesla,7.04,15.20,0,,-121.00,,,,1504.00,D,6
19.653,tesla,7.04,15.20,0,,-121.00,,,,1504.00,D,6
19.653,tesla,7.04,15.20,0,,-121.00,,,,1504.00,D,6
19.656,tesla,7.04,15.20,0,,-121.00,,,,1504.00,D,6
19.658,tesla,7.04,15.20,0,,-121.00,,,,1504.00,D,6
19.661,tesla,7.04,15.20,0,,-121.00,,,,1504.00,D,6
19.664,tesla,7.04,15.20,0,,-121.00,,,,1504.00,D,6
19.667,tesla,7.04,15.20,0,,-121.00,,,,1504.00,D,6
19.667,tesla,7.04,15.20,0,,-121.00,,,,1504.00,D,6
19.670,tesla,7.04,15.20,0,,-121.00,,,,1504.00,D,6
19.672,tesla,7.04,15.20,0,,-121.00,,,,1504.00,D,6
19.675,tesla,7.04,15.20,0,,-121.00,,,,1504.00,D,6
19.678,tesla,7.04,15.20,0,,-121.00,,,,1504.00,D,6
19.681,tesla,7.04,15.20,0,,-121.00,,,,1504.00,D,6
19.683,tesla,7.04,15.20,0,,-121.00,,,,1504.00,D,6
19.686,tesla,7.04,15.20,0,,-121.00,,,,1504.00,D,6
19.686,tesla,7.04,15.20,0,,-121.00,,,,1504.00,D,6
19.689,tesla,7.04,15.20,0,,-121.00,,,,1504.00,D,6
19.692,tesla,7.04,15.20,0,,-121.00,,,,1504.00,D,6
19.695,tesla,7.04,15.20,0,,-121.00,,,,1504.00,D,6
19.697,tesla,7.04,15.20,0,,-121.00,,,,1504.00,D,6
19.700,tesla,7.04,15.20,0,,-121.00,,,,1504.00,D,6
19.703,tesla,7.04,15.20,0,,-121.00,,,,1504.00,D,6
19.706,tesla,7.04,15.20,0,,-121.00,,,,1504.00,D,6
19.706,tesla,7.04,15.20,0,,-121.00,,,,1504.00,D,6
19.708,tesla,7.04,15.20,0,,-121.00,,,,1504.00,D,6
19.711,tesla,7.04,15.20,0,,-121.00,,,,1504.00,D,6
19.711,tesla,7.04,15.20,0,,-121.00,,,,1504.00,D,6
19.714,tesla,7.04,15.20,0,,-121.00,,,,1504.00,D,6
19.717,tesla,7.04,15.20,0,,-121.00,,,,1504.00,D,6
19.720,tesla,7.04,15.20,0,,-121.00,,,,1504.00,D,6
19.720,tesla,7.04,15.20,0,,-121.00,,,,1504.00,D,6
19.722,tesla,7.04,15.20,0,,-121.00,,,,1504.00,D,6
19.725,tesla,7.04,15.20,0,,-121.00,,,,1504.00,D,6
19.725,tesla,7.04,15.20,0,,-121.00,,,,1504.00,D,6
19.728,tesla,7.04,15.20,0,,-121.00,,,,1504.00,D,6
19.731,tesla,7.04,15.20,0,,-121.00,,,,1504.00,D,6
19.733,tesla,7.04,15.20,0,,-121.00,,,,1504.00,D,6
19.734,tesla,7.04,15.20,0,,-121.00,,,,1504.00,D,6
19.736,tesla,7.04,15.20,0,,-121.00,,,,1504.00,D,6
19.739,tesla,7.04,15.20,0,,-121.00,,,,1504.00,D,6
19.742,tesla,7.04,15.20,0,,-121.00,,,,1504.00,D,6
19.745,tesla,7.04,15.20,0,,-121.00,,,,1504.00,D,6
19.747,tesla,7.04,15.20,0,,-121.00,,,,1504.00,D,6
19.748,tesla,7.04,15.20,0,,-121.00,,,,1504.00,D,6
19.750,tesla,7.04,15.20,0,,-121.00,,,,1504.00,D,6
19.753,tesla,7.04,15.20,0,,-121.00,,,,1504.00,D,6
19.756,tesla,7.04,15.20,0,,-121.00,,,,1504.00,D,6
19.758,tesla,7.04,15.20,0,,-121.00,,,,1504.00,D,6
19.761,tesla,7.04,15.20,0,,-121.00,,,,1504.00,D,6
19.761,tesla,7.04,15.20,0,,-121.00,,,,1504.00,D,6
19.764,tesla,7.04,15.20,0,,-121.00,,,,1504.00,D,6
19.767,tesla,7.04,15.20,0,,-121.00,,,,1504.00,D,6
19.767,tesla,7.04,15.20,0,,-121.00,,,,1504.00,D,6
19.770,tesla,7.04,15.20,0,,-121.00,,,,1504.00,D,6
19.772,tesla,7.04,15.20,0,,-121.00,,,,1504.00,D,6
19.775,tesla,7.04,15.20,0,,-121.00,,,,1504.00,D,6
19.775,tesla,7.04,13.60,0,,-121.00,,,,1504.00,D,6
19.778,tesla,7.04,13.60,0,,-121.00,,,,1504.00,D,6
19.781,tesla,8.40,13.60,0,,-121.00,,,,1504.00,D,6
19.783,tesla,8.40,13.60,0,,-121.00,,,,1504.00,D,6
19.786,tesla,8.40,13.60,0,,-121.00,,,,1504.00,D,6
19.789,tesla,8.40,13.60,0,,-121.00,,,,1504.00,D,6
19.789,tesla,8.40,13.60,0,,-121.00,,,,1504.00,D,6
19.792,tesla,8.40,13.60,0,,-121.00,,,,1504.00,D,6
19.795,tesla,8.40,13.60,0,,-121.00,,,,1504.00,D,6
19.795,tesla,8.40,13.60,0,,-121.00,,,,1504.00,D,6
19.797,tesla,8.48,13.60,0,,-121.00,,,,1504.00,D,6
19.800,tesla,8.48,13.60,0,,-121.00,,,,1504.00,D,6
19.803,tesla,8.48,13.60,0,,-121.00,,,,1504.00,D,6
19.806,tesla,8.48,13.60,0,,-121.00,,,,1504.00,D,6
19.808,tesla,8.48,13.60,0,,-121.00,,,,1504.00,D,6
19.811,tesla,8.48,13.60,0,,-121.00,,,,1504.00,D,6
19.814,tesla,8.48,13.60,0,,-121.00,,,,1504.00,D,6
19.814,tesla,8.48,13.60,0,,-121.00,,,,1504.00,D,6
19.817,tesla,8.48,13.60,0,,-121.00,,,,1504.00,D,6
19.820,tesla,8.48,13.60,0,,-121.00,,,,1504.00,D,6
19.822,tesla,8.48,13.60,0,,-128.30,,,,1504.00,D,6
19.825,tesla,8.48,13.60,0,,-128.30,,,,1504.00,D,6
19.828,tesla,8.48,13.60,0,,-128.30,,,,1504.00,D,6
19.828,tesla,8.48,13.60,0,,-128.30,,,,1504.00,D,6
19.831,tesla,8.48,13.60,0,,-128.30,,,,1504.00,D,6
19.834,tesla,8.48,13.60,0,,-128.30,,,,1504.00,D,6
19.836,tesla,8.48,13.60,0,,-128.30,,,,1504.00,D,6
19.839,tesla,8.48,13.60,0,,-128.30,,,,1504.00,D,6
19.839,tesla,8.48,13.60,0,,-128.30,,,,1504.00,D,6
19.842,tesla,8.48,13.60,0,,-128.30,,,,1504.00,D,6
19.845,tesla,8.48,13.60,0,,-128.30,,,,1504.00,D,6
19.847,tesla,8.48,13.60,0,,-128.30,,,,1504.00,D,6
19.850,tesla,8.48,13.60,0,,-128.30,,,,1504.00,D,6
19.853,tesla,8.48,13.60,0,,-128.30,,,,1504.00,D,6
19.853,tesla,8.48,13.60,0,,-128.30,,,,1504.00,D,6
19.856,tesla,8.48,13.60,0,,-128.30,,,,1504.00,D,6
19.859,tesla,8.48,13.60,0,,-128.30,,,,1504.00,D,6
19.861,tesla,8.48,13.60,0,,-128.30,,,,1504.00,D,6
19.864,tesla,8.48,13.60,0,,-128.30,,,,1504.00,D,6
19.867,tesla,8.48,13.60,0,,-128.30,,,,1504.00,D,6
19.867,tesla,8.48,13.60,0,,-128.30,,,,1504.00,D,6
19.870,tesla,8.48,13.60,0,,-128.30,,,,1504.00,D,6
19.872,tesla,8.48,13.60,0,,-128.30,,,,1504.00,D,6
19.875,tesla,8.48,13.60,0,,-128.30,,,,1504.00,D,6
19.875,tesla,8.48,13.60,0,,-128.30,,,,1504.00,D,6
19.878,tesla,8.48,13.60,0,,-128.30,,,,1504.00,D,6
19.881,tesla,8.48,13.60,0,,-128.30,,,,1504.00,D,6
19.883,tesla,8.48,13.60,0,,-128.30,,,,1504.00,D,6
19.886,tesla,8.48,13.60,0,,-128.30,,,,1504.00,D,6
19.889,tesla,8.48,13.60,0,,-128.30,,,,1504.00,D,6
19.892,tesla,8.48,13.60,0,,-128.30,,,,1504.00,D,6
19.895,tesla,8.48,13.60,0,,-128.30,,,,1504.00,D,6
19.895,tesla,8.48,13.60,0,,-128.30,,,,1504.00,D,6
19.897,tesla,8.48,13.60,0,,-128.30,,,,1504.00,D,6
19.900,tesla,8.48,13.60,0,,-128.30,,,,1504.00,D,6
19.903,tesla,8.48,13.60,0,,-128.30,,,,1504.00,D,6
19.906,tesla,8.48,13.60,0,,-128.30,,,,1504.00,D,6
19.906,tesla,8.48,13.60,0,,-128.30,,,,1504.00,D,6
19.908,tesla,8.48,13.60,0,,-128.30,,,,1504.00,D,6
19.911,tesla,8.48,13.60,0,,-128.30,,,,1504.00,D,6
19.911,tesla,8.48,13.60,0,,-128.30,,,,1504.00,D,6
19.914,tesla,8.48,13.60,0,,-128.30,,,,1504.00,D,6
19.917,tesla,8.48,13.60,0,,-128.30,,,,1504.00,D,6
19.920,tesla,8.48,13.60,0,,-128.30,,,,1504.00,D,6
19.920,tesla,8.48,13.60,0,,-128.30,,,,1504.00,D,6
19.922,tesla,8.48,13.60,0,,-128.30,,,,1504.00,D,6
19.923,tesla,8.48,13.60,0,,-128.30,,,,1504.00,D,6
19.925,tesla,8.48,13.60,0,,-128.30,,,,1504.00,D,6
19.928,tesla,8.48,13.60,0,,-128.30,,,,1504.00,D,6
19.931,tesla,8.48,13.60,0,,-128.30,,,,1504.00,D,6
19.933,tesla,8.48,13.60,0,,-128.30,,,,1504.00,D,6
19.936,tesla,8.48,13.60,0,,-128.30,,,,1504.00,D,6
19.939,tesla,8.48,13.60,0,,-128.30,,,,1504.00,D,6
19.939,tesla,8.48,13.60,0,,-128.30,,,,1504.00,D,6
19.942,tesla,8.48,13.60,0,,-128.30,,,,1504.00,D,6
19.945,tesla,8.48,13.60,0,,-128.30,,,,1504.00,D,6
19.947,tesla,8.48,13.60,0,,-128.30,,,,1504.00,D,6
19.950,tesla,8.48,13.60,0,,-128.30,,,,1504.00,D,6
19.950,tesla,8.48,13.60,0,,-128.30,,,,1504.00,D,6
19.953,tesla,8.48,13.60,0,,-128.30,,,,1504.00,D,6
19.956,tesla,8.48,13.60,0,,-128.30,,,,1504.00,D,6
19.956,tesla,8.48,13.60,0,,-128.30,,,,1504.00,D,6
19.958,tesla,8.48,13.60,0,,-128.30,,,,1504.00,D,6
19.961,tesla,8.48,13.20,0,,-128.30,,,,1504.00,D,6
19.964,tesla,8.48,13.20,0,,-128.30,,,,1504.00,D,6
19.967,tesla,8.48,13.20,0,,-128.30,,,,1504.00,D,6
19.970,tesla,8.48,13.20,0,,-128.30,,,,1504.00,D,6
19.970,tesla,8.48,13.20,0,,-128.30,,,,1504.00,D,6
19.972,tesla,8.48,13.20,0,,-128.30,,,,1504.00,D,6
19.975,tesla,8.48,13.20,0,,-128.30,,,,1504.00,D,6
19.978,tesla,8.48,13.20,0,,-128.30,,,,1504.00,D,6
19.981,tesla,8.48,13.20,0,,-128.30,,,,1504.00,D,6
19.983,tesla,8.48,13.20,0,,-128.30,,,,1504.00,D,6
19.986,tesla,8.48,13.20,0,,-128.30,,,,1504.00,D,6
19.986,tesla,8.48,13.20,0,,-128.30,,,,1504.00,D,6
19.989,tesla,8.48,13.20,0,,-128.30,,,,1504.00,D,6
19.992,tesla,8.48,13.20,0,,-128.30,,,,1504.00,D,6
19.992,tesla,8.48,13.20,0,,-128.30,,,,1504.00,D,6
