time_s,rpm,rpm_raw,engine_state,throttle_gas_pct,brake,ignition,gear_selector,gear_auto,gear_physical,clutch_pressure,road_implied_rpm,creep_relief_fired,vehicle_speed_kmh,target_speed_kmh,sim_speed_mph,engine_torque_nm,drivetrain_torque_nm,dyno_torque_nm,starter_engaged,exhaust_flow_cm3s,synth_out_rms
0.017,0,0,Stopped,0,0.00,1,0,0,0,-1.0000,0.0,0,0.000,-2.000,0.000,0.0,0.0,0.0,0,2374.4544,-1.0000
0.016,7,88,Cranking,55,0.00,1,0,0,0,-1.0000,0.0,0,0.000,-2.000,0.000,0.0,0.0,0.0,1,3599.2905,-1.0000
0.033,26,175,Cranking,55,0.00,1,0,0,0,-1.0000,0.0,0,0.000,-2.000,0.000,0.0,0.0,0.0,1,6686.9105,0.0056
0.049,53,200,Cranking,55,0.00,1,0,0,0,-1.0000,0.0,0,0.000,-2.000,0.000,0.0,0.0,0.0,1,8982.4755,1.4656
0.066,75,200,Cranking,55,0.00,1,0,0,0,-1.0000,0.0,0,0.000,-2.000,0.000,0.0,0.0,0.0,1,9278.3944,26.3646
0.080,94,200,Cranking,55,0.00,1,0,0,0,-1.0000,0.0,0,0.000,-2.000,0.000,0.0,0.0,0.0,1,3720.2252,130.7299
0.080,111,200,Cranking,55,0.00,1,0,0,0,-1.0000,0.0,0,0.000,-2.000,0.000,0.0,0.0,0.0,1,-7059.3982,157.4483
0.080,124,200,Cranking,55,0.00,1,0,0,0,-1.0000,0.0,0,0.000,-2.000,0.000,0.0,0.0,0.0,1,8663.5224,485.2086
0.133,136,200,Cranking,55,0.00,1,0,0,0,-1.0000,0.0,0,0.000,-2.000,0.000,0.0,0.0,0.0,1,9202.4485,919.4413
0.149,146,200,Cranking,55,0.00,1,0,0,0,-1.0000,0.0,0,0.000,-2.000,0.000,0.0,0.0,0.0,1,9461.8565,107.7680
0.166,154,200,Cranking,55,0.00,1,0,0,0,-1.0000,0.0,0,0.000,-2.000,0.000,0.0,0.0,0.0,1,-9262.7058,113.0833
0.183,161,200,Cranking,55,0.00,1,0,0,0,-1.0000,0.0,0,0.000,-2.000,0.000,0.0,0.0,0.0,1,5756.7272,258.4465
0.199,167,200,Cranking,55,0.00,1,0,0,0,-1.0000,0.0,0,0.000,-2.000,0.000,0.0,0.0,0.0,1,8993.1452,977.8138
0.216,172,200,Cranking,55,0.00,1,0,0,0,-1.0000,0.0,0,0.000,-2.000,0.000,0.0,0.0,0.0,1,10054.7933,977.8138
0.233,177,203,Cranking,55,0.00,1,0,0,0,-1.0000,0.0,0,0.000,-2.000,0.000,0.0,0.0,0.0,1,6915.1856,213.8194
0.249,180,200,Cranking,55,0.00,1,0,0,0,-1.0000,0.0,0,0.000,-2.000,0.000,0.0,0.0,0.0,1,5878.2482,120.4067
0.266,183,200,Cranking,55,0.00,1,0,0,0,-1.0000,0.0,0,0.000,-2.000,0.000,0.0,0.0,0.0,1,8795.8976,125.9684
0.283,186,200,Cranking,55,0.00,1,0,0,0,-1.0000,0.0,0,0.000,-2.000,0.000,0.0,0.0,0.0,1,9052.0821,108.8843
0.299,188,204,Cranking,55,0.00,1,0,0,0,-1.0000,0.0,0,0.000,-2.000,0.000,0.0,0.0,0.0,1,9669.4246,193.8153
0.316,191,202,Cranking,55,0.00,1,0,0,0,-1.0000,0.0,0,0.000,-2.000,0.000,0.0,0.0,0.0,1,2806.6046,150.1383
0.333,192,200,Cranking,55,0.00,1,0,0,0,-1.0000,0.0,0,0.000,-2.000,0.000,0.0,0.0,0.0,1,8293.8055,285.4550
0.349,193,200,Cranking,55,0.00,1,0,0,0,-1.0000,0.0,0,0.000,-2.000,0.000,0.0,0.0,0.0,1,8885.6639,217.2811
0.366,194,201,Cranking,55,0.00,1,0,0,0,-1.0000,0.0,0,0.000,-2.000,0.000,0.0,0.0,0.0,1,9843.1163,142.3554
0.383,196,212,Cranking,55,0.00,1,0,0,0,-1.0000,0.0,0,0.000,-2.000,0.000,0.0,0.0,0.0,1,6917.0377,196.1948
0.399,198,201,Cranking,55,0.00,1,0,0,0,-1.0000,0.0,0,0.000,-2.000,0.000,0.0,0.0,0.0,1,6773.2656,330.4610
0.416,199,200,Cranking,55,0.00,1,0,0,0,-1.0000,0.0,0,0.000,-2.000,0.000,0.0,0.0,0.0,1,8735.7771,256.1025
0.433,199,200,Cranking,55,0.00,1,0,0,0,-1.0000,0.0,0,0.000,-2.000,0.000,0.0,0.0,0.0,1,9369.8052,33.7114
0.449,200,215,Cranking,55,0.00,1,0,0,0,-1.0000,0.0,0,0.000,-2.000,0.000,0.0,0.0,0.0,1,10696.9430,32.6930
0.466,203,223,Cranking,55,0.00,1,0,0,0,-1.0000,0.0,0,0.000,-2.000,0.000,0.0,0.0,0.0,1,6360.5356,236.3295
0.483,205,201,Cranking,55,0.00,1,0,0,0,-1.0000,0.0,0,0.000,-2.000,0.000,0.0,0.0,0.0,1,8744.5067,269.4521
0.499,204,200,Cranking,55,0.00,1,0,0,0,-1.0000,0.0,0,0.000,-2.000,0.000,0.0,0.0,0.0,1,8939.8825,95.7806
0.516,204,211,Cranking,55,0.00,1,0,0,0,-1.0000,0.0,0,0.000,-2.000,0.000,0.0,0.0,0.0,1,10476.9551,73.3308
0.533,206,226,Cranking,55,0.00,1,0,0,0,-1.0000,0.0,0,0.000,-2.000,0.000,0.0,0.0,0.0,1,10409.7385,101.6262
0.549,209,212,Cranking,55,0.00,1,0,0,0,-1.0000,0.0,0,0.000,-2.000,0.000,0.0,0.0,0.0,1,7977.2707,215.5077
0.566,208,200,Cranking,55,0.00,1,0,0,0,-1.0000,0.0,0,0.000,-2.000,0.000,0.0,0.0,0.0,1,8269.6733,187.8606
0.583,207,206,Cranking,55,0.00,1,0,0,0,-1.0000,0.0,0,0.000,-2.000,0.000,0.0,0.0,0.0,1,9476.5431,76.6268
0.599,209,232,Cranking,55,0.00,1,0,0,0,-1.0000,0.0,0,0.000,-2.000,0.000,0.0,0.0,0.0,1,12135.4316,145.9305
0.616,213,229,Cranking,55,0.00,1,0,0,0,-1.0000,0.0,0,0.000,-2.000,0.000,0.0,0.0,0.0,1,7371.8522,189.3249
0.633,213,204,Cranking,55,0.00,1,0,0,0,-1.0000,0.0,0,0.000,-2.000,0.000,0.0,0.0,0.0,1,8482.2889,380.2876
0.649,211,204,Cranking,55,0.00,1,0,0,0,-1.0000,0.0,0,0.000,-2.000,0.000,0.0,0.0,0.0,1,9263.3845,105.3847
0.666,213,233,Cranking,55,0.00,1,0,0,0,-1.0000,0.0,0,0.000,-2.000,0.000,0.0,0.0,0.0,1,14862.4294,73.1801
0.683,216,235,Cranking,55,0.00,1,0,0,0,-1.0000,0.0,0,0.000,-2.000,0.000,0.0,0.0,0.0,1,6903.0827,104.7408
0.699,218,212,Cranking,55,0.00,1,0,0,0,-1.0000,0.0,0,0.000,-2.000,0.000,0.0,0.0,0.0,1,8390.3551,253.3589
0.716,216,207,Cranking,55,0.00,1,0,0,0,-1.0000,0.0,0,0.000,-2.000,0.000,0.0,0.0,0.0,1,9066.8664,275.3749
0.733,216,230,Cranking,55,0.00,1,0,0,0,-1.0000,0.0,0,0.000,-2.000,0.000,0.0,0.0,0.0,1,15541.3742,219.3492
0.749,219,228,Cranking,55,0.00,1,0,0,0,-1.0000,0.0,0,0.000,-2.000,0.000,0.0,0.0,0.0,1,6613.2976,254.7147
0.766,218,202,Cranking,55,0.00,1,0,0,0,-1.0000,0.0,0,0.000,-2.000,0.000,0.0,0.0,0.0,1,7786.5967,476.7833
0.783,215,201,Cranking,55,0.00,1,0,0,0,-1.0000,0.0,0,0.000,-2.000,0.000,0.0,0.0,0.0,1,8593.1980,251.0784
0.799,215,232,Cranking,55,0.00,1,0,0,0,-1.0000,0.0,0,0.000,-2.000,0.000,0.0,0.0,0.0,1,12865.3042,88.1955
0.816,220,247,Cranking,55,0.00,1,0,0,0,-1.0000,0.0,0,0.000,-2.000,0.000,0.0,0.0,0.0,1,7439.9597,98.0347
0.833,223,229,Cranking,55,0.00,1,0,0,0,-1.0000,0.0,0,0.000,-2.000,0.000,0.0,0.0,0.0,1,8882.3018,310.3131
0.849,223,223,Cranking,55,0.00,1,0,0,0,-1.0000,0.0,0,0.000,-2.000,0.000,0.0,0.0,0.0,1,9640.3866,391.8502
0.866,225,259,Cranking,55,0.00,1,0,0,0,-1.0000,0.0,0,0.000,-2.000,0.000,0.0,0.0,0.0,1,18184.4878,391.8502
0.877,232,266,Cranking,55,0.00,1,0,0,0,-1.0000,0.0,0,0.000,-2.000,0.000,0.0,0.0,0.0,1,8503.4919,207.5078
0.877,235,248,Cranking,55,0.00,1,0,0,0,-1.0000,0.0,0,0.000,-2.000,0.000,0.0,0.0,0.0,1,9442.4043,1002.8974
0.916,238,261,Cranking,55,0.00,1,0,0,0,-1.0000,0.0,0,0.000,-2.000,0.000,0.0,0.0,0.0,1,11879.3479,453.1399
0.933,244,287,Cranking,55,0.00,1,0,0,0,-1.0000,0.0,0,0.000,-2.000,0.000,0.0,0.0,0.0,1,18118.5857,427.4685
0.949,250,271,Cranking,55,0.00,1,0,0,0,-1.0000,0.0,0,0.000,-2.000,0.000,0.0,0.0,0.0,1,9164.4727,546.4905
0.966,252,270,Cranking,55,0.00,1,0,0,0,-1.0000,0.0,0,0.000,-2.000,0.000,0.0,0.0,0.0,1,10684.4803,950.4028
0.983,259,318,Cranking,55,0.00,1,0,0,0,-1.0000,0.0,0,0.000,-2.000,0.000,0.0,0.0,0.0,1,20396.9964,350.0150
0.999,269,320,Cranking,55,0.00,1,0,0,0,-1.0000,0.0,0,0.000,-2.000,0.000,0.0,0.0,0.0,1,10073.1991,433.5946
1.016,277,328,Cranking,55,0.00,1,0,0,0,-1.0000,0.0,0,0.000,-2.000,0.000,0.0,0.0,0.0,1,13157.1253,1485.2456
1.033,288,366,Cranking,55,0.00,1,0,0,0,-1.0000,0.0,0,0.000,-2.000,0.000,0.0,0.0,0.0,1,28931.7646,561.9144
1.049,299,360,Cranking,55,0.00,1,0,0,0,-1.0000,0.0,0,0.000,-2.000,0.000,0.0,0.0,0.0,1,11377.5932,1188.5264
1.066,311,394,Cranking,55,0.00,1,0,0,0,-1.0000,0.0,0,0.000,-2.000,0.000,0.0,0.0,0.0,1,25655.1328,3843.9909
1.083,326,418,Cranking,55,0.00,1,0,0,0,-1.0000,0.0,0,0.000,-2.000,0.000,0.0,0.0,0.0,1,18814.4979,1196.2666
1.099,342,441,Cranking,55,0.00,1,0,0,0,-1.0000,0.0,0,0.000,-2.000,0.000,0.0,0.0,0.0,1,21072.1862,2009.9858
1.116,360,467,Cranking,55,0.00,1,0,0,0,-1.0000,0.0,0,0.000,-2.000,0.000,0.0,0.0,0.0,1,33608.4202,6299.1687
1.133,377,489,Cranking,55,0.00,1,0,0,0,-1.0000,0.0,0,0.000,-2.000,0.000,0.0,0.0,0.0,1,24318.1442,3830.0801
1.149,395,495,Cranking,55,0.00,1,0,0,0,-1.0000,0.0,0,0.000,-2.000,0.000,0.0,0.0,0.0,1,33344.6664,13302.9431
1.166,412,518,Cranking,55,0.00,1,0,0,0,-1.0000,0.0,0,0.000,-2.000,0.000,0.0,0.0,0.0,1,35804.0063,15458.4537
1.183,429,529,Running,55,0.00,1,0,0,0,-1.0000,0.0,0,0.000,-2.000,0.000,0.0,0.0,0.0,0,20348.6581,17020.1038
1.199,447,553,Running,0,0.00,1,0,0,0,-1.0000,0.0,0,0.000,-2.000,0.000,0.0,0.0,0.0,0,47699.4105,13403.6414
1.216,464,570,Running,0,0.00,1,0,0,0,-1.0000,0.0,0,0.000,-2.000,0.000,0.0,0.0,0.0,0,14527.3895,15868.2882
1.233,483,601,Running,0,0.00,1,0,0,0,-1.0000,0.0,0,0.000,-2.000,0.000,0.0,0.0,0.0,0,41825.1215,17843.8361
1.249,504,641,Running,0,0.00,1,0,0,0,-1.0000,0.0,0,0.000,-2.000,0.000,0.0,0.0,0.0,0,59852.4672,17804.7831
1.266,528,679,Running,0,0.00,1,0,0,0,-1.0000,0.0,0,0.000,-2.000,0.000,0.0,0.0,0.0,0,17579.1198,18355.6981
1.283,553,706,Running,0,0.00,1,0,0,0,-1.0000,0.0,0,0.000,-2.000,0.000,0.0,0.0,0.0,0,48308.8470,23742.9088
1.299,579,729,Running,0,0.00,1,0,0,0,-1.0000,0.0,0,0.000,-2.000,0.000,0.0,0.0,0.0,0,59492.0186,23039.8997
1.316,604,752,Running,0,0.00,1,0,0,0,-1.0000,0.0,0,0.000,-2.000,0.000,0.0,0.0,0.0,0,56909.2484,15967.8566
1.333,629,773,Running,0,0.00,1,0,0,0,-1.0000,0.0,0,0.000,-2.000,0.000,0.0,0.0,0.0,0,46943.0726,19321.7616
1.349,652,797,Running,0,0.00,1,0,0,0,-1.0000,0.0,0,0.000,-2.000,0.000,0.0,0.0,0.0,0,32562.6992,16260.8941
1.366,675,815,Running,0,0.00,1,0,0,0,-1.0000,0.0,0,0.000,-2.000,0.000,0.0,0.0,0.0,0,43216.0780,19983.7653
1.383,698,830,Running,0,0.00,1,0,0,0,-1.0000,0.0,0,0.000,-2.000,0.000,0.0,0.0,0.0,0,47341.5720,18842.6030
1.399,720,851,Running,0,0.00,1,0,0,0,-1.0000,0.0,0,0.000,-2.000,0.000,0.0,0.0,0.0,0,48789.6840,18842.6030
1.416,741,873,Running,0,0.00,1,0,0,0,-1.0000,0.0,0,0.000,-2.000,0.000,0.0,0.0,0.0,0,54769.0585,18863.0955
1.433,763,891,Running,0,0.00,1,0,0,0,-1.0000,0.0,0,0.000,-2.000,0.000,0.0,0.0,0.0,0,55099.1883,21495.8568
1.449,784,907,Running,0,0.00,1,0,0,0,-1.0000,0.0,0,0.000,-2.000,0.000,0.0,0.0,0.0,0,51188.5946,19730.3816
1.466,805,927,Running,0,0.00,1,0,0,0,-1.0000,0.0,0,0.000,-2.000,0.000,0.0,0.0,0.0,0,52158.6589,21768.4165
1.483,825,945,Running,0,0.00,1,0,0,0,-1.0000,0.0,0,0.000,-2.000,0.000,0.0,0.0,0.0,0,55934.6294,21891.7805
1.499,845,966,Running,0,0.00,1,0,0,0,-1.0000,0.0,0,0.000,-2.000,0.000,0.0,0.0,0.0,0,54438.6837,22256.0447
1.516,865,986,Running,0,0.00,1,0,0,0,-1.0000,0.0,0,0.000,-2.000,0.000,0.0,0.0,0.0,0,60462.9684,19623.2554
1.533,885,1006,Running,0,0.00,1,0,0,0,-1.0000,0.0,0,0.000,-2.000,0.000,0.0,0.0,0.0,0,64548.9136,22217.0234
1.549,905,1024,Running,0,0.00,1,0,0,0,-1.0000,0.0,0,0.000,-2.000,0.000,0.0,0.0,0.0,0,73043.0582,19155.0027
1.566,924,1039,Running,0,0.00,1,0,0,0,-1.0000,0.0,0,0.000,-2.000,0.000,0.0,0.0,0.0,0,58703.9245,22686.4643
1.583,943,1052,Running,0,0.00,1,0,0,0,-1.0000,0.0,0,0.000,-2.000,0.000,0.0,0.0,0.0,0,44699.4066,20734.3404
1.599,961,1066,Running,0,0.00,1,0,0,0,-1.0000,0.0,0,0.000,-2.000,0.000,0.0,0.0,0.0,0,49723.8046,19194.8730
1.616,978,1080,Running,0,0.00,1,0,0,0,-1.0000,0.0,0,0.000,-2.000,0.000,0.0,0.0,0.0,0,52497.6753,19922.5131
1.633,995,1092,Running,0,0.00,1,0,0,0,-1.0000,0.0,0,0.000,-2.000,0.000,0.0,0.0,0.0,0,68037.1452,18513.1387
1.649,1010,1100,Running,0,0.00,1,0,0,0,-1.0000,0.0,0,0.000,-2.000,0.000,0.0,0.0,0.0,0,60923.5815,21753.9834
1.666,1025,1112,Running,0,0.00,1,0,0,0,-1.0000,0.0,0,0.000,-2.000,0.000,0.0,0.0,0.0,0,45800.0656,21298.3953
1.683,1039,1122,Running,0,0.00,1,0,0,0,-1.0000,0.0,0,0.000,-2.000,0.000,0.0,0.0,0.0,0,47278.6689,20972.2048
1.699,1053,1131,Running,0,0.00,1,0,0,0,-1.0000,0.0,0,0.000,-2.000,0.000,0.0,0.0,0.0,0,60439.7089,21958.9025
1.716,1065,1139,Running,0,0.00,1,0,0,0,-1.0000,0.0,0,0.000,-2.000,0.000,0.0,0.0,0.0,0,61285.6213,22306.3523
1.733,1078,1149,Running,0,0.00,1,0,0,0,-1.0000,0.0,0,0.000,-2.000,0.000,0.0,0.0,0.0,0,42844.8185,20529.5037
1.749,1089,1158,Running,0,0.00,1,0,0,0,-1.0000,0.0,0,0.000,-2.000,0.000,0.0,0.0,0.0,0,48366.2561,21560.2528
1.766,1100,1165,Running,0,0.00,1,0,0,0,-1.0000,0.0,0,0.000,-2.000,0.000,0.0,0.0,0.0,0,66389.0277,20237.4273
1.783,1111,1173,Running,0,0.00,1,0,0,0,-1.0000,0.0,0,0.000,-2.000,0.000,0.0,0.0,0.0,0,45501.5261,21105.6106
1.799,1121,1179,Running,0,0.00,1,0,0,0,-1.0000,0.0,0,0.000,-2.000,0.000,0.0,0.0,0.0,0,41457.0356,20132.1305
1.816,1130,1186,Running,0,0.00,1,0,0,0,-1.0000,0.0,0,0.000,-2.000,0.000,0.0,0.0,0.0,0,59958.9122,21770.6483
1.833,1139,1192,Running,0,0.00,1,0,0,0,-1.0000,0.0,0,0.000,-2.000,0.000,0.0,0.0,0.0,0,49251.1618,18965.4483
1.849,1148,1198,Running,0,0.00,1,0,0,0,-1.0000,0.0,0,0.000,-2.000,0.000,0.0,0.0,0.0,0,37970.8666,20176.1978
1.866,1156,1203,Running,0,0.00,1,0,0,0,-1.0000,0.0,0,0.000,-2.000,0.000,0.0,0.0,0.0,0,58403.0913,20575.1644
1.883,1164,1208,Running,0,0.00,1,0,0,0,-1.0000,0.0,0,0.000,-2.000,0.000,0.0,0.0,0.0,0,46922.8342,20825.6280
1.899,1171,1212,Running,0,0.00,1,0,0,0,-1.0000,0.0,0,0.000,-2.000,0.000,0.0,0.0,0.0,0,35857.7950,20825.6280
1.916,1177,1215,Running,0,0.00,1,0,0,0,-1.0000,0.0,0,0.000,-2.000,0.000,0.0,0.0,0.0,0,58484.7486,20763.7078
1.933,1183,1215,Running,0,0.00,1,0,0,0,-1.0000,0.0,0,0.000,-2.000,0.000,0.0,0.0,0.0,0,36836.6940,20731.9158
1.949,1188,1215,Running,0,0.00,1,0,0,0,-1.0000,0.0,0,0.000,-2.000,0.000,0.0,0.0,0.0,0,33898.4864,19474.9664
1.966,1192,1217,Running,0,0.00,1,0,0,0,-1.0000,0.0,0,0.000,-2.000,0.000,0.0,0.0,0.0,0,53320.8563,19489.5052
1.983,1196,1216,Running,0,0.00,1,0,0,0,-1.0000,0.0,0,0.000,-2.000,0.000,0.0,0.0,0.0,0,32196.8298,20098.3480
1.997,1199,1216,Running,0,0.00,1,0,0,0,-1.0000,0.0,0,0.000,-2.000,0.000,0.0,0.0,0.0,0,37031.9730,18602.7326
2.016,1202,1219,Running,0,0.00,1,0,0,0,-1.0000,0.0,0,0.000,-2.000,0.000,0.0,0.0,0.0,0,50395.7309,19685.9564
2.033,1204,1217,Running,0,0.00,1,0,0,0,-1.0000,0.0,0,0.000,-2.000,0.000,0.0,0.0,0.0,0,29765.1438,19685.9564
2.049,1207,1219,Running,0,0.00,1,0,0,0,-1.0000,0.0,0,0.000,-2.000,0.000,0.0,0.0,0.0,0,39812.6676,19307.3042
2.066,1209,1221,Running,0,0.00,1,0,0,0,-1.0000,0.0,0,0.000,-2.000,0.000,0.0,0.0,0.0,0,44711.5105,18422.9831
2.083,1210,1220,Running,0,0.00,1,0,0,0,-1.0000,0.0,0,0.000,-2.000,0.000,0.0,0.0,0.0,0,29296.6222,19189.5555
2.099,1212,1222,Running,0,0.00,1,0,0,0,-1.0000,0.0,0,0.000,-2.000,0.000,0.0,0.0,0.0,0,46597.1412,17679.9637
2.116,1213,1220,Running,0,0.00,1,0,0,0,-1.0000,0.0,0,0.000,-2.000,0.000,0.0,0.0,0.0,0,34566.6697,20582.9091
2.133,1214,1219,Running,0,0.00,1,0,0,0,-1.0000,0.0,0,0.000,-2.000,0.000,0.0,0.0,0.0,0,26998.0177,15112.9758
2.149,1215,1218,Running,0,0.00,1,0,0,0,-1.0000,0.0,0,0.000,-2.000,0.000,0.0,0.0,0.0,0,45981.2274,16752.8405
2.166,1215,1215,Running,0,0.00,1,0,0,0,-1.0000,0.0,0,0.000,-2.000,0.000,0.0,0.0,0.0,0,29192.8651,15002.6290
2.183,1215,1212,Running,0,0.00,1,0,0,0,-1.0000,0.0,0,0.000,-2.000,0.000,0.0,0.0,0.0,0,27178.4073,15099.0575
2.199,1214,1210,Running,0,0.00,1,0,0,0,-1.0000,0.0,0,0.000,-2.000,0.000,0.0,0.0,0.0,0,42094.6083,14934.0090
2.216,1213,1205,Running,0,0.00,1,0,0,0,-1.0000,0.0,0,0.000,-2.000,0.000,0.0,0.0,0.0,0,25560.8323,15149.1328
2.233,1212,1203,Running,0,0.00,1,0,0,0,-1.0000,0.0,0,0.000,-2.000,0.000,0.0,0.0,0.0,0,27325.9446,13962.0219
2.249,1210,1201,Running,0,0.00,1,0,0,0,-1.0000,0.0,0,0.000,-2.000,0.000,0.0,0.0,0.0,0,38694.6332,15176.2134
2.266,1209,1199,Running,0,0.00,1,0,0,0,-1.0000,0.0,0,0.000,-2.000,0.000,0.0,0.0,0.0,0,28372.3091,14694.3827
2.283,1207,1196,Running,0,0.00,1,0,0,0,-1.0000,0.0,0,0.000,-2.000,0.000,0.0,0.0,0.0,0,30003.6289,14694.3827
2.299,1205,1193,Running,0,0.00,1,0,0,0,-1.0000,0.0,0,0.000,-2.000,0.000,0.0,0.0,0.0,0,33957.5338,16061.7576
2.316,1203,1188,Running,0,0.00,1,0,0,0,-1.0000,0.0,0,0.000,-2.000,0.000,0.0,0.0,0.0,0,25120.5249,14734.8866
2.333,1200,1184,Running,0,0.00,1,0,0,0,-1.0000,0.0,0,0.000,-2.000,0.000,0.0,0.0,0.0,0,25700.7894,13323.5548
2.349,1197,1181,Running,0,0.00,1,0,0,0,-1.0000,0.0,0,0.000,-2.000,0.000,0.0,0.0,0.0,0,36110.2028,14925.5405
2.366,1195,1177,Running,0,0.00,1,0,0,0,-1.0000,0.0,0,0.000,-2.000,0.000,0.0,0.0,0.0,0,23901.9212,12857.4772
2.383,1191,1172,Running,0,0.00,1,0,0,0,-1.0000,0.0,0,0.000,-2.000,0.000,0.0,0.0,0.0,0,24119.9124,13491.4985
2.399,1188,1167,Running,0,0.00,1,0,0,0,-1.0000,0.0,0,0.000,-2.000,0.000,0.0,0.0,0.0,0,33043.1576,12552.0847
2.416,1184,1163,Running,0,0.00,1,0,0,0,-1.0000,0.0,0,0.000,-2.000,0.000,0.0,0.0,0.0,0,24532.7313,14085.7773
2.433,1181,1158,Running,0,0.00,1,0,0,0,-1.0000,0.0,0,0.000,-2.000,0.000,0.0,0.0,0.0,0,21216.1971,11661.1600
2.449,1177,1155,Running,0,0.00,1,0,0,0,-1.0000,0.0,0,0.000,-2.000,0.000,0.0,0.0,0.0,0,32376.0342,13859.1607
2.466,1173,1152,Running,0,0.00,1,0,0,0,-1.0000,0.0,0,0.000,-2.000,0.000,0.0,0.0,0.0,0,28488.9617,13612.0581
2.483,1170,1146,Running,0,0.00,1,0,0,0,-1.0000,0.0,0,0.000,-2.000,0.000,0.0,0.0,0.0,0,21124.8726,14463.0870
2.499,1166,1142,Running,0,0.00,1,0,0,0,-1.0000,0.0,0,0.000,-2.000,0.000,0.0,0.0,0.0,0,23854.1303,13507.4452
2.516,1162,1139,Running,0,0.00,1,0,0,0,-1.0000,0.0,0,0.000,-2.000,0.000,0.0,0.0,0.0,0,33441.3073,11177.0189
2.533,1158,1137,Running,0,0.00,1,0,0,0,-1.0000,0.0,0,0.000,-2.000,0.000,0.0,0.0,0.0,0,24818.3075,13959.3424
2.549,1154,1131,Running,0,0.00,1,0,0,0,-1.0000,0.0,0,0.000,-2.000,0.000,0.0,0.0,0.0,0,20829.9871,12169.7623
2.566,1151,1126,Running,0,0.00,1,0,0,0,-1.0000,0.0,0,0.000,-2.000,0.000,0.0,0.0,0.0,0,25042.0586,13285.6403
2.583,1147,1124,Running,0,0.00,1,0,0,0,-1.0000,0.0,0,0.000,-2.000,0.000,0.0,0.0,0.0,0,30373.8384,13484.1893
2.599,1143,1121,Running,0,0.00,1,0,0,0,-1.0000,0.0,0,0.000,-2.000,0.000,0.0,0.0,0.0,0,25090.3163,14797.0519
2.616,1139,1117,Running,0,0.00,1,0,0,0,-1.0000,0.0,0,0.000,-2.000,0.000,0.0,0.0,0.0,0,19398.4462,11920.2704
2.633,1135,1111,Running,0,0.00,1,0,0,0,-1.0000,0.0,0,0.000,-2.000,0.000,0.0,0.0,0.0,0,25430.7298,12501.1946
2.649,1132,1109,Running,0,0.00,1,0,0,0,-1.0000,0.0,0,0.000,-2.000,0.000,0.0,0.0,0.0,0,30345.3631,13691.5130
2.666,1128,1105,Running,0,0.00,1,0,0,0,-1.0000,0.0,0,0.000,-2.000,0.000,0.0,0.0,0.0,0,21208.4903,11782.5746
2.683,1124,1100,Running,0,0.00,1,0,0,0,-1.0000,0.0,0,0.000,-2.000,0.000,0.0,0.0,0.0,0,21168.8270,12929.9237
2.699,1120,1094,Running,0,0.00,1,0,0,0,-1.0000,0.0,0,0.000,-2.000,0.000,0.0,0.0,0.0,0,21102.6917,12929.9237
2.716,1116,1090,Running,0,0.00,1,0,0,0,-1.0000,0.0,0,0.000,-2.000,0.000,0.0,0.0,0.0,0,27639.8235,12704.8918
2.733,1111,1088,Running,0,0.00,1,0,0,0,-1.0000,0.0,0,0.000,-2.000,0.000,0.0,0.0,0.0,0,25165.3469,12963.1967
2.749,1108,1084,Running,0,0.00,1,0,0,0,-1.0000,0.0,0,0.000,-2.000,0.000,0.0,0.0,0.0,0,23408.4958,13253.5322
2.766,1103,1077,Running,0,0.00,1,0,0,0,-1.0000,0.0,0,0.000,-2.000,0.000,0.0,0.0,0.0,0,16104.2111,12774.2874
2.783,1099,1073,Running,0,0.00,1,0,0,0,-1.0000,0.0,0,0.000,-2.000,0.000,0.0,0.0,0.0,0,21449.5038,11183.7887
2.799,1095,1069,Running,0,0.00,1,0,0,0,-1.0000,0.0,0,0.000,-2.000,0.000,0.0,0.0,0.0,0,29267.2967,13331.7496
2.802,1090,1065,Running,0,0.00,1,0,0,0,-1.0000,0.0,0,0.000,-2.000,0.000,0.0,0.0,0.0,0,20822.8904,13331.7496
2.802,1086,1059,Running,0,0.00,1,0,0,0,-1.0000,0.0,0,0.000,-2.000,0.000,0.0,0.0,0.0,0,21410.2629,11175.3201
2.849,1082,1055,Running,0,0.00,1,0,0,0,-1.0000,0.0,0,0.000,-2.000,0.000,0.0,0.0,0.0,0,17796.6279,12502.5775
2.866,1077,1053,Running,0,0.00,1,0,0,0,-1.0000,0.0,0,0.000,-2.000,0.000,0.0,0.0,0.0,0,21322.6650,12199.5924
2.883,1074,1051,Running,0,0.00,1,0,0,0,-1.0000,0.0,0,0.000,-2.000,0.000,0.0,0.0,0.0,0,26435.6329,12018.6372
2.899,1070,1046,Running,0,0.00,1,0,0,0,-1.0000,0.0,0,0.000,-2.000,0.000,0.0,0.0,0.0,0,26331.5050,10342.2996
2.916,1066,1045,Running,0,0.00,1,0,0,0,-1.0000,0.0,0,0.000,-2.000,0.000,0.0,0.0,0.0,0,21264.2558,13743.6080
2.933,1062,1044,Running,0,0.00,1,0,0,0,-1.0000,0.0,0,0.000,-2.000,0.000,0.0,0.0,0.0,0,24824.5264,13743.6080
2.949,1059,1039,Running,0,0.00,1,0,0,0,-1.0000,0.0,0,0.000,-2.000,0.000,0.0,0.0,0.0,0,20732.5442,11056.8154
2.966,1056,1033,Running,0,0.00,1,0,0,0,-1.0000,0.0,0,0.000,-2.000,0.000,0.0,0.0,0.0,0,16575.2715,13552.3102
2.983,1052,1031,Running,0,0.00,1,0,0,0,-1.0000,0.0,0,0.000,-2.000,0.000,0.0,0.0,0.0,0,21708.5243,14459.9382
2.999,1049,1026,Running,0,0.00,1,0,0,0,-1.0000,0.0,0,0.000,-2.000,0.000,0.0,0.0,0.0,0,27476.4689,11339.1662
3.016,1045,1024,Running,0,0.00,1,0,0,0,-1.0000,0.0,0,0.000,-2.000,0.000,0.0,0.0,0.0,0,21548.6756,14211.1941
3.033,1041,1022,Running,0,0.00,1,0,0,0,-1.0000,0.0,0,0.000,-2.000,0.000,0.0,0.0,0.0,0,22787.4197,11628.1687
3.049,1038,1017,Running,0,0.00,1,0,0,0,-1.0000,0.0,0,0.000,-2.000,0.000,0.0,0.0,0.0,0,20868.9132,11310.5471
3.066,1034,1013,Running,0,0.00,1,0,0,0,-1.0000,0.0,0,0.000,-2.000,0.000,0.0,0.0,0.0,0,17586.1460,11674.2844
3.083,1031,1011,Running,0,0.00,1,0,0,0,-1.0000,0.0,0,0.000,-2.000,0.000,0.0,0.0,0.0,0,17576.3887,13940.8583
3.099,1028,1008,Running,0,0.00,1,0,0,0,-1.0000,0.0,0,0.000,-2.000,0.000,0.0,0.0,0.0,0,24308.6515,12732.5755
3.116,1025,1005,Running,0,0.00,1,0,0,0,-1.0000,0.0,0,0.000,-2.000,0.000,0.0,0.0,0.0,0,23627.7427,11734.5204
3.133,1021,1001,Running,0,0.00,1,0,0,0,-1.0000,0.0,0,0.000,-2.000,0.000,0.0,0.0,0.0,0,23855.7778,16336.5003
3.149,1018,999,Running,0,0.00,1,0,0,0,-1.0000,0.0,0,0.000,-2.000,0.000,0.0,0.0,0.0,0,21050.5892,11052.7209
3.166,1015,999,Running,0,0.00,1,0,0,0,-1.0000,0.0,0,0.000,-2.000,0.000,0.0,0.0,0.0,0,23489.4157,11000.5509
3.183,1012,998,Running,0,0.00,1,0,0,0,-1.0000,0.0,0,0.000,-2.000,0.000,0.0,0.0,0.0,0,23103.3586,11108.5118
3.199,1010,994,Running,0,0.00,1,0,0,0,-1.0000,0.0,0,0.000,-2.000,0.000,0.0,0.0,0.0,0,19556.1796,10145.3243
3.216,1007,992,Running,0,0.00,1,0,0,0,-1.0000,0.0,0,0.000,-2.000,0.000,0.0,0.0,0.0,0,17370.5575,13151.3344
3.233,1005,992,Running,0,0.00,1,0,0,0,-1.0000,0.0,0,0.000,-2.000,0.000,0.0,0.0,0.0,0,21275.8885,11613.0736
3.249,1003,990,Running,0,0.00,1,0,0,0,-1.0000,0.0,0,0.000,-2.000,0.000,0.0,0.0,0.0,0,23803.3575,9167.9452
3.266,1001,987,Running,0,0.00,1,0,0,0,-1.0000,0.0,0,0.000,0.000,0.000,0.0,0.0,0.0,0,23494.1942,13046.6059
3.283,999,986,Running,0,0.00,1,0,0,0,-1.0000,0.0,0,0.000,0.000,0.000,0.0,0.0,0.0,0,24944.7555,14224.7878
3.299,996,983,Running,0,0.00,1,0,0,0,-1.0000,0.0,0,0.000,0.000,0.000,0.0,0.0,0.0,0,23062.3240,10742.0082
3.316,994,982,Running,0,0.00,1,0,0,0,-1.0000,0.0,0,0.000,0.000,0.000,0.0,0.0,0.0,0,21407.7444,10718.6847
3.333,992,981,Running,0,0.00,1,0,0,0,-1.0000,0.0,0,0.000,0.000,0.000,0.0,0.0,0.0,0,21535.9503,10919.6314
3.349,990,978,Running,0,0.00,1,0,0,0,-1.0000,0.0,0,0.000,0.000,0.000,0.0,0.0,0.0,0,21248.0615,11063.6394
3.366,988,975,Running,0,0.00,1,0,0,0,-1.0000,0.0,0,0.000,0.000,0.000,0.0,0.0,0.0,0,20211.7290,11808.6359
3.383,986,972,Running,0,0.00,1,0,0,0,-1.0000,0.0,0,0.000,0.000,0.000,0.0,0.0,0.0,0,18567.1000,12936.1276
3.399,983,970,Running,0,0.00,1,0,0,0,-1.0000,0.0,0,0.000,0.000,0.000,0.0,0.0,0.0,0,19456.0130,12176.1223
3.416,981,968,Running,0,0.00,1,0,0,0,-1.0000,0.0,0,0.000,0.000,0.000,0.0,0.0,0.0,0,20233.7085,11135.0182
3.433,979,965,Running,0,0.00,1,0,0,0,-1.0000,0.0,0,0.000,0.000,0.000,0.0,0.0,0.0,0,21142.1213,9534.5220
3.449,977,964,Running,0,0.00,1,0,0,0,-1.0000,0.0,0,0.000,0.000,0.000,0.0,0.0,0.0,0,20916.6408,12342.5058
3.466,975,963,Running,0,0.00,1,0,0,0,-1.0000,0.0,0,0.000,0.000,0.000,0.0,0.0,0.0,0,24640.9129,12839.8736
3.483,973,961,Running,0,0.00,1,0,0,0,-1.0000,0.0,0,0.000,0.000,0.000,0.0,0.0,0.0,0,24826.4521,9619.2696
3.499,971,959,Running,0,0.00,1,0,0,0,-1.0000,0.0,0,0.000,0.000,0.000,0.0,0.0,0.0,0,22386.7053,12502.5841
3.516,969,957,Running,0,0.00,1,0,0,0,-1.0000,0.0,0,0.000,0.000,0.000,0.0,0.0,0.0,0,20144.8791,11129.8038
3.533,967,956,Running,0,0.00,1,0,0,0,-1.0000,0.0,0,0.000,0.000,0.000,0.0,0.0,0.0,0,20659.4467,11545.9163
3.549,965,955,Running,0,0.00,1,0,0,0,-1.0000,0.0,0,0.000,0.000,0.000,0.0,0.0,0.0,0,22692.1934,11545.9163
3.566,963,952,Running,0,0.00,1,0,0,0,-1.0000,0.0,0,0.000,0.000,0.000,0.0,0.0,0.0,0,19036.5830,10727.5882
3.583,961,951,Running,0,0.00,1,0,0,0,-1.0000,0.0,0,0.000,0.000,0.000,0.0,0.0,0.0,0,19457.3062,8521.0701
3.597,959,950,Running,0,0.00,1,0,0,0,-1.0000,0.0,0,0.000,0.000,0.000,0.0,0.0,0.0,0,23737.0813,12393.4783
3.616,958,947,Running,0,0.00,1,0,0,0,-1.0000,0.0,0,0.000,0.000,0.000,0.0,0.0,0.0,0,19755.2318,11344.2129
3.633,956,947,Running,0,0.00,1,0,0,0,-1.0000,0.0,0,0.000,0.000,0.000,0.0,0.0,0.0,0,18245.2888,10256.6612
3.649,955,949,Running,0,0.00,1,0,0,0,-1.0000,0.0,0,0.000,0.000,0.000,0.0,0.0,0.0,0,21446.6448,11794.0456
3.666,954,948,Running,0,0.00,1,0,0,0,-1.0000,0.0,0,0.000,0.000,0.000,0.0,0.0,0.0,0,22705.7497,9825.2010
3.683,953,948,Running,0,0.00,1,0,0,0,-1.0000,0.0,0,0.000,0.000,0.000,0.0,0.0,0.0,0,19629.5325,12581.0371
3.699,953,949,Running,0,0.00,1,0,0,0,-1.0000,0.0,0,0.000,0.000,0.000,0.0,0.0,0.0,0,23227.8808,11700.9912
3.716,952,951,Running,0,0.00,1,0,0,0,-1.0000,0.0,0,0.000,0.000,0.000,0.0,0.0,0.0,0,23896.8977,11083.8093
3.733,952,952,Running,0,0.00,1,0,0,0,-1.0000,0.0,0,0.000,0.000,0.000,0.0,0.0,0.0,0,25146.6637,9810.5039
3.749,952,954,Running,0,0.00,1,0,0,0,-1.0000,0.0,0,0.000,0.000,0.000,0.0,0.0,0.0,0,25660.5251,12917.2177
3.766,953,955,Running,0,0.00,1,0,0,0,-1.0000,0.0,0,0.000,0.000,0.000,0.0,0.0,0.0,0,26897.7661,11399.1039
3.783,953,957,Running,0,0.00,1,0,0,0,-1.0000,0.0,0,0.000,0.000,0.000,0.0,0.0,0.0,0,26989.2967,13136.6594
3.799,954,956,Running,0,0.00,1,0,0,0,-1.0000,0.0,0,0.000,0.000,0.000,0.0,0.0,0.0,0,22443.6431,11134.5231
3.808,954,955,Running,0,0.00,1,0,0,0,-1.0000,0.0,0,0.000,0.000,0.000,0.0,0.0,0.0,0,19531.3309,12834.8492
3.833,954,956,Running,0,0.00,1,0,0,0,-1.0000,0.0,0,0.000,0.000,0.000,0.0,0.0,0.0,0,25120.2365,12049.2800
3.849,954,954,Running,0,0.00,1,0,0,0,-1.0000,0.0,0,0.000,0.000,0.000,0.0,0.0,0.0,0,20268.7115,11275.3394
3.866,953,952,Running,0,0.00,1,0,0,0,-1.0000,0.0,0,0.000,0.000,0.000,0.0,0.0,0.0,0,21662.3989,11178.0747
3.883,953,949,Running,0,0.00,1,0,0,0,-1.0000,0.0,0,0.000,0.000,0.000,0.0,0.0,0.0,0,20911.2789,13534.6938
3.899,952,947,Running,0,0.00,1,0,0,0,-1.0000,0.0,0,0.000,0.000,0.000,0.0,0.0,0.0,0,20424.1711,11443.3545
3.916,951,947,Running,0,0.00,1,0,0,0,-1.0000,0.0,0,0.000,0.000,0.000,0.0,0.0,0.0,0,20196.4200,10389.7792
3.933,951,949,Running,0,0.00,1,0,0,0,-1.0000,0.0,0,0.000,0.000,0.000,0.0,0.0,0.0,0,21223.0368,8452.5999
3.949,951,950,Running,0,0.00,1,0,0,0,-1.0000,0.0,0,0.000,0.000,0.000,0.0,0.0,0.0,0,23285.4165,11317.1630
3.966,951,948,Running,0,0.00,1,0,0,0,-1.0000,0.0,0,0.000,0.000,0.000,0.0,0.0,0.0,0,22611.8634,11317.1630
3.983,950,946,Running,0,0.00,1,0,0,0,-1.0000,0.0,0,0.000,0.000,0.000,0.0,0.0,0.0,0,20672.3845,11512.8580
3.999,950,947,Running,0,0.00,1,0,0,0,-1.0000,0.0,0,0.000,0.000,0.000,0.0,0.0,0.0,0,22378.7953,13646.0715
4.016,950,948,Running,0,0.00,1,0,0,0,-1.0000,0.0,0,0.000,0.000,0.000,0.0,0.0,0.0,0,25374.3863,10216.3286
4.033,950,949,Running,0,0.00,1,0,0,0,-1.0000,0.0,0,0.000,0.000,0.000,0.0,0.0,0.0,0,25808.5418,11558.3562
4.049,950,948,Running,0,0.00,1,0,0,0,-1.0000,0.0,0,0.000,0.000,0.000,0.0,0.0,0.0,0,26009.4971,10649.2042
4.066,949,948,Running,0,0.00,1,0,0,0,-1.0000,0.0,0,0.000,0.000,0.000,0.0,0.0,0.0,0,24333.8590,11725.8743
4.083,949,949,Running,0,0.00,1,0,0,0,-1.0000,0.0,0,0.000,0.000,0.000,0.0,0.0,0.0,0,23421.1429,10355.9046
4.099,949,952,Running,0,0.00,1,0,0,0,-1.0000,0.0,0,0.000,0.000,0.000,0.0,0.0,0.0,0,25897.0421,10232.0839
4.116,950,954,Running,0,0.00,1,0,0,0,-1.0000,0.0,0,0.000,0.000,0.000,0.0,0.0,0.0,0,22689.2808,11010.7858
4.133,950,954,Running,0,0.00,1,0,0,0,-1.0000,0.0,0,0.000,0.000,0.000,0.0,0.0,0.0,0,23396.9233,12348.1174
4.149,951,954,Running,0,0.00,1,0,0,0,-1.0000,0.0,0,0.000,0.000,0.000,0.0,0.0,0.0,0,21675.5500,12873.8170
4.166,951,955,Running,0,0.00,1,0,0,0,-1.0000,0.0,0,0.000,0.000,0.000,0.0,0.0,0.0,0,23491.4716,12166.7557
4.183,952,958,Running,0,0.00,1,0,0,0,-1.0000,0.0,0,0.000,0.000,0.000,0.0,0.0,0.0,0,24706.4721,12260.2567
4.199,953,957,Running,0,0.00,1,0,0,0,-1.0000,0.0,0,0.000,0.000,0.000,0.0,0.0,0.0,0,23719.9233,14202.2378
4.216,954,959,Running,0,0.00,1,0,0,0,-1.0000,0.0,0,0.000,0.000,0.000,0.0,0.0,0.0,0,19358.6318,13656.1211
4.233,955,959,Running,0,0.00,1,0,0,0,-1.0000,0.0,0,0.000,0.000,0.000,0.0,0.0,0.0,0,24013.5583,13656.1211
4.249,956,961,Running,0,0.00,1,0,0,0,-1.0000,0.0,0,0.000,0.000,0.000,0.0,0.0,0.0,0,22256.9110,13074.7283
4.266,957,962,Running,0,0.00,1,0,0,0,-1.0000,0.0,0,0.000,0.000,0.000,0.0,0.0,0.0,0,26591.3673,12170.2070
4.283,958,963,Running,0,0.00,1,0,0,0,-1.0000,0.0,0,0.000,0.000,0.000,0.0,0.0,0.0,0,25328.4443,13527.6388
4.299,959,965,Running,0,0.00,1,0,0,0,-1.0000,0.0,0,0.000,0.000,0.000,0.0,0.0,0.0,0,27578.8926,12014.5723
4.316,960,965,Running,0,0.00,1,0,0,0,-1.0000,0.0,0,0.000,0.000,0.000,0.0,0.0,0.0,0,28638.9007,12285.0000
4.333,960,966,Running,0,0.00,1,0,0,0,-1.0000,0.0,0,0.000,0.000,0.000,0.0,0.0,0.0,0,25897.0895,11240.9440
4.349,961,968,Running,0,0.00,1,0,0,0,-1.0000,0.0,0,0.000,0.000,0.000,0.0,0.0,0.0,0,23743.1375,11240.9440
4.366,962,969,Running,0,0.00,1,0,0,0,-1.0000,0.0,0,0.000,0.000,0.000,0.0,0.0,0.0,0,25301.2286,11743.8064
4.383,963,967,Running,0,0.00,1,0,0,0,-1.0000,0.0,0,0.000,0.000,0.000,0.0,0.0,0.0,0,21735.3631,13273.8391
4.399,964,968,Running,0,0.00,1,0,0,0,-1.0000,0.0,0,0.000,0.000,0.000,0.0,0.0,0.0,0,22071.6670,13173.3765
4.416,964,971,Running,0,0.00,1,0,0,0,-1.0000,0.0,0,0.000,0.000,0.000,0.0,0.0,0.0,0,25707.6931,13720.7885
4.433,965,971,Running,0,0.00,1,0,0,0,-1.0000,0.0,0,0.000,0.000,0.000,0.0,0.0,0.0,0,23447.4065,11411.2189
4.449,966,969,Running,0,0.00,1,0,0,0,-1.0000,0.0,0,0.000,0.000,0.000,0.0,0.0,0.0,0,20100.6468,12135.6960
4.466,967,971,Running,0,0.00,1,0,0,0,-1.0000,0.0,0,0.000,0.000,0.000,0.0,0.0,0.0,0,22119.9996,12816.4938
4.483,968,971,Running,0,0.00,1,0,0,0,-1.0000,0.0,0,0.000,0.000,0.000,0.0,0.0,0.0,0,27525.9312,13705.6252
4.499,969,973,Running,0,0.00,1,0,0,0,-1.0000,0.0,0,0.000,0.000,0.000,0.0,0.0,0.0,0,24820.5795,13849.7855
4.516,969,974,Running,0,0.00,1,0,0,0,-1.0000,0.0,0,0.000,0.000,0.000,0.0,0.0,0.0,0,30274.4960,12217.4154
4.533,970,975,Running,0,0.00,1,0,0,0,-1.0000,0.0,0,0.000,0.000,0.000,0.0,0.0,0.0,0,27899.5395,12134.7592
4.549,971,976,Running,0,0.00,1,0,0,0,-1.0000,0.0,0,0.000,0.000,0.000,0.0,0.0,0.0,0,25546.2129,12780.7516
4.566,972,978,Running,0,0.00,1,0,0,0,-1.0000,0.0,0,0.000,0.000,0.000,0.0,0.0,0.0,0,23644.7350,12830.9451
4.583,973,979,Running,0,0.00,1,0,0,0,-1.0000,0.0,0,0.000,0.000,0.000,0.0,0.0,0.0,0,26053.0500,11484.4158
4.599,973,979,Running,0,0.00,1,0,0,0,-1.0000,0.0,0,0.000,0.000,0.000,0.0,0.0,0.0,0,22763.2006,12660.8776
4.616,974,978,Running,0,0.00,1,0,0,0,-1.0000,0.0,0,0.000,0.000,0.000,0.0,0.0,0.0,0,23646.7929,12660.8776
4.633,975,980,Running,0,0.00,1,0,0,0,-1.0000,0.0,0,0.000,0.000,0.000,0.0,0.0,0.0,0,20306.7000,13209.4008
4.647,976,983,Running,0,0.00,1,0,0,0,-1.0000,0.0,0,0.000,0.000,0.000,0.0,0.0,0.0,0,24566.7453,14190.9090
4.666,977,985,Running,0,0.00,1,0,0,0,-1.0000,0.0,0,0.000,0.000,0.000,0.0,0.0,0.0,0,26890.0331,10690.3940
4.683,979,987,Running,0,0.00,1,0,0,0,-1.0000,0.0,0,0.000,0.000,0.000,0.0,0.0,0.0,0,28424.7999,15843.4398
4.699,980,990,Running,0,0.00,1,0,0,0,-1.0000,0.0,0,0.000,0.000,0.000,0.0,0.0,0.0,0,30110.0140,15137.2447
4.716,982,993,Running,0,0.00,1,0,0,0,-1.0000,0.0,0,0.000,0.000,0.000,0.0,0.0,0.0,0,32710.7105,14782.6806
4.733,984,993,Running,0,0.00,1,0,0,0,-1.0000,0.0,0,0.000,0.000,0.000,0.0,0.0,0.0,0,23649.4624,12357.5110
4.749,985,994,Running,0,0.00,1,0,0,0,-1.0000,0.0,0,0.000,0.000,0.000,0.0,0.0,0.0,0,24909.6613,14503.3843
4.766,986,993,Running,0,0.00,1,0,0,0,-1.0000,0.0,0,0.000,0.000,0.000,0.0,0.0,0.0,0,24628.9554,14503.3843
4.783,987,992,Running,0,0.00,1,0,0,0,-1.0000,0.0,0,0.000,0.000,0.000,0.0,0.0,0.0,0,21149.1442,13025.4719
4.799,988,993,Running,0,0.00,1,0,0,0,-1.0000,0.0,0,0.000,0.000,0.000,0.0,0.0,0.0,0,22035.8533,14535.6271
4.816,989,991,Running,0,0.00,1,0,0,0,-1.0000,0.0,0,0.000,0.000,0.000,0.0,0.0,0.0,0,24542.1588,11426.5397
4.833,989,993,Running,0,0.00,1,0,0,0,-1.0000,0.0,0,0.000,0.000,0.000,0.0,0.0,0.0,0,23734.7608,13979.7209
4.849,990,994,Running,0,0.00,1,0,0,0,-1.0000,0.0,0,0.000,0.000,0.000,0.0,0.0,0.0,0,30458.5474,14412.6382
4.866,991,994,Running,0,0.00,1,0,0,0,-1.0000,0.0,0,0.000,0.000,0.000,0.0,0.0,0.0,0,30084.0187,13055.6393
4.883,991,993,Running,0,0.00,1,0,0,0,-1.0000,0.0,0,0.000,0.000,0.000,0.0,0.0,0.0,0,24878.5185,13055.6393
4.899,991,994,Running,0,0.00,1,0,0,0,-1.0000,0.0,0,0.000,0.000,0.000,0.0,0.0,0.0,0,23504.3479,13588.3581
4.916,991,995,Running,0,0.00,1,0,0,0,-1.0000,0.0,0,0.000,0.000,0.000,0.0,0.0,0.0,0,26434.5317,12373.2688
4.933,992,996,Running,0,0.00,1,0,0,0,-1.0000,0.0,0,0.000,0.000,0.000,0.0,0.0,0.0,0,23501.3327,10050.7048
4.949,992,995,Running,0,0.00,1,0,0,0,-1.0000,0.0,0,0.000,0.000,0.000,0.0,0.0,0.0,0,23541.5621,15038.9403
4.966,993,996,Running,0,0.00,1,0,0,0,-1.0000,0.0,0,0.000,0.000,0.000,0.0,0.0,0.0,0,20119.9338,12920.3537
4.983,993,995,Running,0,0.00,1,0,0,0,-1.0000,0.0,0,0.000,0.000,0.000,0.0,0.0,0.0,0,26405.4770,15275.3906
4.983,994,995,Running,0,0.00,1,0,0,0,-1.0000,0.0,0,0.000,0.000,0.000,0.0,0.0,0.0,0,26118.5552,15275.3906
5.016,994,995,Running,0,0.00,1,0,0,0,-1.0000,0.0,0,0.000,0.000,0.000,0.0,0.0,0.0,0,30068.3405,15355.2710
5.033,994,995,Running,0,0.00,1,0,0,0,-1.0000,0.0,0,0.000,0.000,0.000,0.0,0.0,0.0,0,28356.2972,11372.8738
5.049,994,993,Running,0,0.00,1,0,0,0,-1.0000,0.0,0,0.000,0.000,0.000,0.0,0.0,0.0,0,21110.8771,14630.4399
5.066,993,991,Running,0,0.00,1,0,0,0,-1.0000,0.0,0,0.000,0.000,0.000,0.0,0.0,0.0,0,21811.0535,12447.6096
5.083,993,990,Running,0,0.00,1,0,0,0,-1.0000,0.0,0,0.000,0.000,0.000,0.0,0.0,0.0,0,23450.9682,9389.7803
5.099,992,990,Running,0,0.00,1,0,0,0,-1.0000,0.0,0,0.000,0.000,0.000,0.0,0.0,0.0,0,23459.2118,12541.2261
5.116,992,990,Running,0,0.00,1,0,0,0,-1.0000,0.0,0,0.000,0.000,0.000,0.0,0.0,0.0,0,21410.2345,10853.6316
5.133,992,990,Running,0,0.00,1,0,0,0,-1.0000,0.0,0,0.000,0.000,0.000,0.0,0.0,0.0,0,23151.6980,14038.3013
5.149,992,991,Running,0,0.00,1,0,0,0,-1.0000,0.0,0,0.000,0.000,0.000,0.0,0.0,0.0,0,25403.0779,12654.2243
5.166,992,993,Running,0,0.00,1,0,0,0,-1.0000,0.0,0,0.000,0.000,0.000,0.0,0.0,0.0,0,28872.9574,14146.3315
5.183,992,995,Running,0,0.00,1,0,0,0,-1.0000,0.0,0,0.000,0.000,0.000,0.0,0.0,0.0,0,32335.1233,11535.1405
5.199,993,996,Running,0,0.00,1,0,0,0,-1.0000,0.0,0,0.000,0.000,0.000,0.0,0.0,0.0,0,25611.0177,14187.0257
5.216,993,998,Running,0,0.00,1,0,0,0,-1.0000,0.0,0,0.000,0.000,0.000,0.0,0.0,0.0,0,24923.5350,13511.7317
5.233,994,998,Running,0,0.00,1,0,0,0,-1.0000,0.0,0,0.000,0.000,0.000,0.0,0.0,0.0,0,26333.1739,15504.6319
5.249,994,996,Running,0,0.00,1,0,0,0,-1.0000,0.0,0,0.000,0.000,0.000,0.0,0.0,0.0,0,20640.7704,12324.9725
5.266,995,997,Running,0,0.00,1,0,0,0,-1.0000,0.0,0,0.000,0.000,0.000,0.0,0.0,0.0,0,21024.0777,14065.6508
5.283,995,997,Running,0,0.00,1,0,0,0,-1.0000,0.0,0,0.000,0.000,0.000,0.0,0.0,0.0,0,24345.0955,13101.9329
5.299,995,997,Running,0,0.00,1,0,0,0,-1.0000,0.0,0,0.000,0.000,0.000,0.0,0.0,0.0,0,24857.2042,12133.8244
5.316,996,997,Running,0,0.00,1,0,0,0,-1.0000,0.0,0,0.000,0.000,0.000,0.0,0.0,0.0,0,27771.8289,13098.9922
5.333,996,996,Running,0,0.00,1,0,0,0,-1.0000,0.0,0,0.000,0.000,0.000,0.0,0.0,0.0,0,29578.4014,14011.8765
5.349,996,997,Running,0,0.00,1,0,0,0,-1.0000,0.0,0,0.000,0.000,0.000,0.0,0.0,0.0,0,25728.8074,13787.5154
5.366,996,998,Running,0,0.00,1,0,0,0,-1.0000,0.0,0,0.000,0.000,0.000,0.0,0.0,0.0,0,25049.2357,12306.9485
5.383,996,998,Running,0,0.00,1,0,0,0,-1.0000,0.0,0,0.000,0.000,0.000,0.0,0.0,0.0,0,23388.7841,12741.1115
5.397,996,996,Running,0,0.00,1,0,0,0,-1.0000,0.0,0,0.000,0.000,0.000,0.0,0.0,0.0,0,24997.0575,12710.8414
5.416,996,993,Running,0,0.00,1,0,0,0,-1.0000,0.0,0,0.000,0.000,0.000,0.0,0.0,0.0,0,18223.4554,14009.0020
5.433,995,989,Running,0,0.00,1,0,0,0,-1.0000,0.0,0,0.000,0.000,0.000,0.0,0.0,0.0,0,19333.3621,14052.4609
5.449,995,990,Running,0,0.00,1,0,0,0,-1.0000,0.0,0,0.000,0.000,0.000,0.0,0.0,0.0,0,22693.9143,12325.9735
5.466,994,991,Running,0,0.00,1,0,0,0,-1.0000,0.0,0,0.000,0.000,0.000,0.0,0.0,0.0,0,28374.9494,15105.0009
5.483,994,993,Running,0,0.00,1,0,0,0,-1.0000,0.0,0,0.000,0.000,0.000,0.0,0.0,0.0,0,29936.7634,11162.9717
5.499,993,991,Running,0,0.00,1,0,0,0,-1.0000,0.0,0,0.000,0.000,0.000,0.0,0.0,0.0,0,26206.6633,14625.2972
5.516,993,989,Running,0,0.00,1,0,0,0,-1.0000,0.0,0,0.000,0.000,0.000,0.0,0.0,0.0,0,22456.9819,12487.1356
5.533,992,988,Running,0,0.00,1,0,0,0,-1.0000,0.0,0,0.000,0.000,0.000,0.0,0.0,0.0,0,21765.7510,13143.9531
5.549,991,985,Running,0,0.00,1,0,0,0,-1.0000,0.0,0,0.000,0.000,0.000,0.0,0.0,0.0,0,23861.5928,11040.1150
5.566,990,984,Running,0,0.00,1,0,0,0,-1.0000,0.0,0,0.000,0.000,0.000,0.0,0.0,0.0,0,20196.5283,12881.7616
5.583,989,981,Running,0,0.00,1,0,0,0,-1.0000,0.0,0,0.000,0.000,0.000,0.0,0.0,0.0,0,21579.0562,12701.1885
5.599,987,978,Running,0,0.00,1,0,0,0,-1.0000,0.0,0,0.000,0.000,0.000,0.0,0.0,0.0,0,18978.7191,11389.7471
5.616,986,977,Running,0,0.00,1,0,0,0,-1.0000,0.0,0,0.000,0.000,0.000,0.0,0.0,0.0,0,21262.5165,10998.4869
5.633,985,974,Running,0,0.00,1,0,0,0,-1.0000,0.0,0,0.000,0.000,0.000,0.0,0.0,0.0,0,25338.1813,12887.6997
5.649,983,975,Running,0,0.00,1,0,0,0,-1.0000,0.0,0,0.000,0.000,0.000,0.0,0.0,0.0,0,24796.4028,12887.6997
5.666,982,976,Running,0,0.00,1,0,0,0,-1.0000,0.0,0,0.000,0.000,0.000,0.0,0.0,0.0,0,29116.7735,11240.2859
5.683,981,975,Running,0,0.00,1,0,0,0,-1.0000,0.0,0,0.000,0.000,0.000,0.0,0.0,0.0,0,24289.5532,11307.4984
5.699,980,973,Running,0,0.00,1,0,0,0,-1.0000,0.0,0,0.000,0.000,0.000,0.0,0.0,0.0,0,21493.5547,11831.3084
5.716,978,972,Running,0,0.00,1,0,0,0,-1.0000,0.0,0,0.000,0.000,0.000,0.0,0.0,0.0,0,20308.4041,13867.8890
5.733,977,972,Running,0,0.00,1,0,0,0,-1.0000,0.0,0,0.000,0.000,0.000,0.0,0.0,0.0,0,24826.1884,9593.7513
5.749,976,971,Running,0,0.00,1,0,0,0,-1.0000,0.0,0,0.000,0.000,0.000,0.0,0.0,0.0,0,24016.6898,12404.7474
5.766,975,969,Running,0,0.00,1,0,0,0,-1.0000,0.0,0,0.000,0.000,0.000,0.0,0.0,0.0,0,19219.2429,8785.3406
5.783,974,968,Running,0,0.00,1,0,0,0,-1.0000,0.0,0,0.000,0.000,0.000,0.0,0.0,0.0,0,19853.0350,13043.2891
5.799,973,967,Running,0,0.00,1,0,0,0,-1.0000,0.0,0,0.000,0.000,0.000,0.0,0.0,0.0,0,21603.5430,13043.2891
5.816,972,967,Running,0,0.00,1,0,0,0,-1.0000,0.0,0,0.000,0.000,0.000,0.0,0.0,0.0,0,22249.7004,11302.0133
5.833,972,967,Running,0,0.00,1,0,0,0,-1.0000,0.0,0,0.000,0.000,0.000,0.0,0.0,0.0,0,24382.4696,13401.3054
5.849,971,969,Running,0,0.00,1,0,0,0,-1.0000,0.0,0,0.000,0.000,0.000,0.0,0.0,0.0,0,26327.4397,10434.4253
5.866,971,969,Running,0,0.00,1,0,0,0,-1.0000,0.0,0,0.000,0.000,0.000,0.0,0.0,0.0,0,28057.7419,12981.9650
5.883,970,968,Running,0,0.00,1,0,0,0,-1.0000,0.0,0,0.000,0.000,0.000,0.0,0.0,0.0,0,25693.1025,9020.0464
5.899,970,969,Running,0,0.00,1,0,0,0,-1.0000,0.0,0,0.000,0.000,0.000,0.0,0.0,0.0,0,25192.0054,13385.0164
5.916,970,968,Running,0,0.00,1,0,0,0,-1.0000,0.0,0,0.000,0.000,0.000,0.0,0.0,0.0,0,20474.6677,11434.3942
5.933,969,967,Running,0,0.00,1,0,0,0,-1.0000,0.0,0,0.000,0.000,0.000,0.0,0.0,0.0,0,22851.4905,11830.1510
5.949,969,966,Running,0,0.00,1,0,0,0,-1.0000,0.0,0,0.000,0.000,0.000,0.0,0.0,0.0,0,22307.7716,11968.9278
5.966,968,964,Running,0,0.00,1,0,0,0,-1.0000,0.0,0,0.000,0.000,0.000,0.0,0.0,0.0,0,21984.4409,10484.4751
5.983,967,964,Running,0,0.00,1,0,0,0,-1.0000,0.0,0,0.000,0.000,0.000,0.0,0.0,0.0,0,20798.2618,13124.1510
5.999,967,963,Running,0,0.00,1,0,0,0,-1.0000,0.0,0,0.000,0.000,0.000,0.0,0.0,0.0,0,22584.6542,10593.0011
6.016,967,964,Running,0,0.00,1,0,0,0,-1.0000,0.0,0,0.000,0.000,0.000,0.0,0.0,0.0,0,19885.2891,11790.7515
6.033,966,962,Running,0,0.00,1,0,0,0,-1.0000,0.0,0,0.000,0.000,0.000,0.0,0.0,0.0,0,23562.5185,11790.7515
6.049,966,961,Running,0,0.00,1,0,0,0,-1.0000,0.0,0,0.000,0.000,0.000,0.0,0.0,0.0,0,21969.5552,12050.6633
6.066,965,961,Running,0,0.00,1,0,0,0,-1.0000,0.0,0,0.000,0.000,0.000,0.0,0.0,0.0,0,24663.8340,11080.7347
6.083,964,961,Running,0,0.00,1,0,0,0,-1.0000,0.0,0,0.000,0.000,0.000,0.0,0.0,0.0,0,26573.8128,12329.3449
6.099,964,963,Running,0,0.00,1,0,0,0,-1.0000,0.0,0,0.000,0.000,0.000,0.0,0.0,0.0,0,26641.5899,10802.3096
6.116,964,962,Running,0,0.00,1,0,0,0,-1.0000,0.0,0,0.000,0.000,0.000,0.0,0.0,0.0,0,26465.1249,12356.6129
6.133,963,960,Running,0,0.00,1,0,0,0,-1.0000,0.0,0,0.000,0.000,0.000,0.0,0.0,0.0,0,20418.2675,10802.0780
6.149,963,959,Running,0,0.00,1,0,0,0,-1.0000,0.0,0,0.000,0.000,0.000,0.0,0.0,0.0,0,21209.7757,14040.1252
6.166,962,958,Running,0,0.00,1,0,0,0,-1.0000,0.0,0,0.000,0.000,0.000,0.0,0.0,0.0,0,21982.1545,10384.5504
6.183,961,958,Running,0,0.00,1,0,0,0,-1.0000,0.0,0,0.000,0.000,0.000,0.0,0.0,0.0,0,23908.3688,10384.5504
6.199,960,957,Running,0,0.00,1,0,0,0,-1.0000,0.0,0,0.000,0.000,0.000,0.0,0.0,0.0,0,23042.3928,11355.4012
6.216,960,955,Running,0,0.00,1,0,0,0,-1.0000,0.0,0,0.000,0.000,0.000,0.0,0.0,0.0,0,20663.3719,12095.4214
6.233,959,955,Running,0,0.00,1,0,0,0,-1.0000,0.0,0,0.000,0.000,0.000,0.0,0.0,0.0,0,19979.3820,12590.7758
6.249,959,957,Running,0,0.00,1,0,0,0,-1.0000,0.0,0,0.000,0.000,0.000,0.0,0.0,0.0,0,21080.4499,10833.1137
6.266,959,958,Running,0,0.00,1,0,0,0,-1.0000,0.0,0,0.000,0.000,0.000,0.0,0.0,0.0,0,24234.2506,9305.6955
6.283,959,958,Running,0,0.00,1,0,0,0,-1.0000,0.0,0,0.000,0.000,0.000,0.0,0.0,0.0,0,23066.7731,11791.7773
6.299,959,960,Running,0,0.00,1,0,0,0,-1.0000,0.0,0,0.000,0.000,0.000,0.0,0.0,0.0,0,24127.7366,14553.7762
6.316,959,962,Running,0,0.00,1,0,0,0,-1.0000,0.0,0,0.000,0.000,0.000,0.0,0.0,0.0,0,27041.1215,11295.0392
6.333,960,965,Running,0,0.00,1,0,0,0,-1.0000,0.0,0,0.000,0.000,0.000,0.0,0.0,0.0,0,28064.9596,12862.5848
6.347,961,967,Running,0,0.00,1,0,0,0,-1.0000,0.0,0,0.000,0.000,0.000,0.0,0.0,0.0,0,29536.6846,11798.9487
6.366,962,968,Running,0,0.00,1,0,0,0,-1.0000,0.0,0,0.000,0.000,0.000,0.0,0.0,0.0,0,25506.7537,13038.3733
6.383,963,971,Running,0,0.00,1,0,0,0,-1.0000,0.0,0,0.000,0.000,0.000,0.0,0.0,0.0,0,25501.6995,12493.6087
6.399,964,974,Running,0,0.00,1,0,0,0,-1.0000,0.0,0,0.000,0.000,0.000,0.0,0.0,0.0,0,25592.4583,14002.2676
6.416,966,976,Running,0,0.00,1,0,0,0,-1.0000,0.0,0,0.000,0.000,0.000,0.0,0.0,0.0,0,25315.2466,10995.4505
6.433,967,975,Running,0,0.00,1,0,0,0,-1.0000,0.0,0,0.000,0.000,0.000,0.0,0.0,0.0,0,24412.1707,13725.1519
6.449,969,976,Running,0,0.00,1,0,0,0,-1.0000,0.0,0,0.000,0.000,0.000,0.0,0.0,0.0,0,19290.1431,15883.9194
6.466,970,974,Running,0,0.00,1,0,0,0,-1.0000,0.0,0,0.000,0.000,0.000,0.0,0.0,0.0,0,23464.4521,12306.9830
6.483,970,974,Running,0,0.00,1,0,0,0,-1.0000,0.0,0,0.000,0.000,0.000,0.0,0.0,0.0,0,20244.2405,12885.2010
6.499,971,972,Running,0,0.00,1,0,0,0,-1.0000,0.0,0,0.000,0.000,0.000,0.0,0.0,0.0,0,24699.5491,11715.5438
6.516,971,972,Running,0,0.00,1,0,0,0,-1.0000,0.0,0,0.000,0.000,0.000,0.0,0.0,0.0,0,24661.2767,13023.2879
6.533,971,972,Running,0,0.00,1,0,0,0,-1.0000,0.0,0,0.000,0.000,0.000,0.0,0.0,0.0,0,27241.5210,13023.2879
6.549,972,974,Running,0,0.00,1,0,0,0,-1.0000,0.0,0,0.000,0.000,0.000,0.0,0.0,0.0,0,28526.8000,12082.0330
6.566,972,976,Running,0,0.00,1,0,0,0,-1.0000,0.0,0,0.000,0.000,0.000,0.0,0.0,0.0,0,27669.0823,10990.4477
6.583,973,976,Running,0,0.00,1,0,0,0,-1.0000,0.0,0,0.000,0.000,0.000,0.0,0.0,0.0,0,23763.7106,12396.2692
6.599,973,976,Running,0,0.00,1,0,0,0,-1.0000,0.0,0,0.000,0.000,0.000,0.0,0.0,0.0,0,21181.1350,13992.8583
6.616,973,978,Running,0,0.00,1,0,0,0,-1.0000,0.0,0,0.000,0.000,0.000,0.0,0.0,0.0,0,25715.2616,9698.5311
6.633,974,980,Running,0,0.00,1,0,0,0,-1.0000,0.0,0,0.000,0.000,0.000,0.0,0.0,0.0,0,24956.5055,12586.0848
6.649,975,981,Running,0,0.00,1,0,0,0,-1.0000,0.0,0,0.000,0.000,0.000,0.0,0.0,0.0,0,23654.4867,10521.1209
6.666,976,981,Running,0,0.00,1,0,0,0,-1.0000,0.0,0,0.000,0.000,0.000,0.0,0.0,0.0,0,21970.4073,14138.0303
6.683,977,983,Running,0,0.00,1,0,0,0,-1.0000,0.0,0,0.000,0.000,0.000,0.0,0.0,0.0,0,23566.4476,14138.0303
6.699,978,985,Running,0,0.00,1,0,0,0,-1.0000,0.0,0,0.000,0.000,0.000,0.0,0.0,0.0,0,27449.6680,15282.8508
6.716,980,987,Running,0,0.00,1,0,0,0,-1.0000,0.0,0,0.000,0.000,0.000,0.0,0.0,0.0,0,29306.5224,11750.3778
6.733,981,990,Running,0,0.00,1,0,0,0,-1.0000,0.0,0,0.000,0.000,0.000,0.0,0.0,0.0,0,31543.2752,15812.5318
6.749,982,990,Running,0,0.00,1,0,0,0,-1.0000,0.0,0,0.000,0.000,0.000,0.0,0.0,0.0,0,26828.8285,12713.1912
6.766,983,990,Running,0,0.00,1,0,0,0,-1.0000,0.0,0,0.000,0.000,0.000,0.0,0.0,0.0,0,23461.4687,13565.1051
6.783,984,991,Running,0,0.00,1,0,0,0,-1.0000,0.0,0,0.000,0.000,0.000,0.0,0.0,0.0,0,22743.6209,12403.2846
6.797,985,990,Running,0,0.00,1,0,0,0,-1.0000,0.0,0,0.000,0.000,0.000,0.0,0.0,0.0,0,26713.8371,12403.2846
6.816,986,990,Running,0,0.00,1,0,0,0,-1.0000,0.0,0,0.000,0.000,0.000,0.0,0.0,0.0,0,20346.5570,13779.4054
6.833,987,991,Running,0,0.00,1,0,0,0,-1.0000,0.0,0,0.000,0.000,0.000,0.0,0.0,0.0,0,22203.9840,11812.4119
6.847,988,992,Running,0,0.00,1,0,0,0,-1.0000,0.0,0,0.000,0.000,0.000,0.0,0.0,0.0,0,25455.8266,14006.2710
6.866,988,991,Running,0,0.00,1,0,0,0,-1.0000,0.0,0,0.000,0.000,0.000,0.0,0.0,0.0,0,27381.3260,12328.2046
6.883,989,993,Running,0,0.00,1,0,0,0,-1.0000,0.0,0,0.000,0.000,0.000,0.0,0.0,0.0,0,27505.7671,17035.3983
6.899,989,993,Running,0,0.00,1,0,0,0,-1.0000,0.0,0,0.000,0.000,0.000,0.0,0.0,0.0,0,29956.2370,12109.5708
6.908,990,995,Running,0,0.00,1,0,0,0,-1.0000,0.0,0,0.000,0.000,0.000,0.0,0.0,0.0,0,26875.9797,11577.8614
6.933,991,996,Running,0,0.00,1,0,0,0,-1.0000,0.0,0,0.000,0.000,0.000,0.0,0.0,0.0,0,25578.0452,12003.4403
6.947,991,996,Running,0,0.00,1,0,0,0,-1.0000,0.0,0,0.000,0.000,0.000,0.0,0.0,0.0,0,22159.3129,12003.4403
6.966,992,995,Running,0,0.00,1,0,0,0,-1.0000,0.0,0,0.000,0.000,0.000,0.0,0.0,0.0,0,24757.5852,15383.0243
6.983,993,996,Running,0,0.00,1,0,0,0,-1.0000,0.0,0,0.000,0.000,0.000,0.0,0.0,0.0,0,19272.0344,13699.2491
6.999,993,995,Running,0,0.00,1,0,0,0,-1.0000,0.0,0,0.000,0.000,0.000,0.0,0.0,0.0,0,25187.5990,16155.5068
7.016,994,997,Running,0,0.00,1,0,0,0,-1.0000,0.0,0,0.000,0.000,0.000,0.0,0.0,0.0,0,24695.2637,12078.9558
7.033,994,995,Running,0,0.00,1,0,0,0,-1.0000,0.0,0,0.000,0.000,0.000,0.0,0.0,0.0,0,30106.9849,13659.2499
7.049,994,996,Running,0,0.00,1,0,0,0,-1.0000,0.0,0,0.000,0.000,0.000,0.0,0.0,0.0,0,28306.1476,13864.6215
7.066,994,995,Running,0,0.00,1,0,0,0,-1.0000,0.0,0,0.000,0.000,0.000,0.0,0.0,0.0,0,26013.9830,15459.9429
7.083,994,994,Running,0,0.00,1,0,0,0,-1.0000,0.0,0,0.000,0.000,0.000,0.0,0.0,0.0,0,20559.7277,11245.5428
7.099,994,994,Running,0,0.00,1,0,0,0,-1.0000,0.0,0,0.000,0.000,0.000,0.0,0.0,0.0,0,27009.6391,14043.0349
7.116,994,991,Running,0,0.00,1,0,0,0,-1.0000,0.0,0,0.000,0.000,0.000,0.0,0.0,0.0,0,21384.3208,12348.4678
7.133,993,987,Running,0,0.00,1,0,0,0,-1.0000,0.0,0,0.000,0.000,0.000,0.0,0.0,0.0,0,18911.9441,13243.5403
7.149,992,985,Running,0,0.00,1,0,0,0,-1.0000,0.0,0,0.000,0.000,0.000,0.0,0.0,0.0,0,19279.1348,12680.2289
7.166,991,984,Running,0,0.00,1,0,0,0,-1.0000,0.0,0,0.000,0.000,0.000,0.0,0.0,0.0,0,23753.2694,11776.3478
7.183,990,982,Running,0,0.00,1,0,0,0,-1.0000,0.0,0,0.000,0.000,0.000,0.0,0.0,0.0,0,24790.3366,10632.3895
7.199,989,983,Running,0,0.00,1,0,0,0,-1.0000,0.0,0,0.000,0.000,0.000,0.0,0.0,0.0,0,26628.0897,11462.1708
7.216,988,985,Running,0,0.00,1,0,0,0,-1.0000,0.0,0,0.000,0.000,0.000,0.0,0.0,0.0,0,30239.6227,13158.4441
7.233,988,986,Running,0,0.00,1,0,0,0,-1.0000,0.0,0,0.000,0.000,0.000,0.0,0.0,0.0,0,25736.9630,10958.0472
7.249,987,984,Running,0,0.00,1,0,0,0,-1.0000,0.0,0,0.000,0.000,0.000,0.0,0.0,0.0,0,21134.3326,13335.3150
7.266,986,982,Running,0,0.00,1,0,0,0,-1.0000,0.0,0,0.000,0.000,0.000,0.0,0.0,0.0,0,22171.0074,12788.2428
7.283,985,980,Running,0,0.00,1,0,0,0,-1.0000,0.0,0,0.000,0.000,0.000,0.0,0.0,0.0,0,22611.7266,12677.4663
7.299,984,979,Running,0,0.00,1,0,0,0,-1.0000,0.0,0,0.000,0.000,0.000,0.0,0.0,0.0,0,20605.1869,12251.0355
7.316,984,978,Running,0,0.00,1,0,0,0,-1.0000,0.0,0,0.000,0.000,0.000,0.0,0.0,0.0,0,21507.3081,12605.8248
7.333,983,975,Running,0,0.00,1,0,0,0,-1.0000,0.0,0,0.000,0.000,0.000,0.0,0.0,0.0,0,21683.9243,12605.8248
7.349,982,975,Running,0,0.00,1,0,0,0,-1.0000,0.0,0,0.000,0.000,0.000,0.0,0.0,0.0,0,21197.7683,12028.9889
7.366,981,977,Running,0,0.00,1,0,0,0,-1.0000,0.0,0,0.000,0.000,0.000,0.0,0.0,0.0,0,27027.0759,13182.1725
7.383,980,976,Running,0,0.00,1,0,0,0,-1.0000,0.0,0,0.000,0.000,0.000,0.0,0.0,0.0,0,28507.4891,10244.0614
7.399,979,975,Running,0,0.00,1,0,0,0,-1.0000,0.0,0,0.000,0.000,0.000,0.0,0.0,0.0,0,25726.6247,13499.9528
7.416,979,973,Running,0,0.00,1,0,0,0,-1.0000,0.0,0,0.000,0.000,0.000,0.0,0.0,0.0,0,22941.3738,12120.8142
7.433,978,971,Running,0,0.00,1,0,0,0,-1.0000,0.0,0,0.000,0.000,0.000,0.0,0.0,0.0,0,21352.5819,12034.1685
7.447,976,970,Running,0,0.00,1,0,0,0,-1.0000,0.0,0,0.000,0.000,0.000,0.0,0.0,0.0,0,20914.8225,12034.1685
7.466,975,970,Running,0,0.00,1,0,0,0,-1.0000,0.0,0,0.000,0.000,0.000,0.0,0.0,0.0,0,23240.8105,12186.0433
7.483,974,970,Running,0,0.00,1,0,0,0,-1.0000,0.0,0,0.000,0.000,0.000,0.0,0.0,0.0,0,25163.4807,11732.3829
7.499,973,968,Running,0,0.00,1,0,0,0,-1.0000,0.0,0,0.000,0.000,0.000,0.0,0.0,0.0,0,20105.8939,10775.9726
7.516,973,968,Running,0,0.00,1,0,0,0,-1.0000,0.0,0,0.000,0.000,0.000,0.0,0.0,0.0,0,18961.4160,13786.3104
7.533,972,965,Running,0,0.00,1,0,0,0,-1.0000,0.0,0,0.000,0.000,0.000,0.0,0.0,0.0,0,22865.6093,11116.7762
7.549,971,964,Running,0,0.00,1,0,0,0,-1.0000,0.0,0,0.000,0.000,0.000,0.0,0.0,0.0,0,21164.6689,12864.2387
7.566,970,963,Running,0,0.00,1,0,0,0,-1.0000,0.0,0,0.000,0.000,0.000,0.0,0.0,0.0,0,23497.5449,11414.0240
7.583,969,966,Running,0,0.00,1,0,0,0,-1.0000,0.0,0,0.000,0.000,0.000,0.0,0.0,0.0,0,25165.9213,12346.4183
7.599,969,967,Running,0,0.00,1,0,0,0,-1.0000,0.0,0,0.000,0.000,0.000,0.0,0.0,0.0,0,29587.3436,10353.4579
7.616,969,970,Running,0,0.00,1,0,0,0,-1.0000,0.0,0,0.000,0.000,0.000,0.0,0.0,0.0,0,28369.2469,11806.6188
7.633,969,972,Running,0,0.00,1,0,0,0,-1.0000,0.0,0,0.000,0.000,0.000,0.0,0.0,0.0,0,26459.9272,12485.8750
7.649,969,972,Running,0,0.00,1,0,0,0,-1.0000,0.0,0,0.000,0.000,0.000,0.0,0.0,0.0,0,20984.2999,12769.1384
7.649,970,972,Running,0,0.00,1,0,0,0,-1.0000,0.0,0,0.000,0.000,0.000,0.0,0.0,0.0,0,25304.6951,13641.6588
7.649,970,972,Running,0,0.00,1,0,0,0,-1.0000,0.0,0,0.000,0.000,0.000,0.0,0.0,0.0,0,21227.7122,15058.9519
7.699,970,973,Running,0,0.00,1,0,0,0,-1.0000,0.0,0,0.000,0.000,0.000,0.0,0.0,0.0,0,24216.4624,12619.1597
7.716,971,972,Running,0,0.00,1,0,0,0,-1.0000,0.0,0,0.000,0.000,0.000,0.0,0.0,0.0,0,22871.1519,12619.1597
7.733,971,974,Running,0,0.00,1,0,0,0,-1.0000,0.0,0,0.000,0.000,0.000,0.0,0.0,0.0,0,19721.4540,13473.2885
7.749,972,972,Running,0,0.00,1,0,0,0,-1.0000,0.0,0,0.000,0.000,0.000,0.0,0.0,0.0,0,24847.0757,12456.4745
7.766,972,970,Running,0,0.00,1,0,0,0,-1.0000,0.0,0,0.000,0.000,0.000,0.0,0.0,0.0,0,21636.0343,12973.4233
7.783,972,971,Running,0,0.00,1,0,0,0,-1.0000,0.0,0,0.000,0.000,0.000,0.0,0.0,0.0,0,24731.3556,12155.2072
7.799,972,973,Running,0,0.00,1,0,0,0,-1.0000,0.0,0,0.000,0.000,0.000,0.0,0.0,0.0,0,28469.3356,11037.9722
7.816,972,976,Running,0,0.00,1,0,0,0,-1.0000,0.0,0,0.000,0.000,0.000,0.0,0.0,0.0,0,30490.1191,11201.7786
7.833,973,977,Running,0,0.00,1,0,0,0,-1.0000,0.0,0,0.000,0.000,0.000,0.0,0.0,0.0,0,26012.4392,11651.7465
7.849,973,976,Running,0,0.00,1,0,0,0,-1.0000,0.0,0,0.000,0.000,0.000,0.0,0.0,0.0,0,22436.8078,11768.5981
7.866,973,976,Running,0,0.00,1,0,0,0,-1.0000,0.0,0,0.000,0.000,0.000,0.0,0.0,0.0,0,21073.0496,11768.5981
7.883,974,974,Running,0,0.00,1,0,0,0,-1.0000,0.0,0,0.000,0.000,0.000,0.0,0.0,0.0,0,25270.7084,11998.5898
7.899,974,975,Running,0,0.00,1,0,0,0,-1.0000,0.0,0,0.000,0.000,0.000,0.0,0.0,0.0,0,20686.3763,12811.1549
7.916,974,976,Running,0,0.00,1,0,0,0,-1.0000,0.0,0,0.000,0.000,0.000,0.0,0.0,0.0,0,23805.6561,13894.3520
7.933,974,977,Running,0,0.00,1,0,0,0,-1.0000,0.0,0,0.000,0.000,0.000,0.0,0.0,0.0,0,21689.1301,11578.3359
7.947,975,977,Running,0,0.00,1,0,0,0,-1.0000,0.0,0,0.000,0.000,0.000,0.0,0.0,0.0,0,24797.6472,12653.7038
7.966,975,975,Running,0,0.00,1,0,0,0,-1.0000,0.0,0,0.000,0.000,0.000,0.0,0.0,0.0,0,24738.9747,14116.0762
7.983,976,977,Running,0,0.00,1,0,0,0,-1.0000,0.0,0,0.000,0.000,0.000,0.0,0.0,0.0,0,24835.6240,15013.0079
7.999,976,979,Running,0,0.00,1,0,0,0,-1.0000,0.0,0,0.000,0.000,0.000,0.0,0.0,0.0,0,30615.5929,11707.8179
8.016,976,979,Running,0,0.00,1,0,0,0,-1.0000,0.0,0,0.000,0.000,0.000,0.0,0.0,0.0,0,27651.3302,11582.6360
8.033,977,979,Running,0,0.00,1,0,0,0,-1.0000,0.0,0,0.000,0.000,0.000,0.0,0.0,0.0,0,23295.1055,12535.8429
8.047,977,977,Running,0,0.00,1,0,0,0,-1.0000,0.0,0,0.000,0.000,0.000,0.0,0.0,0.0,0,21281.2783,14481.8725
8.066,977,977,Running,0,0.00,1,0,0,0,-1.0000,0.0,0,0.000,0.000,0.000,0.0,0.0,0.0,0,23624.1929,11384.4930
8.083,977,977,Running,0,0.00,1,0,0,0,-1.0000,0.0,0,0.000,0.000,0.000,0.0,0.0,0.0,0,23689.8832,12321.2448
8.099,977,976,Running,0,0.00,1,0,0,0,-1.0000,0.0,0,0.000,0.000,0.000,0.0,0.0,0.0,0,22874.2282,12321.2448
8.116,977,976,Running,0,0.00,1,0,0,0,-1.0000,0.0,0,0.000,0.000,0.000,0.0,0.0,0.0,0,19776.9652,11449.4780
8.133,977,974,Running,0,0.00,1,0,0,0,-1.0000,0.0,0,0.000,0.000,0.000,0.0,0.0,0.0,0,23345.8959,14261.4793
8.147,976,974,Running,0,0.00,1,0,0,0,-1.0000,0.0,0,0.000,0.000,0.000,0.0,0.0,0.0,0,22204.3117,11072.0706
8.166,976,975,Running,0,0.00,1,0,0,0,-1.0000,0.0,0,0.000,0.000,0.000,0.0,0.0,0.0,0,26359.0964,14212.4511
8.183,976,975,Running,0,0.00,1,0,0,0,-1.0000,0.0,0,0.000,0.000,0.000,0.0,0.0,0.0,0,28366.0942,4851.6992
8.199,976,977,Running,0,0.00,1,0,0,0,-1.0000,0.0,0,0.000,0.000,0.000,0.0,0.0,0.0,0,28929.7367,7379.7978
8.216,976,976,Running,0,0.00,1,0,0,0,-1.0000,0.0,0,0.000,0.000,0.000,0.0,0.0,0.0,0,23914.6441,11626.9027
8.233,976,975,Running,0,0.00,1,0,0,0,-1.0000,0.0,0,0.000,0.000,0.000,0.0,0.0,0.0,0,21842.2169,11843.4560
8.247,976,976,Running,0,0.00,1,0,0,0,-1.0000,0.0,0,0.000,0.000,0.000,0.0,0.0,0.0,0,22581.4347,11843.4560
8.266,976,977,Running,0,0.00,1,0,0,0,-1.0000,0.0,0,0.000,0.000,0.000,0.0,0.0,0.0,0,25944.2128,12042.4169
8.283,976,976,Running,0,0.00,1,0,0,0,-1.0000,0.0,0,0.000,0.000,0.000,0.0,0.0,0.0,0,22643.2736,12802.7159
8.299,976,976,Running,0,0.00,1,0,0,0,-1.0000,0.0,0,0.000,0.000,0.000,0.0,0.0,0.0,0,20382.2343,11217.6744
8.316,976,978,Running,0,0.00,1,0,0,0,-1.0000,0.0,0,0.000,0.000,0.000,0.0,0.0,0.0,0,22849.6064,13785.8646
8.333,976,976,Running,0,0.00,1,0,0,0,-1.0000,0.0,0,0.000,0.000,0.000,0.0,0.0,0.0,0,24416.1106,10944.0990
8.349,976,975,Running,0,0.00,1,0,0,0,-1.0000,0.0,0,0.000,0.000,0.000,0.0,0.0,0.0,0,23201.7025,14289.0011
8.366,976,975,Running,0,0.00,1,0,0,0,-1.0000,0.0,0,0.000,0.000,0.000,0.0,0.0,0.0,0,25732.1179,11651.9406
8.383,976,976,Running,0,0.00,1,0,0,0,-1.0000,0.0,0,0.000,0.000,0.000,0.0,0.0,0.0,0,29005.2322,13246.6157
8.399,976,979,Running,0,0.00,1,0,0,0,-1.0000,0.0,0,0.000,0.000,0.000,0.0,0.0,0.0,0,29318.9414,10797.6121
8.416,977,979,Running,0,0.00,1,0,0,0,-1.0000,0.0,0,0.000,0.000,0.000,0.0,0.0,0.0,0,22666.5220,12966.6581
8.433,977,980,Running,0,0.00,1,0,0,0,-1.0000,0.0,0,0.000,0.000,0.000,0.0,0.0,0.0,0,23880.7726,13658.5514
8.450,977,980,Running,0,0.00,1,0,0,0,-1.0000,0.0,0,0.000,0.000,0.000,0.0,0.0,0.0,0,25110.4039,14336.4960
8.466,977,978,Running,0,0.00,1,0,0,0,-1.0000,0.0,0,0.000,0.000,0.000,0.0,0.0,0.0,0,21609.7730,11883.5057
8.483,977,976,Running,0,0.00,1,0,0,0,-1.0000,0.0,0,0.000,0.000,0.000,0.0,0.0,0.0,0,20702.5117,14625.3083
8.499,977,977,Running,0,0.00,1,0,0,0,-1.0000,0.0,0,0.000,0.000,0.000,0.0,0.0,0.0,0,19775.9514,12876.9103
8.516,977,978,Running,0,0.00,1,0,0,0,-1.0000,0.0,0,0.000,0.000,0.000,0.0,0.0,0.0,0,24915.1583,11535.5371
8.533,978,977,Running,0,0.00,1,0,0,0,-1.0000,0.0,0,0.000,0.000,0.000,0.0,0.0,0.0,0,25370.4392,12696.1622
8.549,978,978,Running,0,0.00,1,0,0,0,-1.0000,0.0,0,0.000,0.000,0.000,0.0,0.0,0.0,0,25491.5068,12350.8667
8.566,978,977,Running,0,0.00,1,0,0,0,-1.0000,0.0,0,0.000,0.000,0.000,0.0,0.0,0.0,0,28264.7008,15581.0750
8.583,978,979,Running,0,0.00,1,0,0,0,-1.0000,0.0,0,0.000,0.000,0.000,0.0,0.0,0.0,0,28362.4060,10992.6657
8.599,978,978,Running,0,0.00,1,0,0,0,-1.0000,0.0,0,0.000,0.000,0.000,0.0,0.0,0.0,0,22879.1264,13090.1850
8.616,978,979,Running,0,0.00,1,0,0,0,-1.0000,0.0,0,0.000,0.000,0.000,0.0,0.0,0.0,0,22738.8259,10822.9493
8.633,978,980,Running,0,0.00,1,0,0,0,-1.0000,0.0,0,0.000,0.000,0.000,0.0,0.0,0.0,0,26137.3530,14525.9807
8.650,978,981,Running,0,0.00,1,0,0,0,-1.0000,0.0,0,0.000,0.000,0.000,0.0,0.0,0.0,0,24146.3714,11544.0796
8.666,979,982,Running,0,0.00,1,0,0,0,-1.0000,0.0,0,0.000,0.000,0.000,0.0,0.0,0.0,0,22835.5262,13624.1748
8.683,979,980,Running,0,0.00,1,0,0,0,-1.0000,0.0,0,0.000,0.000,0.000,0.0,0.0,0.0,0,21279.9208,13911.4331
8.700,979,982,Running,0,0.00,1,0,0,0,-1.0000,0.0,0,0.000,0.000,0.000,0.0,0.0,0.0,0,20823.8532,11972.7638
8.716,980,983,Running,0,0.00,1,0,0,0,-1.0000,0.0,0,0.000,0.000,0.000,0.0,0.0,0.0,0,27332.9578,11143.5819
8.733,980,982,Running,0,0.00,1,0,0,0,-1.0000,0.0,0,0.000,0.000,0.000,0.0,0.0,0.0,0,27132.4699,13088.3291
8.750,980,979,Running,0,0.00,1,0,0,0,-1.0000,0.0,0,0.000,0.000,0.000,0.0,0.0,0.0,0,26532.5231,13088.3291
8.766,980,980,Running,0,0.00,1,0,0,0,-1.0000,0.0,0,0.000,0.000,0.000,0.0,0.0,0.0,0,25976.8336,12045.5285
8.783,980,982,Running,0,0.00,1,0,0,0,-1.0000,0.0,0,0.000,0.000,0.000,0.0,0.0,0.0,0,26730.9349,12995.4987
8.799,980,981,Running,0,0.00,1,0,0,0,-1.0000,0.0,0,0.000,0.000,0.000,0.0,0.0,0.0,0,23126.0770,11907.8851
8.816,980,980,Running,0,0.00,1,0,0,0,-1.0000,0.0,0,0.000,0.000,0.000,0.0,0.0,0.0,0,21145.4735,13142.6842
8.833,980,981,Running,0,0.00,1,0,0,0,-1.0000,0.0,0,0.000,0.000,0.000,0.0,0.0,0.0,0,23998.4975,11353.5191
8.850,980,981,Running,0,0.00,1,0,0,0,-1.0000,0.0,0,0.000,0.000,0.000,0.0,0.0,0.0,0,23593.9067,12781.5991
8.866,981,980,Running,0,0.00,1,0,0,0,-1.0000,0.0,0,0.000,0.000,0.000,0.0,0.0,0.0,0,21332.4024,9253.7196
8.883,980,978,Running,0,0.00,1,0,0,0,-1.0000,0.0,0,0.000,0.000,0.000,0.0,0.0,0.0,0,21774.0988,13212.1456
8.899,980,976,Running,0,0.00,1,0,0,0,-1.0000,0.0,0,0.000,0.000,0.000,0.0,0.0,0.0,0,22607.2874,13212.1456
8.916,979,976,Running,0,0.00,1,0,0,0,-1.0000,0.0,0,0.000,0.000,0.000,0.0,0.0,0.0,0,24999.1549,11463.8498
8.933,979,977,Running,0,0.00,1,0,0,0,-1.0000,0.0,0,0.000,0.000,0.000,0.0,0.0,0.0,0,28671.1511,12740.5660
8.950,979,978,Running,0,0.00,1,0,0,0,-1.0000,0.0,0,0.000,0.000,0.000,0.0,0.0,0.0,0,29236.2892,11153.3425
8.966,979,978,Running,0,0.00,1,0,0,0,-1.0000,0.0,0,0.000,0.000,0.000,0.0,0.0,0.0,0,22484.0240,13017.3544
8.983,978,980,Running,0,0.00,1,0,0,0,-1.0000,0.0,0,0.000,0.000,0.000,0.0,0.0,0.0,0,25148.6300,11818.0833
8.999,979,982,Running,0,0.00,1,0,0,0,-1.0000,0.0,0,0.000,0.000,0.000,0.0,0.0,0.0,0,24720.9133,12799.5729
9.016,979,982,Running,0,0.00,1,0,0,0,-1.0000,0.0,0,0.000,0.000,0.000,0.0,0.0,0.0,0,24702.3962,12799.5729
9.033,979,980,Running,0,0.00,1,0,0,0,-1.0000,0.0,0,0.000,0.000,0.000,0.0,0.0,0.0,0,21233.4466,14622.5180
9.050,979,980,Running,0,0.00,1,0,0,0,-1.0000,0.0,0,0.000,0.000,0.000,0.0,0.0,0.0,0,19466.3968,14788.0521
9.066,980,979,Running,0,0.00,1,0,0,0,-1.0000,0.0,0,0.000,0.000,0.000,0.0,0.0,0.0,0,23899.3262,12074.7035
9.083,980,981,Running,0,0.00,1,0,0,0,-1.0000,0.0,0,0.000,0.000,0.000,0.0,0.0,0.0,0,23554.1997,12926.6578
9.100,980,981,Running,0,0.00,1,0,0,0,-1.0000,0.0,0,0.000,0.000,0.000,0.0,0.0,0.0,0,28346.4729,12923.0725
9.116,980,982,Running,0,0.00,1,0,0,0,-1.0000,0.0,0,0.000,0.000,0.000,0.0,0.0,0.0,0,28103.3670,12923.0725
9.133,981,984,Running,0,0.00,1,0,0,0,-1.0000,0.0,0,0.000,0.000,0.000,0.0,0.0,0.0,0,29982.0970,12756.6814
9.150,981,984,Running,0,0.00,1,0,0,0,-1.0000,0.0,0,0.000,0.000,0.000,0.0,0.0,0.0,0,22543.2158,12906.5477
9.166,981,984,Running,0,0.00,1,0,0,0,-1.0000,0.0,0,0.000,0.000,0.000,0.0,0.0,0.0,0,24901.4374,13531.3160
9.183,981,982,Running,0,0.00,1,0,0,0,-1.0000,0.0,0,0.000,0.000,0.000,0.0,0.0,0.0,0,21672.0022,14230.1619
9.199,981,981,Running,0,0.00,1,0,0,0,-1.0000,0.0,0,0.000,0.000,0.000,0.0,0.0,0.0,0,22283.8663,12840.4846
9.216,981,982,Running,0,0.00,1,0,0,0,-1.0000,0.0,0,0.000,0.000,0.000,0.0,0.0,0.0,0,22828.2070,10239.8044
9.233,981,979,Running,0,0.00,1,0,0,0,-1.0000,0.0,0,0.000,0.000,0.000,0.0,0.0,0.0,0,22161.6257,11905.9507
9.250,981,980,Running,0,0.00,1,0,0,0,-1.0000,0.0,0,0.000,0.000,0.000,0.0,0.0,0.0,0,20465.9507,11570.7771
9.266,981,982,Running,0,0.00,1,0,0,0,-1.0000,0.0,0,0.000,0.000,0.000,0.0,0.0,0.0,0,26183.3670,14720.1622
9.283,982,985,Running,0,0.00,1,0,0,0,-1.0000,0.0,0,0.000,0.000,0.000,0.0,0.0,0.0,0,29219.3999,10719.4481
9.299,982,987,Running,0,0.00,1,0,0,0,-1.0000,0.0,0,0.000,0.000,0.000,0.0,0.0,0.0,0,30952.9072,14107.3009
9.316,983,988,Running,0,0.00,1,0,0,0,-1.0000,0.0,0,0.000,0.000,0.000,0.0,0.0,0.0,0,27763.7306,13101.4255
9.333,984,990,Running,0,0.00,1,0,0,0,-1.0000,0.0,0,0.000,0.000,0.000,0.0,0.0,0.0,0,25102.2807,13772.7292
9.350,985,990,Running,0,0.00,1,0,0,0,-1.0000,0.0,0,0.000,0.000,0.000,0.0,0.0,0.0,0,23586.1158,12540.0701
9.366,985,989,Running,0,0.00,1,0,0,0,-1.0000,0.0,0,0.000,0.000,0.000,0.0,0.0,0.0,0,24607.0196,12540.0701
9.383,986,990,Running,0,0.00,1,0,0,0,-1.0000,0.0,0,0.000,0.000,0.000,0.0,0.0,0.0,0,21229.7112,14412.8002
9.399,987,991,Running,0,0.00,1,0,0,0,-1.0000,0.0,0,0.000,0.000,0.000,0.0,0.0,0.0,0,22840.5468,11753.9829
9.416,987,990,Running,0,0.00,1,0,0,0,-1.0000,0.0,0,0.000,0.000,0.000,0.0,0.0,0.0,0,24742.6736,13812.3648
9.433,988,991,Running,0,0.00,1,0,0,0,-1.0000,0.0,0,0.000,0.000,0.000,0.0,0.0,0.0,0,23648.5451,13113.5764
9.450,989,991,Running,0,0.00,1,0,0,0,-1.0000,0.0,0,0.000,0.000,0.000,0.0,0.0,0.0,0,29148.7087,17095.1685
9.466,989,991,Running,0,0.00,1,0,0,0,-1.0000,0.0,0,0.000,0.000,0.000,0.0,0.0,0.0,0,29197.7173,10775.7268
9.483,989,992,Running,0,0.00,1,0,0,0,-1.0000,0.0,0,0.000,0.000,0.000,0.0,0.0,0.0,0,26805.4138,12423.8359
9.483,989,990,Running,0,0.00,1,0,0,0,-1.0000,0.0,0,0.000,0.000,0.000,0.0,0.0,0.0,0,21377.4849,11764.5790
9.516,989,989,Running,0,0.00,1,0,0,0,-1.0000,0.0,0,0.000,0.000,0.000,0.0,0.0,0.0,0,22448.6624,12364.5947
9.533,989,988,Running,0,0.00,1,0,0,0,-1.0000,0.0,0,0.000,0.000,0.000,0.0,0.0,0.0,0,25439.9378,12735.1676
9.538,989,989,Running,0,0.00,1,0,0,0,-1.0000,0.0,0,0.000,0.000,0.000,0.0,0.0,0.0,0,19934.7881,12914.0806
9.566,989,988,Running,0,0.00,1,0,0,0,-1.0000,0.0,0,0.000,0.000,0.000,0.0,0.0,0.0,0,23092.3700,13732.0729
9.583,989,990,Running,0,0.00,1,0,0,0,-1.0000,0.0,0,0.000,0.000,0.000,0.0,0.0,0.0,0,22623.2003,11573.0197
9.599,989,989,Running,0,0.00,1,0,0,0,-1.0000,0.0,0,0.000,0.000,0.000,0.0,0.0,0.0,0,28030.5799,17961.9362
9.616,989,990,Running,0,0.00,1,0,0,0,-1.0000,0.0,0,0.000,0.000,0.000,0.0,0.0,0.0,0,27201.6395,11328.1528
9.633,989,989,Running,0,0.00,1,0,0,0,-1.0000,0.0,0,0.000,0.000,0.000,0.0,0.0,0.0,0,28734.4861,15017.7325
9.649,989,991,Running,0,0.00,1,0,0,0,-1.0000,0.0,0,0.000,0.000,0.000,0.0,0.0,0.0,0,26278.5683,12312.2011
9.666,990,993,Running,0,0.00,1,0,0,0,-1.0000,0.0,0,0.000,0.000,0.000,0.0,0.0,0.0,0,24995.0841,12312.2011
9.683,990,992,Running,0,0.00,1,0,0,0,-1.0000,0.0,0,0.000,0.000,0.000,0.0,0.0,0.0,0,24700.8551,12421.5775
9.700,990,992,Running,0,0.00,1,0,0,0,-1.0000,0.0,0,0.000,0.000,0.000,0.0,0.0,0.0,0,20973.9711,13754.7771
9.716,990,989,Running,0,0.00,1,0,0,0,-1.0000,0.0,0,0.000,0.000,0.000,0.0,0.0,0.0,0,22768.7604,14155.8594
9.733,990,988,Running,0,0.00,1,0,0,0,-1.0000,0.0,0,0.000,0.000,0.000,0.0,0.0,0.0,0,18902.2153,11674.2506
9.750,990,987,Running,0,0.00,1,0,0,0,-1.0000,0.0,0,0.000,0.000,0.000,0.0,0.0,0.0,0,24602.4460,11478.1192
9.766,989,984,Running,0,0.00,1,0,0,0,-1.0000,0.0,0,0.000,0.000,0.000,0.0,0.0,0.0,0,24741.9609,11478.1192
9.783,988,982,Running,0,0.00,1,0,0,0,-1.0000,0.0,0,0.000,0.000,0.000,0.0,0.0,0.0,0,25654.0102,14160.2201
9.800,987,981,Running,0,0.00,1,0,0,0,-1.0000,0.0,0,0.000,0.000,0.000,0.0,0.0,0.0,0,26042.8173,10842.3352
9.816,986,981,Running,0,0.00,1,0,0,0,-1.0000,0.0,0,0.000,0.000,0.000,0.0,0.0,0.0,0,23735.2842,11885.2887
9.833,985,981,Running,0,0.00,1,0,0,0,-1.0000,0.0,0,0.000,0.000,0.000,0.0,0.0,0.0,0,22865.3152,11412.3972
9.850,985,984,Running,0,0.00,1,0,0,0,-1.0000,0.0,0,0.000,0.000,0.000,0.0,0.0,0.0,0,25944.2105,12175.4067
9.866,984,985,Running,0,0.00,1,0,0,0,-1.0000,0.0,0,0.000,0.000,0.000,0.0,0.0,0.0,0,24396.8430,11693.0641
9.883,984,983,Running,0,0.00,1,0,0,0,-1.0000,0.0,0,0.000,0.000,0.000,0.0,0.0,0.0,0,22986.3973,13589.4614
9.900,984,981,Running,0,0.00,1,0,0,0,-1.0000,0.0,0,0.000,0.000,0.000,0.0,0.0,0.0,0,18306.6576,11443.6673
9.916,984,982,Running,0,0.00,1,0,0,0,-1.0000,0.0,0,0.000,0.000,0.000,0.0,0.0,0.0,0,21553.5222,13565.5430
9.933,984,981,Running,0,0.00,1,0,0,0,-1.0000,0.0,0,0.000,0.000,0.000,0.0,0.0,0.0,0,26280.2738,13565.5430
9.950,983,981,Running,0,0.00,1,0,0,0,-1.0000,0.0,0,0.000,0.000,0.000,0.0,0.0,0.0,0,26111.3555,11258.7538
9.966,983,981,Running,0,0.00,1,0,0,0,-1.0000,0.0,0,0.000,0.000,0.000,0.0,0.0,0.0,0,27979.6831,14243.0320
9.983,983,982,Running,0,0.00,1,0,0,0,-1.0000,0.0,0,0.000,0.000,0.000,0.0,0.0,0.0,0,27576.0737,12049.7235
10.000,983,983,Running,0,0.00,1,0,0,0,-1.0000,0.0,0,0.000,0.000,0.000,0.0,0.0,0.0,0,23948.2323,13223.1009
10.016,983,983,Running,0,0.00,1,0,0,0,-1.0000,0.0,0,0.000,0.000,0.000,0.0,0.0,0.0,0,22800.1651,12035.8879
10.033,982,982,Running,0,0.00,1,0,0,0,-1.0000,0.0,0,0.000,0.000,0.000,0.0,0.0,0.0,0,23693.7012,12831.5804
10.050,982,979,Running,0,0.00,1,0,0,0,-1.0000,0.0,0,0.000,0.000,0.000,0.0,0.0,0.0,0,22484.0993,12831.5804
10.066,981,978,Running,0,0.00,1,0,0,0,-1.0000,0.0,0,0.000,0.000,0.000,0.0,0.0,0.0,0,19056.4963,11698.9005
10.083,981,979,Running,0,0.00,1,0,0,0,-1.0000,0.0,0,0.000,0.000,0.000,0.0,0.0,0.0,0,21508.4293,12562.3438
10.100,981,979,Running,0,0.00,1,0,0,0,-1.0000,0.0,0,0.000,0.000,0.000,0.0,0.0,0.0,0,24445.4384,10361.5875
10.116,980,977,Running,0,0.00,1,0,0,0,-1.0000,0.0,0,0.000,0.000,0.000,0.0,0.0,0.0,0,24022.8601,14114.9571
10.133,980,978,Running,0,0.00,1,0,0,0,-1.0000,0.0,0,0.000,0.000,0.000,0.0,0.0,0.0,0,24993.5394,11086.5021
10.150,980,981,Running,0,0.00,1,0,0,0,-1.0000,0.0,0,0.000,0.000,0.000,0.0,0.0,0.0,0,29542.1744,14239.7001
10.166,980,983,Running,0,0.00,1,0,0,0,-1.0000,0.0,0,0.000,0.000,0.000,0.0,0.0,0.0,0,30146.8031,14239.7001
10.183,981,985,Running,0,0.00,1,0,0,0,-1.0000,0.0,0,0.000,0.000,0.000,0.0,0.0,0.0,0,25229.0854,13461.1942
10.200,981,983,Running,0,0.00,1,0,0,0,-1.0000,0.0,0,0.000,0.000,0.000,0.0,0.0,0.0,0,22635.4170,13554.8088
10.216,981,982,Running,0,0.00,1,0,0,0,-1.0000,0.0,0,0.000,0.000,0.000,0.0,0.0,0.0,0,20690.5829,13486.2409
10.233,981,981,Running,0,0.00,1,0,0,0,-1.0000,0.0,0,0.000,0.000,0.000,0.0,0.0,0.0,0,24333.1445,13301.6702
10.250,981,981,Running,0,0.00,1,0,0,0,-1.0000,0.0,0,0.000,0.000,0.000,0.0,0.0,0.0,0,20417.9255,10435.0342
10.266,981,981,Running,0,0.00,1,0,0,0,-1.0000,0.0,0,0.000,0.000,0.000,0.0,0.0,0.0,0,22412.0666,13586.6035
10.283,981,981,Running,0,0.00,1,0,0,0,-1.0000,0.0,0,0.000,0.000,0.000,0.0,0.0,0.0,0,23074.1467,11121.7321
10.300,981,983,Running,0,0.00,1,0,0,0,-1.0000,0.0,0,0.000,0.000,0.000,0.0,0.0,0.0,0,25036.9088,14530.6010
10.316,982,981,Running,0,0.00,1,0,0,0,-1.0000,0.0,0,0.000,0.000,0.000,0.0,0.0,0.0,0,28645.2356,14530.6010
10.333,982,981,Running,0,0.00,1,0,0,0,-1.0000,0.0,0,0.000,0.000,0.000,0.0,0.0,0.0,0,26903.9937,12624.6775
10.350,982,983,Running,0,0.00,1,0,0,0,-1.0000,0.0,0,0.000,0.000,0.000,0.0,0.0,0.0,0,27125.2418,12441.9724
10.366,982,985,Running,0,0.00,1,0,0,0,-1.0000,0.0,0,0.000,0.000,0.000,0.0,0.0,0.0,0,24933.0608,12795.2896
10.383,982,986,Running,0,0.00,1,0,0,0,-1.0000,0.0,0,0.000,0.000,0.000,0.0,0.0,0.0,0,25231.9279,12965.9522
10.400,983,985,Running,0,0.00,1,0,0,0,-1.0000,0.0,0,0.000,0.000,0.000,0.0,0.0,0.0,0,24010.2505,13781.7163
10.416,983,984,Running,0,0.00,1,0,0,0,-1.0000,0.0,0,0.000,0.000,0.000,0.0,0.0,0.0,0,20678.1529,12926.3063
10.433,983,985,Running,0,0.00,1,0,0,0,-1.0000,0.0,0,0.000,0.000,0.000,0.0,0.0,0.0,0,20667.2670,12926.3063
10.450,983,983,Running,0,0.00,1,0,0,0,-1.0000,0.0,0,0.000,0.000,0.000,0.0,0.0,0.0,0,24111.3399,12381.6326
10.466,984,984,Running,0,0.00,1,0,0,0,-1.0000,0.0,0,0.000,0.000,0.000,0.0,0.0,0.0,0,22022.1063,11923.4804
10.483,984,984,Running,0,0.00,1,0,0,0,-1.0000,0.0,0,0.000,0.000,0.000,0.0,0.0,0.0,0,27561.0675,16977.8136
10.500,984,986,Running,0,0.00,1,0,0,0,-1.0000,0.0,0,0.000,0.000,0.000,0.0,0.0,0.0,0,28183.8884,10836.9739
10.516,984,985,Running,0,0.00,1,0,0,0,-1.0000,0.0,0,0.000,0.000,0.000,0.0,0.0,0.0,0,28776.3426,15360.7076
10.533,984,987,Running,0,0.00,1,0,0,0,-1.0000,0.0,0,0.000,0.000,0.000,0.0,0.0,0.0,0,25484.4972,11679.9836
10.550,985,986,Running,0,0.00,1,0,0,0,-1.0000,0.0,0,0.000,0.000,0.000,0.0,0.0,0.0,0,22578.2545,13754.4314
10.566,985,985,Running,0,0.00,1,0,0,0,-1.0000,0.0,0,0.000,0.000,0.000,0.0,0.0,0.0,0,24084.5668,11611.6841
10.583,984,982,Running,0,0.00,1,0,0,0,-1.0000,0.0,0,0.000,0.000,0.000,0.0,0.0,0.0,0,21463.4184,13579.3807
10.600,984,982,Running,0,0.00,1,0,0,0,-1.0000,0.0,0,0.000,0.000,0.000,0.0,0.0,0.0,0,19078.7507,13086.4798
10.616,984,979,Running,0,0.00,1,0,0,0,-1.0000,0.0,0,0.000,0.000,0.000,0.0,0.0,0.0,0,23320.7744,11692.4158
10.633,983,978,Running,0,0.00,1,0,0,0,-1.0000,0.0,0,0.000,0.000,0.000,0.0,0.0,0.0,0,20047.8321,13099.5922
10.649,982,980,Running,0,0.00,1,0,0,0,-1.0000,0.0,0,0.000,0.000,0.000,0.0,0.0,0.0,0,24582.5452,12433.8131
10.666,982,982,Running,0,0.00,1,0,0,0,-1.0000,0.0,0,0.000,0.000,0.000,0.0,0.0,0.0,0,29486.9524,10494.2665
10.683,982,983,Running,0,0.00,1,0,0,0,-1.0000,0.0,0,0.000,0.000,0.000,0.0,0.0,0.0,0,29851.8387,10764.0967
10.700,983,984,Running,0,0.00,1,0,0,0,-1.0000,0.0,0,0.000,0.000,0.000,0.0,0.0,0.0,0,27863.8170,14636.9121
10.716,983,982,Running,0,0.00,1,0,0,0,-1.0000,0.0,0,0.000,0.000,0.000,0.0,0.0,0.0,0,20388.5200,11532.9948
10.733,982,982,Running,0,0.00,1,0,0,0,-1.0000,0.0,0,0.000,0.000,0.000,0.0,0.0,0.0,0,21710.7835,14000.0731
10.750,982,983,Running,0,0.00,1,0,0,0,-1.0000,0.0,0,0.000,0.000,0.000,0.0,0.0,0.0,0,26563.1770,10826.6439
10.766,982,983,Running,0,0.00,1,0,0,0,-1.0000,0.0,0,0.000,0.000,0.000,0.0,0.0,0.0,0,23123.8124,12318.9420
10.783,982,982,Running,0,0.00,1,0,0,0,-1.0000,0.0,0,0.000,0.000,0.000,0.0,0.0,0.0,0,21173.8596,9122.7903
10.800,982,981,Running,0,0.00,1,0,0,0,-1.0000,0.0,0,0.000,0.000,0.000,0.0,0.0,0.0,0,21536.7252,13672.0205
10.816,982,983,Running,0,0.00,1,0,0,0,-1.0000,0.0,0,0.000,0.000,0.000,0.0,0.0,0.0,0,22821.3888,13672.0205
10.833,982,982,Running,0,0.00,1,0,0,0,-1.0000,0.0,0,0.000,0.000,0.000,0.0,0.0,0.0,0,27377.3211,12093.9892
10.850,982,982,Running,0,0.00,1,0,0,0,-1.0000,0.0,0,0.000,0.000,0.000,0.0,0.0,0.0,0,26472.0939,13038.9496
10.866,982,983,Running,1,0.00,1,0,0,0,-1.0000,0.0,0,0.000,0.000,0.000,0.0,0.0,0.0,0,29147.7791,13538.9837
10.883,983,983,Running,1,0.00,1,0,0,0,-1.0000,0.0,0,0.000,0.000,0.000,0.0,0.0,0.0,0,25402.3369,12633.3028
10.900,982,981,Running,1,0.00,1,0,0,0,-1.0000,0.0,0,0.000,0.000,0.000,0.0,0.0,0.0,0,21296.5313,10430.2769
10.916,982,980,Running,1,0.00,1,0,0,0,-1.0000,0.0,0,0.000,0.000,0.000,0.0,0.0,0.0,0,22932.2933,13324.6882
10.933,981,979,Running,1,0.00,1,0,0,0,-1.0000,0.0,0,0.000,0.000,0.000,0.0,0.0,0.0,0,22658.6141,10333.4689
10.950,981,976,Running,1,0.00,1,0,0,0,-1.0000,0.0,0,0.000,0.000,0.000,0.0,0.0,0.0,0,22480.7399,12369.5773
10.966,980,974,Running,1,0.00,1,0,0,0,-1.0000,0.0,0,0.000,0.000,0.000,0.0,0.0,0.0,0,19005.2068,12369.5773
10.983,979,972,Running,1,0.00,1,0,0,0,-1.0000,0.0,0,0.000,0.000,0.000,0.0,0.0,0.0,0,20593.3098,11472.5264
11.000,978,969,Running,1,0.00,1,0,0,0,-1.0000,0.0,0,0.000,0.000,0.000,0.0,0.0,0.0,0,21832.1640,13614.0969
11.016,977,971,Running,1,0.00,1,0,0,0,-1.0000,0.0,0,0.000,0.000,0.000,0.0,0.0,0.0,0,22890.7885,12130.5297
11.033,976,974,Running,1,0.00,1,0,0,0,-1.0000,0.0,0,0.000,0.000,0.000,0.0,0.0,0.0,0,28946.3986,12101.8138
11.050,976,976,Running,1,0.00,1,0,0,0,-1.0000,0.0,0,0.000,0.000,0.000,0.0,0.0,0.0,0,30299.0958,9926.8308
11.066,976,975,Running,1,0.00,1,0,0,0,-1.0000,0.0,0,0.000,0.000,0.000,0.0,0.0,0.0,0,25936.8504,12933.1667
11.083,976,973,Running,1,0.00,1,0,0,0,-1.0000,0.0,0,0.000,0.000,0.000,0.0,0.0,0.0,0,21530.9097,13380.0402
11.100,975,973,Running,1,0.00,1,0,0,0,-1.0000,0.0,0,0.000,0.000,0.000,0.0,0.0,0.0,0,22468.5373,13774.0000
11.116,975,973,Running,1,0.00,1,0,0,0,-1.0000,0.0,0,0.000,0.000,0.000,0.0,0.0,0.0,0,24896.1303,11581.0512
11.133,974,974,Running,1,0.00,1,0,0,0,-1.0000,0.0,0,0.000,0.000,0.000,0.0,0.0,0.0,0,23000.6321,9807.5103
11.150,974,974,Running,1,0.00,1,0,0,0,-1.0000,0.0,0,0.000,0.000,0.000,0.0,0.0,0.0,0,24994.7852,13467.3031
11.166,974,975,Running,1,0.00,1,0,0,0,-1.0000,0.0,0,0.000,0.000,0.000,0.0,0.0,0.0,0,19915.2457,11647.8335
11.183,975,975,Running,9,0.00,1,0,0,0,-1.0000,0.0,0,0.000,0.000,0.000,0.0,0.0,0.0,0,22610.7573,13957.2944
11.200,975,975,Running,9,0.00,1,0,0,0,-1.0000,0.0,0,0.000,0.000,0.000,0.0,0.0,0.0,0,23955.8765,13957.2944
11.216,975,973,Running,9,0.00,1,0,0,0,-1.0000,0.0,0,0.000,0.000,0.000,0.0,0.0,0.0,0,25182.7011,14657.5646
11.233,975,974,Running,9,0.00,1,0,0,0,-1.0000,0.0,0,0.000,0.000,0.000,0.0,0.0,0.0,0,26030.2316,11442.0650
11.250,975,979,Running,9,0.00,1,0,0,0,-1.0000,0.0,0,0.000,0.000,0.000,0.0,0.0,0.0,0,30582.8891,14057.0832
11.266,976,988,Running,9,0.00,1,0,0,0,-1.0000,0.0,0,0.000,0.000,0.000,0.0,0.0,0.0,0,37548.8673,10509.2392
11.283,979,997,Running,9,0.00,1,0,0,0,-1.0000,0.0,0,0.000,0.000,0.000,0.0,0.0,0.0,0,35572.1887,10871.3550
11.300,982,1004,Running,7,0.00,1,0,0,0,-1.0000,0.0,0,0.000,0.000,0.000,0.0,0.0,0.0,0,30726.0273,20484.9337
11.316,986,1014,Running,6,0.00,1,0,0,0,-1.0000,0.0,0,0.000,0.000,0.000,0.0,0.0,0.0,0,33743.6198,21205.6907
11.333,991,1024,Running,6,0.00,1,0,0,0,-1.0000,0.0,0,0.000,0.000,0.000,0.0,0.0,0.0,0,33189.7481,22765.3706
11.350,997,1036,Running,6,0.00,1,0,0,0,-1.0000,0.0,0,0.000,0.000,0.000,0.0,0.0,0.0,0,34256.6223,19332.2750
11.366,1005,1052,Running,6,0.00,1,0,0,0,-1.0000,0.0,0,0.000,0.000,0.000,0.0,0.0,0.0,0,42556.1740,23261.0138
11.383,1013,1064,Running,6,0.00,1,0,0,0,-1.0000,0.0,0,0.000,0.000,0.000,0.0,0.0,0.0,0,53968.4426,23986.6546
11.400,1022,1080,Running,6,0.00,1,0,0,0,-1.0000,0.0,0,0.000,0.000,0.000,0.0,0.0,0.0,0,51931.0071,22855.9972
11.416,1032,1093,Running,6,0.00,1,0,0,0,-1.0000,0.0,0,0.000,0.000,0.000,0.0,0.0,0.0,0,40777.3469,21788.4472
11.433,1042,1103,Running,6,0.00,1,0,0,0,-1.0000,0.0,0,0.000,0.000,0.000,0.0,0.0,0.0,0,33277.8613,21389.5042
11.450,1053,1119,Running,6,0.00,1,0,0,0,-1.0000,0.0,0,0.000,0.000,0.000,0.0,0.0,0.0,0,46610.7631,21784.8066
11.466,1064,1132,Running,6,0.00,1,0,0,0,-1.0000,0.0,0,0.000,0.000,0.000,0.0,0.0,0.0,0,65748.5643,19816.0719
11.483,1076,1147,Running,0,0.00,1,0,0,0,-1.0000,0.0,0,0.000,0.000,0.000,0.0,0.0,0.0,0,44215.1039,23005.5295
11.500,1088,1161,Running,0,0.00,1,0,0,0,-1.0000,0.0,0,0.000,0.000,0.000,0.0,0.0,0.0,0,39294.3104,20250.1717
11.516,1100,1178,Running,0,0.00,1,0,0,0,-1.0000,0.0,0,0.000,0.000,0.000,0.0,0.0,0.0,0,56448.2965,21604.9635
11.533,1113,1191,Running,0,0.00,1,0,0,0,-1.0000,0.0,0,0.000,0.000,0.000,0.0,0.0,0.0,0,62315.9244,21836.5680
11.550,1126,1203,Running,0,0.00,1,0,0,0,-1.0000,0.0,0,0.000,0.000,0.000,0.0,0.0,0.0,0,36417.9817,16117.6230
11.566,1139,1217,Running,0,0.00,1,0,0,0,-1.0000,0.0,0,0.000,0.000,0.000,0.0,0.0,0.0,0,56751.6037,20207.9872
11.583,1152,1226,Running,0,0.00,1,0,0,0,-1.0000,0.0,0,0.000,0.000,0.000,0.0,0.0,0.0,0,56213.0252,20207.9872
11.597,1164,1237,Running,0,0.00,1,0,0,0,-1.0000,0.0,0,0.000,0.000,0.000,0.0,0.0,0.0,0,36821.5572,21532.1065
11.616,1176,1245,Running,0,0.00,1,0,0,0,-1.0000,0.0,0,0.000,0.000,0.000,0.0,0.0,0.0,0,65545.0303,16775.2090
11.633,1187,1251,Running,0,0.00,1,0,0,0,-1.0000,0.0,0,0.000,0.000,0.000,0.0,0.0,0.0,0,38796.8532,21352.5598
11.650,1198,1260,Running,0,0.00,1,0,0,0,-1.0000,0.0,0,0.000,0.000,0.000,0.0,0.0,0.0,0,41905.9458,17459.4689
11.666,1208,1267,Running,0,0.00,1,0,0,0,-1.0000,0.0,0,0.000,0.000,0.000,0.0,0.0,0.0,0,60508.4969,18559.8098
11.683,1217,1272,Running,0,0.00,1,0,0,0,-1.0000,0.0,0,0.000,0.000,0.000,0.0,0.0,0.0,0,31223.0953,20813.4073
11.700,1226,1278,Running,0,0.00,1,0,0,0,-1.0000,0.0,0,0.000,0.000,0.000,0.0,0.0,0.0,0,61294.7075,21610.4617
11.716,1234,1282,Running,0,0.00,1,0,0,0,-1.0000,0.0,0,0.000,0.000,0.000,0.0,0.0,0.0,0,32344.9590,18800.0549
11.733,1242,1286,Running,0,0.00,1,0,0,0,-1.0000,0.0,0,0.000,0.000,0.000,0.0,0.0,0.0,0,49687.1557,17177.8200
11.750,1249,1289,Running,0,0.00,1,0,0,0,-1.0000,0.0,0,0.000,0.000,0.000,0.0,0.0,0.0,0,42488.4802,18586.0158
11.766,1255,1292,Running,0,0.00,1,0,0,0,-1.0000,0.0,0,0.000,0.000,0.000,0.0,0.0,0.0,0,36345.0152,20024.9026
11.783,1261,1294,Running,0,0.00,1,0,0,0,-1.0000,0.0,0,0.000,0.000,0.000,0.0,0.0,0.0,0,50196.0961,17786.7031
11.800,1266,1293,Running,0,0.00,1,0,0,0,-1.0000,0.0,0,0.000,0.000,0.000,0.0,0.0,0.0,0,29423.4338,19772.7628
11.816,1270,1294,Running,0,0.00,1,0,0,0,-1.0000,0.0,0,0.000,0.000,0.000,0.0,0.0,0.0,0,49740.4833,19833.5496
11.833,1274,1293,Running,0,0.00,1,0,0,0,-1.0000,0.0,0,0.000,0.000,0.000,0.0,0.0,0.0,0,27395.9835,16039.2470
11.850,1277,1293,Running,0,0.00,1,0,0,0,-1.0000,0.0,0,0.000,0.000,0.000,0.0,0.0,0.0,0,47576.6925,16039.2470
11.866,1279,1290,Running,0,0.00,1,0,0,0,-1.0000,0.0,0,0.000,0.000,0.000,0.0,0.0,0.0,0,29999.7999,17705.4921
11.883,1281,1288,Running,0,0.00,1,0,0,0,-1.0000,0.0,0,0.000,0.000,0.000,0.0,0.0,0.0,0,35907.4120,13646.8787
11.900,1282,1288,Running,0,0.00,1,0,0,0,-1.0000,0.0,0,0.000,0.000,0.000,0.0,0.0,0.0,0,37553.2387,14465.8151
11.916,1282,1284,Running,0,0.00,1,0,0,0,-1.0000,0.0,0,0.000,0.000,0.000,0.0,0.0,0.0,0,28177.1632,14455.5297
11.933,1283,1283,Running,0,0.00,1,0,0,0,-1.0000,0.0,0,0.000,0.000,0.000,0.0,0.0,0.0,0,39554.6778,14367.8834
11.950,1282,1278,Running,0,0.00,1,0,0,0,-1.0000,0.0,0,0.000,0.000,0.000,0.0,0.0,0.0,0,26264.9817,14912.4161
11.966,1282,1276,Running,0,0.00,1,0,0,0,-1.0000,0.0,0,0.000,0.000,0.000,0.0,0.0,0.0,0,41789.4435,14912.4161
11.983,1280,1273,Running,0,0.00,1,0,0,0,-1.0000,0.0,0,0.000,0.000,0.000,0.0,0.0,0.0,0,24641.6141,15448.2826
12.000,1279,1270,Running,0,0.00,1,0,0,0,-1.0000,0.0,0,0.000,0.000,0.000,0.0,0.0,0.0,0,34928.5290,12964.6867
12.016,1278,1269,Running,0,0.00,1,0,0,0,-1.0000,0.0,0,0.000,0.000,0.000,0.0,0.0,0.0,0,34687.9960,14550.5714
12.033,1276,1263,Running,0,0.00,1,0,0,0,-1.0000,0.0,0,0.000,0.000,0.000,0.0,0.0,0.0,0,24108.0168,14465.7502
12.050,1274,1262,Running,0,0.00,1,0,0,0,-1.0000,0.0,0,0.000,0.000,0.000,0.0,0.0,0.0,0,38631.0909,15490.6566
12.066,1272,1257,Running,0,0.00,1,0,0,0,-1.0000,0.0,0,0.000,0.000,0.000,0.0,0.0,0.0,0,23717.9936,13712.6540
12.083,1269,1252,Running,0,0.00,1,0,0,0,-1.0000,0.0,0,0.000,0.000,0.000,0.0,0.0,0.0,0,34037.7639,12687.7682
12.100,1266,1247,Running,0,0.00,1,0,0,0,-1.0000,0.0,0,0.000,0.000,0.000,0.0,0.0,0.0,0,26677.9426,14278.9641
12.116,1263,1242,Running,0,0.00,1,0,0,0,-1.0000,0.0,0,0.000,0.000,0.000,0.0,0.0,0.0,0,21374.4863,13486.5697
12.133,1259,1239,Running,0,0.00,1,0,0,0,-1.0000,0.0,0,0.000,0.000,0.000,0.0,0.0,0.0,0,37248.4985,14060.2038
12.150,1256,1233,Running,0,0.00,1,0,0,0,-1.0000,0.0,0,0.000,0.000,0.000,0.0,0.0,0.0,0,23519.2310,14741.8446
12.166,1252,1228,Running,0,0.00,1,0,0,0,-1.0000,0.0,0,0.000,0.000,0.000,0.0,0.0,0.0,0,25407.3636,13590.1726
12.183,1248,1224,Running,0,0.00,1,0,0,0,-1.0000,0.0,0,0.000,0.000,0.000,0.0,0.0,0.0,0,29731.3477,14955.5999
12.200,1244,1218,Running,0,0.00,1,0,0,0,-1.0000,0.0,0,0.000,0.000,0.000,0.0,0.0,0.0,0,23060.6948,12045.8529
12.216,1239,1213,Running,0,0.00,1,0,0,0,-1.0000,0.0,0,0.000,0.000,0.000,0.0,0.0,0.0,0,30863.6145,14475.6140
12.233,1235,1208,Running,0,0.00,1,0,0,0,-1.0000,0.0,0,0.000,0.000,0.000,0.0,0.0,0.0,0,25141.5982,14475.6140
12.250,1230,1200,Running,0,0.00,1,0,0,0,-1.0000,0.0,0,0.000,0.000,0.000,0.0,0.0,0.0,0,19476.1806,13633.1788
12.266,1225,1197,Running,0,0.00,1,0,0,0,-1.0000,0.0,0,0.000,0.000,0.000,0.0,0.0,0.0,0,31035.0333,14053.0967
12.283,1220,1193,Running,0,0.00,1,0,0,0,-1.0000,0.0,0,0.000,0.000,0.000,0.0,0.0,0.0,0,25577.1759,14230.7523
12.300,1216,1187,Running,0,0.00,1,0,0,0,-1.0000,0.0,0,0.000,0.000,0.000,0.0,0.0,0.0,0,20048.0070,14209.7507
12.316,1211,1183,Running,0,0.00,1,0,0,0,-1.0000,0.0,0,0.000,0.000,0.000,0.0,0.0,0.0,0,31238.6563,14457.4910
12.333,1206,1179,Running,0,0.00,1,0,0,0,-1.0000,0.0,0,0.000,0.000,0.000,0.0,0.0,0.0,0,26297.4877,14422.2229
12.350,1202,1173,Running,0,0.00,1,0,0,0,-1.0000,0.0,0,0.000,0.000,0.000,0.0,0.0,0.0,0,18869.9722,12151.1996
12.366,1197,1168,Running,0,0.00,1,0,0,0,-1.0000,0.0,0,0.000,0.000,0.000,0.0,0.0,0.0,0,27168.7654,13810.8321
12.383,1192,1163,Running,0,0.00,1,0,0,0,-1.0000,0.0,0,0.000,0.000,0.000,0.0,0.0,0.0,0,26445.5028,13810.8321
12.400,1187,1157,Running,0,0.00,1,0,0,0,-1.0000,0.0,0,0.000,0.000,0.000,0.0,0.0,0.0,0,21976.0801,13949.7594
12.416,1182,1152,Running,0,0.00,1,0,0,0,-1.0000,0.0,0,0.000,0.000,0.000,0.0,0.0,0.0,0,19410.8082,12387.0787
12.433,1177,1149,Running,0,0.00,1,0,0,0,-1.0000,0.0,0,0.000,0.000,0.000,0.0,0.0,0.0,0,32932.4181,13553.6648
12.450,1173,1146,Running,0,0.00,1,0,0,0,-1.0000,0.0,0,0.000,0.000,0.000,0.0,0.0,0.0,0,21925.4519,14177.0085
12.466,1168,1141,Running,0,0.00,1,0,0,0,-1.0000,0.0,0,0.000,0.000,0.000,0.0,0.0,0.0,0,20513.8045,11764.8903
12.483,1164,1136,Running,0,0.00,1,0,0,0,-1.0000,0.0,0,0.000,0.000,0.000,0.0,0.0,0.0,0,24737.2007,13762.9379
12.500,1159,1133,Running,0,0.00,1,0,0,0,-1.0000,0.0,0,0.000,0.000,0.000,0.0,0.0,0.0,0,29790.6432,12575.1993
12.516,1155,1128,Running,0,0.00,1,0,0,0,-1.0000,0.0,0,0.000,0.000,0.000,0.0,0.0,0.0,0,19676.8038,13156.7112
12.533,1150,1121,Running,0,0.00,1,0,0,0,-1.0000,0.0,0,0.000,0.000,0.000,0.0,0.0,0.0,0,19039.8233,13424.0059
12.550,1145,1117,Running,0,0.00,1,0,0,0,-1.0000,0.0,0,0.000,0.000,0.000,0.0,0.0,0.0,0,24375.2840,13778.6250
12.566,1141,1112,Running,0,0.00,1,0,0,0,-1.0000,0.0,0,0.000,0.000,0.000,0.0,0.0,0.0,0,26143.4088,12631.0116
12.583,1136,1108,Running,0,0.00,1,0,0,0,-1.0000,0.0,0,0.000,0.000,0.000,0.0,0.0,0.0,0,22794.4033,9600.7691
12.600,1131,1101,Running,0,0.00,1,0,0,0,-1.0000,0.0,0,0.000,0.000,0.000,0.0,0.0,0.0,0,17844.3434,13251.3550
12.611,1126,1097,Running,0,0.00,1,0,0,0,-1.0000,0.0,0,0.000,0.000,0.000,0.0,0.0,0.0,0,19902.7062,13251.3550
12.633,1122,1095,Running,0,0.00,1,0,0,0,-1.0000,0.0,0,0.000,0.000,0.000,0.0,0.0,0.0,0,31363.3212,13291.7441
12.650,1117,1091,Running,0,0.00,1,0,0,0,-1.0000,0.0,0,0.000,0.000,0.000,0.0,0.0,0.0,0,21842.1494,12176.3998
12.666,1113,1086,Running,0,0.00,1,0,0,0,-1.0000,0.0,0,0.000,0.000,0.000,0.0,0.0,0.0,0,19890.9762,15182.6957
12.683,1108,1080,Running,0,0.00,1,0,0,0,-1.0000,0.0,0,0.000,0.000,0.000,0.0,0.0,0.0,0,17558.2557,12062.9667
12.700,1104,1077,Running,0,0.00,1,0,0,0,-1.0000,0.0,0,0.000,0.000,0.000,0.0,0.0,0.0,0,23633.3391,12639.9107
12.716,1099,1074,Running,0,0.00,1,0,0,0,-1.0000,0.0,0,0.000,0.000,0.000,0.0,0.0,0.0,0,29190.4626,13165.7673
12.733,1095,1068,Running,0,0.00,1,0,0,0,-1.0000,0.0,0,0.000,0.000,0.000,0.0,0.0,0.0,0,18156.7642,11382.6204
12.750,1090,1062,Running,0,0.00,1,0,0,0,-1.0000,0.0,0,0.000,0.000,0.000,0.0,0.0,0.0,0,19100.1338,13527.4431
12.766,1085,1056,Running,0,0.00,1,0,0,0,-1.0000,0.0,0,0.000,0.000,0.000,0.0,0.0,0.0,0,17081.8305,12041.5201
12.783,1081,1051,Running,0,0.00,1,0,0,0,-1.0000,0.0,0,0.000,0.000,0.000,0.0,0.0,0.0,0,20768.6804,12142.7330
12.800,1076,1048,Running,0,0.00,1,0,0,0,-1.0000,0.0,0,0.000,0.000,0.000,0.0,0.0,0.0,0,26711.6990,12824.6554
12.816,1071,1044,Running,0,0.00,1,0,0,0,-1.0000,0.0,0,0.000,0.000,0.000,0.0,0.0,0.0,0,22109.4350,13360.9422
12.833,1067,1041,Running,0,0.00,1,0,0,0,-1.0000,0.0,0,0.000,0.000,0.000,0.0,0.0,0.0,0,19852.4543,12510.5802
12.850,1062,1037,Running,0,0.00,1,0,0,0,-1.0000,0.0,0,0.000,0.000,0.000,0.0,0.0,0.0,0,22562.9989,10962.2620
12.866,1058,1032,Running,0,0.00,1,0,0,0,-1.0000,0.0,0,0.000,0.000,0.000,0.0,0.0,0.0,0,15088.4014,13105.8325
12.883,1054,1026,Running,0,0.00,1,0,0,0,-1.0000,0.0,0,0.000,0.000,0.000,0.0,0.0,0.0,0,19959.0029,14173.6835
12.900,1049,1024,Running,0,0.00,1,0,0,0,-1.0000,0.0,0,0.000,0.000,0.000,0.0,0.0,0.0,0,22733.5231,12934.7739
12.916,1045,1023,Running,0,0.00,1,0,0,0,-1.0000,0.0,0,0.000,0.000,0.000,0.0,0.0,0.0,0,27970.9564,12754.9492
12.933,1041,1018,Running,0,0.00,1,0,0,0,-1.0000,0.0,0,0.000,0.000,0.000,0.0,0.0,0.0,0,19049.6069,11780.0297
12.950,1037,1015,Running,0,0.00,1,0,0,0,-1.0000,0.0,0,0.000,0.000,0.000,0.0,0.0,0.0,0,18871.0338,12845.4709
12.966,1034,1013,Running,0,0.00,1,0,0,0,-1.0000,0.0,0,0.000,0.000,0.000,0.0,0.0,0.0,0,22801.6131,11301.4923
12.983,1030,1008,Running,0,0.00,1,0,0,0,-1.0000,0.0,0,0.000,0.000,0.000,0.0,0.0,0.0,0,19389.0591,12616.2997
13.000,1027,1005,Running,0,0.00,1,0,0,0,-1.0000,0.0,0,0.000,0.000,0.000,0.0,0.0,0.0,0,16588.5709,12160.6415
13.016,1023,1003,Running,0,0.00,1,0,0,0,-1.0000,0.0,0,0.000,0.000,0.000,0.0,0.0,0.0,0,21569.0305,13021.4988
13.033,1020,1001,Running,0,0.00,1,0,0,0,-1.0000,0.0,0,0.000,0.000,0.000,0.0,0.0,0.0,0,25409.5499,13021.4988
13.050,1017,998,Running,0,0.00,1,0,0,0,-1.0000,0.0,0,0.000,0.000,0.000,0.0,0.0,0.0,0,24738.6837,10938.0803
13.066,1014,995,Running,0,0.00,1,0,0,0,-1.0000,0.0,0,0.000,0.000,0.000,0.0,0.0,0.0,0,20001.7180,13108.8744
13.083,1011,993,Running,0,0.00,1,0,0,0,-1.0000,0.0,0,0.000,0.000,0.000,0.0,0.0,0.0,0,21035.3766,11700.6644
13.100,1007,989,Running,5,0.00,1,0,0,0,-1.0000,0.0,0,0.000,0.000,0.000,0.0,0.0,0.0,0,20169.7246,13014.2671
13.116,1004,985,Running,5,0.00,1,0,0,0,-1.0000,0.0,0,0.000,0.000,0.000,0.0,0.0,0.0,0,18498.5857,9657.7688
13.133,1001,980,Running,6,0.00,1,0,0,0,-1.0000,0.0,0,0.000,0.320,0.000,0.0,0.0,0.0,0,19183.8890,12504.4440
13.150,997,978,Running,6,0.00,1,0,0,0,-1.0000,0.0,0,0.000,0.320,0.000,0.0,0.0,0.0,0,15954.8131,12504.4440
13.166,994,976,Running,6,0.00,1,0,0,0,-1.0000,0.0,0,0.000,0.320,0.000,0.0,0.0,0.0,0,21256.2768,11446.4207
13.183,992,975,Running,6,0.00,1,0,0,0,-1.0000,0.0,0,0.000,0.320,0.000,0.0,0.0,0.0,0,22703.6900,11578.5654
13.200,989,977,Running,6,0.00,1,0,0,0,-1.0000,0.0,0,0.000,0.320,0.000,0.0,0.0,0.0,0,25173.5399,11587.9105
13.216,988,981,Running,6,0.00,1,0,0,0,-1.0000,0.0,0,0.000,0.320,0.000,0.0,0.0,0.0,0,29259.2671,12852.7950
13.233,987,984,Running,6,0.00,1,0,0,0,-1.0000,0.0,0,0.000,0.320,0.000,0.0,0.0,0.0,0,32220.5906,11005.5816
13.250,987,987,Running,6,0.00,1,0,0,0,-1.0000,0.0,0,0.000,0.320,0.000,0.0,0.0,0.0,0,27051.8410,12983.8052
13.266,987,991,Running,6,0.00,1,0,0,0,-1.0000,0.0,0,0.000,0.320,0.000,0.0,0.0,0.0,0,27715.8552,12983.8052
13.283,988,995,Running,6,0.00,1,0,0,0,-1.0000,0.0,0,0.000,0.320,0.000,0.0,0.0,0.0,0,26729.4619,14565.3735
13.300,989,1001,Running,6,0.00,1,0,0,0,-1.0000,0.0,0,0.000,0.320,0.000,0.0,0.0,0.0,0,29676.2949,12381.8587
13.316,991,1007,Running,7,0.00,1,0,0,0,-1.0000,0.0,0,0.000,0.320,0.000,0.0,0.0,0.0,0,27459.1109,15161.3183
13.333,994,1013,Running,7,0.00,1,0,0,0,-1.0000,0.0,0,0.000,0.320,0.000,0.0,0.0,0.0,0,28465.2577,19977.0681
13.350,998,1023,Running,7,0.00,1,0,0,0,-1.0000,0.0,0,0.000,0.320,0.000,0.0,0.0,0.0,0,33229.0131,16616.0204
13.366,1003,1033,Running,7,0.00,1,0,0,0,-1.0000,0.0,0,0.000,0.320,0.000,0.0,0.0,0.0,0,41577.3258,21447.4734
13.383,1008,1042,Running,7,0.00,1,0,0,0,-1.0000,0.0,0,0.000,0.320,0.000,0.0,0.0,0.0,0,47385.5817,19819.1051
13.400,1014,1051,Running,7,0.00,1,0,0,0,-1.0000,0.0,0,0.000,0.320,0.000,0.0,0.0,0.0,0,34998.3524,23541.9868
13.416,1020,1061,Running,7,0.00,1,0,0,0,-1.0000,0.0,0,0.000,0.320,0.000,0.0,0.0,0.0,0,33089.8845,23541.9868
13.433,1027,1073,Running,7,0.00,1,0,0,0,-1.0000,0.0,0,0.000,0.320,0.000,0.0,0.0,0.0,0,33736.0397,21144.4015
13.450,1036,1087,Running,7,0.00,1,0,0,0,-1.0000,0.0,0,0.000,0.320,0.000,0.0,0.0,0.0,0,42032.6015,23539.4599
13.466,1044,1099,Running,7,0.00,1,0,0,0,-1.0000,0.0,0,0.000,0.320,0.000,0.0,0.0,0.0,0,55089.1929,22199.2674
13.483,1054,1109,Running,7,0.00,1,0,0,0,-1.0000,0.0,0,0.000,0.320,0.000,0.0,0.0,0.0,0,45762.8799,22539.3231
13.500,1063,1120,Running,7,0.00,1,0,0,0,-1.0000,0.0,0,0.000,0.320,0.000,0.0,0.0,0.0,0,35483.3299,22138.0757
13.516,1073,1135,Running,11,0.00,1,0,0,0,-1.0000,0.0,0,0.000,0.320,0.000,0.0,0.0,0.0,0,40432.3433,20034.2174
13.533,1084,1151,Running,11,0.00,1,0,0,0,-1.0000,0.0,0,0.000,0.320,0.000,0.0,0.0,0.0,0,61056.0421,19003.5289
13.550,1095,1162,Running,11,0.00,1,0,0,0,-1.0000,0.0,0,0.000,0.320,0.000,0.0,0.0,0.0,0,53020.5229,23703.5608
13.566,1106,1175,Running,11,0.00,1,0,0,0,-1.0000,0.0,0,0.000,0.320,0.000,0.0,0.0,0.0,0,36133.8431,20649.5821
13.583,1118,1196,Running,11,0.00,1,0,0,0,-1.0000,0.0,0,0.000,0.320,0.000,0.0,0.0,0.0,0,56557.3883,20394.0765
13.600,1132,1215,Running,11,0.00,1,0,0,0,-1.0000,0.0,0,0.000,0.320,0.000,0.0,0.0,0.0,0,77371.5599,22060.5923
13.616,1146,1235,Running,11,0.00,1,0,0,0,-1.0000,0.0,0,0.000,0.320,0.000,0.0,0.0,0.0,0,42080.3924,18795.8281
13.633,1162,1259,Running,11,0.00,1,0,0,0,-1.0000,0.0,0,0.000,0.320,0.000,0.0,0.0,0.0,0,71680.1749,21114.1981
13.650,1178,1280,Running,11,0.00,1,0,0,0,-1.0000,0.0,0,0.000,0.320,0.000,0.0,0.0,0.0,0,72480.9738,21114.1981
13.666,1196,1306,Running,12,0.00,1,0,0,0,-1.0000,0.0,0,0.000,0.320,0.000,0.0,0.0,0.0,0,57521.1789,21349.7770
13.683,1215,1331,Running,12,0.00,1,0,0,0,-1.0000,0.0,0,0.000,0.320,0.000,0.0,0.0,0.0,0,95353.6747,20556.0348
13.700,1235,1356,Running,12,0.00,1,0,0,0,-1.0000,0.0,0,0.000,0.320,0.000,0.0,0.0,0.0,0,55995.7339,21501.6795
13.716,1256,1384,Running,12,0.00,1,0,0,0,-1.0000,0.0,0,0.000,0.320,0.000,0.0,0.0,0.0,0,102476.1816,18122.8785
13.733,1278,1414,Running,12,0.00,1,0,0,0,-1.0000,0.0,0,0.000,0.320,0.000,0.0,0.0,0.0,0,64455.5942,20126.4705
13.750,1301,1442,Running,12,0.00,1,0,0,0,-1.0000,0.0,0,0.000,0.320,0.000,0.0,0.0,0.0,0,100146.6493,19327.9465
13.766,1325,1475,Running,12,0.00,1,0,0,0,-1.0000,0.0,0,0.000,0.320,0.000,0.0,0.0,0.0,0,95204.0127,16846.1385
13.783,1351,1504,Running,12,0.00,1,0,0,0,-1.0000,0.0,0,0.000,0.320,0.000,0.0,0.0,0.0,0,78808.4819,18163.6478
13.800,1377,1534,Running,13,0.00,1,0,0,0,-1.0000,0.0,0,0.000,0.320,0.000,0.0,0.0,0.0,0,114596.1604,18304.7439
13.816,1404,1567,Running,13,0.00,1,0,0,0,-1.0000,0.0,0,0.000,0.320,0.000,0.0,0.0,0.0,0,110756.8515,19072.7552
13.833,1431,1600,Running,13,0.00,1,0,0,0,-1.0000,0.0,0,0.000,0.320,0.000,0.0,0.0,0.0,0,82745.0510,21761.5441
13.850,1459,1632,Running,13,0.00,1,0,0,0,-1.0000,0.0,0,0.000,0.320,0.000,0.0,0.0,0.0,0,107706.0363,14794.3261
13.866,1488,1664,Running,13,0.00,1,0,0,0,-1.0000,0.0,0,0.000,0.320,0.000,0.0,0.0,0.0,0,121295.0001,21527.8273
13.883,1518,1697,Running,13,0.00,1,0,0,0,-1.0000,0.0,0,0.000,0.320,0.000,0.0,0.0,0.0,0,127029.1030,22066.9278
13.900,1549,1730,Running,13,0.00,1,0,0,0,-1.0000,0.0,0,0.000,0.320,0.000,0.0,0.0,0.0,0,127536.3859,21264.3229
13.916,1579,1762,Running,13,0.00,1,0,0,0,-1.0000,0.0,0,0.000,0.320,0.000,0.0,0.0,0.0,0,125499.3521,21264.3229
13.933,1610,1795,Running,13,0.00,1,0,0,0,-1.0000,0.0,0,0.000,0.320,0.000,0.0,0.0,0.0,0,127431.6821,21766.7926
13.950,1641,1826,Running,13,0.00,1,0,0,0,-1.0000,0.0,0,0.000,0.320,0.000,0.0,0.0,0.0,0,127651.8974,21967.9855
13.966,1672,1856,Running,13,0.00,1,0,0,0,-1.0000,0.0,0,0.000,0.320,0.000,0.0,0.0,0.0,0,126429.6845,20680.6462
13.983,1703,1886,Running,16,0.00,1,0,0,0,-1.0000,0.0,0,0.000,0.320,0.000,0.0,0.0,0.0,0,126985.3301,21919.2019
14.000,1733,1916,Running,16,0.00,1,0,0,0,-1.0000,0.0,0,0.000,0.320,0.000,0.0,0.0,0.0,0,125668.5750,22588.7063
14.016,1764,1949,Running,16,0.00,1,0,0,0,-1.0000,0.0,0,0.000,0.320,0.000,0.0,0.0,0.0,0,132378.0715,22671.2245
14.033,1795,1982,Running,16,0.00,1,0,0,0,-1.0000,0.0,0,0.000,0.320,0.000,0.0,0.0,0.0,0,141893.4952,21934.5931
14.050,1826,2015,Running,16,0.00,1,0,0,0,-1.0000,0.0,0,0.000,0.320,0.000,0.0,0.0,0.0,0,159659.3161,21659.4259
14.066,1858,2045,Running,16,0.00,1,0,0,0,-1.0000,0.0,0,0.000,0.320,0.000,0.0,0.0,0.0,0,170968.7473,21659.4259
14.083,1889,2078,Running,16,0.00,1,0,0,0,-1.0000,0.0,0,0.000,0.320,0.000,0.0,0.0,0.0,0,135780.0421,22880.8202
14.100,1921,2113,Running,16,0.00,1,0,0,0,-1.0000,0.0,0,0.000,0.320,0.000,0.0,0.0,0.0,0,158764.8674,22628.7876
14.116,1953,2143,Running,16,0.00,1,0,0,0,-1.0000,0.0,0,0.000,0.320,0.000,0.0,0.0,0.0,0,191914.6335,21015.9859
14.133,1985,2177,Running,16,0.00,1,0,0,0,-1.0000,0.0,0,0.000,0.320,0.000,0.0,0.0,0.0,0,142886.9527,23217.0747
14.150,2017,2208,Running,16,0.00,1,0,0,0,-1.0000,0.0,0,0.000,0.320,0.000,0.0,0.0,0.0,0,189482.7959,19762.8950
14.166,2049,2239,Running,16,0.00,1,0,0,0,-1.0000,0.0,0,0.000,0.320,0.000,0.0,0.0,0.0,0,160644.7640,22603.0932
14.183,2080,2270,Running,16,0.00,1,0,0,0,-1.0000,0.0,0,0.000,0.320,0.000,0.0,0.0,0.0,0,189537.2484,22821.7332
14.200,2112,2300,Running,16,0.00,1,0,0,0,-1.0000,0.0,0,0.000,0.320,0.000,0.0,0.0,0.0,0,166628.5928,22227.5760
14.216,2143,2330,Running,16,0.00,1,0,0,0,-1.0000,0.0,0,0.000,0.320,0.000,0.0,0.0,0.0,0,211000.0383,22411.3924
14.233,2174,2361,Running,16,0.00,1,0,0,0,-1.0000,0.0,0,0.000,0.320,0.000,0.0,0.0,0.0,0,156704.1461,22646.3703
14.250,2205,2388,Running,16,0.00,1,0,0,0,-1.0000,0.0,0,0.000,0.320,0.000,0.0,0.0,0.0,0,200410.4722,22832.0440
14.266,2236,2419,Running,16,0.00,1,0,0,0,-1.0000,0.0,0,0.000,0.320,0.000,0.0,0.0,0.0,0,201879.4239,19460.9141
14.283,2266,2449,Running,16,0.00,1,0,0,0,-1.0000,0.0,0,0.000,0.320,0.000,0.0,0.0,0.0,0,173262.3752,22552.6874
14.300,2296,2475,Running,16,0.00,1,0,0,0,-1.0000,0.0,0,0.000,0.320,0.000,0.0,0.0,0.0,0,200767.3946,22552.6874
14.316,2326,2500,Running,16,0.00,1,0,0,0,-1.0000,0.0,0,0.000,0.320,0.000,0.0,0.0,0.0,0,211265.0750,23020.6819
14.333,2355,2527,Running,16,0.00,1,0,0,0,-1.0000,0.0,0,0.000,0.320,0.000,0.0,0.0,0.0,0,201489.7783,21697.5469
14.350,2383,2553,Running,16,0.00,1,0,0,0,-1.0000,0.0,0,0.000,0.320,0.000,0.0,0.0,0.0,0,183522.7698,22594.9055
14.366,2411,2578,Running,16,0.00,1,0,0,0,-1.0000,0.0,0,0.000,0.320,0.000,0.0,0.0,0.0,0,197399.4303,21663.6617
14.383,2439,2602,Running,16,0.00,1,0,0,0,-1.0000,0.0,0,0.000,0.320,0.000,0.0,0.0,0.0,0,203335.9543,21457.8712
14.400,2466,2625,Running,16,0.00,1,0,0,0,-1.0000,0.0,0,0.000,0.320,0.000,0.0,0.0,0.0,0,206682.3258,22653.0541
14.416,2492,2648,Running,16,0.00,1,0,0,0,-1.0000,0.0,0,0.000,6.000,0.000,0.0,0.0,0.0,0,209822.5326,22653.0541
14.433,2518,2670,Running,16,0.00,1,0,0,0,-1.0000,0.0,0,0.000,6.000,0.000,0.0,0.0,0.0,0,209031.2499,22032.5839
14.450,2543,2692,Running,16,0.00,1,0,0,0,-1.0000,0.0,0,0.000,6.000,0.000,0.0,0.0,0.0,0,209221.6252,22460.8949
14.466,2568,2714,Running,16,0.00,1,0,0,0,-1.0000,0.0,0,0.000,6.000,0.000,0.0,0.0,0.0,0,209498.4672,21794.9404
14.483,2592,2735,Running,16,0.00,1,0,0,0,-1.0000,0.0,0,0.000,6.000,0.000,0.0,0.0,0.0,0,209097.0652,22020.0970
14.500,2616,2755,Running,16,0.00,1,0,0,0,-1.0000,0.0,0,0.000,6.000,0.000,0.0,0.0,0.0,0,208910.4464,20735.4876
14.516,2639,2775,Running,16,0.00,1,0,0,0,-1.0000,0.0,0,0.000,6.000,0.000,0.0,0.0,0.0,0,209184.1954,21837.3196
14.533,2661,2795,Running,16,0.00,1,0,0,0,-1.0000,0.0,0,0.000,6.000,0.000,0.0,0.0,0.0,0,212954.4176,21837.3031
14.550,2683,2813,Running,16,0.00,1,0,0,0,-1.0000,0.0,0,0.000,6.000,0.000,0.0,0.0,0.0,0,215585.6649,21229.7710
14.566,2704,2830,Running,18,0.00,1,0,0,0,-1.0000,0.0,0,0.000,6.000,0.000,0.0,0.0,0.0,0,221799.2985,21229.7710
14.583,2725,2848,Running,18,0.00,1,0,0,0,-1.0000,0.0,0,0.000,6.000,0.000,0.0,0.0,0.0,0,231251.3871,21733.1226
14.600,2746,2867,Running,18,0.00,1,0,0,0,-1.0000,0.0,0,0.000,6.000,0.000,0.0,0.0,0.0,0,213316.9865,20437.5572
14.616,2766,2887,Running,18,0.00,1,0,0,0,-1.0000,0.0,0,0.000,7.440,0.000,0.0,0.0,0.0,0,214489.3847,21887.0168
14.633,2786,2908,Running,18,0.00,1,0,0,0,-1.0000,0.0,0,0.000,7.440,0.000,0.0,0.0,0.0,0,225196.5185,20839.3133
14.650,2806,2928,Running,18,0.00,1,0,0,0,-1.0000,0.0,0,0.000,7.440,0.000,0.0,0.0,0.0,0,245221.2482,19914.3761
14.666,2827,2948,Running,18,0.00,1,0,0,0,-1.0000,0.0,0,0.000,7.440,0.000,0.0,0.0,0.0,0,247978.4899,21853.8848
14.683,2847,2970,Running,18,0.00,1,0,0,0,-1.0000,0.0,0,0.000,7.440,0.000,0.0,0.0,0.0,0,221904.4267,20100.8630
14.700,2868,2994,Running,18,0.00,1,0,0,0,-1.0000,0.0,0,0.000,7.440,0.000,0.0,0.0,0.0,0,242449.7220,21553.6778
14.716,2889,3014,Running,18,0.00,1,0,0,0,-1.0000,0.0,0,0.000,7.440,0.000,0.0,0.0,0.0,0,264645.4526,21553.6778
14.733,2910,3037,Running,18,0.00,1,0,0,0,-1.0000,0.0,0,0.000,7.440,0.000,0.0,0.0,0.0,0,223260.1921,20403.1142
14.750,2931,3060,Running,18,0.00,1,0,0,0,-1.0000,0.0,0,0.000,7.440,0.000,0.0,0.0,0.0,0,254857.5074,21201.8799
14.766,2953,3082,Running,19,0.00,1,0,0,0,-1.0000,0.0,0,0.000,7.440,0.000,0.0,0.0,0.0,0,250651.3820,17461.4337
14.783,2975,3108,Running,19,0.00,1,0,0,0,-1.0000,0.0,0,0.000,7.440,0.000,0.0,0.0,0.0,0,242993.5914,20734.6866
14.800,2997,3131,Running,19,0.00,1,0,0,0,-1.0000,0.0,0,0.000,7.440,0.000,0.0,0.0,0.0,0,271432.1165,18354.3145
14.816,3020,3158,Running,19,0.00,1,0,0,0,-1.0000,0.0,0,0.000,8.960,0.000,0.0,0.0,0.0,0,243394.1416,19006.7125
14.833,3043,3182,Running,19,0.00,1,0,0,0,-1.0000,0.0,0,0.000,8.960,0.000,0.0,0.0,0.0,0,274870.9491,19187.1961
14.850,3067,3212,Running,19,0.00,1,0,0,0,-1.0000,0.0,0,0.000,8.960,0.000,0.0,0.0,0.0,0,253748.9963,19046.9957
14.866,3091,3238,Running,19,0.00,1,0,0,0,-1.0000,0.0,0,0.000,8.960,0.000,0.0,0.0,0.0,0,270427.8378,19971.3036
14.883,3116,3265,Running,19,0.00,1,0,0,0,-1.0000,0.0,0,0.000,8.960,0.000,0.0,0.0,0.0,0,282069.3832,16418.9631
14.900,3141,3293,Running,19,0.00,1,0,0,0,-1.0000,0.0,0,0.000,8.960,0.000,0.0,0.0,0.0,0,252320.7223,19500.9195
14.916,3166,3319,Running,19,0.00,1,0,0,0,-1.0000,0.0,0,0.000,8.960,0.000,0.0,0.0,0.0,0,280651.6020,17528.3883
14.933,3192,3345,Running,19,0.00,1,0,0,0,-1.0000,0.0,0,0.000,8.960,0.000,0.0,0.0,0.0,0,286746.2342,19280.8802
14.950,3218,3373,Running,19,0.00,1,0,0,0,-1.0000,0.0,0,0.000,8.960,0.000,0.0,0.0,0.0,0,258137.5142,19280.8802
14.966,3244,3400,Running,20,0.00,1,0,0,0,-1.0000,0.0,0,0.000,8.960,0.000,0.0,0.0,0.0,0,275538.6109,19073.1660
14.983,3270,3427,Running,20,0.00,1,0,0,0,-1.0000,0.0,0,0.000,8.960,0.000,0.0,0.0,0.0,0,288316.1088,16206.7886
15.000,3296,3455,Running,20,0.00,1,0,0,0,-1.0000,0.0,0,0.000,8.960,0.000,0.0,0.0,0.0,0,294971.0577,18274.8720
15.016,3323,3485,Running,20,0.00,1,0,0,0,-1.0000,0.0,0,0.000,10.480,0.000,0.0,0.0,0.0,0,290482.0774,16859.8319
15.033,3350,3515,Running,20,0.00,1,0,0,0,-1.0000,0.0,0,0.000,10.480,0.000,0.0,0.0,0.0,0,284128.2685,18024.8261
15.050,3378,3546,Running,20,0.00,1,0,0,0,-1.0000,0.0,0,0.000,10.480,0.000,0.0,0.0,0.0,0,290142.7093,17658.1683
15.066,3406,3578,Running,20,0.00,1,0,0,0,-1.0000,0.0,0,0.000,10.480,0.000,0.0,0.0,0.0,0,296599.3752,16147.3681
15.083,3435,3609,Running,20,0.00,1,0,0,0,-1.0000,0.0,0,0.000,10.480,0.000,0.0,0.0,0.0,0,302066.3933,19041.8457
15.100,3465,3641,Running,20,0.00,1,0,0,0,-1.0000,0.0,0,0.000,10.480,0.000,0.0,0.0,0.0,0,305072.8141,17730.9149
15.116,3494,3672,Running,20,0.00,1,0,0,0,-1.0000,0.0,0,0.000,10.480,0.000,0.0,0.0,0.0,0,311649.0662,18869.5140
15.133,3524,3703,Running,20,0.00,1,0,0,0,-1.0000,0.0,0,0.000,10.480,0.000,0.0,0.0,0.0,0,314189.7897,16355.4589
15.150,3554,3733,Running,20,0.00,1,0,0,0,-1.0000,0.0,0,0.000,10.480,0.000,0.0,0.0,0.0,0,306713.2188,16650.3233
15.166,3584,3764,Running,20,0.00,1,0,0,0,-1.0000,0.0,0,0.000,10.480,0.000,0.0,0.0,0.0,0,303654.9961,17552.9946
15.183,3614,3796,Running,20,0.00,1,0,0,0,-1.0000,0.0,0,0.000,10.480,0.000,0.0,0.0,0.0,0,307229.7424,19012.2366
15.200,3645,3827,Running,20,0.00,1,0,0,0,-1.0000,0.0,0,0.000,10.480,0.000,0.0,0.0,0.0,0,319382.5650,18539.2093
15.216,3675,3857,Running,20,0.00,1,0,0,0,-1.0000,0.0,0,0.000,10.480,0.000,0.0,0.0,0.0,0,332222.0093,18239.7681
15.233,3706,3887,Running,20,0.00,1,0,0,0,-1.0000,0.0,0,0.000,10.480,0.000,0.0,0.0,0.0,0,304268.5867,18239.7681
15.250,3736,3917,Running,20,0.00,1,0,0,0,-1.0000,0.0,0,0.000,10.480,0.000,0.0,0.0,0.0,0,316593.6861,19125.9287
15.266,3766,3946,Running,21,0.00,1,0,0,0,-1.0000,0.0,0,0.000,10.480,0.000,0.0,0.0,0.0,0,339026.6981,19172.8159
15.283,3796,3976,Running,22,0.00,1,0,0,0,-1.0000,0.0,0,0.000,10.480,0.000,0.0,0.0,0.0,0,308054.5713,18012.4474
15.300,3826,4006,Running,22,0.00,1,0,0,0,-1.0000,0.0,0,0.000,10.480,0.000,0.0,0.0,0.0,0,338088.2057,17411.9199
15.316,3856,4037,Running,22,0.00,1,0,0,0,-1.0000,0.0,0,0.000,10.480,0.000,0.0,0.0,0.0,0,322708.5020,18637.1208
15.333,3887,4070,Running,22,0.00,1,0,0,0,-1.0000,0.0,0,0.000,10.480,0.000,0.0,0.0,0.0,0,345215.7795,18637.1208
15.350,3917,4104,Running,22,0.00,1,0,0,0,-1.0000,0.0,0,0.000,10.480,0.000,0.0,0.0,0.0,0,334798.9064,16482.3272
15.366,3949,4137,Running,22,0.00,1,0,0,0,-1.0000,0.0,0,0.000,10.480,0.000,0.0,0.0,0.0,0,361657.0612,17991.0963
15.383,3980,4172,Running,22,0.00,1,0,0,0,-1.0000,0.0,0,0.000,10.480,0.000,0.0,0.0,0.0,0,333944.1383,17118.6589
15.400,4012,4204,Running,22,0.00,1,0,0,0,-1.0000,0.0,0,0.000,10.480,0.000,0.0,0.0,0.0,0,359061.7672,18002.3721
15.416,4044,4238,Running,22,0.00,1,0,0,0,-1.0000,0.0,0,0.000,10.480,0.000,0.0,0.0,0.0,0,367065.2002,18780.6671
15.433,4077,4271,Running,22,0.00,1,0,0,0,-1.0000,0.0,0,0.000,10.480,0.000,0.0,0.0,0.0,0,345934.1656,17216.8586
15.450,4109,4305,Running,22,0.00,1,0,0,0,-1.0000,0.0,0,0.000,10.480,0.000,0.0,0.0,0.0,0,360614.3529,19084.7759
15.466,4142,4337,Running,23,0.00,1,0,0,0,-1.0000,0.0,0,0.000,10.480,0.000,0.0,0.0,0.0,0,370714.5414,16931.1389
15.483,4175,4370,Running,23,0.00,1,0,0,0,-1.0000,0.0,0,0.000,10.480,0.000,0.0,0.0,0.0,0,375876.4028,17637.9828
15.500,4207,4405,Running,23,0.00,1,0,0,0,-1.0000,0.0,0,0.000,10.480,0.000,0.0,0.0,0.0,0,378514.0229,17273.6575
15.516,4241,4440,Running,23,0.00,1,0,0,0,-1.0000,0.0,0,0.000,10.480,0.000,0.0,0.0,0.0,0,378345.9840,17348.5836
15.533,4274,4476,Running,23,0.00,1,0,0,0,-1.0000,0.0,0,0.000,10.480,0.000,0.0,0.0,0.0,0,382965.2501,18788.9458
15.550,4308,4511,Running,23,0.00,1,0,0,0,-1.0000,0.0,0,0.000,10.480,0.000,0.0,0.0,0.0,0,389859.9926,16229.7181
15.566,4342,4546,Running,23,0.00,1,0,0,0,-1.0000,0.0,0,0.000,10.480,0.000,0.0,0.0,0.0,0,393611.9767,17134.4004
15.583,4376,4581,Running,23,0.00,1,0,0,0,-1.0000,0.0,0,0.000,10.480,0.000,0.0,0.0,0.0,0,396361.8162,16739.4164
15.600,4410,4616,Running,24,0.00,1,0,0,0,-1.0000,0.0,0,0.000,10.480,0.000,0.0,0.0,0.0,0,396016.4457,16739.4164
15.616,4445,4651,Running,24,0.00,1,0,0,0,-1.0000,0.0,0,0.000,10.480,0.000,0.0,0.0,0.0,0,394532.7207,17907.9738
15.633,4479,4687,Running,24,0.00,1,0,0,0,-1.0000,0.0,0,0.000,10.480,0.000,0.0,0.0,0.0,0,402336.6325,17264.4309
15.650,4514,4723,Running,24,0.00,1,0,0,0,-1.0000,0.0,0,0.000,14.960,0.000,0.0,0.0,0.0,0,414267.8276,18974.7380
15.666,4549,4759,Running,24,0.00,1,0,0,0,-1.0000,0.0,0,0.000,14.960,0.000,0.0,0.0,0.0,0,426205.2817,17807.5949
15.683,4584,4795,Running,24,0.00,1,0,0,0,-1.0000,0.0,0,0.000,14.960,0.000,0.0,0.0,0.0,0,410596.2400,17379.2368
15.700,4619,4831,Running,24,0.00,1,0,0,0,-1.0000,0.0,0,0.000,14.960,0.000,0.0,0.0,0.0,0,416336.2909,17807.6887
15.716,4655,4865,Running,24,0.00,1,0,0,0,-1.0000,0.0,0,0.000,14.960,0.000,0.0,0.0,0.0,0,437087.2021,17807.6887
15.733,4690,4901,Running,24,0.00,1,0,0,0,-1.0000,0.0,0,0.000,14.960,0.000,0.0,0.0,0.0,0,411386.6427,17721.0347
15.750,4725,4936,Running,24,0.00,1,0,0,0,-1.0000,0.0,0,0.000,14.960,0.000,0.0,0.0,0.0,0,439685.8936,18079.0775
15.766,4760,4970,Running,24,0.00,1,0,0,0,-1.0000,0.0,0,0.000,14.960,0.000,0.0,0.0,0.0,0,416620.1366,17004.5282
15.783,4795,5005,Running,25,0.00,1,0,0,0,-1.0000,0.0,0,0.000,14.960,0.000,0.0,0.0,0.0,0,446600.6880,15532.5164
15.800,4831,5041,Running,25,0.00,1,0,0,0,-1.0000,0.0,0,0.000,14.960,0.000,0.0,0.0,0.0,0,424267.5055,17411.1480
15.816,4866,5076,Running,25,0.00,1,0,0,0,-1.0000,0.0,0,0.000,14.960,0.000,0.0,0.0,0.0,0,446340.6481,17235.1373
15.833,4901,5113,Running,25,0.00,1,0,0,0,-1.0000,0.0,0,0.000,14.960,0.000,0.0,0.0,0.0,0,451096.5342,16508.2222
15.850,4936,5149,Running,25,0.00,1,0,0,0,-1.0000,0.0,0,0.000,14.960,0.000,0.0,0.0,0.0,0,441622.5490,16777.0993
15.866,4972,5184,Running,25,0.00,1,0,0,0,-1.0000,0.0,0,0.000,14.960,0.000,0.0,0.0,0.0,0,454033.2482,16777.0993
15.883,5007,5219,Running,25,0.00,1,0,0,0,-1.0000,0.0,0,0.000,14.960,0.000,0.0,0.0,0.0,0,461594.3684,17566.2799
15.900,5043,5253,Running,25,0.00,1,0,0,0,-1.0000,0.0,0,0.000,14.960,0.000,0.0,0.0,0.0,0,461716.5491,16821.2334
15.916,5078,5288,Running,25,0.00,1,0,0,0,-1.0000,0.0,0,0.000,14.960,0.000,0.0,0.0,0.0,0,455550.5962,16180.5753
15.933,5113,5321,Running,25,0.00,1,0,0,0,-1.0000,0.0,0,0.000,14.960,0.000,0.0,0.0,0.0,0,457878.5713,16958.9870
15.950,5147,5354,Running,25,0.00,1,0,0,0,-1.0000,0.0,0,0.000,14.960,0.000,0.0,0.0,0.0,0,461591.1762,17568.3054
15.966,5182,5386,Running,25,0.00,1,0,0,0,-1.0000,0.0,0,0.000,14.960,0.000,0.0,0.0,0.0,0,463548.7826,17576.9343
15.983,5216,5419,Running,25,0.00,1,0,0,0,-1.0000,0.0,0,0.000,14.960,0.000,0.0,0.0,0.0,0,466342.7972,17576.9343
16.000,5249,5450,Running,25,0.00,1,0,0,0,-1.0000,0.0,0,0.000,14.960,0.000,0.0,0.0,0.0,0,470463.0909,16865.4565
16.016,5283,5482,Running,26,0.00,1,0,0,0,-1.0000,0.0,0,0.000,17.520,0.000,0.0,0.0,0.0,0,474079.3283,18305.4822
16.033,5316,5514,Running,26,0.00,1,0,0,0,-1.0000,0.0,0,0.000,17.520,0.000,0.0,0.0,0.0,0,480905.5858,18064.7506
16.050,5349,5546,Running,26,0.00,1,0,0,0,-1.0000,0.0,0,0.000,17.520,0.000,0.0,0.0,0.0,0,481529.5967,18912.6121
16.066,5382,5580,Running,26,0.00,1,0,0,0,-1.0000,0.0,0,0.000,17.520,0.000,0.0,0.0,0.0,0,475888.7432,18156.0278
16.083,5415,5614,Running,26,0.00,1,0,0,0,-1.0000,0.0,0,0.000,17.520,0.000,0.0,0.0,0.0,0,485679.3108,17977.3797
16.100,5448,5648,Running,26,0.00,1,0,0,0,-1.0000,0.0,0,0.000,17.520,0.000,0.0,0.0,0.0,0,496746.3155,17369.1620
16.116,5482,5680,Running,26,0.00,1,0,0,0,-1.0000,0.0,0,0.000,17.520,0.000,0.0,0.0,0.0,0,500002.7555,18502.0065
16.133,5515,5712,Running,26,0.00,1,0,0,0,-1.0000,0.0,0,0.000,18.320,0.000,0.0,0.0,0.0,0,485862.7322,18502.0065
16.150,5547,5743,Running,26,0.00,1,0,0,0,-1.0000,0.0,0,0.000,18.480,0.000,0.0,0.0,0.0,0,500824.4308,19016.5997
16.166,5580,5774,Running,26,0.00,1,0,0,0,-1.0000,0.0,0,0.000,18.480,0.000,0.0,0.0,0.0,0,496431.3743,19315.9763
16.183,5612,5806,Running,26,0.00,1,0,0,0,-1.0000,0.0,0,0.000,18.480,0.000,0.0,0.0,0.0,0,493081.3908,17298.5933
16.200,5644,5835,Running,26,0.00,1,0,0,0,-1.0000,0.0,0,0.000,18.480,0.000,0.0,0.0,0.0,0,506731.3771,19531.3437
16.216,5676,5865,Running,26,0.00,1,0,0,0,-1.0000,0.0,0,0.000,18.480,0.000,0.0,0.0,0.0,0,496834.9271,19531.3437
16.233,5707,5893,Running,26,0.00,1,0,0,0,-1.0000,0.0,0,0.000,18.480,0.000,0.0,0.0,0.0,0,507110.6756,20073.2552
16.250,5738,5921,Running,26,0.00,1,0,0,0,-1.0000,0.0,0,0.000,18.480,0.000,0.0,0.0,0.0,0,503538.8596,18433.4293
16.266,5769,5949,Running,26,0.00,1,0,0,0,-1.0000,0.0,0,0.000,18.480,0.000,0.0,0.0,0.0,0,502849.0979,19362.4106
16.283,5798,5977,Running,26,0.00,1,0,0,0,-1.0000,0.0,0,0.000,18.480,0.000,0.0,0.0,0.0,0,517041.4999,19557.1076
16.300,5828,6006,Running,26,0.00,1,0,0,0,-1.0000,0.0,0,0.000,18.480,0.000,0.0,0.0,0.0,0,506151.0394,19977.3579
16.316,5858,6034,Running,27,0.00,1,0,0,0,-1.0000,0.0,0,0.000,18.480,0.000,0.0,0.0,0.0,0,514434.2633,19469.9855
16.333,5887,6064,Running,27,0.00,1,0,0,0,-1.0000,0.0,0,0.000,18.480,0.000,0.0,0.0,0.0,0,532089.7870,19214.7270
16.350,5917,6095,Running,27,0.00,1,0,0,0,-1.0000,0.0,0,0.000,18.480,0.000,0.0,0.0,0.0,0,526480.6387,19701.3705
16.366,5947,6127,Running,27,0.00,1,0,0,0,-1.0000,0.0,0,0.000,18.480,0.000,0.0,0.0,0.0,0,527304.3305,19701.3705
16.383,5977,6158,Running,27,0.00,1,0,0,0,-1.0000,0.0,0,0.000,18.480,0.000,0.0,0.0,0.0,0,536105.0908,20397.2141
16.400,6007,6189,Running,27,0.00,1,0,0,0,-1.0000,0.0,0,0.000,18.480,0.000,0.0,0.0,0.0,0,540572.9791,18932.2130
16.416,6038,6220,Running,27,0.00,1,0,0,0,-1.0000,0.0,0,0.000,18.480,0.000,0.0,0.0,0.0,0,541681.0397,19651.8012
16.433,6068,6250,Running,27,0.00,1,0,0,0,-1.0000,0.0,0,0.000,18.480,0.000,0.0,0.0,0.0,0,544634.4466,20070.4906
16.450,6098,6279,Running,27,0.00,1,0,0,0,-1.0000,0.0,0,0.000,18.480,0.000,0.0,0.0,0.0,0,544457.8087,18113.1129
16.466,6129,6308,Running,27,0.00,1,0,0,0,-1.0000,0.0,0,0.000,18.480,0.000,0.0,0.0,0.0,0,545658.8907,19696.2916
16.483,6159,6338,Running,28,0.00,1,0,0,0,-1.0000,0.0,0,0.000,18.480,0.000,0.0,0.0,0.0,0,547146.0958,19696.2916
16.500,6189,6370,Running,28,0.00,1,0,0,0,-1.0000,0.0,0,0.000,20.720,0.000,0.0,0.0,0.0,0,556811.0738,19316.9454
16.516,6219,6405,Running,29,0.00,1,0,0,0,-1.0000,0.0,0,0.000,20.720,0.000,0.0,0.0,0.0,0,565565.1769,18292.2175
16.533,6251,6443,Running,29,0.00,1,0,0,0,-1.0000,0.0,0,0.000,20.720,0.000,0.0,0.0,0.0,0,582290.1887,19602.1160
16.550,6283,6481,Running,29,0.00,1,0,0,0,-1.0000,0.0,0,0.000,20.720,0.000,0.0,0.0,0.0,0,592682.9671,17835.8465
16.566,6317,6520,Running,29,0.00,1,0,0,0,-1.0000,0.0,0,0.000,20.720,0.000,0.0,0.0,0.0,0,602396.5909,19066.5027
16.583,6351,6560,Running,29,0.00,1,0,0,0,-1.0000,0.0,0,0.000,20.720,0.000,0.0,0.0,0.0,0,600436.6949,19070.3519
16.600,6387,6600,Running,29,0.00,1,0,0,0,-1.0000,0.0,0,0.000,20.720,0.000,0.0,0.0,0.0,0,607092.0335,18198.2443
16.616,6422,6639,Running,29,0.00,1,0,0,0,-1.0000,0.0,0,0.000,20.720,0.000,0.0,0.0,0.0,0,619781.5456,18455.6748
16.633,6459,6678,Running,29,0.00,1,0,0,0,-1.0000,0.0,0,0.000,20.720,0.000,0.0,0.0,0.0,0,611498.4398,18455.6748
16.650,6496,6715,Running,29,0.00,1,0,0,0,-1.0000,0.0,0,0.000,20.720,0.000,0.0,0.0,0.0,0,622032.6454,18408.0201
16.666,6532,6752,Running,30,0.00,1,0,0,0,-1.0000,0.0,0,0.000,20.720,0.000,0.0,0.0,0.0,0,617295.9348,17868.5606
16.683,6569,6790,Running,30,0.00,1,0,0,0,-1.0000,0.0,0,0.000,20.720,0.000,0.0,0.0,0.0,0,628128.5020,18099.7399
16.700,6606,6827,Running,30,0.00,1,0,0,0,-1.0000,0.0,0,0.000,22.160,0.000,0.0,0.0,0.0,0,627134.1787,18019.2926
16.716,6643,6862,Running,30,0.00,1,0,0,0,-1.0000,0.0,0,0.000,22.160,0.000,0.0,0.0,0.0,0,638022.8131,18053.4916
16.733,6680,6901,Running,30,0.00,1,0,0,0,-1.0000,0.0,0,0.000,22.160,0.000,0.0,0.0,0.0,0,633006.6117,18591.3957
16.750,6716,6938,Running,30,0.00,1,0,0,0,-1.0000,0.0,0,0.000,22.160,0.000,0.0,0.0,0.0,0,643485.0667,18028.2169
16.766,6753,6975,Running,30,0.00,1,0,0,0,-1.0000,0.0,0,0.000,22.160,0.000,0.0,0.0,0.0,0,654920.6333,18941.3765
16.783,6790,7012,Running,30,0.00,1,0,0,0,-1.0000,0.0,0,0.000,22.160,0.000,0.0,0.0,0.0,0,648975.5726,18941.3765
16.800,6827,7049,Running,30,0.00,1,0,0,0,-1.0000,0.0,0,0.000,22.160,0.000,0.0,0.0,0.0,0,651999.2856,17735.2773
16.816,6864,7085,Running,30,0.00,1,0,0,0,-1.0000,0.0,0,0.000,22.160,0.000,0.0,0.0,0.0,0,655584.6437,18668.6403
16.833,6901,7120,Running,30,0.00,1,0,0,0,-1.0000,0.0,0,0.000,22.160,0.000,0.0,0.0,0.0,0,658134.2243,17895.4454
16.850,6937,7155,Running,30,0.00,1,0,0,0,-1.0000,0.0,0,0.000,22.160,0.000,0.0,0.0,0.0,0,657702.8483,17629.0398
16.866,6973,7189,Running,30,0.00,1,0,0,0,-1.0000,0.0,0,0.000,23.200,0.000,0.0,0.0,0.0,0,660728.4732,17986.7027
16.883,7009,7222,Running,30,0.00,1,0,0,0,-1.0000,0.0,0,0.000,23.200,0.000,0.0,0.0,0.0,0,664423.3886,18334.4745
16.900,7044,7254,Running,30,0.00,1,0,0,0,-1.0000,0.0,0,0.000,23.200,0.000,0.0,0.0,0.0,0,664173.3872,18355.5888
16.916,7079,7286,Running,30,0.00,1,0,0,0,-1.0000,0.0,0,0.000,23.200,0.000,0.0,0.0,0.0,0,667316.1234,16975.4770
16.933,7113,7316,Running,30,0.00,1,0,0,0,-1.0000,0.0,0,0.000,23.200,0.000,0.0,0.0,0.0,0,666774.2638,19019.6092
16.950,7147,7346,Running,30,0.00,1,0,0,0,-1.0000,0.0,0,0.000,23.200,0.000,0.0,0.0,0.0,0,669050.7411,18935.9807
16.966,7180,7376,Running,30,0.00,1,0,0,0,-1.0000,0.0,0,0.000,23.200,0.000,0.0,0.0,0.0,0,670763.8690,18149.7799
16.983,7212,7405,Running,30,0.00,1,0,0,0,-1.0000,0.0,0,0.000,23.200,0.000,0.0,0.0,0.0,0,666270.6476,17889.1476
17.000,7244,7434,Running,30,0.00,1,0,0,0,-1.0000,0.0,0,0.000,23.200,0.000,0.0,0.0,0.0,0,669645.0029,17816.2736
17.016,7276,7461,Running,30,0.00,1,0,0,0,-1.0000,0.0,0,0.000,23.200,0.000,0.0,0.0,0.0,0,678646.2248,17816.2736
17.033,7306,7490,Running,30,0.00,1,0,0,0,-1.0000,0.0,0,0.000,23.200,0.000,0.0,0.0,0.0,0,676232.5963,16814.1492
17.050,7337,7519,Running,30,0.00,1,0,0,0,-1.0000,0.0,0,0.000,23.200,0.000,0.0,0.0,0.0,0,671958.3916,15678.3623
17.066,7367,7545,Running,30,0.00,1,0,0,0,-1.0000,0.0,0,0.000,23.200,0.000,0.0,0.0,0.0,0,678223.5452,16710.4634
17.083,7396,7571,Running,30,0.00,1,0,0,0,-1.0000,0.0,0,0.000,23.200,0.000,0.0,0.0,0.0,0,675602.9238,16303.1258
17.100,7425,7597,Running,30,0.00,1,0,0,0,-1.0000,0.0,0,0.000,23.200,0.000,0.0,0.0,0.0,0,682884.3966,15685.2482
17.116,7454,7622,Running,30,0.00,1,0,0,0,-1.0000,0.0,0,0.000,23.200,0.000,0.0,0.0,0.0,0,681642.8407,15745.5953
17.133,7482,7647,Running,30,0.00,1,0,0,0,-1.0000,0.0,0,0.000,23.200,0.000,0.0,0.0,0.0,0,683403.2666,16606.1306
17.150,7509,7672,Running,30,0.00,1,0,0,0,-1.0000,0.0,0,0.000,23.200,0.000,0.0,0.0,0.0,0,685492.7237,14339.1973
17.166,7536,7696,Running,30,0.00,1,0,0,0,-1.0000,0.0,0,0.000,23.200,0.000,0.0,0.0,0.0,0,687411.2451,15355.5034
17.183,7562,7720,Running,30,0.00,1,0,0,0,-1.0000,0.0,0,0.000,23.200,0.000,0.0,0.0,0.0,0,684716.2576,15641.6819
17.200,7589,7743,Running,30,0.00,1,0,0,0,-1.0000,0.0,0,0.000,23.200,0.000,0.0,0.0,0.0,0,693871.3031,15999.9003
17.216,7614,7767,Running,30,0.00,1,0,0,0,-1.0000,0.0,0,0.000,23.200,0.000,0.0,0.0,0.0,0,685751.9570,15889.4213
17.233,7640,7790,Running,30,0.00,1,0,0,0,-1.0000,0.0,0,0.000,23.200,0.000,0.0,0.0,0.0,0,688576.8370,15309.8294
17.250,7664,7811,Running,30,0.00,1,0,0,0,-1.0000,0.0,0,0.000,23.200,0.000,0.0,0.0,0.0,0,692737.0676,14852.1034
17.266,7689,7833,Running,30,0.00,1,0,0,0,-1.0000,0.0,0,0.000,23.200,0.000,0.0,0.0,0.0,0,689548.2031,16354.1443
17.283,7713,7854,Running,30,0.00,1,0,0,0,-1.0000,0.0,0,0.000,23.200,0.000,0.0,0.0,0.0,0,690144.1764,16354.1443
17.300,7736,7876,Running,32,0.00,1,0,0,0,-1.0000,0.0,0,0.000,26.000,0.000,0.0,0.0,0.0,0,699082.5625,15196.8717
17.316,7759,7901,Running,32,0.00,1,0,0,0,-1.0000,0.0,0,0.000,26.000,0.000,0.0,0.0,0.0,0,715209.8239,15039.2760
17.333,7783,7929,Running,32,0.00,1,0,0,0,-1.0000,0.0,0,0.000,26.000,0.000,0.0,0.0,0.0,0,726307.1328,16268.1297
17.350,7808,7958,Running,32,0.00,1,0,0,0,-1.0000,0.0,0,0.000,26.320,0.000,0.0,0.0,0.0,0,734709.1622,15084.7591
17.366,7833,7987,Running,32,0.00,1,0,0,0,-1.0000,0.0,0,0.000,26.320,0.000,0.0,0.0,0.0,0,741996.7959,16323.4264
17.383,7859,8016,Running,32,0.00,1,0,0,0,-1.0000,0.0,0,0.000,26.320,0.000,0.0,0.0,0.0,0,748114.3744,16323.4264
17.400,7886,8045,Running,32,0.00,1,0,0,0,-1.0000,0.0,0,0.000,26.320,0.000,0.0,0.0,0.0,0,752401.0044,15943.2940
17.416,7912,8074,Running,32,0.00,1,0,0,0,-1.0000,0.0,0,0.000,26.320,0.000,0.0,0.0,0.0,0,755560.9882,15877.6944
17.433,7940,8102,Running,32,0.00,1,0,0,0,-1.0000,0.0,0,0.000,26.320,0.000,0.0,0.0,0.0,0,754266.0862,16286.7470
17.450,7967,8131,Running,32,0.00,1,0,0,0,-1.0000,0.0,0,0.000,26.320,0.000,0.0,0.0,0.0,0,757043.9016,16525.3242
17.466,7994,8158,Running,32,0.00,1,0,0,0,-1.0000,0.0,0,0.000,26.320,0.000,0.0,0.0,0.0,0,758427.3998,15312.6220
17.483,8022,8186,Running,32,0.00,1,0,0,0,-1.0000,0.0,0,0.000,26.320,0.000,0.0,0.0,0.0,0,760193.1370,15187.9851
17.500,8049,8212,Running,34,0.00,1,0,0,0,-1.0000,0.0,0,0.000,26.320,0.000,0.0,0.0,0.0,0,761926.3525,16196.8139
17.516,8076,8242,Running,34,0.00,1,0,0,0,-1.0000,0.0,0,0.000,27.520,0.000,0.0,0.0,0.0,0,780953.3062,16827.7414
17.533,8104,8274,Running,33,0.00,1,0,0,0,-1.0000,0.0,0,0.000,27.520,0.000,0.0,0.0,0.0,0,794363.1816,16021.5450
17.550,8133,8306,Running,33,0.00,1,0,0,0,-1.0000,0.0,0,0.000,27.520,0.000,0.0,0.0,0.0,0,798662.8725,16061.7080
17.566,8162,8338,Running,33,0.00,1,0,0,0,-1.0000,0.0,0,0.000,27.520,0.000,0.0,0.0,0.0,0,796880.4624,16833.0489
17.583,8192,8368,Running,33,0.00,1,0,0,0,-1.0000,0.0,0,0.000,27.520,0.000,0.0,0.0,0.0,0,799334.8100,15759.5765
17.600,8221,8398,Running,33,0.00,1,0,0,0,-1.0000,0.0,0,0.000,27.520,0.000,0.0,0.0,0.0,0,804779.8243,15797.4597
17.616,8251,8429,Running,33,0.00,1,0,0,0,-1.0000,0.0,0,0.000,27.520,0.000,0.0,0.0,0.0,0,802259.1733,16371.0916
17.633,8280,8457,Running,33,0.00,1,0,0,0,-1.0000,0.0,0,0.000,27.520,0.000,0.0,0.0,0.0,0,806826.4846,16417.2785
17.650,8310,8487,Running,33,0.00,1,0,0,0,-1.0000,0.0,0,0.000,27.520,0.000,0.0,0.0,0.0,0,808402.3502,16113.4438
17.666,8339,8515,Running,33,0.00,1,0,0,0,-1.0000,0.0,0,0.000,27.520,0.000,0.0,0.0,0.0,0,807156.8824,16113.4438
17.683,8369,8544,Running,33,0.00,1,0,0,0,-1.0000,0.0,0,0.000,27.520,0.000,0.0,0.0,0.0,0,812103.1581,15407.5858
17.700,8398,8573,Running,35,0.00,1,0,0,0,-1.0000,0.0,0,0.000,28.640,0.000,0.0,0.0,0.0,0,810476.3598,15537.2955
17.716,8427,8604,Running,35,0.00,1,0,0,0,-1.0000,0.0,0,0.000,28.640,0.000,0.0,0.0,0.0,0,830519.2107,15610.9960
17.733,8457,8637,Running,35,0.00,1,0,0,0,-1.0000,0.0,0,0.000,28.640,0.000,0.0,0.0,0.0,0,845136.5752,16793.3301
17.750,8488,8673,Running,35,0.00,1,0,0,0,-1.0000,0.0,0,0.000,28.640,0.000,0.0,0.0,0.0,0,861695.3785,17448.3100
17.766,8519,8708,Running,35,0.00,1,0,0,0,-1.0000,0.0,0,0.000,28.640,0.000,0.0,0.0,0.0,0,871337.3691,15482.7646
17.783,8551,8743,Running,35,0.00,1,0,0,0,-1.0000,0.0,0,0.000,28.640,0.000,0.0,0.0,0.0,0,867921.8921,16296.1782
17.800,8583,8778,Running,35,0.00,1,0,0,0,-1.0000,0.0,0,0.000,28.640,0.000,0.0,0.0,0.0,0,870920.3205,16772.1951
17.816,8616,8814,Running,35,0.00,1,0,0,0,-1.0000,0.0,0,0.000,28.640,0.000,0.0,0.0,0.0,0,881857.7831,16772.1951
17.833,8649,8849,Running,35,0.00,1,0,0,0,-1.0000,0.0,0,0.000,28.640,0.000,0.0,0.0,0.0,0,877030.1206,16512.0668
17.850,8683,8883,Running,35,0.00,1,0,0,0,-1.0000,0.0,0,0.000,28.640,0.000,0.0,0.0,0.0,0,883689.8240,16637.5390
17.866,8716,8916,Running,35,0.00,1,0,0,0,-1.0000,0.0,0,0.000,28.640,0.000,0.0,0.0,0.0,0,884742.7260,16810.4537
17.883,8749,8949,Running,35,0.00,1,0,0,0,-1.0000,0.0,0,0.000,28.640,0.000,0.0,0.0,0.0,0,887463.8629,15928.0355
17.900,8783,8982,Running,36,0.00,1,0,0,0,-1.0000,0.0,0,0.000,28.640,0.000,0.0,0.0,0.0,0,891144.6389,16429.7698
17.916,8816,9017,Running,36,0.00,1,0,0,0,-1.0000,0.0,0,0.000,28.640,0.000,0.0,0.0,0.0,0,905605.8561,17159.2375
17.933,8850,9054,Running,36,0.00,1,0,0,0,-1.0000,0.0,0,0.000,28.640,0.000,0.0,0.0,0.0,0,918657.7479,16618.1040
17.950,8884,9090,Running,36,0.00,1,0,0,0,-1.0000,0.0,0,0.000,28.640,0.000,0.0,0.0,0.0,0,924039.2444,16509.5547
17.966,8919,9125,Running,36,0.00,1,0,0,0,-1.0000,0.0,0,0.000,28.640,0.000,0.0,0.0,0.0,0,928766.8961,17362.7527
17.983,8953,9161,Running,36,0.00,1,0,0,0,-1.0000,0.0,0,0.000,28.640,0.000,0.0,0.0,0.0,0,927300.4501,16439.2519
18.000,8988,9195,Running,36,0.00,1,0,0,0,-1.0000,0.0,0,0.000,28.640,0.000,0.0,0.0,0.0,0,927325.4045,16612.4902
18.016,9022,9228,Running,36,0.00,1,0,0,0,-1.0000,0.0,0,0.000,28.640,0.000,0.0,0.0,0.0,0,930410.0633,16915.6222
18.033,9057,9263,Running,36,0.00,1,0,0,0,-1.0000,0.0,0,0.000,28.640,0.000,0.0,0.0,0.0,0,935703.5698,16548.4608
18.050,9091,9296,Running,36,0.00,1,0,0,0,-1.0000,0.0,0,0.000,28.640,0.000,0.0,0.0,0.0,0,934306.2944,16548.4608
18.066,9120,9248,Running,36,0.00,1,0,0,0,-1.0000,0.0,0,0.000,28.640,0.000,0.0,0.0,0.0,0,401677.7116,16004.2679
18.083,9134,9174,Running,37,0.00,1,0,0,0,-1.0000,0.0,0,0.000,28.640,0.000,0.0,0.0,0.0,0,138054.9026,15672.4321
18.100,9134,9102,Running,37,0.00,1,0,0,0,-1.0000,0.0,0,0.000,28.640,0.000,0.0,0.0,0.0,0,128938.7037,14414.3188
18.116,9124,9029,Running,36,0.00,1,0,0,0,-1.0000,0.0,0,0.000,28.640,0.000,0.0,0.0,0.0,0,125079.3485,14842.4173
18.133,9103,8957,Running,36,0.00,1,0,0,0,-1.0000,0.0,0,0.000,28.640,0.000,0.0,0.0,0.0,0,123308.5420,15346.5608
18.150,9075,8885,Running,36,0.00,1,0,0,0,-1.0000,0.0,0,0.000,28.640,0.000,0.0,0.0,0.0,0,122809.4961,17444.7901
18.166,9044,8893,Running,36,0.00,1,0,0,0,-1.0000,0.0,0,0.000,28.640,0.000,0.0,0.0,0.0,0,560295.4671,17055.4960
18.183,9025,8940,Running,36,0.00,1,0,0,0,-1.0000,0.0,0,0.000,28.640,0.000,0.0,0.0,0.0,0,962102.1052,17370.3091
18.200,9015,8982,Running,36,0.00,1,0,0,0,-1.0000,0.0,0,0.000,28.640,0.000,0.0,0.0,0.0,0,944059.6292,14476.3459
18.216,9013,9022,Running,36,0.00,1,0,0,0,-1.0000,0.0,0,0.000,28.640,0.000,0.0,0.0,0.0,0,941882.6782,17973.0640
18.233,9018,9062,Running,36,0.00,1,0,0,0,-1.0000,0.0,0,0.000,28.640,0.000,0.0,0.0,0.0,0,941805.4093,14584.3804
18.250,9028,9100,Running,36,0.00,1,0,0,0,-1.0000,0.0,0,0.000,28.640,0.000,0.0,0.0,0.0,0,937195.2950,17079.0788
18.266,9041,9136,Running,37,0.00,1,0,0,0,-1.0000,0.0,0,0.000,28.640,0.000,0.0,0.0,0.0,0,935067.4810,16123.4752
18.283,9059,9173,Running,37,0.00,1,0,0,0,-1.0000,0.0,0,0.000,28.640,0.000,0.0,0.0,0.0,0,936579.1128,16697.6052
18.300,9079,9209,Running,37,0.00,1,0,0,0,-1.0000,0.0,0,0.000,33.280,0.000,0.0,0.0,0.0,0,947518.8410,16697.6052
18.314,9102,9246,Running,37,0.00,1,0,0,0,-1.0000,0.0,0,0.000,33.280,0.000,0.0,0.0,0.0,0,950178.7219,15412.5628
18.333,9127,9281,Running,37,0.00,1,0,0,0,-1.0000,0.0,0,0.000,33.280,0.000,0.0,0.0,0.0,0,950034.3654,16155.5341
18.350,9153,9286,Running,37,0.00,1,0,0,0,-1.0000,0.0,0,0.000,33.280,0.000,0.0,0.0,0.0,0,805661.0194,16509.5794
18.366,9167,9213,Running,37,0.00,1,0,0,0,-1.0000,0.0,0,0.000,33.280,0.000,0.0,0.0,0.0,0,142911.2413,15420.5903
18.380,9169,9140,Running,37,0.00,1,0,0,0,-1.0000,0.0,0,0.000,33.280,0.000,0.0,0.0,0.0,0,131535.3235,17829.0497
18.400,9158,9067,Running,37,0.00,1,0,0,0,-1.0000,0.0,0,0.000,33.280,0.000,0.0,0.0,0.0,0,125945.8617,14927.9269
18.416,9139,8995,Running,37,0.00,1,0,0,0,-1.0000,0.0,0,0.000,33.280,0.000,0.0,0.0,0.0,0,124138.3735,13123.8241
18.433,9111,8922,Running,37,0.00,1,0,0,0,-1.0000,0.0,0,0.000,33.280,0.000,0.0,0.0,0.0,0,124450.0256,13123.8241
18.450,9076,8858,Running,37,0.00,1,0,0,0,-1.0000,0.0,0,0.000,33.280,0.000,0.0,0.0,0.0,0,124475.2680,16347.8619
18.466,9047,8914,Running,40,0.00,1,0,0,0,-1.0000,0.0,0,0.000,33.280,0.000,0.0,0.0,0.0,0,921545.3673,16889.0235
18.483,9031,8966,Running,40,0.00,1,0,0,0,-1.0000,0.0,0,0.000,33.280,0.000,0.0,0.0,0.0,0,966011.3447,19506.3431
18.500,9025,9020,Running,40,0.00,1,0,0,0,-1.0000,0.0,0,0.000,33.280,0.000,0.0,0.0,0.0,0,976175.9963,16944.3450
18.516,9029,9075,Running,40,0.00,1,0,0,0,-1.0000,0.0,0,0.000,33.280,0.000,0.0,0.0,0.0,0,985150.3633,15275.6951
18.533,9040,9128,Running,40,0.00,1,0,0,0,-1.0000,0.0,0,0.000,33.280,0.000,0.0,0.0,0.0,0,992936.4724,16855.4179
18.550,9058,9180,Running,40,0.00,1,0,0,0,-1.0000,0.0,0,0.000,33.280,0.000,0.0,0.0,0.0,0,991404.2887,15578.4720
18.566,9081,9232,Running,40,0.00,1,0,0,0,-1.0000,0.0,0,0.000,33.280,0.000,0.0,0.0,0.0,0,999158.0462,16130.5013
18.583,9108,9284,Running,40,0.00,1,0,0,0,-1.0000,0.0,0,0.000,33.280,0.000,0.0,0.0,0.0,0,1003378.8355,16646.8430
18.600,9136,9268,Running,40,0.00,1,0,0,0,-1.0000,0.0,0,0.000,33.280,0.000,0.0,0.0,0.0,0,634695.4154,16971.6279
18.616,9151,9195,Running,40,0.00,1,0,0,0,-1.0000,0.0,0,0.000,33.280,0.000,0.0,0.0,0.0,0,146544.8450,15724.0461
18.633,9152,9123,Running,40,0.00,1,0,0,0,-1.0000,0.0,0,0.000,33.280,0.000,0.0,0.0,0.0,0,144182.8266,16061.0084
18.650,9141,9050,Running,40,0.00,1,0,0,0,-1.0000,0.0,0,0.000,33.280,0.000,0.0,0.0,0.0,0,139119.6339,8106.9008
18.666,9122,8978,Running,42,0.00,1,0,0,0,-1.0000,0.0,0,0.000,33.280,0.000,0.0,0.0,0.0,0,137027.5479,14505.6031
18.683,9094,8906,Running,42,0.00,1,0,0,0,-1.0000,0.0,0,0.000,33.280,0.000,0.0,0.0,0.0,0,138421.6082,16787.0103
18.700,9061,8882,Running,42,0.00,1,0,0,0,-1.0000,0.0,0,0.000,36.880,0.000,0.0,0.0,0.0,0,303406.2545,16787.0103
18.716,9039,8958,Running,42,0.00,1,0,0,0,-1.0000,0.0,0,0.000,36.880,0.000,0.0,0.0,0.0,0,1035153.2025,16886.6752
18.733,9032,9027,Running,42,0.00,1,0,0,0,-1.0000,0.0,0,0.000,36.880,0.000,0.0,0.0,0.0,0,1012470.8050,19111.5259
18.750,9037,9093,Running,42,0.00,1,0,0,0,-1.0000,0.0,0,0.000,36.880,0.000,0.0,0.0,0.0,0,1015612.2209,17816.0413
18.766,9051,9159,Running,42,0.00,1,0,0,0,-1.0000,0.0,0,0.000,36.880,0.000,0.0,0.0,0.0,0,1022306.6077,15389.3055
18.783,9072,9223,Running,42,0.00,1,0,0,0,-1.0000,0.0,0,0.000,36.880,0.000,0.0,0.0,0.0,0,1029481.9337,17261.2859
18.800,9100,9283,Running,42,0.00,1,0,0,0,-1.0000,0.0,0,0.000,36.880,0.000,0.0,0.0,0.0,0,1025341.9224,15229.6440
18.816,9130,9266,Running,42,0.00,1,0,0,0,-1.0000,0.0,0,0.000,36.880,0.000,0.0,0.0,0.0,0,614669.0429,16442.7403
18.833,9145,9193,Running,42,0.00,1,0,0,0,-1.0000,0.0,0,0.000,36.880,0.000,0.0,0.0,0.0,0,154392.7016,15647.0445
18.839,9146,9120,Running,42,0.00,1,0,0,0,-1.0000,0.0,0,0.000,36.880,0.000,0.0,0.0,0.0,0,145801.7867,15979.7206
18.866,9137,9048,Running,42,0.00,1,0,0,0,-1.0000,0.0,0,0.000,36.880,0.000,0.0,0.0,0.0,0,143376.1388,8047.4842
18.883,9117,8976,Running,42,0.00,1,0,0,0,-1.0000,0.0,0,0.000,36.880,0.000,0.0,0.0,0.0,0,143675.8804,13018.6524
18.900,9090,8905,Running,42,0.00,1,0,0,0,-1.0000,0.0,0,0.000,36.880,0.000,0.0,0.0,0.0,0,144352.7265,16315.7070
18.916,9058,8891,Running,42,0.00,1,0,0,0,-1.0000,0.0,0,0.000,36.880,0.000,0.0,0.0,0.0,0,361442.9377,17413.9055
18.933,9038,8970,Running,42,0.00,1,0,0,0,-1.0000,0.0,0,0.000,36.880,0.000,0.0,0.0,0.0,0,1040343.0281,16798.7504
18.950,9033,9039,Running,42,0.00,1,0,0,0,-1.0000,0.0,0,0.000,36.880,0.000,0.0,0.0,0.0,0,1015195.8986,18895.2058
18.966,9040,9107,Running,42,0.00,1,0,0,0,-1.0000,0.0,0,0.000,39.840,0.000,0.0,0.0,0.0,0,1015488.7160,18895.2058
18.983,9055,9171,Running,42,0.00,1,0,0,0,-1.0000,0.0,0,0.000,39.840,0.000,0.0,0.0,0.0,0,1019807.8080,15375.8582
19.000,9078,9235,Running,42,0.00,1,0,0,0,-1.0000,0.0,0,0.000,39.840,0.000,0.0,0.0,0.0,0,1025628.1435,15351.5156
19.016,9107,9299,Running,42,0.00,1,0,0,0,-1.0000,0.0,0,0.000,39.840,0.000,0.0,0.0,0.0,0,1035212.7088,16603.0514
19.033,9134,9246,Running,42,0.00,1,0,0,0,-1.0000,0.0,0,0.000,39.840,0.000,0.0,0.0,0.0,0,383753.2733,17126.4389
19.050,9145,9173,Running,42,0.00,1,0,0,0,-1.0000,0.0,0,0.000,39.840,0.000,0.0,0.0,0.0,0,155822.4030,15551.5404
19.066,9144,9101,Running,42,0.00,1,0,0,0,-1.0000,0.0,0,0.000,39.840,0.000,0.0,0.0,0.0,0,149174.1265,15367.3375
19.083,9131,9029,Running,42,0.00,1,0,0,0,-1.0000,0.0,0,0.000,39.840,0.000,0.0,0.0,0.0,0,145577.8853,15367.3375
19.100,9110,8957,Running,42,0.00,1,0,0,0,-1.0000,0.0,0,0.000,39.840,0.000,0.0,0.0,0.0,0,143886.1890,14444.4163
19.116,9081,8885,Running,42,0.00,1,0,0,0,-1.0000,0.0,0,0.000,39.840,0.000,0.0,0.0,0.0,0,142777.8945,16642.8983
19.133,9050,8912,Running,46,0.00,1,0,0,0,-1.0000,0.0,0,0.000,39.840,0.000,0.0,0.0,0.0,0,584078.6070,16544.8786
19.150,9035,8995,Running,46,0.00,1,0,0,0,-1.0000,0.0,0,0.000,42.080,0.000,0.0,0.0,0.0,0,1047127.5401,16814.6697
19.166,9036,9075,Running,46,0.00,1,0,0,0,-1.0000,0.0,0,0.000,42.320,0.000,0.0,0.0,0.0,0,1040666.5838,17275.0146
19.183,9048,9154,Running,46,0.00,1,0,0,0,-1.0000,0.0,0,0.000,42.320,0.000,0.0,0.0,0.0,0,1047503.9123,16725.9219
19.200,9070,9231,Running,46,0.00,1,0,0,0,-1.0000,0.0,0,0.000,42.320,0.000,0.0,0.0,0.0,0,1057473.4702,15268.9670
19.216,9101,9305,Running,46,0.00,1,0,0,0,-1.0000,0.0,0,0.000,42.320,0.000,0.0,0.0,0.0,0,1058637.6773,14771.1308
19.233,9127,9236,Running,46,0.00,1,0,0,0,-1.0000,0.0,0,0.000,42.320,0.000,0.0,0.0,0.0,0,289310.6755,14771.1308
19.250,9138,9163,Running,46,0.00,1,0,0,0,-1.0000,0.0,0,0.000,42.320,0.000,0.0,0.0,0.0,0,159400.6473,16686.2919
19.266,9136,9091,Running,46,0.00,1,0,0,0,-1.0000,0.0,0,0.000,42.320,0.000,0.0,0.0,0.0,0,153386.4064,11893.8892
19.283,9123,9019,Running,46,0.00,1,0,0,0,-1.0000,0.0,0,0.000,42.320,0.000,0.0,0.0,0.0,0,152803.3943,16599.8113
19.300,9102,8947,Running,46,0.00,1,0,0,0,-1.0000,0.0,0,0.000,42.320,0.000,0.0,0.0,0.0,0,153324.8652,17349.9571
19.316,9072,8876,Running,44,0.00,1,0,0,0,-1.0000,0.0,0,0.000,42.320,0.000,0.0,0.0,0.0,0,153590.9712,15530.3658
19.333,9044,8930,Running,44,0.00,1,0,0,0,-1.0000,0.0,0,0.000,42.320,0.000,0.0,0.0,0.0,0,720892.0348,16948.4523
19.350,9033,9012,Running,44,0.00,1,0,0,0,-1.0000,0.0,0,0.000,42.320,0.000,0.0,0.0,0.0,0,1046438.4308,16948.4523
19.366,9036,9088,Running,44,0.00,1,0,0,0,-1.0000,0.0,0,0.000,42.320,0.000,0.0,0.0,0.0,0,1035336.5646,17974.2881
19.383,9050,9160,Running,44,0.00,1,0,0,0,-1.0000,0.0,0,0.000,42.320,0.000,0.0,0.0,0.0,0,1039759.8160,16214.3088
19.400,9072,9232,Running,44,0.00,1,0,0,0,-1.0000,0.0,0,0.000,42.320,0.000,0.0,0.0,0.0,0,1041783.3901,16018.4082
19.416,9103,9303,Running,44,0.00,1,0,0,0,-1.0000,0.0,0,0.000,42.320,0.000,0.0,0.0,0.0,0,1049397.0092,16164.6966
19.433,9129,9241,Running,44,0.00,1,0,0,0,-1.0000,0.0,0,0.000,42.320,0.000,0.0,0.0,0.0,0,334926.4864,15255.4874
19.450,9141,9169,Running,44,0.00,1,0,0,0,-1.0000,0.0,0,0.000,42.320,0.000,0.0,0.0,0.0,0,152775.2617,16167.4849
19.466,9139,9096,Running,40,0.00,1,0,0,0,-1.0000,0.0,0,0.000,42.320,0.000,0.0,0.0,0.0,0,150920.1283,16167.4849
19.483,9127,9024,Running,40,0.00,1,0,0,0,-1.0000,0.0,0,0.000,42.320,0.000,0.0,0.0,0.0,0,144197.2049,11204.1769
19.500,9105,8952,Running,40,0.00,1,0,0,0,-1.0000,0.0,0,0.000,42.320,0.000,0.0,0.0,0.0,0,139074.2236,16327.4918
19.516,9076,8881,Running,40,0.00,1,0,0,0,-1.0000,0.0,0,0.000,42.320,0.000,0.0,0.0,0.0,0,134934.6744,16433.5222
19.533,9046,8908,Running,40,0.00,1,0,0,0,-1.0000,0.0,0,0.000,42.320,0.000,0.0,0.0,0.0,0,644406.8601,16757.9938
19.550,9030,8972,Running,40,0.00,1,0,0,0,-1.0000,0.0,0,0.000,42.320,0.000,0.0,0.0,0.0,0,1002462.0126,17170.9972
19.566,9026,9029,Running,40,0.00,1,0,0,0,-1.0000,0.0,0,0.000,42.320,0.000,0.0,0.0,0.0,0,986752.4550,17719.2974
19.583,9031,9084,Running,40,0.00,1,0,0,0,-1.0000,0.0,0,0.000,42.320,0.000,0.0,0.0,0.0,0,986377.1507,15206.8433
19.600,9043,9137,Running,40,0.00,1,0,0,0,-1.0000,0.0,0,0.000,42.320,0.000,0.0,0.0,0.0,0,990768.8641,15918.4120
19.616,9062,9190,Running,40,0.00,1,0,0,0,-1.0000,0.0,0,0.000,42.320,0.000,0.0,0.0,0.0,0,994945.5099,16408.6416
19.633,9085,9234,Running,26,0.00,1,0,0,0,-1.0000,0.0,0,0.000,42.320,0.000,0.0,0.0,0.0,0,985013.0683,15956.5279
19.650,9110,9251,Running,24,0.00,1,0,0,0,-1.0000,0.0,0,0.000,48.240,0.000,0.0,0.0,0.0,0,871825.6852,15905.7099
19.666,9132,9250,Running,21,0.00,1,0,0,0,-1.0000,0.0,0,0.000,48.400,0.000,0.0,0.0,0.0,0,750710.1224,12335.9140
19.683,9149,9234,Running,21,0.00,1,0,0,0,-1.0000,0.0,0,0.000,48.560,0.000,0.0,0.0,0.0,0,650526.2325,9719.8821
19.700,9160,9209,Running,21,0.00,1,0,0,0,-1.0000,0.0,0,0.000,48.560,0.000,0.0,0.0,0.0,0,582077.6539,13196.6947
19.716,9165,9178,Running,21,0.00,1,0,0,0,-1.0000,0.0,0,0.000,48.560,0.000,0.0,0.0,0.0,0,534274.9891,12191.1386
19.733,9164,9144,Running,21,0.00,1,0,0,0,-1.0000,0.0,0,0.000,48.560,0.000,0.0,0.0,0.0,0,515598.4663,12191.1386
19.750,9158,9109,Running,21,0.00,1,0,0,0,-1.0000,0.0,0,0.000,48.560,0.000,0.0,0.0,0.0,0,504180.5538,16867.0309
19.766,9148,9073,Running,21,0.00,1,0,0,0,-1.0000,0.0,0,0.000,48.560,0.000,0.0,0.0,0.0,0,497025.3547,15721.3476
19.783,9133,9037,Running,21,0.00,1,0,0,0,-1.0000,0.0,0,0.000,48.560,0.000,0.0,0.0,0.0,0,488317.9664,17743.5566
19.800,9116,9001,Running,21,0.00,1,0,0,0,-1.0000,0.0,0,0.000,48.560,0.000,0.0,0.0,0.0,0,488092.8418,16417.8504
19.816,9095,8965,Running,21,0.00,1,0,0,0,-1.0000,0.0,0,0.000,48.560,0.000,0.0,0.0,0.0,0,485693.4327,17537.2932
19.833,9072,8929,Running,19,0.00,1,0,0,0,-1.0000,0.0,0,0.000,48.560,0.000,0.0,0.0,0.0,0,480725.7208,16296.7766
19.850,9047,8890,Running,19,0.00,1,0,0,0,-1.0000,0.0,0,0.000,48.560,0.000,0.0,0.0,0.0,0,461210.0946,15853.0642
19.866,9020,8850,Running,19,0.00,1,0,0,0,-1.0000,0.0,0,0.000,48.560,0.000,0.0,0.0,0.0,0,439014.6359,16854.3123
19.883,8990,8808,Running,18,0.00,1,0,0,0,-1.0000,0.0,0,0.000,49.840,0.000,0.0,0.0,0.0,0,421770.2403,16615.2971
19.900,8959,8766,Running,18,0.00,1,0,0,0,-1.0000,0.0,0,0.000,49.840,0.000,0.0,0.0,0.0,0,408783.0194,15954.9065
19.916,8926,8723,Running,18,0.00,1,0,0,0,-1.0000,0.0,0,0.000,49.840,0.000,0.0,0.0,0.0,0,409339.0893,18229.4422
19.933,8891,8681,Running,18,0.00,1,0,0,0,-1.0000,0.0,0,0.000,49.840,0.000,0.0,0.0,0.0,0,403961.4561,18598.3818
19.950,8856,8638,Running,18,0.00,1,0,0,0,-1.0000,0.0,0,0.000,49.840,0.000,0.0,0.0,0.0,0,393225.3273,17040.0809
19.966,8819,8596,Running,18,0.00,1,0,0,0,-1.0000,0.0,0,0.000,49.840,0.000,0.0,0.0,0.0,0,398851.6061,17347.9563
19.983,8781,8554,Running,18,0.00,1,0,0,0,-1.0000,0.0,0,0.000,49.840,0.000,0.0,0.0,0.0,0,392419.2993,15077.6728
20.000,8743,8512,Running,18,0.00,1,0,0,0,-1.0000,0.0,0,0.000,49.840,0.000,0.0,0.0,0.0,0,393807.8527,15654.4301
20.016,8704,8470,Running,18,0.00,1,0,0,0,-1.0000,0.0,0,0.000,49.840,0.000,0.0,0.0,0.0,0,390837.5841,17430.7247
20.033,8665,8428,Running,13,0.00,1,0,0,0,-1.0000,0.0,0,0.000,49.840,0.000,0.0,0.0,0.0,0,388740.2535,17430.7247
20.050,8625,8382,Running,13,0.00,1,0,0,0,-1.0000,0.0,0,0.000,49.840,0.000,0.0,0.0,0.0,0,331079.0770,16858.3344
20.066,8584,8332,Running,12,0.00,1,0,0,0,-1.0000,0.0,0,0.000,49.840,0.000,0.0,0.0,0.0,0,294799.8212,15735.4561
20.083,8541,8281,Running,12,0.00,1,0,0,0,-1.0000,0.0,0,0.000,50.320,0.000,0.0,0.0,0.0,0,257583.9595,16391.6342
20.100,8497,8228,Running,12,0.00,1,0,0,0,-1.0000,0.0,0,0.000,50.400,0.000,0.0,0.0,0.0,0,240032.0838,17605.5697
20.116,8451,8175,Running,12,0.00,1,0,0,0,-1.0000,0.0,0,0.000,50.400,0.000,0.0,0.0,0.0,0,227277.8143,17700.5763
20.133,8404,8121,Running,12,0.00,1,0,0,0,-1.0000,0.0,0,0.000,50.400,0.000,0.0,0.0,0.0,0,223262.4527,17063.5201
20.150,8357,8068,Running,12,0.00,1,0,0,0,-1.0000,0.0,0,0.000,50.400,0.000,0.0,0.0,0.0,0,218382.3087,17063.5201
20.166,8308,8014,Running,12,0.00,1,0,0,0,-1.0000,0.0,0,0.000,50.400,0.000,0.0,0.0,0.0,0,215541.5108,18065.2686
20.183,8259,7961,Running,12,0.00,1,0,0,0,-1.0000,0.0,0,0.000,50.400,0.000,0.0,0.0,0.0,0,215564.7929,18610.7780
20.200,8209,7908,Running,12,0.00,1,0,0,0,-1.0000,0.0,0,0.000,50.400,0.000,0.0,0.0,0.0,0,217040.6937,18994.6677
20.216,8158,7856,Running,12,0.00,1,0,0,0,-1.0000,0.0,0,0.000,50.400,0.000,0.0,0.0,0.0,0,217934.8734,18176.5589
20.233,8108,7804,Running,12,0.00,1,0,0,0,-1.0000,0.0,0,0.000,50.240,0.000,0.0,0.0,0.0,0,209199.3881,17767.1380
20.250,8057,7752,Running,12,0.00,1,0,0,0,-1.0000,0.0,0,0.000,50.240,0.000,0.0,0.0,0.0,0,211356.6397,18329.2405
20.266,8006,7701,Running,12,0.00,1,0,0,0,-1.0000,0.0,0,0.000,50.240,0.000,0.0,0.0,0.0,0,217855.8592,17481.9782
20.283,7955,7650,Running,12,0.00,1,0,0,0,-1.0000,0.0,0,0.000,50.240,0.000,0.0,0.0,0.0,0,208144.6628,17434.3101
20.300,7904,7599,Running,12,0.00,1,0,0,0,-1.0000,0.0,0,0.000,50.240,0.000,0.0,0.0,0.0,0,218972.1117,16767.7776
20.316,7853,7549,Running,12,0.00,1,0,0,0,-1.0000,0.0,0,0.000,50.240,0.000,0.0,0.0,0.0,0,206983.0344,16253.7289
20.333,7802,7499,Running,12,0.00,1,0,0,0,-1.0000,0.0,0,0.000,50.240,0.000,0.0,0.0,0.0,0,216308.2739,17745.3530
20.350,7752,7450,Running,12,0.00,1,0,0,0,-1.0000,0.0,0,0.000,50.240,0.000,0.0,0.0,0.0,0,213658.6002,16323.1003
20.366,7701,7401,Running,12,0.00,1,0,0,0,-1.0000,0.0,0,0.000,50.240,0.000,0.0,0.0,0.0,0,206806.1282,15611.0866
20.383,7651,7352,Running,12,0.00,1,0,0,0,-1.0000,0.0,0,0.000,50.240,0.000,0.0,0.0,0.0,0,213101.8587,15611.0866
20.394,7602,7304,Running,12,0.00,1,0,0,0,-1.0000,0.0,0,0.000,50.240,0.000,0.0,0.0,0.0,0,215152.3935,16484.9184
20.414,7552,7256,Running,11,0.00,1,0,0,0,-1.0000,0.0,0,0.000,50.240,0.000,0.0,0.0,0.0,0,212462.9599,17272.5328
20.433,7503,7207,Running,11,0.00,1,0,0,0,-1.0000,0.0,0,0.000,49.840,0.000,0.0,0.0,0.0,0,201733.2775,16703.9524
20.441,7453,7158,Running,11,0.00,1,0,0,0,-1.0000,0.0,0,0.000,49.840,0.000,0.0,0.0,0.0,0,191920.5589,18624.6211
20.466,7404,7109,Running,11,0.00,1,0,0,0,-1.0000,0.0,0,0.000,49.840,0.000,0.0,0.0,0.0,0,183855.6986,17950.6971
20.483,7355,7060,Running,11,0.00,1,0,0,0,-1.0000,0.0,0,0.000,49.840,0.000,0.0,0.0,0.0,0,178810.5845,19675.8418
20.500,7306,7012,Running,11,0.00,1,0,0,0,-1.0000,0.0,0,0.000,49.840,0.000,0.0,0.0,0.0,0,170278.8870,19675.8418
20.516,7257,6963,Running,11,0.00,1,0,0,0,-1.0000,0.0,0,0.000,49.840,0.000,0.0,0.0,0.0,0,170015.6439,20695.0621
20.533,7208,6915,Running,11,0.00,1,0,0,0,-1.0000,0.0,0,0.000,49.840,0.000,0.0,0.0,0.0,0,178223.5878,18968.1886
20.550,7159,6867,Running,11,0.00,1,0,0,0,-1.0000,0.0,0,0.000,49.840,0.000,0.0,0.0,0.0,0,169832.1665,20910.3935
20.566,7110,6820,Running,11,0.00,1,0,0,0,-1.0000,0.0,0,0.000,49.840,0.000,0.0,0.0,0.0,0,171071.7601,19955.0629
20.583,7062,6773,Running,11,0.00,1,0,0,0,-1.0000,0.0,0,0.000,49.520,0.000,0.0,0.0,0.0,0,181534.0152,20327.9309
20.600,7014,6727,Running,11,0.00,1,0,0,0,-1.0000,0.0,0,0.000,49.520,0.000,0.0,0.0,0.0,0,173198.8175,20104.5148
20.616,6966,6681,Running,11,0.00,1,0,0,0,-1.0000,0.0,0,0.000,49.520,0.000,0.0,0.0,0.0,0,183771.2050,18607.9320
20.633,6919,6635,Running,11,0.00,1,0,0,0,-1.0000,0.0,0,0.000,49.520,0.000,0.0,0.0,0.0,0,175054.7311,20789.3586
20.650,6871,6590,Running,11,0.00,1,0,0,0,-1.0000,0.0,0,0.000,49.520,0.000,0.0,0.0,0.0,0,181697.2715,20035.5110
20.666,6825,6545,Running,11,0.00,1,0,0,0,-1.0000,0.0,0,0.000,49.520,0.000,0.0,0.0,0.0,0,181829.6562,20747.8020
20.683,6778,6501,Running,11,0.00,1,0,0,0,-1.0000,0.0,0,0.000,49.520,0.000,0.0,0.0,0.0,0,177249.5271,20244.5659
20.700,6732,6457,Running,11,0.00,1,0,0,0,-1.0000,0.0,0,0.000,49.520,0.000,0.0,0.0,0.0,0,178407.6153,19927.4634
20.716,6686,6413,Running,11,0.00,1,0,0,0,-1.0000,0.0,0,0.000,49.520,0.000,0.0,0.0,0.0,0,181895.5560,20058.2607
20.733,6641,6370,Running,11,0.00,1,0,0,0,-1.0000,0.0,0,0.000,49.520,0.000,0.0,0.0,0.0,0,175781.1039,18448.6784
20.750,6596,6327,Running,11,0.00,1,0,0,0,-1.0000,0.0,0,0.000,49.520,0.000,0.0,0.0,0.0,0,175474.4817,20698.1752
20.766,6551,6284,Running,11,0.00,1,0,0,0,-1.0000,0.0,0,0.000,49.200,0.000,0.0,0.0,0.0,0,177965.8884,20698.1752
20.783,6507,6242,Running,11,0.00,1,0,0,0,-1.0000,0.0,0,0.000,49.120,0.000,0.0,0.0,0.0,0,174638.3927,19987.0372
20.800,6462,6200,Running,11,0.00,1,0,0,0,-1.0000,0.0,0,0.000,49.120,0.000,0.0,0.0,0.0,0,175062.9727,20135.1549
20.816,6419,6158,Running,11,0.00,1,0,0,0,-1.0000,0.0,0,0.000,49.120,0.000,0.0,0.0,0.0,0,175419.7336,19787.9162
20.833,6375,6117,Running,11,0.00,1,0,0,0,-1.0000,0.0,0,0.000,49.120,0.000,0.0,0.0,0.0,0,175163.7153,19911.3288
20.850,6332,6076,Running,11,0.00,1,0,0,0,-1.0000,0.0,0,0.000,49.120,0.000,0.0,0.0,0.0,0,179056.8594,20350.1006
20.866,6290,6036,Running,11,0.00,1,0,0,0,-1.0000,0.0,0,0.000,49.120,0.000,0.0,0.0,0.0,0,179768.8801,19492.9851
20.883,6248,5995,Running,11,0.00,1,0,0,0,-1.0000,0.0,0,0.000,49.120,0.000,0.0,0.0,0.0,0,171343.5572,19470.2261
20.900,6206,5955,Running,12,0.00,1,0,0,0,-1.0000,0.0,0,0.000,49.120,0.000,0.0,0.0,0.0,0,174516.2213,19354.8694
20.916,6164,5916,Running,12,0.00,1,0,0,0,-1.0000,0.0,0,0.000,49.120,0.000,0.0,0.0,0.0,0,182083.2043,18835.5506
20.933,6123,5878,Running,12,0.00,1,0,0,0,-1.0000,0.0,0,0.000,49.120,0.000,0.0,0.0,0.0,0,177416.9957,19371.4801
20.950,6082,5840,Running,12,0.00,1,0,0,0,-1.0000,0.0,0,0.000,49.120,0.000,0.0,0.0,0.0,0,193659.2795,19140.9160
20.966,6042,5802,Running,12,0.00,1,0,0,0,-1.0000,0.0,0,0.000,49.120,0.000,0.0,0.0,0.0,0,182572.3048,19093.4878
20.983,6002,5765,Running,12,0.00,1,0,0,0,-1.0000,0.0,0,0.000,49.120,0.000,0.0,0.0,0.0,0,194687.7295,19624.3928
21.000,5963,5729,Running,12,0.00,1,0,0,0,-1.0000,0.0,0,0.000,49.120,0.000,0.0,0.0,0.0,0,186725.7068,18467.4486
21.016,5924,5692,Running,12,0.00,1,0,0,0,-1.0000,0.0,0,0.000,49.120,0.000,0.0,0.0,0.0,0,192470.0660,18631.6204
21.033,5885,5657,Running,12,0.00,1,0,0,0,-1.0000,0.0,0,0.000,49.120,0.000,0.0,0.0,0.0,0,196115.9660,18631.6204
21.050,5847,5621,Running,12,0.00,1,0,0,0,-1.0000,0.0,0,0.000,49.120,0.000,0.0,0.0,0.0,0,188707.4678,18847.8962
21.066,5810,5586,Running,12,0.00,1,0,0,0,-1.0000,0.0,0,0.000,47.920,0.000,0.0,0.0,0.0,0,188363.7840,18766.7452
21.083,5773,5551,Running,11,0.00,1,0,0,0,-1.0000,0.0,0,0.000,47.920,0.000,0.0,0.0,0.0,0,189325.6077,19002.7624
21.100,5736,5516,Running,11,0.00,1,0,0,0,-1.0000,0.0,0,0.000,47.920,0.000,0.0,0.0,0.0,0,186053.6201,18881.4959
21.116,5699,5481,Running,11,0.00,1,0,0,0,-1.0000,0.0,0,0.000,47.840,0.000,0.0,0.0,0.0,0,178239.5464,19034.3528
21.133,5663,5447,Running,11,0.00,1,0,0,0,-1.0000,0.0,0,0.000,47.840,0.000,0.0,0.0,0.0,0,175485.4839,18691.7908
21.150,5627,5412,Running,11,0.00,1,0,0,0,-1.0000,0.0,0,0.000,47.840,0.000,0.0,0.0,0.0,0,172396.4298,17436.6217
21.166,5591,5377,Running,11,0.00,1,0,0,0,-1.0000,0.0,0,0.000,47.840,0.000,0.0,0.0,0.0,0,169071.1596,17769.3954
21.183,5556,5343,Running,11,0.00,1,0,0,0,-1.0000,0.0,0,0.000,47.840,0.000,0.0,0.0,0.0,0,170761.8349,17147.9796
21.200,5520,5310,Running,11,0.00,1,0,0,0,-1.0000,0.0,0,0.000,47.840,0.000,0.0,0.0,0.0,0,170875.6405,17124.8266
21.214,5485,5276,Running,11,0.00,1,0,0,0,-1.0000,0.0,0,0.000,47.840,0.000,0.0,0.0,0.0,0,168518.2136,16508.9313
21.233,5451,5243,Running,10,0.00,1,0,0,0,-1.0000,0.0,0,0.000,47.840,0.000,0.0,0.0,0.0,0,165486.2419,17708.1360
21.250,5416,5210,Running,10,0.00,1,0,0,0,-1.0000,0.0,0,0.000,47.840,0.000,0.0,0.0,0.0,0,158947.1924,16398.1083
21.266,5382,5176,Running,10,0.00,1,0,0,0,-1.0000,0.0,0,0.000,47.440,0.000,0.0,0.0,0.0,0,154158.6113,16147.2617
21.283,5347,5142,Running,10,0.00,1,0,0,0,-1.0000,0.0,0,0.000,47.440,0.000,0.0,0.0,0.0,0,152942.9022,16613.8031
21.300,5313,5109,Running,10,0.00,1,0,0,0,-1.0000,0.0,0,0.000,47.440,0.000,0.0,0.0,0.0,0,147047.2600,17084.4659
21.316,5279,5075,Running,10,0.00,1,0,0,0,-1.0000,0.0,0,0.000,47.440,0.000,0.0,0.0,0.0,0,138685.2386,16377.0062
21.333,5245,5042,Running,10,0.00,1,0,0,0,-1.0000,0.0,0,0.000,47.440,0.000,0.0,0.0,0.0,0,145832.3245,16438.4606
21.350,5211,5009,Running,10,0.00,1,0,0,0,-1.0000,0.0,0,0.000,47.440,0.000,0.0,0.0,0.0,0,139747.2666,16432.4854
21.366,5178,4976,Running,10,0.00,1,0,0,0,-1.0000,0.0,0,0.000,47.440,0.000,0.0,0.0,0.0,0,135699.0419,17878.2933
21.383,5144,4944,Running,10,0.00,1,0,0,0,-1.0000,0.0,0,0.000,47.440,0.000,0.0,0.0,0.0,0,141078.8810,16630.7193
21.400,5111,4911,Running,10,0.00,1,0,0,0,-1.0000,0.0,0,0.000,47.440,0.000,0.0,0.0,0.0,0,133604.4097,17423.4336
21.411,5077,4879,Running,10,0.00,1,0,0,0,-1.0000,0.0,0,0.000,47.440,0.000,0.0,0.0,0.0,0,138458.7110,17423.4336
21.411,5044,4847,Running,10,0.00,1,0,0,0,-1.0000,0.0,0,0.000,47.440,0.000,0.0,0.0,0.0,0,136694.3013,18051.7983
21.411,5011,4815,Running,10,0.00,1,0,0,0,-1.0000,0.0,0,0.000,47.440,0.000,0.0,0.0,0.0,0,133671.0117,16556.2094
21.411,4979,4784,Running,10,0.00,1,0,0,0,-1.0000,0.0,0,0.000,47.440,0.000,0.0,0.0,0.0,0,141110.5024,17753.7892
21.483,4946,4753,Running,10,0.00,1,0,0,0,-1.0000,0.0,0,0.000,46.720,0.000,0.0,0.0,0.0,0,135003.5074,18766.4464
21.500,4914,4722,Running,10,0.00,1,0,0,0,-1.0000,0.0,0,0.000,46.720,0.000,0.0,0.0,0.0,0,131307.0999,16164.5433
21.516,4882,4691,Running,10,0.00,1,0,0,0,-1.0000,0.0,0,0.000,46.720,0.000,0.0,0.0,0.0,0,138549.2547,18428.2208
21.533,4850,4661,Running,10,0.00,1,0,0,0,-1.0000,0.0,0,0.000,46.720,0.000,0.0,0.0,0.0,0,138961.6613,16360.7146
21.550,4819,4631,Running,10,0.00,1,0,0,0,-1.0000,0.0,0,0.000,46.720,0.000,0.0,0.0,0.0,0,135529.5829,18169.0497
21.566,4788,4601,Running,10,0.00,1,0,0,0,-1.0000,0.0,0,0.000,46.720,0.000,0.0,0.0,0.0,0,133028.8738,17789.5544
21.583,4757,4572,Running,10,0.00,1,0,0,0,-1.0000,0.0,0,0.000,46.720,0.000,0.0,0.0,0.0,0,132733.2822,19470.5127
21.600,4726,4543,Running,10,0.00,1,0,0,0,-1.0000,0.0,0,0.000,46.720,0.000,0.0,0.0,0.0,0,133261.0298,17488.6172
21.616,4696,4514,Running,10,0.00,1,0,0,0,-1.0000,0.0,0,0.000,46.720,0.000,0.0,0.0,0.0,0,134672.5554,18572.8845
21.633,4665,4486,Running,10,0.00,1,0,0,0,-1.0000,0.0,0,0.000,46.720,0.000,0.0,0.0,0.0,0,132349.9350,17637.5041
21.650,4635,4457,Running,10,0.00,1,0,0,0,-1.0000,0.0,0,0.000,46.720,0.000,0.0,0.0,0.0,0,133451.5859,17657.3153
21.666,4606,4429,Running,10,0.00,1,0,0,0,-1.0000,0.0,0,0.000,46.720,0.000,0.0,0.0,0.0,0,132968.3154,19059.6739
21.683,4577,4402,Running,10,0.00,1,0,0,0,-1.0000,0.0,0,0.000,46.720,0.000,0.0,0.0,0.0,0,135109.4331,17673.9868
21.700,4548,4375,Running,10,0.00,1,0,0,0,-1.0000,0.0,0,0.000,46.720,0.000,0.0,0.0,0.0,0,135115.0052,18984.2595
21.716,4519,4348,Running,10,0.00,1,0,0,0,-1.0000,0.0,0,0.000,46.720,0.000,0.0,0.0,0.0,0,135378.9582,19797.8136
21.733,4490,4321,Running,10,0.00,1,0,0,0,-1.0000,0.0,0,0.000,46.720,0.000,0.0,0.0,0.0,0,132270.8021,20297.0608
21.750,4462,4295,Running,10,0.00,1,0,0,0,-1.0000,0.0,0,0.000,46.720,0.000,0.0,0.0,0.0,0,128287.9093,19386.8625
21.766,4434,4269,Running,11,0.00,1,0,0,0,-1.0000,0.0,0,0.000,45.760,0.000,0.0,0.0,0.0,0,135048.3220,18407.5870
21.783,4407,4244,Running,11,0.00,1,0,0,0,-1.0000,0.0,0,0.000,45.760,0.000,0.0,0.0,0.0,0,141956.2688,19043.9486
21.800,4380,4219,Running,11,0.00,1,0,0,0,-1.0000,0.0,0,0.000,45.760,0.000,0.0,0.0,0.0,0,140395.5030,19043.9486
21.816,4353,4194,Running,11,0.00,1,0,0,0,-1.0000,0.0,0,0.000,45.760,0.000,0.0,0.0,0.0,0,134931.9176,19882.4670
21.833,4327,4170,Running,11,0.00,1,0,0,0,-1.0000,0.0,0,0.000,45.760,0.000,0.0,0.0,0.0,0,146461.5062,18794.1674
21.850,4301,4147,Running,11,0.00,1,0,0,0,-1.0000,0.0,0,0.000,45.760,0.000,0.0,0.0,0.0,0,143146.3153,20023.8265
21.866,4275,4124,Running,11,0.00,1,0,0,0,-1.0000,0.0,0,0.000,45.760,0.000,0.0,0.0,0.0,0,140299.2513,19215.4089
21.883,4250,4101,Running,11,0.00,1,0,0,0,-1.0000,0.0,0,0.000,45.760,0.000,0.0,0.0,0.0,0,150890.5815,17805.8245
21.900,4226,4079,Running,11,0.00,1,0,0,0,-1.0000,0.0,0,0.000,45.760,0.000,0.0,0.0,0.0,0,137025.1080,18843.1945
21.916,4201,4056,Running,11,0.00,1,0,0,0,-1.0000,0.0,0,0.000,45.760,0.000,0.0,0.0,0.0,0,150687.5781,18843.1945
21.933,4177,4034,Running,11,0.00,1,0,0,0,-1.0000,0.0,0,0.000,45.760,0.000,0.0,0.0,0.0,0,138060.3187,17732.8022
21.950,4154,4013,Running,11,0.00,1,0,0,0,-1.0000,0.0,0,0.000,45.760,0.000,0.0,0.0,0.0,0,153669.1615,18235.6110
21.966,4130,3992,Running,11,0.00,1,0,0,0,-1.0000,0.0,0,0.000,45.760,0.000,0.0,0.0,0.0,0,141426.6039,17309.7371
21.983,4108,3972,Running,11,0.00,1,0,0,0,-1.0000,0.0,0,0.000,45.200,0.000,0.0,0.0,0.0,0,156634.4043,18727.8315
22.000,4085,3952,Running,11,0.00,1,0,0,0,-1.0000,0.0,0,0.000,45.200,0.000,0.0,0.0,0.0,0,142632.2947,21136.6168
22.014,4063,3932,Running,11,0.00,1,0,0,0,-1.0000,0.0,0,0.000,45.200,0.000,0.0,0.0,0.0,0,149479.7689,18239.1837
22.033,4041,3912,Running,11,0.00,1,0,0,0,-1.0000,0.0,0,0.000,45.200,0.000,0.0,0.0,0.0,0,155770.7211,16776.7773
22.050,4020,3893,Running,11,0.00,1,0,0,0,-1.0000,0.0,0,0.000,45.200,0.000,0.0,0.0,0.0,0,142254.5561,17863.5616
22.064,3999,3874,Running,11,0.00,1,0,0,0,-1.0000,0.0,0,0.000,45.200,0.000,0.0,0.0,0.0,0,152204.5201,18978.1325
22.083,3978,3855,Running,11,0.00,1,0,0,0,-1.0000,0.0,0,0.000,45.200,0.000,0.0,0.0,0.0,0,155746.9219,18961.6959
22.100,3958,3836,Running,11,0.00,1,0,0,0,-1.0000,0.0,0,0.000,45.200,0.000,0.0,0.0,0.0,0,144417.2756,18438.5861
22.116,3938,3818,Running,11,0.00,1,0,0,0,-1.0000,0.0,0,0.000,45.200,0.000,0.0,0.0,0.0,0,147350.2699,18439.3922
22.133,3918,3801,Running,12,0.00,1,0,0,0,-1.0000,0.0,0,0.000,45.200,0.000,0.0,0.0,0.0,0,155404.3103,19160.8638
22.150,3898,3783,Running,12,0.00,1,0,0,0,-1.0000,0.0,0,0.000,45.200,0.000,0.0,0.0,0.0,0,153580.0195,18274.0841
22.166,3879,3765,Running,11,0.00,1,0,0,0,-1.0000,0.0,0,0.000,44.560,0.000,0.0,0.0,0.0,0,147237.9801,17448.6253
22.183,3860,3748,Running,11,0.00,1,0,0,0,-1.0000,0.0,0,0.000,44.480,0.000,0.0,0.0,0.0,0,149715.6398,16068.5028
22.200,3842,3731,Running,11,0.00,1,0,0,0,-1.0000,0.0,0,0.000,44.480,0.000,0.0,0.0,0.0,0,148602.7318,18679.5236
22.216,3823,3714,Running,11,0.00,1,0,0,0,-1.0000,0.0,0,0.000,44.480,0.000,0.0,0.0,0.0,0,153838.2883,18679.5236
22.233,3805,3697,Running,11,0.00,1,0,0,0,-1.0000,0.0,0,0.000,44.480,0.000,0.0,0.0,0.0,0,151784.8874,18197.9015
22.250,3787,3681,Running,11,0.00,1,0,0,0,-1.0000,0.0,0,0.000,44.480,0.000,0.0,0.0,0.0,0,152405.8532,17761.6863
22.264,3770,3665,Running,11,0.00,1,0,0,0,-1.0000,0.0,0,0.000,44.480,0.000,0.0,0.0,0.0,0,149277.2319,16375.4172
22.283,3752,3648,Running,11,0.00,1,0,0,0,-1.0000,0.0,0,0.000,44.480,0.000,0.0,0.0,0.0,0,146209.6782,18541.0459
22.300,3735,3633,Running,11,0.00,1,0,0,0,-1.0000,0.0,0,0.000,44.480,0.000,0.0,0.0,0.0,0,146834.9367,17667.2214
22.314,3718,3617,Running,11,0.00,1,0,0,0,-1.0000,0.0,0,0.000,44.480,0.000,0.0,0.0,0.0,0,148018.0612,17926.1743
22.333,3701,3601,Running,12,0.00,1,0,0,0,-1.0000,0.0,0,0.000,44.480,0.000,0.0,0.0,0.0,0,145669.0570,17282.8262
22.350,3685,3586,Running,12,0.00,1,0,0,0,-1.0000,0.0,0,0.000,44.480,0.000,0.0,0.0,0.0,0,147422.0272,18450.8005
22.366,3668,3571,Running,12,0.00,1,0,0,0,-1.0000,0.0,0,0.000,44.480,0.000,0.0,0.0,0.0,0,150052.0110,17433.3720
22.383,3652,3557,Running,12,0.00,1,0,0,0,-1.0000,0.0,0,0.000,44.480,0.000,0.0,0.0,0.0,0,154956.2615,17865.7143
22.400,3637,3544,Running,12,0.00,1,0,0,0,-1.0000,0.0,0,0.000,44.480,0.000,0.0,0.0,0.0,0,156839.5850,18169.3890
22.416,3622,3531,Running,12,0.00,1,0,0,0,-1.0000,0.0,0,0.000,44.480,0.000,0.0,0.0,0.0,0,160275.0260,16850.9874
22.433,3607,3519,Running,12,0.00,1,0,0,0,-1.0000,0.0,0,0.000,44.480,0.000,0.0,0.0,0.0,0,161282.3110,17746.6627
22.450,3592,3507,Running,12,0.00,1,0,0,0,-1.0000,0.0,0,0.000,44.480,0.000,0.0,0.0,0.0,0,158067.1118,17746.6627
22.466,3578,3495,Running,12,0.00,1,0,0,0,-1.0000,0.0,0,0.000,44.480,0.000,0.0,0.0,0.0,0,159012.4177,17918.9679
22.483,3565,3484,Running,12,0.00,1,0,0,0,-1.0000,0.0,0,0.000,44.480,0.000,0.0,0.0,0.0,0,160619.4646,17039.3500
22.500,3551,3473,Running,12,0.00,1,0,0,0,-1.0000,0.0,0,0.000,44.480,0.000,0.0,0.0,0.0,0,163484.6428,16684.3909
22.514,3538,3462,Running,12,0.00,1,0,0,0,-1.0000,0.0,0,0.000,44.480,0.000,0.0,0.0,0.0,0,166943.0071,17207.6054
22.533,3526,3452,Running,16,0.00,1,0,0,0,-1.0000,0.0,0,0.000,44.480,0.000,0.0,0.0,0.0,0,168731.1523,16974.9332
22.550,3514,3443,Running,17,0.00,1,0,0,0,-1.0000,0.0,0,0.000,44.480,0.000,0.0,0.0,0.0,0,179882.5247,17350.9945
22.566,3502,3438,Running,17,0.00,1,0,0,0,-1.0000,0.0,0,0.000,43.680,0.000,0.0,0.0,0.0,0,181820.3022,17350.9945
22.583,3492,3435,Running,17,0.00,1,0,0,0,-1.0000,0.0,0,0.000,43.680,0.000,0.0,0.0,0.0,0,195149.5335,18496.0413
22.597,3483,3433,Running,17,0.00,1,0,0,0,-1.0000,0.0,0,0.000,43.680,0.000,0.0,0.0,0.0,0,212549.2260,18098.1113
22.614,3475,3433,Running,17,0.00,1,0,0,0,-1.0000,0.0,0,0.000,43.680,0.000,0.0,0.0,0.0,0,228426.3747,18473.5666
22.633,3469,3435,Running,17,0.00,1,0,0,0,-1.0000,0.0,0,0.000,43.680,0.000,0.0,0.0,0.0,0,238434.3679,17238.0068
22.647,3464,3439,Running,17,0.00,1,0,0,0,-1.0000,0.0,0,0.000,43.680,0.000,0.0,0.0,0.0,0,230722.9255,17511.1443
22.666,3461,3444,Running,17,0.00,1,0,0,0,-1.0000,0.0,0,0.000,43.680,0.000,0.0,0.0,0.0,0,224967.1579,17887.3376
22.683,3458,3450,Running,17,0.00,1,0,0,0,-1.0000,0.0,0,0.000,43.680,0.000,0.0,0.0,0.0,0,236526.8355,17942.6440
22.697,3458,3457,Running,17,0.00,1,0,0,0,-1.0000,0.0,0,0.000,43.680,0.000,0.0,0.0,0.0,0,244735.8228,18207.4856
22.716,3458,3464,Running,24,0.00,1,0,0,0,-1.0000,0.0,0,0.000,43.680,0.000,0.0,0.0,0.0,0,248520.4251,17626.1046
22.733,3460,3479,Running,25,0.00,1,0,0,0,-1.0000,0.0,0,0.000,43.440,0.000,0.0,0.0,0.0,0,267077.9666,17473.7728
22.747,3465,3504,Running,25,0.00,1,0,0,0,-1.0000,0.0,0,0.000,43.440,0.000,0.0,0.0,0.0,0,279949.2485,18833.4509
22.766,3474,3539,Running,25,0.00,1,0,0,0,-1.0000,0.0,0,0.000,43.440,0.000,0.0,0.0,0.0,0,291316.5996,18465.8463
22.783,3487,3581,Running,25,0.00,1,0,0,0,-1.0000,0.0,0,0.000,43.440,0.000,0.0,0.0,0.0,0,312988.0071,19953.4789
22.797,3505,3631,Running,25,0.00,1,0,0,0,-1.0000,0.0,0,0.000,43.440,0.000,0.0,0.0,0.0,0,331422.0076,17093.2316
22.816,3529,3683,Running,25,0.00,1,0,0,0,-1.0000,0.0,0,0.000,43.440,0.000,0.0,0.0,0.0,0,346547.2526,18808.0016
22.833,3557,3739,Running,25,0.00,1,0,0,0,-1.0000,0.0,0,0.000,43.440,0.000,0.0,0.0,0.0,0,361016.1457,18808.0016
22.847,3590,3798,Running,25,0.00,1,0,0,0,-1.0000,0.0,0,0.000,43.440,0.000,0.0,0.0,0.0,0,359543.4162,18254.8839
22.866,3626,3860,Running,25,0.00,1,0,0,0,-1.0000,0.0,0,0.000,43.440,0.000,0.0,0.0,0.0,0,356312.4496,19612.6255
22.883,3667,3920,Running,25,0.00,1,0,0,0,-1.0000,0.0,0,0.000,43.440,0.000,0.0,0.0,0.0,0,377358.7927,18972.8142
22.897,3711,3981,Running,26,0.00,1,0,0,0,-1.0000,0.0,0,0.000,43.440,0.000,0.0,0.0,0.0,0,396001.7042,18402.8970
22.914,3757,4045,Running,26,0.00,1,0,0,0,-1.0000,0.0,0,0.000,43.440,0.000,0.0,0.0,0.0,0,371990.7851,16422.4490
22.933,3807,4108,Running,25,0.00,1,0,0,0,-1.0000,0.0,0,0.000,43.520,0.000,0.0,0.0,0.0,0,414419.9610,16422.4490
22.947,3858,4173,Running,25,0.00,1,0,0,0,-1.0000,0.0,0,0.000,43.520,0.000,0.0,0.0,0.0,0,391225.8840,18481.5537
22.966,3912,4234,Running,25,0.00,1,0,0,0,-1.0000,0.0,0,0.000,43.520,0.000,0.0,0.0,0.0,0,406927.8023,16301.3865
22.983,3966,4294,Running,25,0.00,1,0,0,0,-1.0000,0.0,0,0.000,43.520,0.000,0.0,0.0,0.0,0,422639.9904,18299.9527
22.997,4021,4355,Running,25,0.00,1,0,0,0,-1.0000,0.0,0,0.000,43.520,0.000,0.0,0.0,0.0,0,418109.8886,17147.8106
23.016,4077,4414,Running,25,0.00,1,0,0,0,-1.0000,0.0,0,0.000,43.520,0.000,0.0,0.0,0.0,0,415703.5184,18358.6493
23.033,4133,4471,Running,25,0.00,1,0,0,0,-1.0000,0.0,0,0.000,43.520,0.000,0.0,0.0,0.0,0,421897.1415,18437.2663
23.047,4190,4527,Running,25,0.00,1,0,0,0,-1.0000,0.0,0,0.000,43.520,0.000,0.0,0.0,0.0,0,427726.8888,18796.8935
23.066,4246,4582,Running,25,0.00,1,0,0,0,-1.0000,0.0,0,0.000,43.520,0.000,0.0,0.0,0.0,0,433962.3738,16914.7673
23.083,4302,4635,Running,25,0.00,1,0,0,0,-1.0000,0.0,0,0.000,43.520,0.000,0.0,0.0,0.0,0,440512.7937,16914.7673
23.097,4357,4687,Running,25,0.00,1,0,0,0,-1.0000,0.0,0,0.000,43.520,0.000,0.0,0.0,0.0,0,431664.6987,18356.1361
23.116,4412,4739,Running,29,0.00,1,0,0,0,-1.0000,0.0,0,0.000,43.520,0.000,0.0,0.0,0.0,0,432333.5040,18879.3666
23.133,4467,4797,Running,29,0.00,1,0,0,0,-1.0000,0.0,0,0.000,43.920,0.000,0.0,0.0,0.0,0,457048.9223,19356.4912
23.147,4523,4861,Running,29,0.00,1,0,0,0,-1.0000,0.0,0,0.000,43.920,0.000,0.0,0.0,0.0,0,485112.3053,19273.5834
23.166,4580,4931,Running,29,0.00,1,0,0,0,-1.0000,0.0,0,0.000,43.920,0.000,0.0,0.0,0.0,0,475842.2632,17225.0125
23.183,4640,5000,Running,29,0.00,1,0,0,0,-1.0000,0.0,0,0.000,43.920,0.000,0.0,0.0,0.0,0,512813.1937,15585.8309
23.197,4701,5073,Running,29,0.00,1,0,0,0,-1.0000,0.0,0,0.000,43.920,0.000,0.0,0.0,0.0,0,498951.9226,17492.1528
23.216,4763,5144,Running,29,0.00,1,0,0,0,-1.0000,0.0,0,0.000,43.920,0.000,0.0,0.0,0.0,0,524212.4686,16748.0661
23.233,4828,5214,Running,29,0.00,1,0,0,0,-1.0000,0.0,0,0.000,43.920,0.000,0.0,0.0,0.0,0,535071.7915,16374.3722
23.247,4893,5285,Running,29,0.00,1,0,0,0,-1.0000,0.0,0,0.000,43.920,0.000,0.0,0.0,0.0,0,528428.4617,16374.3722
23.266,4959,5355,Running,29,0.00,1,0,0,0,-1.0000,0.0,0,0.000,43.920,0.000,0.0,0.0,0.0,0,535775.6148,16213.1870
23.283,5025,5423,Running,29,0.00,1,0,0,0,-1.0000,0.0,0,0.000,43.920,0.000,0.0,0.0,0.0,0,543614.7467,17393.5266
23.297,5092,5489,Running,29,0.00,1,0,0,0,-1.0000,0.0,0,0.000,43.920,0.000,0.0,0.0,0.0,0,550231.6524,16880.1956
23.316,5158,5555,Running,29,0.00,1,0,0,0,-1.0000,0.0,0,0.000,44.800,0.000,0.0,0.0,0.0,0,557751.2790,16964.0688
23.333,5224,5620,Running,29,0.00,1,0,0,0,-1.0000,0.0,0,0.000,44.800,0.000,0.0,0.0,0.0,0,553963.6923,16964.0688
23.347,5290,5683,Running,29,0.00,1,0,0,0,-1.0000,0.0,0,0.000,44.800,0.000,0.0,0.0,0.0,0,557018.7897,18575.5272
23.364,5355,5743,Running,29,0.00,1,0,0,0,-1.0000,0.0,0,0.000,44.800,0.000,0.0,0.0,0.0,0,572324.7658,17750.0083
23.383,5420,5803,Running,29,0.00,1,0,0,0,-1.0000,0.0,0,0.000,44.800,0.000,0.0,0.0,0.0,0,564585.1076,18864.4703
23.397,5483,5860,Running,29,0.00,1,0,0,0,-1.0000,0.0,0,0.000,44.800,0.000,0.0,0.0,0.0,0,575178.0563,18017.8668
23.416,5546,5917,Running,29,0.00,1,0,0,0,-1.0000,0.0,0,0.000,44.800,0.000,0.0,0.0,0.0,0,571715.5270,19084.9666
23.433,5607,5971,Running,29,0.00,1,0,0,0,-1.0000,0.0,0,0.000,44.800,0.000,0.0,0.0,0.0,0,588285.4841,19154.6176
23.447,5667,6027,Running,29,0.00,1,0,0,0,-1.0000,0.0,0,0.000,44.800,0.000,0.0,0.0,0.0,0,574297.3983,18422.9015
23.466,5727,6079,Running,29,0.00,1,0,0,0,-1.0000,0.0,0,0.000,44.800,0.000,0.0,0.0,0.0,0,584717.0021,19247.4215
23.483,5785,6129,Running,29,0.00,1,0,0,0,-1.0000,0.0,0,0.000,44.800,0.000,0.0,0.0,0.0,0,593143.9555,19247.4215
23.497,5842,6179,Running,29,0.00,1,0,0,0,-1.0000,0.0,0,0.000,44.800,0.000,0.0,0.0,0.0,0,595516.6774,19042.2549
23.514,5898,6228,Running,29,0.00,1,0,0,0,-1.0000,0.0,0,0.000,45.600,0.000,0.0,0.0,0.0,0,593452.1520,19735.9574
23.533,5953,6277,Running,29,0.00,1,0,0,0,-1.0000,0.0,0,0.000,45.600,0.000,0.0,0.0,0.0,0,592015.1562,18823.7831
23.547,6006,6322,Running,29,0.00,1,0,0,0,-1.0000,0.0,0,0.000,45.600,0.000,0.0,0.0,0.0,0,595162.6640,19655.5357
23.566,6058,6366,Running,29,0.00,1,0,0,0,-1.0000,0.0,0,0.000,45.600,0.000,0.0,0.0,0.0,0,596143.8844,18976.2929
23.583,6109,6409,Running,29,0.00,1,0,0,0,-1.0000,0.0,0,0.000,45.600,0.000,0.0,0.0,0.0,0,598204.5766,18951.6546
23.597,6159,6451,Running,29,0.00,1,0,0,0,-1.0000,0.0,0,0.000,45.600,0.000,0.0,0.0,0.0,0,593954.4182,17775.2216
23.614,6207,6492,Running,29,0.00,1,0,0,0,-1.0000,0.0,0,0.000,45.600,0.000,0.0,0.0,0.0,0,597360.8468,18231.7537
23.633,6254,6532,Running,29,0.00,1,0,0,0,-1.0000,0.0,0,0.000,45.600,0.000,0.0,0.0,0.0,0,604802.8721,17834.1910
23.647,6299,6569,Running,29,0.00,1,0,0,0,-1.0000,0.0,0,0.000,45.600,0.000,0.0,0.0,0.0,0,604807.4943,18080.2672
23.664,6344,6609,Running,29,0.00,1,0,0,0,-1.0000,0.0,0,0.000,45.600,0.000,0.0,0.0,0.0,0,600985.8186,19139.5908
23.683,6388,6647,Running,29,0.00,1,0,0,0,-1.0000,0.0,0,0.000,45.600,0.000,0.0,0.0,0.0,0,611148.7899,18830.9354
23.697,6431,6684,Running,29,0.00,1,0,0,0,-1.0000,0.0,0,0.000,46.480,0.000,0.0,0.0,0.0,0,615272.4182,18073.3679
23.716,6472,6720,Running,28,0.00,1,0,0,0,-1.0000,0.0,0,0.000,46.480,0.000,0.0,0.0,0.0,0,606470.2355,17623.2764
23.733,6513,6753,Running,28,0.00,1,0,0,0,-1.0000,0.0,0,0.000,46.480,0.000,0.0,0.0,0.0,0,613231.3681,19028.0315
23.747,6553,6785,Running,28,0.00,1,0,0,0,-1.0000,0.0,0,0.000,46.480,0.000,0.0,0.0,0.0,0,600360.6035,17983.0411
23.766,6591,6814,Running,28,0.00,1,0,0,0,-1.0000,0.0,0,0.000,46.480,0.000,0.0,0.0,0.0,0,601896.8549,19006.2731
23.783,6627,6841,Running,28,0.00,1,0,0,0,-1.0000,0.0,0,0.000,46.480,0.000,0.0,0.0,0.0,0,604480.0668,17102.6289
23.797,6662,6870,Running,28,0.00,1,0,0,0,-1.0000,0.0,0,0.000,46.480,0.000,0.0,0.0,0.0,0,595126.8150,19803.8604
23.814,6696,6897,Running,28,0.00,1,0,0,0,-1.0000,0.0,0,0.000,46.480,0.000,0.0,0.0,0.0,0,608974.3287,18107.0048
23.833,6729,6924,Running,28,0.00,1,0,0,0,-1.0000,0.0,0,0.000,46.480,0.000,0.0,0.0,0.0,0,600874.0222,17945.7223
23.847,6761,6950,Running,28,0.00,1,0,0,0,-1.0000,0.0,0,0.000,46.480,0.000,0.0,0.0,0.0,0,596275.3205,19007.7835
23.866,6792,6973,Running,21,0.00,1,0,0,0,-1.0000,0.0,0,0.000,46.480,0.000,0.0,0.0,0.0,0,599897.6267,19007.7835
23.883,6821,6984,Running,21,0.00,1,0,0,0,-1.0000,0.0,0,0.000,46.480,0.000,0.0,0.0,0.0,0,564675.3737,19648.4240
23.897,6846,6987,Running,21,0.00,1,0,0,0,-1.0000,0.0,0,0.000,46.480,0.000,0.0,0.0,0.0,0,525672.0908,18977.6073
23.914,6868,6983,Running,21,0.00,1,0,0,0,-1.0000,0.0,0,0.000,47.280,0.000,0.0,0.0,0.0,0,492713.6829,18915.5817
23.922,6885,6975,Running,21,0.00,1,0,0,0,-1.0000,0.0,0,0.000,47.280,0.000,0.0,0.0,0.0,0,472619.5776,18925.0791
23.947,6898,6965,Running,21,0.00,1,0,0,0,-1.0000,0.0,0,0.000,47.280,0.000,0.0,0.0,0.0,0,468360.2251,18572.4182
23.966,6907,6953,Running,20,0.00,1,0,0,0,-1.0000,0.0,0,0.000,47.280,0.000,0.0,0.0,0.0,0,459070.9080,20107.8938
23.983,6913,6939,Running,20,0.00,1,0,0,0,-1.0000,0.0,0,0.000,47.280,0.000,0.0,0.0,0.0,0,448325.4598,19647.7537
23.997,6916,6923,Running,20,0.00,1,0,0,0,-1.0000,0.0,0,0.000,47.280,0.000,0.0,0.0,0.0,0,432600.8438,20188.2751
24.014,6916,6906,Running,20,0.00,1,0,0,0,-1.0000,0.0,0,0.000,47.280,0.000,0.0,0.0,0.0,0,432084.2631,19570.0214
24.033,6913,6890,Running,20,0.00,1,0,0,0,-1.0000,0.0,0,0.000,47.280,0.000,0.0,0.0,0.0,0,439400.2899,20656.5887
24.047,6908,6873,Running,20,0.00,1,0,0,0,-1.0000,0.0,0,0.000,47.280,0.000,0.0,0.0,0.0,0,421547.4555,20465.2617
24.064,6901,6856,Running,20,0.00,1,0,0,0,-1.0000,0.0,0,0.000,47.280,0.000,0.0,0.0,0.0,0,426828.2264,20506.0953
24.083,6893,6839,Running,20,0.00,1,0,0,0,-1.0000,0.0,0,0.000,47.280,0.000,0.0,0.0,0.0,0,430622.3455,20191.1224
24.097,6883,6822,Running,20,0.00,1,0,0,0,-1.0000,0.0,0,0.000,47.280,0.000,0.0,0.0,0.0,0,411503.6985,18316.8278
24.114,6872,6805,Running,20,0.00,1,0,0,0,-1.0000,0.0,0,0.000,47.280,0.000,0.0,0.0,0.0,0,427336.6130,19269.9044
24.133,6861,6789,Running,20,0.00,1,0,0,0,-1.0000,0.0,0,0.000,47.280,0.000,0.0,0.0,0.0,0,416795.1553,19269.9044
24.147,6848,6772,Running,20,0.00,1,0,0,0,-1.0000,0.0,0,0.000,47.280,0.000,0.0,0.0,0.0,0,422653.6294,19812.4086
24.164,6835,6755,Running,15,0.00,1,0,0,0,-1.0000,0.0,0,0.000,47.280,0.000,0.0,0.0,0.0,0,419111.1427,20068.2355
24.183,6821,6733,Running,15,0.00,1,0,0,0,-1.0000,0.0,0,0.000,47.280,0.000,0.0,0.0,0.0,0,382960.6346,20403.6379
24.197,6806,6706,Running,14,0.00,1,0,0,0,-1.0000,0.0,0,0.000,47.280,0.000,0.0,0.0,0.0,0,358058.4224,19351.1657
24.214,6788,6676,Running,14,0.00,1,0,0,0,-1.0000,0.0,0,0.000,47.280,0.000,0.0,0.0,0.0,0,319910.6994,17663.9565
24.233,6768,6644,Running,14,0.00,1,0,0,0,-1.0000,0.0,0,0.000,47.280,0.000,0.0,0.0,0.0,0,305626.2083,17511.9111
24.247,6747,6610,Running,14,0.00,1,0,0,0,-1.0000,0.0,0,0.000,47.280,0.000,0.0,0.0,0.0,0,288006.2907,17511.9111
24.264,6723,6575,Running,14,0.00,1,0,0,0,-1.0000,0.0,0,0.000,47.280,0.000,0.0,0.0,0.0,0,274918.4617,16334.9421
24.283,6697,6540,Running,14,0.00,1,0,0,0,-1.0000,0.0,0,0.000,47.280,0.000,0.0,0.0,0.0,0,275552.4736,17535.1765
24.297,6670,6504,Running,14,0.00,1,0,0,0,-1.0000,0.0,0,0.000,47.280,0.000,0.0,0.0,0.0,0,267340.9918,17882.4166
24.314,6642,6468,Running,14,0.00,1,0,0,0,-1.0000,0.0,0,0.000,47.280,0.000,0.0,0.0,0.0,0,259127.4203,17295.6333
24.333,6612,6432,Running,14,0.00,1,0,0,0,-1.0000,0.0,0,0.000,47.280,0.000,0.0,0.0,0.0,0,259036.5436,17637.5157
24.347,6582,6397,Running,14,0.00,1,0,0,0,-1.0000,0.0,0,0.000,47.280,0.000,0.0,0.0,0.0,0,261818.9534,18285.8939
24.364,6551,6362,Running,9,0.00,1,0,0,0,-1.0000,0.0,0,0.000,48.080,0.000,0.0,0.0,0.0,0,257184.6884,17355.7201
24.383,6519,6324,Running,8,0.00,1,0,0,0,-1.0000,0.0,0,0.000,48.080,0.000,0.0,0.0,0.0,0,232281.0510,17667.0515
24.397,6485,6283,Running,8,0.00,1,0,0,0,-1.0000,0.0,0,0.000,48.080,0.000,0.0,0.0,0.0,0,191877.1420,17855.6537
24.414,6451,6241,Running,8,0.00,1,0,0,0,-1.0000,0.0,0,0.000,48.080,0.000,0.0,0.0,0.0,0,160076.8210,18369.8680
24.433,6415,6197,Running,8,0.00,1,0,0,0,-1.0000,0.0,0,0.000,48.080,0.000,0.0,0.0,0.0,0,136731.6918,19395.1503
24.447,6378,6154,Running,8,0.00,1,0,0,0,-1.0000,0.0,0,0.000,48.080,0.000,0.0,0.0,0.0,0,122708.0308,19416.9262
24.464,6340,6109,Running,8,0.00,1,0,0,0,-1.0000,0.0,0,0.000,48.080,0.000,0.0,0.0,0.0,0,111561.8976,19854.6171
24.483,6301,6065,Running,8,0.00,1,0,0,0,-1.0000,0.0,0,0.000,48.080,0.000,0.0,0.0,0.0,0,112774.8323,18484.1307
24.497,6261,6020,Running,8,0.00,1,0,0,0,-1.0000,0.0,0,0.000,48.080,0.000,0.0,0.0,0.0,0,113747.9240,19608.2664
24.514,6221,5976,Running,8,0.00,1,0,0,0,-1.0000,0.0,0,0.000,48.080,0.000,0.0,0.0,0.0,0,103591.1863,19608.2664
24.533,6180,5932,Running,8,0.00,1,0,0,0,-1.0000,0.0,0,0.000,48.080,0.000,0.0,0.0,0.0,0,102401.9443,18778.3953
24.547,6138,5887,Running,8,0.00,1,0,0,0,-1.0000,0.0,0,0.000,48.080,0.000,0.0,0.0,0.0,0,111843.7056,18542.3634
24.564,6096,5843,Running,7,0.00,1,0,0,0,-1.0000,0.0,0,0.000,48.080,0.000,0.0,0.0,0.0,0,97810.7773,18957.3545
24.583,6054,5799,Running,7,0.00,1,0,0,0,-1.0000,0.0,0,0.000,48.080,0.000,0.0,0.0,0.0,0,109218.0893,18076.1444
24.597,6011,5755,Running,7,0.00,1,0,0,0,-1.0000,0.0,0,0.000,47.760,0.000,0.0,0.0,0.0,0,92116.8308,17177.7937
24.614,5968,5711,Running,7,0.00,1,0,0,0,-1.0000,0.0,0,0.000,47.760,0.000,0.0,0.0,0.0,0,100800.2861,18200.5154
24.633,5925,5667,Running,7,0.00,1,0,0,0,-1.0000,0.0,0,0.000,47.760,0.000,0.0,0.0,0.0,0,101440.8722,18200.5154
24.647,5882,5623,Running,7,0.00,1,0,0,0,-1.0000,0.0,0,0.000,47.760,0.000,0.0,0.0,0.0,0,89325.8129,18155.7466
24.664,5839,5580,Running,8,0.00,1,0,0,0,-1.0000,0.0,0,0.000,47.760,0.000,0.0,0.0,0.0,0,94774.0668,17372.0479
24.683,5795,5536,Running,8,0.00,1,0,0,0,-1.0000,0.0,0,0.000,47.760,0.000,0.0,0.0,0.0,0,99756.6147,17507.4829
24.697,5752,5494,Running,8,0.00,1,0,0,0,-1.0000,0.0,0,0.000,47.600,0.000,0.0,0.0,0.0,0,101996.5508,17716.6061
24.714,5709,5451,Running,8,0.00,1,0,0,0,-1.0000,0.0,0,0.000,47.600,0.000,0.0,0.0,0.0,0,99864.6165,17645.5787
24.733,5666,5409,Running,8,0.00,1,0,0,0,-1.0000,0.0,0,0.000,47.600,0.000,0.0,0.0,0.0,0,98929.2520,18006.1085
24.747,5623,5367,Running,8,0.00,1,0,0,0,-1.0000,0.0,0,0.000,47.600,0.000,0.0,0.0,0.0,0,101753.7913,17992.3057
24.764,5581,5326,Running,8,0.00,1,0,0,0,-1.0000,0.0,0,0.000,47.600,0.000,0.0,0.0,0.0,0,101289.5600,17962.3249
24.783,5538,5285,Running,8,0.00,1,0,0,0,-1.0000,0.0,0,0.000,47.600,0.000,0.0,0.0,0.0,0,101067.5590,17962.3249
24.797,5496,5244,Running,8,0.00,1,0,0,0,-1.0000,0.0,0,0.000,47.600,0.000,0.0,0.0,0.0,0,99882.7019,17205.7026
24.814,5454,5204,Running,8,0.00,1,0,0,0,-1.0000,0.0,0,0.000,47.600,0.000,0.0,0.0,0.0,0,100328.4325,17642.3993
24.833,5413,5164,Running,8,0.00,1,0,0,0,-1.0000,0.0,0,0.000,47.600,0.000,0.0,0.0,0.0,0,100334.6393,15200.6066
24.847,5371,5124,Running,8,0.00,1,0,0,0,-1.0000,0.0,0,0.000,47.600,0.000,0.0,0.0,0.0,0,109344.9798,17926.3195
24.864,5330,5085,Running,8,0.00,1,0,0,0,-1.0000,0.0,0,0.000,47.600,0.000,0.0,0.0,0.0,0,101448.2919,17688.5327
24.883,5289,5046,Running,8,0.00,1,0,0,0,-1.0000,0.0,0,0.000,47.600,0.000,0.0,0.0,0.0,0,95146.0642,17501.5883
24.897,5249,5007,Running,8,0.00,1,0,0,0,-1.0000,0.0,0,0.000,47.600,0.000,0.0,0.0,0.0,0,109498.2352,17065.3824
24.914,5209,4969,Running,8,0.00,1,0,0,0,-1.0000,0.0,0,0.000,46.640,0.000,0.0,0.0,0.0,0,96223.9323,17020.8800
24.933,5169,4931,Running,8,0.00,1,0,0,0,-1.0000,0.0,0,0.000,46.640,0.000,0.0,0.0,0.0,0,106893.0665,16150.6856
24.947,5129,4893,Running,8,0.00,1,0,0,0,-1.0000,0.0,0,0.000,46.640,0.000,0.0,0.0,0.0,0,94763.4440,16935.2709
24.964,5090,4856,Running,8,0.00,1,0,0,0,-1.0000,0.0,0,0.000,46.640,0.000,0.0,0.0,0.0,0,108996.8821,17064.8120
24.983,5051,4819,Running,8,0.00,1,0,0,0,-1.0000,0.0,0,0.000,46.640,0.000,0.0,0.0,0.0,0,93592.0578,15928.6611
24.997,5012,4782,Running,8,0.00,1,0,0,0,-1.0000,0.0,0,0.000,46.640,0.000,0.0,0.0,0.0,0,103829.3498,16479.2632
25.014,4974,4746,Running,8,0.00,1,0,0,0,-1.0000,0.0,0,0.000,46.640,0.000,0.0,0.0,0.0,0,105683.7390,16740.5374
25.033,4936,4710,Running,8,0.00,1,0,0,0,-1.0000,0.0,0,0.000,46.640,0.000,0.0,0.0,0.0,0,95821.4779,16074.1031
25.047,4899,4674,Running,8,0.00,1,0,0,0,-1.0000,0.0,0,0.000,46.640,0.000,0.0,0.0,0.0,0,97766.7171,17154.2327
25.064,4861,4639,Running,9,0.00,1,0,0,0,-1.0000,0.0,0,0.000,46.640,0.000,0.0,0.0,0.0,0,103860.9172,17616.9288
25.083,4824,4604,Running,9,0.00,1,0,0,0,-1.0000,0.0,0,0.000,46.640,0.000,0.0,0.0,0.0,0,105297.4912,15189.1142
25.097,4788,4570,Running,9,0.00,1,0,0,0,-1.0000,0.0,0,0.000,46.640,0.000,0.0,0.0,0.0,0,106202.0659,16795.4054
25.114,4752,4537,Running,9,0.00,1,0,0,0,-1.0000,0.0,0,0.000,46.640,0.000,0.0,0.0,0.0,0,110282.8031,16671.1912
25.133,4716,4504,Running,9,0.00,1,0,0,0,-1.0000,0.0,0,0.000,46.640,0.000,0.0,0.0,0.0,0,111976.8119,17041.9174
25.147,4681,4472,Running,9,0.00,1,0,0,0,-1.0000,0.0,0,0.000,46.640,0.000,0.0,0.0,0.0,0,113072.1006,16842.7987
25.164,4646,4440,Running,9,0.00,1,0,0,0,-1.0000,0.0,0,0.000,46.640,0.000,0.0,0.0,0.0,0,114146.7586,17003.2247
25.183,4612,4409,Running,9,0.00,1,0,0,0,-1.0000,0.0,0,0.000,46.640,0.000,0.0,0.0,0.0,0,115953.4141,19223.7537
25.197,4579,4378,Running,9,0.00,1,0,0,0,-1.0000,0.0,0,0.000,46.640,0.000,0.0,0.0,0.0,0,112804.9002,18837.5853
25.214,4545,4348,Running,9,0.00,1,0,0,0,-1.0000,0.0,0,0.000,45.520,0.000,0.0,0.0,0.0,0,111835.6765,17189.0644
25.233,4513,4318,Running,9,0.00,1,0,0,0,-1.0000,0.0,0,0.000,45.520,0.000,0.0,0.0,0.0,0,112687.0856,18731.7179
25.247,4480,4288,Running,9,0.00,1,0,0,0,-1.0000,0.0,0,0.000,45.520,0.000,0.0,0.0,0.0,0,117878.3726,17616.6079
25.264,4448,4259,Running,9,0.00,1,0,0,0,-1.0000,0.0,0,0.000,45.520,0.000,0.0,0.0,0.0,0,118452.0500,18020.4214
25.283,4417,4230,Running,9,0.00,1,0,0,0,-1.0000,0.0,0,0.000,45.520,0.000,0.0,0.0,0.0,0,112721.2771,18020.4214
25.297,4386,4202,Running,9,0.00,1,0,0,0,-1.0000,0.0,0,0.000,45.520,0.000,0.0,0.0,0.0,0,110264.8717,18584.6699
25.314,4356,4174,Running,9,0.00,1,0,0,0,-1.0000,0.0,0,0.000,45.520,0.000,0.0,0.0,0.0,0,118127.1153,19655.6655
25.333,4325,4145,Running,9,0.00,1,0,0,0,-1.0000,0.0,0,0.000,45.520,0.000,0.0,0.0,0.0,0,111410.1093,19185.4654
25.347,4295,4117,Running,9,0.00,1,0,0,0,-1.0000,0.0,0,0.000,45.520,0.000,0.0,0.0,0.0,0,109254.2462,18525.8441
25.364,4266,4090,Running,9,0.00,1,0,0,0,-1.0000,0.0,0,0.000,45.520,0.000,0.0,0.0,0.0,0,116970.3554,20595.6955
25.383,4237,4063,Running,14,0.00,1,0,0,0,-1.0000,0.0,0,0.000,45.520,0.000,0.0,0.0,0.0,0,107120.0465,18867.4897
25.397,4208,4038,Running,14,0.00,1,0,0,0,-1.0000,0.0,0,0.000,44.480,0.000,0.0,0.0,0.0,0,130122.1720,18338.4395
25.414,4180,4014,Running,14,0.00,1,0,0,0,-1.0000,0.0,0,0.000,44.480,0.000,0.0,0.0,0.0,0,134465.2126,19977.3414
25.433,4153,3994,Running,14,0.00,1,0,0,0,-1.0000,0.0,0,0.000,44.480,0.000,0.0,0.0,0.0,0,161934.6713,19525.4641
25.447,4127,3974,Running,14,0.00,1,0,0,0,-1.0000,0.0,0,0.000,44.480,0.000,0.0,0.0,0.0,0,169665.5461,20126.9142
25.464,4102,3957,Running,14,0.00,1,0,0,0,-1.0000,0.0,0,0.000,44.480,0.000,0.0,0.0,0.0,0,175854.5311,18187.1893
25.483,4078,3940,Running,14,0.00,1,0,0,0,-1.0000,0.0,0,0.000,44.480,0.000,0.0,0.0,0.0,0,193148.7642,16088.4210
25.497,4056,3924,Running,14,0.00,1,0,0,0,-1.0000,0.0,0,0.000,44.480,0.000,0.0,0.0,0.0,0,180426.8673,17612.0487
25.514,4034,3910,Running,14,0.00,1,0,0,0,-1.0000,0.0,0,0.000,44.480,0.000,0.0,0.0,0.0,0,194821.7891,18765.1737
25.533,4014,3895,Running,14,0.00,1,0,0,0,-1.0000,0.0,0,0.000,44.480,0.000,0.0,0.0,0.0,0,201406.5048,17087.7720
25.547,3995,3882,Running,14,0.00,1,0,0,0,-1.0000,0.0,0,0.000,44.480,0.000,0.0,0.0,0.0,0,186860.8208,17087.7720
25.564,3976,3868,Running,14,0.00,1,0,0,0,-1.0000,0.0,0,0.000,44.480,0.000,0.0,0.0,0.0,0,196878.0779,15725.8436
25.583,3959,3855,Running,14,0.00,1,0,0,0,-1.0000,0.0,0,0.000,44.480,0.000,0.0,0.0,0.0,0,207876.6094,16402.2598
25.597,3942,3843,Running,14,0.00,1,0,0,0,-1.0000,0.0,0,0.000,43.840,0.000,0.0,0.0,0.0,0,189859.0480,15996.1047
25.614,3926,3831,Running,14,0.00,1,0,0,0,-1.0000,0.0,0,0.000,43.840,0.000,0.0,0.0,0.0,0,196718.8491,16731.0388
25.633,3910,3820,Running,14,0.00,1,0,0,0,-1.0000,0.0,0,0.000,43.840,0.000,0.0,0.0,0.0,0,208089.4090,16731.0388
25.647,3895,3809,Running,14,0.00,1,0,0,0,-1.0000,0.0,0,0.000,43.840,0.000,0.0,0.0,0.0,0,210238.5550,16327.7965
25.664,3881,3799,Running,14,0.00,1,0,0,0,-1.0000,0.0,0,0.000,43.840,0.000,0.0,0.0,0.0,0,199441.9951,17281.4061
25.683,3868,3789,Running,14,0.00,1,0,0,0,-1.0000,0.0,0,0.000,43.840,0.000,0.0,0.0,0.0,0,204554.6754,17271.9982
25.697,3855,3780,Running,14,0.00,1,0,0,0,-1.0000,0.0,0,0.000,43.840,0.000,0.0,0.0,0.0,0,211027.7267,17271.9982
25.714,3843,3771,Running,14,0.00,1,0,0,0,-1.0000,0.0,0,0.000,43.840,0.000,0.0,0.0,0.0,0,219371.7855,16574.1045
25.733,3831,3761,Running,14,0.00,1,0,0,0,-1.0000,0.0,0,0.000,43.840,0.000,0.0,0.0,0.0,0,207983.7351,16731.8174
25.747,3820,3753,Running,14,0.00,1,0,0,0,-1.0000,0.0,0,0.000,43.840,0.000,0.0,0.0,0.0,0,203127.7047,18497.5118
25.764,3809,3745,Running,15,0.00,1,0,0,0,-1.0000,0.0,0,0.000,43.840,0.000,0.0,0.0,0.0,0,208242.7644,17360.3683
25.783,3798,3737,Running,15,0.00,1,0,0,0,-1.0000,0.0,0,0.000,43.840,0.000,0.0,0.0,0.0,0,211247.0267,17360.3683
25.797,3788,3730,Running,15,0.00,1,0,0,0,-1.0000,0.0,0,0.000,43.840,0.000,0.0,0.0,0.0,0,221465.7738,16434.5631
25.814,3779,3724,Running,15,0.00,1,0,0,0,-1.0000,0.0,0,0.000,43.840,0.000,0.0,0.0,0.0,0,226895.2443,17189.3596
25.833,3770,3718,Running,15,0.00,1,0,0,0,-1.0000,0.0,0,0.000,43.840,0.000,0.0,0.0,0.0,0,220649.6626,16776.3359
25.847,3761,3712,Running,15,0.00,1,0,0,0,-1.0000,0.0,0,0.000,43.840,0.000,0.0,0.0,0.0,0,214341.1820,17714.6108
25.864,3753,3706,Running,15,0.00,1,0,0,0,-1.0000,0.0,0,0.000,43.840,0.000,0.0,0.0,0.0,0,218355.2063,15285.9115
25.883,3746,3702,Running,15,0.00,1,0,0,0,-1.0000,0.0,0,0.000,43.840,0.000,0.0,0.0,0.0,0,219888.4977,17830.4797
25.897,3739,3697,Running,15,0.00,1,0,0,0,-1.0000,0.0,0,0.000,43.840,0.000,0.0,0.0,0.0,0,222915.1969,17245.6590
25.914,3732,3692,Running,15,0.00,1,0,0,0,-1.0000,0.0,0,0.000,43.840,0.000,0.0,0.0,0.0,0,224358.6762,17543.8775
25.933,3725,3688,Running,15,0.00,1,0,0,0,-1.0000,0.0,0,0.000,43.840,0.000,0.0,0.0,0.0,0,229371.4281,17543.8775
25.947,3719,3683,Running,15,0.00,1,0,0,0,-1.0000,0.0,0,0.000,43.840,0.000,0.0,0.0,0.0,0,230015.4129,18034.5436
25.964,3713,3679,Running,15,0.00,1,0,0,0,-1.0000,0.0,0,0.000,43.840,0.000,0.0,0.0,0.0,0,229825.4913,16860.8933
25.983,3708,3675,Running,19,0.00,1,0,0,0,-1.0000,0.0,0,0.000,43.840,0.000,0.0,0.0,0.0,0,223519.9153,17231.5919
25.997,3702,3673,Running,19,0.00,1,0,0,0,-1.0000,0.0,0,0.000,43.840,0.000,0.0,0.0,0.0,0,228031.5235,16978.3853
26.014,3698,3676,Running,19,0.00,1,0,0,0,-1.0000,0.0,0,0.000,43.840,0.000,0.0,0.0,0.0,0,238439.1060,16444.9303
26.033,3695,3682,Running,19,0.00,1,0,0,0,-1.0000,0.0,0,0.000,43.840,0.000,0.0,0.0,0.0,0,248146.5088,17291.5026
26.048,3694,3690,Running,19,0.00,1,0,0,0,-1.0000,0.0,0,0.000,43.840,0.000,0.0,0.0,0.0,0,254137.3364,18309.2106
26.064,3694,3701,Running,19,0.00,1,0,0,0,-1.0000,0.0,0,0.000,43.840,0.000,0.0,0.0,0.0,0,264041.0903,17782.3828
26.083,3696,3713,Running,19,0.00,1,0,0,0,-1.0000,0.0,0,0.000,43.840,0.000,0.0,0.0,0.0,0,268469.0061,17782.3828
26.097,3700,3726,Running,19,0.00,1,0,0,0,-1.0000,0.0,0,0.000,43.840,0.000,0.0,0.0,0.0,0,276622.0229,17412.5775
26.114,3705,3741,Running,19,0.00,1,0,0,0,-1.0000,0.0,0,0.000,43.840,0.000,0.0,0.0,0.0,0,287428.5707,18786.4425
26.133,3712,3756,Running,19,0.00,1,0,0,0,-1.0000,0.0,0,0.000,43.840,0.000,0.0,0.0,0.0,0,277464.9239,17639.7539
26.147,3720,3772,Running,19,0.00,1,0,0,0,-1.0000,0.0,0,0.000,43.840,0.000,0.0,0.0,0.0,0,272143.0380,18506.0212
26.164,3729,3789,Running,20,0.00,1,0,0,0,-1.0000,0.0,0,0.000,43.840,0.000,0.0,0.0,0.0,0,277825.8061,16603.6832
26.183,3740,3807,Running,20,0.00,1,0,0,0,-1.0000,0.0,0,0.000,43.840,0.000,0.0,0.0,0.0,0,289642.8955,18572.9634
26.197,3752,3825,Running,20,0.00,1,0,0,0,-1.0000,0.0,0,0.000,43.840,0.000,0.0,0.0,0.0,0,304943.3342,18572.9634
26.216,3764,3844,Running,20,0.00,1,0,0,0,-1.0000,0.0,0,0.000,43.840,0.000,0.0,0.0,0.0,0,282676.8671,18388.6079
26.233,3778,3866,Running,20,0.00,1,0,0,0,-1.0000,0.0,0,0.000,43.840,0.000,0.0,0.0,0.0,0,288857.4945,19143.8202
26.247,3794,3887,Running,20,0.00,1,0,0,0,-1.0000,0.0,0,0.000,43.840,0.000,0.0,0.0,0.0,0,308788.0207,19051.1335
26.264,3809,3907,Running,20,0.00,1,0,0,0,-1.0000,0.0,0,0.000,43.840,0.000,0.0,0.0,0.0,0,302295.6884,18422.0040
26.283,3826,3929,Running,20,0.00,1,0,0,0,-1.0000,0.0,0,0.000,43.840,0.000,0.0,0.0,0.0,0,292725.1205,17303.7778
26.297,3844,3950,Running,20,0.00,1,0,0,0,-1.0000,0.0,0,0.000,43.840,0.000,0.0,0.0,0.0,0,317835.1062,17653.8572
26.314,3861,3970,Running,20,0.00,1,0,0,0,-1.0000,0.0,0,0.000,43.120,0.000,0.0,0.0,0.0,0,293757.6698,17844.7856
26.333,3880,3992,Running,20,0.00,1,0,0,0,-1.0000,0.0,0,0.000,43.120,0.000,0.0,0.0,0.0,0,308932.0081,18015.5076
26.347,3899,4013,Running,20,0.00,1,0,0,0,-1.0000,0.0,0,0.000,43.120,0.000,0.0,0.0,0.0,0,314729.3314,17025.0590
26.364,3918,4037,Running,20,0.00,1,0,0,0,-1.0000,0.0,0,0.000,43.120,0.000,0.0,0.0,0.0,0,306250.5606,18881.4918
26.383,3938,4058,Running,20,0.00,1,0,0,0,-1.0000,0.0,0,0.000,43.120,0.000,0.0,0.0,0.0,0,322281.9850,17468.8376
26.397,3958,4081,Running,20,0.00,1,0,0,0,-1.0000,0.0,0,0.000,43.120,0.000,0.0,0.0,0.0,0,312319.6461,16564.1449
26.414,3979,4103,Running,20,0.00,1,0,0,0,-1.0000,0.0,0,0.000,43.120,0.000,0.0,0.0,0.0,0,320695.9382,18049.4826
26.433,4000,4125,Running,20,0.00,1,0,0,0,-1.0000,0.0,0,0.000,43.120,0.000,0.0,0.0,0.0,0,324370.4536,18369.5861
26.447,4021,4146,Running,20,0.00,1,0,0,0,-1.0000,0.0,0,0.000,43.120,0.000,0.0,0.0,0.0,0,309945.9031,16999.2640
26.464,4042,4167,Running,25,0.00,1,0,0,0,-1.0000,0.0,0,0.000,43.120,0.000,0.0,0.0,0.0,0,337191.2983,16606.3473
26.483,4063,4194,Running,25,0.00,1,0,0,0,-1.0000,0.0,0,0.000,43.120,0.000,0.0,0.0,0.0,0,322703.3498,16774.0075
26.497,4085,4226,Running,25,0.00,1,0,0,0,-1.0000,0.0,0,0.000,43.360,0.000,0.0,0.0,0.0,0,352285.0741,16352.4621
26.514,4110,4264,Running,25,0.00,1,0,0,0,-1.0000,0.0,0,0.000,43.360,0.000,0.0,0.0,0.0,0,380691.8793,17315.4831
26.533,4137,4306,Running,25,0.00,1,0,0,0,-1.0000,0.0,0,0.000,43.360,0.000,0.0,0.0,0.0,0,373986.8952,18173.5589
26.547,4167,4351,Running,25,0.00,1,0,0,0,-1.0000,0.0,0,0.000,43.360,0.000,0.0,0.0,0.0,0,382433.3759,18262.0525
26.564,4199,4398,Running,25,0.00,1,0,0,0,-1.0000,0.0,0,0.000,43.360,0.000,0.0,0.0,0.0,0,398658.0454,18469.1746
26.583,4233,4446,Running,25,0.00,1,0,0,0,-1.0000,0.0,0,0.000,43.360,0.000,0.0,0.0,0.0,0,408094.4528,18336.6701
26.597,4269,4493,Running,25,0.00,1,0,0,0,-1.0000,0.0,0,0.000,43.360,0.000,0.0,0.0,0.0,0,412663.8459,19038.6297
26.614,4308,4542,Running,25,0.00,1,0,0,0,-1.0000,0.0,0,0.000,43.360,0.000,0.0,0.0,0.0,0,415221.1408,16489.6132
26.633,4348,4591,Running,25,0.00,1,0,0,0,-1.0000,0.0,0,0.000,43.360,0.000,0.0,0.0,0.0,0,419268.1878,16814.9178
26.647,4389,4638,Running,25,0.00,1,0,0,0,-1.0000,0.0,0,0.000,43.360,0.000,0.0,0.0,0.0,0,425563.9086,16737.2266
26.664,4431,4685,Running,26,0.00,1,0,0,0,-1.0000,0.0,0,0.000,43.360,0.000,0.0,0.0,0.0,0,434697.6198,19033.6112
26.683,4474,4733,Running,26,0.00,1,0,0,0,-1.0000,0.0,0,0.000,43.360,0.000,0.0,0.0,0.0,0,440260.7262,18745.3343
26.697,4517,4782,Running,26,0.00,1,0,0,0,-1.0000,0.0,0,0.000,43.360,0.000,0.0,0.0,0.0,0,426419.5925,18745.3343
26.714,4562,4832,Running,26,0.00,1,0,0,0,-1.0000,0.0,0,0.000,43.360,0.000,0.0,0.0,0.0,0,446002.5705,18055.1722
26.733,4607,4878,Running,26,0.00,1,0,0,0,-1.0000,0.0,0,0.000,43.360,0.000,0.0,0.0,0.0,0,457939.8166,17270.0618
26.747,4653,4927,Running,26,0.00,1,0,0,0,-1.0000,0.0,0,0.000,43.360,0.000,0.0,0.0,0.0,0,439395.7863,17691.3859
26.764,4699,4973,Running,26,0.00,1,0,0,0,-1.0000,0.0,0,0.000,43.360,0.000,0.0,0.0,0.0,0,468343.9559,17976.9309
26.783,4745,5020,Running,26,0.00,1,0,0,0,-1.0000,0.0,0,0.000,43.360,0.000,0.0,0.0,0.0,0,447963.5794,15732.1648
26.797,4791,5066,Running,28,0.00,1,0,0,0,-1.0000,0.0,0,0.000,43.360,0.000,0.0,0.0,0.0,0,467268.8685,15643.9046
26.814,4837,5117,Running,28,0.00,1,0,0,0,-1.0000,0.0,0,0.000,43.920,0.000,0.0,0.0,0.0,0,479551.6286,16497.8261
26.833,4884,5171,Running,28,0.00,1,0,0,0,-1.0000,0.0,0,0.000,43.920,0.000,0.0,0.0,0.0,0,476719.5658,17183.2517
26.847,4933,5225,Running,28,0.00,1,0,0,0,-1.0000,0.0,0,0.000,43.920,0.000,0.0,0.0,0.0,0,494595.9069,17079.1680
26.864,4982,5279,Running,28,0.00,1,0,0,0,-1.0000,0.0,0,0.000,43.920,0.000,0.0,0.0,0.0,0,508511.2805,17523.3860
26.883,5032,5333,Running,28,0.00,1,0,0,0,-1.0000,0.0,0,0.000,43.920,0.000,0.0,0.0,0.0,0,510086.8430,16324.4353
26.897,5083,5387,Running,28,0.00,1,0,0,0,-1.0000,0.0,0,0.000,43.920,0.000,0.0,0.0,0.0,0,515806.7233,18761.3597
26.914,5134,5441,Running,28,0.00,1,0,0,0,-1.0000,0.0,0,0.000,43.920,0.000,0.0,0.0,0.0,0,516344.4951,16165.6719
26.933,5185,5495,Running,28,0.00,1,0,0,0,-1.0000,0.0,0,0.000,43.920,0.000,0.0,0.0,0.0,0,516496.2503,17307.0299
26.947,5237,5548,Running,28,0.00,1,0,0,0,-1.0000,0.0,0,0.000,43.920,0.000,0.0,0.0,0.0,0,520478.8040,17518.1455
26.964,5289,5599,Running,28,0.00,1,0,0,0,-1.0000,0.0,0,0.000,43.920,0.000,0.0,0.0,0.0,0,525714.4867,17518.1455
26.983,5341,5649,Running,28,0.00,1,0,0,0,-1.0000,0.0,0,0.000,43.920,0.000,0.0,0.0,0.0,0,537790.5863,17592.9956
26.997,5392,5697,Running,28,0.00,1,0,0,0,-1.0000,0.0,0,0.000,43.920,0.000,0.0,0.0,0.0,0,536725.5625,19038.7200
27.014,5443,5746,Running,28,0.00,1,0,0,0,-1.0000,0.0,0,0.000,43.920,0.000,0.0,0.0,0.0,0,527082.1282,18797.7427
27.033,5493,5793,Running,28,0.00,1,0,0,0,-1.0000,0.0,0,0.000,43.920,0.000,0.0,0.0,0.0,0,546476.9161,18572.4195
27.047,5543,5840,Running,28,0.00,1,0,0,0,-1.0000,0.0,0,0.000,43.920,0.000,0.0,0.0,0.0,0,535367.8595,17965.6789
27.064,5592,5886,Running,28,0.00,1,0,0,0,-1.0000,0.0,0,0.000,43.920,0.000,0.0,0.0,0.0,0,556101.7075,20247.6957
27.083,5641,5933,Running,28,0.00,1,0,0,0,-1.0000,0.0,0,0.000,43.920,0.000,0.0,0.0,0.0,0,544307.3455,18934.2810
27.097,5690,5977,Running,28,0.00,1,0,0,0,-1.0000,0.0,0,0.000,43.920,0.000,0.0,0.0,0.0,0,562520.2680,19565.0895
27.114,5737,6023,Running,28,0.00,1,0,0,0,-1.0000,0.0,0,0.000,43.920,0.000,0.0,0.0,0.0,0,552503.9902,18297.2503
27.133,5785,6068,Running,28,0.00,1,0,0,0,-1.0000,0.0,0,0.000,43.920,0.000,0.0,0.0,0.0,0,554452.9196,19469.2765
27.147,5832,6111,Running,28,0.00,1,0,0,0,-1.0000,0.0,0,0.000,43.920,0.000,0.0,0.0,0.0,0,564877.1184,19239.6566
27.164,5878,6153,Running,29,0.00,1,0,0,0,-1.0000,0.0,0,0.000,43.920,0.000,0.0,0.0,0.0,0,569540.5618,19268.7633
27.183,5924,6195,Running,29,0.00,1,0,0,0,-1.0000,0.0,0,0.000,43.920,0.000,0.0,0.0,0.0,0,572403.1358,19727.1284
27.197,5969,6239,Running,29,0.00,1,0,0,0,-1.0000,0.0,0,0.000,43.920,0.000,0.0,0.0,0.0,0,575606.3002,18612.7306
27.214,6014,6283,Running,29,0.00,1,0,0,0,-1.0000,0.0,0,0.000,43.920,0.000,0.0,0.0,0.0,0,580492.4796,19952.6530
27.233,6059,6327,Running,29,0.00,1,0,0,0,-1.0000,0.0,0,0.000,43.920,0.000,0.0,0.0,0.0,0,588780.0465,19952.6530
27.247,6104,6368,Running,29,0.00,1,0,0,0,-1.0000,0.0,0,0.000,43.920,0.000,0.0,0.0,0.0,0,589939.4511,18548.8341
27.264,6148,6410,Running,29,0.00,1,0,0,0,-1.0000,0.0,0,0.000,43.920,0.000,0.0,0.0,0.0,0,592943.5431,19094.2336
27.283,6191,6451,Running,29,0.00,1,0,0,0,-1.0000,0.0,0,0.000,43.920,0.000,0.0,0.0,0.0,0,589836.1838,18651.6685
27.297,6234,6492,Running,29,0.00,1,0,0,0,-1.0000,0.0,0,0.000,43.920,0.000,0.0,0.0,0.0,0,595448.8075,18560.6332
27.314,6277,6530,Running,29,0.00,1,0,0,0,-1.0000,0.0,0,0.000,43.920,0.000,0.0,0.0,0.0,0,604246.1400,19065.2338
27.333,6319,6567,Running,29,0.00,1,0,0,0,-1.0000,0.0,0,0.000,43.920,0.000,0.0,0.0,0.0,0,606570.5827,19032.7170
27.347,6360,6605,Running,29,0.00,1,0,0,0,-1.0000,0.0,0,0.000,43.920,0.000,0.0,0.0,0.0,0,597375.1314,19032.7170
27.364,6401,6643,Running,30,0.00,1,0,0,0,-1.0000,0.0,0,0.000,43.920,0.000,0.0,0.0,0.0,0,607218.0285,18201.5079
27.383,6441,6681,Running,30,0.00,1,0,0,0,-1.0000,0.0,0,0.000,43.920,0.000,0.0,0.0,0.0,0,622442.0404,18070.4980
27.397,6481,6721,Running,30,0.00,1,0,0,0,-1.0000,0.0,0,0.000,43.920,0.000,0.0,0.0,0.0,0,617437.9692,18600.0362
27.414,6521,6761,Running,30,0.00,1,0,0,0,-1.0000,0.0,0,0.000,43.920,0.000,0.0,0.0,0.0,0,638388.9112,18086.4817
27.433,6561,6803,Running,30,0.00,1,0,0,0,-1.0000,0.0,0,0.000,43.920,0.000,0.0,0.0,0.0,0,633956.7088,17294.8704
27.447,6602,6843,Running,30,0.00,1,0,0,0,-1.0000,0.0,0,0.000,43.920,0.000,0.0,0.0,0.0,0,653120.6269,18974.9389
27.464,6642,6884,Running,30,0.00,1,0,0,0,-1.0000,0.0,0,0.000,43.920,0.000,0.0,0.0,0.0,0,649491.5890,17926.7810
27.483,6682,6925,Running,30,0.00,1,0,0,0,-1.0000,0.0,0,0.000,43.920,0.000,0.0,0.0,0.0,0,651899.3031,17783.1373
27.497,6723,6965,Running,30,0.00,1,0,0,0,-1.0000,0.0,0,0.000,43.920,0.000,0.0,0.0,0.0,0,661510.8136,17783.1373
27.514,6763,7005,Running,30,0.00,1,0,0,0,-1.0000,0.0,0,0.000,43.920,0.000,0.0,0.0,0.0,0,666663.1094,18232.2459
27.533,6804,7044,Running,30,0.00,1,0,0,0,-1.0000,0.0,0,0.000,43.920,0.000,0.0,0.0,0.0,0,660994.5876,17838.8964
27.547,6844,7082,Running,29,0.00,1,0,0,0,-1.0000,0.0,0,0.000,43.920,0.000,0.0,0.0,0.0,0,663686.5514,18897.5746
27.564,6883,7117,Running,29,0.00,1,0,0,0,-1.0000,0.0,0,0.000,43.920,0.000,0.0,0.0,0.0,0,657572.4307,18157.7843
27.583,6922,7149,Running,29,0.00,1,0,0,0,-1.0000,0.0,0,0.000,46.880,0.000,0.0,0.0,0.0,0,653130.4554,18085.6876
27.597,6959,7179,Running,29,0.00,1,0,0,0,-1.0000,0.0,0,0.000,46.880,0.000,0.0,0.0,0.0,0,649800.5695,18788.6901
27.614,6995,7207,Running,29,0.00,1,0,0,0,-1.0000,0.0,0,0.000,46.880,0.000,0.0,0.0,0.0,0,644676.5903,18788.6901
27.633,7029,7234,Running,29,0.00,1,0,0,0,-1.0000,0.0,0,0.000,46.880,0.000,0.0,0.0,0.0,0,641093.7191,18803.5767
27.647,7063,7260,Running,29,0.00,1,0,0,0,-1.0000,0.0,0,0.000,46.880,0.000,0.0,0.0,0.0,0,643065.6366,18890.1944
27.664,7095,7285,Running,29,0.00,1,0,0,0,-1.0000,0.0,0,0.000,46.880,0.000,0.0,0.0,0.0,0,639265.8727,19080.3903
27.683,7126,7308,Running,29,0.00,1,0,0,0,-1.0000,0.0,0,0.000,46.880,0.000,0.0,0.0,0.0,0,641142.6237,17541.1649
27.697,7156,7333,Running,29,0.00,1,0,0,0,-1.0000,0.0,0,0.000,46.880,0.000,0.0,0.0,0.0,0,639410.9161,18417.0203
27.714,7185,7357,Running,29,0.00,1,0,0,0,-1.0000,0.0,0,0.000,46.880,0.000,0.0,0.0,0.0,0,639595.5354,18160.4162
27.733,7213,7380,Running,29,0.00,1,0,0,0,-1.0000,0.0,0,0.000,46.880,0.000,0.0,0.0,0.0,0,639572.1221,18409.6005
27.747,7241,7401,Running,24,0.00,1,0,0,0,-1.0000,0.0,0,0.000,46.880,0.000,0.0,0.0,0.0,0,640939.6319,19257.7640
27.764,7266,7413,Running,24,0.00,1,0,0,0,-1.0000,0.0,0,0.000,46.880,0.000,0.0,0.0,0.0,0,606508.3721,17217.8088
27.783,7289,7417,Running,24,0.00,1,0,0,0,-1.0000,0.0,0,0.000,47.600,0.000,0.0,0.0,0.0,0,565867.4974,16832.3083
27.797,7309,7417,Running,21,0.00,1,0,0,0,-1.0000,0.0,0,0.000,47.600,0.000,0.0,0.0,0.0,0,545361.4898,16041.6407
27.814,7325,7410,Running,21,0.00,1,0,0,0,-1.0000,0.0,0,0.000,47.600,0.000,0.0,0.0,0.0,0,524122.4549,16128.0970
27.833,7337,7398,Running,21,0.00,1,0,0,0,-1.0000,0.0,0,0.000,47.600,0.000,0.0,0.0,0.0,0,494350.4691,16510.0958
27.847,7346,7384,Running,21,0.00,1,0,0,0,-1.0000,0.0,0,0.000,47.600,0.000,0.0,0.0,0.0,0,477080.9138,16267.5756
27.864,7350,7368,Running,21,0.00,1,0,0,0,-1.0000,0.0,0,0.000,47.600,0.000,0.0,0.0,0.0,0,469250.2654,17126.5558
27.883,7352,7351,Running,21,0.00,1,0,0,0,-1.0000,0.0,0,0.000,47.600,0.000,0.0,0.0,0.0,0,469549.9611,17147.9062
27.897,7350,7333,Running,21,0.00,1,0,0,0,-1.0000,0.0,0,0.000,47.600,0.000,0.0,0.0,0.0,0,462889.6767,16612.7116
27.914,7346,7315,Running,21,0.00,1,0,0,0,-1.0000,0.0,0,0.000,47.600,0.000,0.0,0.0,0.0,0,453358.2054,18882.0933
27.933,7340,7297,Running,21,0.00,1,0,0,0,-1.0000,0.0,0,0.000,47.600,0.000,0.0,0.0,0.0,0,453462.9322,18880.1129
27.947,7332,7276,Running,9,0.00,1,0,0,0,-1.0000,0.0,0,0.000,47.600,0.000,0.0,0.0,0.0,0,443232.9671,18352.8751
27.964,7321,7246,Running,8,0.00,1,0,0,0,-1.0000,0.0,0,0.000,47.600,0.000,0.0,0.0,0.0,0,378750.1897,18207.6670
27.983,7306,7206,Running,8,0.00,1,0,0,0,-1.0000,0.0,0,0.000,47.920,0.000,0.0,0.0,0.0,0,299995.8292,17485.3814
27.997,7287,7162,Running,8,0.00,1,0,0,0,-1.0000,0.0,0,0.000,47.920,0.000,0.0,0.0,0.0,0,237898.4004,15888.1526
28.014,7264,7114,Running,8,0.00,1,0,0,0,-1.0000,0.0,0,0.000,47.920,0.000,0.0,0.0,0.0,0,189901.2105,15107.4050
28.033,7237,7065,Running,8,0.00,1,0,0,0,-1.0000,0.0,0,0.000,47.920,0.000,0.0,0.0,0.0,0,152570.1163,15107.4050
28.047,7207,7015,Running,8,0.00,1,0,0,0,-1.0000,0.0,0,0.000,47.920,0.000,0.0,0.0,0.0,0,131323.8194,19660.9216
28.064,7173,6965,Running,8,0.00,1,0,0,0,-1.0000,0.0,0,0.000,47.920,0.000,0.0,0.0,0.0,0,123164.5146,19908.0206
28.083,7137,6914,Running,8,0.00,1,0,0,0,-1.0000,0.0,0,0.000,47.920,0.000,0.0,0.0,0.0,0,118847.0337,19801.2131
28.097,7099,6863,Running,8,0.00,1,0,0,0,-1.0000,0.0,0,0.000,47.920,0.000,0.0,0.0,0.0,0,105614.5957,20738.6283
28.114,7058,6812,Running,8,0.00,1,0,0,0,-1.0000,0.0,0,0.000,47.920,0.000,0.0,0.0,0.0,0,108046.4761,18036.7266
28.133,7017,6761,Running,5,0.00,1,0,0,0,-1.0000,0.0,0,0.000,47.920,0.000,0.0,0.0,0.0,0,112250.9756,21297.4145
28.147,6973,6710,Running,5,0.00,1,0,0,0,-1.0000,0.0,0,0.000,47.920,0.000,0.0,0.0,0.0,0,93849.9574,19542.6365
28.164,6929,6658,Running,5,0.00,1,0,0,0,-1.0000,0.0,0,0.000,47.920,0.000,0.0,0.0,0.0,0,93887.7262,21746.4804
28.183,6883,6606,Running,5,0.00,1,0,0,0,-1.0000,0.0,0,0.000,47.920,0.000,0.0,0.0,0.0,0,83157.8109,21523.4819
28.197,6836,6554,Running,5,0.00,1,0,0,0,-1.0000,0.0,0,0.000,47.920,0.000,0.0,0.0,0.0,0,69108.0954,21049.6949
28.214,6789,6501,Running,5,0.00,1,0,0,0,-1.0000,0.0,0,0.000,47.920,0.000,0.0,0.0,0.0,0,80195.7800,19449.9500
28.233,6740,6449,Running,5,0.00,1,0,0,0,-1.0000,0.0,0,0.000,47.920,0.000,0.0,0.0,0.0,0,76448.5094,18800.7049
28.247,6691,6396,Running,5,0.00,1,0,0,0,-1.0000,0.0,0,0.000,47.920,0.000,0.0,0.0,0.0,0,72260.1342,19708.8174
28.264,6642,6344,Running,5,0.00,1,0,0,0,-1.0000,0.0,0,0.000,47.920,0.000,0.0,0.0,0.0,0,70285.9391,19708.8174
28.283,6592,6293,Running,5,0.00,1,0,0,0,-1.0000,0.0,0,0.000,47.920,0.000,0.0,0.0,0.0,0,71921.8703,18871.2993
28.297,6542,6241,Running,5,0.00,1,0,0,0,-1.0000,0.0,0,0.000,47.920,0.000,0.0,0.0,0.0,0,71234.2316,18290.1448
28.314,6491,6189,Running,5,0.00,1,0,0,0,-1.0000,0.0,0,0.000,47.920,0.000,0.0,0.0,0.0,0,71721.6842,18703.5824
28.333,6441,6138,Running,1,0.00,1,0,0,0,-1.0000,0.0,0,0.000,47.920,0.000,0.0,0.0,0.0,0,72490.6081,19206.4654
28.347,6390,6087,Running,1,0.00,1,0,0,0,-1.0000,0.0,0,0.000,47.920,0.000,0.0,0.0,0.0,0,66067.8818,18319.2363
28.364,6340,6036,Running,1,0.00,1,0,0,0,-1.0000,0.0,0,0.000,47.920,0.000,0.0,0.0,0.0,0,59653.1064,18651.1711
28.383,6289,5985,Running,1,0.00,1,0,0,0,-1.0000,0.0,0,0.000,47.920,0.000,0.0,0.0,0.0,0,67927.5452,18651.1711
28.397,6238,5933,Running,1,0.00,1,0,0,0,-1.0000,0.0,0,0.000,47.920,0.000,0.0,0.0,0.0,0,57691.5713,18906.4242
28.414,6187,5882,Running,1,0.00,1,0,0,0,-1.0000,0.0,0,0.000,47.920,0.000,0.0,0.0,0.0,0,50243.3575,17992.9833
28.433,6136,5831,Running,1,0.00,1,0,0,0,-1.0000,0.0,0,0.000,47.920,0.000,0.0,0.0,0.0,0,63152.0218,18086.1146
28.447,6085,5780,Running,1,0.00,1,0,0,0,-1.0000,0.0,0,0.000,47.920,0.000,0.0,0.0,0.0,0,45820.4378,19342.7991
28.464,6034,5729,Running,1,0.00,1,0,0,0,-1.0000,0.0,0,0.000,47.920,0.000,0.0,0.0,0.0,0,58529.5197,18790.8432
28.483,5983,5679,Running,1,0.00,1,0,0,0,-1.0000,0.0,0,0.000,47.920,0.000,0.0,0.0,0.0,0,54381.8398,17580.0161
28.497,5933,5629,Running,1,0.00,1,0,0,0,-1.0000,0.0,0,0.000,47.920,0.000,0.0,0.0,0.0,0,45585.2118,16944.3157
28.514,5882,5579,Running,1,0.00,1,0,0,0,-1.0000,0.0,0,0.000,47.920,0.000,0.0,0.0,0.0,0,55808.6122,18035.2428
28.533,5831,5529,Running,1,0.00,1,0,0,0,-1.0000,0.0,0,0.000,47.920,0.000,0.0,0.0,0.0,0,58320.1377,17834.3397
28.547,5781,5480,Running,1,0.00,1,0,0,0,-1.0000,0.0,0,0.000,47.920,0.000,0.0,0.0,0.0,0,57359.5508,17992.0286
28.564,5731,5431,Running,1,0.00,1,0,0,0,-1.0000,0.0,0,0.000,47.920,0.000,0.0,0.0,0.0,0,54910.9079,18467.2620
28.583,5681,5383,Running,2,0.00,1,0,0,0,-1.0000,0.0,0,0.000,47.920,0.000,0.0,0.0,0.0,0,53648.5883,17992.7166
28.597,5631,5335,Running,2,0.00,1,0,0,0,-1.0000,0.0,0,0.000,47.920,0.000,0.0,0.0,0.0,0,57050.4642,18497.9431
28.614,5582,5287,Running,2,0.00,1,0,0,0,-1.0000,0.0,0,0.000,47.920,0.000,0.0,0.0,0.0,0,53580.4674,18191.3313
28.633,5533,5239,Running,2,0.00,1,0,0,0,-1.0000,0.0,0,0.000,47.920,0.000,0.0,0.0,0.0,0,52868.0234,17930.2170
28.647,5484,5192,Running,2,0.00,1,0,0,0,-1.0000,0.0,0,0.000,47.920,0.000,0.0,0.0,0.0,0,49980.4355,17567.1627
28.664,5435,5145,Running,2,0.00,1,0,0,0,-1.0000,0.0,0,0.000,47.920,0.000,0.0,0.0,0.0,0,53598.5381,18132.4933
28.683,5387,5098,Running,2,0.00,1,0,0,0,-1.0000,0.0,0,0.000,47.920,0.000,0.0,0.0,0.0,0,63325.5771,17474.2550
28.697,5339,5052,Running,2,0.00,1,0,0,0,-1.0000,0.0,0,0.000,47.920,0.000,0.0,0.0,0.0,0,51448.0348,17278.9628
28.714,5291,5006,Running,2,0.00,1,0,0,0,-1.0000,0.0,0,0.000,47.920,0.000,0.0,0.0,0.0,0,53052.2953,16891.7625
28.733,5244,4960,Running,2,0.00,1,0,0,0,-1.0000,0.0,0,0.000,47.920,0.000,0.0,0.0,0.0,0,60735.3014,17753.3742
28.747,5197,4915,Running,2,0.00,1,0,0,0,-1.0000,0.0,0,0.000,47.920,0.000,0.0,0.0,0.0,0,45267.6168,17483.7076
28.764,5150,4870,Running,2,0.00,1,0,0,0,-1.0000,0.0,0,0.000,47.920,0.000,0.0,0.0,0.0,0,60465.0064,17483.7076
28.783,5103,4825,Running,4,0.00,1,0,0,0,-1.0000,0.0,0,0.000,47.920,0.000,0.0,0.0,0.0,0,52478.2665,16028.4588
28.797,5057,4781,Running,4,0.00,1,0,0,0,-1.0000,0.0,0,0.000,45.040,0.000,0.0,0.0,0.0,0,52638.6879,16204.6202
28.814,5011,4738,Running,4,0.00,1,0,0,0,-1.0000,0.0,0,0.000,45.040,0.000,0.0,0.0,0.0,0,65741.9379,17276.4903
28.833,4966,4694,Running,4,0.00,1,0,0,0,-1.0000,0.0,0,0.000,45.040,0.000,0.0,0.0,0.0,0,60062.6451,15440.0010
28.847,4920,4652,Running,4,0.00,1,0,0,0,-1.0000,0.0,0,0.000,45.040,0.000,0.0,0.0,0.0,0,54210.8845,16433.6446
28.864,4876,4610,Running,4,0.00,1,0,0,0,-1.0000,0.0,0,0.000,45.040,0.000,0.0,0.0,0.0,0,62004.5292,17228.2916
28.883,4832,4569,Running,4,0.00,1,0,0,0,-1.0000,0.0,0,0.000,45.040,0.000,0.0,0.0,0.0,0,67688.1731,15374.1355
28.897,4788,4528,Running,4,0.00,1,0,0,0,-1.0000,0.0,0,0.000,45.040,0.000,0.0,0.0,0.0,0,65543.9603,17387.1583
28.914,4745,4487,Running,4,0.00,1,0,0,0,-1.0000,0.0,0,0.000,45.040,0.000,0.0,0.0,0.0,0,65466.2446,16955.1664
28.933,4702,4447,Running,4,0.00,1,0,0,0,-1.0000,0.0,0,0.000,45.040,0.000,0.0,0.0,0.0,0,64225.6926,16853.1427
28.947,4660,4407,Running,4,0.00,1,0,0,0,-1.0000,0.0,0,0.000,45.040,0.000,0.0,0.0,0.0,0,61147.1342,16872.1944
28.964,4618,4367,Running,4,0.00,1,0,0,0,-1.0000,0.0,0,0.000,45.040,0.000,0.0,0.0,0.0,0,61393.6925,16378.6202
28.983,4576,4328,Running,4,0.00,1,0,0,0,-1.0000,0.0,0,0.000,45.040,0.000,0.0,0.0,0.0,0,65522.9139,16794.2575
28.997,4535,4289,Running,4,0.00,1,0,0,0,-1.0000,0.0,0,0.000,43.920,0.000,0.0,0.0,0.0,0,71143.5431,16208.6761
29.014,4494,4250,Running,4,0.00,1,0,0,0,-1.0000,0.0,0,0.000,43.920,0.000,0.0,0.0,0.0,0,65832.0095,16974.2188
29.033,4453,4212,Running,4,0.00,1,0,0,0,-1.0000,0.0,0,0.000,43.920,0.000,0.0,0.0,0.0,0,57983.2564,16974.2188
29.047,4413,4174,Running,4,0.00,1,0,0,0,-1.0000,0.0,0,0.000,43.920,0.000,0.0,0.0,0.0,0,66446.4311,18352.2372
29.064,4374,4137,Running,4,0.00,1,0,0,0,-1.0000,0.0,0,0.000,43.920,0.000,0.0,0.0,0.0,0,68640.2710,16608.1462
29.083,4334,4100,Running,4,0.00,1,0,0,0,-1.0000,0.0,0,0.000,43.920,0.000,0.0,0.0,0.0,0,54376.3100,15314.6532
29.097,4295,4063,Running,4,0.00,1,0,0,0,-1.0000,0.0,0,0.000,43.920,0.000,0.0,0.0,0.0,0,73810.6605,16142.3542
29.114,4257,4027,Running,4,0.00,1,0,0,0,-1.0000,0.0,0,0.000,43.920,0.000,0.0,0.0,0.0,0,55411.3018,17292.3385
29.133,4218,3990,Running,4,0.00,1,0,0,0,-1.0000,0.0,0,0.000,43.920,0.000,0.0,0.0,0.0,0,70747.5113,16298.4991
29.147,4181,3954,Running,4,0.00,1,0,0,0,-1.0000,0.0,0,0.000,43.920,0.000,0.0,0.0,0.0,0,53221.3674,17082.3985
29.164,4143,3919,Running,4,0.00,1,0,0,0,-1.0000,0.0,0,0.000,43.920,0.000,0.0,0.0,0.0,0,70981.6649,16333.3228
29.183,4106,3883,Running,4,0.00,1,0,0,0,-1.0000,0.0,0,0.000,43.920,0.000,0.0,0.0,0.0,0,60465.6355,15263.4241
29.197,4069,3848,Running,4,0.00,1,0,0,0,-1.0000,0.0,0,0.000,43.920,0.000,0.0,0.0,0.0,0,52714.7340,17066.4487
29.214,4032,3813,Running,4,0.00,1,0,0,0,-1.0000,0.0,0,0.000,43.920,0.000,0.0,0.0,0.0,0,67718.9863,16183.5198
29.233,3995,3778,Running,4,0.00,1,0,0,0,-1.0000,0.0,0,0.000,43.920,0.000,0.0,0.0,0.0,0,64595.8851,15024.0612
29.247,3959,3744,Running,4,0.00,1,0,0,0,-1.0000,0.0,0,0.000,43.920,0.000,0.0,0.0,0.0,0,59876.2694,17633.7212
29.264,3924,3710,Running,4,0.00,1,0,0,0,-1.0000,0.0,0,0.000,43.920,0.000,0.0,0.0,0.0,0,55892.0034,16986.9030
29.283,3888,3676,Running,4,0.00,1,0,0,0,-1.0000,0.0,0,0.000,43.920,0.000,0.0,0.0,0.0,0,57303.5426,17805.4731
29.297,3853,3643,Running,4,0.00,1,0,0,0,-1.0000,0.0,0,0.000,43.920,0.000,0.0,0.0,0.0,0,60447.2990,17805.4731
29.314,3818,3610,Running,4,0.00,1,0,0,0,-1.0000,0.0,0,0.000,43.920,0.000,0.0,0.0,0.0,0,60181.9210,16791.6646
29.333,3783,3577,Running,4,0.00,1,0,0,0,-1.0000,0.0,0,0.000,43.920,0.000,0.0,0.0,0.0,0,59911.8741,15337.7765
29.347,3749,3544,Running,4,0.00,1,0,0,0,-1.0000,0.0,0,0.000,43.920,0.000,0.0,0.0,0.0,0,59606.2747,18177.3339
29.364,3715,3512,Running,4,0.00,1,0,0,0,-1.0000,0.0,0,0.000,43.920,0.000,0.0,0.0,0.0,0,59000.8569,15333.2699
29.383,3681,3480,Running,4,0.00,1,0,0,0,-1.0000,0.0,0,0.000,41.280,0.000,0.0,0.0,0.0,0,61692.4961,16754.9602
29.397,3648,3448,Running,4,0.00,1,0,0,0,-1.0000,0.0,0,0.000,41.280,0.000,0.0,0.0,0.0,0,63868.6147,15334.9807
29.414,3615,3417,Running,4,0.00,1,0,0,0,-1.0000,0.0,0,0.000,41.280,0.000,0.0,0.0,0.0,0,61637.8689,15334.9807
29.433,3582,3386,Running,4,0.00,1,0,0,0,-1.0000,0.0,0,0.000,41.280,0.000,0.0,0.0,0.0,0,57523.0193,14579.7306
29.447,3549,3355,Running,4,0.00,1,0,0,0,-1.0000,0.0,0,0.000,41.280,0.000,0.0,0.0,0.0,0,54618.1622,15134.4192
29.464,3517,3325,Running,4,0.00,1,0,0,0,-1.0000,0.0,0,0.000,41.280,0.000,0.0,0.0,0.0,0,62374.6604,13075.8499
29.483,3485,3295,Running,4,0.00,1,0,0,0,-1.0000,0.0,0,0.000,41.280,0.000,0.0,0.0,0.0,0,64777.8067,17203.7469
29.497,3454,3266,Running,4,0.00,1,0,0,0,-1.0000,0.0,0,0.000,41.280,0.000,0.0,0.0,0.0,0,54047.4616,16095.5162
29.514,3422,3237,Running,4,0.00,1,0,0,0,-1.0000,0.0,0,0.000,41.280,0.000,0.0,0.0,0.0,0,62129.1040,16665.9445
29.533,3392,3208,Running,4,0.00,1,0,0,0,-1.0000,0.0,0,0.000,41.280,0.000,0.0,0.0,0.0,0,61689.0311,18134.0733
29.547,3361,3179,Running,4,0.00,1,0,0,0,-1.0000,0.0,0,0.000,41.280,0.000,0.0,0.0,0.0,0,53455.4964,18629.3797
29.564,3331,3151,Running,6,0.00,1,0,0,0,-1.0000,0.0,0,0.000,41.280,0.000,0.0,0.0,0.0,0,66239.1222,18629.3797
29.583,3301,3122,Running,6,0.00,1,0,0,0,-1.0000,0.0,0,0.000,39.840,0.000,0.0,0.0,0.0,0,51322.4546,19702.6835
29.597,3271,3095,Running,6,0.00,1,0,0,0,-1.0000,0.0,0,0.000,39.840,0.000,0.0,0.0,0.0,0,66221.2309,18055.7524
29.614,3242,3068,Running,6,0.00,1,0,0,0,-1.0000,0.0,0,0.000,39.840,0.000,0.0,0.0,0.0,0,56577.4344,17387.4826
29.633,3213,3042,Running,6,0.00,1,0,0,0,-1.0000,0.0,0,0.000,39.840,0.000,0.0,0.0,0.0,0,64828.3861,18880.1076
29.647,3185,3016,Running,6,0.00,1,0,0,0,-1.0000,0.0,0,0.000,39.840,0.000,0.0,0.0,0.0,0,67599.6254,16178.9905
29.664,3157,2991,Running,6,0.00,1,0,0,0,-1.0000,0.0,0,0.000,39.840,0.000,0.0,0.0,0.0,0,56565.0579,19370.3870
29.683,3129,2966,Running,6,0.00,1,0,0,0,-1.0000,0.0,0,0.000,39.840,0.000,0.0,0.0,0.0,0,67858.6069,18603.1213
29.697,3102,2941,Running,6,0.00,1,0,0,0,-1.0000,0.0,0,0.000,39.840,0.000,0.0,0.0,0.0,0,66101.4627,19849.4652
29.714,3075,2916,Running,6,0.00,1,0,0,0,-1.0000,0.0,0,0.000,39.840,0.000,0.0,0.0,0.0,0,58687.6349,21237.7517
29.733,3049,2892,Running,6,0.00,1,0,0,0,-1.0000,0.0,0,0.000,39.840,0.000,0.0,0.0,0.0,0,62020.5125,17417.7343
29.747,3023,2869,Running,6,0.00,1,0,0,0,-1.0000,0.0,0,0.000,39.840,0.000,0.0,0.0,0.0,0,67721.0107,20067.4230
29.764,2998,2846,Running,6,0.00,1,0,0,0,-1.0000,0.0,0,0.000,39.840,0.000,0.0,0.0,0.0,0,67436.9610,20344.7299
29.783,2973,2823,Running,6,0.00,1,0,0,0,-1.0000,0.0,0,0.000,38.640,0.000,0.0,0.0,0.0,0,64050.9560,20344.7299
29.797,2948,2801,Running,6,0.00,1,0,0,0,-1.0000,0.0,0,0.000,38.640,0.000,0.0,0.0,0.0,0,62329.0122,20969.9849
29.814,2924,2779,Running,6,0.00,1,0,0,0,-1.0000,0.0,0,0.000,38.640,0.000,0.0,0.0,0.0,0,63413.5051,21628.2338
29.833,2900,2757,Running,6,0.00,1,0,0,0,-1.0000,0.0,0,0.000,38.640,0.000,0.0,0.0,0.0,0,64713.9146,21397.7721
29.847,2876,2736,Running,6,0.00,1,0,0,0,-1.0000,0.0,0,0.000,38.640,0.000,0.0,0.0,0.0,0,66419.8563,20422.9634
29.864,2853,2716,Running,6,0.00,1,0,0,0,-1.0000,0.0,0,0.000,38.640,0.000,0.0,0.0,0.0,0,67319.1391,21093.3565
29.883,2830,2696,Running,6,0.00,1,0,0,0,-1.0000,0.0,0,0.000,38.640,0.000,0.0,0.0,0.0,0,65000.1389,20533.7404
29.897,2808,2676,Running,6,0.00,1,0,0,0,-1.0000,0.0,0,0.000,38.640,0.000,0.0,0.0,0.0,0,66664.9082,20830.0726
29.914,2786,2656,Running,6,0.00,1,0,0,0,-1.0000,0.0,0,0.000,38.640,0.000,0.0,0.0,0.0,0,68016.1777,21165.8684
29.933,2765,2638,Running,6,0.00,1,0,0,0,-1.0000,0.0,0,0.000,38.640,0.000,0.0,0.0,0.0,0,69751.9016,20648.8121
29.947,2744,2619,Running,6,0.00,1,0,0,0,-1.0000,0.0,0,0.000,38.640,0.000,0.0,0.0,0.0,0,68906.1453,19982.8711
29.964,2723,2601,Running,7,0.00,1,0,0,0,-1.0000,0.0,0,0.000,37.680,0.000,0.0,0.0,0.0,0,69676.4829,20691.5983
29.983,2703,2583,Running,7,0.00,1,0,0,0,-1.0000,0.0,0,0.000,37.600,0.000,0.0,0.0,0.0,0,68934.4494,20816.4796
29.997,2683,2566,Running,7,0.00,1,0,0,0,-1.0000,0.0,0,0.000,37.600,0.000,0.0,0.0,0.0,0,68954.6492,20559.3222
30.014,2664,2549,Running,7,0.00,1,0,0,0,-1.0000,0.0,0,0.000,37.600,0.000,0.0,0.0,0.0,0,67253.9367,21294.6271
30.022,2645,2531,Running,7,0.00,1,0,0,0,-1.0000,0.0,0,0.000,37.600,0.000,0.0,0.0,0.0,0,65989.3516,21478.9275
30.047,2626,2515,Running,7,0.00,1,0,0,0,-1.0000,0.0,0,0.000,37.600,0.000,0.0,0.0,0.0,0,68870.2764,21092.7397
30.064,2608,2499,Running,7,0.00,1,0,0,0,-1.0000,0.0,0,0.000,37.600,0.000,0.0,0.0,0.0,0,72463.7157,21092.7397
30.083,2590,2484,Running,7,0.00,1,0,0,0,-1.0000,0.0,0,0.000,37.600,0.000,0.0,0.0,0.0,0,72077.5981,21465.4653
30.097,2572,2467,Running,7,0.00,1,0,0,0,-1.0000,0.0,0,0.000,37.600,0.000,0.0,0.0,0.0,0,64764.6805,21874.4667
30.114,2555,2453,Running,7,0.00,1,0,0,0,-1.0000,0.0,0,0.000,37.600,0.000,0.0,0.0,0.0,0,67329.6071,21327.8532
30.133,2538,2438,Running,7,0.00,1,0,0,0,-1.0000,0.0,0,0.000,37.600,0.000,0.0,0.0,0.0,0,74913.5605,21847.2659
30.147,2522,2425,Running,7,0.00,1,0,0,0,-1.0000,0.0,0,0.000,37.600,0.000,0.0,0.0,0.0,0,75207.3031,20903.0441
30.164,2506,2410,Running,7,0.00,1,0,0,0,-1.0000,0.0,0,0.000,37.600,0.000,0.0,0.0,0.0,0,64326.8372,22476.6010
30.183,2490,2397,Running,7,0.00,1,0,0,0,-1.0000,0.0,0,0.000,37.600,0.000,0.0,0.0,0.0,0,75047.4023,19827.7258
30.197,2475,2384,Running,7,0.00,1,0,0,0,-1.0000,0.0,0,0.000,37.600,0.000,0.0,0.0,0.0,0,74842.2076,22789.0993
30.214,2460,2372,Running,7,0.00,1,0,0,0,-1.0000,0.0,0,0.000,37.600,0.000,0.0,0.0,0.0,0,65199.1772,22789.0993
30.233,2445,2359,Running,7,0.00,1,0,0,0,-1.0000,0.0,0,0.000,37.600,0.000,0.0,0.0,0.0,0,78276.2098,21567.9831
30.247,2431,2348,Running,7,0.00,1,0,0,0,-1.0000,0.0,0,0.000,37.600,0.000,0.0,0.0,0.0,0,72292.2731,23083.5210
30.264,2417,2335,Running,7,0.00,1,0,0,0,-1.0000,0.0,0,0.000,37.600,0.000,0.0,0.0,0.0,0,67413.9711,20599.6362
30.283,2404,2323,Running,10,0.00,1,0,0,0,-1.0000,0.0,0,0.000,37.600,0.000,0.0,0.0,0.0,0,76525.9113,22019.5358
30.297,2390,2312,Running,10,0.00,1,0,0,0,-1.0000,0.0,0,0.000,37.600,0.000,0.0,0.0,0.0,0,64885.2892,20059.2396
30.300,2378,2303,Running,10,0.00,1,0,0,0,-1.0000,0.0,0,0.000,36.080,0.000,0.0,0.0,0.0,0,85250.9483,21553.6362
30.300,2365,2295,Running,10,0.00,1,0,0,0,-1.0000,0.0,0,0.000,36.080,0.000,0.0,0.0,0.0,0,75760.8048,21553.6362
30.300,2354,2287,Running,10,0.00,1,0,0,0,-1.0000,0.0,0,0.000,36.080,0.000,0.0,0.0,0.0,0,88965.5020,21433.4939
30.300,2343,2281,Running,10,0.00,1,0,0,0,-1.0000,0.0,0,0.000,36.080,0.000,0.0,0.0,0.0,0,85453.4410,21322.4433
30.300,2333,2276,Running,10,0.00,1,0,0,0,-1.0000,0.0,0,0.000,36.080,0.000,0.0,0.0,0.0,0,91630.4459,20784.0706
30.300,2324,2272,Running,10,0.00,1,0,0,0,-1.0000,0.0,0,0.000,36.080,0.000,0.0,0.0,0.0,0,94717.8252,21045.8533
30.416,2316,2267,Running,10,0.00,1,0,0,0,-1.0000,0.0,0,0.000,36.080,0.000,0.0,0.0,0.0,0,89423.9021,18091.8941
30.433,2308,2264,Running,10,0.00,1,0,0,0,-1.0000,0.0,0,0.000,36.080,0.000,0.0,0.0,0.0,0,101357.8806,21106.5560
30.447,2301,2262,Running,10,0.00,1,0,0,0,-1.0000,0.0,0,0.000,36.080,0.000,0.0,0.0,0.0,0,90241.7747,21106.5560
30.453,2295,2260,Running,10,0.00,1,0,0,0,-1.0000,0.0,0,0.000,36.080,0.000,0.0,0.0,0.0,0,108820.9551,20837.4098
30.483,2289,2258,Running,12,0.00,1,0,0,0,-1.0000,0.0,0,0.000,35.520,0.000,0.0,0.0,0.0,0,88267.3484,21059.7069
30.497,2285,2258,Running,13,0.00,1,0,0,0,-1.0000,0.0,0,0.000,35.520,0.000,0.0,0.0,0.0,0,114124.3376,21018.8936
30.514,2281,2260,Running,13,0.00,1,0,0,0,-1.0000,0.0,0,0.000,35.520,0.000,0.0,0.0,0.0,0,94491.6399,20923.8101
30.533,2278,2263,Running,13,0.00,1,0,0,0,-1.0000,0.0,0,0.000,35.520,0.000,0.0,0.0,0.0,0,124780.1862,21002.5849
30.547,2276,2266,Running,13,0.00,1,0,0,0,-1.0000,0.0,0,0.000,35.520,0.000,0.0,0.0,0.0,0,100653.6370,21603.1801
30.564,2274,2271,Running,13,0.00,1,0,0,0,-1.0000,0.0,0,0.000,35.520,0.000,0.0,0.0,0.0,0,134468.8829,19758.3557
30.583,2274,2277,Running,12,0.00,1,0,0,0,-1.0000,0.0,0,0.000,35.520,0.000,0.0,0.0,0.0,0,105802.2837,21854.3947
30.597,2275,2284,Running,12,0.00,1,0,0,0,-1.0000,0.0,0,0.000,35.200,0.000,0.0,0.0,0.0,0,143359.0378,21854.3947
30.614,2277,2292,Running,12,0.00,1,0,0,0,-1.0000,0.0,0,0.000,35.200,0.000,0.0,0.0,0.0,0,109321.3294,21906.1489
30.633,2280,2300,Running,12,0.00,1,0,0,0,-1.0000,0.0,0,0.000,35.200,0.000,0.0,0.0,0.0,0,146004.3005,22329.6319
30.647,2284,2310,Running,12,0.00,1,0,0,0,-1.0000,0.0,0,0.000,35.200,0.000,0.0,0.0,0.0,0,116739.2532,21296.7288
30.664,2289,2317,Running,12,0.00,1,0,0,0,-1.0000,0.0,0,0.000,35.200,0.000,0.0,0.0,0.0,0,137811.3795,22674.4145
30.683,2294,2328,Running,12,0.00,1,0,0,0,-1.0000,0.0,0,0.000,35.200,0.000,0.0,0.0,0.0,0,136086.0406,19504.1888
30.697,2300,2337,Running,12,0.00,1,0,0,0,-1.0000,0.0,0,0.000,35.200,0.000,0.0,0.0,0.0,0,126266.3404,22614.6426
30.714,2306,2346,Running,12,0.00,1,0,0,0,-1.0000,0.0,0,0.000,35.200,0.000,0.0,0.0,0.0,0,154989.9048,22614.6426
30.733,2313,2356,Running,12,0.00,1,0,0,0,-1.0000,0.0,0,0.000,35.200,0.000,0.0,0.0,0.0,0,117702.2365,21770.7493
30.747,2321,2365,Running,12,0.00,1,0,0,0,-1.0000,0.0,0,0.000,35.200,0.000,0.0,0.0,0.0,0,143614.9037,22709.2387
30.764,2328,2375,Running,12,0.00,1,0,0,0,-1.0000,0.0,0,0.000,35.200,0.000,0.0,0.0,0.0,0,147540.7753,22770.7521
30.783,2336,2385,Running,13,0.00,1,0,0,0,-1.0000,0.0,0,0.000,35.200,0.000,0.0,0.0,0.0,0,122480.8672,22170.1036
30.797,2344,2394,Running,13,0.00,1,0,0,0,-1.0000,0.0,0,0.000,34.560,0.000,0.0,0.0,0.0,0,149683.3996,21026.2214
30.814,2353,2405,Running,13,0.00,1,0,0,0,-1.0000,0.0,0,0.000,34.560,0.000,0.0,0.0,0.0,0,147297.3610,22938.4637
30.833,2362,2416,Running,13,0.00,1,0,0,0,-1.0000,0.0,0,0.000,34.560,0.000,0.0,0.0,0.0,0,128385.1173,19460.2337
30.847,2371,2425,Running,13,0.00,1,0,0,0,-1.0000,0.0,0,0.000,34.560,0.000,0.0,0.0,0.0,0,150797.8995,22307.2781
30.864,2380,2436,Running,13,0.00,1,0,0,0,-1.0000,0.0,0,0.000,34.560,0.000,0.0,0.0,0.0,0,158539.7439,22895.6055
30.883,2389,2446,Running,13,0.00,1,0,0,0,-1.0000,0.0,0,0.000,34.560,0.000,0.0,0.0,0.0,0,126514.4794,21916.0204
30.897,2399,2455,Running,13,0.00,1,0,0,0,-1.0000,0.0,0,0.000,34.560,0.000,0.0,0.0,0.0,0,145918.7107,21631.7217
30.914,2408,2464,Running,13,0.00,1,0,0,0,-1.0000,0.0,0,0.000,34.240,0.000,0.0,0.0,0.0,0,157441.3033,20687.8590
30.933,2418,2475,Running,13,0.00,1,0,0,0,-1.0000,0.0,0,0.000,34.240,0.000,0.0,0.0,0.0,0,150786.1840,21916.2476
30.947,2427,2487,Running,13,0.00,1,0,0,0,-1.0000,0.0,0,0.000,34.240,0.000,0.0,0.0,0.0,0,136006.4995,21916.2476
30.964,2437,2496,Running,13,0.00,1,0,0,0,-1.0000,0.0,0,0.000,34.240,0.000,0.0,0.0,0.0,0,150356.0245,21889.7795
30.983,2447,2505,Running,13,0.00,1,0,0,0,-1.0000,0.0,0,0.000,34.240,0.000,0.0,0.0,0.0,0,159686.7406,21685.6398
30.997,2457,2516,Running,13,0.00,1,0,0,0,-1.0000,0.0,0,0.000,34.240,0.000,0.0,0.0,0.0,0,162890.4775,21790.7134
31.014,2467,2526,Running,13,0.00,1,0,0,0,-1.0000,0.0,0,0.000,34.240,0.000,0.0,0.0,0.0,0,140078.9875,22889.4628
31.033,2477,2536,Running,13,0.00,1,0,0,0,-1.0000,0.0,0,0.000,34.240,0.000,0.0,0.0,0.0,0,146122.8354,21980.2381
31.047,2486,2545,Running,13,0.00,1,0,0,0,-1.0000,0.0,0,0.000,34.240,0.000,0.0,0.0,0.0,0,153639.6961,22533.1872
31.064,2496,2554,Running,13,0.00,1,0,0,0,-1.0000,0.0,0,0.000,34.240,0.000,0.0,0.0,0.0,0,160322.1067,22002.3286
31.083,2506,2564,Running,14,0.00,1,0,0,0,-1.0000,0.0,0,0.000,34.240,0.000,0.0,0.0,0.0,0,163443.2525,21679.1878
31.097,2516,2574,Running,14,0.00,1,0,0,0,-1.0000,0.0,0,0.000,34.240,0.000,0.0,0.0,0.0,0,165269.8855,22172.5841
31.114,2526,2586,Running,14,0.00,1,0,0,0,-1.0000,0.0,0,0.000,34.240,0.000,0.0,0.0,0.0,0,151533.2909,22727.8173
31.133,2536,2595,Running,14,0.00,1,0,0,0,-1.0000,0.0,0,0.000,33.760,0.000,0.0,0.0,0.0,0,151780.7464,21425.4595
31.147,2545,2605,Running,14,0.00,1,0,0,0,-1.0000,0.0,0,0.000,33.760,0.000,0.0,0.0,0.0,0,156401.6034,21690.6714
31.164,2555,2614,Running,14,0.00,1,0,0,0,-1.0000,0.0,0,0.000,33.760,0.000,0.0,0.0,0.0,0,160054.6897,22295.5136
31.183,2565,2624,Running,14,0.00,1,0,0,0,-1.0000,0.0,0,0.000,33.760,0.000,0.0,0.0,0.0,0,163473.2206,21257.0683
31.197,2575,2634,Running,14,0.00,1,0,0,0,-1.0000,0.0,0,0.000,33.760,0.000,0.0,0.0,0.0,0,163799.8592,22292.9828
31.214,2585,2643,Running,14,0.00,1,0,0,0,-1.0000,0.0,0,0.000,33.760,0.000,0.0,0.0,0.0,0,165722.3147,20238.3851
31.233,2594,2652,Running,14,0.00,1,0,0,0,-1.0000,0.0,0,0.000,33.760,0.000,0.0,0.0,0.0,0,166418.8577,21364.2365
31.247,2604,2662,Running,14,0.00,1,0,0,0,-1.0000,0.0,0,0.000,33.760,0.000,0.0,0.0,0.0,0,167203.5512,21364.2365
31.264,2614,2671,Running,14,0.00,1,0,0,0,-1.0000,0.0,0,0.000,33.760,0.000,0.0,0.0,0.0,0,166945.4707,21161.2922
31.283,2624,2680,Running,14,0.00,1,0,0,0,-1.0000,0.0,0,0.000,33.760,0.000,0.0,0.0,0.0,0,167706.4902,21398.7739
31.297,2633,2689,Running,14,0.00,1,0,0,0,-1.0000,0.0,0,0.000,33.760,0.000,0.0,0.0,0.0,0,166992.5388,21597.5910
31.308,2643,2699,Running,14,0.00,1,0,0,0,-1.0000,0.0,0,0.000,33.760,0.000,0.0,0.0,0.0,0,167539.4777,21050.7696
31.333,2652,2707,Running,14,0.00,1,0,0,0,-1.0000,0.0,0,0.000,33.760,0.000,0.0,0.0,0.0,0,166486.2925,21001.9917
31.347,2661,2716,Running,14,0.00,1,0,0,0,-1.0000,0.0,0,0.000,33.760,0.000,0.0,0.0,0.0,0,165938.1396,21589.1415
31.364,2670,2724,Running,14,0.00,1,0,0,0,-1.0000,0.0,0,0.000,33.760,0.000,0.0,0.0,0.0,0,165480.5336,21589.1415
31.383,2679,2732,Running,14,0.00,1,0,0,0,-1.0000,0.0,0,0.000,33.760,0.000,0.0,0.0,0.0,0,166066.7697,21114.1358
31.397,2688,2740,Running,14,0.00,1,0,0,0,-1.0000,0.0,0,0.000,33.760,0.000,0.0,0.0,0.0,0,166630.2227,20480.7096
31.414,2697,2747,Running,13,0.00,1,0,0,0,-1.0000,0.0,0,0.000,33.760,0.000,0.0,0.0,0.0,0,165585.1683,20829.7106
31.433,2705,2755,Running,13,0.00,1,0,0,0,-1.0000,0.0,0,0.000,33.120,0.000,0.0,0.0,0.0,0,167572.6463,20996.4966
31.447,2713,2762,Running,13,0.00,1,0,0,0,-1.0000,0.0,0,0.000,33.040,0.000,0.0,0.0,0.0,0,166834.1321,20776.2045
31.464,2721,2769,Running,13,0.00,1,0,0,0,-1.0000,0.0,0,0.000,33.040,0.000,0.0,0.0,0.0,0,167072.2637,20986.3116
31.483,2729,2775,Running,13,0.00,1,0,0,0,-1.0000,0.0,0,0.000,33.040,0.000,0.0,0.0,0.0,0,168158.2013,19919.6341
31.497,2737,2781,Running,13,0.00,1,0,0,0,-1.0000,0.0,0,0.000,33.040,0.000,0.0,0.0,0.0,0,169480.6631,20514.0151
31.514,2744,2787,Running,13,0.00,1,0,0,0,-1.0000,0.0,0,0.000,33.040,0.000,0.0,0.0,0.0,0,173353.6352,20514.0151
31.533,2751,2792,Running,13,0.00,1,0,0,0,-1.0000,0.0,0,0.000,33.040,0.000,0.0,0.0,0.0,0,172477.0484,20460.0457
31.547,2758,2797,Running,13,0.00,1,0,0,0,-1.0000,0.0,0,0.000,33.040,0.000,0.0,0.0,0.0,0,161908.5452,20243.9040
31.564,2764,2802,Running,13,0.00,1,0,0,0,-1.0000,0.0,0,0.000,33.040,0.000,0.0,0.0,0.0,0,158544.6373,18582.4070
31.583,2770,2807,Running,13,0.00,1,0,0,0,-1.0000,0.0,0,0.000,33.040,0.000,0.0,0.0,0.0,0,158141.5180,21103.6574
31.597,2776,2811,Running,13,0.00,1,0,0,0,-1.0000,0.0,0,0.000,33.040,0.000,0.0,0.0,0.0,0,161407.0369,21205.9143
31.614,2782,2816,Running,11,0.00,1,0,0,0,-1.0000,0.0,0,0.000,33.040,0.000,0.0,0.0,0.0,0,163813.2204,19806.0287
31.633,2788,2820,Running,11,0.00,1,0,0,0,-1.0000,0.0,0,0.000,32.720,0.000,0.0,0.0,0.0,0,166688.1529,19806.0287
31.647,2793,2823,Running,11,0.00,1,0,0,0,-1.0000,0.0,0,0.000,32.720,0.000,0.0,0.0,0.0,0,167438.2092,19967.6079
31.664,2798,2824,Running,11,0.00,1,0,0,0,-1.0000,0.0,0,0.000,32.720,0.000,0.0,0.0,0.0,0,156750.5193,20420.9925
31.683,2802,2824,Running,11,0.00,1,0,0,0,-1.0000,0.0,0,0.000,32.720,0.000,0.0,0.0,0.0,0,142303.7823,19459.2370
31.697,2805,2825,Running,11,0.00,1,0,0,0,-1.0000,0.0,0,0.000,32.720,0.000,0.0,0.0,0.0,0,140349.3780,19964.1289
31.714,2808,2824,Running,11,0.00,1,0,0,0,-1.0000,0.0,0,0.000,32.720,0.000,0.0,0.0,0.0,0,140203.9201,20386.3418
31.733,2810,2822,Running,11,0.00,1,0,0,0,-1.0000,0.0,0,0.000,32.720,0.000,0.0,0.0,0.0,0,140823.4539,19958.0832
31.747,2812,2820,Running,11,0.00,1,0,0,0,-1.0000,0.0,0,0.000,32.720,0.000,0.0,0.0,0.0,0,141947.4187,19958.0832
31.764,2813,2817,Running,11,0.00,1,0,0,0,-1.0000,0.0,0,0.000,32.720,0.000,0.0,0.0,0.0,0,142669.8415,20356.9990
31.783,2813,2814,Running,11,0.00,1,0,0,0,-1.0000,0.0,0,0.000,32.720,0.000,0.0,0.0,0.0,0,132508.3608,19717.3639
31.797,2813,2810,Running,11,0.00,1,0,0,0,-1.0000,0.0,0,0.000,32.720,0.000,0.0,0.0,0.0,0,126598.5976,19301.9683
31.814,2813,2807,Running,10,0.00,1,0,0,0,-1.0000,0.0,0,0.000,32.720,0.000,0.0,0.0,0.0,0,125604.8981,20147.7796
31.833,2811,2803,Running,10,0.00,1,0,0,0,-1.0000,0.0,0,0.000,32.400,0.000,0.0,0.0,0.0,0,126249.3545,20166.6169
31.847,2810,2799,Running,10,0.00,1,0,0,0,-1.0000,0.0,0,0.000,32.400,0.000,0.0,0.0,0.0,0,127897.5172,20203.8716
31.864,2808,2795,Running,10,0.00,1,0,0,0,-1.0000,0.0,0,0.000,32.400,0.000,0.0,0.0,0.0,0,127621.7228,20203.8716
31.883,2806,2791,Running,10,0.00,1,0,0,0,-1.0000,0.0,0,0.000,32.400,0.000,0.0,0.0,0.0,0,129302.0962,19822.7305
31.889,2803,2786,Running,10,0.00,1,0,0,0,-1.0000,0.0,0,0.000,32.400,0.000,0.0,0.0,0.0,0,128488.2504,20222.4404
31.914,2800,2781,Running,10,0.00,1,0,0,0,-1.0000,0.0,0,0.000,32.400,0.000,0.0,0.0,0.0,0,123019.0242,19727.4177
31.933,2797,2776,Running,10,0.00,1,0,0,0,-1.0000,0.0,0,0.000,32.080,0.000,0.0,0.0,0.0,0,119838.3687,19335.1458
31.947,2793,2771,Running,10,0.00,1,0,0,0,-1.0000,0.0,0,0.000,32.080,0.000,0.0,0.0,0.0,0,116258.2207,19057.7473
31.964,2789,2766,Running,10,0.00,1,0,0,0,-1.0000,0.0,0,0.000,32.080,0.000,0.0,0.0,0.0,0,118064.3138,20188.0361
31.983,2785,2760,Running,10,0.00,1,0,0,0,-1.0000,0.0,0,0.000,32.080,0.000,0.0,0.0,0.0,0,116258.1212,19921.4653
31.997,2781,2755,Running,10,0.00,1,0,0,0,-1.0000,0.0,0,0.000,32.080,0.000,0.0,0.0,0.0,0,117674.9230,20015.5921
32.014,2777,2750,Running,10,0.00,1,0,0,0,-1.0000,0.0,0,0.000,32.080,0.000,0.0,0.0,0.0,0,119512.4741,20841.4592
32.033,2772,2745,Running,10,0.00,1,0,0,0,-1.0000,0.0,0,0.000,32.080,0.000,0.0,0.0,0.0,0,119042.0843,19102.6884
32.047,2768,2740,Running,10,0.00,1,0,0,0,-1.0000,0.0,0,0.000,32.080,0.000,0.0,0.0,0.0,0,119409.7295,19792.4773
32.064,2763,2735,Running,10,0.00,1,0,0,0,-1.0000,0.0,0,0.000,32.080,0.000,0.0,0.0,0.0,0,119723.7355,19861.8647
32.083,2758,2730,Running,10,0.00,1,0,0,0,-1.0000,0.0,0,0.000,32.080,0.000,0.0,0.0,0.0,0,118849.7183,19435.0007
32.097,2753,2724,Running,10,0.00,1,0,0,0,-1.0000,0.0,0,0.000,32.080,0.000,0.0,0.0,0.0,0,117897.9055,20334.6903
32.114,2748,2719,Running,10,0.00,1,0,0,0,-1.0000,0.0,0,0.000,32.080,0.000,0.0,0.0,0.0,0,118435.7482,19255.9079
32.133,2743,2714,Running,10,0.00,1,0,0,0,-1.0000,0.0,0,0.000,31.200,0.000,0.0,0.0,0.0,0,118978.5858,19255.9079
32.147,2738,2709,Running,10,0.00,1,0,0,0,-1.0000,0.0,0,0.000,31.120,0.000,0.0,0.0,0.0,0,118430.5232,19652.1107
32.164,2733,2704,Running,10,0.00,1,0,0,0,-1.0000,0.0,0,0.000,31.120,0.000,0.0,0.0,0.0,0,117935.5927,19616.5989
32.183,2728,2699,Running,10,0.00,1,0,0,0,-1.0000,0.0,0,0.000,31.120,0.000,0.0,0.0,0.0,0,117405.2469,18770.1356
32.197,2723,2694,Running,10,0.00,1,0,0,0,-1.0000,0.0,0,0.000,31.120,0.000,0.0,0.0,0.0,0,118281.2164,19902.9566
32.214,2719,2690,Running,10,0.00,1,0,0,0,-1.0000,0.0,0,0.000,31.120,0.000,0.0,0.0,0.0,0,117387.1761,19979.0385
32.233,2714,2686,Running,10,0.00,1,0,0,0,-1.0000,0.0,0,0.000,31.120,0.000,0.0,0.0,0.0,0,117629.5721,19832.1014
32.247,2709,2681,Running,10,0.00,1,0,0,0,-1.0000,0.0,0,0.000,31.120,0.000,0.0,0.0,0.0,0,116656.9992,19832.1014
32.264,2704,2677,Running,10,0.00,1,0,0,0,-1.0000,0.0,0,0.000,31.120,0.000,0.0,0.0,0.0,0,117886.9839,20120.0003
32.283,2700,2673,Running,10,0.00,1,0,0,0,-1.0000,0.0,0,0.000,31.120,0.000,0.0,0.0,0.0,0,115716.1349,19947.5464
32.297,2695,2669,Running,10,0.00,1,0,0,0,-1.0000,0.0,0,0.000,31.120,0.000,0.0,0.0,0.0,0,116344.6516,20533.0143
32.314,2691,2664,Running,10,0.00,1,0,0,0,-1.0000,0.0,0,0.000,31.120,0.000,0.0,0.0,0.0,0,116001.5568,20055.9470
32.333,2686,2660,Running,10,0.00,1,0,0,0,-1.0000,0.0,0,0.000,31.120,0.000,0.0,0.0,0.0,0,115539.4604,20433.7411
32.347,2682,2656,Running,10,0.00,1,0,0,0,-1.0000,0.0,0,0.000,31.120,0.000,0.0,0.0,0.0,0,115576.2509,19705.2669
32.364,2678,2652,Running,10,0.00,1,0,0,0,-1.0000,0.0,0,0.000,31.120,0.000,0.0,0.0,0.0,0,116635.2872,20180.8042
32.383,2673,2647,Running,10,0.00,1,0,0,0,-1.0000,0.0,0,0.000,31.120,0.000,0.0,0.0,0.0,0,115776.4980,20074.6874
32.397,2669,2642,Running,10,0.00,1,0,0,0,-1.0000,0.0,0,0.000,31.120,0.000,0.0,0.0,0.0,0,115564.4984,20621.4620
32.414,2665,2639,Running,10,0.00,1,0,0,0,-1.0000,0.0,0,0.000,31.120,0.000,0.0,0.0,0.0,0,117709.3800,19715.5869
32.433,2660,2635,Running,10,0.00,1,0,0,0,-1.0000,0.0,0,0.000,31.120,0.000,0.0,0.0,0.0,0,117435.2289,20275.9147
32.447,2656,2631,Running,10,0.00,1,0,0,0,-1.0000,0.0,0,0.000,31.120,0.000,0.0,0.0,0.0,0,118289.9495,19604.8951
32.464,2652,2627,Running,10,0.00,1,0,0,0,-1.0000,0.0,0,0.000,31.120,0.000,0.0,0.0,0.0,0,118792.8616,20700.4577
32.483,2648,2623,Running,10,0.00,1,0,0,0,-1.0000,0.0,0,0.000,31.120,0.000,0.0,0.0,0.0,0,118202.3709,19823.2497
32.497,2644,2619,Running,10,0.00,1,0,0,0,-1.0000,0.0,0,0.000,31.120,0.000,0.0,0.0,0.0,0,118360.7300,20757.8783
32.514,2640,2616,Running,10,0.00,1,0,0,0,-1.0000,0.0,0,0.000,30.320,0.000,0.0,0.0,0.0,0,117019.1625,20757.8783
32.533,2636,2612,Running,10,0.00,1,0,0,0,-1.0000,0.0,0,0.000,30.320,0.000,0.0,0.0,0.0,0,110783.0752,20070.8157
32.547,2632,2608,Running,10,0.00,1,0,0,0,-1.0000,0.0,0,0.000,30.320,0.000,0.0,0.0,0.0,0,108752.1367,20776.1951
32.564,2628,2604,Running,10,0.00,1,0,0,0,-1.0000,0.0,0,0.000,30.320,0.000,0.0,0.0,0.0,0,108276.7663,20403.5556
32.583,2624,2600,Running,10,0.00,1,0,0,0,-1.0000,0.0,0,0.000,30.320,0.000,0.0,0.0,0.0,0,110393.7067,20976.6766
32.597,2620,2595,Running,10,0.00,1,0,0,0,-1.0000,0.0,0,0.000,30.320,0.000,0.0,0.0,0.0,0,109788.8988,21543.8620
32.614,2615,2590,Running,10,0.00,1,0,0,0,-1.0000,0.0,0,0.000,30.320,0.000,0.0,0.0,0.0,0,111225.9794,20391.2726
32.633,2611,2585,Running,10,0.00,1,0,0,0,-1.0000,0.0,0,0.000,30.320,0.000,0.0,0.0,0.0,0,111147.2778,20879.5387
32.647,2607,2580,Running,10,0.00,1,0,0,0,-1.0000,0.0,0,0.000,30.320,0.000,0.0,0.0,0.0,0,111385.5181,21316.9145
32.664,2602,2576,Running,10,0.00,1,0,0,0,-1.0000,0.0,0,0.000,30.320,0.000,0.0,0.0,0.0,0,110676.3902,20031.8940
32.683,2598,2572,Running,10,0.00,1,0,0,0,-1.0000,0.0,0,0.000,30.320,0.000,0.0,0.0,0.0,0,103480.7160,21878.5652
32.697,2594,2567,Running,10,0.00,1,0,0,0,-1.0000,0.0,0,0.000,29.520,0.000,0.0,0.0,0.0,0,100335.3637,20711.0365
32.714,2589,2561,Running,10,0.00,1,0,0,0,-1.0000,0.0,0,0.000,29.520,0.000,0.0,0.0,0.0,0,102235.8385,21099.9185
32.733,2584,2557,Running,10,0.00,1,0,0,0,-1.0000,0.0,0,0.000,29.520,0.000,0.0,0.0,0.0,0,107899.2923,21815.0682
32.747,2580,2552,Running,10,0.00,1,0,0,0,-1.0000,0.0,0,0.000,29.520,0.000,0.0,0.0,0.0,0,110335.1864,20169.0677
32.764,2575,2548,Running,10,0.00,1,0,0,0,-1.0000,0.0,0,0.000,29.520,0.000,0.0,0.0,0.0,0,113751.2376,21466.7538
32.783,2571,2544,Running,10,0.00,1,0,0,0,-1.0000,0.0,0,0.000,29.520,0.000,0.0,0.0,0.0,0,109047.8829,21466.7538
32.797,2566,2540,Running,10,0.00,1,0,0,0,-1.0000,0.0,0,0.000,29.520,0.000,0.0,0.0,0.0,0,100432.2720,21388.6982
32.814,2562,2536,Running,10,0.00,1,0,0,0,-1.0000,0.0,0,0.000,29.520,0.000,0.0,0.0,0.0,0,101837.3426,21279.8844
32.833,2558,2532,Running,10,0.00,1,0,0,0,-1.0000,0.0,0,0.000,29.520,0.000,0.0,0.0,0.0,0,109588.3495,21289.4827
32.847,2554,2529,Running,10,0.00,1,0,0,0,-1.0000,0.0,0,0.000,29.520,0.000,0.0,0.0,0.0,0,114116.1992,21520.2348
32.864,2549,2525,Running,10,0.00,1,0,0,0,-1.0000,0.0,0,0.000,29.520,0.000,0.0,0.0,0.0,0,112619.0892,20506.9928
32.883,2545,2522,Running,10,0.00,1,0,0,0,-1.0000,0.0,0,0.000,29.520,0.000,0.0,0.0,0.0,0,105264.2654,20506.9928
32.897,2541,2518,Running,10,0.00,1,0,0,0,-1.0000,0.0,0,0.000,28.640,0.000,0.0,0.0,0.0,0,99786.8100,21892.8588
32.914,2538,2514,Running,10,0.00,1,0,0,0,-1.0000,0.0,0,0.000,28.640,0.000,0.0,0.0,0.0,0,107655.9119,21945.9899
32.933,2534,2511,Running,10,0.00,1,0,0,0,-1.0000,0.0,0,0.000,28.640,0.000,0.0,0.0,0.0,0,114586.0144,22123.2386
32.947,2530,2509,Running,10,0.00,1,0,0,0,-1.0000,0.0,0,0.000,28.640,0.000,0.0,0.0,0.0,0,117201.2624,21383.4624
32.964,2527,2506,Running,10,0.00,1,0,0,0,-1.0000,0.0,0,0.000,28.640,0.000,0.0,0.0,0.0,0,105084.6854,22613.7246
32.983,2523,2504,Running,10,0.00,1,0,0,0,-1.0000,0.0,0,0.000,28.640,0.000,0.0,0.0,0.0,0,103520.8675,20586.6142
32.997,2520,2501,Running,10,0.00,1,0,0,0,-1.0000,0.0,0,0.000,28.640,0.000,0.0,0.0,0.0,0,111420.2206,21874.1625
33.014,2517,2498,Running,10,0.00,1,0,0,0,-1.0000,0.0,0,0.000,28.640,0.000,0.0,0.0,0.0,0,118282.3210,21454.3504
33.033,2514,2497,Running,10,0.00,1,0,0,0,-1.0000,0.0,0,0.000,28.640,0.000,0.0,0.0,0.0,0,119351.3814,21818.0014
33.047,2511,2495,Running,10,0.00,1,0,0,0,-1.0000,0.0,0,0.000,28.640,0.000,0.0,0.0,0.0,0,101803.1225,21039.6217
33.064,2509,2494,Running,10,0.00,1,0,0,0,-1.0000,0.0,0,0.000,28.640,0.000,0.0,0.0,0.0,0,109484.2473,21903.9097
33.083,2506,2492,Running,11,0.00,1,0,0,0,-1.0000,0.0,0,0.000,27.840,0.000,0.0,0.0,0.0,0,117177.0510,22443.2211
33.097,2504,2492,Running,11,0.00,1,0,0,0,-1.0000,0.0,0,0.000,27.840,0.000,0.0,0.0,0.0,0,123536.1705,21568.3948
33.114,2502,2491,Running,11,0.00,1,0,0,0,-1.0000,0.0,0,0.000,27.840,0.000,0.0,0.0,0.0,0,110686.0270,22247.2542
33.133,2500,2491,Running,11,0.00,1,0,0,0,-1.0000,0.0,0,0.000,27.840,0.000,0.0,0.0,0.0,0,109132.5376,20238.1838
33.147,2499,2491,Running,11,0.00,1,0,0,0,-1.0000,0.0,0,0.000,27.840,0.000,0.0,0.0,0.0,0,119043.8896,20238.1838
33.164,2498,2491,Running,11,0.00,1,0,0,0,-1.0000,0.0,0,0.000,27.840,0.000,0.0,0.0,0.0,0,128509.2460,21724.1033
33.183,2497,2492,Running,11,0.00,1,0,0,0,-1.0000,0.0,0,0.000,27.840,0.000,0.0,0.0,0.0,0,123791.0185,21369.2104
33.197,2496,2492,Running,11,0.00,1,0,0,0,-1.0000,0.0,0,0.000,27.840,0.000,0.0,0.0,0.0,0,107678.1608,22271.2830
33.214,2495,2492,Running,11,0.00,1,0,0,0,-1.0000,0.0,0,0.000,27.840,0.000,0.0,0.0,0.0,0,118882.1066,21095.7339
33.233,2495,2493,Running,11,0.00,1,0,0,0,-1.0000,0.0,0,0.000,27.840,0.000,0.0,0.0,0.0,0,128135.1058,22452.1711
33.247,2495,2495,Running,11,0.00,1,0,0,0,-1.0000,0.0,0,0.000,27.840,0.000,0.0,0.0,0.0,0,131625.7414,20470.7552
33.264,2495,2496,Running,11,0.00,1,0,0,0,-1.0000,0.0,0,0.000,27.840,0.000,0.0,0.0,0.0,0,113403.7461,22225.9064
33.283,2495,2498,Running,12,0.00,1,0,0,0,-1.0000,0.0,0,0.000,27.120,0.000,0.0,0.0,0.0,0,116929.0244,22225.9064
33.297,2496,2499,Running,12,0.00,1,0,0,0,-1.0000,0.0,0,0.000,27.120,0.000,0.0,0.0,0.0,0,127550.5536,22250.7661
33.314,2496,2501,Running,12,0.00,1,0,0,0,-1.0000,0.0,0,0.000,27.120,0.000,0.0,0.0,0.0,0,136717.6087,21419.1179
33.333,2497,2503,Running,12,0.00,1,0,0,0,-1.0000,0.0,0,0.000,27.120,0.000,0.0,0.0,0.0,0,128286.0368,21868.6575
33.347,2498,2506,Running,12,0.00,1,0,0,0,-1.0000,0.0,0,0.000,27.120,0.000,0.0,0.0,0.0,0,115935.6696,22341.3407
33.364,2500,2509,Running,12,0.00,1,0,0,0,-1.0000,0.0,0,0.000,27.120,0.000,0.0,0.0,0.0,0,126743.2816,21620.5987
33.383,2501,2512,Running,12,0.00,1,0,0,0,-1.0000,0.0,0,0.000,27.120,0.000,0.0,0.0,0.0,0,136286.2732,22494.6324
33.397,2503,2515,Running,12,0.00,1,0,0,0,-1.0000,0.0,0,0.000,27.120,0.000,0.0,0.0,0.0,0,142191.7788,21432.6586
33.414,2506,2520,Running,12,0.00,1,0,0,0,-1.0000,0.0,0,0.000,27.120,0.000,0.0,0.0,0.0,0,132512.2090,22392.8222
33.433,2508,2525,Running,12,0.00,1,0,0,0,-1.0000,0.0,0,0.000,27.120,0.000,0.0,0.0,0.0,0,124669.9391,20395.1935
33.447,2511,2529,Running,12,0.00,1,0,0,0,-1.0000,0.0,0,0.000,27.120,0.000,0.0,0.0,0.0,0,132543.6760,22192.8067
33.464,2514,2533,Running,15,0.00,1,0,0,0,-1.0000,0.0,0,0.000,27.120,0.000,0.0,0.0,0.0,0,139494.7917,22544.0575
33.483,2517,2538,Running,15,0.00,1,0,0,0,-1.0000,0.0,0,0.000,26.720,0.000,0.0,0.0,0.0,0,147418.1469,21120.4525
33.497,2521,2545,Running,15,0.00,1,0,0,0,-1.0000,0.0,0,0.000,26.720,0.000,0.0,0.0,0.0,0,149329.0076,22319.6314
33.514,2525,2554,Running,15,0.00,1,0,0,0,-1.0000,0.0,0,0.000,26.720,0.000,0.0,0.0,0.0,0,137503.3345,20798.1625
33.533,2530,2562,Running,15,0.00,1,0,0,0,-1.0000,0.0,0,0.000,26.720,0.000,0.0,0.0,0.0,0,146196.5476,20798.1625
33.547,2536,2571,Running,15,0.00,1,0,0,0,-1.0000,0.0,0,0.000,26.720,0.000,0.0,0.0,0.0,0,157892.4860,21784.9954
33.564,2542,2581,Running,15,0.00,1,0,0,0,-1.0000,0.0,0,0.000,26.720,0.000,0.0,0.0,0.0,0,164435.1581,22380.9735
33.583,2549,2592,Running,15,0.00,1,0,0,0,-1.0000,0.0,0,0.000,26.720,0.000,0.0,0.0,0.0,0,171557.8284,22380.9735
33.597,2557,2604,Running,15,0.00,1,0,0,0,-1.0000,0.0,0,0.000,26.720,0.000,0.0,0.0,0.0,0,174228.7963,22096.0244
33.614,2565,2616,Running,15,0.00,1,0,0,0,-1.0000,0.0,0,0.000,26.720,0.000,0.0,0.0,0.0,0,176871.5330,22387.6240
33.633,2574,2628,Running,15,0.00,1,0,0,0,-1.0000,0.0,0,0.000,26.720,0.000,0.0,0.0,0.0,0,168132.0591,21282.6666
33.647,2583,2642,Running,14,0.00,1,0,0,0,-1.0000,0.0,0,0.000,26.720,0.000,0.0,0.0,0.0,0,168838.2488,21282.6666
33.664,2593,2654,Running,14,0.00,1,0,0,0,-1.0000,0.0,0,0.000,26.720,0.000,0.0,0.0,0.0,0,171778.0119,22043.8007
33.683,2603,2667,Running,14,0.00,1,0,0,0,-1.0000,0.0,0,0.000,26.400,0.000,0.0,0.0,0.0,0,174513.0864,22148.2168
33.697,2614,2679,Running,14,0.00,1,0,0,0,-1.0000,0.0,0,0.000,26.400,0.000,0.0,0.0,0.0,0,176137.8312,21862.5513
33.714,2625,2691,Running,14,0.00,1,0,0,0,-1.0000,0.0,0,0.000,26.400,0.000,0.0,0.0,0.0,0,177941.3347,21862.5513
33.733,2636,2703,Running,14,0.00,1,0,0,0,-1.0000,0.0,0,0.000,26.400,0.000,0.0,0.0,0.0,0,178596.2203,21412.5075
33.747,2647,2715,Running,14,0.00,1,0,0,0,-1.0000,0.0,0,0.000,26.400,0.000,0.0,0.0,0.0,0,180318.8865,21506.8531
33.764,2658,2726,Running,14,0.00,1,0,0,0,-1.0000,0.0,0,0.000,26.400,0.000,0.0,0.0,0.0,0,182061.6264,21298.8491
33.783,2669,2737,Running,14,0.00,1,0,0,0,-1.0000,0.0,0,0.000,26.400,0.000,0.0,0.0,0.0,0,182291.9591,21264.3034
33.797,2681,2748,Running,14,0.00,1,0,0,0,-1.0000,0.0,0,0.000,26.400,0.000,0.0,0.0,0.0,0,185359.2192,21219.4489
33.814,2692,2759,Running,14,0.00,1,0,0,0,-1.0000,0.0,0,0.000,26.400,0.000,0.0,0.0,0.0,0,187370.1375,21219.4489
33.833,2703,2770,Running,14,0.00,1,0,0,0,-1.0000,0.0,0,0.000,26.400,0.000,0.0,0.0,0.0,0,185280.4774,21124.0141
33.847,2714,2779,Running,15,0.00,1,0,0,0,-1.0000,0.0,0,0.000,26.400,0.000,0.0,0.0,0.0,0,176149.6111,20923.0305
33.864,2725,2790,Running,16,0.00,1,0,0,0,-1.0000,0.0,0,0.000,26.000,0.000,0.0,0.0,0.0,0,176570.0967,21464.4403
33.883,2736,2800,Running,16,0.00,1,0,0,0,-1.0000,0.0,0,0.000,25.920,0.000,0.0,0.0,0.0,0,179148.4311,21464.4403
33.897,2747,2812,Running,16,0.00,1,0,0,0,-1.0000,0.0,0,0.000,25.920,0.000,0.0,0.0,0.0,0,184403.5833,21534.6198
33.914,2758,2823,Running,16,0.00,1,0,0,0,-1.0000,0.0,0,0.000,25.920,0.000,0.0,0.0,0.0,0,188210.0536,20912.5941
33.933,2768,2834,Running,16,0.00,1,0,0,0,-1.0000,0.0,0,0.000,25.920,0.000,0.0,0.0,0.0,0,195483.6668,21100.3774
33.947,2779,2845,Running,16,0.00,1,0,0,0,-1.0000,0.0,0,0.000,25.920,0.000,0.0,0.0,0.0,0,203895.4239,20727.4634
33.964,2790,2856,Running,16,0.00,1,0,0,0,-1.0000,0.0,0,0.000,25.920,0.000,0.0,0.0,0.0,0,203745.0931,20727.4634
33.983,2801,2867,Running,16,0.00,1,0,0,0,-1.0000,0.0,0,0.000,25.920,0.000,0.0,0.0,0.0,0,185392.7433,20783.8227
33.997,2812,2880,Running,16,0.00,1,0,0,0,-1.0000,0.0,0,0.000,25.920,0.000,0.0,0.0,0.0,0,191269.2350,21340.3776
34.014,2824,2892,Running,16,0.00,1,0,0,0,-1.0000,0.0,0,0.000,25.920,0.000,0.0,0.0,0.0,0,198779.1028,19981.5462
34.033,2835,2903,Running,16,0.00,1,0,0,0,-1.0000,0.0,0,0.000,25.920,0.000,0.0,0.0,0.0,0,213726.6464,20303.7471
34.047,2846,2913,Running,16,0.00,1,0,0,0,-1.0000,0.0,0,0.000,25.920,0.000,0.0,0.0,0.0,0,207377.5002,20096.1104
34.064,2857,2924,Running,16,0.00,1,0,0,0,-1.0000,0.0,0,0.000,25.600,0.000,0.0,0.0,0.0,0,188205.0646,19777.5607
34.083,2869,2936,Running,16,0.00,1,0,0,0,-1.0000,0.0,0,0.000,25.600,0.000,0.0,0.0,0.0,0,201651.6427,19777.5607
34.097,2880,2947,Running,16,0.00,1,0,0,0,-1.0000,0.0,0,0.000,25.520,0.000,0.0,0.0,0.0,0,220687.4875,19304.8709
34.114,2891,2957,Running,16,0.00,1,0,0,0,-1.0000,0.0,0,0.000,25.520,0.000,0.0,0.0,0.0,0,206500.8850,20440.8923
34.133,2902,2970,Running,16,0.00,1,0,0,0,-1.0000,0.0,0,0.000,25.520,0.000,0.0,0.0,0.0,0,197444.9052,19409.6638
34.147,2913,2981,Running,16,0.00,1,0,0,0,-1.0000,0.0,0,0.000,25.520,0.000,0.0,0.0,0.0,0,216599.4870,20540.4415
34.164,2925,2991,Running,16,0.00,1,0,0,0,-1.0000,0.0,0,0.000,25.520,0.000,0.0,0.0,0.0,0,222930.2462,19957.7657
34.183,2936,3004,Running,16,0.00,1,0,0,0,-1.0000,0.0,0,0.000,25.520,0.000,0.0,0.0,0.0,0,196799.7787,19783.2790
34.197,2947,3016,Running,16,0.00,1,0,0,0,-1.0000,0.0,0,0.000,25.520,0.000,0.0,0.0,0.0,0,219412.8321,19783.2790
34.214,2959,3026,Running,16,0.00,1,0,0,0,-1.0000,0.0,0,0.000,25.520,0.000,0.0,0.0,0.0,0,221926.1350,18753.4963
34.233,2970,3037,Running,16,0.00,1,0,0,0,-1.0000,0.0,0,0.000,25.520,0.000,0.0,0.0,0.0,0,200627.9947,19445.1330
34.247,2981,3047,Running,16,0.00,1,0,0,0,-1.0000,0.0,0,0.000,25.520,0.000,0.0,0.0,0.0,0,231147.5743,20601.0856
34.264,2992,3056,Running,16,0.00,1,0,0,0,-1.0000,0.0,0,0.000,25.280,0.000,0.0,0.0,0.0,0,203057.3103,18854.1968
34.283,3003,3067,Running,16,0.00,1,0,0,0,-1.0000,0.0,0,0.000,25.280,0.000,0.0,0.0,0.0,0,214938.0209,19753.4707
34.297,3013,3075,Running,16,0.00,1,0,0,0,-1.0000,0.0,0,0.000,25.280,0.000,0.0,0.0,0.0,0,227081.2685,19753.4707
34.314,3024,3086,Running,16,0.00,1,0,0,0,-1.0000,0.0,0,0.000,25.280,0.000,0.0,0.0,0.0,0,203159.5734,19153.3158
34.333,3034,3095,Running,16,0.00,1,0,0,0,-1.0000,0.0,0,0.000,25.280,0.000,0.0,0.0,0.0,0,239710.6580,20218.1100
34.347,3044,3105,Running,16,0.00,1,0,0,0,-1.0000,0.0,0,0.000,25.280,0.000,0.0,0.0,0.0,0,197788.0858,20218.1100
34.364,3054,3114,Running,16,0.00,1,0,0,0,-1.0000,0.0,0,0.000,25.280,0.000,0.0,0.0,0.0,0,234465.4764,20487.6696
34.383,3064,3122,Running,16,0.00,1,0,0,0,-1.0000,0.0,0,0.000,25.280,0.000,0.0,0.0,0.0,0,204314.9524,18369.1152
34.397,3074,3132,Running,16,0.00,1,0,0,0,-1.0000,0.0,0,0.000,25.280,0.000,0.0,0.0,0.0,0,230217.1605,18905.8754
34.414,3083,3139,Running,16,0.00,1,0,0,0,-1.0000,0.0,0,0.000,25.280,0.000,0.0,0.0,0.0,0,208435.6174,18905.8754
34.433,3093,3148,Running,16,0.00,1,0,0,0,-1.0000,0.0,0,0.000,25.280,0.000,0.0,0.0,0.0,0,229695.6049,18395.6198
34.447,3102,3156,Running,16,0.00,1,0,0,0,-1.0000,0.0,0,0.000,25.280,0.000,0.0,0.0,0.0,0,210193.1719,18926.1755
34.464,3111,3165,Running,16,0.00,1,0,0,0,-1.0000,0.0,0,0.000,25.280,0.000,0.0,0.0,0.0,0,233560.2680,17531.1855
34.483,3120,3172,Running,16,0.00,1,0,0,0,-1.0000,0.0,0,0.000,25.280,0.000,0.0,0.0,0.0,0,206903.4154,17531.1855
34.497,3128,3180,Running,16,0.00,1,0,0,0,-1.0000,0.0,0,0.000,25.280,0.000,0.0,0.0,0.0,0,238848.4595,19104.8325
34.514,3137,3188,Running,16,0.00,1,0,0,0,-1.0000,0.0,0,0.000,25.280,0.000,0.0,0.0,0.0,0,202396.2436,17537.3057
34.533,3145,3194,Running,16,0.00,1,0,0,0,-1.0000,0.0,0,0.000,25.280,0.000,0.0,0.0,0.0,0,240188.9653,19783.6032
34.547,3154,3203,Running,16,0.00,1,0,0,0,-1.0000,0.0,0,0.000,25.280,0.000,0.0,0.0,0.0,0,204286.8215,17600.5035
34.564,3162,3208,Running,16,0.00,1,0,0,0,-1.0000,0.0,0,0.000,25.040,0.000,0.0,0.0,0.0,0,231234.7765,17600.5035
34.583,3169,3216,Running,16,0.00,1,0,0,0,-1.0000,0.0,0,0.000,25.040,0.000,0.0,0.0,0.0,0,216957.3232,18866.8803
34.597,3177,3223,Running,16,0.00,1,0,0,0,-1.0000,0.0,0,0.000,25.040,0.000,0.0,0.0,0.0,0,221990.7592,19473.6786
34.614,3185,3229,Running,16,0.00,1,0,0,0,-1.0000,0.0,0,0.000,25.040,0.000,0.0,0.0,0.0,0,237256.6689,18887.0927
34.633,3192,3237,Running,16,0.00,1,0,0,0,-1.0000,0.0,0,0.000,25.040,0.000,0.0,0.0,0.0,0,205439.7814,17464.0977
34.647,3199,3242,Running,16,0.00,1,0,0,0,-1.0000,0.0,0,0.000,25.040,0.000,0.0,0.0,0.0,0,236617.9828,18657.9554
34.664,3206,3249,Running,16,0.00,1,0,0,0,-1.0000,0.0,0,0.000,25.040,0.000,0.0,0.0,0.0,0,215670.0916,18657.9554
34.683,3213,3254,Running,16,0.00,1,0,0,0,-1.0000,0.0,0,0.000,25.040,0.000,0.0,0.0,0.0,0,220131.9371,19127.4538
34.697,3220,3260,Running,16,0.00,1,0,0,0,-1.0000,0.0,0,0.000,25.040,0.000,0.0,0.0,0.0,0,242470.0152,18502.2554
34.708,3227,3267,Running,16,0.00,1,0,0,0,-1.0000,0.0,0,0.000,25.040,0.000,0.0,0.0,0.0,0,203933.2900,16929.3018
34.708,3233,3272,Running,16,0.00,1,0,0,0,-1.0000,0.0,0,0.000,25.040,0.000,0.0,0.0,0.0,0,229928.4556,16776.5476
34.747,3240,3278,Running,14,0.00,1,0,0,0,-1.0000,0.0,0,0.000,25.040,0.000,0.0,0.0,0.0,0,235943.5755,18355.3279
34.764,3246,3283,Running,14,0.00,1,0,0,0,-1.0000,0.0,0,0.000,25.040,0.000,0.0,0.0,0.0,0,205885.2584,18940.2154
34.783,3252,3287,Running,14,0.00,1,0,0,0,-1.0000,0.0,0,0.000,25.040,0.000,0.0,0.0,0.0,0,227061.0133,18886.2180
34.797,3258,3291,Running,14,0.00,1,0,0,0,-1.0000,0.0,0,0.000,25.040,0.000,0.0,0.0,0.0,0,224278.7774,17937.0808
34.814,3263,3294,Running,14,0.00,1,0,0,0,-1.0000,0.0,0,0.000,25.040,0.000,0.0,0.0,0.0,0,198082.5792,18195.8674
34.833,3268,3295,Running,14,0.00,1,0,0,0,-1.0000,0.0,0,0.000,25.040,0.000,0.0,0.0,0.0,0,214687.7718,18250.2064
34.847,3272,3297,Running,14,0.00,1,0,0,0,-1.0000,0.0,0,0.000,25.040,0.000,0.0,0.0,0.0,0,216798.0644,18250.2064
34.864,3276,3298,Running,14,0.00,1,0,0,0,-1.0000,0.0,0,0.000,25.040,0.000,0.0,0.0,0.0,0,189356.7045,17382.4825
34.881,3279,3298,Running,14,0.00,1,0,0,0,-1.0000,0.0,0,0.000,25.040,0.000,0.0,0.0,0.0,0,208775.9627,18739.4649
34.897,3282,3299,Running,14,0.00,1,0,0,0,-1.0000,0.0,0,0.000,25.040,0.000,0.0,0.0,0.0,0,213596.8568,16592.2613
34.914,3285,3300,Running,14,0.00,1,0,0,0,-1.0000,0.0,0,0.000,25.040,0.000,0.0,0.0,0.0,0,186654.7697,18592.8445
34.925,3287,3299,Running,13,0.00,1,0,0,0,-1.0000,0.0,0,0.000,25.040,0.000,0.0,0.0,0.0,0,203897.5816,17762.7050
34.925,3289,3299,Running,13,0.00,1,0,0,0,-1.0000,0.0,0,0.000,25.040,0.000,0.0,0.0,0.0,0,212349.2287,18484.0212
34.964,3290,3298,Running,12,0.00,1,0,0,0,-1.0000,0.0,0,0.000,24.880,0.000,0.0,0.0,0.0,0,177790.3296,18484.0212
34.967,3291,3295,Running,12,0.00,1,0,0,0,-1.0000,0.0,0,0.000,24.880,0.000,0.0,0.0,0.0,0,190118.6010,18530.4330
34.997,3292,3292,Running,12,0.00,1,0,0,0,-1.0000,0.0,0,0.000,24.880,0.000,0.0,0.0,0.0,0,196575.4577,17837.5608
35.014,3291,3289,Running,12,0.00,1,0,0,0,-1.0000,0.0,0,0.000,24.880,0.000,0.0,0.0,0.0,0,165255.8707,17623.6540
35.033,3291,3284,Running,12,0.00,1,0,0,0,-1.0000,0.0,0,0.000,24.880,0.000,0.0,0.0,0.0,0,176622.4243,18076.3691
35.047,3289,3280,Running,12,0.00,1,0,0,0,-1.0000,0.0,0,0.000,24.880,0.000,0.0,0.0,0.0,0,186305.4856,17935.9929
35.064,3287,3275,Running,12,0.00,1,0,0,0,-1.0000,0.0,0,0.000,24.880,0.000,0.0,0.0,0.0,0,156103.1272,17728.1942
35.083,3285,3269,Running,12,0.00,1,0,0,0,-1.0000,0.0,0,0.000,24.880,0.000,0.0,0.0,0.0,0,170839.0957,16614.7128
35.097,3282,3264,Running,12,0.00,1,0,0,0,-1.0000,0.0,0,0.000,24.880,0.000,0.0,0.0,0.0,0,176272.5827,18906.7706
35.114,3279,3258,Running,12,0.00,1,0,0,0,-1.0000,0.0,0,0.000,24.880,0.000,0.0,0.0,0.0,0,152102.5499,18906.7706
35.133,3275,3251,Running,11,0.00,1,0,0,0,-1.0000,0.0,0,0.000,24.880,0.000,0.0,0.0,0.0,0,171944.6077,18104.9748
35.147,3271,3245,Running,11,0.00,1,0,0,0,-1.0000,0.0,0,0.000,24.640,0.000,0.0,0.0,0.0,0,159135.8095,17934.1169
35.164,3267,3238,Running,11,0.00,1,0,0,0,-1.0000,0.0,0,0.000,24.640,0.000,0.0,0.0,0.0,0,150314.6577,18142.8034
35.183,3262,3231,Running,11,0.00,1,0,0,0,-1.0000,0.0,0,0.000,24.640,0.000,0.0,0.0,0.0,0,166416.3066,18691.1587
35.197,3256,3224,Running,11,0.00,1,0,0,0,-1.0000,0.0,0,0.000,24.640,0.000,0.0,0.0,0.0,0,139181.1480,17226.8731
35.214,3251,3215,Running,11,0.00,1,0,0,0,-1.0000,0.0,0,0.000,24.640,0.000,0.0,0.0,0.0,0,154598.9836,19913.9956
35.233,3245,3208,Running,11,0.00,1,0,0,0,-1.0000,0.0,0,0.000,24.640,0.000,0.0,0.0,0.0,0,146495.1289,19913.9956
35.247,3238,3199,Running,11,0.00,1,0,0,0,-1.0000,0.0,0,0.000,24.640,0.000,0.0,0.0,0.0,0,140521.1808,19700.4447
35.264,3231,3190,Running,11,0.00,1,0,0,0,-1.0000,0.0,0,0.000,24.640,0.000,0.0,0.0,0.0,0,152134.8809,19747.7583
35.283,3224,3182,Running,11,0.00,1,0,0,0,-1.0000,0.0,0,0.000,24.640,0.000,0.0,0.0,0.0,0,131899.5840,18521.2700
35.297,3217,3173,Running,11,0.00,1,0,0,0,-1.0000,0.0,0,0.000,24.640,0.000,0.0,0.0,0.0,0,152513.2038,20361.2933
35.314,3210,3165,Running,7,0.00,1,0,0,0,-1.0000,0.0,0,0.000,24.640,0.000,0.0,0.0,0.0,0,129283.4997,18272.9945
35.333,3202,3155,Running,6,0.00,1,0,0,0,-1.0000,0.0,0,0.000,24.480,0.000,0.0,0.0,0.0,0,145060.3619,20136.9778
35.347,3194,3143,Running,6,0.00,1,0,0,0,-1.0000,0.0,0,0.000,24.480,0.000,0.0,0.0,0.0,0,115115.7830,20136.9778
35.364,3185,3130,Running,6,0.00,1,0,0,0,-1.0000,0.0,0,0.000,24.480,0.000,0.0,0.0,0.0,0,123203.8291,20275.6371
35.383,3175,3116,Running,6,0.00,1,0,0,0,-1.0000,0.0,0,0.000,24.480,0.000,0.0,0.0,0.0,0,98188.3350,20275.6371
35.397,3165,3101,Running,6,0.00,1,0,0,0,-1.0000,0.0,0,0.000,24.480,0.000,0.0,0.0,0.0,0,102334.5465,19551.9050
35.414,3154,3084,Running,6,0.00,1,0,0,0,-1.0000,0.0,0,0.000,24.480,0.000,0.0,0.0,0.0,0,83950.6699,17046.4603
35.431,3142,3067,Running,6,0.00,1,0,0,0,-1.0000,0.0,0,0.000,24.480,0.000,0.0,0.0,0.0,0,90401.2578,17092.3838
35.447,3129,3049,Running,6,0.00,1,0,0,0,-1.0000,0.0,0,0.000,24.480,0.000,0.0,0.0,0.0,0,75264.1604,14873.7910
35.464,3115,3031,Running,6,0.00,1,0,0,0,-1.0000,0.0,0,0.000,24.480,0.000,0.0,0.0,0.0,0,80372.5893,14500.9853
35.483,3101,3013,Running,6,0.00,1,0,0,0,-1.0000,0.0,0,0.000,24.480,0.000,0.0,0.0,0.0,0,73664.2973,12419.1753
35.497,3086,2994,Running,6,0.00,1,0,0,0,-1.0000,0.0,0,0.000,24.480,0.000,0.0,0.0,0.0,0,67364.5239,14998.5944
35.514,3070,2974,Running,6,0.00,1,0,0,0,-1.0000,0.0,0,0.000,24.480,0.000,0.0,0.0,0.0,0,73590.8265,12759.6104
35.531,3054,2955,Running,6,0.00,1,0,0,0,-1.0000,0.0,0,0.000,24.080,0.000,0.0,0.0,0.0,0,66052.1965,14054.3693
35.547,3037,2935,Running,6,0.00,1,0,0,0,-1.0000,0.0,0,0.000,24.080,0.000,0.0,0.0,0.0,0,61951.7352,12127.3949
35.564,3020,2915,Running,6,0.00,1,0,0,0,-1.0000,0.0,0,0.000,24.080,0.000,0.0,0.0,0.0,0,65693.8115,15340.5901
35.583,3002,2895,Running,6,0.00,1,0,0,0,-1.0000,0.0,0,0.000,24.080,0.000,0.0,0.0,0.0,0,66574.0141,17956.1794
35.597,2984,2876,Running,6,0.00,1,0,0,0,-1.0000,0.0,0,0.000,24.080,0.000,0.0,0.0,0.0,0,61495.1690,14408.8771
35.614,2966,2856,Running,6,0.00,1,0,0,0,-1.0000,0.0,0,0.000,24.080,0.000,0.0,0.0,0.0,0,58235.2886,14408.8771
35.633,2947,2836,Running,6,0.00,1,0,0,0,-1.0000,0.0,0,0.000,24.080,0.000,0.0,0.0,0.0,0,60046.8976,14694.3600
35.647,2929,2816,Running,6,0.00,1,0,0,0,-1.0000,0.0,0,0.000,24.080,0.000,0.0,0.0,0.0,0,60419.2515,19209.1332
35.664,2910,2796,Running,6,0.00,1,0,0,0,-1.0000,0.0,0,0.000,24.080,0.000,0.0,0.0,0.0,0,62500.6198,17179.7946
35.681,2891,2777,Running,6,0.00,1,0,0,0,-1.0000,0.0,0,0.000,24.080,0.000,0.0,0.0,0.0,0,61033.8158,18752.4522
35.697,2872,2757,Running,6,0.00,1,0,0,0,-1.0000,0.0,0,0.000,24.080,0.000,0.0,0.0,0.0,0,60666.0463,19396.4790
35.714,2852,2738,Running,5,0.00,1,0,0,0,-1.0000,0.0,0,0.000,24.080,0.000,0.0,0.0,0.0,0,58669.3901,17595.3615
35.733,2833,2719,Running,5,0.00,1,0,0,0,-1.0000,0.0,0,0.000,23.360,0.000,0.0,0.0,0.0,0,59173.4475,17193.3353
35.747,2814,2699,Running,5,0.00,1,0,0,0,-1.0000,0.0,0,0.000,23.360,0.000,0.0,0.0,0.0,0,57431.7493,18939.0163
35.764,2795,2680,Running,5,0.00,1,0,0,0,-1.0000,0.0,0,0.000,23.360,0.000,0.0,0.0,0.0,0,56512.7957,18939.0163
35.783,2776,2660,Running,5,0.00,1,0,0,0,-1.0000,0.0,0,0.000,23.360,0.000,0.0,0.0,0.0,0,54574.1909,20067.4466
35.797,2756,2640,Running,5,0.00,1,0,0,0,-1.0000,0.0,0,0.000,23.360,0.000,0.0,0.0,0.0,0,53143.0844,19645.7011
35.814,2737,2620,Running,5,0.00,1,0,0,0,-1.0000,0.0,0,0.000,23.360,0.000,0.0,0.0,0.0,0,51438.2725,20532.6622
35.833,2717,2599,Running,5,0.00,1,0,0,0,-1.0000,0.0,0,0.000,23.360,0.000,0.0,0.0,0.0,0,50356.4749,19713.2268
35.847,2697,2579,Running,5,0.00,1,0,0,0,-1.0000,0.0,0,0.000,23.360,0.000,0.0,0.0,0.0,0,48456.7765,19953.8275
35.864,2678,2559,Running,5,0.00,1,0,0,0,-1.0000,0.0,0,0.000,23.360,0.000,0.0,0.0,0.0,0,47314.1774,19953.8275
35.883,2658,2539,Running,5,0.00,1,0,0,0,-1.0000,0.0,0,0.000,23.360,0.000,0.0,0.0,0.0,0,49513.6361,20204.6367
35.897,2638,2520,Running,4,0.00,1,0,0,0,-1.0000,0.0,0,0.000,23.360,0.000,0.0,0.0,0.0,0,51352.5066,21640.1375
35.914,2618,2500,Running,4,0.00,1,0,0,0,-1.0000,0.0,0,0.000,23.360,0.000,0.0,0.0,0.0,0,53315.8828,20048.0546
35.931,2598,2480,Running,5,0.00,1,0,0,0,-1.0000,0.0,0,0.000,22.480,0.000,0.0,0.0,0.0,0,45694.5277,21035.9590
35.947,2579,2461,Running,5,0.00,1,0,0,0,-1.0000,0.0,0,0.000,22.480,0.000,0.0,0.0,0.0,0,44848.2487,21274.0561
35.964,2559,2442,Running,5,0.00,1,0,0,0,-1.0000,0.0,0,0.000,22.480,0.000,0.0,0.0,0.0,0,51010.2132,19093.9345
35.983,2540,2423,Running,5,0.00,1,0,0,0,-1.0000,0.0,0,0.000,22.480,0.000,0.0,0.0,0.0,0,51003.4925,19093.9345
35.997,2520,2404,Running,5,0.00,1,0,0,0,-1.0000,0.0,0,0.000,22.480,0.000,0.0,0.0,0.0,0,42848.6201,21150.4551
36.014,2501,2385,Running,5,0.00,1,0,0,0,-1.0000,0.0,0,0.000,22.480,0.000,0.0,0.0,0.0,0,47856.4599,21161.7617
36.033,2481,2366,Running,5,0.00,1,0,0,0,-1.0000,0.0,0,0.000,22.480,0.000,0.0,0.0,0.0,0,50022.1712,20901.2930
36.047,2462,2347,Running,5,0.00,1,0,0,0,-1.0000,0.0,0,0.000,22.480,0.000,0.0,0.0,0.0,0,43209.1855,20681.9180
36.064,2443,2329,Running,5,0.00,1,0,0,0,-1.0000,0.0,0,0.000,22.480,0.000,0.0,0.0,0.0,0,48316.8744,20666.0880
36.081,2424,2310,Running,5,0.00,1,0,0,0,-1.0000,0.0,0,0.000,22.480,0.000,0.0,0.0,0.0,0,47082.0946,19078.8264
36.097,2405,2293,Running,5,0.00,1,0,0,0,-1.0000,0.0,0,0.000,22.480,0.000,0.0,0.0,0.0,0,44641.6242,20057.5399
36.114,2386,2275,Running,6,0.00,1,0,0,0,-1.0000,0.0,0,0.000,22.480,0.000,0.0,0.0,0.0,0,51988.1765,19416.7730
36.133,2368,2258,Running,6,0.00,1,0,0,0,-1.0000,0.0,0,0.000,21.680,0.000,0.0,0.0,0.0,0,43334.7112,19336.3810
36.147,2350,2242,Running,6,0.00,1,0,0,0,-1.0000,0.0,0,0.000,21.680,0.000,0.0,0.0,0.0,0,52721.4518,19336.3810
36.164,2332,2225,Running,6,0.00,1,0,0,0,-1.0000,0.0,0,0.000,21.680,0.000,0.0,0.0,0.0,0,45126.0348,18335.4750
36.181,2314,2210,Running,6,0.00,1,0,0,0,-1.0000,0.0,0,0.000,21.680,0.000,0.0,0.0,0.0,0,55267.0112,19312.6161
36.197,2297,2195,Running,6,0.00,1,0,0,0,-1.0000,0.0,0,0.000,21.680,0.000,0.0,0.0,0.0,0,48299.4724,18608.2519
36.214,2280,2180,Running,6,0.00,1,0,0,0,-1.0000,0.0,0,0.000,21.680,0.000,0.0,0.0,0.0,0,51281.0230,19772.8048
36.233,2264,2165,Running,6,0.00,1,0,0,0,-1.0000,0.0,0,0.000,21.680,0.000,0.0,0.0,0.0,0,53214.6511,17523.4285
36.247,2247,2151,Running,6,0.00,1,0,0,0,-1.0000,0.0,0,0.000,21.680,0.000,0.0,0.0,0.0,0,48934.9148,19748.2961
36.264,2231,2138,Running,6,0.00,1,0,0,0,-1.0000,0.0,0,0.000,21.680,0.000,0.0,0.0,0.0,0,59340.4156,19748.2961
36.283,2216,2125,Running,6,0.00,1,0,0,0,-1.0000,0.0,0,0.000,21.680,0.000,0.0,0.0,0.0,0,52141.1978,22472.3139
36.297,2201,2112,Running,6,0.00,1,0,0,0,-1.0000,0.0,0,0.000,20.960,0.000,0.0,0.0,0.0,0,52173.9972,21494.8948
36.314,2186,2100,Running,9,0.00,1,0,0,0,-1.0000,0.0,0,0.000,20.960,0.000,0.0,0.0,0.0,0,59917.9030,22893.6276
36.333,2172,2089,Running,9,0.00,1,0,0,0,-1.0000,0.0,0,0.000,20.960,0.000,0.0,0.0,0.0,0,53075.6572,23809.3811
36.347,2158,2077,Running,9,0.00,1,0,0,0,-1.0000,0.0,0,0.000,20.960,0.000,0.0,0.0,0.0,0,55620.1187,21576.7609
36.364,2145,2068,Running,9,0.00,1,0,0,0,-1.0000,0.0,0,0.000,20.960,0.000,0.0,0.0,0.0,0,69486.3687,24170.7327
36.381,2133,2059,Running,9,0.00,1,0,0,0,-1.0000,0.0,0,0.000,20.960,0.000,0.0,0.0,0.0,0,60737.5190,20992.0731
36.397,2121,2051,Running,9,0.00,1,0,0,0,-1.0000,0.0,0,0.000,20.960,0.000,0.0,0.0,0.0,0,60676.0984,23555.6992
36.414,2109,2045,Running,9,0.00,1,0,0,0,-1.0000,0.0,0,0.000,20.960,0.000,0.0,0.0,0.0,0,74310.2782,23555.6992
36.433,2099,2040,Running,9,0.00,1,0,0,0,-1.0000,0.0,0,0.000,20.960,0.000,0.0,0.0,0.0,0,78474.4915,22677.7952
36.447,2090,2034,Running,9,0.00,1,0,0,0,-1.0000,0.0,0,0.000,20.960,0.000,0.0,0.0,0.0,0,67185.7545,23380.7109
36.464,2081,2030,Running,9,0.00,1,0,0,0,-1.0000,0.0,0,0.000,20.960,0.000,0.0,0.0,0.0,0,69228.8990,21154.6628
36.481,2073,2027,Running,13,0.00,1,0,0,0,-1.0000,0.0,0,0.000,20.960,0.000,0.0,0.0,0.0,0,83313.7296,23054.8918
36.497,2065,2025,Running,13,0.00,1,0,0,0,-1.0000,0.0,0,0.000,20.960,0.000,0.0,0.0,0.0,0,84486.3320,23054.8918
36.514,2059,2025,Running,14,0.00,1,0,0,0,-1.0000,0.0,0,0.000,20.960,0.000,0.0,0.0,0.0,0,79954.2263,23271.3823
36.531,2054,2028,Running,14,0.00,1,0,0,0,-1.0000,0.0,0,0.000,20.960,0.000,0.0,0.0,0.0,0,85869.5716,22078.2990
36.547,2051,2034,Running,14,0.00,1,0,0,0,-1.0000,0.0,0,0.000,20.960,0.000,0.0,0.0,0.0,0,102982.2913,24100.3389
36.564,2049,2041,Running,14,0.00,1,0,0,0,-1.0000,0.0,0,0.000,20.960,0.000,0.0,0.0,0.0,0,118816.7508,18695.2684
36.583,2048,2050,Running,14,0.00,1,0,0,0,-1.0000,0.0,0,0.000,20.960,0.000,0.0,0.0,0.0,0,97719.5744,24012.6741
36.597,2049,2062,Running,14,0.00,1,0,0,0,-1.0000,0.0,0,0.000,20.960,0.000,0.0,0.0,0.0,0,108341.4634,22616.8155
36.614,2052,2075,Running,14,0.00,1,0,0,0,-1.0000,0.0,0,0.000,20.960,0.000,0.0,0.0,0.0,0,132347.7302,20689.9726
36.633,2057,2087,Running,14,0.00,1,0,0,0,-1.0000,0.0,0,0.000,20.960,0.000,0.0,0.0,0.0,0,124819.6346,22831.4567
36.648,2063,2104,Running,14,0.00,1,0,0,0,-1.0000,0.0,0,0.000,20.960,0.000,0.0,0.0,0.0,0,114360.2699,22831.4567
36.664,2070,2120,Running,14,0.00,1,0,0,0,-1.0000,0.0,0,0.000,20.960,0.000,0.0,0.0,0.0,0,142878.9025,23123.4799
36.681,2079,2135,Running,23,0.00,1,0,0,0,-1.0000,0.0,0,0.000,20.320,0.000,0.0,0.0,0.0,0,131692.1834,22623.7223
36.697,2089,2156,Running,23,0.00,1,0,0,0,-1.0000,0.0,0,0.000,20.320,0.000,0.0,0.0,0.0,0,127488.4930,22583.9466
36.714,2102,2181,Running,23,0.00,1,0,0,0,-1.0000,0.0,0,0.000,20.320,0.000,0.0,0.0,0.0,0,181914.0034,23049.1341
36.731,2116,2212,Running,23,0.00,1,0,0,0,-1.0000,0.0,0,0.000,20.320,0.000,0.0,0.0,0.0,0,148675.3967,23165.0775
36.747,2134,2249,Running,23,0.00,1,0,0,0,-1.0000,0.0,0,0.000,20.320,0.000,0.0,0.0,0.0,0,197634.9041,22934.4416
36.764,2154,2287,Running,23,0.00,1,0,0,0,-1.0000,0.0,0,0.000,20.320,0.000,0.0,0.0,0.0,0,188058.3247,19977.0660
36.781,2178,2327,Running,23,0.00,1,0,0,0,-1.0000,0.0,0,0.000,20.320,0.000,0.0,0.0,0.0,0,231089.8757,22048.7941
36.797,2204,2371,Running,23,0.00,1,0,0,0,-1.0000,0.0,0,0.000,20.320,0.000,0.0,0.0,0.0,0,194210.6973,21534.4926
36.814,2233,2412,Running,23,0.00,1,0,0,0,-1.0000,0.0,0,0.000,20.320,0.000,0.0,0.0,0.0,0,246423.9617,21680.3640
36.831,2265,2461,Running,23,0.00,1,0,0,0,-1.0000,0.0,0,0.000,20.320,0.000,0.0,0.0,0.0,0,237236.9818,23038.8754
36.847,2299,2513,Running,24,0.00,1,0,0,0,-1.0000,0.0,0,0.000,20.320,0.000,0.0,0.0,0.0,0,222975.1658,21592.5580
36.864,2336,2568,Running,24,0.00,1,0,0,0,-1.0000,0.0,0,0.000,20.320,0.000,0.0,0.0,0.0,0,250230.3262,21945.1369
36.881,2376,2625,Running,24,0.00,1,0,0,0,-1.0000,0.0,0,0.000,20.320,0.000,0.0,0.0,0.0,0,265645.6356,20607.3539
36.897,2419,2685,Running,24,0.00,1,0,0,0,-1.0000,0.0,0,0.000,20.320,0.000,0.0,0.0,0.0,0,270138.7480,21969.5743
36.911,2465,2747,Running,24,0.00,1,0,0,0,-1.0000,0.0,0,0.000,20.320,0.000,0.0,0.0,0.0,0,274657.4829,21969.5743
36.933,2513,2814,Running,24,0.00,1,0,0,0,-1.0000,0.0,0,0.000,20.320,0.000,0.0,0.0,0.0,0,280227.6985,22063.5199
36.947,2565,2882,Running,24,0.00,1,0,0,0,-1.0000,0.0,0,0.000,20.320,0.000,0.0,0.0,0.0,0,289454.9163,21034.3823
36.964,2619,2949,Running,27,0.00,1,0,0,0,-1.0000,0.0,0,0.000,20.320,0.000,0.0,0.0,0.0,0,310813.3737,21230.3798
36.983,2675,3018,Running,27,0.00,1,0,0,0,-1.0000,0.0,0,0.000,21.120,0.000,0.0,0.0,0.0,0,325183.7102,19860.9923
36.997,2734,3097,Running,27,0.00,1,0,0,0,-1.0000,0.0,0,0.000,21.120,0.000,0.0,0.0,0.0,0,295384.6472,20291.5726
37.014,2796,3173,Running,27,0.00,1,0,0,0,-1.0000,0.0,0,0.000,21.120,0.000,0.0,0.0,0.0,0,358250.2497,20704.1654
37.033,2860,3256,Running,27,0.00,1,0,0,0,-1.0000,0.0,0,0.000,21.120,0.000,0.0,0.0,0.0,0,317077.4145,18848.8416
37.047,2928,3338,Running,27,0.00,1,0,0,0,-1.0000,0.0,0,0.000,21.120,0.000,0.0,0.0,0.0,0,367206.3256,21055.1379
37.064,2997,3420,Running,27,0.00,1,0,0,0,-1.0000,0.0,0,0.000,21.120,0.000,0.0,0.0,0.0,0,370922.3572,21055.1379
37.083,3069,3505,Running,27,0.00,1,0,0,0,-1.0000,0.0,0,0.000,21.120,0.000,0.0,0.0,0.0,0,359613.7583,20559.2102
37.097,3143,3592,Running,27,0.00,1,0,0,0,-1.0000,0.0,0,0.000,21.120,0.000,0.0,0.0,0.0,0,377802.7142,18160.6498
37.114,3219,3678,Running,27,0.00,1,0,0,0,-1.0000,0.0,0,0.000,21.120,0.000,0.0,0.0,0.0,0,390950.6975,19019.9220
37.133,3296,3764,Running,27,0.00,1,0,0,0,-1.0000,0.0,0,0.000,21.120,0.000,0.0,0.0,0.0,0,405316.1523,17395.4184
37.147,3375,3850,Running,31,0.00,1,0,0,0,-1.0000,0.0,0,0.000,21.120,0.000,0.0,0.0,0.0,0,403292.0033,16576.5015
37.166,3456,3944,Running,31,0.00,1,0,0,0,-1.0000,0.0,0,0.000,21.120,0.000,0.0,0.0,0.0,0,401735.4356,16576.5015
37.183,3538,4042,Running,31,0.00,1,0,0,0,-1.0000,0.0,0,0.000,22.240,0.000,0.0,0.0,0.0,0,445894.4658,17445.6377
37.192,3624,4144,Running,31,0.00,1,0,0,0,-1.0000,0.0,0,0.000,22.240,0.000,0.0,0.0,0.0,0,432977.2339,16274.3693
37.214,3712,4246,Running,31,0.00,1,0,0,0,-1.0000,0.0,0,0.000,22.240,0.000,0.0,0.0,0.0,0,478004.6005,16173.2744
37.228,3802,4349,Running,31,0.00,1,0,0,0,-1.0000,0.0,0,0.000,22.240,0.000,0.0,0.0,0.0,0,464733.1605,14999.0424
37.247,3895,4452,Running,31,0.00,1,0,0,0,-1.0000,0.0,0,0.000,22.240,0.000,0.0,0.0,0.0,0,477045.9428,13918.7519
37.264,3988,4552,Running,31,0.00,1,0,0,0,-1.0000,0.0,0,0.000,22.240,0.000,0.0,0.0,0.0,0,491774.4729,13918.7519
37.281,4083,4650,Running,31,0.00,1,0,0,0,-1.0000,0.0,0,0.000,22.880,0.000,0.0,0.0,0.0,0,508008.6512,16559.5904
37.297,4178,4747,Running,32,0.00,1,0,0,0,-1.0000,0.0,0,0.000,22.880,0.000,0.0,0.0,0.0,0,518415.0303,16944.7030
37.297,4273,4845,Running,32,0.00,1,0,0,0,-1.0000,0.0,0,0.000,22.880,0.000,0.0,0.0,0.0,0,506657.1007,19016.3450
37.318,4369,4942,Running,32,0.00,1,0,0,0,-1.0000,0.0,0,0.000,22.880,0.000,0.0,0.0,0.0,0,544241.1452,17705.0925
37.347,4465,5038,Running,32,0.00,1,0,0,0,-1.0000,0.0,0,0.000,22.880,0.000,0.0,0.0,0.0,0,538008.4550,16874.9335
37.361,4560,5131,Running,32,0.00,1,0,0,0,-1.0000,0.0,0,0.000,22.880,0.000,0.0,0.0,0.0,0,570245.8285,16889.6578
37.361,4655,5223,Running,32,0.00,1,0,0,0,-1.0000,0.0,0,0.000,22.880,0.000,0.0,0.0,0.0,0,557926.1453,16955.5432
37.384,4750,5314,Running,32,0.00,1,0,0,0,-1.0000,0.0,0,0.000,22.880,0.000,0.0,0.0,0.0,0,571245.0415,16520.0147
37.414,4844,5403,Running,32,0.00,1,0,0,0,-1.0000,0.0,0,0.000,22.880,0.000,0.0,0.0,0.0,0,584257.1035,15828.9487
37.420,4937,5489,Running,32,0.00,1,0,0,0,-1.0000,0.0,0,0.000,22.880,0.000,0.0,0.0,0.0,0,592308.1984,15242.7170
37.447,5028,5572,Running,32,0.00,1,0,0,0,-1.0000,0.0,0,0.000,22.880,0.000,0.0,0.0,0.0,0,604112.9797,17130.5784
37.447,5119,5654,Running,32,0.00,1,0,0,0,-1.0000,0.0,0,0.000,22.880,0.000,0.0,0.0,0.0,0,611714.9871,16519.1579
37.447,5207,5735,Running,32,0.00,1,0,0,0,-1.0000,0.0,0,0.000,22.880,0.000,0.0,0.0,0.0,0,602127.7777,18229.8478
37.497,5295,5813,Running,32,0.00,1,0,0,0,-1.0000,0.0,0,0.000,24.400,0.000,0.0,0.0,0.0,0,627203.0272,16976.6657
37.511,5381,5891,Running,32,0.00,1,0,0,0,-1.0000,0.0,0,0.000,24.400,0.000,0.0,0.0,0.0,0,622418.5631,18659.7229
37.522,5465,5964,Running,32,0.00,1,0,0,0,-1.0000,0.0,0,0.000,24.400,0.000,0.0,0.0,0.0,0,642801.5330,16903.7218
37.547,5547,6037,Running,32,0.00,1,0,0,0,-1.0000,0.0,0,0.000,24.400,0.000,0.0,0.0,0.0,0,631835.0599,18024.9692
37.564,5628,6109,Running,32,0.00,1,0,0,0,-1.0000,0.0,0,0.000,24.400,0.000,0.0,0.0,0.0,0,645948.1701,18962.6412
37.581,5708,6178,Running,32,0.00,1,0,0,0,-1.0000,0.0,0,0.000,24.400,0.000,0.0,0.0,0.0,0,651884.8432,18514.0053
37.597,5786,6246,Running,32,0.00,1,0,0,0,-1.0000,0.0,0,0.000,24.400,0.000,0.0,0.0,0.0,0,658559.9419,17796.6028
37.611,5862,6312,Running,32,0.00,1,0,0,0,-1.0000,0.0,0,0.000,24.400,0.000,0.0,0.0,0.0,0,655385.4238,18171.0687
37.611,5936,6377,Running,32,0.00,1,0,0,0,-1.0000,0.0,0,0.000,24.400,0.000,0.0,0.0,0.0,0,659895.0719,18578.6828
37.645,6009,6440,Running,32,0.00,1,0,0,0,-1.0000,0.0,0,0.000,24.400,0.000,0.0,0.0,0.0,0,664159.2082,17453.5910
37.666,6080,6502,Running,32,0.00,1,0,0,0,-1.0000,0.0,0,0.000,25.520,0.000,0.0,0.0,0.0,0,668935.7562,18772.4447
37.683,6150,6561,Running,32,0.00,1,0,0,0,-1.0000,0.0,0,0.000,25.680,0.000,0.0,0.0,0.0,0,674101.3560,18772.4447
37.697,6218,6621,Running,32,0.00,1,0,0,0,-1.0000,0.0,0,0.000,25.680,0.000,0.0,0.0,0.0,0,682806.3650,18327.0807
37.714,6284,6679,Running,32,0.00,1,0,0,0,-1.0000,0.0,0,0.000,25.680,0.000,0.0,0.0,0.0,0,674722.4969,17681.8972
37.733,6350,6735,Running,32,0.00,1,0,0,0,-1.0000,0.0,0,0.000,25.680,0.000,0.0,0.0,0.0,0,690597.6198,18263.2924
37.748,6413,6792,Running,32,0.00,1,0,0,0,-1.0000,0.0,0,0.000,25.680,0.000,0.0,0.0,0.0,0,683448.2390,17933.5622
37.764,6476,6847,Running,32,0.00,1,0,0,0,-1.0000,0.0,0,0.000,25.680,0.000,0.0,0.0,0.0,0,694166.0368,16541.9538
37.783,6537,6899,Running,32,0.00,1,0,0,0,-1.0000,0.0,0,0.000,25.680,0.000,0.0,0.0,0.0,0,690989.7783,18650.4692
37.797,6597,6953,Running,32,0.00,1,0,0,0,-1.0000,0.0,0,0.000,25.680,0.000,0.0,0.0,0.0,0,693972.1463,16406.2822
37.814,6656,7003,Running,32,0.00,1,0,0,0,-1.0000,0.0,0,0.000,25.680,0.000,0.0,0.0,0.0,0,700392.0834,17677.8981
37.831,6713,7053,Running,32,0.00,1,0,0,0,-1.0000,0.0,0,0.000,25.680,0.000,0.0,0.0,0.0,0,706287.2527,17677.8981
37.847,6769,7102,Running,33,0.00,1,0,0,0,-1.0000,0.0,0,0.000,25.680,0.000,0.0,0.0,0.0,0,707401.9882,16815.3462
37.864,6824,7152,Running,33,0.00,1,0,0,0,-1.0000,0.0,0,0.000,26.800,0.000,0.0,0.0,0.0,0,716655.8120,18303.4509
37.881,6879,7202,Running,33,0.00,1,0,0,0,-1.0000,0.0,0,0.000,26.800,0.000,0.0,0.0,0.0,0,728584.4919,17612.2935
37.898,6933,7253,Running,33,0.00,1,0,0,0,-1.0000,0.0,0,0.000,26.800,0.000,0.0,0.0,0.0,0,732599.5281,18298.0915
37.914,6986,7302,Running,33,0.00,1,0,0,0,-1.0000,0.0,0,0.000,26.800,0.000,0.0,0.0,0.0,0,737446.9938,16790.1941
37.933,7038,7351,Running,33,0.00,1,0,0,0,-1.0000,0.0,0,0.000,26.800,0.000,0.0,0.0,0.0,0,734482.5226,17694.2470
37.947,7090,7398,Running,33,0.00,1,0,0,0,-1.0000,0.0,0,0.000,26.800,0.000,0.0,0.0,0.0,0,736249.0385,17514.8119
37.964,7141,7444,Running,33,0.00,1,0,0,0,-1.0000,0.0,0,0.000,26.800,0.000,0.0,0.0,0.0,0,746376.8991,17807.7443
37.981,7191,7489,Running,33,0.00,1,0,0,0,-1.0000,0.0,0,0.000,26.800,0.000,0.0,0.0,0.0,0,748588.9553,17807.7443
37.997,7241,7534,Running,33,0.00,1,0,0,0,-1.0000,0.0,0,0.000,26.800,0.000,0.0,0.0,0.0,0,747662.1471,16959.7029
38.014,7289,7577,Running,33,0.00,1,0,0,0,-1.0000,0.0,0,0.000,26.800,0.000,0.0,0.0,0.0,0,752224.4445,17166.7381
38.031,7337,7621,Running,33,0.00,1,0,0,0,-1.0000,0.0,0,0.000,26.800,0.000,0.0,0.0,0.0,0,754941.5004,16435.2398
38.047,7384,7664,Running,35,0.00,1,0,0,0,-1.0000,0.0,0,0.000,26.800,0.000,0.0,0.0,0.0,0,756234.6944,17161.3698
38.064,7431,7711,Running,35,0.00,1,0,0,0,-1.0000,0.0,0,0.000,27.920,0.000,0.0,0.0,0.0,0,778244.5146,17161.3698
38.081,7478,7758,Running,35,0.00,1,0,0,0,-1.0000,0.0,0,0.000,27.920,0.000,0.0,0.0,0.0,0,790158.9994,16481.7158
38.097,7525,7809,Running,35,0.00,1,0,0,0,-1.0000,0.0,0,0.000,27.920,0.000,0.0,0.0,0.0,0,803640.4273,16405.5065
38.114,7572,7857,Running,35,0.00,1,0,0,0,-1.0000,0.0,0,0.000,27.920,0.000,0.0,0.0,0.0,0,816674.4261,16229.0358
38.131,7620,7906,Running,35,0.00,1,0,0,0,-1.0000,0.0,0,0.000,27.920,0.000,0.0,0.0,0.0,0,816963.6680,15477.6174
38.147,7668,7955,Running,35,0.00,1,0,0,0,-1.0000,0.0,0,0.000,27.920,0.000,0.0,0.0,0.0,0,821367.2306,16986.9940
38.164,7716,8003,Running,35,0.00,1,0,0,0,-1.0000,0.0,0,0.000,27.920,0.000,0.0,0.0,0.0,0,828880.4743,16568.7694
38.181,7764,8050,Running,35,0.00,1,0,0,0,-1.0000,0.0,0,0.000,27.920,0.000,0.0,0.0,0.0,0,827295.2514,18040.5734
38.197,7811,8095,Running,35,0.00,1,0,0,0,-1.0000,0.0,0,0.000,27.920,0.000,0.0,0.0,0.0,0,831195.8583,16586.6930
38.214,7859,8141,Running,35,0.00,1,0,0,0,-1.0000,0.0,0,0.000,27.920,0.000,0.0,0.0,0.0,0,835574.4726,15438.8974
38.231,7906,8184,Running,35,0.00,1,0,0,0,-1.0000,0.0,0,0.000,27.920,0.000,0.0,0.0,0.0,0,835734.9998,15077.0276
38.247,7952,8229,Running,36,0.00,1,0,0,0,-1.0000,0.0,0,0.000,27.920,0.000,0.0,0.0,0.0,0,839574.7387,16671.1681
38.264,7998,8274,Running,36,0.00,1,0,0,0,-1.0000,0.0,0,0.000,29.040,0.000,0.0,0.0,0.0,0,852146.2232,16653.4440
38.281,8044,8319,Running,36,0.00,1,0,0,0,-1.0000,0.0,0,0.000,29.040,0.000,0.0,0.0,0.0,0,862210.6050,15701.6584
38.297,8090,8364,Running,36,0.00,1,0,0,0,-1.0000,0.0,0,0.000,29.040,0.000,0.0,0.0,0.0,0,856154.4762,16033.9965
38.314,8136,8408,Running,36,0.00,1,0,0,0,-1.0000,0.0,0,0.000,29.040,0.000,0.0,0.0,0.0,0,872689.5580,15753.6915
38.331,8181,8453,Running,36,0.00,1,0,0,0,-1.0000,0.0,0,0.000,29.040,0.000,0.0,0.0,0.0,0,874305.1885,15753.6915
38.347,8226,8495,Running,36,0.00,1,0,0,0,-1.0000,0.0,0,0.000,29.040,0.000,0.0,0.0,0.0,0,873355.5740,16801.2231
38.364,8271,8539,Running,36,0.00,1,0,0,0,-1.0000,0.0,0,0.000,29.040,0.000,0.0,0.0,0.0,0,880076.2775,15685.7629
38.383,8316,8582,Running,37,0.00,1,0,0,0,-1.0000,0.0,0,0.000,29.840,0.000,0.0,0.0,0.0,0,888555.6878,14971.1682
38.397,8360,8629,Running,37,0.00,1,0,0,0,-1.0000,0.0,0,0.000,29.840,0.000,0.0,0.0,0.0,0,905624.3713,16114.3498
38.414,8405,8674,Running,37,0.00,1,0,0,0,-1.0000,0.0,0,0.000,29.840,0.000,0.0,0.0,0.0,0,912128.6895,15058.3388
38.431,8450,8720,Running,37,0.00,1,0,0,0,-1.0000,0.0,0,0.000,29.840,0.000,0.0,0.0,0.0,0,919444.1493,16766.9051
38.447,8495,8765,Running,37,0.00,1,0,0,0,-1.0000,0.0,0,0.000,29.840,0.000,0.0,0.0,0.0,0,927218.2153,15213.5919
38.464,8540,8809,Running,37,0.00,1,0,0,0,-1.0000,0.0,0,0.000,29.840,0.000,0.0,0.0,0.0,0,926421.5606,14159.2034
38.481,8585,8851,Running,37,0.00,1,0,0,0,-1.0000,0.0,0,0.000,29.840,0.000,0.0,0.0,0.0,0,934241.1801,15538.9518
38.497,8629,8894,Running,37,0.00,1,0,0,0,-1.0000,0.0,0,0.000,29.840,0.000,0.0,0.0,0.0,0,932653.0843,16084.2937
38.514,8673,8936,Running,37,0.00,1,0,0,0,-1.0000,0.0,0,0.000,29.840,0.000,0.0,0.0,0.0,0,937026.8130,15815.2962
38.531,8717,8977,Running,37,0.00,1,0,0,0,-1.0000,0.0,0,0.000,29.840,0.000,0.0,0.0,0.0,0,937900.6769,16816.0128
38.547,8760,9019,Running,37,0.00,1,0,0,0,-1.0000,0.0,0,0.000,29.840,0.000,0.0,0.0,0.0,0,945908.7366,15856.3011
38.564,8803,9059,Running,37,0.00,1,0,0,0,-1.0000,0.0,0,0.000,31.120,0.000,0.0,0.0,0.0,0,945455.5452,15903.4714
38.581,8846,9100,Running,38,0.00,1,0,0,0,-1.0000,0.0,0,0.000,31.280,0.000,0.0,0.0,0.0,0,950441.1285,15780.0107
38.597,8888,9141,Running,38,0.00,1,0,0,0,-1.0000,0.0,0,0.000,31.280,0.000,0.0,0.0,0.0,0,962188.0590,15780.0107
38.614,8931,9184,Running,38,0.00,1,0,0,0,-1.0000,0.0,0,0.000,31.280,0.000,0.0,0.0,0.0,0,968552.2955,16305.5703
38.631,8973,9224,Running,38,0.00,1,0,0,0,-1.0000,0.0,0,0.000,31.280,0.000,0.0,0.0,0.0,0,966020.5217,15921.4714
38.647,9015,9264,Running,38,0.00,1,0,0,0,-1.0000,0.0,0,0.000,31.280,0.000,0.0,0.0,0.0,0,969341.7228,16127.6726
38.664,9056,9301,Running,38,0.00,1,0,0,0,-1.0000,0.0,0,0.000,31.280,0.000,0.0,0.0,0.0,0,978757.3590,14193.4006
38.681,9088,9229,Running,38,0.00,1,0,0,0,-1.0000,0.0,0,0.000,31.280,0.000,0.0,0.0,0.0,0,206844.8094,16732.5221
38.697,9104,9156,Running,38,0.00,1,0,0,0,-1.0000,0.0,0,0.000,31.280,0.000,0.0,0.0,0.0,0,131074.9295,16377.6458
38.714,9106,9083,Running,38,0.00,1,0,0,0,-1.0000,0.0,0,0.000,31.280,0.000,0.0,0.0,0.0,0,131351.3776,16377.6458
38.731,9097,9011,Running,38,0.00,1,0,0,0,-1.0000,0.0,0,0.000,31.280,0.000,0.0,0.0,0.0,0,129560.2359,10351.7799
38.747,9078,8939,Running,38,0.00,1,0,0,0,-1.0000,0.0,0,0.000,31.280,0.000,0.0,0.0,0.0,0,127049.4040,16251.5643
38.764,9051,8867,Running,38,0.00,1,0,0,0,-1.0000,0.0,0,0.000,32.640,0.000,0.0,0.0,0.0,0,125636.8144,16510.3308
38.781,9025,8913,Running,38,0.00,1,0,0,0,-1.0000,0.0,0,0.000,32.640,0.000,0.0,0.0,0.0,0,802218.7025,17543.3295
38.797,9012,8964,Running,38,0.00,1,0,0,0,-1.0000,0.0,0,0.000,32.640,0.000,0.0,0.0,0.0,0,968067.4979,20178.6473
38.814,9009,9012,Running,38,0.00,1,0,0,0,-1.0000,0.0,0,0.000,32.640,0.000,0.0,0.0,0.0,0,958901.8603,16694.8051
38.831,9013,9057,Running,38,0.00,1,0,0,0,-1.0000,0.0,0,0.000,32.640,0.000,0.0,0.0,0.0,0,961359.2189,16827.4659
38.847,9023,9101,Running,38,0.00,1,0,0,0,-1.0000,0.0,0,0.000,32.640,0.000,0.0,0.0,0.0,0,963749.2995,15763.8709
38.864,9039,9143,Running,38,0.00,1,0,0,0,-1.0000,0.0,0,0.000,32.640,0.000,0.0,0.0,0.0,0,967356.7781,16230.1727
38.881,9058,9185,Running,38,0.00,1,0,0,0,-1.0000,0.0,0,0.000,32.640,0.000,0.0,0.0,0.0,0,970740.3952,15432.7606
38.897,9081,9226,Running,38,0.00,1,0,0,0,-1.0000,0.0,0,0.000,32.640,0.000,0.0,0.0,0.0,0,971927.3832,16489.6249
38.914,9106,9267,Running,38,0.00,1,0,0,0,-1.0000,0.0,0,0.000,32.640,0.000,0.0,0.0,0.0,0,973310.2400,16768.3416
38.931,9134,9304,Running,38,0.00,1,0,0,0,-1.0000,0.0,0,0.000,32.640,0.000,0.0,0.0,0.0,0,979856.6928,15028.2854
38.947,9155,9232,Running,38,0.00,1,0,0,0,-1.0000,0.0,0,0.000,34.320,0.000,0.0,0.0,0.0,0,212910.1756,16981.7742
38.964,9161,9159,Running,38,0.00,1,0,0,0,-1.0000,0.0,0,0.000,34.560,0.000,0.0,0.0,0.0,0,131028.0667,14430.9999
38.981,9155,9086,Running,38,0.00,1,0,0,0,-1.0000,0.0,0,0.000,34.720,0.000,0.0,0.0,0.0,0,132316.4918,14430.9999
38.997,9138,9014,Running,38,0.00,1,0,0,0,-1.0000,0.0,0,0.000,34.720,0.000,0.0,0.0,0.0,0,131758.3742,15578.7909
39.014,9113,8942,Running,38,0.00,1,0,0,0,-1.0000,0.0,0,0.000,34.720,0.000,0.0,0.0,0.0,0,129785.1784,17276.4585
39.031,9081,8870,Running,38,0.00,1,0,0,0,-1.0000,0.0,0,0.000,34.720,0.000,0.0,0.0,0.0,0,129264.1509,17186.6963
39.048,9050,8906,Running,38,0.00,1,0,0,0,-1.0000,0.0,0,0.000,34.720,0.000,0.0,0.0,0.0,0,717452.4503,15363.3574
39.064,9032,8962,Running,38,0.00,1,0,0,0,-1.0000,0.0,0,0.000,34.720,0.000,0.0,0.0,0.0,0,981777.6280,16229.1379
39.081,9026,9013,Running,38,0.00,1,0,0,0,-1.0000,0.0,0,0.000,34.720,0.000,0.0,0.0,0.0,0,971333.3831,18317.3621
39.098,9028,9062,Running,38,0.00,1,0,0,0,-1.0000,0.0,0,0.000,34.720,0.000,0.0,0.0,0.0,0,970550.2024,18317.3621
39.114,9037,9111,Running,38,0.00,1,0,0,0,-1.0000,0.0,0,0.000,34.720,0.000,0.0,0.0,0.0,0,972629.1663,15836.0246
39.131,9052,9157,Running,38,0.00,1,0,0,0,-1.0000,0.0,0,0.000,34.720,0.000,0.0,0.0,0.0,0,976575.3297,16526.5216
39.148,9072,9203,Running,38,0.00,1,0,0,0,-1.0000,0.0,0,0.000,34.720,0.000,0.0,0.0,0.0,0,981869.9609,15938.5217
39.164,9096,9250,Running,39,0.00,1,0,0,0,-1.0000,0.0,0,0.000,34.720,0.000,0.0,0.0,0.0,0,985122.3167,15579.3281
39.181,9123,9294,Running,39,0.00,1,0,0,0,-1.0000,0.0,0,0.000,34.720,0.000,0.0,0.0,0.0,0,985105.9366,14789.8925
39.198,9148,9257,Running,39,0.00,1,0,0,0,-1.0000,0.0,0,0.000,34.720,0.000,0.0,0.0,0.0,0,492741.1086,15791.5775
39.214,9159,9183,Running,39,0.00,1,0,0,0,-1.0000,0.0,0,0.000,34.720,0.000,0.0,0.0,0.0,0,140488.2114,14807.1069
39.231,9157,9111,Running,39,0.00,1,0,0,0,-1.0000,0.0,0,0.000,34.720,0.000,0.0,0.0,0.0,0,132557.8858,16294.0897
39.247,9144,9038,Running,39,0.00,1,0,0,0,-1.0000,0.0,0,0.000,34.720,0.000,0.0,0.0,0.0,0,131700.3889,16294.0897
39.264,9122,8966,Running,39,0.00,1,0,0,0,-1.0000,0.0,0,0.000,37.040,0.000,0.0,0.0,0.0,0,131845.6409,14522.4037
39.281,9092,8894,Running,39,0.00,1,0,0,0,-1.0000,0.0,0,0.000,37.040,0.000,0.0,0.0,0.0,0,132198.5114,18440.2429
39.297,9059,8890,Running,39,0.00,1,0,0,0,-1.0000,0.0,0,0.000,37.040,0.000,0.0,0.0,0.0,0,442874.5684,17402.7287
39.314,9038,8953,Running,39,0.00,1,0,0,0,-1.0000,0.0,0,0.000,37.040,0.000,0.0,0.0,0.0,0,1003357.0558,16034.7828
39.331,9029,9008,Running,39,0.00,1,0,0,0,-1.0000,0.0,0,0.000,37.040,0.000,0.0,0.0,0.0,0,979294.4507,18570.2628
39.347,9030,9061,Running,39,0.00,1,0,0,0,-1.0000,0.0,0,0.000,37.040,0.000,0.0,0.0,0.0,0,978459.7426,16266.2571
39.364,9039,9112,Running,39,0.00,1,0,0,0,-1.0000,0.0,0,0.000,37.040,0.000,0.0,0.0,0.0,0,982273.0667,16266.2571
39.381,9054,9162,Running,39,0.00,1,0,0,0,-1.0000,0.0,0,0.000,37.040,0.000,0.0,0.0,0.0,0,984516.0044,15789.2674
39.397,9075,9211,Running,39,0.00,1,0,0,0,-1.0000,0.0,0,0.000,37.040,0.000,0.0,0.0,0.0,0,991000.1201,15977.5638
39.414,9100,9260,Running,39,0.00,1,0,0,0,-1.0000,0.0,0,0.000,37.040,0.000,0.0,0.0,0.0,0,995962.0367,15790.8021
39.431,9128,9307,Running,39,0.00,1,0,0,0,-1.0000,0.0,0,0.000,37.040,0.000,0.0,0.0,0.0,0,994936.9392,15569.7455
39.448,9150,9238,Running,40,0.00,1,0,0,0,-1.0000,0.0,0,0.000,37.040,0.000,0.0,0.0,0.0,0,260810.6910,13953.1698
39.464,9158,9165,Running,40,0.00,1,0,0,0,-1.0000,0.0,0,0.000,38.960,0.000,0.0,0.0,0.0,0,142645.9467,15121.9403
39.481,9153,9092,Running,40,0.00,1,0,0,0,-1.0000,0.0,0,0.000,38.960,0.000,0.0,0.0,0.0,0,135800.2303,14439.8775
39.497,9138,9019,Running,40,0.00,1,0,0,0,-1.0000,0.0,0,0.000,38.960,0.000,0.0,0.0,0.0,0,134170.0035,8862.3966
39.514,9114,8947,Running,40,0.00,1,0,0,0,-1.0000,0.0,0,0.000,38.960,0.000,0.0,0.0,0.0,0,134625.6958,16506.5004
39.531,9083,8876,Running,40,0.00,1,0,0,0,-1.0000,0.0,0,0.000,38.960,0.000,0.0,0.0,0.0,0,135039.1524,16784.6325
39.547,9052,8912,Running,40,0.00,1,0,0,0,-1.0000,0.0,0,0.000,38.960,0.000,0.0,0.0,0.0,0,690559.0478,16312.3082
39.564,9035,8973,Running,40,0.00,1,0,0,0,-1.0000,0.0,0,0.000,38.960,0.000,0.0,0.0,0.0,0,998941.5281,17888.5415
39.581,9030,9029,Running,40,0.00,1,0,0,0,-1.0000,0.0,0,0.000,38.960,0.000,0.0,0.0,0.0,0,986062.0541,18099.5491
39.598,9034,9085,Running,40,0.00,1,0,0,0,-1.0000,0.0,0,0.000,38.960,0.000,0.0,0.0,0.0,0,987636.0206,16345.6183
39.614,9046,9138,Running,40,0.00,1,0,0,0,-1.0000,0.0,0,0.000,38.960,0.000,0.0,0.0,0.0,0,990013.0513,15523.7721
39.631,9064,9189,Running,40,0.00,1,0,0,0,-1.0000,0.0,0,0.000,38.960,0.000,0.0,0.0,0.0,0,991481.3468,15523.7721
39.647,9088,9242,Running,41,0.00,1,0,0,0,-1.0000,0.0,0,0.000,40.640,0.000,0.0,0.0,0.0,0,1000125.2767,16619.4771
39.664,9116,9296,Running,41,0.00,1,0,0,0,-1.0000,0.0,0,0.000,40.800,0.000,0.0,0.0,0.0,0,1013203.5270,15698.8695
39.681,9140,9243,Running,41,0.00,1,0,0,0,-1.0000,0.0,0,0.000,40.800,0.000,0.0,0.0,0.0,0,374371.8190,16555.9469
39.697,9150,9170,Running,41,0.00,1,0,0,0,-1.0000,0.0,0,0.000,40.800,0.000,0.0,0.0,0.0,0,151769.8185,16571.6054
39.714,9148,9098,Running,41,0.00,1,0,0,0,-1.0000,0.0,0,0.000,40.800,0.000,0.0,0.0,0.0,0,145469.8227,15887.8497
39.731,9134,9025,Running,41,0.00,1,0,0,0,-1.0000,0.0,0,0.000,40.800,0.000,0.0,0.0,0.0,0,142028.0722,11679.1613
39.747,9112,8954,Running,41,0.00,1,0,0,0,-1.0000,0.0,0,0.000,40.800,0.000,0.0,0.0,0.0,0,139952.6804,11679.1613
39.764,9082,8882,Running,41,0.00,1,0,0,0,-1.0000,0.0,0,0.000,40.800,0.000,0.0,0.0,0.0,0,138719.6100,16482.2288
39.781,9052,8918,Running,41,0.00,1,0,0,0,-1.0000,0.0,0,0.000,40.800,0.000,0.0,0.0,0.0,0,665406.8521,17101.6484
39.797,9037,8986,Running,41,0.00,1,0,0,0,-1.0000,0.0,0,0.000,40.800,0.000,0.0,0.0,0.0,0,1017034.1016,18666.0875
39.814,9034,9050,Running,41,0.00,1,0,0,0,-1.0000,0.0,0,0.000,40.800,0.000,0.0,0.0,0.0,0,1001407.3597,18009.9867
39.831,9042,9112,Running,41,0.00,1,0,0,0,-1.0000,0.0,0,0.000,40.800,0.000,0.0,0.0,0.0,0,1006270.4429,14424.6643
39.847,9057,9172,Running,41,0.00,1,0,0,0,-1.0000,0.0,0,0.000,40.800,0.000,0.0,0.0,0.0,0,1009394.0132,15119.7617
39.864,9080,9231,Running,42,0.00,1,0,0,0,-1.0000,0.0,0,0.000,42.880,0.000,0.0,0.0,0.0,0,1016759.1217,16854.0317
39.881,9108,9291,Running,43,0.00,1,0,0,0,-1.0000,0.0,0,0.000,42.880,0.000,0.0,0.0,0.0,0,1023908.0850,14935.1435
39.897,9136,9260,Running,43,0.00,1,0,0,0,-1.0000,0.0,0,0.000,42.880,0.000,0.0,0.0,0.0,0,523190.7682,14935.1435
39.914,9149,9187,Running,43,0.00,1,0,0,0,-1.0000,0.0,0,0.000,42.880,0.000,0.0,0.0,0.0,0,154027.9659,16227.0117
39.931,9149,9115,Running,43,0.00,1,0,0,0,-1.0000,0.0,0,0.000,42.880,0.000,0.0,0.0,0.0,0,146461.4135,12333.8318
39.947,9138,9043,Running,43,0.00,1,0,0,0,-1.0000,0.0,0,0.000,42.880,0.000,0.0,0.0,0.0,0,146094.7992,13267.2649
39.964,9118,8971,Running,43,0.00,1,0,0,0,-1.0000,0.0,0,0.000,42.880,0.000,0.0,0.0,0.0,0,146348.2968,17385.1612
39.981,9089,8899,Running,43,0.00,1,0,0,0,-1.0000,0.0,0,0.000,42.880,0.000,0.0,0.0,0.0,0,146646.1267,16317.9412
39.997,9058,8902,Running,43,0.00,1,0,0,0,-1.0000,0.0,0,0.000,42.880,0.000,0.0,0.0,0.0,0,464935.3814,16984.9473
40.014,9040,8984,Running,43,0.00,1,0,0,0,-1.0000,0.0,0,0.000,42.880,0.000,0.0,0.0,0.0,0,1041841.4442,16984.9473
40.031,9038,9057,Running,43,0.00,1,0,0,0,-1.0000,0.0,0,0.000,42.880,0.000,0.0,0.0,0.0,0,1024133.1370,20452.5253
40.047,9046,9127,Running,45,0.00,1,0,0,0,-1.0000,0.0,0,0.000,44.800,0.000,0.0,0.0,0.0,0,1028134.3490,14398.6034
40.064,9064,9200,Running,46,0.00,1,0,0,0,-1.0000,0.0,0,0.000,45.040,0.000,0.0,0.0,0.0,0,1040713.1828,16650.1372
40.081,9091,9273,Running,46,0.00,1,0,0,0,-1.0000,0.0,0,0.000,45.040,0.000,0.0,0.0,0.0,0,1052735.3656,15733.3158
40.098,9121,9267,Running,46,0.00,1,0,0,0,-1.0000,0.0,0,0.000,45.040,0.000,0.0,0.0,0.0,0,675036.5741,17033.3760
40.114,9138,9195,Running,46,0.00,1,0,0,0,-1.0000,0.0,0,0.000,45.040,0.000,0.0,0.0,0.0,0,164150.2172,15712.8757
40.131,9141,9122,Running,46,0.00,1,0,0,0,-1.0000,0.0,0,0.000,45.040,0.000,0.0,0.0,0.0,0,159857.9325,15638.1069
40.148,9132,9050,Running,46,0.00,1,0,0,0,-1.0000,0.0,0,0.000,45.040,0.000,0.0,0.0,0.0,0,155468.3536,10576.3684
40.164,9114,8979,Running,46,0.00,1,0,0,0,-1.0000,0.0,0,0.000,45.040,0.000,0.0,0.0,0.0,0,153522.8523,15739.0955
40.181,9088,8907,Running,46,0.00,1,0,0,0,-1.0000,0.0,0,0.000,46.480,0.000,0.0,0.0,0.0,0,152461.6432,16729.3529
40.197,9056,8889,Running,46,0.00,1,0,0,0,-1.0000,0.0,0,0.000,46.480,0.000,0.0,0.0,0.0,0,319225.9528,16684.9404
40.214,9037,8979,Running,46,0.00,1,0,0,0,-1.0000,0.0,0,0.000,46.480,0.000,0.0,0.0,0.0,0,1063785.1596,15886.2482
40.231,9035,9060,Running,46,0.00,1,0,0,0,-1.0000,0.0,0,0.000,46.480,0.000,0.0,0.0,0.0,0,1042255.1828,18410.3360
40.247,9045,9141,Running,46,0.00,1,0,0,0,-1.0000,0.0,0,0.000,46.480,0.000,0.0,0.0,0.0,0,1048969.9255,17187.4778
40.264,9066,9219,Running,46,0.00,1,0,0,0,-1.0000,0.0,0,0.000,46.480,0.000,0.0,0.0,0.0,0,1058350.2935,15755.0239
40.281,9095,9292,Running,46,0.00,1,0,0,0,-1.0000,0.0,0,0.000,46.480,0.000,0.0,0.0,0.0,0,1058053.1701,15755.0239
40.297,9124,9251,Running,46,0.00,1,0,0,0,-1.0000,0.0,0,0.000,46.480,0.000,0.0,0.0,0.0,0,466872.1058,15080.1307
40.314,9138,9178,Running,46,0.00,1,0,0,0,-1.0000,0.0,0,0.000,46.480,0.000,0.0,0.0,0.0,0,163147.3937,15739.4212
40.331,9138,9106,Running,46,0.00,1,0,0,0,-1.0000,0.0,0,0.000,46.480,0.000,0.0,0.0,0.0,0,153774.2480,13127.7741
40.347,9128,9034,Running,45,0.00,1,0,0,0,-1.0000,0.0,0,0.000,46.480,0.000,0.0,0.0,0.0,0,152263.3241,10281.6117
40.364,9108,8962,Running,45,0.00,1,0,0,0,-1.0000,0.0,0,0.000,46.480,0.000,0.0,0.0,0.0,0,151713.7032,15583.5839
40.381,9080,8891,Running,45,0.00,1,0,0,0,-1.0000,0.0,0,0.000,48.880,0.000,0.0,0.0,0.0,0,151847.3692,15758.3330
40.397,9049,8913,Running,45,0.00,1,0,0,0,-1.0000,0.0,0,0.000,48.880,0.000,0.0,0.0,0.0,0,540536.0602,16446.1759
40.414,9035,8997,Running,45,0.00,1,0,0,0,-1.0000,0.0,0,0.000,48.880,0.000,0.0,0.0,0.0,0,1052484.9284,16593.5197
40.431,9035,9074,Running,45,0.00,1,0,0,0,-1.0000,0.0,0,0.000,48.880,0.000,0.0,0.0,0.0,0,1036174.0969,16593.5197
40.447,9047,9148,Running,45,0.00,1,0,0,0,-1.0000,0.0,0,0.000,48.880,0.000,0.0,0.0,0.0,0,1041150.0113,17055.5495
40.464,9068,9220,Running,45,0.00,1,0,0,0,-1.0000,0.0,0,0.000,48.880,0.000,0.0,0.0,0.0,0,1044259.9730,15504.7546
40.481,9097,9292,Running,45,0.00,1,0,0,0,-1.0000,0.0,0,0.000,48.880,0.000,0.0,0.0,0.0,0,1050019.1790,16405.6415
40.498,9127,9259,Running,45,0.00,1,0,0,0,-1.0000,0.0,0,0.000,48.880,0.000,0.0,0.0,0.0,0,512164.6187,14769.6859
40.514,9141,9187,Running,45,0.00,1,0,0,0,-1.0000,0.0,0,0.000,48.880,0.000,0.0,0.0,0.0,0,158587.3559,16230.0821
40.531,9143,9114,Running,45,0.00,1,0,0,0,-1.0000,0.0,0,0.000,48.880,0.000,0.0,0.0,0.0,0,154258.4534,12932.9479
40.547,9133,9042,Running,44,0.00,1,0,0,0,-1.0000,0.0,0,0.000,48.880,0.000,0.0,0.0,0.0,0,152785.5929,13189.8302
40.564,9113,8970,Running,44,0.00,1,0,0,0,-1.0000,0.0,0,0.000,48.880,0.000,0.0,0.0,0.0,0,148991.3659,14912.4424
40.581,9085,8899,Running,43,0.00,1,0,0,0,-1.0000,0.0,0,0.000,48.880,0.000,0.0,0.0,0.0,0,146621.3302,16272.0255
40.597,9054,8907,Running,43,0.00,1,0,0,0,-1.0000,0.0,0,0.000,48.880,0.000,0.0,0.0,0.0,0,485278.2665,15788.1839
40.614,9038,8987,Running,43,0.00,1,0,0,0,-1.0000,0.0,0,0.000,48.880,0.000,0.0,0.0,0.0,0,1042092.9745,15837.1313
40.631,9036,9060,Running,43,0.00,1,0,0,0,-1.0000,0.0,0,0.000,48.880,0.000,0.0,0.0,0.0,0,1024209.0865,18575.1510
40.647,9046,9129,Running,43,0.00,1,0,0,0,-1.0000,0.0,0,0.000,48.880,0.000,0.0,0.0,0.0,0,1026036.8697,16217.5366
40.664,9064,9198,Running,42,0.00,1,0,0,0,-1.0000,0.0,0,0.000,48.880,0.000,0.0,0.0,0.0,0,1033760.3783,16217.5366
40.681,9090,9263,Running,42,0.00,1,0,0,0,-1.0000,0.0,0,0.000,52.640,0.000,0.0,0.0,0.0,0,1035837.9148,15778.4847
40.697,9120,9288,Running,42,0.00,1,0,0,0,-1.0000,0.0,0,0.000,52.640,0.000,0.0,0.0,0.0,0,885548.4803,15807.0639
40.714,9140,9215,Running,42,0.00,1,0,0,0,-1.0000,0.0,0,0.000,52.640,0.000,0.0,0.0,0.0,0,159707.8313,16160.3550
40.731,9146,9142,Running,42,0.00,1,0,0,0,-1.0000,0.0,0,0.000,52.640,0.000,0.0,0.0,0.0,0,147124.5631,16153.0695
40.747,9140,9070,Running,42,0.00,1,0,0,0,-1.0000,0.0,0,0.000,52.640,0.000,0.0,0.0,0.0,0,142128.5879,13735.4528
40.764,9123,8998,Running,42,0.00,1,0,0,0,-1.0000,0.0,0,0.000,52.640,0.000,0.0,0.0,0.0,0,141010.1205,12032.1466
40.781,9098,8926,Running,42,0.00,1,0,0,0,-1.0000,0.0,0,0.000,52.640,0.000,0.0,0.0,0.0,0,141409.2577,12032.1466
40.797,9066,8864,Running,42,0.00,1,0,0,0,-1.0000,0.0,0,0.000,52.640,0.000,0.0,0.0,0.0,0,142074.7305,17235.1486
40.814,9041,8942,Running,42,0.00,1,0,0,0,-1.0000,0.0,0,0.000,52.640,0.000,0.0,0.0,0.0,0,972437.7113,16284.9178
40.831,9031,9010,Running,42,0.00,1,0,0,0,-1.0000,0.0,0,0.000,52.640,0.000,0.0,0.0,0.0,0,1008091.4205,19312.9521
40.847,9033,9074,Running,42,0.00,1,0,0,0,-1.0000,0.0,0,0.000,52.640,0.000,0.0,0.0,0.0,0,1007885.1721,19400.1205
40.864,9044,9133,Running,36,0.00,1,0,0,0,-1.0000,0.0,0,0.000,52.640,0.000,0.0,0.0,0.0,0,1006361.4382,15192.3598
40.881,9062,9180,Running,36,0.00,1,0,0,0,-1.0000,0.0,0,0.000,54.800,0.000,0.0,0.0,0.0,0,983383.0584,15540.9167
40.898,9083,9221,Running,36,0.00,1,0,0,0,-1.0000,0.0,0,0.000,54.800,0.000,0.0,0.0,0.0,0,969196.5710,17267.0431
40.914,9107,9259,Running,36,0.00,1,0,0,0,-1.0000,0.0,0,0.000,54.800,0.000,0.0,0.0,0.0,0,964513.7360,15412.9562
40.931,9133,9292,Running,36,0.00,1,0,0,0,-1.0000,0.0,0,0.000,54.800,0.000,0.0,0.0,0.0,0,938472.3894,16499.4001
40.947,9157,9264,Running,36,0.00,1,0,0,0,-1.0000,0.0,0,0.000,54.800,0.000,0.0,0.0,0.0,0,557627.5030,15861.4094
40.964,9168,9191,Running,36,0.00,1,0,0,0,-1.0000,0.0,0,0.000,54.800,0.000,0.0,0.0,0.0,0,136651.3562,15520.2353
40.981,9166,9118,Running,36,0.00,1,0,0,0,-1.0000,0.0,0,0.000,54.800,0.000,0.0,0.0,0.0,0,126626.4265,15508.3975
40.997,9152,9045,Running,36,0.00,1,0,0,0,-1.0000,0.0,0,0.000,54.800,0.000,0.0,0.0,0.0,0,121643.9163,12298.9067
41.014,9130,8972,Running,36,0.00,1,0,0,0,-1.0000,0.0,0,0.000,54.800,0.000,0.0,0.0,0.0,0,121179.8809,16335.4033
41.031,9100,8900,Running,36,0.00,1,0,0,0,-1.0000,0.0,0,0.000,54.800,0.000,0.0,0.0,0.0,0,121457.9461,17197.1325
41.048,9065,8871,Running,32,0.00,1,0,0,0,-1.0000,0.0,0,0.000,54.800,0.000,0.0,0.0,0.0,0,311996.8893,17197.1325
41.064,9038,8909,Running,32,0.00,1,0,0,0,-1.0000,0.0,0,0.000,56.400,0.000,0.0,0.0,0.0,0,942699.5313,15955.0432
41.081,9021,8935,Running,32,0.00,1,0,0,0,-1.0000,0.0,0,0.000,56.400,0.000,0.0,0.0,0.0,0,870814.1833,19266.5589
41.097,9009,8954,Running,32,0.00,1,0,0,0,-1.0000,0.0,0,0.000,56.400,0.000,0.0,0.0,0.0,0,822457.5327,17479.2886
41.114,9002,8970,Running,32,0.00,1,0,0,0,-1.0000,0.0,0,0.000,56.640,0.000,0.0,0.0,0.0,0,806129.9665,13692.3447
41.131,8998,8985,Running,32,0.00,1,0,0,0,-1.0000,0.0,0,0.000,56.640,0.000,0.0,0.0,0.0,0,799198.4055,16301.0825
41.148,8997,8997,Running,32,0.00,1,0,0,0,-1.0000,0.0,0,0.000,56.640,0.000,0.0,0.0,0.0,0,791844.4935,15140.2426
41.164,8998,9009,Running,32,0.00,1,0,0,0,-1.0000,0.0,0,0.000,56.640,0.000,0.0,0.0,0.0,0,788448.3807,16403.8416
41.181,9001,9021,Running,32,0.00,1,0,0,0,-1.0000,0.0,0,0.000,56.640,0.000,0.0,0.0,0.0,0,790383.7377,17360.7633
41.197,9005,9032,Running,32,0.00,1,0,0,0,-1.0000,0.0,0,0.000,56.640,0.000,0.0,0.0,0.0,0,784007.0845,16893.8367
41.214,9010,9042,Running,32,0.00,1,0,0,0,-1.0000,0.0,0,0.000,56.640,0.000,0.0,0.0,0.0,0,784869.8400,16770.6648
41.231,9015,9052,Running,29,0.00,1,0,0,0,-1.0000,0.0,0,0.000,56.640,0.000,0.0,0.0,0.0,0,783421.8116,17865.3096
41.247,9021,9057,Running,29,0.00,1,0,0,0,-1.0000,0.0,0,0.000,56.640,0.000,0.0,0.0,0.0,0,761973.8573,17637.1742
41.264,9027,9059,Running,29,0.00,1,0,0,0,-1.0000,0.0,0,0.000,57.760,0.000,0.0,0.0,0.0,0,741211.7479,16043.0495
41.281,9032,9059,Running,29,0.00,1,0,0,0,-1.0000,0.0,0,0.000,57.760,0.000,0.0,0.0,0.0,0,731094.9271,16679.0572
41.298,9036,9059,Running,29,0.00,1,0,0,0,-1.0000,0.0,0,0.000,57.760,0.000,0.0,0.0,0.0,0,727743.8048,17492.6945
41.314,9040,9058,Running,29,0.00,1,0,0,0,-1.0000,0.0,0,0.000,57.760,0.000,0.0,0.0,0.0,0,724226.9200,16918.8566
41.331,9042,9057,Running,29,0.00,1,0,0,0,-1.0000,0.0,0,0.000,57.760,0.000,0.0,0.0,0.0,0,720197.1837,16958.4022
41.348,9045,9056,Running,29,0.00,1,0,0,0,-1.0000,0.0,0,0.000,57.760,0.000,0.0,0.0,0.0,0,720911.4522,16457.5705
41.364,9046,9055,Running,29,0.00,1,0,0,0,-1.0000,0.0,0,0.000,57.760,0.000,0.0,0.0,0.0,0,717767.7154,17750.9138
41.381,9048,9054,Running,29,0.00,1,0,0,0,-1.0000,0.0,0,0.000,57.760,0.000,0.0,0.0,0.0,0,721693.4700,16373.4366
41.398,9048,9053,Running,29,0.00,1,0,0,0,-1.0000,0.0,0,0.000,57.760,0.000,0.0,0.0,0.0,0,717912.8193,16826.8899
41.414,9049,9052,Running,29,0.00,1,0,0,0,-1.0000,0.0,0,0.000,57.760,0.000,0.0,0.0,0.0,0,718774.5543,16670.5538
41.431,9049,9051,Running,29,0.00,1,0,0,0,-1.0000,0.0,0,0.000,57.760,0.000,0.0,0.0,0.0,0,719913.0380,16670.5538
41.447,9049,9049,Running,29,0.00,1,0,0,0,-1.0000,0.0,0,0.000,57.760,0.000,0.0,0.0,0.0,0,714043.1636,16618.0028
41.464,9049,9046,Running,29,0.00,1,0,0,0,-1.0000,0.0,0,0.000,58.800,0.000,0.0,0.0,0.0,0,712545.9935,16700.0553
41.481,9048,9043,Running,28,0.00,1,0,0,0,-1.0000,0.0,0,0.000,58.800,0.000,0.0,0.0,0.0,0,707932.3734,17644.9306
41.497,9047,9039,Running,28,0.00,1,0,0,0,-1.0000,0.0,0,0.000,58.800,0.000,0.0,0.0,0.0,0,703128.4378,16990.2237
41.514,9046,9034,Running,28,0.00,1,0,0,0,-1.0000,0.0,0,0.000,58.800,0.000,0.0,0.0,0.0,0,698882.6433,17518.2783
41.531,9044,9030,Running,28,0.00,1,0,0,0,-1.0000,0.0,0,0.000,58.800,0.000,0.0,0.0,0.0,0,699376.2362,16914.3032
41.548,9041,9026,Running,28,0.00,1,0,0,0,-1.0000,0.0,0,0.000,58.800,0.000,0.0,0.0,0.0,0,694772.0143,17941.4632
41.564,9039,9021,Running,28,0.00,1,0,0,0,-1.0000,0.0,0,0.000,58.800,0.000,0.0,0.0,0.0,0,694424.6548,17003.7237
41.581,9036,9017,Running,28,0.00,1,0,0,0,-1.0000,0.0,0,0.000,58.800,0.000,0.0,0.0,0.0,0,695903.2909,16118.4801
41.597,9032,9012,Running,28,0.00,1,0,0,0,-1.0000,0.0,0,0.000,58.800,0.000,0.0,0.0,0.0,0,692567.8985,16424.4134
41.614,9029,9008,Running,28,0.00,1,0,0,0,-1.0000,0.0,0,0.000,58.800,0.000,0.0,0.0,0.0,0,694029.9431,17656.0935
41.631,9026,9003,Running,26,0.00,1,0,0,0,-1.0000,0.0,0,0.000,58.800,0.000,0.0,0.0,0.0,0,690295.5089,17151.1988
41.648,9021,8994,Running,26,0.00,1,0,0,0,-1.0000,0.0,0,0.000,58.800,0.000,0.0,0.0,0.0,0,665441.0437,16327.1677
41.664,9016,8982,Running,26,0.00,1,0,0,0,-1.0000,0.0,0,0.000,59.840,0.000,0.0,0.0,0.0,0,645427.7792,16923.8164
41.681,9010,8969,Running,26,0.00,1,0,0,0,-1.0000,0.0,0,0.000,59.840,0.000,0.0,0.0,0.0,0,634708.5752,17367.3313
41.697,9003,8955,Running,26,0.00,1,0,0,0,-1.0000,0.0,0,0.000,59.840,0.000,0.0,0.0,0.0,0,628643.8781,17367.3313
41.714,8994,8941,Running,26,0.00,1,0,0,0,-1.0000,0.0,0,0.000,59.840,0.000,0.0,0.0,0.0,0,627570.3589,17070.2945
41.731,8985,8927,Running,26,0.00,1,0,0,0,-1.0000,0.0,0,0.000,59.840,0.000,0.0,0.0,0.0,0,621946.2598,16480.3794
41.747,8975,8913,Running,26,0.00,1,0,0,0,-1.0000,0.0,0,0.000,59.840,0.000,0.0,0.0,0.0,0,620796.6698,17312.3192
41.764,8964,8898,Running,26,0.00,1,0,0,0,-1.0000,0.0,0,0.000,60.160,0.000,0.0,0.0,0.0,0,615786.0035,16309.8889
41.781,8953,8883,Running,26,0.00,1,0,0,0,-1.0000,0.0,0,0.000,60.160,0.000,0.0,0.0,0.0,0,612164.9714,16310.2986
41.798,8941,8869,Running,26,0.00,1,0,0,0,-1.0000,0.0,0,0.000,60.160,0.000,0.0,0.0,0.0,0,609166.1442,17203.8834
41.814,8929,8853,Running,26,0.00,1,0,0,0,-1.0000,0.0,0,0.000,60.160,0.000,0.0,0.0,0.0,0,605973.8231,17203.8834
41.831,8916,8838,Running,26,0.00,1,0,0,0,-1.0000,0.0,0,0.000,60.160,0.000,0.0,0.0,0.0,0,603502.9390,17778.6182
41.847,8903,8822,Running,26,0.00,1,0,0,0,-1.0000,0.0,0,0.000,60.160,0.000,0.0,0.0,0.0,0,605803.4945,18032.5857
41.864,8889,8807,Running,26,0.00,1,0,0,0,-1.0000,0.0,0,0.000,60.160,0.000,0.0,0.0,0.0,0,611599.0094,17312.2339
41.881,8875,8793,Running,26,0.00,1,0,0,0,-1.0000,0.0,0,0.000,60.160,0.000,0.0,0.0,0.0,0,608431.5646,17630.1458
41.897,8862,8779,Running,26,0.00,1,0,0,0,-1.0000,0.0,0,0.000,60.160,0.000,0.0,0.0,0.0,0,605321.8547,17365.0221
41.914,8848,8765,Running,26,0.00,1,0,0,0,-1.0000,0.0,0,0.000,60.160,0.000,0.0,0.0,0.0,0,601882.8858,17343.2751
41.931,8834,8751,Running,26,0.00,1,0,0,0,-1.0000,0.0,0,0.000,60.160,0.000,0.0,0.0,0.0,0,602539.5836,18353.2495
41.948,8820,8736,Running,20,0.00,1,0,0,0,-1.0000,0.0,0,0.000,60.160,0.000,0.0,0.0,0.0,0,598334.9927,17037.6159
41.964,8805,8712,Running,20,0.00,1,0,0,0,-1.0000,0.0,0,0.000,60.720,0.000,0.0,0.0,0.0,0,548162.1357,17037.6159
41.981,8789,8681,Running,20,0.00,1,0,0,0,-1.0000,0.0,0,0.000,60.720,0.000,0.0,0.0,0.0,0,496133.8659,16112.8029
41.998,8769,8648,Running,20,0.00,1,0,0,0,-1.0000,0.0,0,0.000,60.720,0.000,0.0,0.0,0.0,0,470842.4982,15605.7970
42.014,8748,8612,Running,20,0.00,1,0,0,0,-1.0000,0.0,0,0.000,60.720,0.000,0.0,0.0,0.0,0,460746.4566,16492.2257
42.031,8724,8575,Running,20,0.00,1,0,0,0,-1.0000,0.0,0,0.000,60.720,0.000,0.0,0.0,0.0,0,440757.2093,15016.2092
42.047,8698,8538,Running,20,0.00,1,0,0,0,-1.0000,0.0,0,0.000,60.720,0.000,0.0,0.0,0.0,0,447359.2369,16903.9022
42.064,8671,8500,Running,20,0.00,1,0,0,0,-1.0000,0.0,0,0.000,60.720,0.000,0.0,0.0,0.0,0,428378.5400,15834.5981
42.070,8641,8463,Running,20,0.00,1,0,0,0,-1.0000,0.0,0,0.000,60.720,0.000,0.0,0.0,0.0,0,439056.9721,15834.5981
42.070,8611,8426,Running,20,0.00,1,0,0,0,-1.0000,0.0,0,0.000,60.720,0.000,0.0,0.0,0.0,0,425411.7769,16449.6596
42.070,8580,8390,Running,20,0.00,1,0,0,0,-1.0000,0.0,0,0.000,60.720,0.000,0.0,0.0,0.0,0,434499.9070,15738.4167
42.131,8548,8353,Running,18,0.00,1,0,0,0,-1.0000,0.0,0,0.000,60.720,0.000,0.0,0.0,0.0,0,430911.3670,16362.7480
42.147,8515,8314,Running,17,0.00,1,0,0,0,-1.0000,0.0,0,0.000,60.720,0.000,0.0,0.0,0.0,0,409474.8031,16990.3253
42.164,8481,8274,Running,17,0.00,1,0,0,0,-1.0000,0.0,0,0.000,60.720,0.000,0.0,0.0,0.0,0,392779.1260,15001.1296
42.181,8446,8233,Running,17,0.00,1,0,0,0,-1.0000,0.0,0,0.000,60.720,0.000,0.0,0.0,0.0,0,376766.5761,16919.1879
42.198,8410,8192,Running,17,0.00,1,0,0,0,-1.0000,0.0,0,0.000,60.960,0.000,0.0,0.0,0.0,0,367457.0945,16919.1879
42.214,8373,8150,Running,17,0.00,1,0,0,0,-1.0000,0.0,0,0.000,60.960,0.000,0.0,0.0,0.0,0,357805.5981,15933.6037
42.223,8335,8108,Running,17,0.00,1,0,0,0,-1.0000,0.0,0,0.000,60.960,0.000,0.0,0.0,0.0,0,355021.7881,15992.9929
42.248,8297,8067,Running,17,0.00,1,0,0,0,-1.0000,0.0,0,0.000,60.960,0.000,0.0,0.0,0.0,0,354853.7248,16346.2531
42.264,8259,8026,Running,17,0.00,1,0,0,0,-1.0000,0.0,0,0.000,60.960,0.000,0.0,0.0,0.0,0,352011.4091,15316.0902
42.281,8219,7985,Running,16,0.00,1,0,0,0,-1.0000,0.0,0,0.000,60.960,0.000,0.0,0.0,0.0,0,354072.1229,15855.4476
42.298,8180,7943,Running,16,0.00,1,0,0,0,-1.0000,0.0,0,0.000,60.960,0.000,0.0,0.0,0.0,0,340157.3146,15366.7959
42.314,8140,7901,Running,16,0.00,1,0,0,0,-1.0000,0.0,0,0.000,60.960,0.000,0.0,0.0,0.0,0,326663.1963,14059.4316
42.331,8100,7859,Running,16,0.00,1,0,0,0,-1.0000,0.0,0,0.000,60.960,0.000,0.0,0.0,0.0,0,323012.0626,14333.9088
42.348,8060,7816,Running,16,0.00,1,0,0,0,-1.0000,0.0,0,0.000,60.960,0.000,0.0,0.0,0.0,0,322754.8294,16380.3003
42.364,8019,7774,Running,16,0.00,1,0,0,0,-1.0000,0.0,0,0.000,60.960,0.000,0.0,0.0,0.0,0,319933.5764,15775.4452
42.381,7978,7732,Running,16,0.00,1,0,0,0,-1.0000,0.0,0,0.000,60.960,0.000,0.0,0.0,0.0,0,310471.5046,15506.7748
42.398,7937,7690,Running,16,0.00,1,0,0,0,-1.0000,0.0,0,0.000,60.960,0.000,0.0,0.0,0.0,0,317278.6491,16546.9344
42.414,7896,7649,Running,16,0.00,1,0,0,0,-1.0000,0.0,0,0.000,60.960,0.000,0.0,0.0,0.0,0,309709.8054,15976.0103
42.431,7854,7607,Running,16,0.00,1,0,0,0,-1.0000,0.0,0,0.000,60.960,0.000,0.0,0.0,0.0,0,313919.4487,16080.1959
42.448,7813,7566,Running,14,0.00,1,0,0,0,-1.0000,0.0,0,0.000,60.960,0.000,0.0,0.0,0.0,0,304316.9487,16731.1215
42.464,7772,7524,Running,15,0.00,1,0,0,0,-1.0000,0.0,0,0.000,60.720,0.000,0.0,0.0,0.0,0,298533.1453,16731.1215
42.481,7730,7482,Running,15,0.00,1,0,0,0,-1.0000,0.0,0,0.000,60.720,0.000,0.0,0.0,0.0,0,280466.5991,16228.2399
42.498,7689,7440,Running,15,0.00,1,0,0,0,-1.0000,0.0,0,0.000,60.720,0.000,0.0,0.0,0.0,0,289232.8605,17353.0025
42.514,7647,7398,Running,15,0.00,1,0,0,0,-1.0000,0.0,0,0.000,60.720,0.000,0.0,0.0,0.0,0,292288.9778,16780.6895
42.531,7606,7357,Running,15,0.00,1,0,0,0,-1.0000,0.0,0,0.000,60.720,0.000,0.0,0.0,0.0,0,286543.3571,16591.0647
42.547,7564,7316,Running,15,0.00,1,0,0,0,-1.0000,0.0,0,0.000,60.720,0.000,0.0,0.0,0.0,0,282885.7455,15193.3911
42.564,7523,7275,Running,15,0.00,1,0,0,0,-1.0000,0.0,0,0.000,60.720,0.000,0.0,0.0,0.0,0,284767.6848,15861.7488
42.581,7481,7234,Running,15,0.00,1,0,0,0,-1.0000,0.0,0,0.000,60.720,0.000,0.0,0.0,0.0,0,284821.4522,15078.9857
42.598,7440,7194,Running,15,0.00,1,0,0,0,-1.0000,0.0,0,0.000,60.720,0.000,0.0,0.0,0.0,0,286999.6594,16672.0150
42.614,7399,7154,Running,15,0.00,1,0,0,0,-1.0000,0.0,0,0.000,60.720,0.000,0.0,0.0,0.0,0,283591.2274,18112.6943
42.631,7358,7116,Running,18,0.00,1,0,0,0,-1.0000,0.0,0,0.000,60.720,0.000,0.0,0.0,0.0,0,285033.2530,16926.5704
42.648,7318,7080,Running,18,0.00,1,0,0,0,-1.0000,0.0,0,0.000,60.720,0.000,0.0,0.0,0.0,0,316219.0293,17382.9801
42.664,7279,7047,Running,18,0.00,1,0,0,0,-1.0000,0.0,0,0.000,61.040,0.000,0.0,0.0,0.0,0,339014.5120,17739.7826
42.681,7241,7016,Running,18,0.00,1,0,0,0,-1.0000,0.0,0,0.000,61.040,0.000,0.0,0.0,0.0,0,346286.4990,19549.6781
42.698,7204,6986,Running,18,0.00,1,0,0,0,-1.0000,0.0,0,0.000,61.040,0.000,0.0,0.0,0.0,0,345308.0944,18091.2110
42.714,7168,6957,Running,18,0.00,1,0,0,0,-1.0000,0.0,0,0.000,61.040,0.000,0.0,0.0,0.0,0,350853.0063,18492.7173
42.731,7133,6928,Running,18,0.00,1,0,0,0,-1.0000,0.0,0,0.000,61.040,0.000,0.0,0.0,0.0,0,359966.2038,18492.7173
42.748,7100,6900,Running,18,0.00,1,0,0,0,-1.0000,0.0,0,0.000,61.040,0.000,0.0,0.0,0.0,0,363744.6923,20022.2235
42.764,7067,6872,Running,18,0.00,1,0,0,0,-1.0000,0.0,0,0.000,61.040,0.000,0.0,0.0,0.0,0,348492.1921,19830.5266
42.781,7035,6844,Running,18,0.00,1,0,0,0,-1.0000,0.0,0,0.000,61.040,0.000,0.0,0.0,0.0,0,355735.6790,19361.7803
42.798,7003,6816,Running,18,0.00,1,0,0,0,-1.0000,0.0,0,0.000,60.720,0.000,0.0,0.0,0.0,0,355825.8314,19472.5439
42.814,6972,6789,Running,18,0.00,1,0,0,0,-1.0000,0.0,0,0.000,60.720,0.000,0.0,0.0,0.0,0,343311.5140,19332.1040
42.831,6942,6761,Running,18,0.00,1,0,0,0,-1.0000,0.0,0,0.000,60.720,0.000,0.0,0.0,0.0,0,357112.4323,18151.4553
42.848,6912,6734,Running,18,0.00,1,0,0,0,-1.0000,0.0,0,0.000,60.720,0.000,0.0,0.0,0.0,0,339339.5486,16643.1619
42.864,6882,6707,Running,18,0.00,1,0,0,0,-1.0000,0.0,0,0.000,60.720,0.000,0.0,0.0,0.0,0,355983.9096,19131.9435
42.881,6853,6680,Running,18,0.00,1,0,0,0,-1.0000,0.0,0,0.000,60.720,0.000,0.0,0.0,0.0,0,340501.4258,19131.9435
42.898,6824,6653,Running,18,0.00,1,0,0,0,-1.0000,0.0,0,0.000,60.720,0.000,0.0,0.0,0.0,0,350440.0166,17817.1368
42.914,6796,6627,Running,18,0.00,1,0,0,0,-1.0000,0.0,0,0.000,60.720,0.000,0.0,0.0,0.0,0,344388.9481,17665.4931
42.931,6768,6601,Running,18,0.00,1,0,0,0,-1.0000,0.0,0,0.000,60.720,0.000,0.0,0.0,0.0,0,342400.7183,17224.6829
42.948,6740,6575,Running,18,0.00,1,0,0,0,-1.0000,0.0,0,0.000,60.720,0.000,0.0,0.0,0.0,0,353548.2374,17885.6958
42.964,6713,6550,Running,18,0.00,1,0,0,0,-1.0000,0.0,0,0.000,60.720,0.000,0.0,0.0,0.0,0,344340.0838,16910.6832
42.981,6686,6526,Running,18,0.00,1,0,0,0,-1.0000,0.0,0,0.000,60.480,0.000,0.0,0.0,0.0,0,347376.9902,16925.1923
42.998,6660,6502,Running,18,0.00,1,0,0,0,-1.0000,0.0,0,0.000,60.480,0.000,0.0,0.0,0.0,0,351700.8570,17406.9874
43.014,6633,6478,Running,18,0.00,1,0,0,0,-1.0000,0.0,0,0.000,60.480,0.000,0.0,0.0,0.0,0,348991.1209,18293.0209
43.031,6608,6453,Running,18,0.00,1,0,0,0,-1.0000,0.0,0,0.000,60.480,0.000,0.0,0.0,0.0,0,338050.8617,17513.5829
43.048,6582,6429,Running,18,0.00,1,0,0,0,-1.0000,0.0,0,0.000,60.480,0.000,0.0,0.0,0.0,0,337560.4557,17800.2620
43.064,6557,6405,Running,18,0.00,1,0,0,0,-1.0000,0.0,0,0.000,60.480,0.000,0.0,0.0,0.0,0,338684.4127,16337.2970
43.081,6531,6381,Running,18,0.00,1,0,0,0,-1.0000,0.0,0,0.000,60.480,0.000,0.0,0.0,0.0,0,340785.8819,17638.3640
43.097,6506,6357,Running,18,0.00,1,0,0,0,-1.0000,0.0,0,0.000,60.480,0.000,0.0,0.0,0.0,0,342030.1843,17093.5696
43.114,6482,6334,Running,18,0.00,1,0,0,0,-1.0000,0.0,0,0.000,60.480,0.000,0.0,0.0,0.0,0,340397.4951,17093.5696
43.131,6457,6311,Running,18,0.00,1,0,0,0,-1.0000,0.0,0,0.000,60.480,0.000,0.0,0.0,0.0,0,337795.4685,16784.0176
43.148,6433,6288,Running,17,0.00,1,0,0,0,-1.0000,0.0,0,0.000,60.480,0.000,0.0,0.0,0.0,0,339001.4323,17567.3257
43.164,6408,6264,Running,16,0.00,1,0,0,0,-1.0000,0.0,0,0.000,60.480,0.000,0.0,0.0,0.0,0,333378.2515,17670.8315
43.181,6384,6240,Running,16,0.00,1,0,0,0,-1.0000,0.0,0,0.000,60.480,0.000,0.0,0.0,0.0,0,324161.7927,17795.3611
43.198,6360,6214,Running,15,0.00,1,0,0,0,-1.0000,0.0,0,0.000,60.480,0.000,0.0,0.0,0.0,0,313888.4696,16983.2634
43.214,6336,6187,Running,15,0.00,1,0,0,0,-1.0000,0.0,0,0.000,60.480,0.000,0.0,0.0,0.0,0,304558.5550,17424.7653
43.231,6311,6160,Running,15,0.00,1,0,0,0,-1.0000,0.0,0,0.000,60.480,0.000,0.0,0.0,0.0,0,297035.3989,16930.2314
43.248,6285,6131,Running,15,0.00,1,0,0,0,-1.0000,0.0,0,0.000,60.480,0.000,0.0,0.0,0.0,0,289517.0369,18476.7320
43.264,6259,6102,Running,15,0.00,1,0,0,0,-1.0000,0.0,0,0.000,60.480,0.000,0.0,0.0,0.0,0,286455.4970,17227.3849
43.281,6233,6073,Running,15,0.00,1,0,0,0,-1.0000,0.0,0,0.000,60.480,0.000,0.0,0.0,0.0,0,285547.8054,18306.7220
43.298,6206,6044,Running,15,0.00,1,0,0,0,-1.0000,0.0,0,0.000,60.480,0.000,0.0,0.0,0.0,0,273388.6980,18347.2926
43.314,6179,6015,Running,15,0.00,1,0,0,0,-1.0000,0.0,0,0.000,60.480,0.000,0.0,0.0,0.0,0,271498.8608,18779.9505
43.331,6151,5986,Running,15,0.00,1,0,0,0,-1.0000,0.0,0,0.000,60.480,0.000,0.0,0.0,0.0,0,280130.8385,18461.0734
43.348,6123,5957,Running,14,0.00,1,0,0,0,-1.0000,0.0,0,0.000,60.480,0.000,0.0,0.0,0.0,0,270216.6873,18636.3016
43.364,6096,5928,Running,13,0.00,1,0,0,0,-1.0000,0.0,0,0.000,60.480,0.000,0.0,0.0,0.0,0,267843.5394,18828.5032
43.381,6067,5898,Running,13,0.00,1,0,0,0,-1.0000,0.0,0,0.000,60.240,0.000,0.0,0.0,0.0,0,265793.9722,18828.5032
43.398,6039,5867,Running,13,0.00,1,0,0,0,-1.0000,0.0,0,0.000,60.240,0.000,0.0,0.0,0.0,0,240798.2168,19273.5387
43.414,6010,5834,Running,13,0.00,1,0,0,0,-1.0000,0.0,0,0.000,60.240,0.000,0.0,0.0,0.0,0,245241.8870,20268.8911
43.431,5980,5802,Running,13,0.00,1,0,0,0,-1.0000,0.0,0,0.000,60.240,0.000,0.0,0.0,0.0,0,229201.0381,19308.4304
43.448,5950,5769,Running,13,0.00,1,0,0,0,-1.0000,0.0,0,0.000,60.240,0.000,0.0,0.0,0.0,0,236269.4398,19871.8700
43.464,5920,5736,Running,13,0.00,1,0,0,0,-1.0000,0.0,0,0.000,60.240,0.000,0.0,0.0,0.0,0,218627.9313,18301.1442
43.481,5889,5703,Running,13,0.00,1,0,0,0,-1.0000,0.0,0,0.000,60.240,0.000,0.0,0.0,0.0,0,226546.7657,19042.5633
43.498,5858,5670,Running,13,0.00,1,0,0,0,-1.0000,0.0,0,0.000,60.240,0.000,0.0,0.0,0.0,0,227315.0447,19042.5633
43.514,5826,5638,Running,13,0.00,1,0,0,0,-1.0000,0.0,0,0.000,60.240,0.000,0.0,0.0,0.0,0,218878.4671,19254.5537
43.531,5795,5606,Running,13,0.00,1,0,0,0,-1.0000,0.0,0,0.000,60.240,0.000,0.0,0.0,0.0,0,223341.9021,18280.3021
43.548,5763,5573,Running,9,0.00,1,0,0,0,-1.0000,0.0,0,0.000,60.240,0.000,0.0,0.0,0.0,0,225468.6500,18193.8328
43.564,5731,5540,Running,8,0.00,1,0,0,0,-1.0000,0.0,0,0.000,60.160,0.000,0.0,0.0,0.0,0,201508.0407,18417.0240
43.581,5699,5505,Running,8,0.00,1,0,0,0,-1.0000,0.0,0,0.000,60.160,0.000,0.0,0.0,0.0,0,167712.1456,17086.4070
43.598,5666,5469,Running,8,0.00,1,0,0,0,-1.0000,0.0,0,0.000,60.160,0.000,0.0,0.0,0.0,0,146433.0847,18405.4197
43.614,5633,5431,Running,8,0.00,1,0,0,0,-1.0000,0.0,0,0.000,60.160,0.000,0.0,0.0,0.0,0,129101.7533,17381.4916
43.631,5599,5394,Running,8,0.00,1,0,0,0,-1.0000,0.0,0,0.000,60.160,0.000,0.0,0.0,0.0,0,115184.7851,17595.1096
43.648,5564,5355,Running,8,0.00,1,0,0,0,-1.0000,0.0,0,0.000,60.160,0.000,0.0,0.0,0.0,0,107518.6884,17560.1379
43.664,5529,5316,Running,8,0.00,1,0,0,0,-1.0000,0.0,0,0.000,60.160,0.000,0.0,0.0,0.0,0,101565.3489,17338.1116
43.681,5493,5277,Running,8,0.00,1,0,0,0,-1.0000,0.0,0,0.000,60.160,0.000,0.0,0.0,0.0,0,100565.4195,17155.9313
43.698,5457,5238,Running,8,0.00,1,0,0,0,-1.0000,0.0,0,0.000,60.160,0.000,0.0,0.0,0.0,0,100065.9083,17231.2215
43.714,5420,5199,Running,8,0.00,1,0,0,0,-1.0000,0.0,0,0.000,60.160,0.000,0.0,0.0,0.0,0,99957.4252,16902.4980
43.731,5383,5161,Running,7,0.00,1,0,0,0,-1.0000,0.0,0,0.000,60.160,0.000,0.0,0.0,0.0,0,93828.5130,16902.4980
43.748,5346,5122,Running,6,0.00,1,0,0,0,-1.0000,0.0,0,0.000,60.160,0.000,0.0,0.0,0.0,0,89236.6312,16794.5402
43.764,5308,5083,Running,6,0.00,1,0,0,0,-1.0000,0.0,0,0.000,59.920,0.000,0.0,0.0,0.0,0,96922.1250,17185.2943
43.781,5271,5044,Running,6,0.00,1,0,0,0,-1.0000,0.0,0,0.000,59.920,0.000,0.0,0.0,0.0,0,86239.0594,16792.8216
43.797,5233,5004,Running,6,0.00,1,0,0,0,-1.0000,0.0,0,0.000,59.920,0.000,0.0,0.0,0.0,0,77585.8648,16998.0368
43.814,5194,4965,Running,6,0.00,1,0,0,0,-1.0000,0.0,0,0.000,59.920,0.000,0.0,0.0,0.0,0,88471.4261,16088.4550
43.831,5156,4925,Running,6,0.00,1,0,0,0,-1.0000,0.0,0,0.000,59.920,0.000,0.0,0.0,0.0,0,69326.0992,16308.3711
43.847,5117,4886,Running,5,0.00,1,0,0,0,-1.0000,0.0,0,0.000,59.920,0.000,0.0,0.0,0.0,0,88039.2392,16108.7006
43.864,5078,4846,Running,5,0.00,1,0,0,0,-1.0000,0.0,0,0.000,59.920,0.000,0.0,0.0,0.0,0,68270.4838,16063.7203
43.881,5040,4806,Running,5,0.00,1,0,0,0,-1.0000,0.0,0,0.000,59.280,0.000,0.0,0.0,0.0,0,75771.5846,17167.0707
43.898,5000,4766,Running,4,0.00,1,0,0,0,-1.0000,0.0,0,0.000,59.280,0.000,0.0,0.0,0.0,0,75687.6799,15275.9264
43.914,4961,4726,Running,4,0.00,1,0,0,0,-1.0000,0.0,0,0.000,59.280,0.000,0.0,0.0,0.0,0,61663.1305,15275.9264
43.931,4922,4686,Running,4,0.00,1,0,0,0,-1.0000,0.0,0,0.000,59.280,0.000,0.0,0.0,0.0,0,62223.7419,15900.1271
43.948,4883,4647,Running,4,0.00,1,0,0,0,-1.0000,0.0,0,0.000,59.280,0.000,0.0,0.0,0.0,0,71300.0559,15955.3045
43.964,4843,4607,Running,4,0.00,1,0,0,0,-1.0000,0.0,0,0.000,59.280,0.000,0.0,0.0,0.0,0,69123.3201,15901.1870
43.981,4804,4568,Running,4,0.00,1,0,0,0,-1.0000,0.0,0,0.000,59.280,0.000,0.0,0.0,0.0,0,64951.1879,15434.7358
43.997,4764,4528,Running,4,0.00,1,0,0,0,-1.0000,0.0,0,0.000,59.280,0.000,0.0,0.0,0.0,0,63068.1953,17171.1471
44.014,4725,4489,Running,4,0.00,1,0,0,0,-1.0000,0.0,0,0.000,59.280,0.000,0.0,0.0,0.0,0,63984.5263,16345.4347
44.031,4686,4450,Running,4,0.00,1,0,0,0,-1.0000,0.0,0,0.000,59.280,0.000,0.0,0.0,0.0,0,62495.2223,16345.4347
44.048,4646,4411,Running,2,0.00,1,0,0,0,-1.0000,0.0,0,0.000,59.280,0.000,0.0,0.0,0.0,0,60773.9574,16556.3334
44.061,4607,4372,Running,2,0.00,1,0,0,0,-1.0000,0.0,0,0.000,59.280,0.000,0.0,0.0,0.0,0,60711.1226,18152.6099
44.081,4568,4334,Running,2,0.00,1,0,0,0,-1.0000,0.0,0,0.000,58.400,0.000,0.0,0.0,0.0,0,57077.2602,16794.3373
44.098,4529,4295,Running,2,0.00,1,0,0,0,-1.0000,0.0,0,0.000,58.320,0.000,0.0,0.0,0.0,0,51612.3354,16837.1062
44.116,4490,4256,Running,2,0.00,1,0,0,0,-1.0000,0.0,0,0.000,58.320,0.000,0.0,0.0,0.0,0,59466.8116,15434.0353
44.131,4451,4217,Running,2,0.00,1,0,0,0,-1.0000,0.0,0,0.000,58.320,0.000,0.0,0.0,0.0,0,58935.5289,17206.1220
44.148,4412,4178,Running,2,0.00,1,0,0,0,-1.0000,0.0,0,0.000,58.320,0.000,0.0,0.0,0.0,0,46736.6971,16909.7357
44.164,4373,4140,Running,2,0.00,1,0,0,0,-1.0000,0.0,0,0.000,58.320,0.000,0.0,0.0,0.0,0,51879.1584,16871.9515
44.181,4334,4101,Running,2,0.00,1,0,0,0,-1.0000,0.0,0,0.000,58.320,0.000,0.0,0.0,0.0,0,55502.9189,16702.4343
44.198,4295,4063,Running,2,0.00,1,0,0,0,-1.0000,0.0,0,0.000,58.320,0.000,0.0,0.0,0.0,0,41951.2832,15089.3620
44.214,4256,4024,Running,3,0.00,1,0,0,0,-1.0000,0.0,0,0.000,58.320,0.000,0.0,0.0,0.0,0,59274.8870,15850.8469
44.231,4218,3986,Running,3,0.00,1,0,0,0,-1.0000,0.0,0,0.000,58.320,0.000,0.0,0.0,0.0,0,40130.8906,14348.9525
44.248,4179,3949,Running,3,0.00,1,0,0,0,-1.0000,0.0,0,0.000,58.320,0.000,0.0,0.0,0.0,0,58213.0139,15703.3473
44.264,4141,3912,Running,3,0.00,1,0,0,0,-1.0000,0.0,0,0.000,58.320,0.000,0.0,0.0,0.0,0,52272.0891,14049.4053
44.281,4103,3875,Running,3,0.00,1,0,0,0,-1.0000,0.0,0,0.000,58.320,0.000,0.0,0.0,0.0,0,44264.2364,16525.6883
44.298,4065,3839,Running,3,0.00,1,0,0,0,-1.0000,0.0,0,0.000,58.320,0.000,0.0,0.0,0.0,0,60724.5260,17699.8794
44.314,4027,3803,Running,3,0.00,1,0,0,0,-1.0000,0.0,0,0.000,58.320,0.000,0.0,0.0,0.0,0,54959.4785,16544.0602
44.331,3990,3767,Running,3,0.00,1,0,0,0,-1.0000,0.0,0,0.000,58.320,0.000,0.0,0.0,0.0,0,48013.5214,16337.7554
44.348,3953,3732,Running,3,0.00,1,0,0,0,-1.0000,0.0,0,0.000,58.320,0.000,0.0,0.0,0.0,0,49292.6441,17994.7881
44.364,3916,3697,Running,3,0.00,1,0,0,0,-1.0000,0.0,0,0.000,58.320,0.000,0.0,0.0,0.0,0,57151.7059,17018.3739
44.381,3880,3662,Running,3,0.00,1,0,0,0,-1.0000,0.0,0,0.000,58.320,0.000,0.0,0.0,0.0,0,56293.6724,16699.3490
44.398,3844,3628,Running,3,0.00,1,0,0,0,-1.0000,0.0,0,0.000,58.320,0.000,0.0,0.0,0.0,0,54018.1926,17551.4646
44.414,3808,3594,Running,3,0.00,1,0,0,0,-1.0000,0.0,0,0.000,58.320,0.000,0.0,0.0,0.0,0,54226.4483,16685.8321
44.431,3772,3560,Running,3,0.00,1,0,0,0,-1.0000,0.0,0,0.000,58.320,0.000,0.0,0.0,0.0,0,53948.1464,17356.7876
44.448,3737,3526,Running,3,0.00,1,0,0,0,-1.0000,0.0,0,0.000,58.320,0.000,0.0,0.0,0.0,0,52047.7292,15753.6029
44.464,3702,3493,Running,3,0.00,1,0,0,0,-1.0000,0.0,0,0.000,56.320,0.000,0.0,0.0,0.0,0,51144.2637,17199.4638
44.481,3667,3460,Running,3,0.00,1,0,0,0,-1.0000,0.0,0,0.000,56.320,0.000,0.0,0.0,0.0,0,50768.2117,14118.9043
44.498,3633,3427,Running,3,0.00,1,0,0,0,-1.0000,0.0,0,0.000,56.320,0.000,0.0,0.0,0.0,0,55153.4114,16571.6464
44.514,3598,3395,Running,3,0.00,1,0,0,0,-1.0000,0.0,0,0.000,56.320,0.000,0.0,0.0,0.0,0,59958.8709,15048.3779
44.531,3564,3362,Running,3,0.00,1,0,0,0,-1.0000,0.0,0,0.000,56.320,0.000,0.0,0.0,0.0,0,52307.2235,15048.3779
44.547,3531,3331,Running,3,0.00,1,0,0,0,-1.0000,0.0,0,0.000,56.320,0.000,0.0,0.0,0.0,0,46494.1798,15199.2832
44.561,3498,3299,Running,3,0.00,1,0,0,0,-1.0000,0.0,0,0.000,56.320,0.000,0.0,0.0,0.0,0,53222.4061,14748.8586
44.561,3465,3268,Running,3,0.00,1,0,0,0,-1.0000,0.0,0,0.000,56.320,0.000,0.0,0.0,0.0,0,60623.6493,12698.4101
44.598,3432,3237,Running,3,0.00,1,0,0,0,-1.0000,0.0,0,0.000,56.320,0.000,0.0,0.0,0.0,0,43782.1833,16814.2701
44.614,3399,3206,Running,3,0.00,1,0,0,0,-1.0000,0.0,0,0.000,56.320,0.000,0.0,0.0,0.0,0,55482.6604,16819.3274
44.631,3367,3175,Running,4,0.00,1,0,0,0,-1.0000,0.0,0,0.000,56.320,0.000,0.0,0.0,0.0,0,49143.4582,19647.2036
44.648,3335,3144,Running,4,0.00,1,0,0,0,-1.0000,0.0,0,0.000,56.320,0.000,0.0,0.0,0.0,0,50391.9333,17081.1846
44.664,3303,3114,Running,4,0.00,1,0,0,0,-1.0000,0.0,0,0.000,54.800,0.000,0.0,0.0,0.0,0,51110.1466,18911.8470
44.681,3272,3084,Running,4,0.00,1,0,0,0,-1.0000,0.0,0,0.000,54.800,0.000,0.0,0.0,0.0,0,52756.7558,18911.8470
44.698,3241,3055,Running,4,0.00,1,0,0,0,-1.0000,0.0,0,0.000,54.800,0.000,0.0,0.0,0.0,0,46153.3312,19849.9188
44.714,3210,3026,Running,4,0.00,1,0,0,0,-1.0000,0.0,0,0.000,54.800,0.000,0.0,0.0,0.0,0,59545.1587,19969.9326
44.723,3179,2998,Running,3,0.00,1,0,0,0,-1.0000,0.0,0,0.000,54.800,0.000,0.0,0.0,0.0,0,45612.9641,16631.6944
44.723,3149,2970,Running,3,0.00,1,0,0,0,-1.0000,0.0,0,0.000,54.800,0.000,0.0,0.0,0.0,0,53208.1537,19004.1191
44.723,3119,2942,Running,3,0.00,1,0,0,0,-1.0000,0.0,0,0.000,54.800,0.000,0.0,0.0,0.0,0,58353.3768,18687.9425
44.781,3090,2914,Running,6,0.00,1,0,0,0,-1.0000,0.0,0,0.000,54.800,0.000,0.0,0.0,0.0,0,47741.1169,19644.0077
44.798,3061,2886,Running,6,0.00,1,0,0,0,-1.0000,0.0,0,0.000,54.800,0.000,0.0,0.0,0.0,0,45478.2407,18649.2715
44.814,3032,2860,Running,6,0.00,1,0,0,0,-1.0000,0.0,0,0.000,54.800,0.000,0.0,0.0,0.0,0,55258.9365,17944.3208
44.831,3003,2834,Running,6,0.00,1,0,0,0,-1.0000,0.0,0,0.000,54.800,0.000,0.0,0.0,0.0,0,59620.4754,20559.3042
44.848,2975,2810,Running,6,0.00,1,0,0,0,-1.0000,0.0,0,0.000,54.800,0.000,0.0,0.0,0.0,0,58513.5208,20087.9059
44.864,2948,2786,Running,6,0.00,1,0,0,0,-1.0000,0.0,0,0.000,54.800,0.000,0.0,0.0,0.0,0,61026.1178,20509.3535
44.881,2921,2762,Running,6,0.00,1,0,0,0,-1.0000,0.0,0,0.000,54.800,0.000,0.0,0.0,0.0,0,59279.1058,20504.8912
44.898,2895,2740,Running,6,0.00,1,0,0,0,-1.0000,0.0,0,0.000,54.800,0.000,0.0,0.0,0.0,0,62143.8938,19936.4831
44.916,2869,2717,Running,6,0.00,1,0,0,0,-1.0000,0.0,0,0.000,54.800,0.000,0.0,0.0,0.0,0,61435.9998,19936.4831
44.931,2844,2696,Running,9,0.00,1,0,0,0,-1.0000,0.0,0,0.000,54.800,0.000,0.0,0.0,0.0,0,64660.2397,20694.6937
44.948,2820,2675,Running,9,0.00,1,0,0,0,-1.0000,0.0,0,0.000,54.800,0.000,0.0,0.0,0.0,0,67727.0381,21420.0755
44.964,2796,2656,Running,9,0.00,1,0,0,0,-1.0000,0.0,0,0.000,53.280,0.000,0.0,0.0,0.0,0,70505.2888,20359.6109
44.981,2773,2638,Running,10,0.00,1,0,0,0,-1.0000,0.0,0,0.000,53.280,0.000,0.0,0.0,0.0,0,76564.2844,20807.5555
44.998,2751,2621,Running,10,0.00,1,0,0,0,-1.0000,0.0,0,0.000,53.280,0.000,0.0,0.0,0.0,0,82801.6005,21529.9491
45.014,2730,2606,Running,10,0.00,1,0,0,0,-1.0000,0.0,0,0.000,53.280,0.000,0.0,0.0,0.0,0,86463.1766,21780.6045
45.031,2709,2592,Running,10,0.00,1,0,0,0,-1.0000,0.0,0,0.000,53.280,0.000,0.0,0.0,0.0,0,86416.3311,21258.3545
45.048,2690,2579,Running,10,0.00,1,0,0,0,-1.0000,0.0,0,0.000,53.280,0.000,0.0,0.0,0.0,0,88440.5171,21917.1255
45.064,2672,2567,Running,10,0.00,1,0,0,0,-1.0000,0.0,0,0.000,53.280,0.000,0.0,0.0,0.0,0,93251.3270,21917.1255
45.081,2655,2556,Running,10,0.00,1,0,0,0,-1.0000,0.0,0,0.000,53.280,0.000,0.0,0.0,0.0,0,98393.6127,22334.4682
45.098,2639,2546,Running,10,0.00,1,0,0,0,-1.0000,0.0,0,0.000,53.280,0.000,0.0,0.0,0.0,0,103989.2231,21554.8696
45.114,2624,2537,Running,12,0.00,1,0,0,0,-1.0000,0.0,0,0.000,53.280,0.000,0.0,0.0,0.0,0,103815.1826,21220.2746
45.131,2610,2529,Running,12,0.00,1,0,0,0,-1.0000,0.0,0,0.000,53.280,0.000,0.0,0.0,0.0,0,100912.0147,21954.8743
45.148,2597,2522,Running,12,0.00,1,0,0,0,-1.0000,0.0,0,0.000,53.280,0.000,0.0,0.0,0.0,0,100776.2443,19591.3565
45.164,2585,2516,Running,12,0.00,1,0,0,0,-1.0000,0.0,0,0.000,53.280,0.000,0.0,0.0,0.0,0,112363.6980,22140.6602
45.181,2574,2512,Running,12,0.00,1,0,0,0,-1.0000,0.0,0,0.000,53.280,0.000,0.0,0.0,0.0,0,122767.5655,21378.8894
45.198,2564,2511,Running,12,0.00,1,0,0,0,-1.0000,0.0,0,0.000,53.280,0.000,0.0,0.0,0.0,0,130488.4520,21922.9949
45.214,2556,2510,Running,12,0.00,1,0,0,0,-1.0000,0.0,0,0.000,53.280,0.000,0.0,0.0,0.0,0,117767.5986,22763.2380
45.231,2549,2509,Running,12,0.00,1,0,0,0,-1.0000,0.0,0,0.000,53.280,0.000,0.0,0.0,0.0,0,119556.6165,21566.2822
45.248,2543,2508,Running,12,0.00,1,0,0,0,-1.0000,0.0,0,0.000,53.280,0.000,0.0,0.0,0.0,0,128931.1849,22301.8685
45.264,2537,2508,Running,12,0.00,1,0,0,0,-1.0000,0.0,0,0.000,53.280,0.000,0.0,0.0,0.0,0,138627.5519,22250.8063
45.281,2533,2511,Running,12,0.00,1,0,0,0,-1.0000,0.0,0,0.000,53.280,0.000,0.0,0.0,0.0,0,139430.5113,21876.0476
45.298,2530,2513,Running,12,0.00,1,0,0,0,-1.0000,0.0,0,0.000,53.280,0.000,0.0,0.0,0.0,0,122105.4081,20781.9230
45.314,2527,2515,Running,12,0.00,1,0,0,0,-1.0000,0.0,0,0.000,53.280,0.000,0.0,0.0,0.0,0,129791.2626,21987.7125
45.331,2526,2517,Running,12,0.00,1,0,0,0,-1.0000,0.0,0,0.000,53.280,0.000,0.0,0.0,0.0,0,135886.8305,21987.7125
45.348,2524,2519,Running,12,0.00,1,0,0,0,-1.0000,0.0,0,0.000,51.680,0.000,0.0,0.0,0.0,0,144789.7798,21751.9509
45.364,2524,2523,Running,12,0.00,1,0,0,0,-1.0000,0.0,0,0.000,51.680,0.000,0.0,0.0,0.0,0,142927.5037,22073.1683
45.381,2524,2525,Running,12,0.00,1,0,0,0,-1.0000,0.0,0,0.000,51.680,0.000,0.0,0.0,0.0,0,123537.2785,22477.6939
45.398,2524,2529,Running,12,0.00,1,0,0,0,-1.0000,0.0,0,0.000,51.680,0.000,0.0,0.0,0.0,0,131754.1788,21114.0569
45.414,2525,2532,Running,12,0.00,1,0,0,0,-1.0000,0.0,0,0.000,51.680,0.000,0.0,0.0,0.0,0,138829.3726,21441.5969
45.431,2527,2536,Running,12,0.00,1,0,0,0,-1.0000,0.0,0,0.000,51.680,0.000,0.0,0.0,0.0,0,145339.2819,21895.6723
45.448,2528,2539,Running,12,0.00,1,0,0,0,-1.0000,0.0,0,0.000,51.680,0.000,0.0,0.0,0.0,0,146414.8629,21895.6723
45.464,2530,2544,Running,12,0.00,1,0,0,0,-1.0000,0.0,0,0.000,51.680,0.000,0.0,0.0,0.0,0,134854.5508,22361.7273
45.481,2533,2547,Running,12,0.00,1,0,0,0,-1.0000,0.0,0,0.000,51.680,0.000,0.0,0.0,0.0,0,128461.3853,21052.8671
45.498,2535,2550,Running,12,0.00,1,0,0,0,-1.0000,0.0,0,0.000,51.680,0.000,0.0,0.0,0.0,0,135080.2566,21520.8739
45.514,2538,2554,Running,12,0.00,1,0,0,0,-1.0000,0.0,0,0.000,51.680,0.000,0.0,0.0,0.0,0,140947.7628,22452.0557
45.531,2541,2558,Running,12,0.00,1,0,0,0,-1.0000,0.0,0,0.000,51.680,0.000,0.0,0.0,0.0,0,145338.1101,21122.9145
45.548,2544,2561,Running,12,0.00,1,0,0,0,-1.0000,0.0,0,0.000,51.200,0.000,0.0,0.0,0.0,0,144779.4176,21580.2036
45.564,2547,2564,Running,12,0.00,1,0,0,0,-1.0000,0.0,0,0.000,51.200,0.000,0.0,0.0,0.0,0,138517.2596,21580.2036
45.581,2550,2568,Running,12,0.00,1,0,0,0,-1.0000,0.0,0,0.000,51.200,0.000,0.0,0.0,0.0,0,127789.4367,21027.1056
45.598,2553,2571,Running,12,0.00,1,0,0,0,-1.0000,0.0,0,0.000,51.200,0.000,0.0,0.0,0.0,0,131225.9767,21418.3954
45.614,2556,2574,Running,12,0.00,1,0,0,0,-1.0000,0.0,0,0.000,51.200,0.000,0.0,0.0,0.0,0,134887.4987,21449.8303
45.631,2559,2576,Running,12,0.00,1,0,0,0,-1.0000,0.0,0,0.000,51.200,0.000,0.0,0.0,0.0,0,136677.9540,21892.5040
45.648,2561,2578,Running,12,0.00,1,0,0,0,-1.0000,0.0,0,0.000,51.200,0.000,0.0,0.0,0.0,0,139401.2752,21252.2069
45.664,2564,2581,Running,12,0.00,1,0,0,0,-1.0000,0.0,0,0.000,51.200,0.000,0.0,0.0,0.0,0,142129.6615,21571.5125
45.681,2567,2584,Running,12,0.00,1,0,0,0,-1.0000,0.0,0,0.000,51.200,0.000,0.0,0.0,0.0,0,141336.2843,20670.5262
45.698,2570,2587,Running,11,0.00,1,0,0,0,-1.0000,0.0,0,0.000,51.200,0.000,0.0,0.0,0.0,0,130158.9342,22197.3215
45.714,2573,2589,Running,11,0.00,1,0,0,0,-1.0000,0.0,0,0.000,51.200,0.000,0.0,0.0,0.0,0,127208.4919,22197.3215
45.731,2575,2591,Running,11,0.00,1,0,0,0,-1.0000,0.0,0,0.000,50.560,0.000,0.0,0.0,0.0,0,128385.3312,21411.8548
45.748,2578,2592,Running,11,0.00,1,0,0,0,-1.0000,0.0,0,0.000,50.560,0.000,0.0,0.0,0.0,0,130249.2143,21775.6274
45.764,2580,2593,Running,11,0.00,1,0,0,0,-1.0000,0.0,0,0.000,50.560,0.000,0.0,0.0,0.0,0,132289.9157,21004.1705
45.781,2582,2594,Running,11,0.00,1,0,0,0,-1.0000,0.0,0,0.000,50.560,0.000,0.0,0.0,0.0,0,131658.0968,21223.7217
45.798,2584,2594,Running,11,0.00,1,0,0,0,-1.0000,0.0,0,0.000,50.560,0.000,0.0,0.0,0.0,0,131839.1336,21202.9599
45.814,2586,2595,Running,11,0.00,1,0,0,0,-1.0000,0.0,0,0.000,50.560,0.000,0.0,0.0,0.0,0,132599.7664,20841.1946
45.831,2587,2595,Running,11,0.00,1,0,0,0,-1.0000,0.0,0,0.000,50.560,0.000,0.0,0.0,0.0,0,129454.8990,21379.4495
45.848,2589,2595,Running,11,0.00,1,0,0,0,-1.0000,0.0,0,0.000,50.560,0.000,0.0,0.0,0.0,0,121634.6400,21299.4941
45.864,2590,2595,Running,11,0.00,1,0,0,0,-1.0000,0.0,0,0.000,50.560,0.000,0.0,0.0,0.0,0,118022.2269,20363.3483
45.881,2590,2594,Running,11,0.00,1,0,0,0,-1.0000,0.0,0,0.000,50.560,0.000,0.0,0.0,0.0,0,119316.2833,20843.8098
45.898,2591,2593,Running,10,0.00,1,0,0,0,-1.0000,0.0,0,0.000,50.560,0.000,0.0,0.0,0.0,0,122226.5364,21163.0834
45.914,2591,2593,Running,10,0.00,1,0,0,0,-1.0000,0.0,0,0.000,50.560,0.000,0.0,0.0,0.0,0,124711.5198,21418.9216
45.931,2591,2592,Running,10,0.00,1,0,0,0,-1.0000,0.0,0,0.000,50.560,0.000,0.0,0.0,0.0,0,125178.7365,21091.2226
45.948,2591,2591,Running,10,0.00,1,0,0,0,-1.0000,0.0,0,0.000,50.560,0.000,0.0,0.0,0.0,0,126552.1247,21091.2226
45.964,2591,2589,Running,10,0.00,1,0,0,0,-1.0000,0.0,0,0.000,50.560,0.000,0.0,0.0,0.0,0,123291.2083,21287.3969
45.981,2591,2588,Running,10,0.00,1,0,0,0,-1.0000,0.0,0,0.000,50.560,0.000,0.0,0.0,0.0,0,120343.1769,21443.8850
45.998,2590,2585,Running,10,0.00,1,0,0,0,-1.0000,0.0,0,0.000,50.560,0.000,0.0,0.0,0.0,0,111792.0012,21116.6334
46.014,2589,2583,Running,10,0.00,1,0,0,0,-1.0000,0.0,0,0.000,50.560,0.000,0.0,0.0,0.0,0,107079.0149,20862.0141
46.031,2588,2579,Running,10,0.00,1,0,0,0,-1.0000,0.0,0,0.000,50.560,0.000,0.0,0.0,0.0,0,108121.3033,18949.1938
46.048,2586,2576,Running,10,0.00,1,0,0,0,-1.0000,0.0,0,0.000,49.760,0.000,0.0,0.0,0.0,0,110291.7610,21801.6044
46.064,2584,2572,Running,10,0.00,1,0,0,0,-1.0000,0.0,0,0.000,49.760,0.000,0.0,0.0,0.0,0,112514.5884,20371.8876
46.081,2582,2568,Running,10,0.00,1,0,0,0,-1.0000,0.0,0,0.000,49.760,0.000,0.0,0.0,0.0,0,112104.1309,21089.0822
46.098,2580,2564,Running,10,0.00,1,0,0,0,-1.0000,0.0,0,0.000,49.760,0.000,0.0,0.0,0.0,0,112824.9735,21089.0822
46.114,2577,2560,Running,10,0.00,1,0,0,0,-1.0000,0.0,0,0.000,49.760,0.000,0.0,0.0,0.0,0,110028.7592,21578.0967
46.131,2574,2556,Running,10,0.00,1,0,0,0,-1.0000,0.0,0,0.000,49.760,0.000,0.0,0.0,0.0,0,99890.7449,21049.7399
46.148,2571,2551,Running,10,0.00,1,0,0,0,-1.0000,0.0,0,0.000,49.760,0.000,0.0,0.0,0.0,0,99110.7697,21253.5628
46.164,2567,2546,Running,10,0.00,1,0,0,0,-1.0000,0.0,0,0.000,49.760,0.000,0.0,0.0,0.0,0,104147.5038,21688.8762
46.181,2564,2542,Running,10,0.00,1,0,0,0,-1.0000,0.0,0,0.000,49.760,0.000,0.0,0.0,0.0,0,107805.9753,20538.5833
46.184,2560,2537,Running,10,0.00,1,0,0,0,-1.0000,0.0,0,0.000,49.760,0.000,0.0,0.0,0.0,0,110808.1719,21634.9987
46.214,2556,2533,Running,12,0.00,1,0,0,0,-1.0000,0.0,0,0.000,49.760,0.000,0.0,0.0,0.0,0,107377.6909,21634.9987
46.231,2552,2529,Running,12,0.00,1,0,0,0,-1.0000,0.0,0,0.000,49.760,0.000,0.0,0.0,0.0,0,98227.0231,21550.5015
46.248,2548,2526,Running,12,0.00,1,0,0,0,-1.0000,0.0,0,0.000,48.960,0.000,0.0,0.0,0.0,0,105277.0133,21174.5753
46.264,2545,2524,Running,12,0.00,1,0,0,0,-1.0000,0.0,0,0.000,48.880,0.000,0.0,0.0,0.0,0,115764.8594,22020.4444
46.281,2542,2523,Running,12,0.00,1,0,0,0,-1.0000,0.0,0,0.000,48.880,0.000,0.0,0.0,0.0,0,126223.4148,21909.5417
46.298,2539,2524,Running,12,0.00,1,0,0,0,-1.0000,0.0,0,0.000,48.880,0.000,0.0,0.0,0.0,0,129622.3804,20654.3458
46.314,2537,2526,Running,12,0.00,1,0,0,0,-1.0000,0.0,0,0.000,48.880,0.000,0.0,0.0,0.0,0,116183.5354,22316.3665
46.331,2535,2527,Running,12,0.00,1,0,0,0,-1.0000,0.0,0,0.000,48.880,0.000,0.0,0.0,0.0,0,123052.1626,22316.3665
46.348,2534,2530,Running,12,0.00,1,0,0,0,-1.0000,0.0,0,0.000,48.880,0.000,0.0,0.0,0.0,0,132535.8650,22653.1042
46.364,2534,2532,Running,12,0.00,1,0,0,0,-1.0000,0.0,0,0.000,48.880,0.000,0.0,0.0,0.0,0,139579.1394,21949.2099
46.381,2534,2537,Running,12,0.00,1,0,0,0,-1.0000,0.0,0,0.000,48.880,0.000,0.0,0.0,0.0,0,145283.3332,21574.5144
46.398,2535,2541,Running,17,0.00,1,0,0,0,-1.0000,0.0,0,0.000,48.880,0.000,0.0,0.0,0.0,0,131835.7676,22632.3961
46.414,2536,2547,Running,17,0.00,1,0,0,0,-1.0000,0.0,0,0.000,48.880,0.000,0.0,0.0,0.0,0,130866.0704,20419.3812
46.431,2538,2556,Running,17,0.00,1,0,0,0,-1.0000,0.0,0,0.000,48.880,0.000,0.0,0.0,0.0,0,151016.2033,22119.0880
46.448,2542,2566,Running,17,0.00,1,0,0,0,-1.0000,0.0,0,0.000,48.880,0.000,0.0,0.0,0.0,0,164289.5500,22046.0542
46.464,2547,2579,Running,17,0.00,1,0,0,0,-1.0000,0.0,0,0.000,48.880,0.000,0.0,0.0,0.0,0,176939.2720,22200.6965
46.481,2553,2594,Running,17,0.00,1,0,0,0,-1.0000,0.0,0,0.000,48.880,0.000,0.0,0.0,0.0,0,187438.8821,22042.5475
46.498,2561,2610,Running,17,0.00,1,0,0,0,-1.0000,0.0,0,0.000,48.880,0.000,0.0,0.0,0.0,0,183459.9759,22714.3768
46.514,2570,2627,Running,17,0.00,1,0,0,0,-1.0000,0.0,0,0.000,48.880,0.000,0.0,0.0,0.0,0,179151.3612,22060.6972
46.531,2580,2646,Running,17,0.00,1,0,0,0,-1.0000,0.0,0,0.000,48.880,0.000,0.0,0.0,0.0,0,185815.8380,21151.6182
46.548,2591,2663,Running,17,0.00,1,0,0,0,-1.0000,0.0,0,0.000,48.880,0.000,0.0,0.0,0.0,0,191298.7072,22387.3361
46.564,2604,2682,Running,17,0.00,1,0,0,0,-1.0000,0.0,0,0.000,48.880,0.000,0.0,0.0,0.0,0,197115.8944,22387.3361
46.581,2617,2700,Running,17,0.00,1,0,0,0,-1.0000,0.0,0,0.000,48.880,0.000,0.0,0.0,0.0,0,202149.8345,22083.9683
46.598,2631,2719,Running,16,0.00,1,0,0,0,-1.0000,0.0,0,0.000,48.880,0.000,0.0,0.0,0.0,0,205029.1542,22085.3533
46.614,2646,2737,Running,16,0.00,1,0,0,0,-1.0000,0.0,0,0.000,48.880,0.000,0.0,0.0,0.0,0,208590.3281,21584.1974
46.631,2661,2754,Running,15,0.00,1,0,0,0,-1.0000,0.0,0,0.000,48.480,0.000,0.0,0.0,0.0,0,209712.0921,22085.9691
46.648,2677,2770,Running,15,0.00,1,0,0,0,-1.0000,0.0,0,0.000,48.480,0.000,0.0,0.0,0.0,0,211618.6687,20945.2943
46.664,2692,2786,Running,15,0.00,1,0,0,0,-1.0000,0.0,0,0.000,48.480,0.000,0.0,0.0,0.0,0,210937.7058,21377.1953
46.681,2708,2801,Running,15,0.00,1,0,0,0,-1.0000,0.0,0,0.000,48.480,0.000,0.0,0.0,0.0,0,199127.2345,20217.6962
46.698,2724,2816,Running,15,0.00,1,0,0,0,-1.0000,0.0,0,0.000,48.480,0.000,0.0,0.0,0.0,0,194160.5783,21179.9382
46.714,2739,2832,Running,15,0.00,1,0,0,0,-1.0000,0.0,0,0.000,48.480,0.000,0.0,0.0,0.0,0,196898.4539,21398.5749
46.731,2754,2845,Running,15,0.00,1,0,0,0,-1.0000,0.0,0,0.000,48.480,0.000,0.0,0.0,0.0,0,198671.5861,21078.0750
46.748,2769,2858,Running,15,0.00,1,0,0,0,-1.0000,0.0,0,0.000,48.480,0.000,0.0,0.0,0.0,0,204513.1786,20056.2692
46.764,2784,2870,Running,15,0.00,1,0,0,0,-1.0000,0.0,0,0.000,48.480,0.000,0.0,0.0,0.0,0,214150.4089,20838.5154
46.781,2798,2882,Running,15,0.00,1,0,0,0,-1.0000,0.0,0,0.000,48.480,0.000,0.0,0.0,0.0,0,202383.3629,20493.0770
46.798,2812,2893,Running,13,0.00,1,0,0,0,-1.0000,0.0,0,0.000,48.480,0.000,0.0,0.0,0.0,0,186400.2771,19655.2643
46.814,2825,2904,Running,12,0.00,1,0,0,0,-1.0000,0.0,0,0.000,48.480,0.000,0.0,0.0,0.0,0,193634.8121,21353.9003
46.831,2838,2913,Running,12,0.00,1,0,0,0,-1.0000,0.0,0,0.000,48.080,0.000,0.0,0.0,0.0,0,201166.9259,20307.9315
46.848,2850,2920,Running,12,0.00,1,0,0,0,-1.0000,0.0,0,0.000,48.080,0.000,0.0,0.0,0.0,0,200313.4322,19858.9521
46.864,2862,2926,Running,12,0.00,1,0,0,0,-1.0000,0.0,0,0.000,48.080,0.000,0.0,0.0,0.0,0,169339.9958,19563.3343
46.881,2872,2932,Running,12,0.00,1,0,0,0,-1.0000,0.0,0,0.000,48.080,0.000,0.0,0.0,0.0,0,174035.3416,20877.5366
46.898,2881,2936,Running,12,0.00,1,0,0,0,-1.0000,0.0,0,0.000,48.080,0.000,0.0,0.0,0.0,0,186617.3102,19338.6947
46.914,2890,2939,Running,12,0.00,1,0,0,0,-1.0000,0.0,0,0.000,48.080,0.000,0.0,0.0,0.0,0,173548.4763,17671.5196
46.931,2898,2942,Running,12,0.00,1,0,0,0,-1.0000,0.0,0,0.000,48.080,0.000,0.0,0.0,0.0,0,157325.8098,19557.5148
46.948,2905,2945,Running,12,0.00,1,0,0,0,-1.0000,0.0,0,0.000,48.080,0.000,0.0,0.0,0.0,0,168810.0763,19676.2616
46.964,2911,2946,Running,12,0.00,1,0,0,0,-1.0000,0.0,0,0.000,48.080,0.000,0.0,0.0,0.0,0,179984.8719,19676.2616
46.981,2917,2947,Running,12,0.00,1,0,0,0,-1.0000,0.0,0,0.000,48.080,0.000,0.0,0.0,0.0,0,150342.3608,19687.2703
46.998,2921,2948,Running,12,0.00,1,0,0,0,-1.0000,0.0,0,0.000,48.080,0.000,0.0,0.0,0.0,0,155236.4514,19798.7011
47.014,2925,2948,Running,12,0.00,1,0,0,0,-1.0000,0.0,0,0.000,47.760,0.000,0.0,0.0,0.0,0,168244.2987,19469.1964
47.031,2929,2947,Running,12,0.00,1,0,0,0,-1.0000,0.0,0,0.000,47.760,0.000,0.0,0.0,0.0,0,159659.4237,17903.2078
47.048,2932,2946,Running,12,0.00,1,0,0,0,-1.0000,0.0,0,0.000,47.760,0.000,0.0,0.0,0.0,0,142503.3629,19741.6627
47.064,2934,2945,Running,12,0.00,1,0,0,0,-1.0000,0.0,0,0.000,47.760,0.000,0.0,0.0,0.0,0,152160.4854,19238.2867
47.081,2935,2942,Running,12,0.00,1,0,0,0,-1.0000,0.0,0,0.000,47.760,0.000,0.0,0.0,0.0,0,162888.4860,18533.6010
47.098,2936,2939,Running,12,0.00,1,0,0,0,-1.0000,0.0,0,0.000,47.760,0.000,0.0,0.0,0.0,0,137439.3897,19736.0189
47.114,2936,2937,Running,12,0.00,1,0,0,0,-1.0000,0.0,0,0.000,47.760,0.000,0.0,0.0,0.0,0,139898.1470,17566.2465
47.131,2936,2934,Running,12,0.00,1,0,0,0,-1.0000,0.0,0,0.000,47.760,0.000,0.0,0.0,0.0,0,151695.2627,19522.4236
47.148,2936,2931,Running,12,0.00,1,0,0,0,-1.0000,0.0,0,0.000,47.760,0.000,0.0,0.0,0.0,0,152386.8937,19159.7144
47.164,2934,2927,Running,12,0.00,1,0,0,0,-1.0000,0.0,0,0.000,47.440,0.000,0.0,0.0,0.0,0,131288.7063,19270.2727
47.181,2933,2924,Running,12,0.00,1,0,0,0,-1.0000,0.0,0,0.000,47.440,0.000,0.0,0.0,0.0,0,140427.2592,19266.0273
47.198,2931,2921,Running,12,0.00,1,0,0,0,-1.0000,0.0,0,0.000,47.440,0.000,0.0,0.0,0.0,0,149981.9661,19082.9931
47.214,2929,2917,Running,12,0.00,1,0,0,0,-1.0000,0.0,0,0.000,47.440,0.000,0.0,0.0,0.0,0,146793.0105,20347.7177
47.231,2927,2913,Running,12,0.00,1,0,0,0,-1.0000,0.0,0,0.000,47.440,0.000,0.0,0.0,0.0,0,131229.4936,18627.8499
47.248,2925,2910,Running,12,0.00,1,0,0,0,-1.0000,0.0,0,0.000,47.200,0.000,0.0,0.0,0.0,0,137680.0218,20587.8624
47.264,2922,2907,Running,12,0.00,1,0,0,0,-1.0000,0.0,0,0.000,47.200,0.000,0.0,0.0,0.0,0,147577.0081,18946.6734
47.281,2920,2903,Running,12,0.00,1,0,0,0,-1.0000,0.0,0,0.000,47.200,0.000,0.0,0.0,0.0,0,149165.9014,19033.6495
47.298,2917,2899,Running,12,0.00,1,0,0,0,-1.0000,0.0,0,0.000,47.200,0.000,0.0,0.0,0.0,0,131272.7393,18167.8703
47.314,2914,2896,Running,12,0.00,1,0,0,0,-1.0000,0.0,0,0.000,47.200,0.000,0.0,0.0,0.0,0,135000.0504,19791.1971
47.331,2911,2893,Running,12,0.00,1,0,0,0,-1.0000,0.0,0,0.000,47.200,0.000,0.0,0.0,0.0,0,142965.3077,19420.7932
47.348,2908,2889,Running,12,0.00,1,0,0,0,-1.0000,0.0,0,0.000,47.200,0.000,0.0,0.0,0.0,0,150668.3551,18712.1906
47.364,2905,2886,Running,12,0.00,1,0,0,0,-1.0000,0.0,0,0.000,47.200,0.000,0.0,0.0,0.0,0,136755.6037,19539.4541
47.381,2901,2883,Running,12,0.00,1,0,0,0,-1.0000,0.0,0,0.000,47.200,0.000,0.0,0.0,0.0,0,132464.7587,19395.0263
47.398,2898,2880,Running,12,0.00,1,0,0,0,-1.0000,0.0,0,0.000,47.200,0.000,0.0,0.0,0.0,0,137295.6690,20350.8269
47.414,2895,2876,Running,11,0.00,1,0,0,0,-1.0000,0.0,0,0.000,47.200,0.000,0.0,0.0,0.0,0,144975.4992,19428.5723
47.431,2892,2872,Running,11,0.00,1,0,0,0,-1.0000,0.0,0,0.000,47.200,0.000,0.0,0.0,0.0,0,147610.9041,18993.4049
47.448,2889,2868,Running,11,0.00,1,0,0,0,-1.0000,0.0,0,0.000,46.720,0.000,0.0,0.0,0.0,0,132459.0034,19365.9923
47.464,2885,2865,Running,11,0.00,1,0,0,0,-1.0000,0.0,0,0.000,46.720,0.000,0.0,0.0,0.0,0,129672.6042,19319.0718
47.481,2882,2861,Running,11,0.00,1,0,0,0,-1.0000,0.0,0,0.000,46.720,0.000,0.0,0.0,0.0,0,133789.7658,19845.5195
47.498,2878,2857,Running,11,0.00,1,0,0,0,-1.0000,0.0,0,0.000,46.720,0.000,0.0,0.0,0.0,0,139358.5419,19842.9011
47.514,2875,2852,Running,11,0.00,1,0,0,0,-1.0000,0.0,0,0.000,46.720,0.000,0.0,0.0,0.0,0,142919.4437,20073.4621
47.531,2871,2848,Running,11,0.00,1,0,0,0,-1.0000,0.0,0,0.000,46.720,0.000,0.0,0.0,0.0,0,134048.4442,20037.3592
47.548,2867,2844,Running,11,0.00,1,0,0,0,-1.0000,0.0,0,0.000,46.720,0.000,0.0,0.0,0.0,0,127761.2956,19470.9857
47.564,2863,2841,Running,11,0.00,1,0,0,0,-1.0000,0.0,0,0.000,46.720,0.000,0.0,0.0,0.0,0,130702.9147,20255.7969
47.581,2860,2837,Running,11,0.00,1,0,0,0,-1.0000,0.0,0,0.000,46.720,0.000,0.0,0.0,0.0,0,131552.9001,20008.5308
47.598,2856,2834,Running,10,0.00,1,0,0,0,-1.0000,0.0,0,0.000,46.720,0.000,0.0,0.0,0.0,0,138985.5987,19897.5922
47.614,2852,2830,Running,10,0.00,1,0,0,0,-1.0000,0.0,0,0.000,46.720,0.000,0.0,0.0,0.0,0,139788.1695,19936.5765
47.631,2848,2824,Running,10,0.00,1,0,0,0,-1.0000,0.0,0,0.000,46.720,0.000,0.0,0.0,0.0,0,129757.6950,20256.9850
47.648,2844,2819,Running,10,0.00,1,0,0,0,-1.0000,0.0,0,0.000,46.320,0.000,0.0,0.0,0.0,0,121361.3894,19355.8514
47.664,2840,2813,Running,10,0.00,1,0,0,0,-1.0000,0.0,0,0.000,46.320,0.000,0.0,0.0,0.0,0,119887.7798,20275.4748
47.681,2835,2807,Running,10,0.00,1,0,0,0,-1.0000,0.0,0,0.000,46.320,0.000,0.0,0.0,0.0,0,119614.9544,20306.5153
47.698,2831,2801,Running,10,0.00,1,0,0,0,-1.0000,0.0,0,0.000,46.320,0.000,0.0,0.0,0.0,0,120821.4750,19375.0409
47.714,2826,2795,Running,10,0.00,1,0,0,0,-1.0000,0.0,0,0.000,46.320,0.000,0.0,0.0,0.0,0,121057.7381,19394.3299
47.731,2820,2788,Running,10,0.00,1,0,0,0,-1.0000,0.0,0,0.000,46.320,0.000,0.0,0.0,0.0,0,122532.4905,19614.2821
47.748,2815,2782,Running,10,0.00,1,0,0,0,-1.0000,0.0,0,0.000,46.320,0.000,0.0,0.0,0.0,0,121520.2400,20048.3511
47.764,2809,2775,Running,10,0.00,1,0,0,0,-1.0000,0.0,0,0.000,46.320,0.000,0.0,0.0,0.0,0,115270.2889,19410.5215
47.781,2803,2768,Running,10,0.00,1,0,0,0,-1.0000,0.0,0,0.000,46.320,0.000,0.0,0.0,0.0,0,114838.5983,19410.5215
47.798,2797,2762,Running,10,0.00,1,0,0,0,-1.0000,0.0,0,0.000,46.320,0.000,0.0,0.0,0.0,0,112693.6369,19331.2934
47.814,2791,2755,Running,10,0.00,1,0,0,0,-1.0000,0.0,0,0.000,46.320,0.000,0.0,0.0,0.0,0,112529.7696,19959.3041
47.831,2785,2749,Running,10,0.00,1,0,0,0,-1.0000,0.0,0,0.000,46.320,0.000,0.0,0.0,0.0,0,113482.1790,19583.6885
47.848,2779,2742,Running,10,0.00,1,0,0,0,-1.0000,0.0,0,0.000,45.520,0.000,0.0,0.0,0.0,0,112259.8362,19548.8424
47.864,2773,2736,Running,10,0.00,1,0,0,0,-1.0000,0.0,0,0.000,45.520,0.000,0.0,0.0,0.0,0,115061.7416,19363.9151
47.881,2767,2731,Running,10,0.00,1,0,0,0,-1.0000,0.0,0,0.000,45.520,0.000,0.0,0.0,0.0,0,117634.8362,19624.0636
47.898,2761,2725,Running,10,0.00,1,0,0,0,-1.0000,0.0,0,0.000,45.520,0.000,0.0,0.0,0.0,0,114772.7200,19624.0636
47.914,2755,2719,Running,10,0.00,1,0,0,0,-1.0000,0.0,0,0.000,45.520,0.000,0.0,0.0,0.0,0,115564.9075,19634.1010
47.931,2749,2713,Running,10,0.00,1,0,0,0,-1.0000,0.0,0,0.000,45.520,0.000,0.0,0.0,0.0,0,114941.0836,19733.4044
47.948,2743,2708,Running,10,0.00,1,0,0,0,-1.0000,0.0,0,0.000,45.520,0.000,0.0,0.0,0.0,0,115678.7462,19050.3023
47.964,2737,2703,Running,10,0.00,1,0,0,0,-1.0000,0.0,0,0.000,45.520,0.000,0.0,0.0,0.0,0,118546.0414,19848.2697
47.981,2732,2697,Running,10,0.00,1,0,0,0,-1.0000,0.0,0,0.000,45.520,0.000,0.0,0.0,0.0,0,116645.5483,20139.1602
47.998,2726,2692,Running,12,0.00,1,0,0,0,-1.0000,0.0,0,0.000,45.520,0.000,0.0,0.0,0.0,0,115802.1808,19622.8338
48.014,2720,2687,Running,12,0.00,1,0,0,0,-1.0000,0.0,0,0.000,45.520,0.000,0.0,0.0,0.0,0,118000.8973,19622.8338
48.031,2715,2684,Running,12,0.00,1,0,0,0,-1.0000,0.0,0,0.000,45.520,0.000,0.0,0.0,0.0,0,120598.4499,19916.8205
48.048,2710,2680,Running,12,0.00,1,0,0,0,-1.0000,0.0,0,0.000,45.520,0.000,0.0,0.0,0.0,0,122278.2710,20246.1136
48.064,2705,2677,Running,12,0.00,1,0,0,0,-1.0000,0.0,0,0.000,45.520,0.000,0.0,0.0,0.0,0,124270.8558,20347.3935
48.081,2701,2675,Running,12,0.00,1,0,0,0,-1.0000,0.0,0,0.000,45.520,0.000,0.0,0.0,0.0,0,128015.6242,20052.2807
48.098,2697,2673,Running,12,0.00,1,0,0,0,-1.0000,0.0,0,0.000,45.520,0.000,0.0,0.0,0.0,0,127348.8671,20552.9511
48.114,2693,2672,Running,12,0.00,1,0,0,0,-1.0000,0.0,0,0.000,45.520,0.000,0.0,0.0,0.0,0,129342.5807,20125.6407
48.131,2689,2669,Running,12,0.00,1,0,0,0,-1.0000,0.0,0,0.000,45.520,0.000,0.0,0.0,0.0,0,129571.6658,20261.3327
48.148,2686,2668,Running,12,0.00,1,0,0,0,-1.0000,0.0,0,0.000,45.520,0.000,0.0,0.0,0.0,0,131274.5920,20611.0463
48.164,2683,2667,Running,12,0.00,1,0,0,0,-1.0000,0.0,0,0.000,45.520,0.000,0.0,0.0,0.0,0,131487.4330,20611.0463
48.181,2681,2667,Running,12,0.00,1,0,0,0,-1.0000,0.0,0,0.000,45.520,0.000,0.0,0.0,0.0,0,134601.1771,20412.6243
48.198,2679,2667,Running,12,0.00,1,0,0,0,-1.0000,0.0,0,0.000,45.520,0.000,0.0,0.0,0.0,0,135468.1487,20713.8583
48.214,2677,2667,Running,12,0.00,1,0,0,0,-1.0000,0.0,0,0.000,45.520,0.000,0.0,0.0,0.0,0,134340.5116,19872.5799
48.231,2676,2667,Running,11,0.00,1,0,0,0,-1.0000,0.0,0,0.000,44.400,0.000,0.0,0.0,0.0,0,135563.7819,20579.6974
48.248,2674,2667,Running,11,0.00,1,0,0,0,-1.0000,0.0,0,0.000,44.400,0.000,0.0,0.0,0.0,0,134736.8951,19936.8536
48.264,2673,2666,Running,11,0.00,1,0,0,0,-1.0000,0.0,0,0.000,44.400,0.000,0.0,0.0,0.0,0,134065.7958,20958.5652
48.281,2672,2665,Running,11,0.00,1,0,0,0,-1.0000,0.0,0,0.000,44.400,0.000,0.0,0.0,0.0,0,133602.4012,20509.4472
48.298,2671,2665,Running,11,0.00,1,0,0,0,-1.0000,0.0,0,0.000,44.400,0.000,0.0,0.0,0.0,0,133999.7206,20066.9527
48.314,2670,2665,Running,11,0.00,1,0,0,0,-1.0000,0.0,0,0.000,44.400,0.000,0.0,0.0,0.0,0,132651.7419,20584.7718
48.331,2669,2664,Running,11,0.00,1,0,0,0,-1.0000,0.0,0,0.000,44.400,0.000,0.0,0.0,0.0,0,132524.0022,20863.8950
48.348,2668,2663,Running,11,0.00,1,0,0,0,-1.0000,0.0,0,0.000,43.920,0.000,0.0,0.0,0.0,0,130479.8581,20248.1200
48.364,2668,2663,Running,11,0.00,1,0,0,0,-1.0000,0.0,0,0.000,43.920,0.000,0.0,0.0,0.0,0,132921.0253,20250.5997
48.381,2667,2662,Running,11,0.00,1,0,0,0,-1.0000,0.0,0,0.000,43.920,0.000,0.0,0.0,0.0,0,129002.2516,20169.3869
48.398,2666,2662,Running,11,0.00,1,0,0,0,-1.0000,0.0,0,0.000,43.920,0.000,0.0,0.0,0.0,0,128996.4454,20169.3869
48.414,2665,2661,Running,11,0.00,1,0,0,0,-1.0000,0.0,0,0.000,43.920,0.000,0.0,0.0,0.0,0,127472.6641,19341.5296
48.431,2664,2660,Running,11,0.00,1,0,0,0,-1.0000,0.0,0,0.000,43.920,0.000,0.0,0.0,0.0,0,128568.5409,19062.1413
48.448,2664,2660,Running,12,0.00,1,0,0,0,-1.0000,0.0,0,0.000,43.600,0.000,0.0,0.0,0.0,0,127374.1171,20212.2996
48.464,2663,2659,Running,12,0.00,1,0,0,0,-1.0000,0.0,0,0.000,43.600,0.000,0.0,0.0,0.0,0,128805.7513,20847.2025
48.464,2662,2658,Running,12,0.00,1,0,0,0,-1.0000,0.0,0,0.000,43.600,0.000,0.0,0.0,0.0,0,128687.9850,20133.7994
48.464,2662,2658,Running,12,0.00,1,0,0,0,-1.0000,0.0,0,0.000,43.600,0.000,0.0,0.0,0.0,0,129690.2560,20957.9722
48.464,2661,2658,Running,12,0.00,1,0,0,0,-1.0000,0.0,0,0.000,43.600,0.000,0.0,0.0,0.0,0,130498.0904,20236.2806
48.464,2661,2658,Running,12,0.00,1,0,0,0,-1.0000,0.0,0,0.000,43.600,0.000,0.0,0.0,0.0,0,133110.6910,20571.8486
48.464,2660,2659,Running,12,0.00,1,0,0,0,-1.0000,0.0,0,0.000,43.600,0.000,0.0,0.0,0.0,0,133406.1958,20825.9483
48.464,2660,2658,Running,12,0.00,1,0,0,0,-1.0000,0.0,0,0.000,43.600,0.000,0.0,0.0,0.0,0,133032.0218,20353.8182
48.464,2660,2658,Running,12,0.00,1,0,0,0,-1.0000,0.0,0,0.000,43.600,0.000,0.0,0.0,0.0,0,133218.3804,20420.5405
48.599,2659,2658,Running,12,0.00,1,0,0,0,-1.0000,0.0,0,0.000,43.600,0.000,0.0,0.0,0.0,0,134074.2862,20044.3143
48.614,2659,2659,Running,12,0.00,1,0,0,0,-1.0000,0.0,0,0.000,43.600,0.000,0.0,0.0,0.0,0,136351.8763,20288.8665
48.631,2659,2659,Running,12,0.00,1,0,0,0,-1.0000,0.0,0,0.000,43.600,0.000,0.0,0.0,0.0,0,134118.8959,20375.3650
48.648,2659,2659,Running,12,0.00,1,0,0,0,-1.0000,0.0,0,0.000,43.600,0.000,0.0,0.0,0.0,0,136647.6882,20904.0997
48.648,2659,2660,Running,12,0.00,1,0,0,0,-1.0000,0.0,0,0.000,43.600,0.000,0.0,0.0,0.0,0,137586.1105,20904.0997
48.681,2660,2661,Running,12,0.00,1,0,0,0,-1.0000,0.0,0,0.000,43.600,0.000,0.0,0.0,0.0,0,138962.4857,20793.2483
48.698,2660,2662,Running,12,0.00,1,0,0,0,-1.0000,0.0,0,0.000,43.600,0.000,0.0,0.0,0.0,0,139829.8909,20989.4599
48.714,2661,2664,Running,12,0.00,1,0,0,0,-1.0000,0.0,0,0.000,43.600,0.000,0.0,0.0,0.0,0,139820.5798,21120.6622
48.731,2661,2665,Running,13,0.00,1,0,0,0,-1.0000,0.0,0,0.000,43.600,0.000,0.0,0.0,0.0,0,141431.4177,21028.2281
48.748,2662,2667,Running,13,0.00,1,0,0,0,-1.0000,0.0,0,0.000,43.600,0.000,0.0,0.0,0.0,0,142307.1199,19624.5913
48.764,2663,2669,Running,14,0.00,1,0,0,0,-1.0000,0.0,0,0.000,43.120,0.000,0.0,0.0,0.0,0,142111.3823,21060.0780
48.781,2664,2672,Running,14,0.00,1,0,0,0,-1.0000,0.0,0,0.000,43.120,0.000,0.0,0.0,0.0,0,146234.9766,21257.8977
48.798,2666,2677,Running,14,0.00,1,0,0,0,-1.0000,0.0,0,0.000,43.120,0.000,0.0,0.0,0.0,0,150143.8471,19962.4792
48.814,2668,2682,Running,14,0.00,1,0,0,0,-1.0000,0.0,0,0.000,43.120,0.000,0.0,0.0,0.0,0,150253.1645,19823.4751
48.831,2670,2687,Running,14,0.00,1,0,0,0,-1.0000,0.0,0,0.000,43.120,0.000,0.0,0.0,0.0,0,153178.8298,20923.7052
48.848,2673,2692,Running,14,0.00,1,0,0,0,-1.0000,0.0,0,0.000,43.120,0.000,0.0,0.0,0.0,0,154942.7637,20786.7435
48.864,2677,2698,Running,14,0.00,1,0,0,0,-1.0000,0.0,0,0.000,43.120,0.000,0.0,0.0,0.0,0,157865.3100,20636.3974
48.881,2680,2704,Running,14,0.00,1,0,0,0,-1.0000,0.0,0,0.000,43.120,0.000,0.0,0.0,0.0,0,160145.8091,20903.0789
48.898,2684,2710,Running,14,0.00,1,0,0,0,-1.0000,0.0,0,0.000,43.120,0.000,0.0,0.0,0.0,0,161796.5474,21063.5154
48.914,2689,2716,Running,14,0.00,1,0,0,0,-1.0000,0.0,0,0.000,43.120,0.000,0.0,0.0,0.0,0,162937.2361,20584.2604
48.931,2694,2723,Running,14,0.00,1,0,0,0,-1.0000,0.0,0,0.000,43.120,0.000,0.0,0.0,0.0,0,164735.7807,21383.3969
48.948,2699,2729,Running,18,0.00,1,0,0,0,-1.0000,0.0,0,0.000,43.120,0.000,0.0,0.0,0.0,0,161797.6763,20657.9493
48.964,2704,2737,Running,18,0.00,1,0,0,0,-1.0000,0.0,0,0.000,42.480,0.000,0.0,0.0,0.0,0,167035.1125,21150.5887
48.981,2710,2746,Running,18,0.00,1,0,0,0,-1.0000,0.0,0,0.000,42.480,0.000,0.0,0.0,0.0,0,175313.1347,20666.4622
48.998,2716,2758,Running,18,0.00,1,0,0,0,-1.0000,0.0,0,0.000,42.480,0.000,0.0,0.0,0.0,0,181828.5851,21680.8846
49.014,2724,2772,Running,18,0.00,1,0,0,0,-1.0000,0.0,0,0.000,42.480,0.000,0.0,0.0,0.0,0,190233.2430,21096.5879
49.031,2733,2787,Running,18,0.00,1,0,0,0,-1.0000,0.0,0,0.000,42.480,0.000,0.0,0.0,0.0,0,195849.8169,21901.9762
49.048,2742,2803,Running,18,0.00,1,0,0,0,-1.0000,0.0,0,0.000,42.480,0.000,0.0,0.0,0.0,0,201241.4617,19818.2983
49.064,2753,2821,Running,18,0.00,1,0,0,0,-1.0000,0.0,0,0.000,42.480,0.000,0.0,0.0,0.0,0,209014.1812,21266.6245
49.081,2765,2838,Running,18,0.00,1,0,0,0,-1.0000,0.0,0,0.000,42.480,0.000,0.0,0.0,0.0,0,217081.3366,21266.6245
49.098,2777,2855,Running,18,0.00,1,0,0,0,-1.0000,0.0,0,0.000,42.480,0.000,0.0,0.0,0.0,0,227540.7133,21435.9761
49.114,2791,2872,Running,18,0.00,1,0,0,0,-1.0000,0.0,0,0.000,42.480,0.000,0.0,0.0,0.0,0,234103.6064,20959.7689
49.131,2805,2890,Running,18,0.00,1,0,0,0,-1.0000,0.0,0,0.000,42.480,0.000,0.0,0.0,0.0,0,209520.8149,21041.7633
49.148,2819,2908,Running,21,0.00,1,0,0,0,-1.0000,0.0,0,0.000,42.480,0.000,0.0,0.0,0.0,0,216410.7732,20903.0041
49.164,2834,2928,Running,21,0.00,1,0,0,0,-1.0000,0.0,0,0.000,42.320,0.000,0.0,0.0,0.0,0,233082.3571,21840.9861
49.181,2850,2949,Running,21,0.00,1,0,0,0,-1.0000,0.0,0,0.000,42.320,0.000,0.0,0.0,0.0,0,260828.8341,20226.6567
49.198,2867,2975,Running,21,0.00,1,0,0,0,-1.0000,0.0,0,0.000,42.320,0.000,0.0,0.0,0.0,0,232549.3056,20388.0605
49.214,2886,3006,Running,21,0.00,1,0,0,0,-1.0000,0.0,0,0.000,42.320,0.000,0.0,0.0,0.0,0,244101.6290,21469.1351
49.231,2907,3038,Running,21,0.00,1,0,0,0,-1.0000,0.0,0,0.000,42.320,0.000,0.0,0.0,0.0,0,282248.0206,19116.6241
49.248,2930,3074,Running,21,0.00,1,0,0,0,-1.0000,0.0,0,0.000,42.320,0.000,0.0,0.0,0.0,0,251401.7181,17807.1087
49.264,2955,3111,Running,21,0.00,1,0,0,0,-1.0000,0.0,0,0.000,42.320,0.000,0.0,0.0,0.0,0,272922.3898,21347.4748
49.281,2982,3148,Running,21,0.00,1,0,0,0,-1.0000,0.0,0,0.000,42.320,0.000,0.0,0.0,0.0,0,280164.5524,18452.4616
49.298,3011,3188,Running,21,0.00,1,0,0,0,-1.0000,0.0,0,0.000,42.320,0.000,0.0,0.0,0.0,0,277900.0437,19813.6065
49.314,3041,3227,Running,26,0.00,1,0,0,0,-1.0000,0.0,0,0.000,42.320,0.000,0.0,0.0,0.0,0,284346.6647,18060.7484
49.331,3073,3271,Running,26,0.00,1,0,0,0,-1.0000,0.0,0,0.000,42.320,0.000,0.0,0.0,0.0,0,311011.8759,20017.2030
49.348,3108,3324,Running,26,0.00,1,0,0,0,-1.0000,0.0,0,0.000,42.400,0.000,0.0,0.0,0.0,0,291036.0668,16945.5294
49.364,3145,3383,Running,26,0.00,1,0,0,0,-1.0000,0.0,0,0.000,42.400,0.000,0.0,0.0,0.0,0,331714.2617,17237.7242
49.381,3187,3446,Running,26,0.00,1,0,0,0,-1.0000,0.0,0,0.000,42.400,0.000,0.0,0.0,0.0,0,355312.4535,18846.8342
49.398,3232,3514,Running,26,0.00,1,0,0,0,-1.0000,0.0,0,0.000,42.400,0.000,0.0,0.0,0.0,0,347407.4106,17351.0178
49.414,3281,3585,Running,26,0.00,1,0,0,0,-1.0000,0.0,0,0.000,42.400,0.000,0.0,0.0,0.0,0,356221.6005,20937.6848
49.431,3334,3656,Running,26,0.00,1,0,0,0,-1.0000,0.0,0,0.000,42.400,0.000,0.0,0.0,0.0,0,369564.9176,16939.5106
49.448,3389,3728,Running,26,0.00,1,0,0,0,-1.0000,0.0,0,0.000,42.400,0.000,0.0,0.0,0.0,0,382275.7170,19051.8669
49.464,3447,3801,Running,26,0.00,1,0,0,0,-1.0000,0.0,0,0.000,42.640,0.000,0.0,0.0,0.0,0,374955.8919,19051.8669
49.481,3507,3877,Running,26,0.00,1,0,0,0,-1.0000,0.0,0,0.000,42.640,0.000,0.0,0.0,0.0,0,381730.7388,19848.7567
49.498,3570,3952,Running,26,0.00,1,0,0,0,-1.0000,0.0,0,0.000,42.640,0.000,0.0,0.0,0.0,0,409829.4792,15471.8735
49.514,3635,4028,Running,26,0.00,1,0,0,0,-1.0000,0.0,0,0.000,42.640,0.000,0.0,0.0,0.0,0,406325.7463,18247.4698
49.531,3701,4105,Running,26,0.00,1,0,0,0,-1.0000,0.0,0,0.000,42.640,0.000,0.0,0.0,0.0,0,413593.0588,14959.2538
49.548,3769,4180,Running,26,0.00,1,0,0,0,-1.0000,0.0,0,0.000,42.640,0.000,0.0,0.0,0.0,0,414766.7415,17424.5439
49.564,3838,4253,Running,26,0.00,1,0,0,0,-1.0000,0.0,0,0.000,42.640,0.000,0.0,0.0,0.0,0,441701.5206,16119.3460
49.581,3908,4326,Running,26,0.00,1,0,0,0,-1.0000,0.0,0,0.000,42.640,0.000,0.0,0.0,0.0,0,422345.9023,17256.4840
49.598,3978,4397,Running,26,0.00,1,0,0,0,-1.0000,0.0,0,0.000,42.640,0.000,0.0,0.0,0.0,0,429679.1647,14198.8741
49.614,4048,4467,Running,26,0.00,1,0,0,0,-1.0000,0.0,0,0.000,42.640,0.000,0.0,0.0,0.0,0,439694.0441,17701.6828
49.631,4118,4534,Running,26,0.00,1,0,0,0,-1.0000,0.0,0,0.000,42.640,0.000,0.0,0.0,0.0,0,445866.6734,19098.9561
49.648,4187,4598,Running,26,0.00,1,0,0,0,-1.0000,0.0,0,0.000,42.640,0.000,0.0,0.0,0.0,0,450620.5465,18581.0417
49.650,4255,4661,Running,26,0.00,1,0,0,0,-1.0000,0.0,0,0.000,42.640,0.000,0.0,0.0,0.0,0,457798.8757,16680.8076
49.681,4322,4721,Running,26,0.00,1,0,0,0,-1.0000,0.0,0,0.000,42.640,0.000,0.0,0.0,0.0,0,459043.8347,18041.8551
49.698,4388,4780,Running,26,0.00,1,0,0,0,-1.0000,0.0,0,0.000,42.640,0.000,0.0,0.0,0.0,0,443014.6110,18041.8551
49.714,4453,4838,Running,26,0.00,1,0,0,0,-1.0000,0.0,0,0.000,42.640,0.000,0.0,0.0,0.0,0,466043.4550,19451.7907
49.731,4517,4892,Running,26,0.00,1,0,0,0,-1.0000,0.0,0,0.000,42.640,0.000,0.0,0.0,0.0,0,465755.0452,17890.5384
49.748,4579,4947,Running,26,0.00,1,0,0,0,-1.0000,0.0,0,0.000,42.640,0.000,0.0,0.0,0.0,0,457219.4697,16163.5680
49.764,4639,4999,Running,26,0.00,1,0,0,0,-1.0000,0.0,0,0.000,42.640,0.000,0.0,0.0,0.0,0,474430.2735,18394.8656
49.781,4699,5050,Running,26,0.00,1,0,0,0,-1.0000,0.0,0,0.000,42.640,0.000,0.0,0.0,0.0,0,467713.2520,17335.7614
49.781,4757,5100,Running,26,0.00,1,0,0,0,-1.0000,0.0,0,0.000,42.640,0.000,0.0,0.0,0.0,0,468809.3821,16922.8296
49.812,4813,5148,Running,26,0.00,1,0,0,0,-1.0000,0.0,0,0.000,42.640,0.000,0.0,0.0,0.0,0,484046.0404,17430.8397
49.833,4868,5195,Running,24,0.00,1,0,0,0,-1.0000,0.0,0,0.000,42.640,0.000,0.0,0.0,0.0,0,477831.3138,17069.4227
49.848,4922,5236,Running,23,0.00,1,0,0,0,-1.0000,0.0,0,0.000,42.640,0.000,0.0,0.0,0.0,0,464643.7964,17069.4227
49.864,4973,5272,Running,23,0.00,1,0,0,0,-1.0000,0.0,0,0.000,43.600,0.000,0.0,0.0,0.0,0,458342.2534,16572.3810
49.881,5021,5303,Running,23,0.00,1,0,0,0,-1.0000,0.0,0,0.000,43.600,0.000,0.0,0.0,0.0,0,453632.3778,17309.6324
49.898,5067,5330,Running,23,0.00,1,0,0,0,-1.0000,0.0,0,0.000,43.600,0.000,0.0,0.0,0.0,0,448694.3288,17289.3279
49.914,5109,5354,Running,23,0.00,1,0,0,0,-1.0000,0.0,0,0.000,43.600,0.000,0.0,0.0,0.0,0,443496.1346,16571.2981
49.931,5149,5375,Running,23,0.00,1,0,0,0,-1.0000,0.0,0,0.000,43.600,0.000,0.0,0.0,0.0,0,439382.6107,16740.3161
49.948,5185,5395,Running,21,0.00,1,0,0,0,-1.0000,0.0,0,0.000,43.600,0.000,0.0,0.0,0.0,0,435994.6484,17108.7785
49.964,5219,5410,Running,21,0.00,1,0,0,0,-1.0000,0.0,0,0.000,43.600,0.000,0.0,0.0,0.0,0,425695.8622,17584.6385
49.981,5249,5423,Running,21,0.00,1,0,0,0,-1.0000,0.0,0,0.000,43.600,0.000,0.0,0.0,0.0,0,418369.3803,16538.4503
49.998,5276,5432,Running,21,0.00,1,0,0,0,-1.0000,0.0,0,0.000,43.600,0.000,0.0,0.0,0.0,0,412911.7386,17129.2488
50.014,5301,5441,Running,21,0.00,1,0,0,0,-1.0000,0.0,0,0.000,43.600,0.000,0.0,0.0,0.0,0,409577.5119,16773.6109
50.031,5323,5449,Running,21,0.00,1,0,0,0,-1.0000,0.0,0,0.000,43.600,0.000,0.0,0.0,0.0,0,407327.5205,17544.7572
50.048,5343,5456,Running,21,0.00,1,0,0,0,-1.0000,0.0,0,0.000,43.600,0.000,0.0,0.0,0.0,0,404327.2787,18102.8021
50.064,5361,5463,Running,21,0.00,1,0,0,0,-1.0000,0.0,0,0.000,43.600,0.000,0.0,0.0,0.0,0,404189.6825,17476.9690
50.081,5377,5469,Running,21,0.00,1,0,0,0,-1.0000,0.0,0,0.000,43.600,0.000,0.0,0.0,0.0,0,404162.3309,17476.9690
50.098,5392,5474,Running,21,0.00,1,0,0,0,-1.0000,0.0,0,0.000,43.600,0.000,0.0,0.0,0.0,0,403539.5469,17854.8193
50.114,5405,5479,Running,21,0.00,1,0,0,0,-1.0000,0.0,0,0.000,43.600,0.000,0.0,0.0,0.0,0,399900.5095,17256.5527
50.131,5416,5483,Running,14,0.00,1,0,0,0,-1.0000,0.0,0,0.000,43.600,0.000,0.0,0.0,0.0,0,394386.2298,18126.4613
50.148,5427,5480,Running,14,0.00,1,0,0,0,-1.0000,0.0,0,0.000,43.600,0.000,0.0,0.0,0.0,0,368746.0632,18658.2828
50.164,5434,5471,Running,12,0.00,1,0,0,0,-1.0000,0.0,0,0.000,44.240,0.000,0.0,0.0,0.0,0,340085.7516,16088.6184
50.181,5439,5454,Running,12,0.00,1,0,0,0,-1.0000,0.0,0,0.000,44.240,0.000,0.0,0.0,0.0,0,306835.4502,18350.0336
50.198,5439,5433,Running,12,0.00,1,0,0,0,-1.0000,0.0,0,0.000,44.240,0.000,0.0,0.0,0.0,0,277939.0400,16814.2251
50.214,5436,5407,Running,12,0.00,1,0,0,0,-1.0000,0.0,0,0.000,44.240,0.000,0.0,0.0,0.0,0,251830.6314,18529.9303
50.231,5429,5378,Running,12,0.00,1,0,0,0,-1.0000,0.0,0,0.000,44.240,0.000,0.0,0.0,0.0,0,231370.8261,15578.5471
50.248,5419,5348,Running,12,0.00,1,0,0,0,-1.0000,0.0,0,0.000,44.240,0.000,0.0,0.0,0.0,0,218353.0286,17943.2011
50.264,5406,5318,Running,12,0.00,1,0,0,0,-1.0000,0.0,0,0.000,44.240,0.000,0.0,0.0,0.0,0,203491.8900,17628.3306
50.281,5390,5287,Running,12,0.00,1,0,0,0,-1.0000,0.0,0,0.000,44.240,0.000,0.0,0.0,0.0,0,191171.5309,16693.9723
50.298,5371,5255,Running,6,0.00,1,0,0,0,-1.0000,0.0,0,0.000,44.240,0.000,0.0,0.0,0.0,0,185358.5883,16837.8364
50.314,5351,5223,Running,6,0.00,1,0,0,0,-1.0000,0.0,0,0.000,44.240,0.000,0.0,0.0,0.0,0,164421.8385,16577.7709
50.331,5329,5189,Running,6,0.00,1,0,0,0,-1.0000,0.0,0,0.000,44.240,0.000,0.0,0.0,0.0,0,135045.1809,16259.0261
50.348,5304,5153,Running,6,0.00,1,0,0,0,-1.0000,0.0,0,0.000,44.240,0.000,0.0,0.0,0.0,0,113557.3680,16588.2752
50.364,5278,5116,Running,6,0.00,1,0,0,0,-1.0000,0.0,0,0.000,44.240,0.000,0.0,0.0,0.0,0,91363.8659,15969.7247
50.381,5250,5078,Running,6,0.00,1,0,0,0,-1.0000,0.0,0,0.000,44.240,0.000,0.0,0.0,0.0,0,79865.5540,17110.3865
50.398,5221,5039,Running,6,0.00,1,0,0,0,-1.0000,0.0,0,0.000,44.240,0.000,0.0,0.0,0.0,0,84765.6830,15397.2174
50.414,5190,5000,Running,6,0.00,1,0,0,0,-1.0000,0.0,0,0.000,44.240,0.000,0.0,0.0,0.0,0,65736.5326,16459.7019
50.431,5157,4961,Running,6,0.00,1,0,0,0,-1.0000,0.0,0,0.000,44.240,0.000,0.0,0.0,0.0,0,76716.4783,16234.6006
50.448,5124,4921,Running,6,0.00,1,0,0,0,-1.0000,0.0,0,0.000,44.240,0.000,0.0,0.0,0.0,0,62344.4320,16234.6006
50.464,5090,4882,Running,6,0.00,1,0,0,0,-1.0000,0.0,0,0.000,44.240,0.000,0.0,0.0,0.0,0,75031.1534,16075.6577
50.481,5055,4842,Running,6,0.00,1,0,0,0,-1.0000,0.0,0,0.000,44.240,0.000,0.0,0.0,0.0,0,59466.3578,16652.1292
50.498,5019,4803,Running,6,0.00,1,0,0,0,-1.0000,0.0,0,0.000,44.240,0.000,0.0,0.0,0.0,0,76216.7882,16702.0305
50.514,4982,4763,Running,6,0.00,1,0,0,0,-1.0000,0.0,0,0.000,44.240,0.000,0.0,0.0,0.0,0,67329.3496,15291.1392
50.531,4946,4724,Running,6,0.00,1,0,0,0,-1.0000,0.0,0,0.000,43.920,0.000,0.0,0.0,0.0,0,60670.6022,16485.5812
50.548,4909,4685,Running,6,0.00,1,0,0,0,-1.0000,0.0,0,0.000,43.920,0.000,0.0,0.0,0.0,0,74242.5046,16628.0164
50.564,4871,4647,Running,6,0.00,1,0,0,0,-1.0000,0.0,0,0.000,43.920,0.000,0.0,0.0,0.0,0,73011.0030,15151.9292
50.581,4834,4608,Running,6,0.00,1,0,0,0,-1.0000,0.0,0,0.000,43.920,0.000,0.0,0.0,0.0,0,70140.6633,15770.3381
50.598,4796,4570,Running,6,0.00,1,0,0,0,-1.0000,0.0,0,0.000,43.920,0.000,0.0,0.0,0.0,0,69725.9643,15761.0362
50.614,4758,4532,Running,6,0.00,1,0,0,0,-1.0000,0.0,0,0.000,43.920,0.000,0.0,0.0,0.0,0,67800.5658,15761.0362
50.631,4720,4494,Running,6,0.00,1,0,0,0,-1.0000,0.0,0,0.000,43.920,0.000,0.0,0.0,0.0,0,69485.0645,16746.9778
50.648,4683,4457,Running,6,0.00,1,0,0,0,-1.0000,0.0,0,0.000,43.920,0.000,0.0,0.0,0.0,0,72744.8916,17481.3383
50.664,4645,4420,Running,6,0.00,1,0,0,0,-1.0000,0.0,0,0.000,43.920,0.000,0.0,0.0,0.0,0,72579.5889,17149.3537
50.681,4607,4383,Running,6,0.00,1,0,0,0,-1.0000,0.0,0,0.000,43.920,0.000,0.0,0.0,0.0,0,72096.0429,17399.1098
50.698,4570,4346,Running,4,0.00,1,0,0,0,-1.0000,0.0,0,0.000,43.920,0.000,0.0,0.0,0.0,0,73312.9453,14392.1798
50.714,4533,4310,Running,4,0.00,1,0,0,0,-1.0000,0.0,0,0.000,43.920,0.000,0.0,0.0,0.0,0,67648.1746,17782.9133
50.731,4496,4273,Running,4,0.00,1,0,0,0,-1.0000,0.0,0,0.000,43.920,0.000,0.0,0.0,0.0,0,62861.6782,17782.9133
50.748,4458,4237,Running,4,0.00,1,0,0,0,-1.0000,0.0,0,0.000,43.920,0.000,0.0,0.0,0.0,0,70526.4911,17837.4778
50.764,4422,4200,Running,4,0.00,1,0,0,0,-1.0000,0.0,0,0.000,43.920,0.000,0.0,0.0,0.0,0,68730.6210,17867.0306
50.781,4385,4164,Running,4,0.00,1,0,0,0,-1.0000,0.0,0,0.000,43.920,0.000,0.0,0.0,0.0,0,54314.4192,18356.0445
50.798,4348,4127,Running,4,0.00,1,0,0,0,-1.0000,0.0,0,0.000,43.920,0.000,0.0,0.0,0.0,0,64916.3881,17042.1541
50.814,4311,4091,Running,4,0.00,1,0,0,0,-1.0000,0.0,0,0.000,43.920,0.000,0.0,0.0,0.0,0,62647.3861,14930.9633
50.831,4274,4055,Running,4,0.00,1,0,0,0,-1.0000,0.0,0,0.000,43.920,0.000,0.0,0.0,0.0,0,54986.5577,16189.3868
50.848,4238,4019,Running,4,0.00,1,0,0,0,-1.0000,0.0,0,0.000,42.800,0.000,0.0,0.0,0.0,0,66350.6596,16773.1327
50.864,4201,3983,Running,4,0.00,1,0,0,0,-1.0000,0.0,0,0.000,42.720,0.000,0.0,0.0,0.0,0,54182.9861,16245.3966
50.881,4165,3948,Running,4,0.00,1,0,0,0,-1.0000,0.0,0,0.000,42.720,0.000,0.0,0.0,0.0,0,59872.6734,15878.0875
50.898,4129,3913,Running,4,0.00,1,0,0,0,-1.0000,0.0,0,0.000,42.720,0.000,0.0,0.0,0.0,0,64033.9858,15044.6981
50.914,4093,3878,Running,4,0.00,1,0,0,0,-1.0000,0.0,0,0.000,42.720,0.000,0.0,0.0,0.0,0,50630.0249,16109.6541
50.931,4057,3843,Running,4,0.00,1,0,0,0,-1.0000,0.0,0,0.000,42.720,0.000,0.0,0.0,0.0,0,63636.0464,16978.3233
50.948,4021,3809,Running,4,0.00,1,0,0,0,-1.0000,0.0,0,0.000,42.720,0.000,0.0,0.0,0.0,0,63051.7849,17533.6593
50.964,3986,3774,Running,4,0.00,1,0,0,0,-1.0000,0.0,0,0.000,42.720,0.000,0.0,0.0,0.0,0,54148.3885,16176.8872
50.981,3951,3740,Running,4,0.00,1,0,0,0,-1.0000,0.0,0,0.000,42.720,0.000,0.0,0.0,0.0,0,52446.7501,17181.5643
50.998,3916,3706,Running,4,0.00,1,0,0,0,-1.0000,0.0,0,0.000,42.720,0.000,0.0,0.0,0.0,0,57690.2166,16621.0918
51.014,3881,3673,Running,0,0.00,1,0,0,0,-1.0000,0.0,0,0.000,42.720,0.000,0.0,0.0,0.0,0,60801.7045,15731.6089
51.031,3846,3639,Running,0,0.00,1,0,0,0,-1.0000,0.0,0,0.000,42.720,0.000,0.0,0.0,0.0,0,59382.1058,17410.9400
51.048,3812,3606,Running,0,0.00,1,0,0,0,-1.0000,0.0,0,0.000,41.440,0.000,0.0,0.0,0.0,0,54193.7808,14708.1052
51.064,3777,3572,Running,0,0.00,1,0,0,0,-1.0000,0.0,0,0.000,41.440,0.000,0.0,0.0,0.0,0,51632.4398,16741.2948
51.081,3743,3538,Running,0,0.00,1,0,0,0,-1.0000,0.0,0,0.000,41.440,0.000,0.0,0.0,0.0,0,48321.6257,16592.7676
51.098,3709,3504,Running,0,0.00,1,0,0,0,-1.0000,0.0,0,0.000,41.440,0.000,0.0,0.0,0.0,0,46908.9413,16036.7153
51.114,3675,3470,Running,0,0.00,1,0,0,0,-1.0000,0.0,0,0.000,41.440,0.000,0.0,0.0,0.0,0,45943.5354,16036.7153
51.131,3640,3436,Running,0,0.00,1,0,0,0,-1.0000,0.0,0,0.000,41.440,0.000,0.0,0.0,0.0,0,48258.7706,15549.2994
51.148,3606,3402,Running,0,0.00,1,0,0,0,-1.0000,0.0,0,0.000,41.440,0.000,0.0,0.0,0.0,0,52102.1935,15219.2090
51.164,3572,3369,Running,0,0.00,1,0,0,0,-1.0000,0.0,0,0.000,41.440,0.000,0.0,0.0,0.0,0,47213.8984,15908.5615
51.181,3538,3336,Running,0,0.00,1,0,0,0,-1.0000,0.0,0,0.000,41.440,0.000,0.0,0.0,0.0,0,37634.5203,15490.4801
51.198,3505,3302,Running,0,0.00,1,0,0,0,-1.0000,0.0,0,0.000,41.440,0.000,0.0,0.0,0.0,0,42345.6463,13732.5984
51.214,3471,3270,Running,0,0.00,1,0,0,0,-1.0000,0.0,0,0.000,41.440,0.000,0.0,0.0,0.0,0,53910.5703,16774.3851
51.231,3437,3237,Running,0,0.00,1,0,0,0,-1.0000,0.0,0,0.000,41.440,0.000,0.0,0.0,0.0,0,35344.2306,16255.9672
51.248,3404,3204,Running,0,0.00,1,0,0,0,-1.0000,0.0,0,0.000,41.440,0.000,0.0,0.0,0.0,0,47417.0473,17349.1744
51.264,3371,3172,Running,0,0.00,1,0,0,0,-1.0000,0.0,0,0.000,41.440,0.000,0.0,0.0,0.0,0,43564.0371,17327.0373
51.281,3338,3140,Running,0,0.00,1,0,0,0,-1.0000,0.0,0,0.000,41.440,0.000,0.0,0.0,0.0,0,41124.3701,16480.0232
51.298,3305,3108,Running,0,0.00,1,0,0,0,-1.0000,0.0,0,0.000,39.600,0.000,0.0,0.0,0.0,0,44433.0828,18432.6528
51.314,3272,3076,Running,0,0.00,1,0,0,0,-1.0000,0.0,0,0.000,39.600,0.000,0.0,0.0,0.0,0,42825.7415,16922.5114
51.331,3239,3044,Running,0,0.00,1,0,0,0,-1.0000,0.0,0,0.000,39.600,0.000,0.0,0.0,0.0,0,36539.5847,17993.5010
51.348,3207,3013,Running,0,0.00,1,0,0,0,-1.0000,0.0,0,0.000,39.600,0.000,0.0,0.0,0.0,0,50842.7820,19638.1082
51.364,3175,2983,Running,0,0.00,1,0,0,0,-1.0000,0.0,0,0.000,39.600,0.000,0.0,0.0,0.0,0,34673.8675,19312.7543
51.381,3143,2952,Running,0,0.00,1,0,0,0,-1.0000,0.0,0,0.000,39.600,0.000,0.0,0.0,0.0,0,43707.1663,19312.7543
51.398,3111,2922,Running,0,0.00,1,0,0,0,-1.0000,0.0,0,0.000,39.600,0.000,0.0,0.0,0.0,0,46736.2816,19644.6930
51.414,3079,2891,Running,0,0.00,1,0,0,0,-1.0000,0.0,0,0.000,39.600,0.000,0.0,0.0,0.0,0,40486.5351,19795.9393
51.431,3048,2862,Running,0,0.00,1,0,0,0,-1.0000,0.0,0,0.000,39.600,0.000,0.0,0.0,0.0,0,35419.9602,19427.5064
51.448,3017,2832,Running,0,0.00,1,0,0,0,-1.0000,0.0,0,0.000,39.600,0.000,0.0,0.0,0.0,0,39489.7626,19464.0340
51.464,2986,2802,Running,0,0.00,1,0,0,0,-1.0000,0.0,0,0.000,39.600,0.000,0.0,0.0,0.0,0,43013.3824,18645.1701
51.481,2956,2773,Running,0,0.00,1,0,0,0,-1.0000,0.0,0,0.000,39.600,0.000,0.0,0.0,0.0,0,43399.3930,21285.0566
51.498,2925,2744,Running,0,0.00,1,0,0,0,-1.0000,0.0,0,0.000,38.080,0.000,0.0,0.0,0.0,0,41454.8981,20497.0850
51.514,2895,2715,Running,0,0.00,1,0,0,0,-1.0000,0.0,0,0.000,38.080,0.000,0.0,0.0,0.0,0,41128.1690,21002.7887
51.531,2865,2687,Running,0,0.00,1,0,0,0,-1.0000,0.0,0,0.000,38.080,0.000,0.0,0.0,0.0,0,40209.1218,21002.7887
51.548,2836,2659,Running,0,0.00,1,0,0,0,-1.0000,0.0,0,0.000,38.080,0.000,0.0,0.0,0.0,0,37930.6255,21128.9651
51.564,2806,2631,Running,0,0.00,1,0,0,0,-1.0000,0.0,0,0.000,38.080,0.000,0.0,0.0,0.0,0,38468.1277,21114.2053
51.581,2777,2603,Running,0,0.00,1,0,0,0,-1.0000,0.0,0,0.000,38.080,0.000,0.0,0.0,0.0,0,37188.1273,20964.6653
51.598,2748,2575,Running,0,0.00,1,0,0,0,-1.0000,0.0,0,0.000,38.080,0.000,0.0,0.0,0.0,0,35860.4049,21498.9042
51.614,2719,2549,Running,0,0.00,1,0,0,0,-1.0000,0.0,0,0.000,38.080,0.000,0.0,0.0,0.0,0,39403.2399,21447.8839
51.631,2691,2523,Running,0,0.00,1,0,0,0,-1.0000,0.0,0,0.000,38.080,0.000,0.0,0.0,0.0,0,43417.7234,21568.3121
51.648,2663,2497,Running,0,0.00,1,0,0,0,-1.0000,0.0,0,0.000,38.080,0.000,0.0,0.0,0.0,0,44914.2376,21568.3121
51.664,2635,2470,Running,0,0.00,1,0,0,0,-1.0000,0.0,0,0.000,38.080,0.000,0.0,0.0,0.0,0,36664.7580,21716.4790
51.681,2608,2444,Running,0,0.00,1,0,0,0,-1.0000,0.0,0,0.000,38.080,0.000,0.0,0.0,0.0,0,30905.1306,22256.0752
51.698,2581,2418,Running,0,0.00,1,0,0,0,-1.0000,0.0,0,0.000,38.080,0.000,0.0,0.0,0.0,0,39511.9390,21829.3189
51.714,2553,2392,Running,0,0.00,1,0,0,0,-1.0000,0.0,0,0.000,38.080,0.000,0.0,0.0,0.0,0,42530.0623,21892.6957
51.731,2527,2367,Running,0,0.00,1,0,0,0,-1.0000,0.0,0,0.000,38.080,0.000,0.0,0.0,0.0,0,31980.6748,20156.5125
51.748,2500,2342,Running,0,0.00,1,0,0,0,-1.0000,0.0,0,0.000,38.080,0.000,0.0,0.0,0.0,0,38082.6818,21740.7877
51.764,2474,2317,Running,0,0.00,1,0,0,0,-1.0000,0.0,0,0.000,38.080,0.000,0.0,0.0,0.0,0,39345.4701,21740.7877
51.781,2448,2292,Running,0,0.00,1,0,0,0,-1.0000,0.0,0,0.000,38.080,0.000,0.0,0.0,0.0,0,31378.7614,21550.9987
51.798,2422,2269,Running,0,0.00,1,0,0,0,-1.0000,0.0,0,0.000,36.000,0.000,0.0,0.0,0.0,0,44417.3822,20873.2713
51.814,2396,2244,Running,0,0.00,1,0,0,0,-1.0000,0.0,0,0.000,36.000,0.000,0.0,0.0,0.0,0,28401.0758,20298.2671
51.831,2371,2221,Running,0,0.00,1,0,0,0,-1.0000,0.0,0,0.000,36.000,0.000,0.0,0.0,0.0,0,43578.1711,21070.8126
51.848,2346,2197,Running,0,0.00,1,0,0,0,-1.0000,0.0,0,0.000,36.000,0.000,0.0,0.0,0.0,0,28218.8313,20579.9945
51.864,2321,2174,Running,0,0.00,1,0,0,0,-1.0000,0.0,0,0.000,36.000,0.000,0.0,0.0,0.0,0,41754.8261,20890.3742
51.881,2297,2151,Running,0,0.00,1,0,0,0,-1.0000,0.0,0,0.000,36.000,0.000,0.0,0.0,0.0,0,32181.9295,18615.0699
51.898,2273,2128,Running,0,0.00,1,0,0,0,-1.0000,0.0,0,0.000,36.000,0.000,0.0,0.0,0.0,0,33513.6875,20997.2130
51.914,2249,2106,Running,0,0.00,1,0,0,0,-1.0000,0.0,0,0.000,36.000,0.000,0.0,0.0,0.0,0,39832.7364,21236.1556
51.931,2225,2083,Running,0,0.00,1,0,0,0,-1.0000,0.0,0,0.000,36.000,0.000,0.0,0.0,0.0,0,29176.3159,21870.6358
51.948,2201,2061,Running,0,0.00,1,0,0,0,-1.0000,0.0,0,0.000,36.000,0.000,0.0,0.0,0.0,0,33616.4407,20960.9787
51.964,2178,2040,Running,0,0.00,1,0,0,0,-1.0000,0.0,0,0.000,34.720,0.000,0.0,0.0,0.0,0,40237.8688,19880.6623
51.981,2155,2018,Running,0,0.00,1,0,0,0,-1.0000,0.0,0,0.000,34.720,0.000,0.0,0.0,0.0,0,31640.1836,21747.0311
51.998,2132,1997,Running,0,0.00,1,0,0,0,-1.0000,0.0,0,0.000,34.720,0.000,0.0,0.0,0.0,0,28145.2573,19966.9288
52.014,2110,1976,Running,0,0.00,1,0,0,0,-1.0000,0.0,0,0.000,34.720,0.000,0.0,0.0,0.0,0,35340.1774,22077.9687
52.031,2088,1957,Running,0,0.00,1,0,0,0,-1.0000,0.0,0,0.000,34.720,0.000,0.0,0.0,0.0,0,39076.0980,22077.9687
52.048,2066,1937,Running,0,0.00,1,0,0,0,-1.0000,0.0,0,0.000,34.720,0.000,0.0,0.0,0.0,0,36374.6492,21902.1434
52.064,2045,1917,Running,0,0.00,1,0,0,0,-1.0000,0.0,0,0.000,34.720,0.000,0.0,0.0,0.0,0,32447.8014,21642.0410
52.081,2024,1898,Running,0,0.00,1,0,0,0,-1.0000,0.0,0,0.000,34.720,0.000,0.0,0.0,0.0,0,29358.3218,22036.1107
52.098,2003,1878,Running,0,0.00,1,0,0,0,-1.0000,0.0,0,0.000,34.720,0.000,0.0,0.0,0.0,0,31488.1921,23453.2009
52.114,1982,1859,Running,0,0.00,1,0,0,0,-1.0000,0.0,0,0.000,34.720,0.000,0.0,0.0,0.0,0,33677.3933,22931.9974
52.131,1962,1840,Running,0,0.00,1,0,0,0,-1.0000,0.0,0,0.000,34.720,0.000,0.0,0.0,0.0,0,30712.6441,22883.1222
52.148,1941,1821,Running,0,0.00,1,0,0,0,-1.0000,0.0,0,0.000,33.280,0.000,0.0,0.0,0.0,0,30317.2070,23146.1271
52.164,1922,1803,Running,0,0.00,1,0,0,0,-1.0000,0.0,0,0.000,33.120,0.000,0.0,0.0,0.0,0,33049.9791,24275.3992
52.181,1902,1784,Running,0,0.00,1,0,0,0,-1.0000,0.0,0,0.000,33.120,0.000,0.0,0.0,0.0,0,30512.9672,24220.3417
52.198,1882,1766,Running,0,0.00,1,0,0,0,-1.0000,0.0,0,0.000,33.120,0.000,0.0,0.0,0.0,0,29996.7816,24448.0027
52.214,1863,1748,Running,0,0.00,1,0,0,0,-1.0000,0.0,0,0.000,33.120,0.000,0.0,0.0,0.0,0,30457.7974,24522.0523
52.231,1844,1730,Running,0,0.00,1,0,0,0,-1.0000,0.0,0,0.000,33.120,0.000,0.0,0.0,0.0,0,31315.5305,24325.8774
52.248,1825,1713,Running,0,0.00,1,0,0,0,-1.0000,0.0,0,0.000,33.120,0.000,0.0,0.0,0.0,0,29744.7474,22971.0156
52.264,1806,1695,Running,0,0.00,1,0,0,0,-1.0000,0.0,0,0.000,33.120,0.000,0.0,0.0,0.0,0,30613.9776,23661.3817
52.281,1788,1678,Running,0,0.00,1,0,0,0,-1.0000,0.0,0,0.000,33.120,0.000,0.0,0.0,0.0,0,30998.2902,22246.5579
52.298,1770,1662,Running,0,0.00,1,0,0,0,-1.0000,0.0,0,0.000,33.120,0.000,0.0,0.0,0.0,0,31832.7340,22246.5579
52.314,1752,1646,Running,0,0.00,1,0,0,0,-1.0000,0.0,0,0.000,32.080,0.000,0.0,0.0,0.0,0,27620.6722,17395.4967
52.331,1734,1630,Running,0,0.00,1,0,0,0,-1.0000,0.0,0,0.000,31.920,0.000,0.0,0.0,0.0,0,26612.9442,13339.5027
52.348,1717,1614,Running,0,0.00,1,0,0,0,-1.0000,0.0,0,0.000,31.920,0.000,0.0,0.0,0.0,0,30010.9480,14034.3434
52.364,1700,1598,Running,0,0.00,1,0,0,0,-1.0000,0.0,0,0.000,31.920,0.000,0.0,0.0,0.0,0,29366.6976,10804.3333
52.381,1683,1582,Running,0,0.00,1,0,0,0,-1.0000,0.0,0,0.000,31.920,0.000,0.0,0.0,0.0,0,31539.8762,13861.5657
52.398,1666,1568,Running,0,0.00,1,0,0,0,-1.0000,0.0,0,0.000,31.920,0.000,0.0,0.0,0.0,0,25813.6255,9713.9721
52.414,1650,1552,Running,0,0.00,1,0,0,0,-1.0000,0.0,0,0.000,31.920,0.000,0.0,0.0,0.0,0,26004.0791,9713.9721
52.431,1634,1537,Running,0,0.00,1,0,0,0,-1.0000,0.0,0,0.000,31.920,0.000,0.0,0.0,0.0,0,27818.1493,6701.5800
52.448,1618,1522,Running,0,0.00,1,0,0,0,-1.0000,0.0,0,0.000,31.920,0.000,0.0,0.0,0.0,0,29945.9731,7045.6038
52.464,1602,1507,Running,0,0.00,1,0,0,0,-1.0000,0.0,0,0.000,31.920,0.000,0.0,0.0,0.0,0,22104.5794,6832.2769
52.481,1586,1494,Running,0,0.00,1,0,0,0,-1.0000,0.0,0,0.000,31.920,0.000,0.0,0.0,0.0,0,29032.8947,6092.5410
52.498,1571,1480,Running,0,0.00,1,0,0,0,-1.0000,0.0,0,0.000,30.400,0.000,0.0,0.0,0.0,0,30523.5261,9336.2099
52.514,1556,1467,Running,0,0.00,1,0,0,0,-1.0000,0.0,0,0.000,30.240,0.000,0.0,0.0,0.0,0,22686.7821,9336.2099
52.531,1541,1454,Running,0,0.00,1,0,0,0,-1.0000,0.0,0,0.000,30.240,0.000,0.0,0.0,0.0,0,30304.8184,6698.6831
52.548,1527,1440,Running,0,0.00,1,0,0,0,-1.0000,0.0,0,0.000,30.240,0.000,0.0,0.0,0.0,0,26177.7855,5197.0201
52.564,1512,1427,Running,0,0.00,1,0,0,0,-1.0000,0.0,0,0.000,30.240,0.000,0.0,0.0,0.0,0,25351.4228,5824.2140
52.581,1498,1415,Running,0,0.00,1,0,0,0,-1.0000,0.0,0,0.000,30.240,0.000,0.0,0.0,0.0,0,28937.8569,7077.1396
52.598,1484,1401,Running,0,0.00,1,0,0,0,-1.0000,0.0,0,0.000,30.240,0.000,0.0,0.0,0.0,0,20085.9976,5885.8179
52.614,1471,1389,Running,0,0.00,1,0,0,0,-1.0000,0.0,0,0.000,30.240,0.000,0.0,0.0,0.0,0,29200.4816,5453.5480
52.631,1457,1376,Running,0,0.00,1,0,0,0,-1.0000,0.0,0,0.000,30.240,0.000,0.0,0.0,0.0,0,21493.8871,7423.3048
52.648,1444,1364,Running,0,0.00,1,0,0,0,-1.0000,0.0,0,0.000,30.240,0.000,0.0,0.0,0.0,0,26404.4788,9118.9552
52.664,1430,1351,Running,0,0.00,1,0,0,0,-1.0000,0.0,0,0.000,30.240,0.000,0.0,0.0,0.0,0,22166.9305,7636.8106
52.681,1417,1339,Running,0,0.00,1,0,0,0,-1.0000,0.0,0,0.000,30.240,0.000,0.0,0.0,0.0,0,26423.1144,7636.8106
52.698,1404,1327,Running,0,0.00,1,0,0,0,-1.0000,0.0,0,0.000,28.800,0.000,0.0,0.0,0.0,0,21349.5001,8088.3501
52.714,1391,1316,Running,0,0.00,1,0,0,0,-1.0000,0.0,0,0.000,28.800,0.000,0.0,0.0,0.0,0,27824.1971,8073.9182
52.731,1379,1304,Running,0,0.00,1,0,0,0,-1.0000,0.0,0,0.000,28.720,0.000,0.0,0.0,0.0,0,19471.3253,8605.6137
52.748,1367,1293,Running,0,0.00,1,0,0,0,-1.0000,0.0,0,0.000,28.720,0.000,0.0,0.0,0.0,0,28690.3570,9632.2360
52.764,1354,1282,Running,0,0.00,1,0,0,0,-1.0000,0.0,0,0.000,28.720,0.000,0.0,0.0,0.0,0,22076.0511,10743.1586
52.781,1343,1273,Running,0,0.00,1,0,0,0,-1.0000,0.0,0,0.000,28.720,0.000,0.0,0.0,0.0,0,25735.8081,10503.6777
52.798,1331,1262,Running,0,0.00,1,0,0,0,-1.0000,0.0,0,0.000,28.720,0.000,0.0,0.0,0.0,0,21853.8294,10503.6777
52.814,1319,1251,Running,0,0.00,1,0,0,0,-1.0000,0.0,0,0.000,28.720,0.000,0.0,0.0,0.0,0,20606.9202,11467.3106
52.831,1308,1241,Running,0,0.00,1,0,0,0,-1.0000,0.0,0,0.000,27.760,0.000,0.0,0.0,0.0,0,25403.4175,10995.0001
52.848,1297,1232,Running,0,0.00,1,0,0,0,-1.0000,0.0,0,0.000,27.760,0.000,0.0,0.0,0.0,0,22475.0204,11496.9515
52.864,1286,1221,Running,0,0.00,1,0,0,0,-1.0000,0.0,0,0.000,27.760,0.000,0.0,0.0,0.0,0,24498.3142,11536.9269
52.881,1276,1213,Running,0,0.00,1,0,0,0,-1.0000,0.0,0,0.000,27.760,0.000,0.0,0.0,0.0,0,21403.1523,11504.1794
52.898,1265,1203,Running,0,0.00,1,0,0,0,-1.0000,0.0,0,0.000,27.760,0.000,0.0,0.0,0.0,0,19835.0756,12515.7475
52.914,1255,1193,Running,0,0.00,1,0,0,0,-1.0000,0.0,0,0.000,27.760,0.000,0.0,0.0,0.0,0,27190.3921,10537.5338
52.931,1245,1185,Running,0,0.00,1,0,0,0,-1.0000,0.0,0,0.000,27.760,0.000,0.0,0.0,0.0,0,19487.5392,12662.0254
52.948,1235,1174,Running,0,0.00,1,0,0,0,-1.0000,0.0,0,0.000,27.760,0.000,0.0,0.0,0.0,0,20459.7607,12126.8253
52.964,1225,1165,Running,0,0.00,1,0,0,0,-1.0000,0.0,0,0.000,27.760,0.000,0.0,0.0,0.0,0,23133.1902,12113.9102
52.981,1215,1157,Running,0,0.00,1,0,0,0,-1.0000,0.0,0,0.000,27.760,0.000,0.0,0.0,0.0,0,21744.4795,12835.5985
52.998,1205,1148,Running,0,0.00,1,0,0,0,-1.0000,0.0,0,0.000,27.760,0.000,0.0,0.0,0.0,0,20437.1614,12488.3690
53.014,1196,1139,Running,0,0.00,1,0,0,0,-1.0000,0.0,0,0.000,27.760,0.000,0.0,0.0,0.0,0,18912.7917,11212.3959
53.031,1186,1131,Running,0,0.00,1,0,0,0,-1.0000,0.0,0,0.000,27.760,0.000,0.0,0.0,0.0,0,25863.5594,9854.3253
53.048,1177,1124,Running,0,0.00,1,0,0,0,-1.0000,0.0,0,0.000,27.760,0.000,0.0,0.0,0.0,0,19918.0901,12125.0652
53.064,1168,1116,Running,0,0.00,1,0,0,0,-1.0000,0.0,0,0.000,27.760,0.000,0.0,0.0,0.0,0,21193.1424,12125.0652
53.081,1160,1107,Running,0,0.00,1,0,0,0,-1.0000,0.0,0,0.000,27.760,0.000,0.0,0.0,0.0,0,16622.4946,11392.2174
53.098,1151,1102,Running,0,0.00,1,0,0,0,-1.0000,0.0,0,0.000,27.760,0.000,0.0,0.0,0.0,0,26986.4288,12247.9802
53.114,1143,1097,Running,0,0.00,1,0,0,0,-1.0000,0.0,0,0.000,27.760,0.000,0.0,0.0,0.0,0,23198.6459,13186.1761
53.131,1136,1090,Running,0,0.00,1,0,0,0,-1.0000,0.0,0,0.000,27.760,0.000,0.0,0.0,0.0,0,21910.7758,10497.8428
53.148,1128,1081,Running,0,0.00,1,0,0,0,-1.0000,0.0,0,0.000,27.760,0.000,0.0,0.0,0.0,0,15560.4966,12224.2739
53.164,1120,1076,Running,0,0.00,1,0,0,0,-1.0000,0.0,0,0.000,27.760,0.000,0.0,0.0,0.0,0,19297.6303,12155.3641
53.181,1113,1071,Running,0,0.00,1,0,0,0,-1.0000,0.0,0,0.000,27.760,0.000,0.0,0.0,0.0,0,28733.3064,11178.2728
53.198,1106,1064,Running,0,0.00,1,0,0,0,-1.0000,0.0,0,0.000,27.760,0.000,0.0,0.0,0.0,0,18594.4620,12104.6220
53.214,1099,1058,Running,0,0.00,1,0,0,0,-1.0000,0.0,0,0.000,24.800,0.000,0.0,0.0,0.0,0,21273.8843,11132.3610
53.231,1092,1052,Running,0,0.00,1,0,0,0,-1.0000,0.0,0,0.000,24.800,0.000,0.0,0.0,0.0,0,18300.5859,12434.0254
53.248,1086,1045,Running,0,0.00,1,0,0,0,-1.0000,0.0,0,0.000,24.800,0.000,0.0,0.0,0.0,0,18100.9261,11577.4408
53.264,1079,1038,Running,0,0.00,1,0,0,0,-1.0000,0.0,0,0.000,24.800,0.000,0.0,0.0,0.0,0,22772.6360,11986.4169
53.281,1072,1033,Running,0,0.00,1,0,0,0,-1.0000,0.0,0,0.000,24.800,0.000,0.0,0.0,0.0,0,22615.0249,11817.2993
53.298,1066,1029,Running,0,0.00,1,0,0,0,-1.0000,0.0,0,0.000,24.800,0.000,0.0,0.0,0.0,0,21187.9183,10121.3543
53.314,1060,1024,Running,0,0.00,1,0,0,0,-1.0000,0.0,0,0.000,24.800,0.000,0.0,0.0,0.0,0,19181.0921,11610.9786
53.331,1054,1017,Running,0,0.00,1,0,0,0,-1.0000,0.0,0,0.000,24.800,0.000,0.0,0.0,0.0,0,20857.9384,10728.0088
53.348,1048,1011,Running,0,0.00,1,0,0,0,-1.0000,0.0,0,0.000,24.800,0.000,0.0,0.0,0.0,0,15169.3859,12385.6801
53.364,1042,1006,Running,0,0.00,1,0,0,0,-1.0000,0.0,0,0.000,24.800,0.000,0.0,0.0,0.0,0,18070.4936,11387.3322
53.381,1036,1003,Running,0,0.00,1,0,0,0,-1.0000,0.0,0,0.000,24.800,0.000,0.0,0.0,0.0,0,22273.2549,11198.5582
53.398,1031,1000,Running,0,0.00,1,0,0,0,-1.0000,0.0,0,0.000,24.800,0.000,0.0,0.0,0.0,0,25330.6626,11400.2731
53.414,1026,997,Running,0,0.00,1,0,0,0,-1.0000,0.0,0,0.000,24.800,0.000,0.0,0.0,0.0,0,23763.0540,10124.7479
53.431,1021,995,Running,0,0.00,1,0,0,0,-1.0000,0.0,0,0.000,24.800,0.000,0.0,0.0,0.0,0,21364.6041,11680.1172
53.448,1017,992,Running,0,0.00,1,0,0,0,-1.0000,0.0,0,0.000,24.800,0.000,0.0,0.0,0.0,0,19665.2698,11680.1172
53.464,1012,988,Running,0,0.00,1,0,0,0,-1.0000,0.0,0,0.000,24.800,0.000,0.0,0.0,0.0,0,22307.1379,11964.4218
53.481,1008,984,Running,0,0.00,1,0,0,0,-1.0000,0.0,0,0.000,24.800,0.000,0.0,0.0,0.0,0,17033.5247,11384.3460
53.498,1004,981,Running,0,0.00,1,0,0,0,-1.0000,0.0,0,0.000,24.800,0.000,0.0,0.0,0.0,0,20563.2062,11740.2708
53.514,1001,979,Running,0,0.00,1,0,0,0,-1.0000,0.0,0,0.000,24.800,0.000,0.0,0.0,0.0,0,18551.3206,10863.2207
53.531,997,975,Running,0,0.00,1,0,0,0,-1.0000,0.0,0,0.000,24.800,0.000,0.0,0.0,0.0,0,20958.0329,10115.2526
53.548,994,971,Running,0,0.00,1,0,0,0,-1.0000,0.0,0,0.000,24.800,0.000,0.0,0.0,0.0,0,21413.7980,12535.1096
53.564,990,970,Running,0,0.00,1,0,0,0,-1.0000,0.0,0,0.000,24.800,0.000,0.0,0.0,0.0,0,22286.3254,12535.1096
53.581,987,968,Running,0,0.00,1,0,0,0,-1.0000,0.0,0,0.000,24.800,0.000,0.0,0.0,0.0,0,25569.2439,12146.8518
53.598,984,967,Running,0,0.00,1,0,0,0,-1.0000,0.0,0,0.000,21.920,0.000,0.0,0.0,0.0,0,23086.8762,9518.7992
53.614,981,966,Running,0,0.00,1,0,0,0,-1.0000,0.0,0,0.000,21.920,0.000,0.0,0.0,0.0,0,22438.4042,12415.1667
53.631,978,962,Running,0,0.00,1,0,0,0,-1.0000,0.0,0,0.000,21.920,0.000,0.0,0.0,0.0,0,18525.2689,10674.9188
53.637,975,958,Running,0,0.00,1,0,0,0,-1.0000,0.0,0,0.000,21.920,0.000,0.0,0.0,0.0,0,18373.8092,9162.3678
53.664,972,955,Running,0,0.00,1,0,0,0,-1.0000,0.0,0,0.000,21.920,0.000,0.0,0.0,0.0,0,19864.6484,10856.0340
53.681,969,952,Running,0,0.00,1,0,0,0,-1.0000,0.0,0,0.000,21.920,0.000,0.0,0.0,0.0,0,22541.8544,10694.6813
53.698,966,951,Running,0,0.00,1,0,0,0,-1.0000,0.0,0,0.000,21.920,0.000,0.0,0.0,0.0,0,18484.6199,10616.4026
53.714,964,948,Running,0,0.00,1,0,0,0,-1.0000,0.0,0,0.000,21.920,0.000,0.0,0.0,0.0,0,21917.9521,10616.4026
53.731,961,945,Running,0,0.00,1,0,0,0,-1.0000,0.0,0,0.000,20.960,0.000,0.0,0.0,0.0,0,17707.8691,10768.0837
53.748,959,942,Running,0,0.00,1,0,0,0,-1.0000,0.0,0,0.000,20.960,0.000,0.0,0.0,0.0,0,17669.5775,10651.3711
53.765,956,942,Running,0,0.00,1,0,0,0,-1.0000,0.0,0,0.000,20.960,0.000,0.0,0.0,0.0,0,19951.3941,11835.1361
53.781,954,938,Running,0,0.00,1,0,0,0,-1.0000,0.0,0,0.000,20.960,0.000,0.0,0.0,0.0,0,22344.0116,9407.6551
53.798,951,934,Running,0,0.00,1,0,0,0,-1.0000,0.0,0,0.000,20.960,0.000,0.0,0.0,0.0,0,19009.8935,8645.2615
53.814,949,933,Running,0,0.00,1,0,0,0,-1.0000,0.0,0,0.000,20.960,0.000,0.0,0.0,0.0,0,19344.7606,11504.6573
53.831,947,934,Running,0,0.00,1,0,0,0,-1.0000,0.0,0,0.000,20.960,0.000,0.0,0.0,0.0,0,22418.9289,11504.6573
53.848,944,931,Running,0,0.00,1,0,0,0,-1.0000,0.0,0,0.000,20.960,0.000,0.0,0.0,0.0,0,24111.7974,8235.1818
53.864,942,929,Running,0,0.00,1,0,0,0,-1.0000,0.0,0,0.000,20.960,0.000,0.0,0.0,0.0,0,20483.9501,10363.2360
53.881,940,926,Running,0,0.00,1,0,0,0,-1.0000,0.0,0,0.000,20.960,0.000,0.0,0.0,0.0,0,21519.7764,11281.3684
53.898,938,925,Running,0,0.00,1,0,0,0,-1.0000,0.0,0,0.000,20.960,0.000,0.0,0.0,0.0,0,21450.6951,10169.9072
53.914,936,927,Running,0,0.00,1,0,0,0,-1.0000,0.0,0,0.000,20.960,0.000,0.0,0.0,0.0,0,23000.8379,9551.8657
53.931,935,929,Running,0,0.00,1,0,0,0,-1.0000,0.0,0,0.000,19.600,0.000,0.0,0.0,0.0,0,24846.7273,9551.8657
53.948,934,931,Running,0,0.00,1,0,0,0,-1.0000,0.0,0,0.000,19.600,0.000,0.0,0.0,0.0,0,24311.3343,9561.7861
53.964,933,931,Running,0,0.00,1,0,0,0,-1.0000,0.0,0,0.000,19.600,0.000,0.0,0.0,0.0,0,20277.5797,11592.4481
53.981,933,931,Running,0,0.00,1,0,0,0,-1.0000,0.0,0,0.000,19.600,0.000,0.0,0.0,0.0,0,23638.3968,11352.0443
53.998,932,929,Running,0,0.00,1,0,0,0,-1.0000,0.0,0,0.000,19.600,0.000,0.0,0.0,0.0,0,18228.2345,12579.0566
54.014,932,929,Running,0,0.00,1,0,0,0,-1.0000,0.0,0,0.000,19.600,0.000,0.0,0.0,0.0,0,21797.6502,10133.3650
54.031,931,930,Running,0,0.00,1,0,0,0,-1.0000,0.0,0,0.000,19.600,0.000,0.0,0.0,0.0,0,22723.8406,8008.0723
54.048,931,930,Running,0,0.00,1,0,0,0,-1.0000,0.0,0,0.000,19.600,0.000,0.0,0.0,0.0,0,23915.3262,9475.2354
54.065,930,927,Running,0,0.00,1,0,0,0,-1.0000,0.0,0,0.000,19.600,0.000,0.0,0.0,0.0,0,18936.1045,10733.5139
54.081,929,926,Running,0,0.00,1,0,0,0,-1.0000,0.0,0,0.000,19.600,0.000,0.0,0.0,0.0,0,20792.8346,11578.6934
54.098,929,924,Running,0,0.00,1,0,0,0,-1.0000,0.0,0,0.000,19.600,0.000,0.0,0.0,0.0,0,21508.5094,11873.2215
54.114,928,925,Running,0,0.00,1,0,0,0,-1.0000,0.0,0,0.000,19.600,0.000,0.0,0.0,0.0,0,20469.5453,9998.0745
54.131,927,925,Running,0,0.00,1,0,0,0,-1.0000,0.0,0,0.000,19.600,0.000,0.0,0.0,0.0,0,24593.1719,9388.8167
54.148,927,926,Running,0,0.00,1,0,0,0,-1.0000,0.0,0,0.000,18.240,0.000,0.0,0.0,0.0,0,21388.3489,10162.4425
54.156,927,926,Running,0,0.00,1,0,0,0,-1.0000,0.0,0,0.000,18.240,0.000,0.0,0.0,0.0,0,22081.2014,10123.9362
54.156,927,926,Running,0,0.00,1,0,0,0,-1.0000,0.0,0,0.000,18.240,0.000,0.0,0.0,0.0,0,20725.7068,9518.9671
54.198,927,927,Running,0,0.00,1,0,0,0,-1.0000,0.0,0,0.000,18.240,0.000,0.0,0.0,0.0,0,21202.1339,9518.9671
54.214,927,931,Running,0,0.00,1,0,0,0,-1.0000,0.0,0,0.000,18.240,0.000,0.0,0.0,0.0,0,23130.0394,11645.7526
54.231,928,931,Running,0,0.00,1,0,0,0,-1.0000,0.0,0,0.000,18.240,0.000,0.0,0.0,0.0,0,24047.8632,8843.4474
54.248,928,929,Running,0,0.00,1,0,0,0,-1.0000,0.0,0,0.000,18.240,0.000,0.0,0.0,0.0,0,20868.8139,13254.4797
54.264,929,927,Running,0,0.00,1,0,0,0,-1.0000,0.0,0,0.000,18.240,0.000,0.0,0.0,0.0,0,20090.2257,12366.6897
54.281,929,928,Running,0,0.00,1,0,0,0,-1.0000,0.0,0,0.000,18.240,0.000,0.0,0.0,0.0,0,21467.5220,11721.1949
54.298,928,926,Running,0,0.00,1,0,0,0,-1.0000,0.0,0,0.000,17.360,0.000,0.0,0.0,0.0,0,23923.1753,9946.7545
54.314,928,928,Running,0,0.00,1,0,0,0,-1.0000,0.0,0,0.000,17.280,0.000,0.0,0.0,0.0,0,21019.3824,10696.6947
54.331,928,927,Running,0,0.00,1,0,0,0,-1.0000,0.0,0,0.000,17.280,0.000,0.0,0.0,0.0,0,25341.8967,9767.2119
54.348,928,929,Running,0,0.00,1,0,0,0,-1.0000,0.0,0,0.000,17.280,0.000,0.0,0.0,0.0,0,22512.1052,10142.5029
54.364,928,928,Running,0,0.00,1,0,0,0,-1.0000,0.0,0,0.000,17.280,0.000,0.0,0.0,0.0,0,24740.5334,9835.5674
54.381,928,926,Running,0,0.00,1,0,0,0,-1.0000,0.0,0,0.000,17.280,0.000,0.0,0.0,0.0,0,22731.0536,10468.9746
54.398,928,926,Running,0,0.00,1,0,0,0,-1.0000,0.0,0,0.000,17.280,0.000,0.0,0.0,0.0,0,22815.0827,10390.3928
54.414,928,930,Running,0,0.00,1,0,0,0,-1.0000,0.0,0,0.000,17.280,0.000,0.0,0.0,0.0,0,25517.5047,10971.8745
54.431,929,933,Running,0,0.00,1,0,0,0,-1.0000,0.0,0,0.000,17.280,0.000,0.0,0.0,0.0,0,27693.4703,8792.4714
54.448,929,933,Running,0,0.00,1,0,0,0,-1.0000,0.0,0,0.000,17.280,0.000,0.0,0.0,0.0,0,22904.8728,11398.9629
54.464,930,935,Running,0,0.00,1,0,0,0,-1.0000,0.0,0,0.000,17.280,0.000,0.0,0.0,0.0,0,25709.6744,10751.7243
54.481,930,935,Running,0,0.00,1,0,0,0,-1.0000,0.0,0,0.000,17.280,0.000,0.0,0.0,0.0,0,20357.6002,10751.7243
54.498,931,938,Running,0,0.00,1,0,0,0,-1.0000,0.0,0,0.000,16.240,0.000,0.0,0.0,0.0,0,26070.0883,11310.7394
54.514,932,941,Running,0,0.00,1,0,0,0,-1.0000,0.0,0,0.000,16.240,0.000,0.0,0.0,0.0,0,24396.5018,13371.8578
54.531,934,942,Running,0,0.00,1,0,0,0,-1.0000,0.0,0,0.000,16.240,0.000,0.0,0.0,0.0,0,24708.4294,10656.1661
54.548,935,942,Running,0,0.00,1,0,0,0,-1.0000,0.0,0,0.000,16.240,0.000,0.0,0.0,0.0,0,22586.8066,12995.9864
54.564,936,943,Running,0,0.00,1,0,0,0,-1.0000,0.0,0,0.000,16.240,0.000,0.0,0.0,0.0,0,22423.1866,13483.3611
54.581,937,943,Running,0,0.00,1,0,0,0,-1.0000,0.0,0,0.000,16.240,0.000,0.0,0.0,0.0,0,24573.6107,12906.0625
54.598,938,941,Running,0,0.00,1,0,0,0,-1.0000,0.0,0,0.000,16.240,0.000,0.0,0.0,0.0,0,21302.5705,9367.6029
54.615,938,940,Running,0,0.00,1,0,0,0,-1.0000,0.0,0,0.000,16.240,0.000,0.0,0.0,0.0,0,20274.3861,11827.7164
54.631,939,943,Running,0,0.00,1,0,0,0,-1.0000,0.0,0,0.000,16.240,0.000,0.0,0.0,0.0,0,22464.2532,11827.7164
54.648,940,946,Running,0,0.00,1,0,0,0,-1.0000,0.0,0,0.000,16.240,0.000,0.0,0.0,0.0,0,24676.3394,9889.8259
54.664,941,944,Running,0,0.00,1,0,0,0,-1.0000,0.0,0,0.000,16.240,0.000,0.0,0.0,0.0,0,23880.0664,12342.5687
54.681,941,943,Running,0,0.00,1,0,0,0,-1.0000,0.0,0,0.000,16.240,0.000,0.0,0.0,0.0,0,20938.5144,14042.7879
54.698,942,944,Running,0,0.00,1,0,0,0,-1.0000,0.0,0,0.000,16.240,0.000,0.0,0.0,0.0,0,22689.5452,14859.5895
54.714,942,945,Running,0,0.00,1,0,0,0,-1.0000,0.0,0,0.000,16.240,0.000,0.0,0.0,0.0,0,26444.0066,9939.1612
54.731,943,945,Running,0,0.00,1,0,0,0,-1.0000,0.0,0,0.000,16.240,0.000,0.0,0.0,0.0,0,25368.0217,10707.4676
54.748,943,945,Running,0,0.00,1,0,0,0,-1.0000,0.0,0,0.000,16.240,0.000,0.0,0.0,0.0,0,25246.7946,12939.3089
54.765,943,945,Running,0,0.00,1,0,0,0,-1.0000,0.0,0,0.000,16.240,0.000,0.0,0.0,0.0,0,25799.4334,12141.5166
54.781,944,949,Running,0,0.00,1,0,0,0,-1.0000,0.0,0,0.000,16.240,0.000,0.0,0.0,0.0,0,27286.1402,10036.3658
54.798,945,953,Running,0,0.00,1,0,0,0,-1.0000,0.0,0,0.000,14.560,0.000,0.0,0.0,0.0,0,28397.8731,12121.5465
54.815,947,957,Running,0,0.00,1,0,0,0,-1.0000,0.0,0,0.000,14.560,0.000,0.0,0.0,0.0,0,26251.8110,11322.4611
54.831,948,959,Running,0,0.00,1,0,0,0,-1.0000,0.0,0,0.000,14.560,0.000,0.0,0.0,0.0,0,24219.1979,16240.9895
54.848,950,961,Running,0,0.00,1,0,0,0,-1.0000,0.0,0,0.000,14.560,0.000,0.0,0.0,0.0,0,24314.0249,12898.0975
54.864,951,962,Running,0,0.00,1,0,0,0,-1.0000,0.0,0,0.000,14.560,0.000,0.0,0.0,0.0,0,24003.3365,12898.0975
54.881,953,963,Running,0,0.00,1,0,0,0,-1.0000,0.0,0,0.000,14.560,0.000,0.0,0.0,0.0,0,24674.4057,13926.6830
54.898,954,961,Running,0,0.00,1,0,0,0,-1.0000,0.0,0,0.000,14.560,0.000,0.0,0.0,0.0,0,23352.4469,12584.0942
54.915,955,959,Running,0,0.00,1,0,0,0,-1.0000,0.0,0,0.000,14.560,0.000,0.0,0.0,0.0,0,19154.1057,14105.4989
54.931,956,957,Running,0,0.00,1,0,0,0,-1.0000,0.0,0,0.000,14.560,0.000,0.0,0.0,0.0,0,21253.0761,11862.0709
54.948,956,957,Running,0,0.00,1,0,0,0,-1.0000,0.0,0,0.000,14.560,0.000,0.0,0.0,0.0,0,22514.9755,14421.2415
54.964,957,957,Running,0,0.00,1,0,0,0,-1.0000,0.0,0,0.000,14.560,0.000,0.0,0.0,0.0,0,24661.6030,10421.4565
54.981,957,959,Running,0,0.00,1,0,0,0,-1.0000,0.0,0,0.000,14.560,0.000,0.0,0.0,0.0,0,24550.7058,11282.7705
54.998,957,961,Running,0,0.00,1,0,0,0,-1.0000,0.0,0,0.000,14.560,0.000,0.0,0.0,0.0,0,28172.5905,10540.5092
55.014,958,961,Running,0,0.00,1,0,0,0,-1.0000,0.0,0,0.000,14.560,0.000,0.0,0.0,0.0,0,29106.5422,10777.1650
55.031,958,960,Running,0,0.00,1,0,0,0,-1.0000,0.0,0,0.000,14.560,0.000,0.0,0.0,0.0,0,25040.9666,10777.1650
55.048,958,960,Running,0,0.00,1,0,0,0,-1.0000,0.0,0,0.000,14.560,0.000,0.0,0.0,0.0,0,23247.0203,11185.0209
55.064,959,963,Running,0,0.00,1,0,0,0,-1.0000,0.0,0,0.000,14.560,0.000,0.0,0.0,0.0,0,25263.3639,9496.3710
55.081,959,965,Running,0,0.00,1,0,0,0,-1.0000,0.0,0,0.000,14.560,0.000,0.0,0.0,0.0,0,26841.9480,12463.9189
55.098,960,964,Running,0,0.00,1,0,0,0,-1.0000,0.0,0,0.000,14.560,0.000,0.0,0.0,0.0,0,21960.6002,9746.8367
55.114,961,964,Running,0,0.00,1,0,0,0,-1.0000,0.0,0,0.000,14.560,0.000,0.0,0.0,0.0,0,22776.2026,13177.6579
55.131,961,965,Running,0,0.00,1,0,0,0,-1.0000,0.0,0,0.000,14.560,0.000,0.0,0.0,0.0,0,24269.1210,13177.6579
55.148,962,964,Running,0,0.00,1,0,0,0,-1.0000,0.0,0,0.000,14.560,0.000,0.0,0.0,0.0,0,22432.6267,10988.7377
55.164,962,967,Running,0,0.00,1,0,0,0,-1.0000,0.0,0,0.000,14.560,0.000,0.0,0.0,0.0,0,20370.7950,13601.8474
55.181,963,966,Running,0,0.00,1,0,0,0,-1.0000,0.0,0,0.000,14.560,0.000,0.0,0.0,0.0,0,26354.8025,11756.3941
55.198,964,965,Running,0,0.00,1,0,0,0,-1.0000,0.0,0,0.000,14.560,0.000,0.0,0.0,0.0,0,22961.4320,12666.0149
55.214,964,966,Running,0,0.00,1,0,0,0,-1.0000,0.0,0,0.000,14.560,0.000,0.0,0.0,0.0,0,25270.2519,12150.3763
55.231,964,966,Running,0,0.00,1,0,0,0,-1.0000,0.0,0,0.000,14.560,0.000,0.0,0.0,0.0,0,28114.3326,13497.6585
55.248,965,968,Running,0,0.00,1,0,0,0,-1.0000,0.0,0,0.000,14.560,0.000,0.0,0.0,0.0,0,28533.7858,13497.6585
55.264,965,967,Running,0,0.00,1,0,0,0,-1.0000,0.0,0,0.000,14.560,0.000,0.0,0.0,0.0,0,24812.9460,13400.6381
55.281,966,968,Running,0,0.00,1,0,0,0,-1.0000,0.0,0,0.000,14.560,0.000,0.0,0.0,0.0,0,25306.2085,11272.9073
55.298,966,969,Running,0,0.00,1,0,0,0,-1.0000,0.0,0,0.000,14.560,0.000,0.0,0.0,0.0,0,21497.6129,13857.5382
55.315,966,972,Running,0,0.00,1,0,0,0,-1.0000,0.0,0,0.000,14.560,0.000,0.0,0.0,0.0,0,27707.1194,11631.0607
55.331,967,974,Running,0,0.00,1,0,0,0,-1.0000,0.0,0,0.000,14.560,0.000,0.0,0.0,0.0,0,25042.1747,8281.7458
55.348,968,973,Running,0,0.00,1,0,0,0,-1.0000,0.0,0,0.000,14.560,0.000,0.0,0.0,0.0,0,23502.2991,15402.7006
55.365,969,973,Running,0,0.00,1,0,0,0,-1.0000,0.0,0,0.000,14.560,0.000,0.0,0.0,0.0,0,20220.8472,13647.7236
55.381,970,972,Running,0,0.00,1,0,0,0,-1.0000,0.0,0,0.000,14.560,0.000,0.0,0.0,0.0,0,22853.5014,13647.7236
55.398,970,970,Running,0,0.00,1,0,0,0,-1.0000,0.0,0,0.000,14.560,0.000,0.0,0.0,0.0,0,22569.8734,11651.3590
55.414,970,969,Running,0,0.00,1,0,0,0,-1.0000,0.0,0,0.000,10.880,0.000,0.0,0.0,0.0,0,23775.9057,14028.5915
55.431,970,970,Running,0,0.00,1,0,0,0,-1.0000,0.0,0,0.000,10.880,0.000,0.0,0.0,0.0,0,26874.6118,10440.0578
55.448,970,969,Running,0,0.00,1,0,0,0,-1.0000,0.0,0,0.000,10.880,0.000,0.0,0.0,0.0,0,28266.4691,13600.4763
55.464,970,970,Running,0,0.00,1,0,0,0,-1.0000,0.0,0,0.000,10.880,0.000,0.0,0.0,0.0,0,25864.2916,11377.3167
55.481,970,971,Running,0,0.00,1,0,0,0,-1.0000,0.0,0,0.000,10.880,0.000,0.0,0.0,0.0,0,26524.9227,13651.9706
55.498,970,970,Running,0,0.00,1,0,0,0,-1.0000,0.0,0,0.000,10.320,0.000,0.0,0.0,0.0,0,20702.0136,10066.6852
55.514,970,970,Running,0,0.00,1,0,0,0,-1.0000,0.0,0,0.000,10.240,0.000,0.0,0.0,0.0,0,25105.9817,10066.6852
55.531,970,968,Running,0,0.00,1,0,0,0,-1.0000,0.0,0,0.000,10.240,0.000,0.0,0.0,0.0,0,21816.7917,12482.0959
55.548,969,968,Running,0,0.00,1,0,0,0,-1.0000,0.0,0,0.000,10.240,0.000,0.0,0.0,0.0,0,22372.1831,11982.7042
55.564,969,968,Running,0,0.00,1,0,0,0,-1.0000,0.0,0,0.000,10.240,0.000,0.0,0.0,0.0,0,23109.6102,12627.0069
55.581,969,967,Running,0,0.00,1,0,0,0,-1.0000,0.0,0,0.000,10.240,0.000,0.0,0.0,0.0,0,21374.2626,10976.8645
55.598,969,966,Running,0,0.00,1,0,0,0,-1.0000,0.0,0,0.000,10.240,0.000,0.0,0.0,0.0,0,21665.4667,10931.6183
55.614,969,969,Running,0,0.00,1,0,0,0,-1.0000,0.0,0,0.000,10.240,0.000,0.0,0.0,0.0,0,23367.5840,13766.0338
55.631,969,969,Running,0,0.00,1,0,0,0,-1.0000,0.0,0,0.000,10.240,0.000,0.0,0.0,0.0,0,27582.1584,13766.0338
55.648,969,973,Running,0,0.00,1,0,0,0,-1.0000,0.0,0,0.000,10.240,0.000,0.0,0.0,0.0,0,27089.3218,10851.7170
55.664,970,974,Running,0,0.00,1,0,0,0,-1.0000,0.0,0,0.000,10.240,0.000,0.0,0.0,0.0,0,31419.4109,14337.2055
55.681,971,974,Running,0,0.00,1,0,0,0,-1.0000,0.0,0,0.000,10.240,0.000,0.0,0.0,0.0,0,25131.6777,11947.5346
55.698,971,976,Running,0,0.00,1,0,0,0,-1.0000,0.0,0,0.000,9.200,0.000,0.0,0.0,0.0,0,25718.3452,15235.4506
55.714,972,979,Running,0,0.00,1,0,0,0,-1.0000,0.0,0,0.000,9.200,0.000,0.0,0.0,0.0,0,24868.4212,10644.6339
55.731,973,981,Running,0,0.00,1,0,0,0,-1.0000,0.0,0,0.000,9.200,0.000,0.0,0.0,0.0,0,26409.2690,12137.6465
55.748,974,980,Running,0,0.00,1,0,0,0,-1.0000,0.0,0,0.000,9.200,0.000,0.0,0.0,0.0,0,24310.2641,11533.7129
55.764,975,977,Running,0,0.00,1,0,0,0,-1.0000,0.0,0,0.000,9.200,0.000,0.0,0.0,0.0,0,18706.2335,14330.7883
55.781,975,974,Running,0,0.00,1,0,0,0,-1.0000,0.0,0,0.000,9.200,0.000,0.0,0.0,0.0,0,19506.1301,15922.3606
55.798,975,972,Running,0,0.00,1,0,0,0,-1.0000,0.0,0,0.000,9.200,0.000,0.0,0.0,0.0,0,21938.2756,12140.5331
55.815,975,972,Running,0,0.00,1,0,0,0,-1.0000,0.0,0,0.000,9.200,0.000,0.0,0.0,0.0,0,23229.8808,12891.0432
55.831,974,971,Running,0,0.00,1,0,0,0,-1.0000,0.0,0,0.000,9.200,0.000,0.0,0.0,0.0,0,26753.9714,11614.2623
55.848,974,972,Running,0,0.00,1,0,0,0,-1.0000,0.0,0,0.000,9.200,0.000,0.0,0.0,0.0,0,27109.9303,12283.3677
55.864,974,975,Running,0,0.00,1,0,0,0,-1.0000,0.0,0,0.000,9.200,0.000,0.0,0.0,0.0,0,29342.1853,11265.5762
55.881,974,976,Running,0,0.00,1,0,0,0,-1.0000,0.0,0,0.000,9.200,0.000,0.0,0.0,0.0,0,25933.6568,11522.9978
55.898,974,979,Running,0,0.00,1,0,0,0,-1.0000,0.0,0,0.000,9.200,0.000,0.0,0.0,0.0,0,25447.6653,10159.0180
55.914,975,982,Running,0,0.00,1,0,0,0,-1.0000,0.0,0,0.000,9.200,0.000,0.0,0.0,0.0,0,25746.5459,13901.9017
55.931,976,980,Running,0,0.00,1,0,0,0,-1.0000,0.0,0,0.000,9.200,0.000,0.0,0.0,0.0,0,24075.4268,13203.8551
55.948,977,980,Running,0,0.00,1,0,0,0,-1.0000,0.0,0,0.000,9.200,0.000,0.0,0.0,0.0,0,20515.9642,10623.5877
55.965,977,981,Running,0,0.00,1,0,0,0,-1.0000,0.0,0,0.000,9.200,0.000,0.0,0.0,0.0,0,22639.7629,14710.2123
55.981,978,983,Running,0,0.00,1,0,0,0,-1.0000,0.0,0,0.000,9.200,0.000,0.0,0.0,0.0,0,23524.6972,11653.3477
55.998,979,982,Running,0,0.00,1,0,0,0,-1.0000,0.0,0,0.000,9.200,0.000,0.0,0.0,0.0,0,26234.3453,13924.5614
56.014,979,980,Running,0,0.00,1,0,0,0,-1.0000,0.0,0,0.000,9.200,0.000,0.0,0.0,0.0,0,24320.2644,15294.4420
56.031,980,982,Running,0,0.00,1,0,0,0,-1.0000,0.0,0,0.000,9.200,0.000,0.0,0.0,0.0,0,26613.8044,14685.8603
56.048,980,985,Running,0,0.00,1,0,0,0,-1.0000,0.0,0,0.000,9.200,0.000,0.0,0.0,0.0,0,32599.3524,14685.8603
56.064,981,985,Running,0,0.00,1,0,0,0,-1.0000,0.0,0,0.000,9.200,0.000,0.0,0.0,0.0,0,23928.1731,11744.4150
56.081,981,985,Running,0,0.00,1,0,0,0,-1.0000,0.0,0,0.000,9.200,0.000,0.0,0.0,0.0,0,23852.8825,14164.8620
56.098,982,984,Running,0,0.00,1,0,0,0,-1.0000,0.0,0,0.000,9.200,0.000,0.0,0.0,0.0,0,23912.1731,10883.5786
56.114,982,982,Running,0,0.00,1,0,0,0,-1.0000,0.0,0,0.000,9.200,0.000,0.0,0.0,0.0,0,21892.8908,12079.6506
56.131,982,981,Running,0,0.00,1,0,0,0,-1.0000,0.0,0,0.000,7.200,0.000,0.0,0.0,0.0,0,21498.8644,12621.6860
56.148,982,982,Running,0,0.00,1,0,0,0,-1.0000,0.0,0,0.000,7.120,0.000,0.0,0.0,0.0,0,21357.4770,12263.3617
56.165,982,981,Running,0,0.00,1,0,0,0,-1.0000,0.0,0,0.000,7.120,0.000,0.0,0.0,0.0,0,25057.1348,12263.3617
56.181,982,979,Running,0,0.00,1,0,0,0,-1.0000,0.0,0,0.000,7.120,0.000,0.0,0.0,0.0,0,23238.8640,14184.2560
56.198,982,980,Running,0,0.00,1,0,0,0,-1.0000,0.0,0,0.000,7.120,0.000,0.0,0.0,0.0,0,25077.5829,12496.2022
56.214,982,983,Running,0,0.00,1,0,0,0,-1.0000,0.0,0,0.000,7.120,0.000,0.0,0.0,0.0,0,30371.3755,14507.6954
56.231,982,982,Running,0,0.00,1,0,0,0,-1.0000,0.0,0,0.000,7.120,0.000,0.0,0.0,0.0,0,28035.4828,10682.0410
56.248,982,981,Running,0,0.00,1,0,0,0,-1.0000,0.0,0,0.000,7.120,0.000,0.0,0.0,0.0,0,22563.8298,12808.3403
56.264,982,981,Running,0,0.00,1,0,0,0,-1.0000,0.0,0,0.000,7.120,0.000,0.0,0.0,0.0,0,21889.0749,12375.2938
56.281,981,983,Running,0,0.00,1,0,0,0,-1.0000,0.0,0,0.000,7.120,0.000,0.0,0.0,0.0,0,25872.4865,12375.2938
56.298,982,984,Running,0,0.00,1,0,0,0,-1.0000,0.0,0,0.000,6.720,0.000,0.0,0.0,0.0,0,25031.2695,12356.2257
56.314,982,984,Running,0,0.00,1,0,0,0,-1.0000,0.0,0,0.000,6.720,0.000,0.0,0.0,0.0,0,22085.8328,13109.9437
56.331,982,981,Running,0,0.00,1,0,0,0,-1.0000,0.0,0,0.000,6.720,0.000,0.0,0.0,0.0,0,20729.8390,15229.2825
56.348,982,979,Running,0,0.00,1,0,0,0,-1.0000,0.0,0,0.000,6.720,0.000,0.0,0.0,0.0,0,20747.8352,12483.0650
56.364,982,980,Running,0,0.00,1,0,0,0,-1.0000,0.0,0,0.000,6.720,0.000,0.0,0.0,0.0,0,24592.1544,9853.7043
56.381,981,980,Running,0,0.00,1,0,0,0,-1.0000,0.0,0,0.000,6.720,0.000,0.0,0.0,0.0,0,28603.8040,12919.9677
56.398,981,981,Running,0,0.00,1,0,0,0,-1.0000,0.0,0,0.000,6.720,0.000,0.0,0.0,0.0,0,28951.8486,12919.9677
56.414,981,983,Running,0,0.00,1,0,0,0,-1.0000,0.0,0,0.000,6.560,0.000,0.0,0.0,0.0,0,27892.2329,11993.0085
56.431,982,985,Running,0,0.00,1,0,0,0,-1.0000,0.0,0,0.000,6.560,0.000,0.0,0.0,0.0,0,24659.5147,13002.2798
56.448,982,985,Running,0,0.00,1,0,0,0,-1.0000,0.0,0,0.000,6.560,0.000,0.0,0.0,0.0,0,23662.6019,11833.3625
56.464,982,985,Running,0,0.00,1,0,0,0,-1.0000,0.0,0,0.000,6.560,0.000,0.0,0.0,0.0,0,23690.1254,13502.4325
56.481,983,983,Running,0,0.00,1,0,0,0,-1.0000,0.0,0,0.000,6.560,0.000,0.0,0.0,0.0,0,22681.2978,12730.3543
56.498,983,981,Running,0,0.00,1,0,0,0,-1.0000,0.0,0,0.000,6.560,0.000,0.0,0.0,0.0,0,20004.4245,12833.5350
56.515,982,980,Running,0,0.00,1,0,0,0,-1.0000,0.0,0,0.000,6.560,0.000,0.0,0.0,0.0,0,20253.1388,9545.1378
56.531,982,982,Running,0,0.00,1,0,0,0,-1.0000,0.0,0,0.000,6.560,0.000,0.0,0.0,0.0,0,24410.0827,13471.1831
56.548,982,980,Running,0,0.00,1,0,0,0,-1.0000,0.0,0,0.000,6.560,0.000,0.0,0.0,0.0,0,28221.2141,13471.1831
56.564,982,982,Running,0,0.00,1,0,0,0,-1.0000,0.0,0,0.000,6.560,0.000,0.0,0.0,0.0,0,25812.5118,11616.7732
56.581,982,981,Running,0,0.00,1,0,0,0,-1.0000,0.0,0,0.000,6.560,0.000,0.0,0.0,0.0,0,28843.0935,15457.4189
56.598,982,980,Running,0,0.00,1,0,0,0,-1.0000,0.0,0,0.000,6.400,0.000,0.0,0.0,0.0,0,23774.5925,11430.7292
56.615,981,980,Running,15,0.00,1,0,0,0,-1.0000,0.0,0,0.000,6.400,0.000,0.0,0.0,0.0,0,21384.3349,14559.4496
56.631,981,982,Running,15,0.00,1,0,0,0,-1.0000,0.0,0,0.000,6.400,0.000,0.0,0.0,0.0,0,26837.6632,10474.5341
56.648,981,982,Running,15,0.00,1,0,0,0,-1.0000,0.0,0,0.000,6.400,0.000,0.0,0.0,0.0,0,24043.0253,12489.0652
56.665,981,985,Running,15,0.00,1,0,0,0,-1.0000,0.0,0,0.000,6.400,0.000,0.0,0.0,0.0,0,24658.2477,11799.1109
56.681,983,998,Running,15,0.00,1,0,0,0,-1.0000,0.0,0,0.000,6.400,0.000,0.0,0.0,0.0,0,28890.2524,14872.7242
56.698,987,1014,Running,15,0.00,1,0,0,0,-1.0000,0.0,0,0.000,6.400,0.000,0.0,0.0,0.0,0,39435.3873,14872.7242
56.715,993,1037,Running,15,0.00,1,0,0,0,-1.0000,0.0,0,0.000,6.400,0.000,0.0,0.0,0.0,0,44741.6751,18309.0495
56.731,1001,1061,Running,15,0.00,1,0,0,0,-1.0000,0.0,0,0.000,6.400,0.000,0.0,0.0,0.0,0,59222.3941,24409.1447
56.748,1012,1083,Running,15,0.00,1,0,0,0,-1.0000,0.0,0,0.000,6.400,0.000,0.0,0.0,0.0,0,72233.4529,25003.8989
56.764,1025,1108,Running,20,0.00,1,0,0,0,-1.0000,0.0,0,0.000,6.400,0.000,0.0,0.0,0.0,0,53806.7394,22076.8573
56.781,1040,1139,Running,22,0.00,1,0,0,0,-1.0000,0.0,0,0.000,6.400,0.000,0.0,0.0,0.0,0,52417.3085,21514.7714
56.798,1059,1181,Running,22,0.00,1,0,0,0,-1.0000,0.0,0,0.000,6.800,0.000,0.0,0.0,0.0,0,72353.1697,20600.7475
56.814,1080,1218,Running,22,0.00,1,0,0,0,-1.0000,0.0,0,0.000,6.800,0.000,0.0,0.0,0.0,0,115223.3021,20600.7475
56.831,1105,1263,Running,22,0.00,1,0,0,0,-1.0000,0.0,0,0.000,6.800,0.000,0.0,0.0,0.0,0,66317.9138,22143.5982
56.848,1133,1315,Running,22,0.00,1,0,0,0,-1.0000,0.0,0,0.000,6.800,0.000,0.0,0.0,0.0,0,103410.7537,18846.0829
56.865,1165,1361,Running,22,0.00,1,0,0,0,-1.0000,0.0,0,0.000,6.800,0.000,0.0,0.0,0.0,0,119602.9462,19824.3793
56.881,1200,1420,Running,22,0.00,1,0,0,0,-1.0000,0.0,0,0.000,6.800,0.000,0.0,0.0,0.0,0,113230.1230,20780.6395
56.898,1238,1473,Running,24,0.00,1,0,0,0,-1.0000,0.0,0,0.000,6.800,0.000,0.0,0.0,0.0,0,125332.9641,19850.8704
56.915,1278,1529,Running,24,0.00,1,0,0,0,-1.0000,0.0,0,0.000,7.440,0.000,0.0,0.0,0.0,0,170293.8556,18785.3653
56.931,1322,1591,Running,25,0.00,1,0,0,0,-1.0000,0.0,0,0.000,7.600,0.000,0.0,0.0,0.0,0,118265.2802,18785.3653
56.948,1368,1652,Running,25,0.00,1,0,0,0,-1.0000,0.0,0,0.000,7.600,0.000,0.0,0.0,0.0,0,147017.2075,19692.9889
56.964,1416,1711,Running,25,0.00,1,0,0,0,-1.0000,0.0,0,0.000,7.600,0.000,0.0,0.0,0.0,0,169330.2072,22559.5576
56.981,1466,1770,Running,25,0.00,1,0,0,0,-1.0000,0.0,0,0.000,7.600,0.000,0.0,0.0,0.0,0,178392.5713,17947.7624
56.998,1518,1831,Running,25,0.00,1,0,0,0,-1.0000,0.0,0,0.000,7.600,0.000,0.0,0.0,0.0,0,182227.8131,24517.1462
57.015,1571,1891,Running,25,0.00,1,0,0,0,-1.0000,0.0,0,0.000,7.600,0.000,0.0,0.0,0.0,0,186148.4603,23023.8607
57.031,1625,1951,Running,25,0.00,1,0,0,0,-1.0000,0.0,0,0.000,7.600,0.000,0.0,0.0,0.0,0,193231.7563,22998.4414
57.048,1679,2008,Running,25,0.00,1,0,0,0,-1.0000,0.0,0,0.000,7.600,0.000,0.0,0.0,0.0,0,211316.6312,19879.6755
57.065,1734,2062,Running,25,0.00,1,0,0,0,-1.0000,0.0,0,0.000,7.600,0.000,0.0,0.0,0.0,0,246141.2621,23900.9377
57.081,1789,2124,Running,25,0.00,1,0,0,0,-1.0000,0.0,0,0.000,7.600,0.000,0.0,0.0,0.0,0,185456.9025,23900.9377
57.098,1846,2190,Running,30,0.00,1,0,0,0,-1.0000,0.0,0,0.000,7.600,0.000,0.0,0.0,0.0,0,222538.4032,22398.1067
57.114,1904,2255,Running,30,0.00,1,0,0,0,-1.0000,0.0,0,0.000,7.600,0.000,0.0,0.0,0.0,0,252710.0692,22996.9518
57.131,1964,2333,Running,31,0.00,1,0,0,0,-1.0000,0.0,0,0.000,9.760,0.000,0.0,0.0,0.0,0,231087.4086,23500.1728
57.148,2027,2410,Running,31,0.00,1,0,0,0,-1.0000,0.0,0,0.000,9.760,0.000,0.0,0.0,0.0,0,261738.2102,23931.0631
57.165,2092,2492,Running,31,0.00,1,0,0,0,-1.0000,0.0,0,0.000,9.760,0.000,0.0,0.0,0.0,0,299550.1969,19723.2199
57.181,2161,2584,Running,31,0.00,1,0,0,0,-1.0000,0.0,0,0.000,9.760,0.000,0.0,0.0,0.0,0,272822.2147,23559.9291
57.198,2234,2678,Running,31,0.00,1,0,0,0,-1.0000,0.0,0,0.000,9.760,0.000,0.0,0.0,0.0,0,288424.4377,23559.9291
57.215,2310,2774,Running,31,0.00,1,0,0,0,-1.0000,0.0,0,0.000,9.760,0.000,0.0,0.0,0.0,0,312810.0080,21942.9395
57.231,2389,2872,Running,31,0.00,1,0,0,0,-1.0000,0.0,0,0.000,9.760,0.000,0.0,0.0,0.0,0,335263.8903,21901.3423
57.248,2472,2976,Running,31,0.00,1,0,0,0,-1.0000,0.0,0,0.000,9.760,0.000,0.0,0.0,0.0,0,325193.3516,21243.6221
57.264,2557,3081,Running,32,0.00,1,0,0,0,-1.0000,0.0,0,0.000,9.760,0.000,0.0,0.0,0.0,0,330096.5312,18882.4501
57.281,2646,3186,Running,32,0.00,1,0,0,0,-1.0000,0.0,0,0.000,9.760,0.000,0.0,0.0,0.0,0,389591.7436,22582.4317
57.298,2738,3295,Running,32,0.00,1,0,0,0,-1.0000,0.0,0,0.000,11.600,0.000,0.0,0.0,0.0,0,345688.2985,15933.7230
57.315,2832,3405,Running,32,0.00,1,0,0,0,-1.0000,0.0,0,0.000,11.600,0.000,0.0,0.0,0.0,0,389110.0439,18560.8576
57.331,2929,3513,Running,32,0.00,1,0,0,0,-1.0000,0.0,0,0.000,11.600,0.000,0.0,0.0,0.0,0,407643.0261,18923.9041
57.348,3028,3627,Running,32,0.00,1,0,0,0,-1.0000,0.0,0,0.000,11.600,0.000,0.0,0.0,0.0,0,411437.0034,18832.3253
57.364,3129,3743,Running,32,0.00,1,0,0,0,-1.0000,0.0,0,0.000,11.600,0.000,0.0,0.0,0.0,0,413642.4201,18927.7158
57.381,3233,3860,Running,32,0.00,1,0,0,0,-1.0000,0.0,0,0.000,11.600,0.000,0.0,0.0,0.0,0,423369.7571,15583.5011
57.398,3338,3977,Running,32,0.00,1,0,0,0,-1.0000,0.0,0,0.000,11.600,0.000,0.0,0.0,0.0,0,454355.3029,18781.4346
57.415,3446,4092,Running,32,0.00,1,0,0,0,-1.0000,0.0,0,0.000,11.600,0.000,0.0,0.0,0.0,0,451615.0651,16297.8125
57.431,3554,4207,Running,32,0.00,1,0,0,0,-1.0000,0.0,0,0.000,11.600,0.000,0.0,0.0,0.0,0,475113.1465,17496.1491
57.448,3664,4322,Running,32,0.00,1,0,0,0,-1.0000,0.0,0,0.000,11.600,0.000,0.0,0.0,0.0,0,468403.0729,16204.7199
57.465,3774,4433,Running,32,0.00,1,0,0,0,-1.0000,0.0,0,0.000,11.600,0.000,0.0,0.0,0.0,0,487998.1236,16204.7199
57.481,3884,4541,Running,32,0.00,1,0,0,0,-1.0000,0.0,0,0.000,11.600,0.000,0.0,0.0,0.0,0,500369.5125,13265.2306
57.498,3993,4648,Running,32,0.00,1,0,0,0,-1.0000,0.0,0,0.000,14.000,0.000,0.0,0.0,0.0,0,510540.6436,15543.5230
57.515,4102,4749,Running,32,0.00,1,0,0,0,-1.0000,0.0,0,0.000,14.000,0.000,0.0,0.0,0.0,0,526937.5641,18561.7557
57.531,4209,4849,Running,32,0.00,1,0,0,0,-1.0000,0.0,0,0.000,14.240,0.000,0.0,0.0,0.0,0,533349.2335,18233.5569
57.548,4316,4950,Running,32,0.00,1,0,0,0,-1.0000,0.0,0,0.000,14.240,0.000,0.0,0.0,0.0,0,526997.1626,15369.1481
57.565,4421,5043,Running,32,0.00,1,0,0,0,-1.0000,0.0,0,0.000,14.240,0.000,0.0,0.0,0.0,0,557258.9239,18498.2234
57.581,4524,5136,Running,32,0.00,1,0,0,0,-1.0000,0.0,0,0.000,14.240,0.000,0.0,0.0,0.0,0,551042.4448,18498.2234
57.598,4625,5228,Running,32,0.00,1,0,0,0,-1.0000,0.0,0,0.000,14.240,0.000,0.0,0.0,0.0,0,558072.2225,17439.0759
57.615,4725,5316,Running,32,0.00,1,0,0,0,-1.0000,0.0,0,0.000,14.240,0.000,0.0,0.0,0.0,0,571520.8868,16671.9045
57.631,4822,5400,Running,32,0.00,1,0,0,0,-1.0000,0.0,0,0.000,14.240,0.000,0.0,0.0,0.0,0,579474.1830,16603.4663
57.648,4918,5485,Running,32,0.00,1,0,0,0,-1.0000,0.0,0,0.000,14.240,0.000,0.0,0.0,0.0,0,587266.5415,15208.1104
57.664,5011,5567,Running,32,0.00,1,0,0,0,-1.0000,0.0,0,0.000,14.240,0.000,0.0,0.0,0.0,0,594782.8476,15480.2698
57.681,5103,5645,Running,32,0.00,1,0,0,0,-1.0000,0.0,0,0.000,14.240,0.000,0.0,0.0,0.0,0,605853.9493,17437.3459
57.698,5192,5722,Running,32,0.00,1,0,0,0,-1.0000,0.0,0,0.000,16.240,0.000,0.0,0.0,0.0,0,613662.9907,17413.2418
57.715,5280,5799,Running,32,0.00,1,0,0,0,-1.0000,0.0,0,0.000,16.480,0.000,0.0,0.0,0.0,0,606541.5977,17842.3690
57.731,5366,5872,Running,32,0.00,1,0,0,0,-1.0000,0.0,0,0.000,16.480,0.000,0.0,0.0,0.0,0,633205.3366,17842.3690
57.748,5449,5945,Running,32,0.00,1,0,0,0,-1.0000,0.0,0,0.000,16.480,0.000,0.0,0.0,0.0,0,615107.6547,16955.5894
57.765,5531,6016,Running,32,0.00,1,0,0,0,-1.0000,0.0,0,0.000,16.480,0.000,0.0,0.0,0.0,0,634912.9385,19381.5744
57.781,5611,6084,Running,32,0.00,1,0,0,0,-1.0000,0.0,0,0.000,16.480,0.000,0.0,0.0,0.0,0,642771.1126,18345.5985
57.798,5689,6150,Running,32,0.00,1,0,0,0,-1.0000,0.0,0,0.000,16.480,0.000,0.0,0.0,0.0,0,631812.9215,17647.2846
57.815,5766,6218,Running,32,0.00,1,0,0,0,-1.0000,0.0,0,0.000,16.480,0.000,0.0,0.0,0.0,0,642252.0410,17678.5163
57.831,5840,6282,Running,32,0.00,1,0,0,0,-1.0000,0.0,0,0.000,16.480,0.000,0.0,0.0,0.0,0,645623.9285,19064.2286
57.848,5913,6346,Running,32,0.00,1,0,0,0,-1.0000,0.0,0,0.000,16.480,0.000,0.0,0.0,0.0,0,651614.9078,19064.2286
57.864,5985,6407,Running,34,0.00,1,0,0,0,-1.0000,0.0,0,0.000,16.480,0.000,0.0,0.0,0.0,0,658877.8356,18292.9950
57.881,6055,6473,Running,34,0.00,1,0,0,0,-1.0000,0.0,0,0.000,16.480,0.000,0.0,0.0,0.0,0,678937.4264,19024.5543
57.898,6125,6542,Running,34,0.00,1,0,0,0,-1.0000,0.0,0,0.000,16.480,0.000,0.0,0.0,0.0,0,697342.1143,18570.0167
57.915,6194,6612,Running,36,0.00,1,0,0,0,-1.0000,0.0,0,0.000,16.480,0.000,0.0,0.0,0.0,0,700338.9035,19902.0516
57.931,6264,6684,Running,36,0.00,1,0,0,0,-1.0000,0.0,0,0.000,16.480,0.000,0.0,0.0,0.0,0,727555.8835,17894.6827
57.948,6335,6759,Running,36,0.00,1,0,0,0,-1.0000,0.0,0,0.000,16.480,0.000,0.0,0.0,0.0,0,734158.3624,18974.5978
57.964,6406,6830,Running,36,0.00,1,0,0,0,-1.0000,0.0,0,0.000,16.480,0.000,0.0,0.0,0.0,0,745801.0995,18974.5978
57.981,6477,6904,Running,36,0.00,1,0,0,0,-1.0000,0.0,0,0.000,16.480,0.000,0.0,0.0,0.0,0,750820.9179,17403.6042
57.998,6548,6976,Running,36,0.00,1,0,0,0,-1.0000,0.0,0,0.000,16.480,0.000,0.0,0.0,0.0,0,764357.5447,17342.0549
58.015,6620,7046,Running,36,0.00,1,0,0,0,-1.0000,0.0,0,0.000,16.480,0.000,0.0,0.0,0.0,0,772092.2665,16796.2655
58.031,6691,7116,Running,37,0.00,1,0,0,0,-1.0000,0.0,0,0.000,16.480,0.000,0.0,0.0,0.0,0,771211.9716,16945.0166
58.048,6762,7187,Running,37,0.00,1,0,0,0,-1.0000,0.0,0,0.000,16.480,0.000,0.0,0.0,0.0,0,786873.4904,15618.9559
58.065,6833,7260,Running,37,0.00,1,0,0,0,-1.0000,0.0,0,0.000,16.480,0.000,0.0,0.0,0.0,0,798395.8726,17563.0898
58.081,6904,7333,Running,37,0.00,1,0,0,0,-1.0000,0.0,0,0.000,16.480,0.000,0.0,0.0,0.0,0,811686.2900,18686.6425
58.098,6976,7405,Running,37,0.00,1,0,0,0,-1.0000,0.0,0,0.000,16.480,0.000,0.0,0.0,0.0,0,815802.9550,16918.0413
58.115,7048,7475,Running,37,0.00,1,0,0,0,-1.0000,0.0,0,0.000,16.480,0.000,0.0,0.0,0.0,0,819691.1305,16918.0413
58.131,7119,7544,Running,37,0.00,1,0,0,0,-1.0000,0.0,0,0.000,16.480,0.000,0.0,0.0,0.0,0,831287.1464,17382.9757
58.148,7189,7612,Running,37,0.00,1,0,0,0,-1.0000,0.0,0,0.000,16.480,0.000,0.0,0.0,0.0,0,836480.1799,17148.1179
58.165,7260,7677,Running,37,0.00,1,0,0,0,-1.0000,0.0,0,0.000,21.200,0.000,0.0,0.0,0.0,0,837152.0326,15024.0141
58.181,7329,7743,Running,37,0.00,1,0,0,0,-1.0000,0.0,0,0.000,21.200,0.000,0.0,0.0,0.0,0,847923.6524,16648.0561
58.198,7398,7807,Running,37,0.00,1,0,0,0,-1.0000,0.0,0,0.000,21.200,0.000,0.0,0.0,0.0,0,854822.1474,16965.3530
58.215,7466,7869,Running,37,0.00,1,0,0,0,-1.0000,0.0,0,0.000,21.200,0.000,0.0,0.0,0.0,0,852692.6174,15976.5278
58.231,7533,7932,Running,37,0.00,1,0,0,0,-1.0000,0.0,0,0.000,21.200,0.000,0.0,0.0,0.0,0,861488.1939,15976.5278
58.248,7599,7993,Running,37,0.00,1,0,0,0,-1.0000,0.0,0,0.000,21.200,0.000,0.0,0.0,0.0,0,869707.0430,16769.3117
58.265,7664,8053,Running,37,0.00,1,0,0,0,-1.0000,0.0,0,0.000,21.200,0.000,0.0,0.0,0.0,0,873983.0764,15854.5133
58.281,7729,8112,Running,37,0.00,1,0,0,0,-1.0000,0.0,0,0.000,21.200,0.000,0.0,0.0,0.0,0,877211.7751,16837.1916
58.298,7792,8170,Running,40,0.00,1,0,0,0,-1.0000,0.0,0,0.000,21.200,0.000,0.0,0.0,0.0,0,882873.2783,16832.6845
58.314,7855,8233,Running,40,0.00,1,0,0,0,-1.0000,0.0,0,0.000,21.200,0.000,0.0,0.0,0.0,0,902098.9525,17402.2619
58.331,7918,8298,Running,41,0.00,1,0,0,0,-1.0000,0.0,0,0.000,22.960,0.000,0.0,0.0,0.0,0,915467.8378,15932.4137
58.348,7982,8368,Running,41,0.00,1,0,0,0,-1.0000,0.0,0,0.000,22.960,0.000,0.0,0.0,0.0,0,932325.8720,15935.5816
58.365,8047,8437,Running,41,0.00,1,0,0,0,-1.0000,0.0,0,0.000,22.960,0.000,0.0,0.0,0.0,0,943524.3709,16697.8213
58.381,8112,8504,Running,41,0.00,1,0,0,0,-1.0000,0.0,0,0.000,22.960,0.000,0.0,0.0,0.0,0,944345.6775,15892.4208
58.398,8178,8572,Running,41,0.00,1,0,0,0,-1.0000,0.0,0,0.000,22.960,0.000,0.0,0.0,0.0,0,958352.6272,15998.9130
58.415,8244,8637,Running,41,0.00,1,0,0,0,-1.0000,0.0,0,0.000,22.960,0.000,0.0,0.0,0.0,0,955360.6266,16411.6034
58.431,8309,8702,Running,41,0.00,1,0,0,0,-1.0000,0.0,0,0.000,22.960,0.000,0.0,0.0,0.0,0,968200.8677,15732.8885
58.448,8375,8768,Running,41,0.00,1,0,0,0,-1.0000,0.0,0,0.000,22.960,0.000,0.0,0.0,0.0,0,975767.3568,15302.4873
58.465,8440,8831,Running,41,0.00,1,0,0,0,-1.0000,0.0,0,0.000,22.960,0.000,0.0,0.0,0.0,0,974747.3266,16683.7384
58.481,8505,8893,Running,41,0.00,1,0,0,0,-1.0000,0.0,0,0.000,22.960,0.000,0.0,0.0,0.0,0,980797.7256,14972.0177
58.498,8570,8955,Running,41,0.00,1,0,0,0,-1.0000,0.0,0,0.000,22.960,0.000,0.0,0.0,0.0,0,988089.0838,16016.4234
58.515,8634,9016,Running,41,0.00,1,0,0,0,-1.0000,0.0,0,0.000,25.120,0.000,0.0,0.0,0.0,0,993859.8609,16145.1823
58.531,8697,9077,Running,42,0.00,1,0,0,0,-1.0000,0.0,0,0.000,25.120,0.000,0.0,0.0,0.0,0,1001533.2879,16183.2958
58.548,8761,9139,Running,42,0.00,1,0,0,0,-1.0000,0.0,0,0.000,25.120,0.000,0.0,0.0,0.0,0,1011263.7826,16317.9625
58.565,8824,9201,Running,42,0.00,1,0,0,0,-1.0000,0.0,0,0.000,25.120,0.000,0.0,0.0,0.0,0,1018361.0018,16897.3844
58.581,8886,9260,Running,42,0.00,1,0,0,0,-1.0000,0.0,0,0.000,25.120,0.000,0.0,0.0,0.0,0,1021637.2144,16384.8560
58.598,8948,9294,Running,42,0.00,1,0,0,0,-1.0000,0.0,0,0.000,25.120,0.000,0.0,0.0,0.0,0,954714.7815,16096.2489
58.615,8996,9221,Running,42,0.00,1,0,0,0,-1.0000,0.0,0,0.000,25.120,0.000,0.0,0.0,0.0,0,154253.8196,16096.2489
58.631,9024,9148,Running,42,0.00,1,0,0,0,-1.0000,0.0,0,0.000,25.120,0.000,0.0,0.0,0.0,0,145150.0494,17746.0590
58.648,9038,9076,Running,42,0.00,1,0,0,0,-1.0000,0.0,0,0.000,25.120,0.000,0.0,0.0,0.0,0,142893.8374,12584.0385
58.665,9038,9004,Running,42,0.00,1,0,0,0,-1.0000,0.0,0,0.000,25.120,0.000,0.0,0.0,0.0,0,142846.2654,9960.4117
58.681,9027,8932,Running,42,0.00,1,0,0,0,-1.0000,0.0,0,0.000,25.120,0.000,0.0,0.0,0.0,0,142763.7541,15331.3640
58.698,9007,8860,Running,43,0.00,1,0,0,0,-1.0000,0.0,0,0.000,25.120,0.000,0.0,0.0,0.0,0,144033.3242,17657.0424
58.715,8990,8942,Running,43,0.00,1,0,0,0,-1.0000,0.0,0,0.000,27.360,0.000,0.0,0.0,0.0,0,914444.5318,16090.5003
58.731,8989,9015,Running,44,0.00,1,0,0,0,-1.0000,0.0,0,0.000,27.360,0.000,0.0,0.0,0.0,0,1022133.3522,17452.5163
58.748,8998,9085,Running,44,0.00,1,0,0,0,-1.0000,0.0,0,0.000,27.360,0.000,0.0,0.0,0.0,0,1024998.5181,19788.2548
58.765,9017,9155,Running,44,0.00,1,0,0,0,-1.0000,0.0,0,0.000,27.360,0.000,0.0,0.0,0.0,0,1030868.4555,16266.5082
58.781,9044,9224,Running,44,0.00,1,0,0,0,-1.0000,0.0,0,0.000,27.360,0.000,0.0,0.0,0.0,0,1036549.7525,14861.4967
58.798,9077,9290,Running,44,0.00,1,0,0,0,-1.0000,0.0,0,0.000,27.360,0.000,0.0,0.0,0.0,0,1041902.0060,15643.9937
58.815,9109,9253,Running,44,0.00,1,0,0,0,-1.0000,0.0,0,0.000,27.360,0.000,0.0,0.0,0.0,0,483098.2698,16957.9692
58.831,9125,9180,Running,44,0.00,1,0,0,0,-1.0000,0.0,0,0.000,27.360,0.000,0.0,0.0,0.0,0,159669.5102,14963.8411
58.848,9128,9108,Running,44,0.00,1,0,0,0,-1.0000,0.0,0,0.000,27.360,0.000,0.0,0.0,0.0,0,153001.0651,15325.0233
58.865,9119,9036,Running,44,0.00,1,0,0,0,-1.0000,0.0,0,0.000,27.360,0.000,0.0,0.0,0.0,0,149411.5590,10226.6630
58.881,9101,8964,Running,49,0.00,1,0,0,0,-1.0000,0.0,0,0.000,27.360,0.000,0.0,0.0,0.0,0,149679.3782,10226.6630
58.898,9074,8893,Running,49,0.00,1,0,0,0,-1.0000,0.0,0,0.000,29.440,0.000,0.0,0.0,0.0,0,156461.7249,16911.9118
58.915,9044,8912,Running,49,0.00,1,0,0,0,-1.0000,0.0,0,0.000,29.440,0.000,0.0,0.0,0.0,0,511529.7288,15936.5616
58.931,9032,9011,Running,49,0.00,1,0,0,0,-1.0000,0.0,0,0.000,29.440,0.000,0.0,0.0,0.0,0,1079468.1229,16669.3105
58.948,9036,9101,Running,49,0.00,1,0,0,0,-1.0000,0.0,0,0.000,29.440,0.000,0.0,0.0,0.0,0,1065155.6509,20456.7697
58.965,9053,9190,Running,49,0.00,1,0,0,0,-1.0000,0.0,0,0.000,29.440,0.000,0.0,0.0,0.0,0,1076858.5363,14656.7787
58.981,9081,9277,Running,49,0.00,1,0,0,0,-1.0000,0.0,0,0.000,29.440,0.000,0.0,0.0,0.0,0,1086491.2779,15120.9754
58.998,9114,9272,Running,49,0.00,1,0,0,0,-1.0000,0.0,0,0.000,29.440,0.000,0.0,0.0,0.0,0,667839.1866,15120.9754
59.012,9132,9200,Running,49,0.00,1,0,0,0,-1.0000,0.0,0,0.000,29.440,0.000,0.0,0.0,0.0,0,173202.8272,15081.1293
59.031,9137,9127,Running,49,0.00,1,0,0,0,-1.0000,0.0,0,0.000,29.440,0.000,0.0,0.0,0.0,0,164401.4818,14726.8642
59.048,9130,9055,Running,49,0.00,1,0,0,0,-1.0000,0.0,0,0.000,29.440,0.000,0.0,0.0,0.0,0,161121.3052,7248.9262
59.065,9112,8983,Running,49,0.00,1,0,0,0,-1.0000,0.0,0,0.000,29.440,0.000,0.0,0.0,0.0,0,161419.6270,13516.1097
59.081,9087,8912,Running,49,0.00,1,0,0,0,-1.0000,0.0,0,0.000,29.440,0.000,0.0,0.0,0.0,0,162212.4504,17383.3104
59.098,9055,8888,Running,49,0.00,1,0,0,0,-1.0000,0.0,0,0.000,29.440,0.000,0.0,0.0,0.0,0,267196.7261,16174.8210
59.115,9038,8990,Running,49,0.00,1,0,0,0,-1.0000,0.0,0,0.000,29.440,0.000,0.0,0.0,0.0,0,1089012.2000,16478.2171
59.131,9038,9082,Running,49,0.00,1,0,0,0,-1.0000,0.0,0,0.000,29.440,0.000,0.0,0.0,0.0,0,1065906.7232,20626.3952
59.148,9052,9171,Running,49,0.00,1,0,0,0,-1.0000,0.0,0,0.000,29.440,0.000,0.0,0.0,0.0,0,1075058.9630,18118.8761
59.165,9077,9259,Running,49,0.00,1,0,0,0,-1.0000,0.0,0,0.000,29.440,0.000,0.0,0.0,0.0,0,1079978.7806,14680.1465
59.181,9110,9280,Running,49,0.00,1,0,0,0,-1.0000,0.0,0,0.000,33.520,0.000,0.0,0.0,0.0,0,823672.1487,14813.8237
59.198,9130,9208,Running,49,0.00,1,0,0,0,-1.0000,0.0,0,0.000,33.520,0.000,0.0,0.0,0.0,0,169352.8797,15662.6205
59.215,9136,9135,Running,49,0.00,1,0,0,0,-1.0000,0.0,0,0.000,33.520,0.000,0.0,0.0,0.0,0,162646.5113,16380.7158
59.231,9130,9063,Running,49,0.00,1,0,0,0,-1.0000,0.0,0,0.000,33.520,0.000,0.0,0.0,0.0,0,162675.3891,15556.1075
59.248,9114,8992,Running,49,0.00,1,0,0,0,-1.0000,0.0,0,0.000,33.520,0.000,0.0,0.0,0.0,0,162156.5110,10568.2044
59.265,9090,8920,Running,49,0.00,1,0,0,0,-1.0000,0.0,0,0.000,33.520,0.000,0.0,0.0,0.0,0,161686.6987,10568.2044
59.281,9059,8882,Running,49,0.00,1,0,0,0,-1.0000,0.0,0,0.000,33.520,0.000,0.0,0.0,0.0,0,208137.4281,15662.8872
59.298,9040,8986,Running,49,0.00,1,0,0,0,-1.0000,0.0,0,0.000,33.520,0.000,0.0,0.0,0.0,0,1090731.1115,16201.4739
59.315,9039,9080,Running,56,0.00,1,0,0,0,-1.0000,0.0,0,0.000,33.520,0.000,0.0,0.0,0.0,0,1069736.2644,20414.9992
59.331,9053,9182,Running,56,0.00,1,0,0,0,-1.0000,0.0,0,0.000,33.520,0.000,0.0,0.0,0.0,0,1094441.7692,19038.5509
59.348,9081,9285,Running,56,0.00,1,0,0,0,-1.0000,0.0,0,0.000,36.240,0.000,0.0,0.0,0.0,0,1113794.6541,15957.0291
59.365,9113,9260,Running,56,0.00,1,0,0,0,-1.0000,0.0,0,0.000,36.240,0.000,0.0,0.0,0.0,0,551136.4261,14649.3208
59.381,9130,9187,Running,56,0.00,1,0,0,0,-1.0000,0.0,0,0.000,36.240,0.000,0.0,0.0,0.0,0,180064.6163,15388.9684
59.398,9133,9115,Running,56,0.00,1,0,0,0,-1.0000,0.0,0,0.000,36.240,0.000,0.0,0.0,0.0,0,177374.6629,15323.1136
59.414,9125,9044,Running,56,0.00,1,0,0,0,-1.0000,0.0,0,0.000,36.240,0.000,0.0,0.0,0.0,0,175112.2938,13889.6337
59.431,9107,8972,Running,56,0.00,1,0,0,0,-1.0000,0.0,0,0.000,36.240,0.000,0.0,0.0,0.0,0,173523.9655,12643.2390
59.448,9080,8902,Running,56,0.00,1,0,0,0,-1.0000,0.0,0,0.000,36.240,0.000,0.0,0.0,0.0,0,172370.7563,17662.1604
59.465,9050,8911,Running,56,0.00,1,0,0,0,-1.0000,0.0,0,0.000,36.240,0.000,0.0,0.0,0.0,0,426507.3825,18256.8591
59.481,9038,9026,Running,56,0.00,1,0,0,0,-1.0000,0.0,0,0.000,36.240,0.000,0.0,0.0,0.0,0,1111849.2179,16378.1530
59.498,9045,9132,Running,56,0.00,1,0,0,0,-1.0000,0.0,0,0.000,36.240,0.000,0.0,0.0,0.0,0,1097026.2599,17856.1842
59.515,9067,9236,Running,56,0.00,1,0,0,0,-1.0000,0.0,0,0.000,36.240,0.000,0.0,0.0,0.0,0,1109979.1326,16816.2047
59.531,9100,9293,Running,56,0.00,1,0,0,0,-1.0000,0.0,0,0.000,39.360,0.000,0.0,0.0,0.0,0,995868.9139,16816.2047
59.548,9124,9221,Running,56,0.00,1,0,0,0,-1.0000,0.0,0,0.000,39.360,0.000,0.0,0.0,0.0,0,185587.6027,14914.6730
59.565,9133,9149,Running,56,0.00,1,0,0,0,-1.0000,0.0,0,0.000,39.360,0.000,0.0,0.0,0.0,0,179310.6531,13309.5592
59.581,9129,9077,Running,56,0.00,1,0,0,0,-1.0000,0.0,0,0.000,39.360,0.000,0.0,0.0,0.0,0,175563.7030,9322.6002
59.598,9116,9005,Running,56,0.00,1,0,0,0,-1.0000,0.0,0,0.000,39.360,0.000,0.0,0.0,0.0,0,173761.3317,14274.3902
59.615,9093,8934,Running,56,0.00,1,0,0,0,-1.0000,0.0,0,0.000,39.360,0.000,0.0,0.0,0.0,0,173733.9010,16191.6772
59.631,9063,8872,Running,56,0.00,1,0,0,0,-1.0000,0.0,0,0.000,39.360,0.000,0.0,0.0,0.0,0,173543.8013,16641.2459
59.648,9043,8994,Running,56,0.00,1,0,0,0,-1.0000,0.0,0,0.000,39.360,0.000,0.0,0.0,0.0,0,1021080.4598,16641.2459
59.665,9044,9103,Running,56,0.00,1,0,0,0,-1.0000,0.0,0,0.000,39.360,0.000,0.0,0.0,0.0,0,1097106.7287,20375.2317
59.681,9062,9209,Running,56,0.00,1,0,0,0,-1.0000,0.0,0,0.000,39.360,0.000,0.0,0.0,0.0,0,1109064.8444,14368.0427
59.698,9093,9312,Running,56,0.00,1,0,0,0,-1.0000,0.0,0,0.000,39.360,0.000,0.0,0.0,0.0,0,1121781.9988,16798.1015
59.715,9121,9244,Running,56,0.00,1,0,0,0,-1.0000,0.0,0,0.000,39.360,0.000,0.0,0.0,0.0,0,318804.7742,13895.8809
59.731,9134,9171,Running,56,0.00,1,0,0,0,-1.0000,0.0,0,0.000,42.960,0.000,0.0,0.0,0.0,0,177401.2787,14746.5011
59.748,9134,9099,Running,56,0.00,1,0,0,0,-1.0000,0.0,0,0.000,42.960,0.000,0.0,0.0,0.0,0,173282.5315,9462.6893
59.765,9123,9028,Running,56,0.00,1,0,0,0,-1.0000,0.0,0,0.000,42.960,0.000,0.0,0.0,0.0,0,173181.2680,12403.8314
59.781,9103,8956,Running,56,0.00,1,0,0,0,-1.0000,0.0,0,0.000,42.960,0.000,0.0,0.0,0.0,0,173799.3905,16886.7912
59.798,9075,8886,Running,56,0.00,1,0,0,0,-1.0000,0.0,0,0.000,42.960,0.000,0.0,0.0,0.0,0,174332.9932,16886.7912
59.815,9047,8944,Running,56,0.00,1,0,0,0,-1.0000,0.0,0,0.000,42.960,0.000,0.0,0.0,0.0,0,665807.9730,16911.5495
59.831,9040,9057,Running,56,0.00,1,0,0,0,-1.0000,0.0,0,0.000,42.960,0.000,0.0,0.0,0.0,0,1107675.8043,18395.1797
59.848,9051,9160,Running,56,0.00,1,0,0,0,-1.0000,0.0,0,0.000,42.960,0.000,0.0,0.0,0.0,0,1102509.6619,17448.7573
59.865,9076,9264,Running,56,0.00,1,0,0,0,-1.0000,0.0,0,0.000,42.960,0.000,0.0,0.0,0.0,0,1112264.8638,15368.5995
59.881,9109,9278,Running,56,0.00,1,0,0,0,-1.0000,0.0,0,0.000,42.960,0.000,0.0,0.0,0.0,0,763969.1142,15894.7625
59.898,9130,9206,Running,56,0.00,1,0,0,0,-1.0000,0.0,0,0.000,42.960,0.000,0.0,0.0,0.0,0,177894.6895,15089.6919
59.915,9136,9134,Running,56,0.00,1,0,0,0,-1.0000,0.0,0,0.000,46.160,0.000,0.0,0.0,0.0,0,174262.0966,16201.5596
59.931,9130,9062,Running,56,0.00,1,0,0,0,-1.0000,0.0,0,0.000,46.160,0.000,0.0,0.0,0.0,0,173937.7247,7884.1180
59.948,9114,8991,Running,56,0.00,1,0,0,0,-1.0000,0.0,0,0.000,46.160,0.000,0.0,0.0,0.0,0,173866.6186,7884.1180
59.965,9089,8920,Running,56,0.00,1,0,0,0,-1.0000,0.0,0,0.000,46.160,0.000,0.0,0.0,0.0,0,172584.1462,16647.0929
59.981,9058,8885,Running,56,0.00,1,0,0,0,-1.0000,0.0,0,0.000,46.160,0.000,0.0,0.0,0.0,0,220098.8336,16586.5327
59.998,9041,9003,Running,55,0.00,1,0,0,0,-1.0000,0.0,0,0.000,46.160,0.000,0.0,0.0,0.0,0,1117721.6746,15200.9495
60.015,9044,9108,Running,55,0.00,1,0,0,0,-1.0000,0.0,0,0.000,46.160,0.000,0.0,0.0,0.0,0,1092484.9565,19640.6956
60.031,9062,9211,Running,55,0.00,1,0,0,0,-1.0000,0.0,0,0.000,46.160,0.000,0.0,0.0,0.0,0,1102861.3688,18040.6309
60.048,9093,9305,Running,55,0.00,1,0,0,0,-1.0000,0.0,0,0.000,46.160,0.000,0.0,0.0,0.0,0,1116283.9191,15563.0559
60.065,9120,9234,Running,55,0.00,1,0,0,0,-1.0000,0.0,0,0.000,46.160,0.000,0.0,0.0,0.0,0,266684.0905,15830.1639
60.081,9132,9162,Running,55,0.00,1,0,0,0,-1.0000,0.0,0,0.000,46.160,0.000,0.0,0.0,0.0,0,176329.8031,14859.9881
60.098,9131,9090,Running,55,0.00,1,0,0,0,-1.0000,0.0,0,0.000,46.160,0.000,0.0,0.0,0.0,0,176132.5681,11468.3261
60.115,9119,9018,Running,55,0.00,1,0,0,0,-1.0000,0.0,0,0.000,46.160,0.000,0.0,0.0,0.0,0,174020.8445,14443.3879
60.131,9098,8947,Running,55,0.00,1,0,0,0,-1.0000,0.0,0,0.000,46.160,0.000,0.0,0.0,0.0,0,172537.6123,15799.0814
60.148,9069,8877,Running,55,0.00,1,0,0,0,-1.0000,0.0,0,0.000,46.160,0.000,0.0,0.0,0.0,0,171451.6964,15799.0814
60.165,9044,8963,Running,55,0.00,1,0,0,0,-1.0000,0.0,0,0.000,46.160,0.000,0.0,0.0,0.0,0,807242.4504,15478.6341
60.181,9040,9071,Running,55,0.00,1,0,0,0,-1.0000,0.0,0,0.000,46.160,0.000,0.0,0.0,0.0,0,1096891.2173,17628.9710
60.198,9053,9175,Running,52,0.00,1,0,0,0,-1.0000,0.0,0,0.000,46.160,0.000,0.0,0.0,0.0,0,1100033.2165,18055.8818
60.215,9080,9275,Running,52,0.00,1,0,0,0,-1.0000,0.0,0,0.000,51.520,0.000,0.0,0.0,0.0,0,1106569.0088,16892.1640
60.231,9113,9275,Running,52,0.00,1,0,0,0,-1.0000,0.0,0,0.000,51.520,0.000,0.0,0.0,0.0,0,695465.5534,15153.4577
60.248,9132,9203,Running,52,0.00,1,0,0,0,-1.0000,0.0,0,0.000,51.520,0.000,0.0,0.0,0.0,0,178526.9083,15108.8744
60.265,9137,9130,Running,52,0.00,1,0,0,0,-1.0000,0.0,0,0.000,51.520,0.000,0.0,0.0,0.0,0,170910.9983,16713.8325
60.281,9130,9058,Running,52,0.00,1,0,0,0,-1.0000,0.0,0,0.000,51.520,0.000,0.0,0.0,0.0,0,166721.5668,9234.6049
60.298,9114,8987,Running,52,0.00,1,0,0,0,-1.0000,0.0,0,0.000,51.520,0.000,0.0,0.0,0.0,0,166199.0738,9234.6049
60.315,9088,8916,Running,52,0.00,1,0,0,0,-1.0000,0.0,0,0.000,51.520,0.000,0.0,0.0,0.0,0,166784.0340,16922.9837
60.331,9057,8891,Running,52,0.00,1,0,0,0,-1.0000,0.0,0,0.000,51.520,0.000,0.0,0.0,0.0,0,256729.8146,17316.5511
60.348,9040,9001,Running,52,0.00,1,0,0,0,-1.0000,0.0,0,0.000,51.520,0.000,0.0,0.0,0.0,0,1102777.3419,16330.2351
60.365,9042,9095,Running,45,0.00,1,0,0,0,-1.0000,0.0,0,0.000,51.520,0.000,0.0,0.0,0.0,0,1072787.8259,17802.6941
60.381,9056,9176,Running,45,0.00,1,0,0,0,-1.0000,0.0,0,0.000,51.520,0.000,0.0,0.0,0.0,0,1063366.6752,16644.1055
60.398,9081,9250,Running,43,0.00,1,0,0,0,-1.0000,0.0,0,0.000,51.520,0.000,0.0,0.0,0.0,0,1053679.7715,16503.1269
60.414,9112,9303,Running,42,0.00,1,0,0,0,-1.0000,0.0,0,0.000,54.640,0.000,0.0,0.0,0.0,0,1043857.1149,16503.1269
60.431,9136,9231,Running,42,0.00,1,0,0,0,-1.0000,0.0,0,0.000,54.640,0.000,0.0,0.0,0.0,0,169359.2496,15557.5568
60.448,9145,9158,Running,42,0.00,1,0,0,0,-1.0000,0.0,0,0.000,54.640,0.000,0.0,0.0,0.0,0,144676.9509,16835.1048
60.465,9141,9085,Running,42,0.00,1,0,0,0,-1.0000,0.0,0,0.000,54.640,0.000,0.0,0.0,0.0,0,142478.8519,10669.7910
60.481,9127,9013,Running,42,0.00,1,0,0,0,-1.0000,0.0,0,0.000,54.640,0.000,0.0,0.0,0.0,0,142303.4797,12536.7672
60.498,9103,8941,Running,42,0.00,1,0,0,0,-1.0000,0.0,0,0.000,54.640,0.000,0.0,0.0,0.0,0,141211.2558,15598.6297
60.515,9073,8870,Running,42,0.00,1,0,0,0,-1.0000,0.0,0,0.000,54.640,0.000,0.0,0.0,0.0,0,141148.7619,17864.1630
60.531,9045,8930,Running,38,0.00,1,0,0,0,-1.0000,0.0,0,0.000,54.640,0.000,0.0,0.0,0.0,0,823492.3489,16419.9900
60.548,9032,8989,Running,36,0.00,1,0,0,0,-1.0000,0.0,0,0.000,56.240,0.000,0.0,0.0,0.0,0,992694.3769,18207.8060
60.565,9030,9037,Running,36,0.00,1,0,0,0,-1.0000,0.0,0,0.000,56.240,0.000,0.0,0.0,0.0,0,964889.5034,18207.8060
60.581,9034,9077,Running,36,0.00,1,0,0,0,-1.0000,0.0,0,0.000,56.240,0.000,0.0,0.0,0.0,0,953078.2268,14899.8537
60.598,9044,9115,Running,36,0.00,1,0,0,0,-1.0000,0.0,0,0.000,56.240,0.000,0.0,0.0,0.0,0,947859.0518,14193.8929
60.615,9058,9151,Running,36,0.00,1,0,0,0,-1.0000,0.0,0,0.000,56.240,0.000,0.0,0.0,0.0,0,935480.2146,15776.8026
60.631,9075,9186,Running,36,0.00,1,0,0,0,-1.0000,0.0,0,0.000,56.240,0.000,0.0,0.0,0.0,0,931953.9038,16027.2072
60.648,9094,9218,Running,36,0.00,1,0,0,0,-1.0000,0.0,0,0.000,56.240,0.000,0.0,0.0,0.0,0,924737.3467,16307.3359
60.665,9116,9250,Running,36,0.00,1,0,0,0,-1.0000,0.0,0,0.000,56.240,0.000,0.0,0.0,0.0,0,922716.1488,16812.6328
60.681,9139,9281,Running,36,0.00,1,0,0,0,-1.0000,0.0,0,0.000,56.240,0.000,0.0,0.0,0.0,0,922455.7284,16812.6328
60.698,9163,9284,Running,24,0.00,1,0,0,0,-1.0000,0.0,0,0.000,56.240,0.000,0.0,0.0,0.0,0,802992.8989,15818.6785
60.715,9176,9211,Running,24,0.00,1,0,0,0,-1.0000,0.0,0,0.000,56.240,0.000,0.0,0.0,0.0,0,106640.5814,16434.1634
60.731,9175,9138,Running,23,0.00,1,0,0,0,-1.0000,0.0,0,0.000,58.160,0.000,0.0,0.0,0.0,0,97003.8920,14108.1021
60.748,9164,9064,Running,23,0.00,1,0,0,0,-1.0000,0.0,0,0.000,58.160,0.000,0.0,0.0,0.0,0,87952.4073,8354.1899
60.765,9142,8991,Running,23,0.00,1,0,0,0,-1.0000,0.0,0,0.000,58.160,0.000,0.0,0.0,0.0,0,80262.5405,16539.7697
60.781,9113,8918,Running,23,0.00,1,0,0,0,-1.0000,0.0,0,0.000,58.160,0.000,0.0,0.0,0.0,0,75432.7406,17470.9863
60.798,9078,8852,Running,23,0.00,1,0,0,0,-1.0000,0.0,0,0.000,58.160,0.000,0.0,0.0,0.0,0,73797.2022,17027.8838
60.815,9042,8835,Running,23,0.00,1,0,0,0,-1.0000,0.0,0,0.000,58.160,0.000,0.0,0.0,0.0,0,598476.0275,15801.5766
60.831,9008,8815,Running,23,0.00,1,0,0,0,-1.0000,0.0,0,0.000,58.160,0.000,0.0,0.0,0.0,0,564842.4788,17153.0473
60.848,8977,8793,Running,23,0.00,1,0,0,0,-1.0000,0.0,0,0.000,58.160,0.000,0.0,0.0,0.0,0,551578.0843,14307.2132
60.865,8947,8769,Running,23,0.00,1,0,0,0,-1.0000,0.0,0,0.000,58.160,0.000,0.0,0.0,0.0,0,541952.0580,14732.8096
60.881,8917,8744,Running,23,0.00,1,0,0,0,-1.0000,0.0,0,0.000,58.160,0.000,0.0,0.0,0.0,0,537106.7814,16886.5362
60.898,8889,8718,Running,15,0.00,1,0,0,0,-1.0000,0.0,0,0.000,58.160,0.000,0.0,0.0,0.0,0,529226.0855,17667.0780
60.915,8860,8681,Running,15,0.00,1,0,0,0,-1.0000,0.0,0,0.000,58.160,0.000,0.0,0.0,0.0,0,459858.6787,17337.1445
60.931,8829,8637,Running,13,0.00,1,0,0,0,-1.0000,0.0,0,0.000,59.280,0.000,0.0,0.0,0.0,0,389368.2116,16475.2276
60.948,8796,8589,Running,13,0.00,1,0,0,0,-1.0000,0.0,0,0.000,59.280,0.000,0.0,0.0,0.0,0,329308.2122,16475.2276
60.965,8760,8538,Running,13,0.00,1,0,0,0,-1.0000,0.0,0,0.000,59.280,0.000,0.0,0.0,0.0,0,299856.1988,16773.4102
60.981,8721,8485,Running,13,0.00,1,0,0,0,-1.0000,0.0,0,0.000,59.280,0.000,0.0,0.0,0.0,0,264396.0658,17291.5306
60.998,8681,8432,Running,13,0.00,1,0,0,0,-1.0000,0.0,0,0.000,59.280,0.000,0.0,0.0,0.0,0,261896.1381,16843.5234
61.015,8638,8379,Running,13,0.00,1,0,0,0,-1.0000,0.0,0,0.000,59.280,0.000,0.0,0.0,0.0,0,246317.7396,17620.5796
61.031,8594,8325,Running,13,0.00,1,0,0,0,-1.0000,0.0,0,0.000,59.280,0.000,0.0,0.0,0.0,0,237797.8862,16635.8547
61.048,8549,8272,Running,13,0.00,1,0,0,0,-1.0000,0.0,0,0.000,59.280,0.000,0.0,0.0,0.0,0,240894.0188,18933.4858
61.065,8502,8218,Running,13,0.00,1,0,0,0,-1.0000,0.0,0,0.000,59.280,0.000,0.0,0.0,0.0,0,240296.9681,16681.7584
61.081,8454,8166,Running,13,0.00,1,0,0,0,-1.0000,0.0,0,0.000,59.280,0.000,0.0,0.0,0.0,0,236540.5141,18231.4523
61.098,8406,8113,Running,9,0.00,1,0,0,0,-1.0000,0.0,0,0.000,59.280,0.000,0.0,0.0,0.0,0,230758.8541,18333.4474
61.115,8356,8058,Running,9,0.00,1,0,0,0,-1.0000,0.0,0,0.000,59.280,0.000,0.0,0.0,0.0,0,204980.2164,18876.6931
61.131,8306,8001,Running,7,0.00,1,0,0,0,-1.0000,0.0,0,0.000,59.280,0.000,0.0,0.0,0.0,0,177103.3698,18464.4537
61.148,8255,7945,Running,7,0.00,1,0,0,0,-1.0000,0.0,0,0.000,59.280,0.000,0.0,0.0,0.0,0,144561.4013,17143.9050
61.165,8202,7887,Running,7,0.00,1,0,0,0,-1.0000,0.0,0,0.000,59.520,0.000,0.0,0.0,0.0,0,120960.2734,17630.7432
61.181,8149,7829,Running,7,0.00,1,0,0,0,-1.0000,0.0,0,0.000,59.520,0.000,0.0,0.0,0.0,0,108007.0057,17841.7968
61.198,8095,7770,Running,7,0.00,1,0,0,0,-1.0000,0.0,0,0.000,59.520,0.000,0.0,0.0,0.0,0,115670.8004,17841.7968
61.215,8041,7712,Running,7,0.00,1,0,0,0,-1.0000,0.0,0,0.000,59.520,0.000,0.0,0.0,0.0,0,101760.8338,16113.3843
61.231,7985,7654,Running,7,0.00,1,0,0,0,-1.0000,0.0,0,0.000,59.520,0.000,0.0,0.0,0.0,0,99229.4624,14475.2855
61.248,7930,7596,Running,7,0.00,1,0,0,0,-1.0000,0.0,0,0.000,59.520,0.000,0.0,0.0,0.0,0,105510.9804,15074.8130
61.265,7874,7538,Running,1,0.00,1,0,0,0,-1.0000,0.0,0,0.000,59.520,0.000,0.0,0.0,0.0,0,99633.4900,14253.2083
61.281,7818,7479,Running,1,0.00,1,0,0,0,-1.0000,0.0,0,0.000,59.520,0.000,0.0,0.0,0.0,0,83534.7437,14752.9121
61.298,7761,7420,Running,0,0.00,1,0,0,0,-1.0000,0.0,0,0.000,59.520,0.000,0.0,0.0,0.0,0,79400.2614,15141.0118
61.315,7704,7360,Running,0,0.00,1,0,0,0,-1.0000,0.0,0,0.000,59.360,0.000,0.0,0.0,0.0,0,65910.4747,15490.3098
61.331,7646,7300,Running,0,0.00,1,0,0,0,-1.0000,0.0,0,0.000,59.360,0.000,0.0,0.0,0.0,0,54668.8408,16152.5966
61.334,7588,7241,Running,0,0.00,1,0,0,0,-1.0000,0.0,0,0.000,59.360,0.000,0.0,0.0,0.0,0,53287.6202,17869.6277
61.365,7530,7181,Running,0,0.00,1,0,0,0,-1.0000,0.0,0,0.000,59.360,0.000,0.0,0.0,0.0,0,52103.3538,19188.8496
61.381,7472,7121,Running,0,0.00,1,0,0,0,-1.0000,0.0,0,0.000,59.360,0.000,0.0,0.0,0.0,0,52883.2604,18100.3548
61.398,7413,7062,Running,0,0.00,1,0,0,0,-1.0000,0.0,0,0.000,59.360,0.000,0.0,0.0,0.0,0,54626.6581,19421.0281
61.415,7354,7003,Running,0,0.00,1,0,0,0,-1.0000,0.0,0,0.000,59.360,0.000,0.0,0.0,0.0,0,53280.8459,20032.5825
61.431,7296,6944,Running,0,0.00,1,0,0,0,-1.0000,0.0,0,0.000,59.360,0.000,0.0,0.0,0.0,0,49166.1495,19920.1612
61.448,7237,6886,Running,0,0.00,1,0,0,0,-1.0000,0.0,0,0.000,59.360,0.000,0.0,0.0,0.0,0,49402.3776,19023.4162
61.465,7178,6827,Running,0,0.00,1,0,0,0,-1.0000,0.0,0,0.000,59.360,0.000,0.0,0.0,0.0,0,59287.0966,20226.5309
61.481,7120,6770,Running,0,0.00,1,0,0,0,-1.0000,0.0,0,0.000,59.360,0.000,0.0,0.0,0.0,0,46063.9572,20226.5309
61.498,7061,6712,Running,0,0.00,1,0,0,0,-1.0000,0.0,0,0.000,59.360,0.000,0.0,0.0,0.0,0,57310.8011,19514.3370
61.515,7003,6655,Running,0,0.00,1,0,0,0,-1.0000,0.0,0,0.000,58.640,0.000,0.0,0.0,0.0,0,46602.6168,19293.4560
61.531,6945,6598,Running,0,0.00,1,0,0,0,-1.0000,0.0,0,0.000,58.640,0.000,0.0,0.0,0.0,0,59785.1403,19238.3170
61.548,6887,6542,Running,0,0.00,1,0,0,0,-1.0000,0.0,0,0.000,58.640,0.000,0.0,0.0,0.0,0,49543.4423,18984.7857
61.565,6830,6486,Running,0,0.00,1,0,0,0,-1.0000,0.0,0,0.000,58.640,0.000,0.0,0.0,0.0,0,49920.5965,18622.1999
61.581,6772,6430,Running,0,0.00,1,0,0,0,-1.0000,0.0,0,0.000,58.640,0.000,0.0,0.0,0.0,0,58205.7541,19042.5960
61.598,6715,6375,Running,0,0.00,1,0,0,0,-1.0000,0.0,0,0.000,58.640,0.000,0.0,0.0,0.0,0,57540.6226,19229.0803
61.615,6659,6320,Running,0,0.00,1,0,0,0,-1.0000,0.0,0,0.000,58.640,0.000,0.0,0.0,0.0,0,54944.3277,18489.1418
61.631,6602,6265,Running,0,0.00,1,0,0,0,-1.0000,0.0,0,0.000,58.640,0.000,0.0,0.0,0.0,0,53520.5232,18745.2885
61.648,6546,6211,Running,0,0.00,1,0,0,0,-1.0000,0.0,0,0.000,58.640,0.000,0.0,0.0,0.0,0,56005.7735,18843.1095
61.665,6490,6157,Running,0,0.00,1,0,0,0,-1.0000,0.0,0,0.000,58.640,0.000,0.0,0.0,0.0,0,52322.1825,19299.3077
61.681,6435,6103,Running,0,0.00,1,0,0,0,-1.0000,0.0,0,0.000,58.640,0.000,0.0,0.0,0.0,0,49616.6991,17563.3966
61.698,6380,6050,Running,0,0.00,1,0,0,0,-1.0000,0.0,0,0.000,58.640,0.000,0.0,0.0,0.0,0,54185.8726,18637.9849
61.715,6325,5997,Running,0,0.00,1,0,0,0,-1.0000,0.0,0,0.000,58.640,0.000,0.0,0.0,0.0,0,59201.6119,18637.9849
61.731,6270,5944,Running,0,0.00,1,0,0,0,-1.0000,0.0,0,0.000,58.640,0.000,0.0,0.0,0.0,0,51515.1445,18439.1783
61.748,6216,5892,Running,0,0.00,1,0,0,0,-1.0000,0.0,0,0.000,58.640,0.000,0.0,0.0,0.0,0,53345.1333,19194.7483
61.765,6162,5840,Running,0,0.00,1,0,0,0,-1.0000,0.0,0,0.000,58.640,0.000,0.0,0.0,0.0,0,58099.1577,18603.2840
61.781,6108,5788,Running,0,0.00,1,0,0,0,-1.0000,0.0,0,0.000,58.640,0.000,0.0,0.0,0.0,0,49654.2429,17920.4846
61.798,6055,5737,Running,0,0.00,1,0,0,0,-1.0000,0.0,0,0.000,56.720,0.000,0.0,0.0,0.0,0,57227.6711,17474.7442
61.815,6002,5687,Running,0,0.00,1,0,0,0,-1.0000,0.0,0,0.000,56.720,0.000,0.0,0.0,0.0,0,59935.7767,17713.3318
61.831,5950,5636,Running,0,0.00,1,0,0,0,-1.0000,0.0,0,0.000,56.720,0.000,0.0,0.0,0.0,0,49958.8005,17713.3318
61.848,5898,5586,Running,0,0.00,1,0,0,0,-1.0000,0.0,0,0.000,56.720,0.000,0.0,0.0,0.0,0,56253.3545,18169.2605
61.865,5846,5536,Running,0,0.00,1,0,0,0,-1.0000,0.0,0,0.000,56.720,0.000,0.0,0.0,0.0,0,59159.8015,17306.9920
61.881,5794,5487,Running,0,0.00,1,0,0,0,-1.0000,0.0,0,0.000,56.720,0.000,0.0,0.0,0.0,0,56112.2188,17928.7539
61.898,5743,5437,Running,0,0.00,1,0,0,0,-1.0000,0.0,0,0.000,56.720,0.000,0.0,0.0,0.0,0,53517.9295,18194.8325
61.915,5692,5388,Running,0,0.00,1,0,0,0,-1.0000,0.0,0,0.000,56.720,0.000,0.0,0.0,0.0,0,54877.4709,18025.2772
61.931,5642,5340,Running,0,0.00,1,0,0,0,-1.0000,0.0,0,0.000,56.720,0.000,0.0,0.0,0.0,0,55316.4175,18262.0537
61.948,5591,5292,Running,0,0.00,1,0,0,0,-1.0000,0.0,0,0.000,56.720,0.000,0.0,0.0,0.0,0,54869.9211,18295.5828
61.965,5541,5244,Running,0,0.00,1,0,0,0,-1.0000,0.0,0,0.000,56.720,0.000,0.0,0.0,0.0,0,51913.6491,17764.0803
61.981,5492,5196,Running,0,0.00,1,0,0,0,-1.0000,0.0,0,0.000,56.720,0.000,0.0,0.0,0.0,0,50327.2359,17312.9076
61.998,5443,5149,Running,0,0.00,1,0,0,0,-1.0000,0.0,0,0.000,56.720,0.000,0.0,0.0,0.0,0,51849.9470,16592.4238
62.015,5394,5102,Running,0,0.00,1,0,0,0,-1.0000,0.0,0,0.000,56.720,0.000,0.0,0.0,0.0,0,62163.8031,18477.3804
62.031,5345,5056,Running,0,0.00,1,0,0,0,-1.0000,0.0,0,0.000,56.720,0.000,0.0,0.0,0.0,0,53279.1880,18195.2376
62.048,5297,5009,Running,0,0.00,1,0,0,0,-1.0000,0.0,0,0.000,56.720,0.000,0.0,0.0,0.0,0,46880.6491,18132.8037
62.065,5249,4963,Running,0,0.00,1,0,0,0,-1.0000,0.0,0,0.000,56.720,0.000,0.0,0.0,0.0,0,62751.0903,15998.8163
62.081,5201,4917,Running,0,0.00,1,0,0,0,-1.0000,0.0,0,0.000,56.720,0.000,0.0,0.0,0.0,0,43427.6919,17089.9971
62.098,5154,4872,Running,0,0.00,1,0,0,0,-1.0000,0.0,0,0.000,56.720,0.000,0.0,0.0,0.0,0,62264.0449,17089.9971
62.115,5107,4827,Running,0,0.00,1,0,0,0,-1.0000,0.0,0,0.000,56.720,0.000,0.0,0.0,0.0,0,46668.8965,16700.5470
62.131,5061,4782,Running,0,0.00,1,0,0,0,-1.0000,0.0,0,0.000,56.720,0.000,0.0,0.0,0.0,0,53491.1877,16381.5817
62.148,5014,4738,Running,0,0.00,1,0,0,0,-1.0000,0.0,0,0.000,56.720,0.000,0.0,0.0,0.0,0,60870.8010,16890.1495
62.165,4968,4694,Running,0,0.00,1,0,0,0,-1.0000,0.0,0,0.000,56.720,0.000,0.0,0.0,0.0,0,51998.5485,16613.8283
62.181,4923,4651,Running,0,0.00,1,0,0,0,-1.0000,0.0,0,0.000,56.720,0.000,0.0,0.0,0.0,0,47309.9304,17006.6525
62.198,4877,4607,Running,0,0.00,1,0,0,0,-1.0000,0.0,0,0.000,53.760,0.000,0.0,0.0,0.0,0,54529.1250,16764.8747
62.215,4832,4564,Running,0,0.00,1,0,0,0,-1.0000,0.0,0,0.000,53.760,0.000,0.0,0.0,0.0,0,57345.1824,16935.5160
62.231,4788,4522,Running,0,0.00,1,0,0,0,-1.0000,0.0,0,0.000,53.760,0.000,0.0,0.0,0.0,0,55165.8367,16459.2588
62.248,4744,4479,Running,0,0.00,1,0,0,0,-1.0000,0.0,0,0.000,53.760,0.000,0.0,0.0,0.0,0,53136.5626,16491.0276
62.265,4700,4437,Running,0,0.00,1,0,0,0,-1.0000,0.0,0,0.000,53.760,0.000,0.0,0.0,0.0,0,48571.6924,17734.3625
62.281,4656,4394,Running,0,0.00,1,0,0,0,-1.0000,0.0,0,0.000,53.760,0.000,0.0,0.0,0.0,0,48553.7248,18127.5439
62.298,4612,4352,Running,0,0.00,1,0,0,0,-1.0000,0.0,0,0.000,53.040,0.000,0.0,0.0,0.0,0,46650.8363,16439.3715
62.315,4569,4311,Running,0,0.00,1,0,0,0,-1.0000,0.0,0,0.000,53.040,0.000,0.0,0.0,0.0,0,54906.0490,17509.6188
62.331,4526,4270,Running,0,0.00,1,0,0,0,-1.0000,0.0,0,0.000,53.040,0.000,0.0,0.0,0.0,0,58408.7159,16012.1168
62.348,4484,4230,Running,0,0.00,1,0,0,0,-1.0000,0.0,0,0.000,53.040,0.000,0.0,0.0,0.0,0,51121.4336,17333.8955
62.365,4441,4189,Running,0,0.00,1,0,0,0,-1.0000,0.0,0,0.000,53.040,0.000,0.0,0.0,0.0,0,43244.2235,16303.8254
62.381,4399,4150,Running,0,0.00,1,0,0,0,-1.0000,0.0,0,0.000,53.040,0.000,0.0,0.0,0.0,0,60559.8754,17176.8120
62.398,4358,4110,Running,0,0.00,1,0,0,0,-1.0000,0.0,0,0.000,53.040,0.000,0.0,0.0,0.0,0,49251.2519,17455.5428
62.415,4317,4070,Running,0,0.00,1,0,0,0,-1.0000,0.0,0,0.000,53.040,0.000,0.0,0.0,0.0,0,45351.1543,17208.1554
62.431,4276,4031,Running,0,0.00,1,0,0,0,-1.0000,0.0,0,0.000,53.040,0.000,0.0,0.0,0.0,0,56817.0914,14552.1176
62.448,4235,3992,Running,0,0.00,1,0,0,0,-1.0000,0.0,0,0.000,53.040,0.000,0.0,0.0,0.0,0,43894.5364,17603.8755
62.465,4194,3953,Running,0,0.00,1,0,0,0,-1.0000,0.0,0,0.000,53.040,0.000,0.0,0.0,0.0,0,52161.2439,15115.8779
62.481,4154,3915,Running,0,0.00,1,0,0,0,-1.0000,0.0,0,0.000,53.040,0.000,0.0,0.0,0.0,0,52844.2852,15132.3142
62.498,4114,3876,Running,0,0.00,1,0,0,0,-1.0000,0.0,0,0.000,51.440,0.000,0.0,0.0,0.0,0,39497.8229,16350.7778
62.515,4075,3839,Running,0,0.00,1,0,0,0,-1.0000,0.0,0,0.000,51.440,0.000,0.0,0.0,0.0,0,55981.1587,16350.7778
62.531,4035,3801,Running,0,0.00,1,0,0,0,-1.0000,0.0,0,0.000,51.440,0.000,0.0,0.0,0.0,0,53416.7848,17354.7396
62.548,3997,3764,Running,0,0.00,1,0,0,0,-1.0000,0.0,0,0.000,51.440,0.000,0.0,0.0,0.0,0,46799.7892,15316.4075
62.565,3958,3727,Running,0,0.00,1,0,0,0,-1.0000,0.0,0,0.000,51.440,0.000,0.0,0.0,0.0,0,42082.3000,18028.7028
62.581,3919,3690,Running,0,0.00,1,0,0,0,-1.0000,0.0,0,0.000,51.440,0.000,0.0,0.0,0.0,0,47478.2543,17120.0602
62.598,3881,3654,Running,0,0.00,1,0,0,0,-1.0000,0.0,0,0.000,51.440,0.000,0.0,0.0,0.0,0,52029.5847,17135.4371
62.615,3844,3618,Running,0,0.00,1,0,0,0,-1.0000,0.0,0,0.000,51.440,0.000,0.0,0.0,0.0,0,48665.4911,17006.3630
62.631,3806,3582,Running,0,0.00,1,0,0,0,-1.0000,0.0,0,0.000,51.440,0.000,0.0,0.0,0.0,0,46899.5981,17077.8060
62.648,3769,3546,Running,0,0.00,1,0,0,0,-1.0000,0.0,0,0.000,51.440,0.000,0.0,0.0,0.0,0,46979.2818,15461.0243
62.665,3732,3510,Running,0,0.00,1,0,0,0,-1.0000,0.0,0,0.000,51.440,0.000,0.0,0.0,0.0,0,43840.7528,16870.2588
62.681,3695,3475,Running,0,0.00,1,0,0,0,-1.0000,0.0,0,0.000,50.080,0.000,0.0,0.0,0.0,0,44038.7280,14618.9860
62.698,3658,3440,Running,0,0.00,1,0,0,0,-1.0000,0.0,0,0.000,49.920,0.000,0.0,0.0,0.0,0,49344.6114,16292.7890
62.715,3622,3405,Running,0,0.00,1,0,0,0,-1.0000,0.0,0,0.000,49.920,0.000,0.0,0.0,0.0,0,53057.1049,15426.8588
62.731,3586,3372,Running,0,0.00,1,0,0,0,-1.0000,0.0,0,0.000,49.920,0.000,0.0,0.0,0.0,0,49105.5999,16259.6834
62.748,3550,3338,Running,0,0.00,1,0,0,0,-1.0000,0.0,0,0.000,49.920,0.000,0.0,0.0,0.0,0,41439.4873,16259.6834
62.765,3515,3304,Running,0,0.00,1,0,0,0,-1.0000,0.0,0,0.000,49.920,0.000,0.0,0.0,0.0,0,44764.9422,15093.4428
62.781,3480,3271,Running,0,0.00,1,0,0,0,-1.0000,0.0,0,0.000,49.920,0.000,0.0,0.0,0.0,0,53354.7205,15383.3110
62.798,3445,3238,Running,0,0.00,1,0,0,0,-1.0000,0.0,0,0.000,49.920,0.000,0.0,0.0,0.0,0,39234.9747,16141.8677
62.815,3411,3205,Running,0,0.00,1,0,0,0,-1.0000,0.0,0,0.000,49.920,0.000,0.0,0.0,0.0,0,49245.9420,16304.1395
62.831,3376,3172,Running,0,0.00,1,0,0,0,-1.0000,0.0,0,0.000,49.920,0.000,0.0,0.0,0.0,0,45455.6860,18617.4628
62.848,3342,3140,Running,0,0.00,1,0,0,0,-1.0000,0.0,0,0.000,49.920,0.000,0.0,0.0,0.0,0,41462.9372,17492.9521
62.865,3309,3108,Running,0,0.00,1,0,0,0,-1.0000,0.0,0,0.000,49.920,0.000,0.0,0.0,0.0,0,48725.5922,17492.9521
62.881,3275,3077,Running,0,0.00,1,0,0,0,-1.0000,0.0,0,0.000,49.920,0.000,0.0,0.0,0.0,0,44827.1572,17129.9086
62.898,3242,3045,Running,0,0.00,1,0,0,0,-1.0000,0.0,0,0.000,49.920,0.000,0.0,0.0,0.0,0,41054.9389,19618.7588
62.915,3210,3014,Running,0,0.00,1,0,0,0,-1.0000,0.0,0,0.000,49.920,0.000,0.0,0.0,0.0,0,50838.9291,17391.7911
62.931,3177,2983,Running,0,0.00,1,0,0,0,-1.0000,0.0,0,0.000,49.920,0.000,0.0,0.0,0.0,0,35369.8482,19639.2704
62.948,3145,2952,Running,0,0.00,1,0,0,0,-1.0000,0.0,0,0.000,49.920,0.000,0.0,0.0,0.0,0,45988.9684,19901.7334
62.965,3113,2922,Running,0,0.00,1,0,0,0,-1.0000,0.0,0,0.000,49.920,0.000,0.0,0.0,0.0,0,49376.2812,19434.0975
62.981,3081,2891,Running,0,0.00,1,0,0,0,-1.0000,0.0,0,0.000,47.760,0.000,0.0,0.0,0.0,0,42425.4576,19434.0975
62.998,3049,2861,Running,0,0.00,1,0,0,0,-1.0000,0.0,0,0.000,47.600,0.000,0.0,0.0,0.0,0,34998.0053,18311.9690
63.015,3018,2831,Running,0,0.00,1,0,0,0,-1.0000,0.0,0,0.000,47.600,0.000,0.0,0.0,0.0,0,41534.9828,18888.4387
63.031,2987,2802,Running,0,0.00,1,0,0,0,-1.0000,0.0,0,0.000,47.600,0.000,0.0,0.0,0.0,0,44599.5201,20333.4245
63.048,2956,2773,Running,0,0.00,1,0,0,0,-1.0000,0.0,0,0.000,47.600,0.000,0.0,0.0,0.0,0,45670.9034,19897.5692
63.065,2926,2744,Running,0,0.00,1,0,0,0,-1.0000,0.0,0,0.000,47.600,0.000,0.0,0.0,0.0,0,43005.3773,21525.1768
63.081,2896,2716,Running,0,0.00,1,0,0,0,-1.0000,0.0,0,0.000,47.600,0.000,0.0,0.0,0.0,0,43043.0132,19837.8579
63.098,2866,2687,Running,0,0.00,1,0,0,0,-1.0000,0.0,0,0.000,47.600,0.000,0.0,0.0,0.0,0,40567.1105,19780.5948
63.115,2836,2659,Running,0,0.00,1,0,0,0,-1.0000,0.0,0,0.000,47.600,0.000,0.0,0.0,0.0,0,41930.5525,21071.3758
63.131,2807,2632,Running,0,0.00,1,0,0,0,-1.0000,0.0,0,0.000,47.600,0.000,0.0,0.0,0.0,0,40122.2032,21003.1172
63.148,2777,2604,Running,0,0.00,1,0,0,0,-1.0000,0.0,0,0.000,47.600,0.000,0.0,0.0,0.0,0,37361.8272,21084.6743
63.165,2749,2576,Running,0,0.00,1,0,0,0,-1.0000,0.0,0,0.000,47.600,0.000,0.0,0.0,0.0,0,36508.5702,21828.6153
63.181,2720,2549,Running,0,0.00,1,0,0,0,-1.0000,0.0,0,0.000,47.600,0.000,0.0,0.0,0.0,0,36542.2930,21633.9412
63.198,2691,2521,Running,0,0.00,1,0,0,0,-1.0000,0.0,0,0.000,47.600,0.000,0.0,0.0,0.0,0,42124.3161,22000.1516
63.215,2663,2495,Running,0,0.00,1,0,0,0,-1.0000,0.0,0,0.000,47.600,0.000,0.0,0.0,0.0,0,44249.8109,20552.4506
63.231,2635,2468,Running,0,0.00,1,0,0,0,-1.0000,0.0,0,0.000,47.600,0.000,0.0,0.0,0.0,0,38865.5248,22478.0301
63.248,2607,2442,Running,0,0.00,1,0,0,0,-1.0000,0.0,0,0.000,47.600,0.000,0.0,0.0,0.0,0,31320.7197,21876.9615
63.265,2580,2416,Running,0,0.00,1,0,0,0,-1.0000,0.0,0,0.000,47.600,0.000,0.0,0.0,0.0,0,40345.0323,21280.7474
63.281,2553,2392,Running,0,0.00,1,0,0,0,-1.0000,0.0,0,0.000,47.600,0.000,0.0,0.0,0.0,0,45061.9640,20268.9763
63.298,2526,2366,Running,0,0.00,1,0,0,0,-1.0000,0.0,0,0.000,47.600,0.000,0.0,0.0,0.0,0,32745.3925,21619.2827
63.315,2500,2342,Running,0,0.00,1,0,0,0,-1.0000,0.0,0,0.000,47.600,0.000,0.0,0.0,0.0,0,40816.9301,21477.6530
63.331,2473,2318,Running,0,0.00,1,0,0,0,-1.0000,0.0,0,0.000,47.600,0.000,0.0,0.0,0.0,0,42483.9333,22028.3389
63.348,2448,2293,Running,0,0.00,1,0,0,0,-1.0000,0.0,0,0.000,47.600,0.000,0.0,0.0,0.0,0,31447.9490,21182.2782
63.365,2422,2270,Running,0,0.00,1,0,0,0,-1.0000,0.0,0,0.000,47.600,0.000,0.0,0.0,0.0,0,45221.8329,19437.1789
63.381,2397,2245,Running,0,0.00,1,0,0,0,-1.0000,0.0,0,0.000,47.600,0.000,0.0,0.0,0.0,0,29291.9664,20803.4399
63.398,2372,2222,Running,0,0.00,1,0,0,0,-1.0000,0.0,0,0.000,47.600,0.000,0.0,0.0,0.0,0,44623.0913,20803.4399
63.415,2347,2198,Running,0,0.00,1,0,0,0,-1.0000,0.0,0,0.000,47.600,0.000,0.0,0.0,0.0,0,27706.0974,21123.3902
63.431,2322,2175,Running,0,0.00,1,0,0,0,-1.0000,0.0,0,0.000,47.600,0.000,0.0,0.0,0.0,0,42767.6288,21104.3311
63.448,2298,2153,Running,0,0.00,1,0,0,0,-1.0000,0.0,0,0.000,47.600,0.000,0.0,0.0,0.0,0,31787.9680,21177.5213
63.465,2274,2130,Running,0,0.00,1,0,0,0,-1.0000,0.0,0,0.000,47.600,0.000,0.0,0.0,0.0,0,36063.7353,21001.6623
63.481,2250,2107,Running,0,0.00,1,0,0,0,-1.0000,0.0,0,0.000,47.600,0.000,0.0,0.0,0.0,0,40184.6754,19155.8370
63.498,2226,2084,Running,0,0.00,1,0,0,0,-1.0000,0.0,0,0.000,47.600,0.000,0.0,0.0,0.0,0,26010.0382,21414.9673
63.515,2202,2062,Running,0,0.00,1,0,0,0,-1.0000,0.0,0,0.000,47.600,0.000,0.0,0.0,0.0,0,35290.2558,21120.8468
63.531,2179,2041,Running,0,0.00,1,0,0,0,-1.0000,0.0,0,0.000,47.600,0.000,0.0,0.0,0.0,0,40339.7068,21178.5274
63.548,2156,2019,Running,0,0.00,1,0,0,0,-1.0000,0.0,0,0.000,43.360,0.000,0.0,0.0,0.0,0,29703.0007,21729.6478
63.565,2133,1997,Running,0,0.00,1,0,0,0,-1.0000,0.0,0,0.000,43.360,0.000,0.0,0.0,0.0,0,31097.1844,21718.7249
63.581,2111,1976,Running,0,0.00,1,0,0,0,-1.0000,0.0,0,0.000,43.360,0.000,0.0,0.0,0.0,0,34817.6481,22527.6133
63.598,2088,1956,Running,0,0.00,1,0,0,0,-1.0000,0.0,0,0.000,43.360,0.000,0.0,0.0,0.0,0,37059.2215,20007.9142
63.615,2066,1936,Running,0,0.00,1,0,0,0,-1.0000,0.0,0,0.000,43.360,0.000,0.0,0.0,0.0,0,36156.6957,22695.3852
63.631,2045,1915,Running,0,0.00,1,0,0,0,-1.0000,0.0,0,0.000,43.360,0.000,0.0,0.0,0.0,0,29136.6020,21081.5403
63.648,2023,1896,Running,0,0.00,1,0,0,0,-1.0000,0.0,0,0.000,43.360,0.000,0.0,0.0,0.0,0,29672.5234,21928.1646
63.665,2002,1876,Running,0,0.00,1,0,0,0,-1.0000,0.0,0,0.000,43.360,0.000,0.0,0.0,0.0,0,32750.1404,21928.1646
63.681,1981,1857,Running,0,0.00,1,0,0,0,-1.0000,0.0,0,0.000,43.360,0.000,0.0,0.0,0.0,0,33035.9872,23052.6553
63.698,1961,1838,Running,0,0.00,1,0,0,0,-1.0000,0.0,0,0.000,43.360,0.000,0.0,0.0,0.0,0,31770.5775,22936.5035
63.715,1940,1819,Running,0,0.00,1,0,0,0,-1.0000,0.0,0,0.000,43.360,0.000,0.0,0.0,0.0,0,31750.7594,23418.1626
63.731,1920,1800,Running,0,0.00,1,0,0,0,-1.0000,0.0,0,0.000,43.360,0.000,0.0,0.0,0.0,0,30497.6791,24016.4954
63.748,1900,1781,Running,0,0.00,1,0,0,0,-1.0000,0.0,0,0.000,41.600,0.000,0.0,0.0,0.0,0,30527.6193,23765.3378
63.765,1881,1763,Running,0,0.00,1,0,0,0,-1.0000,0.0,0,0.000,41.600,0.000,0.0,0.0,0.0,0,30579.5797,24450.0275
63.781,1861,1745,Running,0,0.00,1,0,0,0,-1.0000,0.0,0,0.000,41.600,0.000,0.0,0.0,0.0,0,31263.8142,24450.0275
63.798,1842,1727,Running,0,0.00,1,0,0,0,-1.0000,0.0,0,0.000,41.600,0.000,0.0,0.0,0.0,0,30140.9928,24388.5802
63.815,1823,1710,Running,0,0.00,1,0,0,0,-1.0000,0.0,0,0.000,41.600,0.000,0.0,0.0,0.0,0,31477.2127,24239.4173
63.831,1804,1693,Running,0,0.00,1,0,0,0,-1.0000,0.0,0,0.000,41.600,0.000,0.0,0.0,0.0,0,30384.6767,22247.7775
63.848,1786,1675,Running,0,0.00,1,0,0,0,-1.0000,0.0,0,0.000,41.600,0.000,0.0,0.0,0.0,0,31571.3013,19970.3743
63.865,1767,1659,Running,0,0.00,1,0,0,0,-1.0000,0.0,0,0.000,41.600,0.000,0.0,0.0,0.0,0,30487.8070,21870.8833
63.881,1749,1642,Running,0,0.00,1,0,0,0,-1.0000,0.0,0,0.000,40.320,0.000,0.0,0.0,0.0,0,27217.1834,21870.8833
63.898,1731,1626,Running,0,0.00,1,0,0,0,-1.0000,0.0,0,0.000,40.320,0.000,0.0,0.0,0.0,0,25757.0401,18845.7030
63.915,1714,1609,Running,0,0.00,1,0,0,0,-1.0000,0.0,0,0.000,40.320,0.000,0.0,0.0,0.0,0,29174.8769,13309.3323
63.931,1697,1593,Running,0,0.00,1,0,0,0,-1.0000,0.0,0,0.000,40.320,0.000,0.0,0.0,0.0,0,29323.7757,10656.7204
63.948,1679,1577,Running,0,0.00,1,0,0,0,-1.0000,0.0,0,0.000,40.320,0.000,0.0,0.0,0.0,0,31192.2347,12483.7810
63.965,1662,1562,Running,0,0.00,1,0,0,0,-1.0000,0.0,0,0.000,40.320,0.000,0.0,0.0,0.0,0,23830.5297,10949.1971
63.981,1646,1547,Running,0,0.00,1,0,0,0,-1.0000,0.0,0,0.000,40.320,0.000,0.0,0.0,0.0,0,28638.4430,9655.0409
63.998,1630,1534,Running,0,0.00,1,0,0,0,-1.0000,0.0,0,0.000,40.320,0.000,0.0,0.0,0.0,0,30018.5696,5898.2728
64.015,1614,1519,Running,0,0.00,1,0,0,0,-1.0000,0.0,0,0.000,40.320,0.000,0.0,0.0,0.0,0,30106.8900,9402.1216
64.031,1598,1504,Running,0,0.00,1,0,0,0,-1.0000,0.0,0,0.000,40.320,0.000,0.0,0.0,0.0,0,23291.4247,6875.3487
64.048,1583,1491,Running,0,0.00,1,0,0,0,-1.0000,0.0,0,0.000,40.320,0.000,0.0,0.0,0.0,0,28010.6597,6875.3487
64.065,1567,1476,Running,0,0.00,1,0,0,0,-1.0000,0.0,0,0.000,38.960,0.000,0.0,0.0,0.0,0,29316.3819,5002.0507
64.081,1552,1464,Running,0,0.00,1,0,0,0,-1.0000,0.0,0,0.000,38.800,0.000,0.0,0.0,0.0,0,24518.1862,5859.6774
64.098,1538,1450,Running,0,0.00,1,0,0,0,-1.0000,0.0,0,0.000,38.800,0.000,0.0,0.0,0.0,0,29515.6525,5958.2310
64.115,1523,1437,Running,0,0.00,1,0,0,0,-1.0000,0.0,0,0.000,38.800,0.000,0.0,0.0,0.0,0,23382.9686,5196.6849
64.131,1509,1424,Running,0,0.00,1,0,0,0,-1.0000,0.0,0,0.000,38.800,0.000,0.0,0.0,0.0,0,28367.9694,10258.5433
64.148,1495,1411,Running,0,0.00,1,0,0,0,-1.0000,0.0,0,0.000,38.800,0.000,0.0,0.0,0.0,0,27806.5097,5766.1290
64.165,1481,1398,Running,0,0.00,1,0,0,0,-1.0000,0.0,0,0.000,38.800,0.000,0.0,0.0,0.0,0,21317.6722,7731.0208
64.181,1467,1387,Running,0,0.00,1,0,0,0,-1.0000,0.0,0,0.000,38.800,0.000,0.0,0.0,0.0,0,31036.6290,6742.8689
64.198,1454,1375,Running,0,0.00,1,0,0,0,-1.0000,0.0,0,0.000,38.800,0.000,0.0,0.0,0.0,0,22344.8832,7492.0071
64.215,1441,1364,Running,0,0.00,1,0,0,0,-1.0000,0.0,0,0.000,38.800,0.000,0.0,0.0,0.0,0,28537.9917,7304.4749
64.231,1428,1351,Running,0,0.00,1,0,0,0,-1.0000,0.0,0,0.000,38.800,0.000,0.0,0.0,0.0,0,21015.7272,7205.3296
64.248,1415,1340,Running,0,0.00,1,0,0,0,-1.0000,0.0,0,0.000,38.800,0.000,0.0,0.0,0.0,0,28114.8293,7291.3058
64.265,1403,1328,Running,0,0.00,1,0,0,0,-1.0000,0.0,0,0.000,36.960,0.000,0.0,0.0,0.0,0,20447.4815,8873.1557
64.281,1391,1318,Running,0,0.00,1,0,0,0,-1.0000,0.0,0,0.000,36.960,0.000,0.0,0.0,0.0,0,30257.4586,9480.8316
64.298,1378,1305,Running,0,0.00,1,0,0,0,-1.0000,0.0,0,0.000,36.960,0.000,0.0,0.0,0.0,0,19239.3369,9604.6317
64.315,1366,1294,Running,0,0.00,1,0,0,0,-1.0000,0.0,0,0.000,36.960,0.000,0.0,0.0,0.0,0,27195.4498,9604.6317
64.331,1354,1285,Running,0,0.00,1,0,0,0,-1.0000,0.0,0,0.000,36.960,0.000,0.0,0.0,0.0,0,23554.2446,10246.1895
64.348,1343,1274,Running,0,0.00,1,0,0,0,-1.0000,0.0,0,0.000,36.960,0.000,0.0,0.0,0.0,0,25266.5695,10577.0717
64.365,1332,1265,Running,0,0.00,1,0,0,0,-1.0000,0.0,0,0.000,36.960,0.000,0.0,0.0,0.0,0,23692.8067,11038.6631
64.381,1321,1255,Running,0,0.00,1,0,0,0,-1.0000,0.0,0,0.000,36.960,0.000,0.0,0.0,0.0,0,20576.3484,12054.0048
64.398,1310,1247,Running,0,0.00,1,0,0,0,-1.0000,0.0,0,0.000,36.960,0.000,0.0,0.0,0.0,0,30449.4929,10833.1053
64.415,1299,1236,Running,0,0.00,1,0,0,0,-1.0000,0.0,0,0.000,36.960,0.000,0.0,0.0,0.0,0,20377.9863,12597.0564
64.431,1289,1226,Running,0,0.00,1,0,0,0,-1.0000,0.0,0,0.000,36.960,0.000,0.0,0.0,0.0,0,22335.5240,11670.2673
64.448,1278,1217,Running,0,0.00,1,0,0,0,-1.0000,0.0,0,0.000,36.960,0.000,0.0,0.0,0.0,0,22880.5355,11147.3376
64.465,1268,1206,Running,0,0.00,1,0,0,0,-1.0000,0.0,0,0.000,35.040,0.000,0.0,0.0,0.0,0,21549.7008,12661.4350
64.481,1258,1197,Running,0,0.00,1,0,0,0,-1.0000,0.0,0,0.000,34.800,0.000,0.0,0.0,0.0,0,22957.7152,11620.0594
64.498,1248,1190,Running,0,0.00,1,0,0,0,-1.0000,0.0,0,0.000,34.800,0.000,0.0,0.0,0.0,0,24305.0215,12972.0915
64.515,1238,1180,Running,0,0.00,1,0,0,0,-1.0000,0.0,0,0.000,34.800,0.000,0.0,0.0,0.0,0,20206.4474,9152.6394
64.531,1229,1172,Running,0,0.00,1,0,0,0,-1.0000,0.0,0,0.000,34.800,0.000,0.0,0.0,0.0,0,22125.5651,12926.2241
64.548,1219,1164,Running,0,0.00,1,0,0,0,-1.0000,0.0,0,0.000,34.800,0.000,0.0,0.0,0.0,0,25382.2913,12926.2241
64.565,1210,1156,Running,0,0.00,1,0,0,0,-1.0000,0.0,0,0.000,34.800,0.000,0.0,0.0,0.0,0,21719.6316,12331.6948
64.581,1201,1147,Running,0,0.00,1,0,0,0,-1.0000,0.0,0,0.000,34.800,0.000,0.0,0.0,0.0,0,17465.6115,11060.2868
64.598,1192,1141,Running,0,0.00,1,0,0,0,-1.0000,0.0,0,0.000,34.800,0.000,0.0,0.0,0.0,0,28626.6626,12938.5248
64.615,1184,1134,Running,0,0.00,1,0,0,0,-1.0000,0.0,0,0.000,34.800,0.000,0.0,0.0,0.0,0,21578.5640,12622.0471
64.631,1175,1126,Running,0,0.00,1,0,0,0,-1.0000,0.0,0,0.000,34.800,0.000,0.0,0.0,0.0,0,19759.1010,13454.0757
64.648,1167,1119,Running,0,0.00,1,0,0,0,-1.0000,0.0,0,0.000,34.800,0.000,0.0,0.0,0.0,0,20319.2887,11913.6742
64.665,1159,1112,Running,0,0.00,1,0,0,0,-1.0000,0.0,0,0.000,33.120,0.000,0.0,0.0,0.0,0,26755.0301,11902.7043
64.681,1152,1107,Running,0,0.00,1,0,0,0,-1.0000,0.0,0,0.000,32.880,0.000,0.0,0.0,0.0,0,22180.5557,12967.0101
64.698,1144,1099,Running,0,0.00,1,0,0,0,-1.0000,0.0,0,0.000,32.880,0.000,0.0,0.0,0.0,0,19318.4637,10981.8704
64.715,1137,1093,Running,0,0.00,1,0,0,0,-1.0000,0.0,0,0.000,32.880,0.000,0.0,0.0,0.0,0,17588.9238,11310.7116
64.720,1130,1087,Running,0,0.00,1,0,0,0,-1.0000,0.0,0,0.000,32.880,0.000,0.0,0.0,0.0,0,27242.9961,12231.9050
64.748,1123,1083,Running,0,0.00,1,0,0,0,-1.0000,0.0,0,0.000,32.880,0.000,0.0,0.0,0.0,0,24597.6716,13561.4268
64.765,1116,1078,Running,0,0.00,1,0,0,0,-1.0000,0.0,0,0.000,32.160,0.000,0.0,0.0,0.0,0,21341.0948,10678.9825
64.781,1110,1070,Running,0,0.00,1,0,0,0,-1.0000,0.0,0,0.000,32.000,0.000,0.0,0.0,0.0,0,19080.8212,10573.8751
64.798,1103,1063,Running,0,0.00,1,0,0,0,-1.0000,0.0,0,0.000,32.000,0.000,0.0,0.0,0.0,0,16130.7185,11666.2371
64.815,1097,1057,Running,0,0.00,1,0,0,0,-1.0000,0.0,0,0.000,32.000,0.000,0.0,0.0,0.0,0,24459.6784,11666.2371
64.831,1090,1054,Running,0,0.00,1,0,0,0,-1.0000,0.0,0,0.000,32.000,0.000,0.0,0.0,0.0,0,26142.3241,11721.5023
64.848,1084,1049,Running,0,0.00,1,0,0,0,-1.0000,0.0,0,0.000,32.000,0.000,0.0,0.0,0.0,0,20170.9189,10865.9752
64.865,1078,1042,Running,0,0.00,1,0,0,0,-1.0000,0.0,0,0.000,32.000,0.000,0.0,0.0,0.0,0,18786.1636,12684.7767
64.881,1072,1034,Running,0,0.00,1,0,0,0,-1.0000,0.0,0,0.000,32.000,0.000,0.0,0.0,0.0,0,17795.9637,10993.8530
64.898,1066,1028,Running,0,0.00,1,0,0,0,-1.0000,0.0,0,0.000,32.000,0.000,0.0,0.0,0.0,0,16365.9391,10835.8837
64.915,1060,1022,Running,0,0.00,1,0,0,0,-1.0000,0.0,0,0.000,32.000,0.000,0.0,0.0,0.0,0,23092.2069,11948.6348
64.931,1054,1019,Running,0,0.00,1,0,0,0,-1.0000,0.0,0,0.000,32.000,0.000,0.0,0.0,0.0,0,24483.9687,11948.6348
64.948,1048,1016,Running,0,0.00,1,0,0,0,-1.0000,0.0,0,0.000,32.000,0.000,0.0,0.0,0.0,0,23236.6670,12451.9638
64.965,1043,1013,Running,0,0.00,1,0,0,0,-1.0000,0.0,0,0.000,32.000,0.000,0.0,0.0,0.0,0,20826.9736,12021.1334
64.981,1038,1008,Running,0,0.00,1,0,0,0,-1.0000,0.0,0,0.000,32.000,0.000,0.0,0.0,0.0,0,20656.7265,12202.2337
64.998,1033,1005,Running,0,0.00,1,0,0,0,-1.0000,0.0,0,0.000,32.000,0.000,0.0,0.0,0.0,0,18210.5285,11595.9916
65.015,1028,1002,Running,0,0.00,1,0,0,0,-1.0000,0.0,0,0.000,32.000,0.000,0.0,0.0,0.0,0,19887.8228,10651.3210
65.031,1024,997,Running,0,0.00,1,0,0,0,-1.0000,0.0,0,0.000,32.000,0.000,0.0,0.0,0.0,0,20520.1250,11548.2704
65.048,1020,991,Running,0,0.00,1,0,0,0,-1.0000,0.0,0,0.000,32.000,0.000,0.0,0.0,0.0,0,20369.1246,10266.1224
65.065,1015,990,Running,0,0.00,1,0,0,0,-1.0000,0.0,0,0.000,29.760,0.000,0.0,0.0,0.0,0,22389.7847,13134.1946
65.081,1011,987,Running,0,0.00,1,0,0,0,-1.0000,0.0,0,0.000,29.600,0.000,0.0,0.0,0.0,0,25352.5863,13134.1946
65.098,1007,985,Running,0,0.00,1,0,0,0,-1.0000,0.0,0,0.000,29.600,0.000,0.0,0.0,0.0,0,21627.8015,10813.7779
65.115,1003,984,Running,0,0.00,1,0,0,0,-1.0000,0.0,0,0.000,29.600,0.000,0.0,0.0,0.0,0,21815.8829,10972.8288
65.131,1000,982,Running,0,0.00,1,0,0,0,-1.0000,0.0,0,0.000,29.600,0.000,0.0,0.0,0.0,0,21132.0538,11923.0197
65.148,997,979,Running,0,0.00,1,0,0,0,-1.0000,0.0,0,0.000,29.600,0.000,0.0,0.0,0.0,0,21865.1833,11141.2711
65.165,994,975,Running,0,0.00,1,0,0,0,-1.0000,0.0,0,0.000,29.600,0.000,0.0,0.0,0.0,0,19107.1278,11836.5814
65.181,991,973,Running,0,0.00,1,0,0,0,-1.0000,0.0,0,0.000,29.600,0.000,0.0,0.0,0.0,0,18433.5659,11780.4094
65.198,988,968,Running,0,0.00,1,0,0,0,-1.0000,0.0,0,0.000,29.600,0.000,0.0,0.0,0.0,0,20172.8534,11780.4094
65.215,985,968,Running,0,0.00,1,0,0,0,-1.0000,0.0,0,0.000,29.600,0.000,0.0,0.0,0.0,0,18238.8825,12862.7181
65.231,982,963,Running,0,0.00,1,0,0,0,-1.0000,0.0,0,0.000,29.600,0.000,0.0,0.0,0.0,0,24464.3100,10166.7436
65.248,979,959,Running,0,0.00,1,0,0,0,-1.0000,0.0,0,0.000,29.600,0.000,0.0,0.0,0.0,0,20253.0388,10856.9360
65.265,976,956,Running,0,0.00,1,0,0,0,-1.0000,0.0,0,0.000,28.160,0.000,0.0,0.0,0.0,0,21684.8413,11334.8571
65.281,972,952,Running,0,0.00,1,0,0,0,-1.0000,0.0,0,0.000,28.080,0.000,0.0,0.0,0.0,0,21904.3716,9806.3401
65.298,969,949,Running,0,0.00,1,0,0,0,-1.0000,0.0,0,0.000,28.080,0.000,0.0,0.0,0.0,0,19730.2613,9030.7604
65.315,965,945,Running,0,0.00,1,0,0,0,-1.0000,0.0,0,0.000,28.080,0.000,0.0,0.0,0.0,0,19090.1756,12019.6827
65.331,962,944,Running,0,0.00,1,0,0,0,-1.0000,0.0,0,0.000,28.080,0.000,0.0,0.0,0.0,0,20360.2041,9836.7956
65.348,959,945,Running,0,0.00,1,0,0,0,-1.0000,0.0,0,0.000,28.080,0.000,0.0,0.0,0.0,0,23391.9564,10575.0606
65.365,957,944,Running,0,0.00,1,0,0,0,-1.0000,0.0,0,0.000,28.080,0.000,0.0,0.0,0.0,0,21959.3996,7607.3230
65.381,954,942,Running,0,0.00,1,0,0,0,-1.0000,0.0,0,0.000,28.080,0.000,0.0,0.0,0.0,0,19056.4722,10204.0605
65.398,952,941,Running,0,0.00,1,0,0,0,-1.0000,0.0,0,0.000,28.080,0.000,0.0,0.0,0.0,0,21435.5542,10141.0055
65.415,950,940,Running,0,0.00,1,0,0,0,-1.0000,0.0,0,0.000,28.080,0.000,0.0,0.0,0.0,0,22772.8998,11561.0180
65.431,948,938,Running,0,0.00,1,0,0,0,-1.0000,0.0,0,0.000,28.080,0.000,0.0,0.0,0.0,0,19500.3140,9482.9141
65.448,947,935,Running,8,0.00,1,0,0,0,-1.0000,0.0,0,0.000,28.080,0.000,0.0,0.0,0.0,0,20166.0620,10688.0929
65.465,945,932,Running,11,0.00,1,0,0,0,-1.0000,0.0,0,0.000,26.640,0.000,0.0,0.0,0.0,0,18883.6757,8655.1920
65.481,943,932,Running,11,0.00,1,0,0,0,-1.0000,0.0,0,0.000,26.640,0.000,0.0,0.0,0.0,0,18102.1888,10952.9371
65.498,941,932,Running,11,0.00,1,0,0,0,-1.0000,0.0,0,0.000,26.640,0.000,0.0,0.0,0.0,0,23147.5550,11167.2815
65.515,940,933,Running,11,0.00,1,0,0,0,-1.0000,0.0,0,0.000,26.640,0.000,0.0,0.0,0.0,0,22180.8021,8769.6059
65.531,940,941,Running,11,0.00,1,0,0,0,-1.0000,0.0,0,0.000,26.640,0.000,0.0,0.0,0.0,0,25189.8544,12626.9828
65.548,941,953,Running,11,0.00,1,0,0,0,-1.0000,0.0,0,0.000,26.640,0.000,0.0,0.0,0.0,0,32434.3769,9485.7827
65.565,944,962,Running,11,0.00,1,0,0,0,-1.0000,0.0,0,0.000,26.640,0.000,0.0,0.0,0.0,0,35416.7611,12303.7814
65.581,948,979,Running,11,0.00,1,0,0,0,-1.0000,0.0,0,0.000,26.640,0.000,0.0,0.0,0.0,0,36685.1040,12303.7814
65.598,954,992,Running,11,0.00,1,0,0,0,-1.0000,0.0,0,0.000,26.640,0.000,0.0,0.0,0.0,0,46199.1298,21843.2840
65.615,961,1010,Running,11,0.00,1,0,0,0,-1.0000,0.0,0,0.000,26.640,0.000,0.0,0.0,0.0,0,50638.0446,24257.8449
65.631,970,1027,Running,15,0.00,1,0,0,0,-1.0000,0.0,0,0.000,26.640,0.000,0.0,0.0,0.0,0,49903.6538,22631.0287
65.648,980,1048,Running,15,0.00,1,0,0,0,-1.0000,0.0,0,0.000,26.640,0.000,0.0,0.0,0.0,0,48239.5599,23298.5005
65.665,992,1070,Running,16,0.00,1,0,0,0,-1.0000,0.0,0,0.000,26.640,0.000,0.0,0.0,0.0,0,43131.3908,20741.1174
65.681,1006,1098,Running,17,0.00,1,0,0,0,-1.0000,0.0,0,0.000,26.640,0.000,0.0,0.0,0.0,0,50973.5660,22876.3577
65.698,1023,1132,Running,17,0.00,1,0,0,0,-1.0000,0.0,0,0.000,26.640,0.000,0.0,0.0,0.0,0,68593.9270,20937.1439
65.715,1043,1166,Running,17,0.00,1,0,0,0,-1.0000,0.0,0,0.000,26.640,0.000,0.0,0.0,0.0,0,97868.4802,22810.7637
65.731,1064,1199,Running,17,0.00,1,0,0,0,-1.0000,0.0,0,0.000,26.640,0.000,0.0,0.0,0.0,0,57114.5524,22810.7637
65.748,1088,1241,Running,17,0.00,1,0,0,0,-1.0000,0.0,0,0.000,26.640,0.000,0.0,0.0,0.0,0,72724.0605,19998.6429
65.765,1114,1276,Running,17,0.00,1,0,0,0,-1.0000,0.0,0,0.000,26.640,0.000,0.0,0.0,0.0,0,119148.4023,20535.2839
65.781,1143,1321,Running,17,0.00,1,0,0,0,-1.0000,0.0,0,0.000,26.640,0.000,0.0,0.0,0.0,0,66097.8056,20252.7918
65.798,1174,1363,Running,17,0.00,1,0,0,0,-1.0000,0.0,0,0.000,26.640,0.000,0.0,0.0,0.0,0,134107.0086,17906.4639
65.815,1206,1410,Running,22,0.00,1,0,0,0,-1.0000,0.0,0,0.000,26.640,0.000,0.0,0.0,0.0,0,76382.9492,20232.8415
65.831,1241,1456,Running,22,0.00,1,0,0,0,-1.0000,0.0,0,0.000,26.640,0.000,0.0,0.0,0.0,0,147515.7224,19110.1333
65.848,1279,1512,Running,22,0.00,1,0,0,0,-1.0000,0.0,0,0.000,26.640,0.000,0.0,0.0,0.0,0,96135.6886,19110.1333
65.865,1318,1565,Running,22,0.00,1,0,0,0,-1.0000,0.0,0,0.000,26.640,0.000,0.0,0.0,0.0,0,134049.8479,16986.3566
65.881,1361,1617,Running,22,0.00,1,0,0,0,-1.0000,0.0,0,0.000,26.640,0.000,0.0,0.0,0.0,0,162166.2954,17683.3812
65.898,1405,1674,Running,22,0.00,1,0,0,0,-1.0000,0.0,0,0.000,26.640,0.000,0.0,0.0,0.0,0,169687.9698,19665.5040
65.915,1451,1732,Running,22,0.00,1,0,0,0,-1.0000,0.0,0,0.000,26.640,0.000,0.0,0.0,0.0,0,143304.7476,24336.5089
65.931,1499,1790,Running,22,0.00,1,0,0,0,-1.0000,0.0,0,0.000,26.640,0.000,0.0,0.0,0.0,0,159427.3768,22047.5966
65.948,1548,1846,Running,22,0.00,1,0,0,0,-1.0000,0.0,0,0.000,26.640,0.000,0.0,0.0,0.0,0,177653.3854,22047.5966
65.965,1598,1899,Running,22,0.00,1,0,0,0,-1.0000,0.0,0,0.000,26.640,0.000,0.0,0.0,0.0,0,194548.9695,24033.2086
65.981,1649,1952,Running,22,0.00,1,0,0,0,-1.0000,0.0,0,0.000,26.640,0.000,0.0,0.0,0.0,0,189717.7003,23872.9901
65.998,1700,2006,Running,22,0.00,1,0,0,0,-1.0000,0.0,0,0.000,26.640,0.000,0.0,0.0,0.0,0,172224.1720,24239.2210
66.015,1751,2062,Running,22,0.00,1,0,0,0,-1.0000,0.0,0,0.000,26.640,0.000,0.0,0.0,0.0,0,187731.0231,23166.7940
66.031,1803,2112,Running,22,0.00,1,0,0,0,-1.0000,0.0,0,0.000,26.640,0.000,0.0,0.0,0.0,0,224665.9818,21497.0647
66.048,1854,2160,Running,22,0.00,1,0,0,0,-1.0000,0.0,0,0.000,26.640,0.000,0.0,0.0,0.0,0,209325.2950,23452.8434
66.065,1905,2214,Running,22,0.00,1,0,0,0,-1.0000,0.0,0,0.000,26.640,0.000,0.0,0.0,0.0,0,201265.5053,22199.2225
66.081,1957,2262,Running,22,0.00,1,0,0,0,-1.0000,0.0,0,0.000,26.640,0.000,0.0,0.0,0.0,0,244616.6996,19686.4174
66.098,2008,2317,Running,22,0.00,1,0,0,0,-1.0000,0.0,0,0.000,26.640,0.000,0.0,0.0,0.0,0,204983.2610,21951.0004
66.115,2059,2366,Running,22,0.00,1,0,0,0,-1.0000,0.0,0,0.000,26.640,0.000,0.0,0.0,0.0,0,238737.3215,21951.0004
66.131,2111,2421,Running,23,0.00,1,0,0,0,-1.0000,0.0,0,0.000,26.640,0.000,0.0,0.0,0.0,0,257308.5006,22287.5971
66.148,2163,2479,Running,23,0.00,1,0,0,0,-1.0000,0.0,0,0.000,26.640,0.000,0.0,0.0,0.0,0,215336.5416,21969.6365
66.165,2216,2535,Running,23,0.00,1,0,0,0,-1.0000,0.0,0,0.000,26.640,0.000,0.0,0.0,0.0,0,248462.7189,22996.3887
66.181,2269,2592,Running,23,0.00,1,0,0,0,-1.0000,0.0,0,0.000,26.640,0.000,0.0,0.0,0.0,0,263740.7318,21539.9638
66.198,2324,2650,Running,23,0.00,1,0,0,0,-1.0000,0.0,0,0.000,26.640,0.000,0.0,0.0,0.0,0,268557.8270,21720.5931
66.215,2379,2711,Running,23,0.00,1,0,0,0,-1.0000,0.0,0,0.000,26.640,0.000,0.0,0.0,0.0,0,271486.1691,21720.5931
66.231,2435,2773,Running,23,0.00,1,0,0,0,-1.0000,0.0,0,0.000,26.640,0.000,0.0,0.0,0.0,0,271873.5955,22389.5603
66.248,2492,2835,Running,23,0.00,1,0,0,0,-1.0000,0.0,0,0.000,26.640,0.000,0.0,0.0,0.0,0,273977.9535,21663.7353
66.265,2549,2898,Running,26,0.00,1,0,0,0,-1.0000,0.0,0,0.000,26.640,0.000,0.0,0.0,0.0,0,282315.3387,22137.0998
66.281,2608,2961,Running,26,0.00,1,0,0,0,-1.0000,0.0,0,0.000,26.640,0.000,0.0,0.0,0.0,0,306987.4932,19121.0035
66.298,2668,3029,Running,26,0.00,1,0,0,0,-1.0000,0.0,0,0.000,26.080,0.000,0.0,0.0,0.0,0,318369.5460,21575.5040
66.315,2729,3100,Running,26,0.00,1,0,0,0,-1.0000,0.0,0,0.000,26.080,0.000,0.0,0.0,0.0,0,292831.1229,17640.1677
66.331,2792,3170,Running,26,0.00,1,0,0,0,-1.0000,0.0,0,0.000,26.080,0.000,0.0,0.0,0.0,0,353977.0947,19164.6119
66.348,2856,3247,Running,26,0.00,1,0,0,0,-1.0000,0.0,0,0.000,26.080,0.000,0.0,0.0,0.0,0,306805.7850,19906.4457
66.365,2922,3320,Running,26,0.00,1,0,0,0,-1.0000,0.0,0,0.000,26.080,0.000,0.0,0.0,0.0,0,356269.6940,18730.1083
66.381,2989,3395,Running,26,0.00,1,0,0,0,-1.0000,0.0,0,0.000,26.080,0.000,0.0,0.0,0.0,0,359662.6878,19778.3340
66.398,3057,3469,Running,26,0.00,1,0,0,0,-1.0000,0.0,0,0.000,26.080,0.000,0.0,0.0,0.0,0,342942.8811,16497.0338
66.415,3127,3545,Running,26,0.00,1,0,0,0,-1.0000,0.0,0,0.000,26.080,0.000,0.0,0.0,0.0,0,358672.0449,20831.2028
66.431,3197,3620,Running,26,0.00,1,0,0,0,-1.0000,0.0,0,0.000,26.080,0.000,0.0,0.0,0.0,0,369980.7664,14403.9918
66.448,3268,3693,Running,26,0.00,1,0,0,0,-1.0000,0.0,0,0.000,26.080,0.000,0.0,0.0,0.0,0,380455.2887,18707.5723
66.465,3339,3766,Running,26,0.00,1,0,0,0,-1.0000,0.0,0,0.000,26.480,0.000,0.0,0.0,0.0,0,391584.2562,17024.9328
66.481,3410,3840,Running,26,0.00,1,0,0,0,-1.0000,0.0,0,0.000,26.560,0.000,0.0,0.0,0.0,0,397959.4052,17736.5670
66.498,3482,3912,Running,26,0.00,1,0,0,0,-1.0000,0.0,0,0.000,26.560,0.000,0.0,0.0,0.0,0,374541.2674,17736.5670
66.515,3554,3986,Running,26,0.00,1,0,0,0,-1.0000,0.0,0,0.000,26.560,0.000,0.0,0.0,0.0,0,405342.8499,17763.4374
66.531,3626,4057,Running,26,0.00,1,0,0,0,-1.0000,0.0,0,0.000,26.560,0.000,0.0,0.0,0.0,0,400756.8347,17254.8902
66.548,3698,4128,Running,26,0.00,1,0,0,0,-1.0000,0.0,0,0.000,26.560,0.000,0.0,0.0,0.0,0,410713.2874,16242.2429
66.565,3770,4199,Running,26,0.00,1,0,0,0,-1.0000,0.0,0,0.000,26.560,0.000,0.0,0.0,0.0,0,403504.6020,18600.9242
66.581,3841,4266,Running,26,0.00,1,0,0,0,-1.0000,0.0,0,0.000,26.560,0.000,0.0,0.0,0.0,0,429648.8665,17080.7985
66.598,3912,4333,Running,26,0.00,1,0,0,0,-1.0000,0.0,0,0.000,26.560,0.000,0.0,0.0,0.0,0,426497.5473,17165.0926
66.615,3982,4397,Running,26,0.00,1,0,0,0,-1.0000,0.0,0,0.000,26.560,0.000,0.0,0.0,0.0,0,419097.2105,17165.0926
66.631,4050,4459,Running,26,0.00,1,0,0,0,-1.0000,0.0,0,0.000,26.560,0.000,0.0,0.0,0.0,0,426821.6000,17348.9912
66.648,4118,4520,Running,26,0.00,1,0,0,0,-1.0000,0.0,0,0.000,27.120,0.000,0.0,0.0,0.0,0,434336.2112,17830.9164
66.665,4184,4579,Running,26,0.00,1,0,0,0,-1.0000,0.0,0,0.000,27.200,0.000,0.0,0.0,0.0,0,440888.3114,18008.3041
66.681,4250,4635,Running,26,0.00,1,0,0,0,-1.0000,0.0,0,0.000,27.200,0.000,0.0,0.0,0.0,0,446507.1415,16842.6358
66.698,4313,4692,Running,26,0.00,1,0,0,0,-1.0000,0.0,0,0.000,27.200,0.000,0.0,0.0,0.0,0,442327.7108,19487.3548
66.715,4376,4748,Running,26,0.00,1,0,0,0,-1.0000,0.0,0,0.000,27.200,0.000,0.0,0.0,0.0,0,433975.0274,18545.6466
66.731,4438,4802,Running,26,0.00,1,0,0,0,-1.0000,0.0,0,0.000,27.200,0.000,0.0,0.0,0.0,0,451784.7126,18535.9543
66.748,4498,4853,Running,26,0.00,1,0,0,0,-1.0000,0.0,0,0.000,27.200,0.000,0.0,0.0,0.0,0,465085.7355,18692.5377
66.765,4556,4905,Running,26,0.00,1,0,0,0,-1.0000,0.0,0,0.000,27.200,0.000,0.0,0.0,0.0,0,442674.7901,17211.6135
66.781,4614,4955,Running,26,0.00,1,0,0,0,-1.0000,0.0,0,0.000,27.200,0.000,0.0,0.0,0.0,0,471402.0976,17163.6973
66.798,4670,5004,Running,26,0.00,1,0,0,0,-1.0000,0.0,0,0.000,27.200,0.000,0.0,0.0,0.0,0,448218.5593,18789.5943
66.815,4726,5052,Running,26,0.00,1,0,0,0,-1.0000,0.0,0,0.000,27.200,0.000,0.0,0.0,0.0,0,473349.5191,17194.0517
66.831,4780,5100,Running,26,0.00,1,0,0,0,-1.0000,0.0,0,0.000,27.200,0.000,0.0,0.0,0.0,0,464706.5294,15509.3283
66.848,4833,5148,Running,26,0.00,1,0,0,0,-1.0000,0.0,0,0.000,27.680,0.000,0.0,0.0,0.0,0,468585.3981,17121.4262
66.865,4885,5195,Running,27,0.00,1,0,0,0,-1.0000,0.0,0,0.000,27.680,0.000,0.0,0.0,0.0,0,484581.7217,16733.0421
66.881,4936,5243,Running,27,0.00,1,0,0,0,-1.0000,0.0,0,0.000,27.680,0.000,0.0,0.0,0.0,0,491414.8507,16733.0421
66.898,4988,5292,Running,27,0.00,1,0,0,0,-1.0000,0.0,0,0.000,27.680,0.000,0.0,0.0,0.0,0,488077.7771,16545.3199
66.915,5038,5341,Running,27,0.00,1,0,0,0,-1.0000,0.0,0,0.000,27.680,0.000,0.0,0.0,0.0,0,492752.3833,17179.2181
66.931,5089,5389,Running,27,0.00,1,0,0,0,-1.0000,0.0,0,0.000,27.680,0.000,0.0,0.0,0.0,0,499828.6702,18411.7453
66.948,5138,5436,Running,27,0.00,1,0,0,0,-1.0000,0.0,0,0.000,27.680,0.000,0.0,0.0,0.0,0,503188.8311,17137.0794
66.965,5188,5483,Running,27,0.00,1,0,0,0,-1.0000,0.0,0,0.000,27.680,0.000,0.0,0.0,0.0,0,507397.8804,17419.1421
66.981,5237,5529,Running,27,0.00,1,0,0,0,-1.0000,0.0,0,0.000,27.680,0.000,0.0,0.0,0.0,0,511327.1094,18065.9379
66.998,5285,5574,Running,27,0.00,1,0,0,0,-1.0000,0.0,0,0.000,27.680,0.000,0.0,0.0,0.0,0,506659.9718,18327.0653
67.015,5333,5619,Running,29,0.00,1,0,0,0,-1.0000,0.0,0,0.000,27.680,0.000,0.0,0.0,0.0,0,510604.9451,18369.9245
67.031,5381,5668,Running,29,0.00,1,0,0,0,-1.0000,0.0,0,0.000,27.680,0.000,0.0,0.0,0.0,0,531541.2096,17906.1234
67.048,5429,5718,Running,29,0.00,1,0,0,0,-1.0000,0.0,0,0.000,27.680,0.000,0.0,0.0,0.0,0,546746.3773,17557.1561
67.065,5478,5773,Running,29,0.00,1,0,0,0,-1.0000,0.0,0,0.000,27.680,0.000,0.0,0.0,0.0,0,543809.4971,19112.4949
67.081,5528,5827,Running,29,0.00,1,0,0,0,-1.0000,0.0,0,0.000,27.680,0.000,0.0,0.0,0.0,0,564115.8036,20461.8573
67.098,5578,5882,Running,29,0.00,1,0,0,0,-1.0000,0.0,0,0.000,27.680,0.000,0.0,0.0,0.0,0,560288.3999,19244.0539
67.115,5629,5935,Running,29,0.00,1,0,0,0,-1.0000,0.0,0,0.000,27.680,0.000,0.0,0.0,0.0,0,578961.7269,18058.3313
67.131,5680,5989,Running,29,0.00,1,0,0,0,-1.0000,0.0,0,0.000,27.680,0.000,0.0,0.0,0.0,0,566698.4520,18266.2635
67.148,5732,6044,Running,32,0.00,1,0,0,0,-1.0000,0.0,0,0.000,27.680,0.000,0.0,0.0,0.0,0,585768.6660,18266.2635
67.165,5784,6101,Running,32,0.00,1,0,0,0,-1.0000,0.0,0,0.000,28.960,0.000,0.0,0.0,0.0,0,605607.8206,19529.3192
67.181,5838,6164,Running,32,0.00,1,0,0,0,-1.0000,0.0,0,0.000,28.960,0.000,0.0,0.0,0.0,0,620350.5849,19322.7011
67.198,5893,6229,Running,32,0.00,1,0,0,0,-1.0000,0.0,0,0.000,28.960,0.000,0.0,0.0,0.0,0,639842.7884,20028.3215
67.215,5950,6295,Running,33,0.00,1,0,0,0,-1.0000,0.0,0,0.000,28.960,0.000,0.0,0.0,0.0,0,650659.4031,19874.0296
67.231,6009,6363,Running,33,0.00,1,0,0,0,-1.0000,0.0,0,0.000,29.280,0.000,0.0,0.0,0.0,0,668521.5188,17931.8010
67.248,6068,6431,Running,33,0.00,1,0,0,0,-1.0000,0.0,0,0.000,29.280,0.000,0.0,0.0,0.0,0,682712.6029,19624.8518
67.265,6130,6498,Running,33,0.00,1,0,0,0,-1.0000,0.0,0,0.000,29.280,0.000,0.0,0.0,0.0,0,691835.2749,17710.5387
67.281,6192,6565,Running,33,0.00,1,0,0,0,-1.0000,0.0,0,0.000,29.280,0.000,0.0,0.0,0.0,0,699802.8099,18422.7966
67.298,6254,6631,Running,33,0.00,1,0,0,0,-1.0000,0.0,0,0.000,29.280,0.000,0.0,0.0,0.0,0,695460.2190,18422.7966
67.315,6317,6695,Running,33,0.00,1,0,0,0,-1.0000,0.0,0,0.000,29.280,0.000,0.0,0.0,0.0,0,713773.8383,18826.6538
67.331,6381,6761,Running,34,0.00,1,0,0,0,-1.0000,0.0,0,0.000,29.280,0.000,0.0,0.0,0.0,0,710645.8255,17699.8774
67.348,6444,6824,Running,34,0.00,1,0,0,0,-1.0000,0.0,0,0.000,29.280,0.000,0.0,0.0,0.0,0,724064.2703,18540.3845
67.365,6508,6887,Running,34,0.00,1,0,0,0,-1.0000,0.0,0,0.000,29.280,0.000,0.0,0.0,0.0,0,720948.9909,17667.2936
67.381,6571,6949,Running,34,0.00,1,0,0,0,-1.0000,0.0,0,0.000,29.280,0.000,0.0,0.0,0.0,0,736894.7614,16757.7008
67.398,6634,7009,Running,34,0.00,1,0,0,0,-1.0000,0.0,0,0.000,29.280,0.000,0.0,0.0,0.0,0,746203.5598,17641.7355
67.415,6696,7070,Running,34,0.00,1,0,0,0,-1.0000,0.0,0,0.000,29.280,0.000,0.0,0.0,0.0,0,740822.4984,16101.0079
67.431,6759,7129,Running,34,0.00,1,0,0,0,-1.0000,0.0,0,0.000,29.280,0.000,0.0,0.0,0.0,0,747186.2713,17295.7171
67.448,6820,7187,Running,34,0.00,1,0,0,0,-1.0000,0.0,0,0.000,29.280,0.000,0.0,0.0,0.0,0,744362.1614,16963.0206
67.465,6881,7242,Running,34,0.00,1,0,0,0,-1.0000,0.0,0,0.000,29.280,0.000,0.0,0.0,0.0,0,750829.3344,15416.1285
67.481,6941,7297,Running,34,0.00,1,0,0,0,-1.0000,0.0,0,0.000,29.280,0.000,0.0,0.0,0.0,0,759928.1937,17014.1895
67.498,7000,7351,Running,34,0.00,1,0,0,0,-1.0000,0.0,0,0.000,29.280,0.000,0.0,0.0,0.0,0,763531.2196,17394.9978
67.515,7058,7405,Running,34,0.00,1,0,0,0,-1.0000,0.0,0,0.000,31.200,0.000,0.0,0.0,0.0,0,757941.1015,16151.4682
67.531,7116,7456,Running,34,0.00,1,0,0,0,-1.0000,0.0,0,0.000,31.280,0.000,0.0,0.0,0.0,0,765394.2469,16151.4682
67.548,7172,7507,Running,34,0.00,1,0,0,0,-1.0000,0.0,0,0.000,31.280,0.000,0.0,0.0,0.0,0,779220.4546,16152.9707
67.565,7228,7559,Running,34,0.00,1,0,0,0,-1.0000,0.0,0,0.000,31.280,0.000,0.0,0.0,0.0,0,782085.9167,17257.7250
67.581,7283,7609,Running,34,0.00,1,0,0,0,-1.0000,0.0,0,0.000,31.280,0.000,0.0,0.0,0.0,0,780642.8224,18289.1782
67.598,7337,7660,Running,34,0.00,1,0,0,0,-1.0000,0.0,0,0.000,31.280,0.000,0.0,0.0,0.0,0,792548.2279,15711.2243
67.615,7390,7708,Running,34,0.00,1,0,0,0,-1.0000,0.0,0,0.000,31.280,0.000,0.0,0.0,0.0,0,787171.1001,15583.5034
67.631,7443,7757,Running,34,0.00,1,0,0,0,-1.0000,0.0,0,0.000,31.280,0.000,0.0,0.0,0.0,0,794436.9708,15846.2799
67.648,7495,7803,Running,34,0.00,1,0,0,0,-1.0000,0.0,0,0.000,31.280,0.000,0.0,0.0,0.0,0,799978.4332,17579.8507
67.665,7546,7849,Running,34,0.00,1,0,0,0,-1.0000,0.0,0,0.000,31.280,0.000,0.0,0.0,0.0,0,793612.4835,17525.2219
67.681,7596,7896,Running,34,0.00,1,0,0,0,-1.0000,0.0,0,0.000,31.280,0.000,0.0,0.0,0.0,0,799165.3217,16112.4136
67.698,7646,7940,Running,32,0.00,1,0,0,0,-1.0000,0.0,0,0.000,31.280,0.000,0.0,0.0,0.0,0,794618.0853,16745.1552
67.715,7694,7976,Running,31,0.00,1,0,0,0,-1.0000,0.0,0,0.000,32.480,0.000,0.0,0.0,0.0,0,781254.5478,16610.5205
67.731,7740,8007,Running,31,0.00,1,0,0,0,-1.0000,0.0,0,0.000,32.480,0.000,0.0,0.0,0.0,0,760180.1068,16489.8178
67.748,7783,8036,Running,31,0.00,1,0,0,0,-1.0000,0.0,0,0.000,32.480,0.000,0.0,0.0,0.0,0,749857.9352,16023.0231
67.765,7824,8063,Running,31,0.00,1,0,0,0,-1.0000,0.0,0,0.000,32.480,0.000,0.0,0.0,0.0,0,744373.8480,15817.6530
67.781,7863,8088,Running,31,0.00,1,0,0,0,-1.0000,0.0,0,0.000,32.480,0.000,0.0,0.0,0.0,0,739941.7730,15647.5122
67.798,7900,8112,Running,31,0.00,1,0,0,0,-1.0000,0.0,0,0.000,32.480,0.000,0.0,0.0,0.0,0,739407.5818,16540.6799
67.815,7934,8136,Running,31,0.00,1,0,0,0,-1.0000,0.0,0,0.000,32.480,0.000,0.0,0.0,0.0,0,737851.0218,15797.1113
67.831,7967,8159,Running,31,0.00,1,0,0,0,-1.0000,0.0,0,0.000,32.480,0.000,0.0,0.0,0.0,0,738950.4262,17192.0317
67.848,7999,8182,Running,30,0.00,1,0,0,0,-1.0000,0.0,0,0.000,32.480,0.000,0.0,0.0,0.0,0,738182.0053,15999.7348
67.865,8028,8202,Running,30,0.00,1,0,0,0,-1.0000,0.0,0,0.000,32.480,0.000,0.0,0.0,0.0,0,731725.2176,15744.4580
67.881,8057,8222,Running,30,0.00,1,0,0,0,-1.0000,0.0,0,0.000,32.480,0.000,0.0,0.0,0.0,0,728660.9864,15552.8781
67.898,8083,8239,Running,30,0.00,1,0,0,0,-1.0000,0.0,0,0.000,32.480,0.000,0.0,0.0,0.0,0,725030.4563,16477.0367
67.915,8109,8257,Running,30,0.00,1,0,0,0,-1.0000,0.0,0,0.000,32.480,0.000,0.0,0.0,0.0,0,728499.0884,16477.0367
67.931,8133,8274,Running,30,0.00,1,0,0,0,-1.0000,0.0,0,0.000,32.480,0.000,0.0,0.0,0.0,0,720303.5005,17176.7969
67.948,8156,8290,Running,30,0.00,1,0,0,0,-1.0000,0.0,0,0.000,32.480,0.000,0.0,0.0,0.0,0,718215.7798,17212.0723
67.965,8178,8307,Running,30,0.00,1,0,0,0,-1.0000,0.0,0,0.000,32.480,0.000,0.0,0.0,0.0,0,724613.2073,17084.7579
67.981,8199,8322,Running,30,0.00,1,0,0,0,-1.0000,0.0,0,0.000,32.480,0.000,0.0,0.0,0.0,0,729609.6593,17638.9392
67.998,8219,8337,Running,30,0.00,1,0,0,0,-1.0000,0.0,0,0.000,32.480,0.000,0.0,0.0,0.0,0,723502.6764,18590.5567
68.015,8238,8351,Running,29,0.00,1,0,0,0,-1.0000,0.0,0,0.000,34.320,0.000,0.0,0.0,0.0,0,719785.6315,16377.5156
68.031,8256,8362,Running,29,0.00,1,0,0,0,-1.0000,0.0,0,0.000,34.320,0.000,0.0,0.0,0.0,0,712625.0662,17305.9727
68.048,8273,8371,Running,29,0.00,1,0,0,0,-1.0000,0.0,0,0.000,34.320,0.000,0.0,0.0,0.0,0,697387.7167,16736.8298
68.065,8289,8380,Running,29,0.00,1,0,0,0,-1.0000,0.0,0,0.000,34.320,0.000,0.0,0.0,0.0,0,688485.8040,16736.8298
68.081,8303,8386,Running,29,0.00,1,0,0,0,-1.0000,0.0,0,0.000,34.320,0.000,0.0,0.0,0.0,0,690918.6135,17005.2290
68.098,8317,8393,Running,29,0.00,1,0,0,0,-1.0000,0.0,0,0.000,34.320,0.000,0.0,0.0,0.0,0,686002.7226,18488.3638
68.115,8329,8400,Running,29,0.00,1,0,0,0,-1.0000,0.0,0,0.000,34.320,0.000,0.0,0.0,0.0,0,682772.1489,16221.4618
68.131,8340,8406,Running,29,0.00,1,0,0,0,-1.0000,0.0,0,0.000,34.320,0.000,0.0,0.0,0.0,0,687326.8508,17678.0901
68.148,8351,8412,Running,29,0.00,1,0,0,0,-1.0000,0.0,0,0.000,34.320,0.000,0.0,0.0,0.0,0,684732.1500,17769.6524
68.165,8361,8418,Running,29,0.00,1,0,0,0,-1.0000,0.0,0,0.000,34.320,0.000,0.0,0.0,0.0,0,682843.1876,17916.9467
68.181,8370,8424,Running,29,0.00,1,0,0,0,-1.0000,0.0,0,0.000,34.320,0.000,0.0,0.0,0.0,0,687345.9502,17916.9467
68.198,8379,8429,Running,28,0.00,1,0,0,0,-1.0000,0.0,0,0.000,35.280,0.000,0.0,0.0,0.0,0,678208.5384,18283.6973
68.215,8387,8432,Running,28,0.00,1,0,0,0,-1.0000,0.0,0,0.000,35.280,0.000,0.0,0.0,0.0,0,674444.9476,17166.6708
68.231,8394,8433,Running,28,0.00,1,0,0,0,-1.0000,0.0,0,0.000,35.280,0.000,0.0,0.0,0.0,0,662182.2380,15742.3676
68.248,8400,8433,Running,28,0.00,1,0,0,0,-1.0000,0.0,0,0.000,35.280,0.000,0.0,0.0,0.0,0,653337.8437,18387.8674
68.265,8405,8433,Running,28,0.00,1,0,0,0,-1.0000,0.0,0,0.000,35.280,0.000,0.0,0.0,0.0,0,659273.9389,16361.5141
68.281,8409,8433,Running,28,0.00,1,0,0,0,-1.0000,0.0,0,0.000,35.280,0.000,0.0,0.0,0.0,0,651686.6815,17933.3954
68.298,8413,8433,Running,28,0.00,1,0,0,0,-1.0000,0.0,0,0.000,35.280,0.000,0.0,0.0,0.0,0,653576.4307,17933.3954
68.315,8416,8433,Running,28,0.00,1,0,0,0,-1.0000,0.0,0,0.000,35.280,0.000,0.0,0.0,0.0,0,653670.5764,18065.8788
68.331,8419,8433,Running,28,0.00,1,0,0,0,-1.0000,0.0,0,0.000,35.280,0.000,0.0,0.0,0.0,0,646205.2007,17640.7760
68.348,8421,8432,Running,28,0.00,1,0,0,0,-1.0000,0.0,0,0.000,35.920,0.000,0.0,0.0,0.0,0,655119.5855,18119.2347
68.365,8422,8432,Running,28,0.00,1,0,0,0,-1.0000,0.0,0,0.000,35.920,0.000,0.0,0.0,0.0,0,649792.8724,18065.6901
68.381,8424,8432,Running,28,0.00,1,0,0,0,-1.0000,0.0,0,0.000,35.920,0.000,0.0,0.0,0.0,0,650091.9227,17840.6133
68.398,8425,8431,Running,28,0.00,1,0,0,0,-1.0000,0.0,0,0.000,35.920,0.000,0.0,0.0,0.0,0,655758.5259,18558.5662
68.415,8426,8431,Running,28,0.00,1,0,0,0,-1.0000,0.0,0,0.000,35.920,0.000,0.0,0.0,0.0,0,646136.8307,17219.7932
68.431,8427,8431,Running,28,0.00,1,0,0,0,-1.0000,0.0,0,0.000,35.920,0.000,0.0,0.0,0.0,0,656280.3458,17393.5860
68.448,8427,8430,Running,28,0.00,1,0,0,0,-1.0000,0.0,0,0.000,35.920,0.000,0.0,0.0,0.0,0,648497.2025,16810.8790
68.465,8428,8430,Running,28,0.00,1,0,0,0,-1.0000,0.0,0,0.000,35.920,0.000,0.0,0.0,0.0,0,646647.3075,17657.2903
68.481,8428,8429,Running,28,0.00,1,0,0,0,-1.0000,0.0,0,0.000,35.920,0.000,0.0,0.0,0.0,0,654888.4362,17890.1403
68.498,8428,8428,Running,28,0.00,1,0,0,0,-1.0000,0.0,0,0.000,35.920,0.000,0.0,0.0,0.0,0,647159.9619,18157.6993
68.515,8428,8430,Running,28,0.00,1,0,0,0,-1.0000,0.0,0,0.000,36.720,0.000,0.0,0.0,0.0,0,655838.2173,17580.1558
68.531,8428,8430,Running,28,0.00,1,0,0,0,-1.0000,0.0,0,0.000,36.720,0.000,0.0,0.0,0.0,0,659905.0843,17395.0141
68.548,8429,8433,Running,29,0.00,1,0,0,0,-1.0000,0.0,0,0.000,36.800,0.000,0.0,0.0,0.0,0,663279.7982,17875.1172
68.565,8430,8436,Running,29,0.00,1,0,0,0,-1.0000,0.0,0,0.000,36.800,0.000,0.0,0.0,0.0,0,675949.6122,17875.1172
68.581,8431,8440,Running,29,0.00,1,0,0,0,-1.0000,0.0,0,0.000,36.800,0.000,0.0,0.0,0.0,0,674997.8732,18316.3251
68.598,8433,8446,Running,29,0.00,1,0,0,0,-1.0000,0.0,0,0.000,36.800,0.000,0.0,0.0,0.0,0,682336.2199,17258.0989
68.615,8435,8450,Running,29,0.00,1,0,0,0,-1.0000,0.0,0,0.000,36.800,0.000,0.0,0.0,0.0,0,685933.1554,17020.7999
68.631,8438,8455,Running,29,0.00,1,0,0,0,-1.0000,0.0,0,0.000,36.800,0.000,0.0,0.0,0.0,0,678225.8739,18572.0664
68.648,8441,8460,Running,29,0.00,1,0,0,0,-1.0000,0.0,0,0.000,36.800,0.000,0.0,0.0,0.0,0,685801.8839,16767.5619
68.665,8444,8464,Running,29,0.00,1,0,0,0,-1.0000,0.0,0,0.000,36.800,0.000,0.0,0.0,0.0,0,682933.2820,17345.7719
68.681,8448,8469,Running,29,0.00,1,0,0,0,-1.0000,0.0,0,0.000,36.800,0.000,0.0,0.0,0.0,0,686659.4993,17345.7719
68.698,8451,8474,Running,29,0.00,1,0,0,0,-1.0000,0.0,0,0.000,36.800,0.000,0.0,0.0,0.0,0,687933.6308,17371.1053
68.715,8455,8480,Running,29,0.00,1,0,0,0,-1.0000,0.0,0,0.000,36.800,0.000,0.0,0.0,0.0,0,683084.7947,17151.6578
68.731,8459,8484,Running,29,0.00,1,0,0,0,-1.0000,0.0,0,0.000,36.800,0.000,0.0,0.0,0.0,0,688914.1515,18544.7482
68.748,8464,8489,Running,29,0.00,1,0,0,0,-1.0000,0.0,0,0.000,36.800,0.000,0.0,0.0,0.0,0,680496.7662,17025.6801
68.765,8468,8493,Running,29,0.00,1,0,0,0,-1.0000,0.0,0,0.000,36.800,0.000,0.0,0.0,0.0,0,689226.6121,17112.7381
68.781,8472,8499,Running,29,0.00,1,0,0,0,-1.0000,0.0,0,0.000,36.800,0.000,0.0,0.0,0.0,0,681405.8350,17153.7809
68.798,8477,8503,Running,29,0.00,1,0,0,0,-1.0000,0.0,0,0.000,36.800,0.000,0.0,0.0,0.0,0,692340.7862,16428.3987
68.815,8481,8508,Running,29,0.00,1,0,0,0,-1.0000,0.0,0,0.000,36.800,0.000,0.0,0.0,0.0,0,683327.1074,17382.8823
68.831,8486,8514,Running,33,0.00,1,0,0,0,-1.0000,0.0,0,0.000,38.400,0.000,0.0,0.0,0.0,0,695664.8761,17182.9209
68.848,8491,8528,Running,33,0.00,1,0,0,0,-1.0000,0.0,0,0.000,38.400,0.000,0.0,0.0,0.0,0,735228.4542,17778.1518
68.865,8498,8548,Running,33,0.00,1,0,0,0,-1.0000,0.0,0,0.000,38.400,0.000,0.0,0.0,0.0,0,765607.1185,17879.5874
68.881,8508,8571,Running,33,0.00,1,0,0,0,-1.0000,0.0,0,0.000,38.400,0.000,0.0,0.0,0.0,0,790086.6883,16711.1353
68.898,8519,8596,Running,33,0.00,1,0,0,0,-1.0000,0.0,0,0.000,38.400,0.000,0.0,0.0,0.0,0,799162.1856,16278.6696
68.915,8533,8622,Running,33,0.00,1,0,0,0,-1.0000,0.0,0,0.000,38.400,0.000,0.0,0.0,0.0,0,811623.4020,17099.2829
68.931,8549,8647,Running,33,0.00,1,0,0,0,-1.0000,0.0,0,0.000,38.400,0.000,0.0,0.0,0.0,0,809150.1793,16082.9967
68.948,8566,8673,Running,33,0.00,1,0,0,0,-1.0000,0.0,0,0.000,38.400,0.000,0.0,0.0,0.0,0,812100.6703,16082.9967
68.965,8584,8697,Running,33,0.00,1,0,0,0,-1.0000,0.0,0,0.000,38.400,0.000,0.0,0.0,0.0,0,815136.7312,16172.4065
68.981,8604,8721,Running,33,0.00,1,0,0,0,-1.0000,0.0,0,0.000,38.400,0.000,0.0,0.0,0.0,0,817721.1602,16357.0058
68.998,8624,8746,Running,33,0.00,1,0,0,0,-1.0000,0.0,0,0.000,38.400,0.000,0.0,0.0,0.0,0,817764.9610,17258.2298
69.015,8644,8771,Running,33,0.00,1,0,0,0,-1.0000,0.0,0,0.000,38.400,0.000,0.0,0.0,0.0,0,822209.7491,16227.2115
69.031,8666,8794,Running,34,0.00,1,0,0,0,-1.0000,0.0,0,0.000,38.400,0.000,0.0,0.0,0.0,0,825605.6476,17287.6379
69.048,8687,8819,Running,34,0.00,1,0,0,0,-1.0000,0.0,0,0.000,39.680,0.000,0.0,0.0,0.0,0,829569.5048,16434.5324
69.065,8710,8846,Running,34,0.00,1,0,0,0,-1.0000,0.0,0,0.000,39.680,0.000,0.0,0.0,0.0,0,831633.1108,17517.8010
69.081,8733,8872,Running,34,0.00,1,0,0,0,-1.0000,0.0,0,0.000,39.680,0.000,0.0,0.0,0.0,0,843551.1426,16297.4656
69.098,8756,8899,Running,34,0.00,1,0,0,0,-1.0000,0.0,0,0.000,39.680,0.000,0.0,0.0,0.0,0,847733.9637,16297.4656
69.115,8780,8925,Running,34,0.00,1,0,0,0,-1.0000,0.0,0,0.000,39.680,0.000,0.0,0.0,0.0,0,850211.4287,17727.6749
69.131,8805,8951,Running,34,0.00,1,0,0,0,-1.0000,0.0,0,0.000,39.680,0.000,0.0,0.0,0.0,0,851124.0379,16134.8701
69.148,8829,8975,Running,34,0.00,1,0,0,0,-1.0000,0.0,0,0.000,39.680,0.000,0.0,0.0,0.0,0,851748.7515,17281.5183
69.165,8853,9000,Running,34,0.00,1,0,0,0,-1.0000,0.0,0,0.000,39.680,0.000,0.0,0.0,0.0,0,850935.0966,16993.0542
69.181,8878,9025,Running,34,0.00,1,0,0,0,-1.0000,0.0,0,0.000,39.680,0.000,0.0,0.0,0.0,0,854350.7974,15968.1610
69.198,8902,9048,Running,34,0.00,1,0,0,0,-1.0000,0.0,0,0.000,39.680,0.000,0.0,0.0,0.0,0,855255.2157,17842.3573
69.215,8926,9072,Running,34,0.00,1,0,0,0,-1.0000,0.0,0,0.000,39.680,0.000,0.0,0.0,0.0,0,856250.6611,17842.3573
69.231,8951,9094,Running,34,0.00,1,0,0,0,-1.0000,0.0,0,0.000,39.680,0.000,0.0,0.0,0.0,0,855121.3397,17525.3533
69.248,8975,9117,Running,34,0.00,1,0,0,0,-1.0000,0.0,0,0.000,39.680,0.000,0.0,0.0,0.0,0,859784.3853,16895.9772
69.265,8998,9139,Running,34,0.00,1,0,0,0,-1.0000,0.0,0,0.000,39.680,0.000,0.0,0.0,0.0,0,860853.3870,16944.7897
69.281,9022,9162,Running,34,0.00,1,0,0,0,-1.0000,0.0,0,0.000,39.680,0.000,0.0,0.0,0.0,0,862973.0371,16852.8381
69.298,9045,9184,Running,34,0.00,1,0,0,0,-1.0000,0.0,0,0.000,39.680,0.000,0.0,0.0,0.0,0,860311.6868,17496.3931
69.315,9068,9204,Running,33,0.00,1,0,0,0,-1.0000,0.0,0,0.000,39.680,0.000,0.0,0.0,0.0,0,860775.6759,16921.7074
69.331,9090,9221,Running,32,0.00,1,0,0,0,-1.0000,0.0,0,0.000,41.760,0.000,0.0,0.0,0.0,0,850415.5775,16921.7074
69.348,9112,9237,Running,32,0.00,1,0,0,0,-1.0000,0.0,0,0.000,41.760,0.000,0.0,0.0,0.0,0,839553.3188,16550.6958
69.365,9132,9251,Running,32,0.00,1,0,0,0,-1.0000,0.0,0,0.000,41.760,0.000,0.0,0.0,0.0,0,828701.2827,17040.4241
69.381,9151,9264,Running,32,0.00,1,0,0,0,-1.0000,0.0,0,0.000,41.760,0.000,0.0,0.0,0.0,0,826565.1355,15272.2497
69.398,9170,9275,Running,32,0.00,1,0,0,0,-1.0000,0.0,0,0.000,41.760,0.000,0.0,0.0,0.0,0,820896.5165,16826.8572
69.415,9187,9287,Running,32,0.00,1,0,0,0,-1.0000,0.0,0,0.000,41.760,0.000,0.0,0.0,0.0,0,819501.4386,17159.4689
69.431,9203,9298,Running,32,0.00,1,0,0,0,-1.0000,0.0,0,0.000,41.760,0.000,0.0,0.0,0.0,0,823522.0351,16612.9807
69.448,9215,9251,Running,32,0.00,1,0,0,0,-1.0000,0.0,0,0.000,41.760,0.000,0.0,0.0,0.0,0,406620.9221,16642.9031
69.465,9215,9178,Running,32,0.00,1,0,0,0,-1.0000,0.0,0,0.000,41.760,0.000,0.0,0.0,0.0,0,120386.4384,15639.6647
69.481,9204,9105,Running,32,0.00,1,0,0,0,-1.0000,0.0,0,0.000,41.760,0.000,0.0,0.0,0.0,0,110636.1949,16166.5998
69.498,9183,9032,Running,32,0.00,1,0,0,0,-1.0000,0.0,0,0.000,41.760,0.000,0.0,0.0,0.0,0,108138.0866,12643.7834
69.515,9154,8960,Running,32,0.00,1,0,0,0,-1.0000,0.0,0,0.000,41.760,0.000,0.0,0.0,0.0,0,107568.2331,16205.5268
69.532,9118,8888,Running,32,0.00,1,0,0,0,-1.0000,0.0,0,0.000,41.760,0.000,0.0,0.0,0.0,0,107919.4658,17241.4798
69.548,9080,8874,Running,32,0.00,1,0,0,0,-1.0000,0.0,0,0.000,41.760,0.000,0.0,0.0,0.0,0,460436.4911,17462.3835
69.565,9050,8899,Running,32,0.00,1,0,0,0,-1.0000,0.0,0,0.000,41.760,0.000,0.0,0.0,0.0,0,868367.8378,17071.7401
69.581,9028,8916,Running,27,0.00,1,0,0,0,-1.0000,0.0,0,0.000,41.760,0.000,0.0,0.0,0.0,0,818888.5959,18805.4783
69.598,9012,8922,Running,27,0.00,1,0,0,0,-1.0000,0.0,0,0.000,41.760,0.000,0.0,0.0,0.0,0,750835.1483,16929.4778
69.615,8998,8920,Running,27,0.00,1,0,0,0,-1.0000,0.0,0,0.000,41.760,0.000,0.0,0.0,0.0,0,706511.8675,15644.2830
69.631,8985,8914,Running,27,0.00,1,0,0,0,-1.0000,0.0,0,0.000,41.760,0.000,0.0,0.0,0.0,0,677267.7539,17092.0726
69.648,8974,8907,Running,27,0.00,1,0,0,0,-1.0000,0.0,0,0.000,41.760,0.000,0.0,0.0,0.0,0,667657.0739,16131.8537
69.665,8963,8898,Running,27,0.00,1,0,0,0,-1.0000,0.0,0,0.000,41.760,0.000,0.0,0.0,0.0,0,655166.6670,16960.3704
69.681,8952,8889,Running,27,0.00,1,0,0,0,-1.0000,0.0,0,0.000,41.760,0.000,0.0,0.0,0.0,0,652555.8082,18062.2445
69.698,8942,8880,Running,27,0.00,1,0,0,0,-1.0000,0.0,0,0.000,41.760,0.000,0.0,0.0,0.0,0,646067.1551,17740.4572
69.715,8932,8871,Running,27,0.00,1,0,0,0,-1.0000,0.0,0,0.000,41.760,0.000,0.0,0.0,0.0,0,643546.8646,17179.0849
69.731,8922,8861,Running,27,0.00,1,0,0,0,-1.0000,0.0,0,0.000,41.760,0.000,0.0,0.0,0.0,0,644030.3074,16411.0771
69.748,8911,8851,Running,27,0.00,1,0,0,0,-1.0000,0.0,0,0.000,41.760,0.000,0.0,0.0,0.0,0,638335.5013,17020.7593
69.765,8901,8842,Running,27,0.00,1,0,0,0,-1.0000,0.0,0,0.000,44.560,0.000,0.0,0.0,0.0,0,642099.8455,16900.2427
69.781,8891,8832,Running,27,0.00,1,0,0,0,-1.0000,0.0,0,0.000,44.640,0.000,0.0,0.0,0.0,0,641302.3260,17897.2498
69.798,8881,8822,Running,27,0.00,1,0,0,0,-1.0000,0.0,0,0.000,44.640,0.000,0.0,0.0,0.0,0,643075.0182,17167.9947
69.815,8872,8812,Running,27,0.00,1,0,0,0,-1.0000,0.0,0,0.000,44.640,0.000,0.0,0.0,0.0,0,642176.7873,17827.7288
69.831,8862,8804,Running,27,0.00,1,0,0,0,-1.0000,0.0,0,0.000,44.640,0.000,0.0,0.0,0.0,0,639362.7019,16747.1412
69.848,8852,8795,Running,27,0.00,1,0,0,0,-1.0000,0.0,0,0.000,44.640,0.000,0.0,0.0,0.0,0,637162.6052,17162.2866
69.865,8843,8786,Running,27,0.00,1,0,0,0,-1.0000,0.0,0,0.000,44.640,0.000,0.0,0.0,0.0,0,643564.7880,17162.2866
69.881,8833,8777,Running,27,0.00,1,0,0,0,-1.0000,0.0,0,0.000,44.640,0.000,0.0,0.0,0.0,0,642223.9257,17404.1119
69.898,8824,8769,Running,27,0.00,1,0,0,0,-1.0000,0.0,0,0.000,44.640,0.000,0.0,0.0,0.0,0,638797.7012,17264.5951
69.915,8815,8760,Running,27,0.00,1,0,0,0,-1.0000,0.0,0,0.000,44.640,0.000,0.0,0.0,0.0,0,635145.2425,16122.9502
69.931,8806,8752,Running,27,0.00,1,0,0,0,-1.0000,0.0,0,0.000,44.640,0.000,0.0,0.0,0.0,0,637259.8678,17689.1657
69.948,8797,8743,Running,27,0.00,1,0,0,0,-1.0000,0.0,0,0.000,44.640,0.000,0.0,0.0,0.0,0,641781.0232,17577.6242
69.965,8788,8736,Running,27,0.00,1,0,0,0,-1.0000,0.0,0,0.000,45.520,0.000,0.0,0.0,0.0,0,639550.6233,17251.6199
69.981,8779,8727,Running,27,0.00,1,0,0,0,-1.0000,0.0,0,0.000,45.600,0.000,0.0,0.0,0.0,0,633445.3758,17251.6199
69.998,8771,8719,Running,27,0.00,1,0,0,0,-1.0000,0.0,0,0.000,45.600,0.000,0.0,0.0,0.0,0,639048.9711,16787.3400
70.015,8762,8711,Running,27,0.00,1,0,0,0,-1.0000,0.0,0,0.000,45.600,0.000,0.0,0.0,0.0,0,638468.4760,17132.1248
70.031,8754,8703,Running,27,0.00,1,0,0,0,-1.0000,0.0,0,0.000,45.600,0.000,0.0,0.0,0.0,0,633662.0734,16345.8300
70.048,8745,8695,Running,27,0.00,1,0,0,0,-1.0000,0.0,0,0.000,45.600,0.000,0.0,0.0,0.0,0,636109.3378,17455.4108
70.065,8737,8687,Running,27,0.00,1,0,0,0,-1.0000,0.0,0,0.000,45.600,0.000,0.0,0.0,0.0,0,639468.0243,16346.3028
70.081,8729,8680,Running,27,0.00,1,0,0,0,-1.0000,0.0,0,0.000,45.600,0.000,0.0,0.0,0.0,0,632252.9548,17320.1528
70.098,8721,8672,Running,27,0.00,1,0,0,0,-1.0000,0.0,0,0.000,45.600,0.000,0.0,0.0,0.0,0,635332.9793,17020.9534
70.115,8713,8665,Running,27,0.00,1,0,0,0,-1.0000,0.0,0,0.000,45.600,0.000,0.0,0.0,0.0,0,638236.9746,17612.8008
70.131,8705,8658,Running,27,0.00,1,0,0,0,-1.0000,0.0,0,0.000,45.600,0.000,0.0,0.0,0.0,0,630283.5158,17401.0689
70.148,8697,8651,Running,27,0.00,1,0,0,0,-1.0000,0.0,0,0.000,45.600,0.000,0.0,0.0,0.0,0,640233.8920,16823.4318
70.165,8689,8646,Running,27,0.00,1,0,0,0,-1.0000,0.0,0,0.000,46.400,0.000,0.0,0.0,0.0,0,646031.1201,18210.7289
70.181,8682,8640,Running,27,0.00,1,0,0,0,-1.0000,0.0,0,0.000,46.400,0.000,0.0,0.0,0.0,0,637105.3432,16742.8691
70.198,8675,8634,Running,27,0.00,1,0,0,0,-1.0000,0.0,0,0.000,46.400,0.000,0.0,0.0,0.0,0,648153.1323,16808.0560
70.215,8669,8630,Running,27,0.00,1,0,0,0,-1.0000,0.0,0,0.000,46.400,0.000,0.0,0.0,0.0,0,645828.3297,17188.7001
70.231,8662,8625,Running,27,0.00,1,0,0,0,-1.0000,0.0,0,0.000,46.400,0.000,0.0,0.0,0.0,0,643004.3424,16974.6743
70.248,8656,8620,Running,27,0.00,1,0,0,0,-1.0000,0.0,0,0.000,46.400,0.000,0.0,0.0,0.0,0,649649.6412,17045.2231
70.265,8650,8615,Running,27,0.00,1,0,0,0,-1.0000,0.0,0,0.000,46.400,0.000,0.0,0.0,0.0,0,641102.1063,16778.1109
70.282,8644,8610,Running,27,0.00,1,0,0,0,-1.0000,0.0,0,0.000,46.400,0.000,0.0,0.0,0.0,0,650285.6361,17470.7390
70.298,8639,8606,Running,27,0.00,1,0,0,0,-1.0000,0.0,0,0.000,46.400,0.000,0.0,0.0,0.0,0,644482.6525,17208.8473
70.315,8633,8601,Running,27,0.00,1,0,0,0,-1.0000,0.0,0,0.000,46.400,0.000,0.0,0.0,0.0,0,645434.5424,16649.3772
70.331,8628,8597,Running,27,0.00,1,0,0,0,-1.0000,0.0,0,0.000,46.400,0.000,0.0,0.0,0.0,0,646474.5674,17124.1009
70.348,8623,8592,Running,27,0.00,1,0,0,0,-1.0000,0.0,0,0.000,47.280,0.000,0.0,0.0,0.0,0,641674.0829,17200.8228
70.365,8618,8588,Running,27,0.00,1,0,0,0,-1.0000,0.0,0,0.000,47.280,0.000,0.0,0.0,0.0,0,649248.3975,17200.8228
70.381,8613,8583,Running,27,0.00,1,0,0,0,-1.0000,0.0,0,0.000,47.280,0.000,0.0,0.0,0.0,0,637854.2691,16578.3957
70.398,8608,8577,Running,27,0.00,1,0,0,0,-1.0000,0.0,0,0.000,47.280,0.000,0.0,0.0,0.0,0,639600.3347,16948.8986
70.415,8603,8572,Running,27,0.00,1,0,0,0,-1.0000,0.0,0,0.000,47.280,0.000,0.0,0.0,0.0,0,633472.6441,17136.1229
70.431,8597,8566,Running,27,0.00,1,0,0,0,-1.0000,0.0,0,0.000,47.280,0.000,0.0,0.0,0.0,0,634792.2424,16711.0679
70.448,8592,8561,Running,27,0.00,1,0,0,0,-1.0000,0.0,0,0.000,47.280,0.000,0.0,0.0,0.0,0,633516.6103,17578.9082
70.465,8587,8555,Running,27,0.00,1,0,0,0,-1.0000,0.0,0,0.000,47.280,0.000,0.0,0.0,0.0,0,631232.0878,17245.0550
70.481,8582,8550,Running,27,0.00,1,0,0,0,-1.0000,0.0,0,0.000,47.280,0.000,0.0,0.0,0.0,0,634028.3188,17371.7158
70.498,8576,8543,Running,27,0.00,1,0,0,0,-1.0000,0.0,0,0.000,47.280,0.000,0.0,0.0,0.0,0,631017.9409,17221.8246
70.515,8571,8538,Running,27,0.00,1,0,0,0,-1.0000,0.0,0,0.000,47.280,0.000,0.0,0.0,0.0,0,634040.8829,17221.8246
70.531,8565,8533,Running,27,0.00,1,0,0,0,-1.0000,0.0,0,0.000,47.280,0.000,0.0,0.0,0.0,0,633870.1853,16259.7122
70.548,8560,8529,Running,27,0.00,1,0,0,0,-1.0000,0.0,0,0.000,48.240,0.000,0.0,0.0,0.0,0,641496.7112,18809.8837
70.565,8555,8524,Running,27,0.00,1,0,0,0,-1.0000,0.0,0,0.000,48.240,0.000,0.0,0.0,0.0,0,637113.4940,17150.3345
70.581,8550,8521,Running,27,0.00,1,0,0,0,-1.0000,0.0,0,0.000,48.240,0.000,0.0,0.0,0.0,0,645812.7703,17342.7705
70.598,8545,8517,Running,27,0.00,1,0,0,0,-1.0000,0.0,0,0.000,48.240,0.000,0.0,0.0,0.0,0,638244.9684,17257.6619
70.615,8541,8514,Running,27,0.00,1,0,0,0,-1.0000,0.0,0,0.000,48.240,0.000,0.0,0.0,0.0,0,641665.4150,17132.2800
70.631,8536,8509,Running,27,0.00,1,0,0,0,-1.0000,0.0,0,0.000,48.240,0.000,0.0,0.0,0.0,0,641344.8092,17132.2800
70.648,8532,8507,Running,27,0.00,1,0,0,0,-1.0000,0.0,0,0.000,48.240,0.000,0.0,0.0,0.0,0,642030.5487,17043.8780
70.665,8528,8503,Running,27,0.00,1,0,0,0,-1.0000,0.0,0,0.000,48.240,0.000,0.0,0.0,0.0,0,642143.7668,17462.3090
70.681,8524,8501,Running,27,0.00,1,0,0,0,-1.0000,0.0,0,0.000,48.240,0.000,0.0,0.0,0.0,0,641311.5289,16910.6342
70.698,8520,8497,Running,27,0.00,1,0,0,0,-1.0000,0.0,0,0.000,48.240,0.000,0.0,0.0,0.0,0,647927.3490,17170.3847
70.715,8516,8494,Running,27,0.00,1,0,0,0,-1.0000,0.0,0,0.000,48.240,0.000,0.0,0.0,0.0,0,636155.8226,16873.5082
70.731,8512,8491,Running,27,0.00,1,0,0,0,-1.0000,0.0,0,0.000,48.240,0.000,0.0,0.0,0.0,0,645813.7265,17754.2363
70.748,8509,8488,Running,27,0.00,1,0,0,0,-1.0000,0.0,0,0.000,48.240,0.000,0.0,0.0,0.0,0,638566.3552,17754.2363
70.765,8506,8485,Running,27,0.00,1,0,0,0,-1.0000,0.0,0,0.000,48.240,0.000,0.0,0.0,0.0,0,645377.3747,17312.9566
70.781,8502,8482,Running,27,0.00,1,0,0,0,-1.0000,0.0,0,0.000,48.240,0.000,0.0,0.0,0.0,0,638101.1191,17347.9435
70.798,8499,8480,Running,27,0.00,1,0,0,0,-1.0000,0.0,0,0.000,48.240,0.000,0.0,0.0,0.0,0,645869.7013,17166.7974
70.815,8496,8476,Running,27,0.00,1,0,0,0,-1.0000,0.0,0,0.000,48.240,0.000,0.0,0.0,0.0,0,638750.7329,18299.0365
70.832,8492,8475,Running,29,0.00,1,0,0,0,-1.0000,0.0,0,0.000,48.240,0.000,0.0,0.0,0.0,0,643506.2838,17264.3983
70.848,8490,8475,Running,29,0.00,1,0,0,0,-1.0000,0.0,0,0.000,48.240,0.000,0.0,0.0,0.0,0,662537.7178,17335.9607
70.865,8488,8478,Running,29,0.00,1,0,0,0,-1.0000,0.0,0,0.000,49.760,0.000,0.0,0.0,0.0,0,666071.9435,16904.8216
70.881,8486,8480,Running,29,0.00,1,0,0,0,-1.0000,0.0,0,0.000,49.760,0.000,0.0,0.0,0.0,0,680448.9703,17190.9760
70.898,8486,8484,Running,29,0.00,1,0,0,0,-1.0000,0.0,0,0.000,49.760,0.000,0.0,0.0,0.0,0,676959.9647,17190.9760
70.915,8486,8488,Running,29,0.00,1,0,0,0,-1.0000,0.0,0,0.000,49.760,0.000,0.0,0.0,0.0,0,685591.4908,17700.4522
70.931,8487,8493,Running,29,0.00,1,0,0,0,-1.0000,0.0,0,0.000,49.760,0.000,0.0,0.0,0.0,0,685857.8976,17513.5196
70.948,8488,8498,Running,29,0.00,1,0,0,0,-1.0000,0.0,0,0.000,49.760,0.000,0.0,0.0,0.0,0,686142.6725,16507.4259
70.965,8490,8502,Running,29,0.00,1,0,0,0,-1.0000,0.0,0,0.000,49.760,0.000,0.0,0.0,0.0,0,688659.9019,18157.1939
70.981,8492,8507,Running,29,0.00,1,0,0,0,-1.0000,0.0,0,0.000,49.760,0.000,0.0,0.0,0.0,0,686279.1183,16385.5762
70.998,8495,8511,Running,29,0.00,1,0,0,0,-1.0000,0.0,0,0.000,49.760,0.000,0.0,0.0,0.0,0,687240.6467,17226.4176
71.015,8498,8516,Running,29,0.00,1,0,0,0,-1.0000,0.0,0,0.000,49.760,0.000,0.0,0.0,0.0,0,684133.9621,17226.4176
71.031,8501,8520,Running,29,0.00,1,0,0,0,-1.0000,0.0,0,0.000,49.760,0.000,0.0,0.0,0.0,0,693649.6663,17304.7084
71.048,8504,8524,Running,28,0.00,1,0,0,0,-1.0000,0.0,0,0.000,49.760,0.000,0.0,0.0,0.0,0,683051.2877,16838.0920
71.065,8507,8527,Running,28,0.00,1,0,0,0,-1.0000,0.0,0,0.000,51.040,0.000,0.0,0.0,0.0,0,687473.2609,17158.1797
71.081,8511,8530,Running,28,0.00,1,0,0,0,-1.0000,0.0,0,0.000,51.040,0.000,0.0,0.0,0.0,0,675652.3567,17720.7210
71.098,8514,8532,Running,28,0.00,1,0,0,0,-1.0000,0.0,0,0.000,51.200,0.000,0.0,0.0,0.0,0,683350.1033,17535.5339
71.115,8517,8535,Running,28,0.00,1,0,0,0,-1.0000,0.0,0,0.000,51.200,0.000,0.0,0.0,0.0,0,673686.3245,17062.8308
71.131,8520,8536,Running,28,0.00,1,0,0,0,-1.0000,0.0,0,0.000,51.200,0.000,0.0,0.0,0.0,0,683718.3858,17347.7315
71.148,8522,8539,Running,28,0.00,1,0,0,0,-1.0000,0.0,0,0.000,51.200,0.000,0.0,0.0,0.0,0,674873.6210,16955.9778
71.165,8525,8541,Running,28,0.00,1,0,0,0,-1.0000,0.0,0,0.000,51.200,0.000,0.0,0.0,0.0,0,682206.6669,17232.6961
71.181,8528,8544,Running,28,0.00,1,0,0,0,-1.0000,0.0,0,0.000,51.200,0.000,0.0,0.0,0.0,0,677480.8423,17253.6197
71.198,8530,8545,Running,28,0.00,1,0,0,0,-1.0000,0.0,0,0.000,51.200,0.000,0.0,0.0,0.0,0,678910.0160,16516.3660
71.215,8533,8547,Running,28,0.00,1,0,0,0,-1.0000,0.0,0,0.000,51.200,0.000,0.0,0.0,0.0,0,674497.5880,16037.7309
71.231,8535,8548,Running,27,0.00,1,0,0,0,-1.0000,0.0,0,0.000,51.200,0.000,0.0,0.0,0.0,0,677232.0821,17607.1280
71.248,8537,8547,Running,27,0.00,1,0,0,0,-1.0000,0.0,0,0.000,51.840,0.000,0.0,0.0,0.0,0,659491.0261,17369.0482
71.265,8538,8543,Running,27,0.00,1,0,0,0,-1.0000,0.0,0,0.000,52.000,0.000,0.0,0.0,0.0,0,647890.3783,17460.8735
71.281,8539,8540,Running,27,0.00,1,0,0,0,-1.0000,0.0,0,0.000,52.000,0.000,0.0,0.0,0.0,0,640597.2660,17460.8735
71.298,8538,8534,Running,27,0.00,1,0,0,0,-1.0000,0.0,0,0.000,52.000,0.000,0.0,0.0,0.0,0,637151.6845,17082.0134
71.315,8537,8530,Running,27,0.00,1,0,0,0,-1.0000,0.0,0,0.000,52.000,0.000,0.0,0.0,0.0,0,634687.9809,18085.9618
71.331,8536,8524,Running,27,0.00,1,0,0,0,-1.0000,0.0,0,0.000,52.000,0.000,0.0,0.0,0.0,0,634390.7056,17051.0524
71.348,8534,8519,Running,27,0.00,1,0,0,0,-1.0000,0.0,0,0.000,52.000,0.000,0.0,0.0,0.0,0,631991.4400,16678.8603
71.365,8531,8513,Running,27,0.00,1,0,0,0,-1.0000,0.0,0,0.000,52.000,0.000,0.0,0.0,0.0,0,630070.5407,17377.6526
71.382,8528,8508,Running,27,0.00,1,0,0,0,-1.0000,0.0,0,0.000,52.000,0.000,0.0,0.0,0.0,0,628584.9405,17543.2071
71.398,8524,8502,Running,27,0.00,1,0,0,0,-1.0000,0.0,0,0.000,52.000,0.000,0.0,0.0,0.0,0,630836.3736,17409.0972
71.415,8521,8496,Running,23,0.00,1,0,0,0,-1.0000,0.0,0,0.000,52.000,0.000,0.0,0.0,0.0,0,623445.2233,17861.4265
71.431,8516,8484,Running,23,0.00,1,0,0,0,-1.0000,0.0,0,0.000,52.000,0.000,0.0,0.0,0.0,0,594718.3477,17657.4235
71.448,8510,8469,Running,23,0.00,1,0,0,0,-1.0000,0.0,0,0.000,52.960,0.000,0.0,0.0,0.0,0,562189.6533,16262.9013
71.465,8502,8450,Running,23,0.00,1,0,0,0,-1.0000,0.0,0,0.000,53.120,0.000,0.0,0.0,0.0,0,555657.8534,16820.5502
71.482,8493,8430,Running,23,0.00,1,0,0,0,-1.0000,0.0,0,0.000,53.120,0.000,0.0,0.0,0.0,0,537104.2299,16001.1826
71.498,8481,8410,Running,23,0.00,1,0,0,0,-1.0000,0.0,0,0.000,53.120,0.000,0.0,0.0,0.0,0,540319.2862,15642.4154
71.515,8469,8389,Running,23,0.00,1,0,0,0,-1.0000,0.0,0,0.000,53.120,0.000,0.0,0.0,0.0,0,532098.7808,16457.8297
71.533,8455,8368,Running,23,0.00,1,0,0,0,-1.0000,0.0,0,0.000,53.120,0.000,0.0,0.0,0.0,0,527179.0530,16601.0941
71.548,8440,8348,Running,23,0.00,1,0,0,0,-1.0000,0.0,0,0.000,53.120,0.000,0.0,0.0,0.0,0,532281.2168,16278.2330
71.565,8424,8327,Running,23,0.00,1,0,0,0,-1.0000,0.0,0,0.000,53.120,0.000,0.0,0.0,0.0,0,533089.3457,17974.3379
71.581,8408,8307,Running,23,0.00,1,0,0,0,-1.0000,0.0,0,0.000,53.120,0.000,0.0,0.0,0.0,0,526768.9082,17365.6222
71.598,8390,8287,Running,22,0.00,1,0,0,0,-1.0000,0.0,0,0.000,53.120,0.000,0.0,0.0,0.0,0,523250.0027,16870.7006
71.615,8373,8264,Running,22,0.00,1,0,0,0,-1.0000,0.0,0,0.000,53.120,0.000,0.0,0.0,0.0,0,519026.3971,18627.8219
71.631,8354,8241,Running,22,0.00,1,0,0,0,-1.0000,0.0,0,0.000,53.120,0.000,0.0,0.0,0.0,0,508472.3965,17792.8411
71.648,8335,8217,Running,22,0.00,1,0,0,0,-1.0000,0.0,0,0.000,53.120,0.000,0.0,0.0,0.0,0,494061.1238,18065.9845
71.665,8315,8191,Running,22,0.00,1,0,0,0,-1.0000,0.0,0,0.000,53.120,0.000,0.0,0.0,0.0,0,487290.0202,16625.6885
71.681,8294,8166,Running,22,0.00,1,0,0,0,-1.0000,0.0,0,0.000,53.120,0.000,0.0,0.0,0.0,0,486340.8276,18350.5471
71.698,8272,8141,Running,22,0.00,1,0,0,0,-1.0000,0.0,0,0.000,53.120,0.000,0.0,0.0,0.0,0,481222.9221,18350.5471
71.715,8250,8115,Running,22,0.00,1,0,0,0,-1.0000,0.0,0,0.000,53.120,0.000,0.0,0.0,0.0,0,483151.3385,16974.7977
71.732,8227,8090,Running,22,0.00,1,0,0,0,-1.0000,0.0,0,0.000,53.120,0.000,0.0,0.0,0.0,0,483362.8388,17837.8948
71.748,8204,8065,Running,22,0.00,1,0,0,0,-1.0000,0.0,0,0.000,53.120,0.000,0.0,0.0,0.0,0,480086.7293,16574.4164
71.765,8181,8040,Running,22,0.00,1,0,0,0,-1.0000,0.0,0,0.000,54.160,0.000,0.0,0.0,0.0,0,478465.2141,16457.5262
71.781,8157,8014,Running,21,0.00,1,0,0,0,-1.0000,0.0,0,0.000,54.160,0.000,0.0,0.0,0.0,0,478230.2588,16289.5101
71.798,8133,7989,Running,21,0.00,1,0,0,0,-1.0000,0.0,0,0.000,54.160,0.000,0.0,0.0,0.0,0,471023.8289,16359.0545
71.815,8109,7963,Running,21,0.00,1,0,0,0,-1.0000,0.0,0,0.000,54.160,0.000,0.0,0.0,0.0,0,464708.8770,16584.4453
71.832,8084,7936,Running,21,0.00,1,0,0,0,-1.0000,0.0,0,0.000,54.160,0.000,0.0,0.0,0.0,0,464530.7664,17335.9892
71.848,8059,7910,Running,21,0.00,1,0,0,0,-1.0000,0.0,0,0.000,54.160,0.000,0.0,0.0,0.0,0,461747.3685,15985.6126
71.865,8034,7883,Running,21,0.00,1,0,0,0,-1.0000,0.0,0,0.000,54.160,0.000,0.0,0.0,0.0,0,452437.3878,16571.8267
71.882,8009,7857,Running,21,0.00,1,0,0,0,-1.0000,0.0,0,0.000,54.160,0.000,0.0,0.0,0.0,0,454042.9232,15976.9473
71.898,7983,7831,Running,21,0.00,1,0,0,0,-1.0000,0.0,0,0.000,54.160,0.000,0.0,0.0,0.0,0,456805.7546,16381.2777
71.915,7958,7804,Running,21,0.00,1,0,0,0,-1.0000,0.0,0,0.000,54.160,0.000,0.0,0.0,0.0,0,458469.0939,15240.7568
71.932,7932,7778,Running,20,0.00,1,0,0,0,-1.0000,0.0,0,0.000,54.160,0.000,0.0,0.0,0.0,0,445934.1168,15783.5097
71.948,7906,7750,Running,19,0.00,1,0,0,0,-1.0000,0.0,0,0.000,54.160,0.000,0.0,0.0,0.0,0,442127.4492,14770.9509
71.965,7880,7721,Running,19,0.00,1,0,0,0,-1.0000,0.0,0,0.000,54.720,0.000,0.0,0.0,0.0,0,434255.9396,14990.0262
71.981,7853,7692,Running,19,0.00,1,0,0,0,-1.0000,0.0,0,0.000,54.800,0.000,0.0,0.0,0.0,0,414574.6326,15520.8212
71.993,7826,7661,Running,19,0.00,1,0,0,0,-1.0000,0.0,0,0.000,54.800,0.000,0.0,0.0,0.0,0,419134.5932,15417.0383
71.993,7798,7630,Running,19,0.00,1,0,0,0,-1.0000,0.0,0,0.000,54.800,0.000,0.0,0.0,0.0,0,398512.8831,14439.3617
71.993,7770,7599,Running,19,0.00,1,0,0,0,-1.0000,0.0,0,0.000,54.800,0.000,0.0,0.0,0.0,0,406430.7428,16048.8453
72.048,7741,7568,Running,19,0.00,1,0,0,0,-1.0000,0.0,0,0.000,54.800,0.000,0.0,0.0,0.0,0,391064.1143,16048.8453
72.065,7712,7537,Running,19,0.00,1,0,0,0,-1.0000,0.0,0,0.000,54.800,0.000,0.0,0.0,0.0,0,401342.5843,13832.8786
72.081,7683,7506,Running,19,0.00,1,0,0,0,-1.0000,0.0,0,0.000,54.800,0.000,0.0,0.0,0.0,0,391087.2386,15682.7714
72.098,7653,7475,Running,19,0.00,1,0,0,0,-1.0000,0.0,0,0.000,54.800,0.000,0.0,0.0,0.0,0,394135.2197,16149.7208
72.115,7623,7444,Running,14,0.00,1,0,0,0,-1.0000,0.0,0,0.000,54.800,0.000,0.0,0.0,0.0,0,392689.1860,17357.1895
72.132,7593,7408,Running,14,0.00,1,0,0,0,-1.0000,0.0,0,0.000,54.800,0.000,0.0,0.0,0.0,0,346670.5094,14721.4977
72.148,7562,7369,Running,14,0.00,1,0,0,0,-1.0000,0.0,0,0.000,54.800,0.000,0.0,0.0,0.0,0,309386.0495,16901.2974
72.165,7529,7328,Running,14,0.00,1,0,0,0,-1.0000,0.0,0,0.000,54.800,0.000,0.0,0.0,0.0,0,291251.3091,16901.2974
72.182,7495,7286,Running,14,0.00,1,0,0,0,-1.0000,0.0,0,0.000,54.800,0.000,0.0,0.0,0.0,0,273048.6718,17448.7507
72.198,7459,7242,Running,14,0.00,1,0,0,0,-1.0000,0.0,0,0.000,54.800,0.000,0.0,0.0,0.0,0,258586.9180,16216.6365
72.215,7422,7199,Running,14,0.00,1,0,0,0,-1.0000,0.0,0,0.000,54.800,0.000,0.0,0.0,0.0,0,250217.9272,17601.6870
72.232,7384,7155,Running,12,0.00,1,0,0,0,-1.0000,0.0,0,0.000,54.800,0.000,0.0,0.0,0.0,0,244939.4358,17520.2067
72.248,7346,7111,Running,12,0.00,1,0,0,0,-1.0000,0.0,0,0.000,54.800,0.000,0.0,0.0,0.0,0,236810.7862,18487.2401
72.265,7306,7066,Running,12,0.00,1,0,0,0,-1.0000,0.0,0,0.000,54.800,0.000,0.0,0.0,0.0,0,225350.2726,18443.3603
72.281,7266,7021,Running,12,0.00,1,0,0,0,-1.0000,0.0,0,0.000,54.800,0.000,0.0,0.0,0.0,0,220901.5356,17557.2962
72.298,7224,6976,Running,12,0.00,1,0,0,0,-1.0000,0.0,0,0.000,54.800,0.000,0.0,0.0,0.0,0,214305.3498,18930.1105
72.315,7183,6931,Running,12,0.00,1,0,0,0,-1.0000,0.0,0,0.000,54.800,0.000,0.0,0.0,0.0,0,213791.0631,18653.6419
72.331,7140,6886,Running,12,0.00,1,0,0,0,-1.0000,0.0,0,0.000,54.800,0.000,0.0,0.0,0.0,0,215995.7180,19083.1794
72.348,7098,6841,Running,12,0.00,1,0,0,0,-1.0000,0.0,0,0.000,54.800,0.000,0.0,0.0,0.0,0,205778.3006,19900.9352
72.365,7055,6797,Running,12,0.00,1,0,0,0,-1.0000,0.0,0,0.000,55.360,0.000,0.0,0.0,0.0,0,211718.4833,19433.1394
72.381,7011,6752,Running,12,0.00,1,0,0,0,-1.0000,0.0,0,0.000,55.440,0.000,0.0,0.0,0.0,0,207137.1855,20017.3708
72.398,6968,6708,Running,12,0.00,1,0,0,0,-1.0000,0.0,0,0.000,55.440,0.000,0.0,0.0,0.0,0,201460.9378,17363.0996
72.415,6925,6664,Running,12,0.00,1,0,0,0,-1.0000,0.0,0,0.000,55.440,0.000,0.0,0.0,0.0,0,201826.7301,19978.9945
72.431,6881,6620,Running,12,0.00,1,0,0,0,-1.0000,0.0,0,0.000,55.440,0.000,0.0,0.0,0.0,0,202532.0073,19978.9945
72.448,6838,6577,Running,12,0.00,1,0,0,0,-1.0000,0.0,0,0.000,55.440,0.000,0.0,0.0,0.0,0,192789.4284,19527.2694
72.465,6794,6534,Running,12,0.00,1,0,0,0,-1.0000,0.0,0,0.000,55.440,0.000,0.0,0.0,0.0,0,199667.9070,19995.2405
72.481,6751,6491,Running,12,0.00,1,0,0,0,-1.0000,0.0,0,0.000,55.440,0.000,0.0,0.0,0.0,0,203332.4915,19678.2773
72.498,6707,6448,Running,12,0.00,1,0,0,0,-1.0000,0.0,0,0.000,55.440,0.000,0.0,0.0,0.0,0,195900.6177,19730.4969
72.515,6664,6406,Running,12,0.00,1,0,0,0,-1.0000,0.0,0,0.000,55.440,0.000,0.0,0.0,0.0,0,194105.9545,19344.5298
72.531,6621,6364,Running,10,0.00,1,0,0,0,-1.0000,0.0,0,0.000,55.440,0.000,0.0,0.0,0.0,0,195332.4524,19524.2698
72.548,6578,6322,Running,10,0.00,1,0,0,0,-1.0000,0.0,0,0.000,55.440,0.000,0.0,0.0,0.0,0,185659.5637,19524.2698
72.565,6536,6280,Running,10,0.00,1,0,0,0,-1.0000,0.0,0,0.000,55.520,0.000,0.0,0.0,0.0,0,171922.1643,20033.9961
72.581,6493,6237,Running,9,0.00,1,0,0,0,-1.0000,0.0,0,0.000,55.520,0.000,0.0,0.0,0.0,0,157951.2071,20094.1369
72.598,6450,6194,Running,9,0.00,1,0,0,0,-1.0000,0.0,0,0.000,55.520,0.000,0.0,0.0,0.0,0,149195.2836,19770.4537
72.615,6407,6151,Running,9,0.00,1,0,0,0,-1.0000,0.0,0,0.000,55.520,0.000,0.0,0.0,0.0,0,145080.2047,20445.1509
72.631,6365,6108,Running,9,0.00,1,0,0,0,-1.0000,0.0,0,0.000,55.520,0.000,0.0,0.0,0.0,0,140488.8815,19552.5061
72.648,6322,6064,Running,9,0.00,1,0,0,0,-1.0000,0.0,0,0.000,55.520,0.000,0.0,0.0,0.0,0,134351.6294,19815.4648
72.665,6279,6021,Running,9,0.00,1,0,0,0,-1.0000,0.0,0,0.000,55.520,0.000,0.0,0.0,0.0,0,128696.4687,18638.2490
72.681,6236,5979,Running,9,0.00,1,0,0,0,-1.0000,0.0,0,0.000,55.520,0.000,0.0,0.0,0.0,0,130946.6505,18989.5535
72.698,6193,5936,Running,9,0.00,1,0,0,0,-1.0000,0.0,0,0.000,55.520,0.000,0.0,0.0,0.0,0,134507.7076,18989.5535
72.715,6150,5893,Running,9,0.00,1,0,0,0,-1.0000,0.0,0,0.000,55.520,0.000,0.0,0.0,0.0,0,121066.5172,18396.7308
72.732,6107,5851,Running,4,0.00,1,0,0,0,-1.0000,0.0,0,0.000,55.520,0.000,0.0,0.0,0.0,0,134345.8007,18830.0622
72.748,6064,5807,Running,4,0.00,1,0,0,0,-1.0000,0.0,0,0.000,55.520,0.000,0.0,0.0,0.0,0,109062.9414,18662.5716
72.765,6021,5763,Running,4,0.00,1,0,0,0,-1.0000,0.0,0,0.000,55.360,0.000,0.0,0.0,0.0,0,104500.7193,18677.6428
72.782,5978,5718,Running,4,0.00,1,0,0,0,-1.0000,0.0,0,0.000,55.360,0.000,0.0,0.0,0.0,0,78340.0990,17646.0993
72.798,5934,5672,Running,4,0.00,1,0,0,0,-1.0000,0.0,0,0.000,55.360,0.000,0.0,0.0,0.0,0,78537.3187,18204.2661
72.815,5890,5626,Running,4,0.00,1,0,0,0,-1.0000,0.0,0,0.000,55.360,0.000,0.0,0.0,0.0,0,75359.6909,18279.4431
72.832,5846,5579,Running,4,0.00,1,0,0,0,-1.0000,0.0,0,0.000,55.360,0.000,0.0,0.0,0.0,0,63684.5438,18024.8308
72.848,5801,5532,Running,4,0.00,1,0,0,0,-1.0000,0.0,0,0.000,55.360,0.000,0.0,0.0,0.0,0,57195.7312,18294.5855
72.865,5756,5485,Running,4,0.00,1,0,0,0,-1.0000,0.0,0,0.000,55.360,0.000,0.0,0.0,0.0,0,58747.4100,17530.1235
72.882,5711,5439,Running,4,0.00,1,0,0,0,-1.0000,0.0,0,0.000,55.360,0.000,0.0,0.0,0.0,0,62721.7364,18487.2641
72.898,5665,5392,Running,4,0.00,1,0,0,0,-1.0000,0.0,0,0.000,55.360,0.000,0.0,0.0,0.0,0,60108.7444,17745.8759
72.915,5619,5345,Running,4,0.00,1,0,0,0,-1.0000,0.0,0,0.000,55.360,0.000,0.0,0.0,0.0,0,58629.9435,17835.9843
72.931,5574,5299,Running,4,0.00,1,0,0,0,-1.0000,0.0,0,0.000,55.360,0.000,0.0,0.0,0.0,0,60175.5283,17835.9843
72.948,5528,5254,Running,4,0.00,1,0,0,0,-1.0000,0.0,0,0.000,55.360,0.000,0.0,0.0,0.0,0,62593.9059,18089.0692
72.965,5482,5208,Running,4,0.00,1,0,0,0,-1.0000,0.0,0,0.000,54.960,0.000,0.0,0.0,0.0,0,65132.4417,17867.9995
72.981,5436,5162,Running,4,0.00,1,0,0,0,-1.0000,0.0,0,0.000,54.960,0.000,0.0,0.0,0.0,0,62397.7408,18025.1752
72.998,5391,5117,Running,4,0.00,1,0,0,0,-1.0000,0.0,0,0.000,54.960,0.000,0.0,0.0,0.0,0,55901.7897,17454.8770
73.015,5345,5072,Running,4,0.00,1,0,0,0,-1.0000,0.0,0,0.000,54.960,0.000,0.0,0.0,0.0,0,57352.1287,18097.5296
73.031,5300,5028,Running,4,0.00,1,0,0,0,-1.0000,0.0,0,0.000,54.960,0.000,0.0,0.0,0.0,0,70078.6321,15943.1487
73.048,5254,4984,Running,4,0.00,1,0,0,0,-1.0000,0.0,0,0.000,54.960,0.000,0.0,0.0,0.0,0,53341.0469,16203.0668
73.065,5209,4940,Running,4,0.00,1,0,0,0,-1.0000,0.0,0,0.000,54.960,0.000,0.0,0.0,0.0,0,70422.6128,16664.3596
73.082,5164,4897,Running,4,0.00,1,0,0,0,-1.0000,0.0,0,0.000,54.960,0.000,0.0,0.0,0.0,0,54422.7134,16664.3596
73.098,5120,4853,Running,4,0.00,1,0,0,0,-1.0000,0.0,0,0.000,54.960,0.000,0.0,0.0,0.0,0,70189.0294,17216.5787
73.115,5075,4810,Running,4,0.00,1,0,0,0,-1.0000,0.0,0,0.000,54.960,0.000,0.0,0.0,0.0,0,53372.5821,15324.9393
73.131,5031,4768,Running,4,0.00,1,0,0,0,-1.0000,0.0,0,0.000,54.960,0.000,0.0,0.0,0.0,0,65678.5244,15491.7279
73.148,4987,4725,Running,4,0.00,1,0,0,0,-1.0000,0.0,0,0.000,54.960,0.000,0.0,0.0,0.0,0,66190.6371,17308.7050
73.165,4944,4683,Running,4,0.00,1,0,0,0,-1.0000,0.0,0,0.000,54.400,0.000,0.0,0.0,0.0,0,57184.3323,14015.9896
73.181,4900,4641,Running,4,0.00,1,0,0,0,-1.0000,0.0,0,0.000,54.400,0.000,0.0,0.0,0.0,0,54763.7570,17119.5561
73.198,4857,4600,Running,4,0.00,1,0,0,0,-1.0000,0.0,0,0.000,54.400,0.000,0.0,0.0,0.0,0,62589.7860,16399.4841
73.215,4814,4558,Running,4,0.00,1,0,0,0,-1.0000,0.0,0,0.000,54.400,0.000,0.0,0.0,0.0,0,64699.5549,16206.4288
73.232,4772,4518,Running,4,0.00,1,0,0,0,-1.0000,0.0,0,0.000,54.400,0.000,0.0,0.0,0.0,0,65084.9003,16206.4288
73.249,4729,4478,Running,4,0.00,1,0,0,0,-1.0000,0.0,0,0.000,54.400,0.000,0.0,0.0,0.0,0,64748.8752,16819.8702
73.265,4688,4438,Running,4,0.00,1,0,0,0,-1.0000,0.0,0,0.000,54.400,0.000,0.0,0.0,0.0,0,62284.2073,16856.9093
73.280,4646,4398,Running,4,0.00,1,0,0,0,-1.0000,0.0,0,0.000,54.400,0.000,0.0,0.0,0.0,0,61478.2701,15648.9692
73.298,4605,4359,Running,4,0.00,1,0,0,0,-1.0000,0.0,0,0.000,54.400,0.000,0.0,0.0,0.0,0,60592.7281,17381.8145
73.315,4564,4320,Running,4,0.00,1,0,0,0,-1.0000,0.0,0,0.000,54.400,0.000,0.0,0.0,0.0,0,66831.1532,15511.9421
73.332,4523,4281,Running,4,0.00,1,0,0,0,-1.0000,0.0,0,0.000,54.400,0.000,0.0,0.0,0.0,0,68111.8026,17889.2583
73.348,4483,4243,Running,4,0.00,1,0,0,0,-1.0000,0.0,0,0.000,54.400,0.000,0.0,0.0,0.0,0,62328.0265,17145.7790
73.365,4443,4205,Running,4,0.00,1,0,0,0,-1.0000,0.0,0,0.000,54.400,0.000,0.0,0.0,0.0,0,55892.0964,16209.5860
73.382,4404,4168,Running,4,0.00,1,0,0,0,-1.0000,0.0,0,0.000,54.400,0.000,0.0,0.0,0.0,0,69038.1524,17982.8625
73.398,4364,4130,Running,4,0.00,1,0,0,0,-1.0000,0.0,0,0.000,54.400,0.000,0.0,0.0,0.0,0,66338.3945,16622.9514
73.415,4325,4093,Running,4,0.00,1,0,0,0,-1.0000,0.0,0,0.000,54.400,0.000,0.0,0.0,0.0,0,53172.3206,15986.3098
73.432,4287,4056,Running,4,0.00,1,0,0,0,-1.0000,0.0,0,0.000,54.400,0.000,0.0,0.0,0.0,0,72222.3915,15901.7878
73.448,4248,4020,Running,4,0.00,1,0,0,0,-1.0000,0.0,0,0.000,54.400,0.000,0.0,0.0,0.0,0,52708.1959,16919.5331
73.465,4210,3984,Running,4,0.00,1,0,0,0,-1.0000,0.0,0,0.000,54.400,0.000,0.0,0.0,0.0,0,73156.4600,16857.9113
73.481,4173,3948,Running,4,0.00,1,0,0,0,-1.0000,0.0,0,0.000,54.400,0.000,0.0,0.0,0.0,0,53411.4569,15949.6514
73.498,4135,3913,Running,4,0.00,1,0,0,0,-1.0000,0.0,0,0.000,54.400,0.000,0.0,0.0,0.0,0,63959.5892,15949.6514
73.515,4098,3877,Running,4,0.00,1,0,0,0,-1.0000,0.0,0,0.000,54.400,0.000,0.0,0.0,0.0,0,64727.7112,18266.1549
73.531,4062,3841,Running,4,0.00,1,0,0,0,-1.0000,0.0,0,0.000,54.400,0.000,0.0,0.0,0.0,0,51479.3549,15911.7421
73.548,4025,3807,Running,4,0.00,1,0,0,0,-1.0000,0.0,0,0.000,52.720,0.000,0.0,0.0,0.0,0,61080.4762,16108.1397
73.565,3989,3772,Running,4,0.00,1,0,0,0,-1.0000,0.0,0,0.000,52.720,0.000,0.0,0.0,0.0,0,66441.3227,16891.5997
73.581,3953,3738,Running,4,0.00,1,0,0,0,-1.0000,0.0,0,0.000,52.720,0.000,0.0,0.0,0.0,0,63170.5455,17979.5946
73.598,3917,3704,Running,4,0.00,1,0,0,0,-1.0000,0.0,0,0.000,52.720,0.000,0.0,0.0,0.0,0,57771.6609,15025.6001
73.615,3882,3671,Running,4,0.00,1,0,0,0,-1.0000,0.0,0,0.000,52.720,0.000,0.0,0.0,0.0,0,56731.5175,15025.6001
73.632,3847,3637,Running,4,0.00,1,0,0,0,-1.0000,0.0,0,0.000,52.720,0.000,0.0,0.0,0.0,0,58103.8263,16462.0755
73.648,3812,3604,Running,4,0.00,1,0,0,0,-1.0000,0.0,0,0.000,52.720,0.000,0.0,0.0,0.0,0,57946.0766,17905.1972
73.665,3777,3571,Running,4,0.00,1,0,0,0,-1.0000,0.0,0,0.000,52.720,0.000,0.0,0.0,0.0,0,59321.8123,17149.4517
73.682,3743,3539,Running,4,0.00,1,0,0,0,-1.0000,0.0,0,0.000,52.720,0.000,0.0,0.0,0.0,0,59755.1068,17080.6505
73.698,3709,3507,Running,4,0.00,1,0,0,0,-1.0000,0.0,0,0.000,52.720,0.000,0.0,0.0,0.0,0,62586.8147,14733.9798
73.715,3675,3474,Running,4,0.00,1,0,0,0,-1.0000,0.0,0,0.000,52.720,0.000,0.0,0.0,0.0,0,60624.6846,16177.1094
73.732,3642,3443,Running,4,0.00,1,0,0,0,-1.0000,0.0,0,0.000,51.600,0.000,0.0,0.0,0.0,0,61213.6506,16177.1094
73.748,3609,3412,Running,4,0.00,1,0,0,0,-1.0000,0.0,0,0.000,51.600,0.000,0.0,0.0,0.0,0,56517.3830,16220.2903
73.765,3576,3381,Running,4,0.00,1,0,0,0,-1.0000,0.0,0,0.000,51.600,0.000,0.0,0.0,0.0,0,54228.9147,13631.3644
73.782,3544,3350,Running,4,0.00,1,0,0,0,-1.0000,0.0,0,0.000,51.600,0.000,0.0,0.0,0.0,0,59753.8953,15411.4739
73.798,3512,3320,Running,4,0.00,1,0,0,0,-1.0000,0.0,0,0.000,51.600,0.000,0.0,0.0,0.0,0,67652.4756,15353.1601
73.815,3480,3291,Running,4,0.00,1,0,0,0,-1.0000,0.0,0,0.000,51.600,0.000,0.0,0.0,0.0,0,56956.5428,17081.6995
73.832,3448,3260,Running,4,0.00,1,0,0,0,-1.0000,0.0,0,0.000,51.600,0.000,0.0,0.0,0.0,0,52237.9307,15780.6390
73.848,3417,3232,Running,4,0.00,1,0,0,0,-1.0000,0.0,0,0.000,51.600,0.000,0.0,0.0,0.0,0,68309.3077,18700.3049
73.865,3386,3203,Running,4,0.00,1,0,0,0,-1.0000,0.0,0,0.000,51.600,0.000,0.0,0.0,0.0,0,52618.6166,17736.5692
73.882,3356,3174,Running,4,0.00,1,0,0,0,-1.0000,0.0,0,0.000,51.600,0.000,0.0,0.0,0.0,0,64513.6931,18836.8566
73.898,3326,3146,Running,6,0.00,1,0,0,0,-1.0000,0.0,0,0.000,51.600,0.000,0.0,0.0,0.0,0,55318.5488,18446.2069
73.915,3296,3118,Running,6,0.00,1,0,0,0,-1.0000,0.0,0,0.000,50.880,0.000,0.0,0.0,0.0,0,62617.7084,19129.1753
73.932,3266,3090,Running,6,0.00,1,0,0,0,-1.0000,0.0,0,0.000,50.880,0.000,0.0,0.0,0.0,0,55199.1839,18277.1297
73.948,3237,3064,Running,6,0.00,1,0,0,0,-1.0000,0.0,0,0.000,50.800,0.000,0.0,0.0,0.0,0,67526.4235,19623.1173
73.965,3208,3037,Running,6,0.00,1,0,0,0,-1.0000,0.0,0,0.000,50.800,0.000,0.0,0.0,0.0,0,53007.3340,19593.4325
73.982,3180,3011,Running,6,0.00,1,0,0,0,-1.0000,0.0,0,0.000,50.800,0.000,0.0,0.0,0.0,0,68345.3014,18242.7454
73.998,3152,2986,Running,6,0.00,1,0,0,0,-1.0000,0.0,0,0.000,50.800,0.000,0.0,0.0,0.0,0,62830.7874,18242.7454
74.015,3124,2961,Running,6,0.00,1,0,0,0,-1.0000,0.0,0,0.000,50.800,0.000,0.0,0.0,0.0,0,58514.6373,19062.0909
74.032,3097,2936,Running,6,0.00,1,0,0,0,-1.0000,0.0,0,0.000,50.800,0.000,0.0,0.0,0.0,0,67598.0303,20182.7243
74.048,3071,2912,Running,6,0.00,1,0,0,0,-1.0000,0.0,0,0.000,50.800,0.000,0.0,0.0,0.0,0,68454.0058,18843.4557
74.065,3044,2888,Running,6,0.00,1,0,0,0,-1.0000,0.0,0,0.000,50.800,0.000,0.0,0.0,0.0,0,59236.7671,19940.3848
74.082,3018,2865,Running,6,0.00,1,0,0,0,-1.0000,0.0,0,0.000,50.800,0.000,0.0,0.0,0.0,0,61847.0691,20831.6547
74.098,2993,2842,Running,6,0.00,1,0,0,0,-1.0000,0.0,0,0.000,50.800,0.000,0.0,0.0,0.0,0,65044.7619,20193.5359
74.115,2968,2819,Running,6,0.00,1,0,0,0,-1.0000,0.0,0,0.000,50.800,0.000,0.0,0.0,0.0,0,68385.1370,20193.5359
74.132,2943,2797,Running,6,0.00,1,0,0,0,-1.0000,0.0,0,0.000,50.080,0.000,0.0,0.0,0.0,0,65787.8498,20812.3217
74.148,2919,2775,Running,6,0.00,1,0,0,0,-1.0000,0.0,0,0.000,50.080,0.000,0.0,0.0,0.0,0,64650.5394,20959.9241
74.165,2895,2753,Running,6,0.00,1,0,0,0,-1.0000,0.0,0,0.000,50.080,0.000,0.0,0.0,0.0,0,62434.9738,21255.5928
74.182,2872,2732,Running,6,0.00,1,0,0,0,-1.0000,0.0,0,0.000,50.080,0.000,0.0,0.0,0.0,0,62782.3371,20910.7643
74.198,2848,2711,Running,6,0.00,1,0,0,0,-1.0000,0.0,0,0.000,50.080,0.000,0.0,0.0,0.0,0,63476.0267,21290.6918
74.215,2826,2690,Running,6,0.00,1,0,0,0,-1.0000,0.0,0,0.000,50.080,0.000,0.0,0.0,0.0,0,62176.4780,21313.0514
74.232,2803,2669,Running,6,0.00,1,0,0,0,-1.0000,0.0,0,0.000,50.080,0.000,0.0,0.0,0.0,0,61445.4039,20758.2033
74.249,2781,2648,Running,6,0.00,1,0,0,0,-1.0000,0.0,0,0.000,49.680,0.000,0.0,0.0,0.0,0,60771.7970,21656.7625
74.265,2759,2627,Running,6,0.00,1,0,0,0,-1.0000,0.0,0,0.000,49.680,0.000,0.0,0.0,0.0,0,61594.8134,21656.7625
74.282,2737,2607,Running,6,0.00,1,0,0,0,-1.0000,0.0,0,0.000,49.680,0.000,0.0,0.0,0.0,0,62472.7437,21679.4542
74.298,2715,2588,Running,6,0.00,1,0,0,0,-1.0000,0.0,0,0.000,49.680,0.000,0.0,0.0,0.0,0,61155.3243,21137.3954
74.315,2694,2569,Running,6,0.00,1,0,0,0,-1.0000,0.0,0,0.000,49.680,0.000,0.0,0.0,0.0,0,59785.3360,20294.5120
74.332,2673,2549,Running,6,0.00,1,0,0,0,-1.0000,0.0,0,0.000,49.680,0.000,0.0,0.0,0.0,0,59172.1295,20922.8868
74.348,2653,2531,Running,6,0.00,1,0,0,0,-1.0000,0.0,0,0.000,49.680,0.000,0.0,0.0,0.0,0,64992.9277,21583.5071
74.365,2633,2513,Running,6,0.00,1,0,0,0,-1.0000,0.0,0,0.000,49.680,0.000,0.0,0.0,0.0,0,65801.6839,21237.7206
74.382,2613,2495,Running,6,0.00,1,0,0,0,-1.0000,0.0,0,0.000,49.680,0.000,0.0,0.0,0.0,0,64240.2213,21051.2221
74.398,2593,2478,Running,6,0.00,1,0,0,0,-1.0000,0.0,0,0.000,49.680,0.000,0.0,0.0,0.0,0,60187.9678,21504.3256
74.415,2574,2461,Running,6,0.00,1,0,0,0,-1.0000,0.0,0,0.000,49.680,0.000,0.0,0.0,0.0,0,60289.2276,21121.4590
74.432,2556,2444,Running,7,0.00,1,0,0,0,-1.0000,0.0,0,0.000,49.040,0.000,0.0,0.0,0.0,0,64839.9138,20845.8784
74.448,2537,2427,Running,7,0.00,1,0,0,0,-1.0000,0.0,0,0.000,49.040,0.000,0.0,0.0,0.0,0,64827.6235,21661.5652
74.465,2519,2411,Running,7,0.00,1,0,0,0,-1.0000,0.0,0,0.000,49.040,0.000,0.0,0.0,0.0,0,58963.1186,19364.9927
74.482,2501,2396,Running,7,0.00,1,0,0,0,-1.0000,0.0,0,0.000,49.040,0.000,0.0,0.0,0.0,0,67548.8841,21626.2394
74.499,2484,2381,Running,7,0.00,1,0,0,0,-1.0000,0.0,0,0.000,49.040,0.000,0.0,0.0,0.0,0,68355.0024,21626.2394
74.515,2467,2366,Running,7,0.00,1,0,0,0,-1.0000,0.0,0,0.000,49.040,0.000,0.0,0.0,0.0,0,57980.1175,21446.6397
74.532,2450,2352,Running,7,0.00,1,0,0,0,-1.0000,0.0,0,0.000,49.040,0.000,0.0,0.0,0.0,0,71798.2729,22307.3184
74.548,2434,2338,Running,7,0.00,1,0,0,0,-1.0000,0.0,0,0.000,49.040,0.000,0.0,0.0,0.0,0,65848.7761,22822.3317
74.565,2418,2325,Running,12,0.00,1,0,0,0,-1.0000,0.0,0,0.000,49.040,0.000,0.0,0.0,0.0,0,65213.8141,22754.4776
74.582,2403,2312,Running,12,0.00,1,0,0,0,-1.0000,0.0,0,0.000,49.040,0.000,0.0,0.0,0.0,0,74835.0722,19661.3012
74.598,2388,2302,Running,12,0.00,1,0,0,0,-1.0000,0.0,0,0.000,49.040,0.000,0.0,0.0,0.0,0,70426.2405,22981.4473
74.615,2374,2294,Running,12,0.00,1,0,0,0,-1.0000,0.0,0,0.000,49.040,0.000,0.0,0.0,0.0,0,92329.1184,22981.4473
74.632,2361,2288,Running,12,0.00,1,0,0,0,-1.0000,0.0,0,0.000,49.040,0.000,0.0,0.0,0.0,0,78855.8677,21691.7182
74.648,2350,2283,Running,12,0.00,1,0,0,0,-1.0000,0.0,0,0.000,49.040,0.000,0.0,0.0,0.0,0,107428.8639,18864.4064
74.665,2339,2281,Running,12,0.00,1,0,0,0,-1.0000,0.0,0,0.000,49.040,0.000,0.0,0.0,0.0,0,90021.8800,21333.8090
74.682,2330,2279,Running,12,0.00,1,0,0,0,-1.0000,0.0,0,0.000,49.040,0.000,0.0,0.0,0.0,0,114096.6045,21483.1777
74.698,2322,2279,Running,18,0.00,1,0,0,0,-1.0000,0.0,0,0.000,49.040,0.000,0.0,0.0,0.0,0,98320.7986,21095.2976
74.715,2316,2281,Running,18,0.00,1,0,0,0,-1.0000,0.0,0,0.000,49.040,0.000,0.0,0.0,0.0,0,122280.4733,21681.6809
74.732,2311,2290,Running,19,0.00,1,0,0,0,-1.0000,0.0,0,0.000,49.040,0.000,0.0,0.0,0.0,0,120546.8669,19266.9726
74.748,2309,2300,Running,19,0.00,1,0,0,0,-1.0000,0.0,0,0.000,49.040,0.000,0.0,0.0,0.0,0,148825.9145,22554.4769
74.765,2309,2318,Running,19,0.00,1,0,0,0,-1.0000,0.0,0,0.000,49.040,0.000,0.0,0.0,0.0,0,151792.2983,20753.1687
74.782,2311,2336,Running,19,0.00,1,0,0,0,-1.0000,0.0,0,0.000,49.040,0.000,0.0,0.0,0.0,0,162873.0279,23756.6096
74.798,2317,2358,Running,19,0.00,1,0,0,0,-1.0000,0.0,0,0.000,49.040,0.000,0.0,0.0,0.0,0,196003.8445,22823.4069
74.815,2325,2384,Running,19,0.00,1,0,0,0,-1.0000,0.0,0,0.000,49.040,0.000,0.0,0.0,0.0,0,157392.1623,21945.1994
74.832,2336,2408,Running,19,0.00,1,0,0,0,-1.0000,0.0,0,0.000,49.040,0.000,0.0,0.0,0.0,0,201702.5476,22492.4715
74.848,2350,2437,Running,19,0.00,1,0,0,0,-1.0000,0.0,0,0.000,49.040,0.000,0.0,0.0,0.0,0,211799.4225,20192.6324
74.865,2365,2467,Running,19,0.00,1,0,0,0,-1.0000,0.0,0,0.000,49.040,0.000,0.0,0.0,0.0,0,179502.3373,22226.6552
74.882,2383,2495,Running,19,0.00,1,0,0,0,-1.0000,0.0,0,0.000,49.040,0.000,0.0,0.0,0.0,0,209207.0268,22226.6552
74.898,2402,2523,Running,18,0.00,1,0,0,0,-1.0000,0.0,0,0.000,49.040,0.000,0.0,0.0,0.0,0,223557.0628,22843.7988
74.915,2424,2553,Running,18,0.00,1,0,0,0,-1.0000,0.0,0,0.000,49.040,0.000,0.0,0.0,0.0,0,233641.6407,21464.1702
74.932,2446,2583,Running,18,0.00,1,0,0,0,-1.0000,0.0,0,0.000,49.040,0.000,0.0,0.0,0.0,0,208081.4498,21714.3642
74.948,2469,2612,Running,18,0.00,1,0,0,0,-1.0000,0.0,0,0.000,48.400,0.000,0.0,0.0,0.0,0,211937.5453,22329.6799
74.965,2493,2642,Running,18,0.00,1,0,0,0,-1.0000,0.0,0,0.000,48.400,0.000,0.0,0.0,0.0,0,221187.1801,21179.6780
74.982,2518,2670,Running,18,0.00,1,0,0,0,-1.0000,0.0,0,0.000,48.400,0.000,0.0,0.0,0.0,0,225711.7333,22300.1138
74.998,2544,2698,Running,18,0.00,1,0,0,0,-1.0000,0.0,0,0.000,48.400,0.000,0.0,0.0,0.0,0,228919.4391,22402.5899
75.015,2569,2724,Running,18,0.00,1,0,0,0,-1.0000,0.0,0,0.000,48.400,0.000,0.0,0.0,0.0,0,230086.2943,21950.0287
75.032,2595,2752,Running,18,0.00,1,0,0,0,-1.0000,0.0,0,0.000,48.400,0.000,0.0,0.0,0.0,0,233513.1226,21950.0287
75.048,2621,2778,Running,18,0.00,1,0,0,0,-1.0000,0.0,0,0.000,48.400,0.000,0.0,0.0,0.0,0,238515.4044,21461.5835
75.065,2647,2804,Running,18,0.00,1,0,0,0,-1.0000,0.0,0,0.000,48.400,0.000,0.0,0.0,0.0,0,244597.4796,21728.8566
75.082,2674,2829,Running,18,0.00,1,0,0,0,-1.0000,0.0,0,0.000,48.400,0.000,0.0,0.0,0.0,0,246270.4417,21870.0666
75.098,2700,2853,Running,18,0.00,1,0,0,0,-1.0000,0.0,0,0.000,48.400,0.000,0.0,0.0,0.0,0,222743.9489,20947.6986
75.115,2725,2880,Running,18,0.00,1,0,0,0,-1.0000,0.0,0,0.000,48.400,0.000,0.0,0.0,0.0,0,228257.1150,21414.3744
75.132,2751,2907,Running,18,0.00,1,0,0,0,-1.0000,0.0,0,0.000,48.400,0.000,0.0,0.0,0.0,0,237319.0221,21379.8095
75.148,2777,2932,Running,18,0.00,1,0,0,0,-1.0000,0.0,0,0.000,48.640,0.000,0.0,0.0,0.0,0,256093.8750,21379.8095
75.165,2803,2955,Running,18,0.00,1,0,0,0,-1.0000,0.0,0,0.000,48.640,0.000,0.0,0.0,0.0,0,248593.6071,21732.2018
75.182,2828,2981,Running,18,0.00,1,0,0,0,-1.0000,0.0,0,0.000,48.720,0.000,0.0,0.0,0.0,0,228022.7236,19582.9331
75.198,2854,3006,Running,18,0.00,1,0,0,0,-1.0000,0.0,0,0.000,48.720,0.000,0.0,0.0,0.0,0,250969.6695,20297.1013
75.215,2879,3027,Running,18,0.00,1,0,0,0,-1.0000,0.0,0,0.000,48.720,0.000,0.0,0.0,0.0,0,257865.3245,19890.3937
75.232,2904,3052,Running,18,0.00,1,0,0,0,-1.0000,0.0,0,0.000,48.720,0.000,0.0,0.0,0.0,0,229812.8921,19338.0916
75.248,2928,3073,Running,18,0.00,1,0,0,0,-1.0000,0.0,0,0.000,48.720,0.000,0.0,0.0,0.0,0,267904.2777,20580.1273
75.265,2952,3095,Running,18,0.00,1,0,0,0,-1.0000,0.0,0,0.000,48.720,0.000,0.0,0.0,0.0,0,234112.5033,20580.1273
75.282,2976,3117,Running,18,0.00,1,0,0,0,-1.0000,0.0,0,0.000,48.720,0.000,0.0,0.0,0.0,0,254604.3280,20915.2106
75.298,2999,3139,Running,16,0.00,1,0,0,0,-1.0000,0.0,0,0.000,48.720,0.000,0.0,0.0,0.0,0,248823.7934,18383.0238
75.315,3022,3159,Running,16,0.00,1,0,0,0,-1.0000,0.0,0,0.000,48.720,0.000,0.0,0.0,0.0,0,251733.1253,19682.6688
75.332,3045,3175,Running,16,0.00,1,0,0,0,-1.0000,0.0,0,0.000,48.960,0.000,0.0,0.0,0.0,0,241932.1209,19903.7218
75.348,3066,3190,Running,16,0.00,1,0,0,0,-1.0000,0.0,0,0.000,48.960,0.000,0.0,0.0,0.0,0,254350.4073,16025.4106
75.365,3086,3203,Running,16,0.00,1,0,0,0,-1.0000,0.0,0,0.000,48.960,0.000,0.0,0.0,0.0,0,226522.6853,19665.6584
75.382,3105,3215,Running,16,0.00,1,0,0,0,-1.0000,0.0,0,0.000,48.960,0.000,0.0,0.0,0.0,0,260792.4983,17282.2261
75.398,3123,3226,Running,16,0.00,1,0,0,0,-1.0000,0.0,0,0.000,48.960,0.000,0.0,0.0,0.0,0,214083.0974,18687.0605
75.415,3139,3234,Running,16,0.00,1,0,0,0,-1.0000,0.0,0,0.000,48.960,0.000,0.0,0.0,0.0,0,243726.6945,18687.0605
75.432,3155,3244,Running,16,0.00,1,0,0,0,-1.0000,0.0,0,0.000,48.960,0.000,0.0,0.0,0.0,0,231530.9228,19068.6190
75.448,3169,3252,Running,16,0.00,1,0,0,0,-1.0000,0.0,0,0.000,48.960,0.000,0.0,0.0,0.0,0,224365.3530,17743.0763
75.465,3182,3259,Running,16,0.00,1,0,0,0,-1.0000,0.0,0,0.000,48.960,0.000,0.0,0.0,0.0,0,248279.1308,17247.1559
75.482,3195,3267,Running,13,0.00,1,0,0,0,-1.0000,0.0,0,0.000,48.960,0.000,0.0,0.0,0.0,0,214307.8720,18200.7472
75.498,3206,3272,Running,12,0.00,1,0,0,0,-1.0000,0.0,0,0.000,48.960,0.000,0.0,0.0,0.0,0,225265.2007,17698.1507
75.515,3217,3276,Running,12,0.00,1,0,0,0,-1.0000,0.0,0,0.000,49.200,0.000,0.0,0.0,0.0,0,232646.4659,19118.1455
75.532,3226,3279,Running,11,0.00,1,0,0,0,-1.0000,0.0,0,0.000,49.200,0.000,0.0,0.0,0.0,0,190390.2445,19118.1455
75.548,3234,3278,Running,11,0.00,1,0,0,0,-1.0000,0.0,0,0.000,49.200,0.000,0.0,0.0,0.0,0,199234.9726,19436.4946
75.565,3241,3276,Running,11,0.00,1,0,0,0,-1.0000,0.0,0,0.000,49.200,0.000,0.0,0.0,0.0,0,201122.6061,17237.0476
75.582,3246,3273,Running,11,0.00,1,0,0,0,-1.0000,0.0,0,0.000,49.200,0.000,0.0,0.0,0.0,0,163492.3789,16368.9593
75.598,3250,3269,Running,11,0.00,1,0,0,0,-1.0000,0.0,0,0.000,49.200,0.000,0.0,0.0,0.0,0,174733.6970,17912.9604
75.615,3252,3264,Running,11,0.00,1,0,0,0,-1.0000,0.0,0,0.000,49.200,0.000,0.0,0.0,0.0,0,177239.5474,18247.3129
75.632,3254,3258,Running,11,0.00,1,0,0,0,-1.0000,0.0,0,0.000,49.200,0.000,0.0,0.0,0.0,0,146344.4944,17053.9830
75.649,3254,3251,Running,11,0.00,1,0,0,0,-1.0000,0.0,0,0.000,49.200,0.000,0.0,0.0,0.0,0,163241.3516,17085.1523
75.665,3253,3244,Running,11,0.00,1,0,0,0,-1.0000,0.0,0,0.000,49.200,0.000,0.0,0.0,0.0,0,155506.6277,17908.4487
75.682,3251,3236,Running,5,0.00,1,0,0,0,-1.0000,0.0,0,0.000,49.200,0.000,0.0,0.0,0.0,0,142371.9541,18520.3869
75.698,3248,3227,Running,5,0.00,1,0,0,0,-1.0000,0.0,0,0.000,49.200,0.000,0.0,0.0,0.0,0,151022.5038,18788.3618
75.715,3244,3216,Running,5,0.00,1,0,0,0,-1.0000,0.0,0,0.000,49.360,0.000,0.0,0.0,0.0,0,120198.3795,18998.9022
75.732,3238,3201,Running,5,0.00,1,0,0,0,-1.0000,0.0,0,0.000,49.360,0.000,0.0,0.0,0.0,0,114368.7181,17758.4723
75.748,3231,3186,Running,5,0.00,1,0,0,0,-1.0000,0.0,0,0.000,49.360,0.000,0.0,0.0,0.0,0,104609.4247,20275.3244
75.765,3223,3169,Running,5,0.00,1,0,0,0,-1.0000,0.0,0,0.000,49.360,0.000,0.0,0.0,0.0,0,84942.0668,18500.7062
75.782,3213,3152,Running,5,0.00,1,0,0,0,-1.0000,0.0,0,0.000,49.360,0.000,0.0,0.0,0.0,0,87206.2971,14468.2388
75.798,3202,3133,Running,5,0.00,1,0,0,0,-1.0000,0.0,0,0.000,49.360,0.000,0.0,0.0,0.0,0,71477.2618,14468.2388
75.815,3190,3113,Running,5,0.00,1,0,0,0,-1.0000,0.0,0,0.000,49.360,0.000,0.0,0.0,0.0,0,75134.8410,13166.3115
75.832,3177,3092,Running,5,0.00,1,0,0,0,-1.0000,0.0,0,0.000,49.360,0.000,0.0,0.0,0.0,0,60401.2737,11907.1514
75.848,3162,3071,Running,5,0.00,1,0,0,0,-1.0000,0.0,0,0.000,49.360,0.000,0.0,0.0,0.0,0,65634.3582,11898.6546
75.865,3146,3049,Running,5,0.00,1,0,0,0,-1.0000,0.0,0,0.000,49.360,0.000,0.0,0.0,0.0,0,53687.7086,11049.1955
75.882,3130,3027,Running,5,0.00,1,0,0,0,-1.0000,0.0,0,0.000,49.120,0.000,0.0,0.0,0.0,0,57222.5162,16775.2659
75.898,3112,3005,Running,5,0.00,1,0,0,0,-1.0000,0.0,0,0.000,49.040,0.000,0.0,0.0,0.0,0,58720.1334,15455.6198
75.915,3094,2983,Running,5,0.00,1,0,0,0,-1.0000,0.0,0,0.000,49.040,0.000,0.0,0.0,0.0,0,49039.2023,15455.6198
75.932,3075,2960,Running,5,0.00,1,0,0,0,-1.0000,0.0,0,0.000,49.040,0.000,0.0,0.0,0.0,0,53756.6226,19625.8395
75.948,3056,2937,Running,5,0.00,1,0,0,0,-1.0000,0.0,0,0.000,49.040,0.000,0.0,0.0,0.0,0,55708.6137,19421.6838
75.965,3036,2915,Running,5,0.00,1,0,0,0,-1.0000,0.0,0,0.000,49.040,0.000,0.0,0.0,0.0,0,49450.8624,20345.2432
75.982,3015,2892,Running,5,0.00,1,0,0,0,-1.0000,0.0,0,0.000,49.040,0.000,0.0,0.0,0.0,0,50047.5493,20127.8238
75.998,2994,2869,Running,5,0.00,1,0,0,0,-1.0000,0.0,0,0.000,49.040,0.000,0.0,0.0,0.0,0,52586.9321,20440.8408
76.015,2973,2847,Running,5,0.00,1,0,0,0,-1.0000,0.0,0,0.000,49.040,0.000,0.0,0.0,0.0,0,55032.6014,20413.7455
76.032,2952,2825,Running,5,0.00,1,0,0,0,-1.0000,0.0,0,0.000,49.040,0.000,0.0,0.0,0.0,0,51061.1504,20408.2602
76.048,2931,2802,Running,5,0.00,1,0,0,0,-1.0000,0.0,0,0.000,49.040,0.000,0.0,0.0,0.0,0,49343.6125,19948.6951
76.065,2909,2780,Running,5,0.00,1,0,0,0,-1.0000,0.0,0,0.000,49.040,0.000,0.0,0.0,0.0,0,49594.9335,20736.4306
76.082,2888,2759,Running,5,0.00,1,0,0,0,-1.0000,0.0,0,0.000,49.040,0.000,0.0,0.0,0.0,0,50142.9695,20378.3230
76.098,2866,2736,Running,5,0.00,1,0,0,0,-1.0000,0.0,0,0.000,49.040,0.000,0.0,0.0,0.0,0,50567.8475,19671.6775
76.115,2845,2715,Running,5,0.00,1,0,0,0,-1.0000,0.0,0,0.000,48.480,0.000,0.0,0.0,0.0,0,50981.5722,20220.5787
76.132,2823,2693,Running,5,0.00,1,0,0,0,-1.0000,0.0,0,0.000,48.480,0.000,0.0,0.0,0.0,0,51112.2995,20241.1932
76.148,2801,2673,Running,5,0.00,1,0,0,0,-1.0000,0.0,0,0.000,48.480,0.000,0.0,0.0,0.0,0,52881.0016,20241.1932
76.165,2780,2652,Running,5,0.00,1,0,0,0,-1.0000,0.0,0,0.000,48.480,0.000,0.0,0.0,0.0,0,51374.5223,20566.1786
76.182,2759,2631,Running,5,0.00,1,0,0,0,-1.0000,0.0,0,0.000,48.480,0.000,0.0,0.0,0.0,0,52636.0615,20308.2546
76.199,2737,2611,Running,5,0.00,1,0,0,0,-1.0000,0.0,0,0.000,48.480,0.000,0.0,0.0,0.0,0,53077.2203,20098.5275
76.215,2716,2590,Running,5,0.00,1,0,0,0,-1.0000,0.0,0,0.000,48.480,0.000,0.0,0.0,0.0,0,53433.4436,20724.6045
76.232,2695,2570,Running,5,0.00,1,0,0,0,-1.0000,0.0,0,0.000,48.480,0.000,0.0,0.0,0.0,0,52806.2610,20431.9514
76.248,2674,2550,Running,5,0.00,1,0,0,0,-1.0000,0.0,0,0.000,48.480,0.000,0.0,0.0,0.0,0,51143.5074,21166.4963
76.265,2654,2530,Running,5,0.00,1,0,0,0,-1.0000,0.0,0,0.000,48.480,0.000,0.0,0.0,0.0,0,47483.0247,21590.5301
76.282,2633,2510,Running,7,0.00,1,0,0,0,-1.0000,0.0,0,0.000,48.480,0.000,0.0,0.0,0.0,0,49606.4416,20409.2802
76.298,2613,2491,Running,7,0.00,1,0,0,0,-1.0000,0.0,0,0.000,47.840,0.000,0.0,0.0,0.0,0,53044.1754,20571.7080
76.315,2593,2473,Running,7,0.00,1,0,0,0,-1.0000,0.0,0,0.000,47.840,0.000,0.0,0.0,0.0,0,58105.5640,21214.9823
76.332,2573,2455,Running,7,0.00,1,0,0,0,-1.0000,0.0,0,0.000,47.840,0.000,0.0,0.0,0.0,0,52300.2666,20329.1328
76.348,2553,2438,Running,7,0.00,1,0,0,0,-1.0000,0.0,0,0.000,47.840,0.000,0.0,0.0,0.0,0,55205.1783,20892.5529
76.365,2534,2421,Running,7,0.00,1,0,0,0,-1.0000,0.0,0,0.000,47.840,0.000,0.0,0.0,0.0,0,61664.1459,20546.0282
76.382,2516,2405,Running,7,0.00,1,0,0,0,-1.0000,0.0,0,0.000,47.840,0.000,0.0,0.0,0.0,0,61787.9857,20877.3243
76.398,2497,2389,Running,7,0.00,1,0,0,0,-1.0000,0.0,0,0.000,47.840,0.000,0.0,0.0,0.0,0,55345.7311,21128.9281
76.415,2480,2374,Running,7,0.00,1,0,0,0,-1.0000,0.0,0,0.000,47.840,0.000,0.0,0.0,0.0,0,65740.6533,19359.2549
76.432,2462,2360,Running,7,0.00,1,0,0,0,-1.0000,0.0,0,0.000,47.840,0.000,0.0,0.0,0.0,0,64250.2689,21676.1287
76.448,2445,2345,Running,7,0.00,1,0,0,0,-1.0000,0.0,0,0.000,47.840,0.000,0.0,0.0,0.0,0,58338.2182,21425.4404
76.465,2429,2331,Running,7,0.00,1,0,0,0,-1.0000,0.0,0,0.000,47.840,0.000,0.0,0.0,0.0,0,68619.8953,22845.1392
76.482,2413,2317,Running,7,0.00,1,0,0,0,-1.0000,0.0,0,0.000,47.840,0.000,0.0,0.0,0.0,0,57048.6491,22154.4138
76.498,2397,2305,Running,7,0.00,1,0,0,0,-1.0000,0.0,0,0.000,47.120,0.000,0.0,0.0,0.0,0,69369.3295,22709.0785
76.515,2382,2292,Running,7,0.00,1,0,0,0,-1.0000,0.0,0,0.000,47.120,0.000,0.0,0.0,0.0,0,63292.4570,23856.2241
76.532,2367,2280,Running,7,0.00,1,0,0,0,-1.0000,0.0,0,0.000,47.120,0.000,0.0,0.0,0.0,0,66676.9612,19461.3118
76.537,2353,2268,Running,7,0.00,1,0,0,0,-1.0000,0.0,0,0.000,47.120,0.000,0.0,0.0,0.0,0,67211.8741,19461.3118
76.565,2339,2256,Running,7,0.00,1,0,0,0,-1.0000,0.0,0,0.000,47.120,0.000,0.0,0.0,0.0,0,65595.9178,22413.8457
76.582,2325,2246,Running,7,0.00,1,0,0,0,-1.0000,0.0,0,0.000,47.120,0.000,0.0,0.0,0.0,0,70104.8858,21515.9456
76.598,2312,2235,Running,7,0.00,1,0,0,0,-1.0000,0.0,0,0.000,46.800,0.000,0.0,0.0,0.0,0,66196.8655,20906.3974
76.615,2300,2225,Running,7,0.00,1,0,0,0,-1.0000,0.0,0,0.000,46.800,0.000,0.0,0.0,0.0,0,68521.8857,21775.3463
76.632,2287,2215,Running,7,0.00,1,0,0,0,-1.0000,0.0,0,0.000,46.800,0.000,0.0,0.0,0.0,0,69303.4731,20666.4424
76.648,2275,2205,Running,7,0.00,1,0,0,0,-1.0000,0.0,0,0.000,46.800,0.000,0.0,0.0,0.0,0,65649.9401,20337.1484
76.665,2264,2196,Running,7,0.00,1,0,0,0,-1.0000,0.0,0,0.000,46.800,0.000,0.0,0.0,0.0,0,73264.6919,20398.6068
76.682,2253,2186,Running,7,0.00,1,0,0,0,-1.0000,0.0,0,0.000,46.800,0.000,0.0,0.0,0.0,0,61990.6976,19276.7145
76.698,2242,2177,Running,7,0.00,1,0,0,0,-1.0000,0.0,0,0.000,46.800,0.000,0.0,0.0,0.0,0,77255.1428,20827.9931
76.715,2231,2168,Running,7,0.00,1,0,0,0,-1.0000,0.0,0,0.000,46.800,0.000,0.0,0.0,0.0,0,60790.5687,20827.9931
76.732,2221,2160,Running,7,0.00,1,0,0,0,-1.0000,0.0,0,0.000,46.800,0.000,0.0,0.0,0.0,0,76320.8433,20437.2651
76.748,2211,2152,Running,7,0.00,1,0,0,0,-1.0000,0.0,0,0.000,46.800,0.000,0.0,0.0,0.0,0,68074.9999,20910.1433
76.765,2201,2143,Running,8,0.00,1,0,0,0,-1.0000,0.0,0,0.000,46.800,0.000,0.0,0.0,0.0,0,64177.0277,21095.2250
76.782,2191,2136,Running,8,0.00,1,0,0,0,-1.0000,0.0,0,0.000,46.800,0.000,0.0,0.0,0.0,0,77833.7262,21174.7177
76.798,2182,2127,Running,8,0.00,1,0,0,0,-1.0000,0.0,0,0.000,46.800,0.000,0.0,0.0,0.0,0,60360.8960,19287.7446
76.815,2173,2119,Running,8,0.00,1,0,0,0,-1.0000,0.0,0,0.000,46.800,0.000,0.0,0.0,0.0,0,71057.5867,21076.2223
76.832,2164,2112,Running,8,0.00,1,0,0,0,-1.0000,0.0,0,0.000,46.800,0.000,0.0,0.0,0.0,0,72463.4863,21076.2223
76.848,2156,2104,Running,8,0.00,1,0,0,0,-1.0000,0.0,0,0.000,46.800,0.000,0.0,0.0,0.0,0,62669.2796,22015.9688
76.865,2147,2099,Running,8,0.00,1,0,0,0,-1.0000,0.0,0,0.000,46.800,0.000,0.0,0.0,0.0,0,76553.3718,21091.3212
76.882,2139,2092,Running,8,0.00,1,0,0,0,-1.0000,0.0,0,0.000,46.800,0.000,0.0,0.0,0.0,0,73399.3565,22314.0203
76.898,2131,2086,Running,8,0.00,1,0,0,0,-1.0000,0.0,0,0.000,46.800,0.000,0.0,0.0,0.0,0,63570.4724,22213.2392
76.915,2124,2081,Running,8,0.00,1,0,0,0,-1.0000,0.0,0,0.000,46.800,0.000,0.0,0.0,0.0,0,76625.4294,19954.4640
76.932,2117,2075,Running,8,0.00,1,0,0,0,-1.0000,0.0,0,0.000,46.800,0.000,0.0,0.0,0.0,0,74968.5466,21591.9114
76.948,2110,2069,Running,11,0.00,1,0,0,0,-1.0000,0.0,0,0.000,46.800,0.000,0.0,0.0,0.0,0,64364.7559,21591.9114
76.965,2103,2064,Running,12,0.00,1,0,0,0,-1.0000,0.0,0,0.000,46.800,0.000,0.0,0.0,0.0,0,70949.9485,21194.1368
76.982,2097,2062,Running,12,0.00,1,0,0,0,-1.0000,0.0,0,0.000,45.840,0.000,0.0,0.0,0.0,0,90162.8353,22276.3583
76.998,2091,2060,Running,12,0.00,1,0,0,0,-1.0000,0.0,0,0.000,45.840,0.000,0.0,0.0,0.0,0,76220.9642,23326.3819
77.015,2087,2061,Running,12,0.00,1,0,0,0,-1.0000,0.0,0,0.000,45.840,0.000,0.0,0.0,0.0,0,79985.7089,22400.8613
77.032,2083,2064,Running,12,0.00,1,0,0,0,-1.0000,0.0,0,0.000,45.840,0.000,0.0,0.0,0.0,0,98689.9697,23807.2581
77.048,2080,2067,Running,12,0.00,1,0,0,0,-1.0000,0.0,0,0.000,45.840,0.000,0.0,0.0,0.0,0,103835.7084,21933.6812
77.065,2079,2072,Running,12,0.00,1,0,0,0,-1.0000,0.0,0,0.000,45.840,0.000,0.0,0.0,0.0,0,87816.2929,20066.1145
77.082,2078,2079,Running,12,0.00,1,0,0,0,-1.0000,0.0,0,0.000,45.840,0.000,0.0,0.0,0.0,0,102859.6393,22626.9546
77.098,2079,2086,Running,12,0.00,1,0,0,0,-1.0000,0.0,0,0.000,45.840,0.000,0.0,0.0,0.0,0,124921.5637,22626.9546
77.115,2081,2095,Running,12,0.00,1,0,0,0,-1.0000,0.0,0,0.000,45.840,0.000,0.0,0.0,0.0,0,95261.4001,23360.8028
77.132,2083,2104,Running,12,0.00,1,0,0,0,-1.0000,0.0,0,0.000,45.840,0.000,0.0,0.0,0.0,0,109297.7350,22449.0831
77.148,2087,2113,Running,12,0.00,1,0,0,0,-1.0000,0.0,0,0.000,45.840,0.000,0.0,0.0,0.0,0,132729.6301,22962.9813
77.165,2092,2123,Running,12,0.00,1,0,0,0,-1.0000,0.0,0,0.000,45.840,0.000,0.0,0.0,0.0,0,100248.1088,22834.3204
77.182,2098,2135,Running,12,0.00,1,0,0,0,-1.0000,0.0,0,0.000,45.840,0.000,0.0,0.0,0.0,0,118894.9210,19928.9820
77.198,2104,2144,Running,12,0.00,1,0,0,0,-1.0000,0.0,0,0.000,45.840,0.000,0.0,0.0,0.0,0,131556.0565,22608.2881
77.215,2111,2156,Running,12,0.00,1,0,0,0,-1.0000,0.0,0,0.000,45.840,0.000,0.0,0.0,0.0,0,105604.5202,22608.2881
77.232,2119,2167,Running,12,0.00,1,0,0,0,-1.0000,0.0,0,0.000,45.840,0.000,0.0,0.0,0.0,0,139132.1994,22206.1772
77.248,2127,2179,Running,12,0.00,1,0,0,0,-1.0000,0.0,0,0.000,45.840,0.000,0.0,0.0,0.0,0,113755.9122,22572.8632
77.265,2136,2192,Running,12,0.00,1,0,0,0,-1.0000,0.0,0,0.000,45.840,0.000,0.0,0.0,0.0,0,125658.6180,22236.9618
77.282,2146,2202,Running,12,0.00,1,0,0,0,-1.0000,0.0,0,0.000,45.840,0.000,0.0,0.0,0.0,0,133411.3707,22745.6010
77.298,2155,2216,Running,12,0.00,1,0,0,0,-1.0000,0.0,0,0.000,45.200,0.000,0.0,0.0,0.0,0,117781.2151,20046.4465
77.315,2166,2226,Running,12,0.00,1,0,0,0,-1.0000,0.0,0,0.000,45.200,0.000,0.0,0.0,0.0,0,141777.5469,22798.3077
77.332,2176,2239,Running,12,0.00,1,0,0,0,-1.0000,0.0,0,0.000,45.200,0.000,0.0,0.0,0.0,0,112993.7025,22798.3077
77.348,2186,2249,Running,12,0.00,1,0,0,0,-1.0000,0.0,0,0.000,45.200,0.000,0.0,0.0,0.0,0,145143.7975,22296.6164
77.365,2197,2260,Running,12,0.00,1,0,0,0,-1.0000,0.0,0,0.000,45.200,0.000,0.0,0.0,0.0,0,111828.6161,22732.5582
77.382,2207,2269,Running,12,0.00,1,0,0,0,-1.0000,0.0,0,0.000,45.200,0.000,0.0,0.0,0.0,0,142023.0873,22602.5014
77.398,2218,2281,Running,12,0.00,1,0,0,0,-1.0000,0.0,0,0.000,45.200,0.000,0.0,0.0,0.0,0,117372.2437,22631.5072
77.415,2228,2290,Running,12,0.00,1,0,0,0,-1.0000,0.0,0,0.000,45.200,0.000,0.0,0.0,0.0,0,137715.7152,22553.8485
77.432,2239,2301,Running,12,0.00,1,0,0,0,-1.0000,0.0,0,0.000,45.200,0.000,0.0,0.0,0.0,0,126337.1297,22934.1794
77.448,2249,2310,Running,12,0.00,1,0,0,0,-1.0000,0.0,0,0.000,45.200,0.000,0.0,0.0,0.0,0,125493.6608,19886.3716
77.454,2259,2319,Running,12,0.00,1,0,0,0,-1.0000,0.0,0,0.000,45.200,0.000,0.0,0.0,0.0,0,143963.0859,22240.2326
77.454,2269,2328,Running,12,0.00,1,0,0,0,-1.0000,0.0,0,0.000,45.200,0.000,0.0,0.0,0.0,0,111861.6461,22240.2326
77.498,2279,2337,Running,11,0.00,1,0,0,0,-1.0000,0.0,0,0.000,44.720,0.000,0.0,0.0,0.0,0,147213.2688,22053.0978
77.515,2289,2347,Running,11,0.00,1,0,0,0,-1.0000,0.0,0,0.000,44.720,0.000,0.0,0.0,0.0,0,116869.5325,22405.9856
77.532,2298,2354,Running,11,0.00,1,0,0,0,-1.0000,0.0,0,0.000,44.720,0.000,0.0,0.0,0.0,0,129386.8773,22515.0447
77.548,2307,2362,Running,11,0.00,1,0,0,0,-1.0000,0.0,0,0.000,44.720,0.000,0.0,0.0,0.0,0,143851.9925,22727.4715
77.565,2316,2370,Running,11,0.00,1,0,0,0,-1.0000,0.0,0,0.000,44.720,0.000,0.0,0.0,0.0,0,109030.6047,19103.9644
77.582,2325,2375,Running,11,0.00,1,0,0,0,-1.0000,0.0,0,0.000,44.720,0.000,0.0,0.0,0.0,0,133096.3676,22043.4971
77.598,2333,2382,Running,11,0.00,1,0,0,0,-1.0000,0.0,0,0.000,44.720,0.000,0.0,0.0,0.0,0,131951.0967,22043.4971
77.615,2341,2388,Running,8,0.00,1,0,0,0,-1.0000,0.0,0,0.000,44.720,0.000,0.0,0.0,0.0,0,109901.6037,22133.6311
77.632,2349,2393,Running,8,0.00,1,0,0,0,-1.0000,0.0,0,0.000,44.720,0.000,0.0,0.0,0.0,0,131980.5902,21401.3593
77.648,2356,2396,Running,8,0.00,1,0,0,0,-1.0000,0.0,0,0.000,44.720,0.000,0.0,0.0,0.0,0,122167.8036,21660.1798
77.665,2362,2398,Running,8,0.00,1,0,0,0,-1.0000,0.0,0,0.000,44.720,0.000,0.0,0.0,0.0,0,100351.3821,22109.2172
77.682,2368,2398,Running,8,0.00,1,0,0,0,-1.0000,0.0,0,0.000,44.720,0.000,0.0,0.0,0.0,0,115534.7573,19322.0421
77.698,2372,2397,Running,8,0.00,1,0,0,0,-1.0000,0.0,0,0.000,44.720,0.000,0.0,0.0,0.0,0,111378.8215,21999.1208
77.715,2376,2395,Running,8,0.00,1,0,0,0,-1.0000,0.0,0,0.000,44.720,0.000,0.0,0.0,0.0,0,86731.9563,19124.9848
77.732,2379,2392,Running,5,0.00,1,0,0,0,-1.0000,0.0,0,0.000,44.720,0.000,0.0,0.0,0.0,0,101305.8049,21028.0525
77.748,2380,2389,Running,5,0.00,1,0,0,0,-1.0000,0.0,0,0.000,44.720,0.000,0.0,0.0,0.0,0,101578.5964,21028.0525
77.765,2381,2384,Running,5,0.00,1,0,0,0,-1.0000,0.0,0,0.000,44.720,0.000,0.0,0.0,0.0,0,75608.5171,21469.4095
77.782,2381,2377,Running,5,0.00,1,0,0,0,-1.0000,0.0,0,0.000,44.720,0.000,0.0,0.0,0.0,0,87402.3954,20188.8404
77.798,2380,2370,Running,5,0.00,1,0,0,0,-1.0000,0.0,0,0.000,44.720,0.000,0.0,0.0,0.0,0,84987.9113,20503.9573
77.815,2378,2361,Running,5,0.00,1,0,0,0,-1.0000,0.0,0,0.000,44.720,0.000,0.0,0.0,0.0,0,62318.6399,20981.1870
77.832,2374,2351,Running,5,0.00,1,0,0,0,-1.0000,0.0,0,0.000,44.720,0.000,0.0,0.0,0.0,0,75837.5871,19041.8321
77.848,2370,2341,Running,5,0.00,1,0,0,0,-1.0000,0.0,0,0.000,44.720,0.000,0.0,0.0,0.0,0,67360.4729,20325.0836
77.865,2365,2331,Running,5,0.00,1,0,0,0,-1.0000,0.0,0,0.000,44.720,0.000,0.0,0.0,0.0,0,58969.8401,20061.1298
77.882,2359,2320,Running,3,0.00,1,0,0,0,-1.0000,0.0,0,0.000,44.720,0.000,0.0,0.0,0.0,0,68912.1374,20393.3572
77.898,2352,2308,Running,3,0.00,1,0,0,0,-1.0000,0.0,0,0.000,44.720,0.000,0.0,0.0,0.0,0,52814.4248,20473.1949
77.915,2344,2295,Running,3,0.00,1,0,0,0,-1.0000,0.0,0,0.000,43.840,0.000,0.0,0.0,0.0,0,59238.8739,20963.3469
77.932,2336,2282,Running,3,0.00,1,0,0,0,-1.0000,0.0,0,0.000,43.840,0.000,0.0,0.0,0.0,0,52890.4278,21033.7172
77.948,2326,2268,Running,3,0.00,1,0,0,0,-1.0000,0.0,0,0.000,43.840,0.000,0.0,0.0,0.0,0,47395.5081,18363.7454
77.965,2316,2253,Running,3,0.00,1,0,0,0,-1.0000,0.0,0,0.000,43.840,0.000,0.0,0.0,0.0,0,48358.5215,18363.7454
77.982,2305,2237,Running,3,0.00,1,0,0,0,-1.0000,0.0,0,0.000,43.840,0.000,0.0,0.0,0.0,0,40416.2061,20981.7913
77.998,2293,2221,Running,3,0.00,1,0,0,0,-1.0000,0.0,0,0.000,43.840,0.000,0.0,0.0,0.0,0,44313.5895,17977.3571
78.015,2281,2205,Running,3,0.00,1,0,0,0,-1.0000,0.0,0,0.000,43.840,0.000,0.0,0.0,0.0,0,37686.6299,16674.8877
78.032,2268,2188,Running,3,0.00,1,0,0,0,-1.0000,0.0,0,0.000,43.840,0.000,0.0,0.0,0.0,0,40454.4369,18693.2830
78.048,2254,2171,Running,3,0.00,1,0,0,0,-1.0000,0.0,0,0.000,43.840,0.000,0.0,0.0,0.0,0,36761.7091,18314.2011
78.065,2240,2154,Running,3,0.00,1,0,0,0,-1.0000,0.0,0,0.000,43.840,0.000,0.0,0.0,0.0,0,34752.7332,17475.1333
78.082,2225,2137,Running,3,0.00,1,0,0,0,-1.0000,0.0,0,0.000,43.840,0.000,0.0,0.0,0.0,0,41341.9608,19028.0975
78.098,2210,2120,Running,3,0.00,1,0,0,0,-1.0000,0.0,0,0.000,43.840,0.000,0.0,0.0,0.0,0,31074.6090,16547.2080
78.115,2195,2102,Running,3,0.00,1,0,0,0,-1.0000,0.0,0,0.000,43.840,0.000,0.0,0.0,0.0,0,34839.5729,18533.8420
78.132,2179,2084,Running,3,0.00,1,0,0,0,-1.0000,0.0,0,0.000,43.840,0.000,0.0,0.0,0.0,0,35971.4561,19216.0371
78.148,2163,2066,Running,3,0.00,1,0,0,0,-1.0000,0.0,0,0.000,43.840,0.000,0.0,0.0,0.0,0,28205.8900,18908.5205
78.165,2147,2048,Running,3,0.00,1,0,0,0,-1.0000,0.0,0,0.000,43.840,0.000,0.0,0.0,0.0,0,31796.9169,19091.5390
78.182,2130,2031,Running,3,0.00,1,0,0,0,-1.0000,0.0,0,0.000,43.840,0.000,0.0,0.0,0.0,0,37783.0960,18309.2351
78.198,2113,2013,Running,3,0.00,1,0,0,0,-1.0000,0.0,0,0.000,43.840,0.000,0.0,0.0,0.0,0,30922.0288,19519.2700
78.215,2097,1996,Running,3,0.00,1,0,0,0,-1.0000,0.0,0,0.000,42.720,0.000,0.0,0.0,0.0,0,29046.8898,17448.5496
78.232,2080,1978,Running,3,0.00,1,0,0,0,-1.0000,0.0,0,0.000,42.720,0.000,0.0,0.0,0.0,0,31751.8176,19704.5066
78.248,2063,1961,Running,3,0.00,1,0,0,0,-1.0000,0.0,0,0.000,42.720,0.000,0.0,0.0,0.0,0,35302.2728,19704.5066
78.265,2046,1944,Running,3,0.00,1,0,0,0,-1.0000,0.0,0,0.000,42.720,0.000,0.0,0.0,0.0,0,33078.9661,19497.0934
78.282,2029,1928,Running,3,0.00,1,0,0,0,-1.0000,0.0,0,0.000,42.720,0.000,0.0,0.0,0.0,0,30985.2245,19612.0588
78.298,2012,1912,Running,3,0.00,1,0,0,0,-1.0000,0.0,0,0.000,42.720,0.000,0.0,0.0,0.0,0,29992.9319,19439.5795
78.315,1995,1896,Running,3,0.00,1,0,0,0,-1.0000,0.0,0,0.000,42.720,0.000,0.0,0.0,0.0,0,32734.0825,20795.1177
78.332,1979,1880,Running,3,0.00,1,0,0,0,-1.0000,0.0,0,0.000,42.720,0.000,0.0,0.0,0.0,0,31637.4573,20653.3315
78.348,1962,1863,Running,3,0.00,1,0,0,0,-1.0000,0.0,0,0.000,42.160,0.000,0.0,0.0,0.0,0,30185.7412,19411.4288
78.365,1946,1848,Running,3,0.00,1,0,0,0,-1.0000,0.0,0,0.000,42.160,0.000,0.0,0.0,0.0,0,31389.1769,17134.7876
78.382,1930,1832,Running,3,0.00,1,0,0,0,-1.0000,0.0,0,0.000,42.160,0.000,0.0,0.0,0.0,0,33146.4701,19258.1999
78.398,1913,1816,Running,3,0.00,1,0,0,0,-1.0000,0.0,0,0.000,42.160,0.000,0.0,0.0,0.0,0,30707.4939,19258.1999
78.415,1897,1802,Running,3,0.00,1,0,0,0,-1.0000,0.0,0,0.000,42.160,0.000,0.0,0.0,0.0,0,32769.2762,17517.4804
78.432,1881,1787,Running,3,0.00,1,0,0,0,-1.0000,0.0,0,0.000,42.160,0.000,0.0,0.0,0.0,0,30940.1604,17764.8941
78.448,1866,1773,Running,3,0.00,1,0,0,0,-1.0000,0.0,0,0.000,42.160,0.000,0.0,0.0,0.0,0,32565.3496,13506.5599
78.465,1850,1759,Running,3,0.00,1,0,0,0,-1.0000,0.0,0,0.000,42.160,0.000,0.0,0.0,0.0,0,32413.9872,13860.4632
78.482,1835,1745,Running,3,0.00,1,0,0,0,-1.0000,0.0,0,0.000,42.160,0.000,0.0,0.0,0.0,0,31663.0588,12629.6911
78.498,1820,1732,Running,3,0.00,1,0,0,0,-1.0000,0.0,0,0.000,42.160,0.000,0.0,0.0,0.0,0,32616.6581,11241.2709
78.515,1806,1718,Running,3,0.00,1,0,0,0,-1.0000,0.0,0,0.000,42.160,0.000,0.0,0.0,0.0,0,32296.7344,11241.2709
78.532,1791,1705,Running,3,0.00,1,0,0,0,-1.0000,0.0,0,0.000,41.040,0.000,0.0,0.0,0.0,0,33046.6830,9518.4215
78.548,1777,1692,Running,3,0.00,1,0,0,0,-1.0000,0.0,0,0.000,41.040,0.000,0.0,0.0,0.0,0,32967.8690,9391.6665
78.565,1763,1679,Running,3,0.00,1,0,0,0,-1.0000,0.0,0,0.000,41.040,0.000,0.0,0.0,0.0,0,33697.6591,8275.5791
78.582,1749,1666,Running,3,0.00,1,0,0,0,-1.0000,0.0,0,0.000,41.040,0.000,0.0,0.0,0.0,0,33394.7676,7206.0218
78.598,1735,1653,Running,3,0.00,1,0,0,0,-1.0000,0.0,0,0.000,41.040,0.000,0.0,0.0,0.0,0,30941.4479,10426.0954
78.615,1722,1641,Running,3,0.00,1,0,0,0,-1.0000,0.0,0,0.000,41.040,0.000,0.0,0.0,0.0,0,28602.9208,7354.6700
78.632,1708,1628,Running,3,0.00,1,0,0,0,-1.0000,0.0,0,0.000,41.040,0.000,0.0,0.0,0.0,0,31139.1872,7354.6700
78.648,1695,1616,Running,3,0.00,1,0,0,0,-1.0000,0.0,0,0.000,41.040,0.000,0.0,0.0,0.0,0,31828.6223,5867.2699
78.665,1682,1604,Running,3,0.00,1,0,0,0,-1.0000,0.0,0,0.000,41.040,0.000,0.0,0.0,0.0,0,32295.9104,5710.3808
78.682,1669,1592,Running,3,0.00,1,0,0,0,-1.0000,0.0,0,0.000,41.040,0.000,0.0,0.0,0.0,0,31778.3994,6468.5005
78.698,1656,1581,Running,6,0.00,1,0,0,0,-1.0000,0.0,0,0.000,41.040,0.000,0.0,0.0,0.0,0,27796.8941,5574.5290
78.715,1644,1571,Running,6,0.00,1,0,0,0,-1.0000,0.0,0,0.000,41.040,0.000,0.0,0.0,0.0,0,33852.7267,5084.7443
78.732,1632,1561,Running,6,0.00,1,0,0,0,-1.0000,0.0,0,0.000,41.040,0.000,0.0,0.0,0.0,0,35188.0331,5411.4555
78.748,1620,1552,Running,6,0.00,1,0,0,0,-1.0000,0.0,0,0.000,41.040,0.000,0.0,0.0,0.0,0,35066.5250,7808.0051
78.765,1609,1542,Running,6,0.00,1,0,0,0,-1.0000,0.0,0,0.000,41.040,0.000,0.0,0.0,0.0,0,29695.9696,5309.7713
78.782,1598,1535,Running,6,0.00,1,0,0,0,-1.0000,0.0,0,0.000,41.040,0.000,0.0,0.0,0.0,0,40630.9455,7065.7095
78.798,1588,1528,Running,6,0.00,1,0,0,0,-1.0000,0.0,0,0.000,41.040,0.000,0.0,0.0,0.0,0,40419.1984,6344.8654
78.815,1578,1520,Running,6,0.00,1,0,0,0,-1.0000,0.0,0,0.000,41.040,0.000,0.0,0.0,0.0,0,31627.0491,6565.7330
78.832,1569,1515,Running,6,0.00,1,0,0,0,-1.0000,0.0,0,0.000,41.040,0.000,0.0,0.0,0.0,0,42331.0315,6312.6711
78.848,1560,1510,Running,6,0.00,1,0,0,0,-1.0000,0.0,0,0.000,41.040,0.000,0.0,0.0,0.0,0,44888.5591,7202.1886
78.865,1552,1506,Running,6,0.00,1,0,0,0,-1.0000,0.0,0,0.000,41.040,0.000,0.0,0.0,0.0,0,34753.7822,9946.9548
78.882,1545,1502,Running,6,0.00,1,0,0,0,-1.0000,0.0,0,0.000,41.040,0.000,0.0,0.0,0.0,0,45666.7846,8228.7398
78.898,1538,1500,Running,9,0.00,1,0,0,0,-1.0000,0.0,0,0.000,41.040,0.000,0.0,0.0,0.0,0,48846.6114,8228.7398
78.915,1532,1497,Running,9,0.00,1,0,0,0,-1.0000,0.0,0,0.000,39.280,0.000,0.0,0.0,0.0,0,36158.3500,9174.3053
78.932,1526,1494,Running,10,0.00,1,0,0,0,-1.0000,0.0,0,0.000,39.280,0.000,0.0,0.0,0.0,0,47216.7234,11351.9071
78.948,1521,1495,Running,10,0.00,1,0,0,0,-1.0000,0.0,0,0.000,39.280,0.000,0.0,0.0,0.0,0,56590.2915,11028.1649
78.965,1517,1496,Running,10,0.00,1,0,0,0,-1.0000,0.0,0,0.000,39.280,0.000,0.0,0.0,0.0,0,38874.9429,9357.9807
78.982,1514,1500,Running,10,0.00,1,0,0,0,-1.0000,0.0,0,0.000,39.280,0.000,0.0,0.0,0.0,0,60331.8223,18870.3547
78.998,1513,1506,Running,10,0.00,1,0,0,0,-1.0000,0.0,0,0.000,39.280,0.000,0.0,0.0,0.0,0,66713.3374,15467.6004
79.015,1512,1511,Running,10,0.00,1,0,0,0,-1.0000,0.0,0,0.000,39.280,0.000,0.0,0.0,0.0,0,45248.0921,15467.6004
79.032,1512,1518,Running,10,0.00,1,0,0,0,-1.0000,0.0,0,0.000,39.280,0.000,0.0,0.0,0.0,0,66099.9743,19482.6003
79.048,1514,1527,Running,10,0.00,1,0,0,0,-1.0000,0.0,0,0.000,39.280,0.000,0.0,0.0,0.0,0,77398.2521,18694.9225
79.065,1517,1537,Running,10,0.00,1,0,0,0,-1.0000,0.0,0,0.000,39.280,0.000,0.0,0.0,0.0,0,51968.3557,18536.4228
79.082,1521,1547,Running,12,0.00,1,0,0,0,-1.0000,0.0,0,0.000,39.280,0.000,0.0,0.0,0.0,0,68309.8716,20652.8257
79.098,1526,1558,Running,13,0.00,1,0,0,0,-1.0000,0.0,0,0.000,39.280,0.000,0.0,0.0,0.0,0,84570.1530,16398.9007
79.115,1531,1571,Running,13,0.00,1,0,0,0,-1.0000,0.0,0,0.000,38.640,0.000,0.0,0.0,0.0,0,72501.2681,19219.2425
79.132,1539,1586,Running,14,0.00,1,0,0,0,-1.0000,0.0,0,0.000,38.640,0.000,0.0,0.0,0.0,0,66583.7768,19107.4741
79.148,1547,1604,Running,14,0.00,1,0,0,0,-1.0000,0.0,0,0.000,38.640,0.000,0.0,0.0,0.0,0,87217.1782,21783.1374
79.165,1558,1624,Running,14,0.00,1,0,0,0,-1.0000,0.0,0,0.000,38.640,0.000,0.0,0.0,0.0,0,100550.3001,21783.1374
79.182,1570,1645,Running,14,0.00,1,0,0,0,-1.0000,0.0,0,0.000,38.560,0.000,0.0,0.0,0.0,0,103626.4161,22102.0575
79.198,1583,1669,Running,14,0.00,1,0,0,0,-1.0000,0.0,0,0.000,38.560,0.000,0.0,0.0,0.0,0,83481.0823,21054.8480
79.215,1598,1694,Running,14,0.00,1,0,0,0,-1.0000,0.0,0,0.000,38.560,0.000,0.0,0.0,0.0,0,94667.8757,20663.1518
79.232,1615,1719,Running,15,0.00,1,0,0,0,-1.0000,0.0,0,0.000,38.560,0.000,0.0,0.0,0.0,0,105438.0276,23359.8876
79.248,1633,1746,Running,15,0.00,1,0,0,0,-1.0000,0.0,0,0.000,38.560,0.000,0.0,0.0,0.0,0,112435.9726,22667.4437
79.265,1652,1774,Running,15,0.00,1,0,0,0,-1.0000,0.0,0,0.000,38.560,0.000,0.0,0.0,0.0,0,118635.8391,21348.9139
79.282,1673,1802,Running,15,0.00,1,0,0,0,-1.0000,0.0,0,0.000,38.560,0.000,0.0,0.0,0.0,0,121692.7700,21348.9139
79.298,1695,1832,Running,15,0.00,1,0,0,0,-1.0000,0.0,0,0.000,38.560,0.000,0.0,0.0,0.0,0,126372.6997,22695.3982
79.315,1719,1863,Running,15,0.00,1,0,0,0,-1.0000,0.0,0,0.000,38.560,0.000,0.0,0.0,0.0,0,128711.5393,22081.9955
79.332,1743,1895,Running,15,0.00,1,0,0,0,-1.0000,0.0,0,0.000,38.560,0.000,0.0,0.0,0.0,0,134437.5487,20995.5107
79.348,1769,1927,Running,15,0.00,1,0,0,0,-1.0000,0.0,0,0.000,38.560,0.000,0.0,0.0,0.0,0,142816.6665,22120.1154
79.365,1796,1958,Running,15,0.00,1,0,0,0,-1.0000,0.0,0,0.000,38.560,0.000,0.0,0.0,0.0,0,155328.4442,21878.8830
79.382,1823,1988,Running,15,0.00,1,0,0,0,-1.0000,0.0,0,0.000,38.560,0.000,0.0,0.0,0.0,0,158564.3921,22603.8068
79.398,1851,2018,Running,15,0.00,1,0,0,0,-1.0000,0.0,0,0.000,38.560,0.000,0.0,0.0,0.0,0,130325.6447,22007.0151
79.415,1879,2051,Running,16,0.00,1,0,0,0,-1.0000,0.0,0,0.000,38.560,0.000,0.0,0.0,0.0,0,142372.5144,22126.6852
79.432,1908,2082,Running,16,0.00,1,0,0,0,-1.0000,0.0,0,0.000,38.560,0.000,0.0,0.0,0.0,0,168760.9148,22655.7835
79.448,1937,2111,Running,16,0.00,1,0,0,0,-1.0000,0.0,0,0.000,38.560,0.000,0.0,0.0,0.0,0,164310.7937,22714.3420
79.465,1967,2144,Running,16,0.00,1,0,0,0,-1.0000,0.0,0,0.000,38.560,0.000,0.0,0.0,0.0,0,146282.1223,22452.1787
79.482,1996,2175,Running,16,0.00,1,0,0,0,-1.0000,0.0,0,0.000,38.560,0.000,0.0,0.0,0.0,0,193281.3813,22515.3899
79.498,2026,2207,Running,16,0.00,1,0,0,0,-1.0000,0.0,0,0.000,38.560,0.000,0.0,0.0,0.0,0,151055.8767,22320.1158
79.515,2057,2240,Running,16,0.00,1,0,0,0,-1.0000,0.0,0,0.000,38.560,0.000,0.0,0.0,0.0,0,185366.9720,19381.1946
79.532,2087,2271,Running,16,0.00,1,0,0,0,-1.0000,0.0,0,0.000,38.560,0.000,0.0,0.0,0.0,0,171181.6075,22551.3915
79.548,2118,2302,Running,16,0.00,1,0,0,0,-1.0000,0.0,0,0.000,38.560,0.000,0.0,0.0,0.0,0,195610.4029,20698.8952
79.565,2149,2333,Running,16,0.00,1,0,0,0,-1.0000,0.0,0,0.000,38.560,0.000,0.0,0.0,0.0,0,166538.4579,22794.0745
79.582,2179,2361,Running,16,0.00,1,0,0,0,-1.0000,0.0,0,0.000,38.560,0.000,0.0,0.0,0.0,0,211552.2686,22475.0063
79.598,2210,2392,Running,17,0.00,1,0,0,0,-1.0000,0.0,0,0.000,38.560,0.000,0.0,0.0,0.0,0,168951.2735,22798.7002
79.615,2240,2420,Running,18,0.00,1,0,0,0,-1.0000,0.0,0,0.000,38.240,0.000,0.0,0.0,0.0,0,190653.3306,22753.7832
79.632,2270,2448,Running,18,0.00,1,0,0,0,-1.0000,0.0,0,0.000,38.240,0.000,0.0,0.0,0.0,0,215240.5543,21264.3216
79.648,2300,2477,Running,18,0.00,1,0,0,0,-1.0000,0.0,0,0.000,38.240,0.000,0.0,0.0,0.0,0,190454.0996,22074.2481
79.665,2329,2507,Running,18,0.00,1,0,0,0,-1.0000,0.0,0,0.000,38.240,0.000,0.0,0.0,0.0,0,189732.5717,19831.5876
79.682,2359,2535,Running,18,0.00,1,0,0,0,-1.0000,0.0,0,0.000,38.240,0.000,0.0,0.0,0.0,0,207603.6980,21951.2628
79.698,2388,2562,Running,18,0.00,1,0,0,0,-1.0000,0.0,0,0.000,38.240,0.000,0.0,0.0,0.0,0,217692.4216,23258.7767
79.715,2417,2589,Running,18,0.00,1,0,0,0,-1.0000,0.0,0,0.000,38.240,0.000,0.0,0.0,0.0,0,221841.3670,22307.5796
79.732,2446,2617,Running,18,0.00,1,0,0,0,-1.0000,0.0,0,0.000,38.240,0.000,0.0,0.0,0.0,0,224848.7614,22633.7897
79.748,2474,2644,Running,18,0.00,1,0,0,0,-1.0000,0.0,0,0.000,38.240,0.000,0.0,0.0,0.0,0,212475.2880,23393.7066
79.765,2502,2670,Running,18,0.00,1,0,0,0,-1.0000,0.0,0,0.000,38.240,0.000,0.0,0.0,0.0,0,214686.8365,21931.1653
79.782,2530,2696,Running,19,0.00,1,0,0,0,-1.0000,0.0,0,0.000,38.240,0.000,0.0,0.0,0.0,0,219983.1185,21496.4879
79.798,2558,2722,Running,19,0.00,1,0,0,0,-1.0000,0.0,0,0.000,38.320,0.000,0.0,0.0,0.0,0,225476.2270,22280.9390
79.815,2585,2747,Running,19,0.00,1,0,0,0,-1.0000,0.0,0,0.000,38.400,0.000,0.0,0.0,0.0,0,232257.4124,22280.9390
79.832,2612,2773,Running,19,0.00,1,0,0,0,-1.0000,0.0,0,0.000,38.400,0.000,0.0,0.0,0.0,0,236375.4519,21643.6799
79.848,2639,2799,Running,19,0.00,1,0,0,0,-1.0000,0.0,0,0.000,38.400,0.000,0.0,0.0,0.0,0,226858.7392,22066.3469
79.865,2666,2826,Running,19,0.00,1,0,0,0,-1.0000,0.0,0,0.000,38.400,0.000,0.0,0.0,0.0,0,228318.2879,22488.3503
79.882,2693,2855,Running,19,0.00,1,0,0,0,-1.0000,0.0,0,0.000,38.400,0.000,0.0,0.0,0.0,0,231840.7565,22202.4284
79.898,2720,2883,Running,19,0.00,1,0,0,0,-1.0000,0.0,0,0.000,38.400,0.000,0.0,0.0,0.0,0,240077.8094,21574.1787
79.915,2747,2910,Running,19,0.00,1,0,0,0,-1.0000,0.0,0,0.000,38.400,0.000,0.0,0.0,0.0,0,255256.4351,20941.1399
79.932,2774,2937,Running,19,0.00,1,0,0,0,-1.0000,0.0,0,0.000,38.400,0.000,0.0,0.0,0.0,0,259948.4191,20941.1399
79.948,2802,2966,Running,19,0.00,1,0,0,0,-1.0000,0.0,0,0.000,38.400,0.000,0.0,0.0,0.0,0,230885.5238,19962.5416
79.965,2829,2995,Running,19,0.00,1,0,0,0,-1.0000,0.0,0,0.000,38.400,0.000,0.0,0.0,0.0,0,249602.8430,22194.6923
79.982,2857,3022,Running,19,0.00,1,0,0,0,-1.0000,0.0,0,0.000,38.400,0.000,0.0,0.0,0.0,0,277886.2040,17192.5731
79.998,2884,3051,Running,21,0.00,1,0,0,0,-1.0000,0.0,0,0.000,38.400,0.000,0.0,0.0,0.0,0,232958.0419,19791.2427
80.015,2912,3082,Running,21,0.00,1,0,0,0,-1.0000,0.0,0,0.000,38.560,0.000,0.0,0.0,0.0,0,265971.4576,21517.8891
80.032,2941,3113,Running,21,0.00,1,0,0,0,-1.0000,0.0,0,0.000,38.560,0.000,0.0,0.0,0.0,0,265706.4788,17882.1440
80.048,2970,3149,Running,21,0.00,1,0,0,0,-1.0000,0.0,0,0.000,38.560,0.000,0.0,0.0,0.0,0,266580.1149,17882.1440
80.065,3001,3183,Running,21,0.00,1,0,0,0,-1.0000,0.0,0,0.000,38.560,0.000,0.0,0.0,0.0,0,279926.7936,19263.6785
80.082,3032,3221,Running,21,0.00,1,0,0,0,-1.0000,0.0,0,0.000,38.560,0.000,0.0,0.0,0.0,0,282722.3909,19069.9640
80.098,3064,3258,Running,21,0.00,1,0,0,0,-1.0000,0.0,0,0.000,38.560,0.000,0.0,0.0,0.0,0,276988.3920,17519.8877
80.115,3096,3295,Running,21,0.00,1,0,0,0,-1.0000,0.0,0,0.000,38.560,0.000,0.0,0.0,0.0,0,309131.5077,19846.4485
80.132,3130,3335,Running,21,0.00,1,0,0,0,-1.0000,0.0,0,0.000,38.560,0.000,0.0,0.0,0.0,0,276160.3415,16843.4852
80.148,3165,3374,Running,21,0.00,1,0,0,0,-1.0000,0.0,0,0.000,38.560,0.000,0.0,0.0,0.0,0,290315.8667,18516.5128
80.165,3200,3414,Running,21,0.00,1,0,0,0,-1.0000,0.0,0,0.000,38.560,0.000,0.0,0.0,0.0,0,310010.1853,18713.3282
80.182,3236,3454,Running,21,0.00,1,0,0,0,-1.0000,0.0,0,0.000,38.800,0.000,0.0,0.0,0.0,0,314787.1532,17702.9533
80.198,3273,3494,Running,21,0.00,1,0,0,0,-1.0000,0.0,0,0.000,38.800,0.000,0.0,0.0,0.0,0,307331.4681,17702.9533
80.215,3310,3535,Running,21,0.00,1,0,0,0,-1.0000,0.0,0,0.000,38.800,0.000,0.0,0.0,0.0,0,305232.4267,16949.2140
80.232,3348,3575,Running,21,0.00,1,0,0,0,-1.0000,0.0,0,0.000,38.800,0.000,0.0,0.0,0.0,0,311109.5308,19613.1810
80.248,3386,3615,Running,21,0.00,1,0,0,0,-1.0000,0.0,0,0.000,38.800,0.000,0.0,0.0,0.0,0,316576.3577,18197.6674
80.265,3424,3655,Running,21,0.00,1,0,0,0,-1.0000,0.0,0,0.000,38.800,0.000,0.0,0.0,0.0,0,321951.2617,17996.5088
80.282,3463,3694,Running,23,0.00,1,0,0,0,-1.0000,0.0,0,0.000,38.800,0.000,0.0,0.0,0.0,0,328664.0023,19202.0454
80.298,3502,3734,Running,23,0.00,1,0,0,0,-1.0000,0.0,0,0.000,38.800,0.000,0.0,0.0,0.0,0,326788.9387,18184.7965
80.315,3541,3779,Running,24,0.00,1,0,0,0,-1.0000,0.0,0,0.000,39.040,0.000,0.0,0.0,0.0,0,326969.7295,18184.7965
80.332,3581,3826,Running,24,0.00,1,0,0,0,-1.0000,0.0,0,0.000,39.040,0.000,0.0,0.0,0.0,0,335911.4921,18307.3367
80.348,3623,3873,Running,24,0.00,1,0,0,0,-1.0000,0.0,0,0.000,39.040,0.000,0.0,0.0,0.0,0,354755.0387,18816.1971
80.365,3665,3921,Running,24,0.00,1,0,0,0,-1.0000,0.0,0,0.000,39.040,0.000,0.0,0.0,0.0,0,368710.8530,19885.8859
80.382,3708,3972,Running,24,0.00,1,0,0,0,-1.0000,0.0,0,0.000,39.040,0.000,0.0,0.0,0.0,0,344991.6672,17603.1581
80.399,3753,4022,Running,24,0.00,1,0,0,0,-1.0000,0.0,0,0.000,39.040,0.000,0.0,0.0,0.0,0,382581.7100,18003.8115
80.415,3798,4073,Running,24,0.00,1,0,0,0,-1.0000,0.0,0,0.000,39.040,0.000,0.0,0.0,0.0,0,359436.8204,16423.7736
80.432,3844,4122,Running,24,0.00,1,0,0,0,-1.0000,0.0,0,0.000,39.040,0.000,0.0,0.0,0.0,0,393024.9705,18060.8781
80.448,3891,4171,Running,24,0.00,1,0,0,0,-1.0000,0.0,0,0.000,39.040,0.000,0.0,0.0,0.0,0,362963.0654,18486.0974
80.465,3938,4218,Running,24,0.00,1,0,0,0,-1.0000,0.0,0,0.000,39.040,0.000,0.0,0.0,0.0,0,390195.7670,16931.4375
80.482,3985,4265,Running,23,0.00,1,0,0,0,-1.0000,0.0,0,0.000,39.040,0.000,0.0,0.0,0.0,0,396845.5127,17613.8672
80.498,4031,4311,Running,23,0.00,1,0,0,0,-1.0000,0.0,0,0.000,39.360,0.000,0.0,0.0,0.0,0,379009.4557,18334.3950
80.515,4078,4356,Running,23,0.00,1,0,0,0,-1.0000,0.0,0,0.000,39.360,0.000,0.0,0.0,0.0,0,385660.4469,18870.9332
80.532,4124,4398,Running,23,0.00,1,0,0,0,-1.0000,0.0,0,0.000,39.360,0.000,0.0,0.0,0.0,0,391425.6280,16545.8249
80.548,4169,4439,Running,23,0.00,1,0,0,0,-1.0000,0.0,0,0.000,39.360,0.000,0.0,0.0,0.0,0,395668.7241,17133.9847
80.565,4214,4478,Running,23,0.00,1,0,0,0,-1.0000,0.0,0,0.000,39.360,0.000,0.0,0.0,0.0,0,396540.3009,16879.0324
80.582,4258,4516,Running,23,0.00,1,0,0,0,-1.0000,0.0,0,0.000,39.360,0.000,0.0,0.0,0.0,0,396538.1500,17660.8814
80.598,4300,4554,Running,23,0.00,1,0,0,0,-1.0000,0.0,0,0.000,39.360,0.000,0.0,0.0,0.0,0,397198.9021,17035.7945
80.615,4342,4591,Running,23,0.00,1,0,0,0,-1.0000,0.0,0,0.000,39.360,0.000,0.0,0.0,0.0,0,401534.1793,18068.3860
80.632,4383,4627,Running,25,0.00,1,0,0,0,-1.0000,0.0,0,0.000,39.360,0.000,0.0,0.0,0.0,0,404220.1833,17988.9160
80.648,4424,4665,Running,25,0.00,1,0,0,0,-1.0000,0.0,0,0.000,39.360,0.000,0.0,0.0,0.0,0,414870.7972,17984.7396
80.665,4464,4704,Running,25,0.00,1,0,0,0,-1.0000,0.0,0,0.000,39.360,0.000,0.0,0.0,0.0,0,421244.1658,19258.6937
80.682,4504,4744,Running,25,0.00,1,0,0,0,-1.0000,0.0,0,0.000,39.360,0.000,0.0,0.0,0.0,0,412750.1566,18856.2051
80.698,4544,4786,Running,25,0.00,1,0,0,0,-1.0000,0.0,0,0.000,39.360,0.000,0.0,0.0,0.0,0,421199.7670,18856.2051
80.715,4585,4828,Running,25,0.00,1,0,0,0,-1.0000,0.0,0,0.000,39.360,0.000,0.0,0.0,0.0,0,442171.8279,16706.4347
80.732,4625,4870,Running,25,0.00,1,0,0,0,-1.0000,0.0,0,0.000,39.360,0.000,0.0,0.0,0.0,0,428246.7214,19221.0967
80.748,4666,4911,Running,25,0.00,1,0,0,0,-1.0000,0.0,0,0.000,39.360,0.000,0.0,0.0,0.0,0,438640.8372,18092.4349
80.765,4707,4950,Running,25,0.00,1,0,0,0,-1.0000,0.0,0,0.000,39.360,0.000,0.0,0.0,0.0,0,443922.8677,16167.8876
80.782,4748,4992,Running,26,0.00,1,0,0,0,-1.0000,0.0,0,0.000,39.360,0.000,0.0,0.0,0.0,0,443332.4536,16418.3181
80.798,4788,5033,Running,26,0.00,1,0,0,0,-1.0000,0.0,0,0.000,39.920,0.000,0.0,0.0,0.0,0,448128.6049,17569.7188
80.815,4830,5076,Running,26,0.00,1,0,0,0,-1.0000,0.0,0,0.000,40.000,0.000,0.0,0.0,0.0,0,467037.7028,17662.6690
80.832,4871,5122,Running,26,0.00,1,0,0,0,-1.0000,0.0,0,0.000,40.000,0.000,0.0,0.0,0.0,0,454695.8687,17010.1442
80.848,4913,5166,Running,26,0.00,1,0,0,0,-1.0000,0.0,0,0.000,40.000,0.000,0.0,0.0,0.0,0,472282.2757,16684.2339
80.865,4956,5211,Running,26,0.00,1,0,0,0,-1.0000,0.0,0,0.000,40.000,0.000,0.0,0.0,0.0,0,484455.5248,16107.2989
80.882,4999,5258,Running,26,0.00,1,0,0,0,-1.0000,0.0,0,0.000,40.000,0.000,0.0,0.0,0.0,0,480854.3479,17232.4803
80.898,5042,5304,Running,26,0.00,1,0,0,0,-1.0000,0.0,0,0.000,40.000,0.000,0.0,0.0,0.0,0,483243.8068,17012.9379
80.915,5086,5350,Running,26,0.00,1,0,0,0,-1.0000,0.0,0,0.000,40.000,0.000,0.0,0.0,0.0,0,488510.2331,17559.3245
80.932,5130,5396,Running,26,0.00,1,0,0,0,-1.0000,0.0,0,0.000,40.000,0.000,0.0,0.0,0.0,0,491130.9648,17264.8756
80.948,5175,5441,Running,26,0.00,1,0,0,0,-1.0000,0.0,0,0.000,40.000,0.000,0.0,0.0,0.0,0,498811.8547,17246.9388
80.965,5219,5485,Running,26,0.00,1,0,0,0,-1.0000,0.0,0,0.000,40.000,0.000,0.0,0.0,0.0,0,501366.1915,17246.9388
80.982,5263,5526,Running,26,0.00,1,0,0,0,-1.0000,0.0,0,0.000,40.000,0.000,0.0,0.0,0.0,0,503278.0406,18010.9130
80.998,5307,5568,Running,30,0.00,1,0,0,0,-1.0000,0.0,0,0.000,40.000,0.000,0.0,0.0,0.0,0,504061.0711,17437.3191
81.015,5351,5618,Running,31,0.00,1,0,0,0,-1.0000,0.0,0,0.000,40.000,0.000,0.0,0.0,0.0,0,517710.9349,18181.6805
81.032,5397,5675,Running,31,0.00,1,0,0,0,-1.0000,0.0,0,0.000,40.000,0.000,0.0,0.0,0.0,0,544731.0202,17879.8746
81.048,5444,5735,Running,31,0.00,1,0,0,0,-1.0000,0.0,0,0.000,40.000,0.000,0.0,0.0,0.0,0,570539.2273,18686.9995
81.065,5494,5799,Running,31,0.00,1,0,0,0,-1.0000,0.0,0,0.000,40.000,0.000,0.0,0.0,0.0,0,572475.5132,18487.2435
81.082,5546,5863,Running,31,0.00,1,0,0,0,-1.0000,0.0,0,0.000,40.000,0.000,0.0,0.0,0.0,0,591015.4384,17623.5186
81.098,5600,5929,Running,31,0.00,1,0,0,0,-1.0000,0.0,0,0.000,40.000,0.000,0.0,0.0,0.0,0,596114.8686,18921.3213
81.115,5655,5991,Running,31,0.00,1,0,0,0,-1.0000,0.0,0,0.000,40.000,0.000,0.0,0.0,0.0,0,612754.0723,18921.3213
81.132,5712,6055,Running,31,0.00,1,0,0,0,-1.0000,0.0,0,0.000,40.000,0.000,0.0,0.0,0.0,0,607618.2592,18333.1207
81.148,5770,6117,Running,31,0.00,1,0,0,0,-1.0000,0.0,0,0.000,40.000,0.000,0.0,0.0,0.0,0,615358.6369,19164.7330
81.165,5828,6178,Running,31,0.00,1,0,0,0,-1.0000,0.0,0,0.000,40.000,0.000,0.0,0.0,0.0,0,626593.3220,18987.3973
81.182,5886,6236,Running,31,0.00,1,0,0,0,-1.0000,0.0,0,0.000,40.000,0.000,0.0,0.0,0.0,0,627826.1028,19049.0819
81.198,5945,6295,Running,32,0.00,1,0,0,0,-1.0000,0.0,0,0.000,40.000,0.000,0.0,0.0,0.0,0,634763.2512,19234.8918
81.215,6003,6356,Running,32,0.00,1,0,0,0,-1.0000,0.0,0,0.000,40.000,0.000,0.0,0.0,0.0,0,645464.5824,18671.0342
81.232,6063,6419,Running,32,0.00,1,0,0,0,-1.0000,0.0,0,0.000,40.000,0.000,0.0,0.0,0.0,0,656529.2984,18671.0342
81.248,6122,6483,Running,32,0.00,1,0,0,0,-1.0000,0.0,0,0.000,40.000,0.000,0.0,0.0,0.0,0,669424.3123,19007.7603
81.265,6183,6543,Running,32,0.00,1,0,0,0,-1.0000,0.0,0,0.000,40.000,0.000,0.0,0.0,0.0,0,676671.4532,17510.3722
81.282,6243,6603,Running,32,0.00,1,0,0,0,-1.0000,0.0,0,0.000,40.000,0.000,0.0,0.0,0.0,0,688062.4731,18348.1395
81.298,6303,6664,Running,32,0.00,1,0,0,0,-1.0000,0.0,0,0.000,40.000,0.000,0.0,0.0,0.0,0,679525.5437,18413.1606
81.315,6363,6723,Running,32,0.00,1,0,0,0,-1.0000,0.0,0,0.000,40.000,0.000,0.0,0.0,0.0,0,697388.1167,17809.2132
81.332,6423,6781,Running,32,0.00,1,0,0,0,-1.0000,0.0,0,0.000,40.000,0.000,0.0,0.0,0.0,0,691362.4181,18058.0245
81.348,6482,6836,Running,32,0.00,1,0,0,0,-1.0000,0.0,0,0.000,40.000,0.000,0.0,0.0,0.0,0,705436.2261,18058.0245
81.365,6541,6892,Running,32,0.00,1,0,0,0,-1.0000,0.0,0,0.000,40.000,0.000,0.0,0.0,0.0,0,697222.4909,18095.5739
81.382,6600,6947,Running,32,0.00,1,0,0,0,-1.0000,0.0,0,0.000,42.640,0.000,0.0,0.0,0.0,0,707494.4643,18084.0107
81.398,6657,6998,Running,32,0.00,1,0,0,0,-1.0000,0.0,0,0.000,42.640,0.000,0.0,0.0,0.0,0,712357.4678,17257.2025
81.415,6714,7050,Running,32,0.00,1,0,0,0,-1.0000,0.0,0,0.000,42.640,0.000,0.0,0.0,0.0,0,707985.8062,17660.4536
81.432,6769,7101,Running,32,0.00,1,0,0,0,-1.0000,0.0,0,0.000,42.640,0.000,0.0,0.0,0.0,0,712391.6302,17035.1874
81.437,6825,7151,Running,32,0.00,1,0,0,0,-1.0000,0.0,0,0.000,42.640,0.000,0.0,0.0,0.0,0,718050.3464,17008.7843
81.465,6879,7200,Running,32,0.00,1,0,0,0,-1.0000,0.0,0,0.000,42.640,0.000,0.0,0.0,0.0,0,722056.7594,17008.7843
81.482,6932,7248,Running,32,0.00,1,0,0,0,-1.0000,0.0,0,0.000,42.640,0.000,0.0,0.0,0.0,0,722913.1325,18042.5887
81.498,6984,7295,Running,32,0.00,1,0,0,0,-1.0000,0.0,0,0.000,42.640,0.000,0.0,0.0,0.0,0,727171.3253,17566.5644
81.515,7036,7341,Running,32,0.00,1,0,0,0,-1.0000,0.0,0,0.000,42.640,0.000,0.0,0.0,0.0,0,728474.4802,17765.3206
81.532,7086,7386,Running,32,0.00,1,0,0,0,-1.0000,0.0,0,0.000,42.640,0.000,0.0,0.0,0.0,0,730114.0441,17318.5904
81.548,7136,7431,Running,32,0.00,1,0,0,0,-1.0000,0.0,0,0.000,42.640,0.000,0.0,0.0,0.0,0,729271.8824,17175.9808
81.565,7185,7473,Running,32,0.00,1,0,0,0,-1.0000,0.0,0,0.000,42.640,0.000,0.0,0.0,0.0,0,733094.1274,17762.7244
81.582,7232,7515,Running,32,0.00,1,0,0,0,-1.0000,0.0,0,0.000,42.640,0.000,0.0,0.0,0.0,0,743703.8891,16250.4230
81.598,7279,7558,Running,32,0.00,1,0,0,0,-1.0000,0.0,0,0.000,42.640,0.000,0.0,0.0,0.0,0,738224.0951,16504.2198
81.615,7325,7598,Running,32,0.00,1,0,0,0,-1.0000,0.0,0,0.000,42.640,0.000,0.0,0.0,0.0,0,747191.0661,16504.2198
81.632,7370,7639,Running,32,0.00,1,0,0,0,-1.0000,0.0,0,0.000,42.640,0.000,0.0,0.0,0.0,0,742250.5638,16200.9149
81.648,7415,7677,Running,32,0.00,1,0,0,0,-1.0000,0.0,0,0.000,42.640,0.000,0.0,0.0,0.0,0,746685.9111,17876.6783
81.665,7458,7716,Running,32,0.00,1,0,0,0,-1.0000,0.0,0,0.000,42.640,0.000,0.0,0.0,0.0,0,744690.9540,15059.4002
81.682,7501,7753,Running,31,0.00,1,0,0,0,-1.0000,0.0,0,0.000,44.640,0.000,0.0,0.0,0.0,0,752207.2923,16403.3961
81.698,7542,7788,Running,31,0.00,1,0,0,0,-1.0000,0.0,0,0.000,44.720,0.000,0.0,0.0,0.0,0,737660.4018,16838.4412
81.715,7583,7820,Running,31,0.00,1,0,0,0,-1.0000,0.0,0,0.000,44.720,0.000,0.0,0.0,0.0,0,734083.6669,16059.7169
81.732,7622,7849,Running,31,0.00,1,0,0,0,-1.0000,0.0,0,0.000,44.720,0.000,0.0,0.0,0.0,0,733509.4423,16059.7169
81.748,7659,7877,Running,31,0.00,1,0,0,0,-1.0000,0.0,0,0.000,44.720,0.000,0.0,0.0,0.0,0,728445.7292,16436.9651
81.765,7695,7906,Running,31,0.00,1,0,0,0,-1.0000,0.0,0,0.000,44.720,0.000,0.0,0.0,0.0,0,729418.5023,15476.6999
81.782,7729,7934,Running,31,0.00,1,0,0,0,-1.0000,0.0,0,0.000,44.720,0.000,0.0,0.0,0.0,0,730903.3536,15119.2117
81.798,7763,7960,Running,31,0.00,1,0,0,0,-1.0000,0.0,0,0.000,44.720,0.000,0.0,0.0,0.0,0,729272.1099,16909.4717
81.815,7795,7987,Running,31,0.00,1,0,0,0,-1.0000,0.0,0,0.000,44.720,0.000,0.0,0.0,0.0,0,731454.5696,16627.9396
81.832,7827,8012,Running,31,0.00,1,0,0,0,-1.0000,0.0,0,0.000,44.720,0.000,0.0,0.0,0.0,0,730992.5526,14696.4851
81.848,7857,8037,Running,31,0.00,1,0,0,0,-1.0000,0.0,0,0.000,44.720,0.000,0.0,0.0,0.0,0,735800.9928,16468.1069
81.865,7887,8062,Running,31,0.00,1,0,0,0,-1.0000,0.0,0,0.000,44.720,0.000,0.0,0.0,0.0,0,733962.9429,15384.4279
81.882,7916,8086,Running,29,0.00,1,0,0,0,-1.0000,0.0,0,0.000,45.680,0.000,0.0,0.0,0.0,0,732820.6679,15384.4279
81.898,7944,8105,Running,29,0.00,1,0,0,0,-1.0000,0.0,0,0.000,45.680,0.000,0.0,0.0,0.0,0,716902.4210,16689.0344
81.915,7970,8121,Running,29,0.00,1,0,0,0,-1.0000,0.0,0,0.000,45.680,0.000,0.0,0.0,0.0,0,701770.8075,16105.1443
81.932,7994,8136,Running,29,0.00,1,0,0,0,-1.0000,0.0,0,0.000,45.680,0.000,0.0,0.0,0.0,0,696617.9424,14944.9478
81.948,8017,8149,Running,29,0.00,1,0,0,0,-1.0000,0.0,0,0.000,45.680,0.000,0.0,0.0,0.0,0,690777.9514,16913.4531
81.965,8039,8162,Running,29,0.00,1,0,0,0,-1.0000,0.0,0,0.000,45.680,0.000,0.0,0.0,0.0,0,688048.1624,16263.4594
81.982,8059,8175,Running,29,0.00,1,0,0,0,-1.0000,0.0,0,0.000,45.680,0.000,0.0,0.0,0.0,0,688936.7407,16400.7132
81.998,8077,8186,Running,27,0.00,1,0,0,0,-1.0000,0.0,0,0.000,45.680,0.000,0.0,0.0,0.0,0,687761.9147,16632.5340
82.015,8095,8193,Running,27,0.00,1,0,0,0,-1.0000,0.0,0,0.000,46.400,0.000,0.0,0.0,0.0,0,669297.4319,17394.8587
82.032,8110,8197,Running,27,0.00,1,0,0,0,-1.0000,0.0,0,0.000,46.400,0.000,0.0,0.0,0.0,0,652102.3767,17443.6868
82.048,8124,8199,Running,27,0.00,1,0,0,0,-1.0000,0.0,0,0.000,46.400,0.000,0.0,0.0,0.0,0,641251.7737,18010.6068
82.065,8135,8200,Running,27,0.00,1,0,0,0,-1.0000,0.0,0,0.000,46.400,0.000,0.0,0.0,0.0,0,630265.2641,17355.1887
82.082,8145,8200,Running,27,0.00,1,0,0,0,-1.0000,0.0,0,0.000,46.400,0.000,0.0,0.0,0.0,0,626116.4693,18446.8258
82.098,8154,8199,Running,27,0.00,1,0,0,0,-1.0000,0.0,0,0.000,46.400,0.000,0.0,0.0,0.0,0,621544.7870,17316.2889
82.115,8161,8199,Running,27,0.00,1,0,0,0,-1.0000,0.0,0,0.000,46.400,0.000,0.0,0.0,0.0,0,623867.6911,17264.3056
82.132,8167,8199,Running,27,0.00,1,0,0,0,-1.0000,0.0,0,0.000,46.400,0.000,0.0,0.0,0.0,0,623997.7622,18088.5773
82.148,8171,8198,Running,27,0.00,1,0,0,0,-1.0000,0.0,0,0.000,46.400,0.000,0.0,0.0,0.0,0,623427.6655,18088.5773
82.165,8175,8197,Running,27,0.00,1,0,0,0,-1.0000,0.0,0,0.000,46.400,0.000,0.0,0.0,0.0,0,624231.3265,18606.6059
82.182,8179,8196,Running,27,0.00,1,0,0,0,-1.0000,0.0,0,0.000,46.400,0.000,0.0,0.0,0.0,0,620821.3566,18691.9834
82.198,8181,8193,Running,22,0.00,1,0,0,0,-1.0000,0.0,0,0.000,47.120,0.000,0.0,0.0,0.0,0,610977.2176,19110.0057
82.215,8182,8183,Running,22,0.00,1,0,0,0,-1.0000,0.0,0,0.000,47.120,0.000,0.0,0.0,0.0,0,573360.8748,17912.2252
82.232,8181,8168,Running,22,0.00,1,0,0,0,-1.0000,0.0,0,0.000,47.120,0.000,0.0,0.0,0.0,0,540542.7393,18020.7307
82.248,8178,8148,Running,22,0.00,1,0,0,0,-1.0000,0.0,0,0.000,47.120,0.000,0.0,0.0,0.0,0,516752.8852,17619.6543
82.265,8171,8126,Running,22,0.00,1,0,0,0,-1.0000,0.0,0,0.000,47.120,0.000,0.0,0.0,0.0,0,506048.6847,17619.6543
82.282,8163,8103,Running,22,0.00,1,0,0,0,-1.0000,0.0,0,0.000,47.120,0.000,0.0,0.0,0.0,0,494469.4017,18041.8239
82.298,8151,8079,Running,22,0.00,1,0,0,0,-1.0000,0.0,0,0.000,47.120,0.000,0.0,0.0,0.0,0,488154.2966,18081.6861
82.315,8138,8055,Running,22,0.00,1,0,0,0,-1.0000,0.0,0,0.000,47.120,0.000,0.0,0.0,0.0,0,482613.0409,17888.9083
82.332,8124,8030,Running,22,0.00,1,0,0,0,-1.0000,0.0,0,0.000,47.120,0.000,0.0,0.0,0.0,0,480457.7023,15922.8363
82.348,8107,8006,Running,22,0.00,1,0,0,0,-1.0000,0.0,0,0.000,47.120,0.000,0.0,0.0,0.0,0,478038.8563,16782.4569
82.365,8090,7982,Running,22,0.00,1,0,0,0,-1.0000,0.0,0,0.000,47.120,0.000,0.0,0.0,0.0,0,478900.2958,17033.1761
82.382,8071,7958,Running,22,0.00,1,0,0,0,-1.0000,0.0,0,0.000,47.120,0.000,0.0,0.0,0.0,0,480063.6441,17033.1761
82.398,8052,7933,Running,16,0.00,1,0,0,0,-1.0000,0.0,0,0.000,47.680,0.000,0.0,0.0,0.0,0,473486.8055,16704.6330
82.415,8031,7902,Running,16,0.00,1,0,0,0,-1.0000,0.0,0,0.000,47.680,0.000,0.0,0.0,0.0,0,430951.1784,17654.0134
82.432,8009,7866,Running,15,0.00,1,0,0,0,-1.0000,0.0,0,0.000,47.680,0.000,0.0,0.0,0.0,0,393019.4183,15908.9151
82.448,7984,7827,Running,15,0.00,1,0,0,0,-1.0000,0.0,0,0.000,47.680,0.000,0.0,0.0,0.0,0,349601.5267,14322.6995
82.465,7956,7786,Running,15,0.00,1,0,0,0,-1.0000,0.0,0,0.000,47.680,0.000,0.0,0.0,0.0,0,324623.7558,15702.5762
82.482,7927,7744,Running,15,0.00,1,0,0,0,-1.0000,0.0,0,0.000,47.680,0.000,0.0,0.0,0.0,0,320164.1209,14847.2216
82.498,7895,7701,Running,15,0.00,1,0,0,0,-1.0000,0.0,0,0.000,47.680,0.000,0.0,0.0,0.0,0,304809.7265,14847.2216
82.515,7862,7658,Running,15,0.00,1,0,0,0,-1.0000,0.0,0,0.000,47.680,0.000,0.0,0.0,0.0,0,295578.7285,14937.4668
82.532,7827,7615,Running,15,0.00,1,0,0,0,-1.0000,0.0,0,0.000,47.680,0.000,0.0,0.0,0.0,0,296452.4136,15923.0679
82.548,7791,7572,Running,15,0.00,1,0,0,0,-1.0000,0.0,0,0.000,47.680,0.000,0.0,0.0,0.0,0,289086.8522,16111.5465
82.565,7754,7529,Running,15,0.00,1,0,0,0,-1.0000,0.0,0,0.000,47.680,0.000,0.0,0.0,0.0,0,291175.4707,16546.3872
82.582,7716,7486,Running,9,0.00,1,0,0,0,-1.0000,0.0,0,0.000,47.920,0.000,0.0,0.0,0.0,0,284480.6907,16700.7621
82.598,7677,7440,Running,9,0.00,1,0,0,0,-1.0000,0.0,0,0.000,47.920,0.000,0.0,0.0,0.0,0,236837.0918,17666.8451
82.615,7637,7391,Running,8,0.00,1,0,0,0,-1.0000,0.0,0,0.000,47.920,0.000,0.0,0.0,0.0,0,205643.7715,15830.9420
82.632,7595,7340,Running,8,0.00,1,0,0,0,-1.0000,0.0,0,0.000,47.920,0.000,0.0,0.0,0.0,0,168602.8505,15972.4966
82.648,7552,7288,Running,8,0.00,1,0,0,0,-1.0000,0.0,0,0.000,47.920,0.000,0.0,0.0,0.0,0,141150.5250,15972.4966
82.665,7507,7235,Running,8,0.00,1,0,0,0,-1.0000,0.0,0,0.000,47.920,0.000,0.0,0.0,0.0,0,127924.2753,16533.2766
82.682,7461,7183,Running,8,0.00,1,0,0,0,-1.0000,0.0,0,0.000,47.920,0.000,0.0,0.0,0.0,0,118591.4011,17691.9527
82.698,7414,7130,Running,8,0.00,1,0,0,0,-1.0000,0.0,0,0.000,47.920,0.000,0.0,0.0,0.0,0,114610.4480,18664.1769
82.715,7366,7077,Running,8,0.00,1,0,0,0,-1.0000,0.0,0,0.000,47.920,0.000,0.0,0.0,0.0,0,112114.8106,19089.6591
82.732,7318,7025,Running,8,0.00,1,0,0,0,-1.0000,0.0,0,0.000,47.920,0.000,0.0,0.0,0.0,0,109247.7265,18742.1387
82.748,7268,6972,Running,8,0.00,1,0,0,0,-1.0000,0.0,0,0.000,47.920,0.000,0.0,0.0,0.0,0,105481.7341,20624.5364
82.762,7219,6920,Running,8,0.00,1,0,0,0,-1.0000,0.0,0,0.000,47.920,0.000,0.0,0.0,0.0,0,109874.7695,20624.5364
82.782,7169,6868,Running,8,0.00,1,0,0,0,-1.0000,0.0,0,0.000,48.000,0.000,0.0,0.0,0.0,0,118097.5116,20328.9161
82.798,7118,6816,Running,1,0.00,1,0,0,0,-1.0000,0.0,0,0.000,48.000,0.000,0.0,0.0,0.0,0,103995.9145,19674.1279
82.815,7068,6763,Running,1,0.00,1,0,0,0,-1.0000,0.0,0,0.000,48.000,0.000,0.0,0.0,0.0,0,101610.0557,21143.8111
82.832,7017,6710,Running,1,0.00,1,0,0,0,-1.0000,0.0,0,0.000,48.000,0.000,0.0,0.0,0.0,0,78084.1008,21248.9833
82.848,6965,6656,Running,1,0.00,1,0,0,0,-1.0000,0.0,0,0.000,48.000,0.000,0.0,0.0,0.0,0,73492.3842,18076.7854
82.865,6913,6601,Running,1,0.00,1,0,0,0,-1.0000,0.0,0,0.000,48.000,0.000,0.0,0.0,0.0,0,53311.0951,20925.3394
82.882,6861,6546,Running,1,0.00,1,0,0,0,-1.0000,0.0,0,0.000,48.000,0.000,0.0,0.0,0.0,0,63564.4308,20925.3394
82.898,6808,6491,Running,1,0.00,1,0,0,0,-1.0000,0.0,0,0.000,48.000,0.000,0.0,0.0,0.0,0,57005.3333,19886.7727
82.915,6755,6436,Running,1,0.00,1,0,0,0,-1.0000,0.0,0,0.000,48.000,0.000,0.0,0.0,0.0,0,50541.5110,17925.2146
82.932,6702,6381,Running,1,0.00,1,0,0,0,-1.0000,0.0,0,0.000,48.000,0.000,0.0,0.0,0.0,0,47907.0721,19142.9680
82.949,6648,6327,Running,1,0.00,1,0,0,0,-1.0000,0.0,0,0.000,48.000,0.000,0.0,0.0,0.0,0,51219.8615,19142.9680
82.965,6594,6273,Running,0,0.00,1,0,0,0,-1.0000,0.0,0,0.000,48.000,0.000,0.0,0.0,0.0,0,53248.4137,18480.8719
82.982,6541,6219,Running,0,0.00,1,0,0,0,-1.0000,0.0,0,0.000,47.840,0.000,0.0,0.0,0.0,0,55050.5206,19095.8493
82.999,6487,6165,Running,0,0.00,1,0,0,0,-1.0000,0.0,0,0.000,47.760,0.000,0.0,0.0,0.0,0,54512.3680,17990.3130
83.015,6433,6112,Running,0,0.00,1,0,0,0,-1.0000,0.0,0,0.000,47.760,0.000,0.0,0.0,0.0,0,56960.1433,18858.8970
83.032,6380,6059,Running,0,0.00,1,0,0,0,-1.0000,0.0,0,0.000,47.760,0.000,0.0,0.0,0.0,0,52871.1342,18858.8970
83.048,6326,6006,Running,0,0.00,1,0,0,0,-1.0000,0.0,0,0.000,47.760,0.000,0.0,0.0,0.0,0,45747.3849,18619.1719
83.065,6273,5954,Running,0,0.00,1,0,0,0,-1.0000,0.0,0,0.000,47.760,0.000,0.0,0.0,0.0,0,53995.7394,17262.6680
83.082,6220,5901,Running,0,0.00,1,0,0,0,-1.0000,0.0,0,0.000,47.760,0.000,0.0,0.0,0.0,0,56044.6538,18626.7068
83.098,6166,5849,Running,0,0.00,1,0,0,0,-1.0000,0.0,0,0.000,47.760,0.000,0.0,0.0,0.0,0,44316.2468,19304.6019
83.115,6114,5797,Running,0,0.00,1,0,0,0,-1.0000,0.0,0,0.000,47.760,0.000,0.0,0.0,0.0,0,59133.4175,17079.9715
83.132,6061,5746,Running,0,0.00,1,0,0,0,-1.0000,0.0,0,0.000,47.760,0.000,0.0,0.0,0.0,0,47021.6654,17821.8959
83.148,6008,5695,Running,0,0.00,1,0,0,0,-1.0000,0.0,0,0.000,47.760,0.000,0.0,0.0,0.0,0,54623.0117,17821.8959
83.165,5956,5645,Running,0,0.00,1,0,0,0,-1.0000,0.0,0,0.000,47.760,0.000,0.0,0.0,0.0,0,59817.1077,18585.6015
83.182,5904,5594,Running,0,0.00,1,0,0,0,-1.0000,0.0,0,0.000,47.760,0.000,0.0,0.0,0.0,0,47383.1234,16835.7919
83.198,5853,5544,Running,0,0.00,1,0,0,0,-1.0000,0.0,0,0.000,47.760,0.000,0.0,0.0,0.0,0,48578.9522,19136.2181
83.215,5801,5495,Running,0,0.00,1,0,0,0,-1.0000,0.0,0,0.000,47.760,0.000,0.0,0.0,0.0,0,54582.0504,17975.6551
83.232,5750,5446,Running,0,0.00,1,0,0,0,-1.0000,0.0,0,0.000,47.760,0.000,0.0,0.0,0.0,0,57639.3030,17867.5909
83.249,5700,5397,Running,0,0.00,1,0,0,0,-1.0000,0.0,0,0.000,47.760,0.000,0.0,0.0,0.0,0,54141.9773,17723.7245
83.265,5649,5348,Running,0,0.00,1,0,0,0,-1.0000,0.0,0,0.000,47.760,0.000,0.0,0.0,0.0,0,51909.4650,17723.7245
83.282,5599,5300,Running,0,0.00,1,0,0,0,-1.0000,0.0,0,0.000,47.760,0.000,0.0,0.0,0.0,0,51152.0721,18039.5696
83.298,5549,5252,Running,0,0.00,1,0,0,0,-1.0000,0.0,0,0.000,47.760,0.000,0.0,0.0,0.0,0,50390.0848,18066.2443
83.315,5500,5204,Running,0,0.00,1,0,0,0,-1.0000,0.0,0,0.000,47.760,0.000,0.0,0.0,0.0,0,56330.4205,18061.7305
83.332,5450,5157,Running,0,0.00,1,0,0,0,-1.0000,0.0,0,0.000,47.760,0.000,0.0,0.0,0.0,0,60173.4242,18061.7305
83.349,5402,5109,Running,0,0.00,1,0,0,0,-1.0000,0.0,0,0.000,47.760,0.000,0.0,0.0,0.0,0,50205.0734,17619.6345
83.365,5353,5063,Running,0,0.00,1,0,0,0,-1.0000,0.0,0,0.000,47.760,0.000,0.0,0.0,0.0,0,45374.5503,18234.5875
83.382,5305,5017,Running,0,0.00,1,0,0,0,-1.0000,0.0,0,0.000,46.160,0.000,0.0,0.0,0.0,0,65160.3758,16823.5655
83.399,5257,4971,Running,0,0.00,1,0,0,0,-1.0000,0.0,0,0.000,46.160,0.000,0.0,0.0,0.0,0,49385.0779,17333.3798
83.415,5209,4925,Running,0,0.00,1,0,0,0,-1.0000,0.0,0,0.000,46.160,0.000,0.0,0.0,0.0,0,58154.5151,17333.3798
83.432,5162,4880,Running,0,0.00,1,0,0,0,-1.0000,0.0,0,0.000,46.160,0.000,0.0,0.0,0.0,0,48788.5475,17324.7104
83.448,5115,4835,Running,0,0.00,1,0,0,0,-1.0000,0.0,0,0.000,46.160,0.000,0.0,0.0,0.0,0,60772.7532,17324.7104
83.465,5068,4790,Running,0,0.00,1,0,0,0,-1.0000,0.0,0,0.000,46.160,0.000,0.0,0.0,0.0,0,41926.0017,16836.6647
83.482,5022,4746,Running,0,0.00,1,0,0,0,-1.0000,0.0,0,0.000,46.160,0.000,0.0,0.0,0.0,0,57502.7610,17138.8413
83.499,4976,4702,Running,0,0.00,1,0,0,0,-1.0000,0.0,0,0.000,46.160,0.000,0.0,0.0,0.0,0,59994.9448,17044.6229
83.515,4930,4658,Running,0,0.00,1,0,0,0,-1.0000,0.0,0,0.000,46.160,0.000,0.0,0.0,0.0,0,49509.3510,17044.6229
83.532,4885,4614,Running,0,0.00,1,0,0,0,-1.0000,0.0,0,0.000,46.160,0.000,0.0,0.0,0.0,0,47349.2666,16562.6998
83.549,4840,4571,Running,0,0.00,1,0,0,0,-1.0000,0.0,0,0.000,46.160,0.000,0.0,0.0,0.0,0,51056.4589,16582.6005
83.565,4795,4528,Running,0,0.00,1,0,0,0,-1.0000,0.0,0,0.000,46.160,0.000,0.0,0.0,0.0,0,52235.9034,16812.6615
83.582,4751,4486,Running,0,0.00,1,0,0,0,-1.0000,0.0,0,0.000,45.200,0.000,0.0,0.0,0.0,0,52515.8474,17535.9033
83.599,4707,4444,Running,0,0.00,1,0,0,0,-1.0000,0.0,0,0.000,45.200,0.000,0.0,0.0,0.0,0,52003.1501,16586.6996
83.615,4663,4401,Running,0,0.00,1,0,0,0,-1.0000,0.0,0,0.000,45.200,0.000,0.0,0.0,0.0,0,50835.1919,16191.5527
83.632,4619,4360,Running,0,0.00,1,0,0,0,-1.0000,0.0,0,0.000,45.200,0.000,0.0,0.0,0.0,0,54438.5683,16191.5527
83.648,4576,4318,Running,0,0.00,1,0,0,0,-1.0000,0.0,0,0.000,45.200,0.000,0.0,0.0,0.0,0,56647.5157,17414.9926
83.665,4533,4277,Running,0,0.00,1,0,0,0,-1.0000,0.0,0,0.000,45.200,0.000,0.0,0.0,0.0,0,52023.0878,17653.7604
83.682,4491,4236,Running,0,0.00,1,0,0,0,-1.0000,0.0,0,0.000,45.200,0.000,0.0,0.0,0.0,0,47221.4440,16061.6882
83.698,4448,4196,Running,0,0.00,1,0,0,0,-1.0000,0.0,0,0.000,45.200,0.000,0.0,0.0,0.0,0,47053.8765,17029.3595
83.715,4406,4156,Running,0,0.00,1,0,0,0,-1.0000,0.0,0,0.000,45.200,0.000,0.0,0.0,0.0,0,61693.5779,17086.5353
83.732,4365,4117,Running,0,0.00,1,0,0,0,-1.0000,0.0,0,0.000,45.200,0.000,0.0,0.0,0.0,0,46005.4958,17909.1863
83.748,4323,4077,Running,0,0.00,1,0,0,0,-1.0000,0.0,0,0.000,45.200,0.000,0.0,0.0,0.0,0,53059.1788,17287.6098
83.765,4282,4038,Running,0,0.00,1,0,0,0,-1.0000,0.0,0,0.000,45.200,0.000,0.0,0.0,0.0,0,48948.9166,17752.2402
83.782,4242,3999,Running,0,0.00,1,0,0,0,-1.0000,0.0,0,0.000,45.200,0.000,0.0,0.0,0.0,0,50660.7561,15099.0105
83.798,4201,3960,Running,0,0.00,1,0,0,0,-1.0000,0.0,0,0.000,45.200,0.000,0.0,0.0,0.0,0,46537.1945,16827.6180
83.815,4161,3921,Running,0,0.00,1,0,0,0,-1.0000,0.0,0,0.000,45.200,0.000,0.0,0.0,0.0,0,56642.7165,15841.2937
83.832,4121,3883,Running,0,0.00,1,0,0,0,-1.0000,0.0,0,0.000,45.200,0.000,0.0,0.0,0.0,0,39747.0562,15841.2937
83.848,4082,3845,Running,0,0.00,1,0,0,0,-1.0000,0.0,0,0.000,45.200,0.000,0.0,0.0,0.0,0,52359.3962,16154.3857
83.865,4042,3808,Running,0,0.00,1,0,0,0,-1.0000,0.0,0,0.000,45.200,0.000,0.0,0.0,0.0,0,55828.0909,16974.7295
83.882,4003,3771,Running,0,0.00,1,0,0,0,-1.0000,0.0,0,0.000,45.200,0.000,0.0,0.0,0.0,0,47660.3379,15577.6997
83.898,3965,3733,Running,0,0.00,1,0,0,0,-1.0000,0.0,0,0.000,45.200,0.000,0.0,0.0,0.0,0,41334.2942,16504.8128
83.915,3926,3697,Running,0,0.00,1,0,0,0,-1.0000,0.0,0,0.000,45.200,0.000,0.0,0.0,0.0,0,45639.0869,16504.8128
83.932,3888,3660,Running,0,0.00,1,0,0,0,-1.0000,0.0,0,0.000,45.200,0.000,0.0,0.0,0.0,0,48892.4121,16202.5542
83.948,3850,3623,Running,0,0.00,1,0,0,0,-1.0000,0.0,0,0.000,45.200,0.000,0.0,0.0,0.0,0,48131.1737,17008.4933
83.965,3812,3588,Running,0,0.00,1,0,0,0,-1.0000,0.0,0,0.000,45.200,0.000,0.0,0.0,0.0,0,48669.8969,15210.0064
83.982,3775,3552,Running,0,0.00,1,0,0,0,-1.0000,0.0,0,0.000,45.200,0.000,0.0,0.0,0.0,0,47307.9235,16807.2086
83.999,3738,3517,Running,0,0.00,1,0,0,0,-1.0000,0.0,0,0.000,45.200,0.000,0.0,0.0,0.0,0,46609.0531,15629.5628
84.015,3701,3482,Running,0,0.00,1,0,0,0,-1.0000,0.0,0,0.000,42.240,0.000,0.0,0.0,0.0,0,46575.3579,17159.7569
84.032,3665,3447,Running,0,0.00,1,0,0,0,-1.0000,0.0,0,0.000,42.240,0.000,0.0,0.0,0.0,0,50762.3589,15183.2888
84.048,3628,3413,Running,0,0.00,1,0,0,0,-1.0000,0.0,0,0.000,42.240,0.000,0.0,0.0,0.0,0,53607.3704,15707.9888
84.065,3593,3378,Running,0,0.00,1,0,0,0,-1.0000,0.0,0,0.000,42.240,0.000,0.0,0.0,0.0,0,47313.3125,15605.4448
84.082,3557,3344,Running,0,0.00,1,0,0,0,-1.0000,0.0,0,0.000,42.240,0.000,0.0,0.0,0.0,0,40320.6665,16177.6961
84.099,3522,3310,Running,0,0.00,1,0,0,0,-1.0000,0.0,0,0.000,42.240,0.000,0.0,0.0,0.0,0,42668.9520,13063.7447
84.115,3486,3277,Running,0,0.00,1,0,0,0,-1.0000,0.0,0,0.000,42.240,0.000,0.0,0.0,0.0,0,55309.7783,15001.1103
84.132,3452,3244,Running,0,0.00,1,0,0,0,-1.0000,0.0,0,0.000,42.240,0.000,0.0,0.0,0.0,0,39349.5053,15453.7246
84.148,3417,3211,Running,0,0.00,1,0,0,0,-1.0000,0.0,0,0.000,42.240,0.000,0.0,0.0,0.0,0,45088.2511,15453.7246
84.165,3383,3178,Running,0,0.00,1,0,0,0,-1.0000,0.0,0,0.000,42.240,0.000,0.0,0.0,0.0,0,49384.5843,18207.3782
84.182,3349,3145,Running,0,0.00,1,0,0,0,-1.0000,0.0,0,0.000,42.240,0.000,0.0,0.0,0.0,0,37005.5963,16828.5083
84.198,3315,3113,Running,0,0.00,1,0,0,0,-1.0000,0.0,0,0.000,40.480,0.000,0.0,0.0,0.0,0,50538.3030,18449.1524
84.215,3281,3081,Running,0,0.00,1,0,0,0,-1.0000,0.0,0,0.000,40.320,0.000,0.0,0.0,0.0,0,39445.2968,18449.1524
84.232,3248,3050,Running,0,0.00,1,0,0,0,-1.0000,0.0,0,0.000,40.320,0.000,0.0,0.0,0.0,0,47652.5874,19069.2139
84.248,3215,3019,Running,0,0.00,1,0,0,0,-1.0000,0.0,0,0.000,40.320,0.000,0.0,0.0,0.0,0,48942.5207,18314.9079
84.265,3182,2987,Running,0,0.00,1,0,0,0,-1.0000,0.0,0,0.000,40.320,0.000,0.0,0.0,0.0,0,34653.1619,19694.3131
84.282,3150,2957,Running,0,0.00,1,0,0,0,-1.0000,0.0,0,0.000,40.320,0.000,0.0,0.0,0.0,0,48048.0869,18058.5606
84.299,3118,2926,Running,0,0.00,1,0,0,0,-1.0000,0.0,0,0.000,40.320,0.000,0.0,0.0,0.0,0,47543.7380,18882.1556
84.315,3086,2896,Running,0,0.00,1,0,0,0,-1.0000,0.0,0,0.000,40.320,0.000,0.0,0.0,0.0,0,37718.5287,20082.9058
84.332,3054,2865,Running,0,0.00,1,0,0,0,-1.0000,0.0,0,0.000,40.320,0.000,0.0,0.0,0.0,0,37417.5134,20082.9058
84.349,3023,2836,Running,0,0.00,1,0,0,0,-1.0000,0.0,0,0.000,40.320,0.000,0.0,0.0,0.0,0,46017.6774,20720.6405
84.365,2992,2806,Running,0,0.00,1,0,0,0,-1.0000,0.0,0,0.000,40.320,0.000,0.0,0.0,0.0,0,45783.5357,19897.1668
84.382,2961,2777,Running,0,0.00,1,0,0,0,-1.0000,0.0,0,0.000,40.320,0.000,0.0,0.0,0.0,0,45112.6464,20206.9217
84.399,2930,2748,Running,0,0.00,1,0,0,0,-1.0000,0.0,0,0.000,40.320,0.000,0.0,0.0,0.0,0,41470.6769,20907.6193
84.415,2900,2720,Running,0,0.00,1,0,0,0,-1.0000,0.0,0,0.000,40.320,0.000,0.0,0.0,0.0,0,41797.7642,19992.7029
84.432,2870,2692,Running,0,0.00,1,0,0,0,-1.0000,0.0,0,0.000,40.320,0.000,0.0,0.0,0.0,0,42430.0800,21033.3940
84.448,2840,2663,Running,0,0.00,1,0,0,0,-1.0000,0.0,0,0.000,40.320,0.000,0.0,0.0,0.0,0,42293.0975,21033.3940
84.465,2811,2635,Running,0,0.00,1,0,0,0,-1.0000,0.0,0,0.000,40.320,0.000,0.0,0.0,0.0,0,38132.7186,21334.3441
84.482,2782,2607,Running,0,0.00,1,0,0,0,-1.0000,0.0,0,0.000,40.320,0.000,0.0,0.0,0.0,0,37326.4743,21334.3441
84.498,2752,2580,Running,0,0.00,1,0,0,0,-1.0000,0.0,0,0.000,40.320,0.000,0.0,0.0,0.0,0,39561.7580,20195.0767
84.515,2724,2553,Running,0,0.00,1,0,0,0,-1.0000,0.0,0,0.000,40.320,0.000,0.0,0.0,0.0,0,36103.6263,21416.6821
84.532,2695,2525,Running,0,0.00,1,0,0,0,-1.0000,0.0,0,0.000,40.320,0.000,0.0,0.0,0.0,0,37585.9423,22445.8431
84.548,2667,2499,Running,0,0.00,1,0,0,0,-1.0000,0.0,0,0.000,40.320,0.000,0.0,0.0,0.0,0,43317.0000,21654.0605
84.565,2639,2473,Running,0,0.00,1,0,0,0,-1.0000,0.0,0,0.000,40.320,0.000,0.0,0.0,0.0,0,44404.5339,21148.0344
84.582,2611,2446,Running,0,0.00,1,0,0,0,-1.0000,0.0,0,0.000,40.320,0.000,0.0,0.0,0.0,0,34633.0819,22109.5232
84.598,2584,2421,Running,0,0.00,1,0,0,0,-1.0000,0.0,0,0.000,40.320,0.000,0.0,0.0,0.0,0,33941.8935,21229.3230
84.615,2557,2395,Running,0,0.00,1,0,0,0,-1.0000,0.0,0,0.000,40.320,0.000,0.0,0.0,0.0,0,44236.2567,22434.9540
84.632,2530,2370,Running,0,0.00,1,0,0,0,-1.0000,0.0,0,0.000,40.320,0.000,0.0,0.0,0.0,0,39814.1968,21261.1717
84.648,2504,2345,Running,0,0.00,1,0,0,0,-1.0000,0.0,0,0.000,40.320,0.000,0.0,0.0,0.0,0,30771.7838,21306.0086
84.665,2477,2320,Running,0,0.00,1,0,0,0,-1.0000,0.0,0,0.000,40.320,0.000,0.0,0.0,0.0,0,45125.2126,21027.8419
84.682,2451,2294,Running,0,0.00,1,0,0,0,-1.0000,0.0,0,0.000,40.320,0.000,0.0,0.0,0.0,0,28406.9901,19443.5991
84.698,2425,2271,Running,0,0.00,1,0,0,0,-1.0000,0.0,0,0.000,35.520,0.000,0.0,0.0,0.0,0,42039.9420,21787.9122
84.715,2399,2246,Running,0,0.00,1,0,0,0,-1.0000,0.0,0,0.000,35.520,0.000,0.0,0.0,0.0,0,33872.8625,21787.9122
84.732,2374,2223,Running,0,0.00,1,0,0,0,-1.0000,0.0,0,0.000,35.520,0.000,0.0,0.0,0.0,0,39627.6606,21591.6888
84.749,2349,2199,Running,0,0.00,1,0,0,0,-1.0000,0.0,0,0.000,35.520,0.000,0.0,0.0,0.0,0,31624.8666,21156.8873
84.765,2324,2176,Running,0,0.00,1,0,0,0,-1.0000,0.0,0,0.000,35.520,0.000,0.0,0.0,0.0,0,41653.9187,21277.3105
84.782,2299,2153,Running,0,0.00,1,0,0,0,-1.0000,0.0,0,0.000,35.520,0.000,0.0,0.0,0.0,0,29625.6824,20847.5702
84.798,2275,2131,Running,0,0.00,1,0,0,0,-1.0000,0.0,0,0.000,35.520,0.000,0.0,0.0,0.0,0,42490.8697,18843.5422
84.815,2251,2108,Running,0,0.00,1,0,0,0,-1.0000,0.0,0,0.000,35.520,0.000,0.0,0.0,0.0,0,33317.8607,21087.1439
84.832,2227,2085,Running,0,0.00,1,0,0,0,-1.0000,0.0,0,0.000,35.520,0.000,0.0,0.0,0.0,0,30912.9983,21348.4996
84.849,2204,2064,Running,0,0.00,1,0,0,0,-1.0000,0.0,0,0.000,35.520,0.000,0.0,0.0,0.0,0,41309.2035,21692.0891
84.865,2181,2042,Running,0,0.00,1,0,0,0,-1.0000,0.0,0,0.000,35.520,0.000,0.0,0.0,0.0,0,33477.2418,21250.8844
84.882,2158,2020,Running,0,0.00,1,0,0,0,-1.0000,0.0,0,0.000,35.520,0.000,0.0,0.0,0.0,0,27936.5533,19253.3841
84.898,2135,1999,Running,0,0.00,1,0,0,0,-1.0000,0.0,0,0.000,33.360,0.000,0.0,0.0,0.0,0,36078.7117,21559.9420
84.915,2112,1978,Running,0,0.00,1,0,0,0,-1.0000,0.0,0,0.000,33.360,0.000,0.0,0.0,0.0,0,38408.1334,20640.6062
84.932,2090,1958,Running,0,0.00,1,0,0,0,-1.0000,0.0,0,0.000,33.360,0.000,0.0,0.0,0.0,0,33293.8843,22203.1922
84.948,2068,1938,Running,0,0.00,1,0,0,0,-1.0000,0.0,0,0.000,33.360,0.000,0.0,0.0,0.0,0,30034.5386,20876.6826
84.965,2046,1917,Running,0,0.00,1,0,0,0,-1.0000,0.0,0,0.000,33.360,0.000,0.0,0.0,0.0,0,30255.5648,21872.5661
84.982,2025,1897,Running,0,0.00,1,0,0,0,-1.0000,0.0,0,0.000,33.360,0.000,0.0,0.0,0.0,0,31467.9086,21872.5661
84.999,2004,1877,Running,0,0.00,1,0,0,0,-1.0000,0.0,0,0.000,33.360,0.000,0.0,0.0,0.0,0,34614.5255,22307.4077
85.015,1983,1858,Running,0,0.00,1,0,0,0,-1.0000,0.0,0,0.000,33.360,0.000,0.0,0.0,0.0,0,33458.6280,23249.2088
85.032,1962,1839,Running,0,0.00,1,0,0,0,-1.0000,0.0,0,0.000,33.360,0.000,0.0,0.0,0.0,0,33362.0213,22993.5075
85.049,1942,1820,Running,0,0.00,1,0,0,0,-1.0000,0.0,0,0.000,33.360,0.000,0.0,0.0,0.0,0,32635.9160,23745.8975
85.065,1922,1802,Running,0,0.00,1,0,0,0,-1.0000,0.0,0,0.000,33.360,0.000,0.0,0.0,0.0,0,32983.0538,23310.1147
85.082,1902,1783,Running,0,0.00,1,0,0,0,-1.0000,0.0,0,0.000,33.360,0.000,0.0,0.0,0.0,0,30280.1869,24553.1784
85.099,1882,1765,Running,0,0.00,1,0,0,0,-1.0000,0.0,0,0.000,33.360,0.000,0.0,0.0,0.0,0,30914.2672,24263.6498
85.115,1863,1746,Running,0,0.00,1,0,0,0,-1.0000,0.0,0,0.000,33.360,0.000,0.0,0.0,0.0,0,28022.1193,24164.4785
85.132,1843,1728,Running,0,0.00,1,0,0,0,-1.0000,0.0,0,0.000,33.360,0.000,0.0,0.0,0.0,0,29046.0159,24782.7318
85.149,1824,1711,Running,0,0.00,1,0,0,0,-1.0000,0.0,0,0.000,33.360,0.000,0.0,0.0,0.0,0,29175.1171,23419.0154
85.165,1805,1693,Running,0,0.00,1,0,0,0,-1.0000,0.0,0,0.000,33.360,0.000,0.0,0.0,0.0,0,29630.8371,22128.3580
85.182,1787,1677,Running,0,0.00,1,0,0,0,-1.0000,0.0,0,0.000,33.360,0.000,0.0,0.0,0.0,0,31167.6445,23460.5477
85.199,1769,1661,Running,0,0.00,1,0,0,0,-1.0000,0.0,0,0.000,30.000,0.000,0.0,0.0,0.0,0,31109.1791,20644.5497
85.216,1751,1645,Running,0,0.00,1,0,0,0,-1.0000,0.0,0,0.000,29.840,0.000,0.0,0.0,0.0,0,32699.9055,20644.5497
85.232,1733,1628,Running,0,0.00,1,0,0,0,-1.0000,0.0,0,0.000,29.840,0.000,0.0,0.0,0.0,0,28652.0181,13435.5509
85.249,1716,1612,Running,0,0.00,1,0,0,0,-1.0000,0.0,0,0.000,29.840,0.000,0.0,0.0,0.0,0,25198.1869,11768.5922
85.265,1699,1597,Running,0,0.00,1,0,0,0,-1.0000,0.0,0,0.000,29.840,0.000,0.0,0.0,0.0,0,29299.9787,13530.1338
85.282,1682,1582,Running,0,0.00,1,0,0,0,-1.0000,0.0,0,0.000,29.840,0.000,0.0,0.0,0.0,0,30183.3630,10884.7580
85.298,1665,1567,Running,0,0.00,1,0,0,0,-1.0000,0.0,0,0.000,29.840,0.000,0.0,0.0,0.0,0,32803.3721,8414.1062
85.315,1649,1553,Running,0,0.00,1,0,0,0,-1.0000,0.0,0,0.000,29.840,0.000,0.0,0.0,0.0,0,25056.1811,7689.5217
85.332,1633,1537,Running,0,0.00,1,0,0,0,-1.0000,0.0,0,0.000,29.840,0.000,0.0,0.0,0.0,0,28031.1450,12829.2526
85.348,1617,1523,Running,0,0.00,1,0,0,0,-1.0000,0.0,0,0.000,29.840,0.000,0.0,0.0,0.0,0,29357.7261,6922.9021
85.365,1602,1509,Running,0,0.00,1,0,0,0,-1.0000,0.0,0,0.000,29.840,0.000,0.0,0.0,0.0,0,28204.3565,11357.9014
85.382,1586,1495,Running,0,0.00,1,0,0,0,-1.0000,0.0,0,0.000,29.840,0.000,0.0,0.0,0.0,0,24965.1768,5936.1567
85.398,1571,1482,Running,0,0.00,1,0,0,0,-1.0000,0.0,0,0.000,27.920,0.000,0.0,0.0,0.0,0,29632.9820,6172.6385
85.415,1556,1469,Running,0,0.00,1,0,0,0,-1.0000,0.0,0,0.000,27.920,0.000,0.0,0.0,0.0,0,28809.9106,6172.6385
85.432,1542,1455,Running,0,0.00,1,0,0,0,-1.0000,0.0,0,0.000,27.920,0.000,0.0,0.0,0.0,0,24415.5860,6180.2202
85.449,1528,1442,Running,0,0.00,1,0,0,0,-1.0000,0.0,0,0.000,27.920,0.000,0.0,0.0,0.0,0,28551.2086,9278.7719
85.465,1513,1429,Running,0,0.00,1,0,0,0,-1.0000,0.0,0,0.000,27.920,0.000,0.0,0.0,0.0,0,23083.0758,5230.5683
85.482,1499,1417,Running,0,0.00,1,0,0,0,-1.0000,0.0,0,0.000,27.920,0.000,0.0,0.0,0.0,0,28443.6390,5230.5683
85.498,1486,1403,Running,0,0.00,1,0,0,0,-1.0000,0.0,0,0.000,27.920,0.000,0.0,0.0,0.0,0,25676.8437,5497.5144
85.515,1472,1391,Running,0,0.00,1,0,0,0,-1.0000,0.0,0,0.000,27.920,0.000,0.0,0.0,0.0,0,24681.2845,7318.7617
85.532,1459,1379,Running,0,0.00,1,0,0,0,-1.0000,0.0,0,0.000,27.920,0.000,0.0,0.0,0.0,0,29060.4276,6767.5644
85.548,1445,1367,Running,0,0.00,1,0,0,0,-1.0000,0.0,0,0.000,27.920,0.000,0.0,0.0,0.0,0,22596.2391,6104.8727
85.565,1432,1355,Running,0,0.00,1,0,0,0,-1.0000,0.0,0,0.000,27.920,0.000,0.0,0.0,0.0,0,27485.0435,9385.2662
85.582,1420,1344,Running,0,0.00,1,0,0,0,-1.0000,0.0,0,0.000,27.920,0.000,0.0,0.0,0.0,0,22671.4230,7844.9965
85.599,1407,1333,Running,0,0.00,1,0,0,0,-1.0000,0.0,0,0.000,26.320,0.000,0.0,0.0,0.0,0,28389.3741,7844.9965
85.615,1395,1321,Running,0,0.00,1,0,0,0,-1.0000,0.0,0,0.000,26.320,0.000,0.0,0.0,0.0,0,21505.8931,9046.7989
85.632,1382,1310,Running,0,0.00,1,0,0,0,-1.0000,0.0,0,0.000,26.320,0.000,0.0,0.0,0.0,0,25762.0063,9433.0292
85.649,1371,1299,Running,0,0.00,1,0,0,0,-1.0000,0.0,0,0.000,26.320,0.000,0.0,0.0,0.0,0,23795.8571,9749.8920
85.665,1359,1288,Running,0,0.00,1,0,0,0,-1.0000,0.0,0,0.000,26.320,0.000,0.0,0.0,0.0,0,21747.3129,9792.7850
85.682,1347,1279,Running,0,0.00,1,0,0,0,-1.0000,0.0,0,0.000,26.320,0.000,0.0,0.0,0.0,0,27042.9485,10203.2100
85.698,1336,1267,Running,0,0.00,1,0,0,0,-1.0000,0.0,0,0.000,26.320,0.000,0.0,0.0,0.0,0,20133.4806,12223.8078
85.715,1324,1258,Running,0,0.00,1,0,0,0,-1.0000,0.0,0,0.000,26.320,0.000,0.0,0.0,0.0,0,28227.0558,9672.3098
85.732,1314,1249,Running,0,0.00,1,0,0,0,-1.0000,0.0,0,0.000,26.320,0.000,0.0,0.0,0.0,0,22063.4705,11634.2451
85.748,1303,1239,Running,0,0.00,1,0,0,0,-1.0000,0.0,0,0.000,26.320,0.000,0.0,0.0,0.0,0,24492.5732,10872.9282
85.765,1292,1230,Running,0,0.00,1,0,0,0,-1.0000,0.0,0,0.000,26.320,0.000,0.0,0.0,0.0,0,21945.3011,11642.0344
85.782,1282,1221,Running,0,0.00,1,0,0,0,-1.0000,0.0,0,0.000,25.120,0.000,0.0,0.0,0.0,0,21779.6044,12237.1147
85.799,1272,1212,Running,0,0.00,1,0,0,0,-1.0000,0.0,0,0.000,24.960,0.000,0.0,0.0,0.0,0,28449.2212,12623.5880
85.815,1262,1203,Running,0,0.00,1,0,0,0,-1.0000,0.0,0,0.000,24.960,0.000,0.0,0.0,0.0,0,20080.5682,13162.8342
85.832,1252,1194,Running,0,0.00,1,0,0,0,-1.0000,0.0,0,0.000,24.960,0.000,0.0,0.0,0.0,0,19949.4989,10725.2950
85.849,1243,1186,Running,0,0.00,1,0,0,0,-1.0000,0.0,0,0.000,24.960,0.000,0.0,0.0,0.0,0,28605.2751,12176.9800
85.865,1233,1179,Running,0,0.00,1,0,0,0,-1.0000,0.0,0,0.000,24.960,0.000,0.0,0.0,0.0,0,21188.5545,12176.9800
85.882,1224,1169,Running,0,0.00,1,0,0,0,-1.0000,0.0,0,0.000,24.960,0.000,0.0,0.0,0.0,0,20059.2232,11901.4190
85.898,1215,1160,Running,0,0.00,1,0,0,0,-1.0000,0.0,0,0.000,24.960,0.000,0.0,0.0,0.0,0,24115.6498,11901.4190
85.915,1206,1153,Running,0,0.00,1,0,0,0,-1.0000,0.0,0,0.000,24.960,0.000,0.0,0.0,0.0,0,22218.4283,12971.8165
85.932,1197,1145,Running,0,0.00,1,0,0,0,-1.0000,0.0,0,0.000,24.960,0.000,0.0,0.0,0.0,0,21865.8613,11347.8413
85.948,1189,1136,Running,0,0.00,1,0,0,0,-1.0000,0.0,0,0.000,24.960,0.000,0.0,0.0,0.0,0,19367.4035,10024.6631
85.965,1180,1129,Running,0,0.00,1,0,0,0,-1.0000,0.0,0,0.000,24.960,0.000,0.0,0.0,0.0,0,25496.1782,11910.8681
85.982,1172,1125,Running,0,0.00,1,0,0,0,-1.0000,0.0,0,0.000,24.960,0.000,0.0,0.0,0.0,0,22746.8609,11910.8681
85.999,1164,1117,Running,0,0.00,1,0,0,0,-1.0000,0.0,0,0.000,23.760,0.000,0.0,0.0,0.0,0,22171.3686,12073.0415
86.015,1156,1110,Running,0,0.00,1,0,0,0,-1.0000,0.0,0,0.000,23.760,0.000,0.0,0.0,0.0,0,16913.1018,10221.2605
86.032,1149,1103,Running,0,0.00,1,0,0,0,-1.0000,0.0,0,0.000,23.760,0.000,0.0,0.0,0.0,0,27723.7953,12926.2584
86.049,1141,1097,Running,0,0.00,1,0,0,0,-1.0000,0.0,0,0.000,23.760,0.000,0.0,0.0,0.0,0,19669.7445,12211.1958
86.066,1134,1091,Running,0,0.00,1,0,0,0,-1.0000,0.0,0,0.000,23.760,0.000,0.0,0.0,0.0,0,21712.7244,11369.5417
86.082,1127,1084,Running,0,0.00,1,0,0,0,-1.0000,0.0,0,0.000,23.760,0.000,0.0,0.0,0.0,0,19283.2279,11531.6287
86.099,1120,1077,Running,0,0.00,1,0,0,0,-1.0000,0.0,0,0.000,23.760,0.000,0.0,0.0,0.0,0,20855.1528,9537.6357
86.115,1113,1074,Running,0,0.00,1,0,0,0,-1.0000,0.0,0,0.000,23.760,0.000,0.0,0.0,0.0,0,27554.8617,12635.3508
86.132,1106,1069,Running,0,0.00,1,0,0,0,-1.0000,0.0,0,0.000,23.760,0.000,0.0,0.0,0.0,0,21504.1639,11665.7935
86.149,1100,1062,Running,0,0.00,1,0,0,0,-1.0000,0.0,0,0.000,23.760,0.000,0.0,0.0,0.0,0,19491.3832,12368.0742
86.165,1094,1054,Running,0,0.00,1,0,0,0,-1.0000,0.0,0,0.000,23.760,0.000,0.0,0.0,0.0,0,18359.4898,12249.2278
86.182,1087,1047,Running,0,0.00,1,0,0,0,-1.0000,0.0,0,0.000,23.760,0.000,0.0,0.0,0.0,0,17465.1924,12302.3729
86.199,1081,1043,Running,7,0.00,1,0,0,0,-1.0000,0.0,0,0.000,23.760,0.000,0.0,0.0,0.0,0,24191.9929,11503.6814
86.216,1074,1038,Running,7,0.00,1,0,0,0,-1.0000,0.0,0,0.000,23.760,0.000,0.0,0.0,0.0,0,23840.8463,13278.9668
86.232,1068,1032,Running,7,0.00,1,0,0,0,-1.0000,0.0,0,0.000,23.760,0.000,0.0,0.0,0.0,0,19424.0606,10479.0551
86.249,1062,1028,Running,7,0.00,1,0,0,0,-1.0000,0.0,0,0.000,23.760,0.000,0.0,0.0,0.0,0,19264.3366,10506.8420
86.265,1057,1024,Running,7,0.00,1,0,0,0,-1.0000,0.0,0,0.000,23.760,0.000,0.0,0.0,0.0,0,24370.4208,10944.0816
86.282,1052,1023,Running,7,0.00,1,0,0,0,-1.0000,0.0,0,0.000,23.760,0.000,0.0,0.0,0.0,0,19228.7033,11825.5813
86.299,1047,1021,Running,7,0.00,1,0,0,0,-1.0000,0.0,0,0.000,23.760,0.000,0.0,0.0,0.0,0,26475.4818,13539.9011
86.315,1043,1022,Running,7,0.00,1,0,0,0,-1.0000,0.0,0,0.000,23.760,0.000,0.0,0.0,0.0,0,28607.9306,11811.8960
86.332,1040,1026,Running,7,0.00,1,0,0,0,-1.0000,0.0,0,0.000,23.760,0.000,0.0,0.0,0.0,0,35975.9375,16239.7985
86.349,1038,1029,Running,7,0.00,1,0,0,0,-1.0000,0.0,0,0.000,23.760,0.000,0.0,0.0,0.0,0,31765.3435,11597.5801
86.365,1037,1032,Running,7,0.00,1,0,0,0,-1.0000,0.0,0,0.000,23.760,0.000,0.0,0.0,0.0,0,28819.8074,14345.5879
86.382,1036,1035,Running,10,0.00,1,0,0,0,-1.0000,0.0,0,0.000,23.760,0.000,0.0,0.0,0.0,0,29600.6848,17577.8282
86.399,1036,1039,Running,11,0.00,1,0,0,0,-1.0000,0.0,0,0.000,21.360,0.000,0.0,0.0,0.0,0,25885.6564,15776.4886
86.415,1037,1044,Running,11,0.00,1,0,0,0,-1.0000,0.0,0,0.000,21.360,0.000,0.0,0.0,0.0,0,34463.0481,19574.9715
86.432,1039,1054,Running,11,0.00,1,0,0,0,-1.0000,0.0,0,0.000,21.360,0.000,0.0,0.0,0.0,0,41062.4483,17040.0378
86.449,1042,1067,Running,11,0.00,1,0,0,0,-1.0000,0.0,0,0.000,21.360,0.000,0.0,0.0,0.0,0,53631.0303,22245.9810
86.465,1047,1083,Running,11,0.00,1,0,0,0,-1.0000,0.0,0,0.000,21.360,0.000,0.0,0.0,0.0,0,43719.4449,22150.4321
86.482,1054,1100,Running,17,0.00,1,0,0,0,-1.0000,0.0,0,0.000,21.360,0.000,0.0,0.0,0.0,0,40064.8754,22300.2876
86.499,1063,1118,Running,17,0.00,1,0,0,0,-1.0000,0.0,0,0.000,21.360,0.000,0.0,0.0,0.0,0,45046.6038,22300.2876
86.516,1073,1141,Running,17,0.00,1,0,0,0,-1.0000,0.0,0,0.000,21.360,0.000,0.0,0.0,0.0,0,62518.7137,22375.6816
86.532,1085,1163,Running,17,0.00,1,0,0,0,-1.0000,0.0,0,0.000,21.360,0.000,0.0,0.0,0.0,0,75012.8240,22651.3976
86.549,1099,1191,Running,17,0.00,1,0,0,0,-1.0000,0.0,0,0.000,21.360,0.000,0.0,0.0,0.0,0,51037.7538,21805.2508
86.565,1116,1228,Running,17,0.00,1,0,0,0,-1.0000,0.0,0,0.000,21.360,0.000,0.0,0.0,0.0,0,71306.0848,20627.1540
86.582,1136,1263,Running,17,0.00,1,0,0,0,-1.0000,0.0,0,0.000,21.360,0.000,0.0,0.0,0.0,0,109089.4036,21609.2535
86.599,1159,1302,Running,17,0.00,1,0,0,0,-1.0000,0.0,0,0.000,21.360,0.000,0.0,0.0,0.0,0,63070.2121,21460.1514
86.615,1184,1341,Running,17,0.00,1,0,0,0,-1.0000,0.0,0,0.000,21.360,0.000,0.0,0.0,0.0,0,121275.0519,19269.8576
86.632,1211,1385,Running,17,0.00,1,0,0,0,-1.0000,0.0,0,0.000,21.360,0.000,0.0,0.0,0.0,0,76566.2585,19969.0172
86.649,1242,1434,Running,17,0.00,1,0,0,0,-1.0000,0.0,0,0.000,21.360,0.000,0.0,0.0,0.0,0,147293.8198,19754.6998
86.665,1276,1486,Running,17,0.00,1,0,0,0,-1.0000,0.0,0,0.000,21.360,0.000,0.0,0.0,0.0,0,81251.8391,19754.6998
86.682,1311,1531,Running,18,0.00,1,0,0,0,-1.0000,0.0,0,0.000,21.840,0.000,0.0,0.0,0.0,0,135088.6120,16583.4283
86.698,1350,1582,Running,18,0.00,1,0,0,0,-1.0000,0.0,0,0.000,21.840,0.000,0.0,0.0,0.0,0,158060.4827,17872.7499
86.715,1390,1636,Running,18,0.00,1,0,0,0,-1.0000,0.0,0,0.000,21.840,0.000,0.0,0.0,0.0,0,110563.4511,20270.6814
86.732,1431,1689,Running,18,0.00,1,0,0,0,-1.0000,0.0,0,0.000,21.840,0.000,0.0,0.0,0.0,0,134327.8503,21590.6326
86.749,1475,1738,Running,18,0.00,1,0,0,0,-1.0000,0.0,0,0.000,21.840,0.000,0.0,0.0,0.0,0,150058.2848,19367.0789
86.765,1519,1787,Running,18,0.00,1,0,0,0,-1.0000,0.0,0,0.000,21.840,0.000,0.0,0.0,0.0,0,155844.5288,22497.8138
86.782,1564,1837,Running,18,0.00,1,0,0,0,-1.0000,0.0,0,0.000,21.840,0.000,0.0,0.0,0.0,0,161982.0442,21232.6458
86.798,1609,1886,Running,18,0.00,1,0,0,0,-1.0000,0.0,0,0.000,21.840,0.000,0.0,0.0,0.0,0,166068.4468,23508.7106
86.815,1655,1933,Running,18,0.00,1,0,0,0,-1.0000,0.0,0,0.000,21.840,0.000,0.0,0.0,0.0,0,173293.5857,23508.7106
86.832,1702,1978,Running,18,0.00,1,0,0,0,-1.0000,0.0,0,0.000,21.840,0.000,0.0,0.0,0.0,0,191727.3787,22234.1663
86.849,1748,2020,Running,18,0.00,1,0,0,0,-1.0000,0.0,0,0.000,21.840,0.000,0.0,0.0,0.0,0,192076.8519,22545.6292
86.865,1793,2066,Running,18,0.00,1,0,0,0,-1.0000,0.0,0,0.000,21.840,0.000,0.0,0.0,0.0,0,159338.9070,21162.7246
86.882,1839,2110,Running,20,0.00,1,0,0,0,-1.0000,0.0,0,0.000,22.560,0.000,0.0,0.0,0.0,0,183148.7073,22624.1032
86.899,1884,2151,Running,20,0.00,1,0,0,0,-1.0000,0.0,0,0.000,22.560,0.000,0.0,0.0,0.0,0,224320.9370,20308.9351
86.915,1928,2196,Running,21,0.00,1,0,0,0,-1.0000,0.0,0,0.000,22.560,0.000,0.0,0.0,0.0,0,164661.7133,22578.8434
86.932,1973,2239,Running,21,0.00,1,0,0,0,-1.0000,0.0,0,0.000,22.560,0.000,0.0,0.0,0.0,0,229881.2212,22247.8639
86.949,2017,2283,Running,21,0.00,1,0,0,0,-1.0000,0.0,0,0.000,22.560,0.000,0.0,0.0,0.0,0,186376.9516,21884.2287
86.965,2062,2326,Running,21,0.00,1,0,0,0,-1.0000,0.0,0,0.000,22.560,0.000,0.0,0.0,0.0,0,249973.7595,21884.2287
86.983,2106,2372,Running,21,0.00,1,0,0,0,-1.0000,0.0,0,0.000,22.560,0.000,0.0,0.0,0.0,0,188678.2068,22810.0765
86.999,2150,2415,Running,21,0.00,1,0,0,0,-1.0000,0.0,0,0.000,22.560,0.000,0.0,0.0,0.0,0,240179.4866,22100.0739
87.015,2195,2462,Running,21,0.00,1,0,0,0,-1.0000,0.0,0,0.000,22.560,0.000,0.0,0.0,0.0,0,253962.7376,22831.5920
87.032,2240,2512,Running,21,0.00,1,0,0,0,-1.0000,0.0,0,0.000,22.560,0.000,0.0,0.0,0.0,0,211667.1319,21774.6126
87.049,2286,2563,Running,21,0.00,1,0,0,0,-1.0000,0.0,0,0.000,22.560,0.000,0.0,0.0,0.0,0,239125.3578,19926.1536
87.065,2332,2613,Running,21,0.00,1,0,0,0,-1.0000,0.0,0,0.000,22.560,0.000,0.0,0.0,0.0,0,251594.8879,19926.1536
87.082,2379,2662,Running,32,0.00,1,0,0,0,-1.0000,0.0,0,0.000,23.120,0.000,0.0,0.0,0.0,0,258160.6264,22983.0755
87.098,2427,2721,Running,32,0.00,1,0,0,0,-1.0000,0.0,0,0.000,23.280,0.000,0.0,0.0,0.0,0,267478.6203,21246.9357
87.115,2478,2797,Running,32,0.00,1,0,0,0,-1.0000,0.0,0,0.000,23.280,0.000,0.0,0.0,0.0,0,287538.6950,21591.2267
87.132,2533,2880,Running,32,0.00,1,0,0,0,-1.0000,0.0,0,0.000,23.280,0.000,0.0,0.0,0.0,0,304521.5932,21769.7452
87.149,2594,2972,Running,32,0.00,1,0,0,0,-1.0000,0.0,0,0.000,23.280,0.000,0.0,0.0,0.0,0,334792.0814,20676.9784
87.165,2660,3070,Running,32,0.00,1,0,0,0,-1.0000,0.0,0,0.000,23.280,0.000,0.0,0.0,0.0,0,359986.0021,21672.0350
87.182,2731,3175,Running,32,0.00,1,0,0,0,-1.0000,0.0,0,0.000,23.280,0.000,0.0,0.0,0.0,0,332646.1064,21672.0350
87.198,2807,3278,Running,34,0.00,1,0,0,0,-1.0000,0.0,0,0.000,23.280,0.000,0.0,0.0,0.0,0,390796.4849,20016.8068
87.215,2888,3387,Running,34,0.00,1,0,0,0,-1.0000,0.0,0,0.000,23.280,0.000,0.0,0.0,0.0,0,379175.9116,19129.6515
87.232,2974,3504,Running,34,0.00,1,0,0,0,-1.0000,0.0,0,0.000,23.280,0.000,0.0,0.0,0.0,0,389691.8474,16723.7915
87.249,3065,3623,Running,34,0.00,1,0,0,0,-1.0000,0.0,0,0.000,23.280,0.000,0.0,0.0,0.0,0,413302.6422,19666.6759
87.265,3161,3745,Running,34,0.00,1,0,0,0,-1.0000,0.0,0,0.000,23.280,0.000,0.0,0.0,0.0,0,431425.2311,17222.9210
87.282,3260,3868,Running,34,0.00,1,0,0,0,-1.0000,0.0,0,0.000,23.280,0.000,0.0,0.0,0.0,0,453483.0679,16499.7654
87.298,3364,3995,Running,34,0.00,1,0,0,0,-1.0000,0.0,0,0.000,23.280,0.000,0.0,0.0,0.0,0,444618.0030,18940.9325
87.315,3471,4122,Running,34,0.00,1,0,0,0,-1.0000,0.0,0,0.000,23.280,0.000,0.0,0.0,0.0,0,469990.1929,18940.9325
87.332,3581,4246,Running,34,0.00,1,0,0,0,-1.0000,0.0,0,0.000,23.280,0.000,0.0,0.0,0.0,0,473622.9378,16526.1257
87.349,3693,4370,Running,34,0.00,1,0,0,0,-1.0000,0.0,0,0.000,23.280,0.000,0.0,0.0,0.0,0,502123.7796,16233.1236
87.365,3807,4491,Running,35,0.00,1,0,0,0,-1.0000,0.0,0,0.000,23.280,0.000,0.0,0.0,0.0,0,512273.1145,13232.6333
87.382,3921,4610,Running,35,0.00,1,0,0,0,-1.0000,0.0,0,0.000,25.680,0.000,0.0,0.0,0.0,0,517682.9519,16556.8973
87.399,4037,4730,Running,35,0.00,1,0,0,0,-1.0000,0.0,0,0.000,25.680,0.000,0.0,0.0,0.0,0,528777.3710,18115.1107
87.415,4153,4847,Running,35,0.00,1,0,0,0,-1.0000,0.0,0,0.000,25.680,0.000,0.0,0.0,0.0,0,551487.4625,17640.9176
87.432,4269,4961,Running,35,0.00,1,0,0,0,-1.0000,0.0,0,0.000,25.680,0.000,0.0,0.0,0.0,0,570383.2161,19558.3770
87.449,4384,5074,Running,35,0.00,1,0,0,0,-1.0000,0.0,0,0.000,25.680,0.000,0.0,0.0,0.0,0,568305.7138,17468.2510
87.465,4499,5186,Running,35,0.00,1,0,0,0,-1.0000,0.0,0,0.000,25.680,0.000,0.0,0.0,0.0,0,583284.9260,16326.5279
87.482,4613,5292,Running,35,0.00,1,0,0,0,-1.0000,0.0,0,0.000,26.560,0.000,0.0,0.0,0.0,0,602078.5560,16778.8654
87.499,4726,5399,Running,35,0.00,1,0,0,0,-1.0000,0.0,0,0.000,26.560,0.000,0.0,0.0,0.0,0,610476.3768,16637.6362
87.515,4837,5502,Running,35,0.00,1,0,0,0,-1.0000,0.0,0,0.000,26.560,0.000,0.0,0.0,0.0,0,617830.2853,15346.1707
87.532,4948,5603,Running,35,0.00,1,0,0,0,-1.0000,0.0,0,0.000,26.560,0.000,0.0,0.0,0.0,0,625965.5525,17555.8000
87.549,5056,5701,Running,35,0.00,1,0,0,0,-1.0000,0.0,0,0.000,26.560,0.000,0.0,0.0,0.0,0,641916.6863,18572.4718
87.565,5163,5797,Running,35,0.00,1,0,0,0,-1.0000,0.0,0,0.000,26.560,0.000,0.0,0.0,0.0,0,657747.4299,19816.6987
87.582,5268,5894,Running,39,0.00,1,0,0,0,-1.0000,0.0,0,0.000,26.560,0.000,0.0,0.0,0.0,0,649943.8728,17268.3124
87.599,5372,5995,Running,40,0.00,1,0,0,0,-1.0000,0.0,0,0.000,27.600,0.000,0.0,0.0,0.0,0,686986.5269,19198.2086
87.615,5476,6100,Running,40,0.00,1,0,0,0,-1.0000,0.0,0,0.000,27.760,0.000,0.0,0.0,0.0,0,702947.8829,19198.2086
87.632,5581,6206,Running,40,0.00,1,0,0,0,-1.0000,0.0,0,0.000,27.760,0.000,0.0,0.0,0.0,0,717467.2991,19242.1502
87.649,5686,6313,Running,40,0.00,1,0,0,0,-1.0000,0.0,0,0.000,27.760,0.000,0.0,0.0,0.0,0,734360.3466,19423.9308
87.665,5791,6418,Running,40,0.00,1,0,0,0,-1.0000,0.0,0,0.000,27.760,0.000,0.0,0.0,0.0,0,750060.4913,19314.7706
87.682,5895,6522,Running,40,0.00,1,0,0,0,-1.0000,0.0,0,0.000,27.760,0.000,0.0,0.0,0.0,0,764549.9588,19793.2208
87.699,6000,6624,Running,40,0.00,1,0,0,0,-1.0000,0.0,0,0.000,27.760,0.000,0.0,0.0,0.0,0,766817.4850,18269.6594
87.715,6104,6722,Running,40,0.00,1,0,0,0,-1.0000,0.0,0,0.000,27.760,0.000,0.0,0.0,0.0,0,777406.6043,18488.9276
87.732,6206,6821,Running,40,0.00,1,0,0,0,-1.0000,0.0,0,0.000,27.760,0.000,0.0,0.0,0.0,0,794300.0094,17707.4962
87.749,6309,6915,Running,40,0.00,1,0,0,0,-1.0000,0.0,0,0.000,28.960,0.000,0.0,0.0,0.0,0,798360.6464,17397.1878
87.765,6410,7011,Running,40,0.00,1,0,0,0,-1.0000,0.0,0,0.000,28.960,0.000,0.0,0.0,0.0,0,807193.2945,17391.4879
87.782,6509,7103,Running,40,0.00,1,0,0,0,-1.0000,0.0,0,0.000,28.960,0.000,0.0,0.0,0.0,0,817671.0241,18211.1008
87.798,6608,7193,Running,40,0.00,1,0,0,0,-1.0000,0.0,0,0.000,28.960,0.000,0.0,0.0,0.0,0,825826.5151,18603.7019
87.815,6705,7281,Running,40,0.00,1,0,0,0,-1.0000,0.0,0,0.000,28.960,0.000,0.0,0.0,0.0,0,833268.0540,17903.2787
87.832,6800,7367,Running,40,0.00,1,0,0,0,-1.0000,0.0,0,0.000,28.960,0.000,0.0,0.0,0.0,0,842174.3398,18866.3760
87.849,6894,7452,Running,40,0.00,1,0,0,0,-1.0000,0.0,0,0.000,28.960,0.000,0.0,0.0,0.0,0,851260.4576,17209.5373
87.865,6987,7537,Running,40,0.00,1,0,0,0,-1.0000,0.0,0,0.000,28.960,0.000,0.0,0.0,0.0,0,859517.3804,18456.2034
87.882,7078,7617,Running,40,0.00,1,0,0,0,-1.0000,0.0,0,0.000,28.960,0.000,0.0,0.0,0.0,0,860839.9466,17559.0884
87.899,7167,7699,Running,40,0.00,1,0,0,0,-1.0000,0.0,0,0.000,28.960,0.000,0.0,0.0,0.0,0,877048.9405,16565.7616
87.915,7255,7777,Running,40,0.00,1,0,0,0,-1.0000,0.0,0,0.000,28.960,0.000,0.0,0.0,0.0,0,873611.6449,15395.8590
87.932,7342,7856,Running,40,0.00,1,0,0,0,-1.0000,0.0,0,0.000,28.960,0.000,0.0,0.0,0.0,0,889295.0245,16465.3762
87.949,7427,7932,Running,40,0.00,1,0,0,0,-1.0000,0.0,0,0.000,28.960,0.000,0.0,0.0,0.0,0,894245.0096,15111.4403
87.965,7510,8006,Running,40,0.00,1,0,0,0,-1.0000,0.0,0,0.000,28.960,0.000,0.0,0.0,0.0,0,900709.2274,15111.4403
87.982,7592,8078,Running,40,0.00,1,0,0,0,-1.0000,0.0,0,0.000,28.960,0.000,0.0,0.0,0.0,0,904986.0686,16398.0826
87.999,7673,8152,Running,40,0.00,1,0,0,0,-1.0000,0.0,0,0.000,28.960,0.000,0.0,0.0,0.0,0,912748.0357,16215.0691
88.015,7752,8222,Running,40,0.00,1,0,0,0,-1.0000,0.0,0,0.000,28.960,0.000,0.0,0.0,0.0,0,918554.2595,17153.0883
88.032,7829,8290,Running,40,0.00,1,0,0,0,-1.0000,0.0,0,0.000,28.960,0.000,0.0,0.0,0.0,0,921186.9653,16134.9023
88.048,7906,8359,Running,40,0.00,1,0,0,0,-1.0000,0.0,0,0.000,28.960,0.000,0.0,0.0,0.0,0,928395.2297,17739.9807
88.065,7981,8426,Running,40,0.00,1,0,0,0,-1.0000,0.0,0,0.000,32.720,0.000,0.0,0.0,0.0,0,937879.8640,15830.3530
88.082,8054,8491,Running,40,0.00,1,0,0,0,-1.0000,0.0,0,0.000,32.720,0.000,0.0,0.0,0.0,0,936947.6568,16084.3595
88.099,8127,8554,Running,40,0.00,1,0,0,0,-1.0000,0.0,0,0.000,32.720,0.000,0.0,0.0,0.0,0,943748.0075,15602.1404
88.115,8197,8616,Running,40,0.00,1,0,0,0,-1.0000,0.0,0,0.000,32.720,0.000,0.0,0.0,0.0,0,947473.7495,16540.4076
88.132,8266,8677,Running,40,0.00,1,0,0,0,-1.0000,0.0,0,0.000,32.720,0.000,0.0,0.0,0.0,0,954666.4309,16553.4377
88.149,8334,8736,Running,40,0.00,1,0,0,0,-1.0000,0.0,0,0.000,32.720,0.000,0.0,0.0,0.0,0,952449.9616,16140.8899
88.165,8401,8794,Running,40,0.00,1,0,0,0,-1.0000,0.0,0,0.000,32.720,0.000,0.0,0.0,0.0,0,962454.8456,15591.3833
88.182,8466,8851,Running,40,0.00,1,0,0,0,-1.0000,0.0,0,0.000,32.720,0.000,0.0,0.0,0.0,0,967632.1603,15655.2388
88.199,8529,8908,Running,40,0.00,1,0,0,0,-1.0000,0.0,0,0.000,32.720,0.000,0.0,0.0,0.0,0,970927.5652,16860.1555
88.215,8592,8963,Running,39,0.00,1,0,0,0,-1.0000,0.0,0,0.000,32.720,0.000,0.0,0.0,0.0,0,975611.5483,15709.2842
88.232,8653,9016,Running,39,0.00,1,0,0,0,-1.0000,0.0,0,0.000,32.720,0.000,0.0,0.0,0.0,0,973061.3235,16893.7595
88.249,8713,9066,Running,38,0.00,1,0,0,0,-1.0000,0.0,0,0.000,34.720,0.000,0.0,0.0,0.0,0,974650.3568,16244.7714
88.265,8771,9114,Running,38,0.00,1,0,0,0,-1.0000,0.0,0,0.000,34.720,0.000,0.0,0.0,0.0,0,973939.4095,16244.7714
88.282,8827,9160,Running,38,0.00,1,0,0,0,-1.0000,0.0,0,0.000,34.720,0.000,0.0,0.0,0.0,0,975583.0354,15584.0001
88.299,8882,9206,Running,38,0.00,1,0,0,0,-1.0000,0.0,0,0.000,34.720,0.000,0.0,0.0,0.0,0,979865.8466,16472.3759
88.315,8936,9251,Running,38,0.00,1,0,0,0,-1.0000,0.0,0,0.000,34.720,0.000,0.0,0.0,0.0,0,985402.5603,16189.7071
88.332,8988,9295,Running,38,0.00,1,0,0,0,-1.0000,0.0,0,0.000,34.720,0.000,0.0,0.0,0.0,0,986386.2225,15797.5537
88.349,9033,9250,Running,38,0.00,1,0,0,0,-1.0000,0.0,0,0.000,34.720,0.000,0.0,0.0,0.0,0,427825.9909,15797.5537
88.365,9060,9177,Running,38,0.00,1,0,0,0,-1.0000,0.0,0,0.000,34.720,0.000,0.0,0.0,0.0,0,144432.6629,15276.6839
88.382,9073,9104,Running,38,0.00,1,0,0,0,-1.0000,0.0,0,0.000,34.720,0.000,0.0,0.0,0.0,0,134565.9639,15387.2601
88.398,9072,9032,Running,38,0.00,1,0,0,0,-1.0000,0.0,0,0.000,34.720,0.000,0.0,0.0,0.0,0,130784.8245,8219.2883
88.415,9060,8959,Running,37,0.00,1,0,0,0,-1.0000,0.0,0,0.000,34.720,0.000,0.0,0.0,0.0,0,129663.6999,15017.8504
88.432,9039,8888,Running,37,0.00,1,0,0,0,-1.0000,0.0,0,0.000,36.960,0.000,0.0,0.0,0.0,0,127182.6214,17704.7993
88.449,9013,8887,Running,36,0.00,1,0,0,0,-1.0000,0.0,0,0.000,36.960,0.000,0.0,0.0,0.0,0,481636.4058,16285.8612
88.465,8998,8937,Running,36,0.00,1,0,0,0,-1.0000,0.0,0,0.000,37.200,0.000,0.0,0.0,0.0,0,971707.8614,17047.6413
88.482,8992,8981,Running,36,0.00,1,0,0,0,-1.0000,0.0,0,0.000,37.200,0.000,0.0,0.0,0.0,0,948771.4072,17600.8753
88.499,8994,9023,Running,36,0.00,1,0,0,0,-1.0000,0.0,0,0.000,37.200,0.000,0.0,0.0,0.0,0,946239.6027,17600.8753
88.515,9001,9063,Running,36,0.00,1,0,0,0,-1.0000,0.0,0,0.000,37.200,0.000,0.0,0.0,0.0,0,946062.2249,14821.7953
88.532,9014,9101,Running,36,0.00,1,0,0,0,-1.0000,0.0,0,0.000,37.200,0.000,0.0,0.0,0.0,0,940071.0959,14985.1904
88.548,9030,9137,Running,36,0.00,1,0,0,0,-1.0000,0.0,0,0.000,37.200,0.000,0.0,0.0,0.0,0,932557.5826,14716.0694
88.565,9049,9172,Running,36,0.00,1,0,0,0,-1.0000,0.0,0,0.000,37.200,0.000,0.0,0.0,0.0,0,933227.7488,13349.7120
88.582,9071,9207,Running,36,0.00,1,0,0,0,-1.0000,0.0,0,0.000,37.200,0.000,0.0,0.0,0.0,0,932399.0307,16765.3939
88.599,9094,9242,Running,36,0.00,1,0,0,0,-1.0000,0.0,0,0.000,37.200,0.000,0.0,0.0,0.0,0,939332.9773,16078.8585
88.615,9120,9275,Running,36,0.00,1,0,0,0,-1.0000,0.0,0,0.000,37.200,0.000,0.0,0.0,0.0,0,936051.5761,17243.3767
88.632,9146,9298,Running,36,0.00,1,0,0,0,-1.0000,0.0,0,0.000,37.200,0.000,0.0,0.0,0.0,0,935960.6786,15717.9334
88.649,9164,9226,Running,36,0.00,1,0,0,0,-1.0000,0.0,0,0.000,39.120,0.000,0.0,0.0,0.0,0,154587.9243,16171.5613
88.665,9167,9152,Running,36,0.00,1,0,0,0,-1.0000,0.0,0,0.000,39.120,0.000,0.0,0.0,0.0,0,130283.9125,18702.9672
88.682,9159,9079,Running,36,0.00,1,0,0,0,-1.0000,0.0,0,0.000,39.120,0.000,0.0,0.0,0.0,0,124141.5502,8942.0676
88.699,9141,9007,Running,36,0.00,1,0,0,0,-1.0000,0.0,0,0.000,39.120,0.000,0.0,0.0,0.0,0,123105.7345,16901.8689
88.715,9115,8935,Running,36,0.00,1,0,0,0,-1.0000,0.0,0,0.000,39.120,0.000,0.0,0.0,0.0,0,122902.3370,16539.6906
88.732,9081,8863,Running,36,0.00,1,0,0,0,-1.0000,0.0,0,0.000,39.120,0.000,0.0,0.0,0.0,0,123422.3035,17405.9806
88.749,9051,8911,Running,36,0.00,1,0,0,0,-1.0000,0.0,0,0.000,39.120,0.000,0.0,0.0,0.0,0,840236.2301,17054.5709
88.765,9033,8956,Running,36,0.00,1,0,0,0,-1.0000,0.0,0,0.000,39.120,0.000,0.0,0.0,0.0,0,950383.9050,17439.9175
88.782,9025,8998,Running,36,0.00,1,0,0,0,-1.0000,0.0,0,0.000,39.120,0.000,0.0,0.0,0.0,0,944645.3907,17377.2698
88.799,9024,9038,Running,36,0.00,1,0,0,0,-1.0000,0.0,0,0.000,39.120,0.000,0.0,0.0,0.0,0,944319.9555,15746.0888
88.815,9029,9077,Running,36,0.00,1,0,0,0,-1.0000,0.0,0,0.000,39.120,0.000,0.0,0.0,0.0,0,939160.6926,15221.5421
88.832,9039,9113,Running,37,0.00,1,0,0,0,-1.0000,0.0,0,0.000,40.960,0.000,0.0,0.0,0.0,0,936901.3301,14623.7432
88.848,9053,9150,Running,36,0.00,1,0,0,0,-1.0000,0.0,0,0.000,40.960,0.000,0.0,0.0,0.0,0,941859.7529,16249.1191
88.865,9071,9187,Running,36,0.00,1,0,0,0,-1.0000,0.0,0,0.000,40.960,0.000,0.0,0.0,0.0,0,940236.7781,15861.2178
88.882,9092,9223,Running,36,0.00,1,0,0,0,-1.0000,0.0,0,0.000,40.960,0.000,0.0,0.0,0.0,0,939187.7889,16970.8518
88.899,9115,9258,Running,36,0.00,1,0,0,0,-1.0000,0.0,0,0.000,40.960,0.000,0.0,0.0,0.0,0,933909.7108,14049.3895
88.915,9139,9290,Running,36,0.00,1,0,0,0,-1.0000,0.0,0,0.000,40.960,0.000,0.0,0.0,0.0,0,936816.0824,16514.1954
88.932,9162,9261,Running,36,0.00,1,0,0,0,-1.0000,0.0,0,0.000,40.960,0.000,0.0,0.0,0.0,0,545632.7073,16132.7217
88.949,9172,9188,Running,36,0.00,1,0,0,0,-1.0000,0.0,0,0.000,40.960,0.000,0.0,0.0,0.0,0,133088.5763,15170.8845
88.965,9168,9114,Running,36,0.00,1,0,0,0,-1.0000,0.0,0,0.000,40.960,0.000,0.0,0.0,0.0,0,125760.4824,16693.0938
88.982,9154,9042,Running,36,0.00,1,0,0,0,-1.0000,0.0,0,0.000,40.960,0.000,0.0,0.0,0.0,0,122845.1950,11293.3760
88.999,9131,8969,Running,36,0.00,1,0,0,0,-1.0000,0.0,0,0.000,40.960,0.000,0.0,0.0,0.0,0,123008.0095,11293.3760
89.015,9101,8898,Running,36,0.00,1,0,0,0,-1.0000,0.0,0,0.000,40.960,0.000,0.0,0.0,0.0,0,123257.0616,17527.7502
89.032,9066,8884,Running,36,0.00,1,0,0,0,-1.0000,0.0,0,0.000,42.880,0.000,0.0,0.0,0.0,0,423708.2811,16348.3754
89.049,9042,8934,Running,36,0.00,1,0,0,0,-1.0000,0.0,0,0.000,42.880,0.000,0.0,0.0,0.0,0,965674.7141,17251.0557
89.065,9029,8977,Running,36,0.00,1,0,0,0,-1.0000,0.0,0,0.000,42.880,0.000,0.0,0.0,0.0,0,946285.2666,19820.0537
89.082,9024,9018,Running,36,0.00,1,0,0,0,-1.0000,0.0,0,0.000,42.880,0.000,0.0,0.0,0.0,0,940450.8921,16185.2280
89.099,9026,9057,Running,36,0.00,1,0,0,0,-1.0000,0.0,0,0.000,42.880,0.000,0.0,0.0,0.0,0,940883.1055,15139.9789
89.116,9034,9094,Running,36,0.00,1,0,0,0,-1.0000,0.0,0,0.000,42.880,0.000,0.0,0.0,0.0,0,936333.2277,15139.9789
89.132,9046,9131,Running,36,0.00,1,0,0,0,-1.0000,0.0,0,0.000,42.880,0.000,0.0,0.0,0.0,0,932529.9457,16473.1715
89.149,9062,9166,Running,36,0.00,1,0,0,0,-1.0000,0.0,0,0.000,42.880,0.000,0.0,0.0,0.0,0,934272.1055,16351.5343
89.165,9081,9202,Running,36,0.00,1,0,0,0,-1.0000,0.0,0,0.000,42.880,0.000,0.0,0.0,0.0,0,933198.0262,14984.3427
89.182,9102,9237,Running,36,0.00,1,0,0,0,-1.0000,0.0,0,0.000,42.880,0.000,0.0,0.0,0.0,0,934996.3715,16578.1754
89.199,9126,9268,Running,33,0.00,1,0,0,0,-1.0000,0.0,0,0.000,42.880,0.000,0.0,0.0,0.0,0,929399.1043,16999.4446
89.215,9150,9293,Running,33,0.00,1,0,0,0,-1.0000,0.0,0,0.000,44.640,0.000,0.0,0.0,0.0,0,896462.2395,16645.8420
89.232,9171,9264,Running,30,0.00,1,0,0,0,-1.0000,0.0,0,0.000,44.640,0.000,0.0,0.0,0.0,0,547568.4427,16720.8081
89.249,9180,9190,Running,30,0.00,1,0,0,0,-1.0000,0.0,0,0.000,44.640,0.000,0.0,0.0,0.0,0,112797.5207,15764.0264
89.265,9175,9117,Running,30,0.00,1,0,0,0,-1.0000,0.0,0,0.000,44.640,0.000,0.0,0.0,0.0,0,109891.5589,15764.0264
89.282,9161,9044,Running,30,0.00,1,0,0,0,-1.0000,0.0,0,0.000,44.640,0.000,0.0,0.0,0.0,0,105638.8861,9013.5341
89.299,9137,8971,Running,30,0.00,1,0,0,0,-1.0000,0.0,0,0.000,44.640,0.000,0.0,0.0,0.0,0,101552.7315,16126.4423
89.315,9106,8899,Running,30,0.00,1,0,0,0,-1.0000,0.0,0,0.000,44.640,0.000,0.0,0.0,0.0,0,98399.7927,16784.1472
89.332,9069,8862,Running,30,0.00,1,0,0,0,-1.0000,0.0,0,0.000,44.640,0.000,0.0,0.0,0.0,0,312497.8445,16471.8650
89.349,9039,8879,Running,30,0.00,1,0,0,0,-1.0000,0.0,0,0.000,44.640,0.000,0.0,0.0,0.0,0,817515.5964,16500.0491
89.365,9015,8889,Running,30,0.00,1,0,0,0,-1.0000,0.0,0,0.000,44.640,0.000,0.0,0.0,0.0,0,772305.3650,18922.2935
89.382,8997,8898,Running,30,0.00,1,0,0,0,-1.0000,0.0,0,0.000,44.640,0.000,0.0,0.0,0.0,0,758343.6673,18922.2935
89.399,8982,8904,Running,26,0.00,1,0,0,0,-1.0000,0.0,0,0.000,44.640,0.000,0.0,0.0,0.0,0,746004.4480,15617.4563
89.415,8970,8901,Running,26,0.00,1,0,0,0,-1.0000,0.0,0,0.000,44.640,0.000,0.0,0.0,0.0,0,698729.0134,15849.3189
89.432,8959,8892,Running,24,0.00,1,0,0,0,-1.0000,0.0,0,0.000,46.400,0.000,0.0,0.0,0.0,0,656110.5796,17691.3986
89.449,8947,8879,Running,24,0.00,1,0,0,0,-1.0000,0.0,0,0.000,46.400,0.000,0.0,0.0,0.0,0,624734.7525,15503.8675
89.465,8936,8862,Running,24,0.00,1,0,0,0,-1.0000,0.0,0,0.000,46.400,0.000,0.0,0.0,0.0,0,601589.6214,17917.0591
89.482,8923,8845,Running,24,0.00,1,0,0,0,-1.0000,0.0,0,0.000,46.400,0.000,0.0,0.0,0.0,0,587820.4704,16957.9520
89.499,8909,8825,Running,24,0.00,1,0,0,0,-1.0000,0.0,0,0.000,46.400,0.000,0.0,0.0,0.0,0,585105.4081,16929.5193
89.515,8895,8805,Running,24,0.00,1,0,0,0,-1.0000,0.0,0,0.000,46.400,0.000,0.0,0.0,0.0,0,580985.4535,16929.5193
89.532,8880,8786,Running,24,0.00,1,0,0,0,-1.0000,0.0,0,0.000,46.400,0.000,0.0,0.0,0.0,0,571223.9777,17077.7926
89.549,8864,8766,Running,24,0.00,1,0,0,0,-1.0000,0.0,0,0.000,46.400,0.000,0.0,0.0,0.0,0,569143.6121,17255.0883
89.554,8847,8746,Running,24,0.00,1,0,0,0,-1.0000,0.0,0,0.000,46.400,0.000,0.0,0.0,0.0,0,573349.9473,16941.1313
89.554,8830,8727,Running,24,0.00,1,0,0,0,-1.0000,0.0,0,0.000,46.400,0.000,0.0,0.0,0.0,0,573990.3061,16456.7637
89.599,8813,8705,Running,14,0.00,1,0,0,0,-1.0000,0.0,0,0.000,47.440,0.000,0.0,0.0,0.0,0,552546.6405,16982.3443
89.615,8793,8670,Running,14,0.00,1,0,0,0,-1.0000,0.0,0,0.000,47.520,0.000,0.0,0.0,0.0,0,468592.5246,17375.6005
89.632,8771,8627,Running,13,0.00,1,0,0,0,-1.0000,0.0,0,0.000,47.520,0.000,0.0,0.0,0.0,0,389571.5352,16637.9305
89.649,8745,8578,Running,13,0.00,1,0,0,0,-1.0000,0.0,0,0.000,47.520,0.000,0.0,0.0,0.0,0,333939.8036,17682.8333
89.665,8715,8527,Running,13,0.00,1,0,0,0,-1.0000,0.0,0,0.000,47.520,0.000,0.0,0.0,0.0,0,283071.2747,14510.8268
89.682,8682,8474,Running,13,0.00,1,0,0,0,-1.0000,0.0,0,0.000,47.520,0.000,0.0,0.0,0.0,0,271664.4371,16864.6734
89.699,8646,8421,Running,13,0.00,1,0,0,0,-1.0000,0.0,0,0.000,47.520,0.000,0.0,0.0,0.0,0,248918.5970,16403.9868
89.715,8607,8367,Running,13,0.00,1,0,0,0,-1.0000,0.0,0,0.000,47.520,0.000,0.0,0.0,0.0,0,246133.2260,17469.3557
89.732,8566,8314,Running,13,0.00,1,0,0,0,-1.0000,0.0,0,0.000,47.520,0.000,0.0,0.0,0.0,0,243171.2197,17684.8382
89.749,8523,8260,Running,13,0.00,1,0,0,0,-1.0000,0.0,0,0.000,47.520,0.000,0.0,0.0,0.0,0,234472.9374,16748.9098
89.765,8478,8207,Running,13,0.00,1,0,0,0,-1.0000,0.0,0,0.000,47.520,0.000,0.0,0.0,0.0,0,231174.8649,17003.6270
89.783,8432,8153,Running,4,0.00,1,0,0,0,-1.0000,0.0,0,0.000,47.520,0.000,0.0,0.0,0.0,0,228833.9289,17258.8820
89.799,8385,8097,Running,4,0.00,1,0,0,0,-1.0000,0.0,0,0.000,47.920,0.000,0.0,0.0,0.0,0,180026.1022,16695.5034
89.816,8336,8038,Running,4,0.00,1,0,0,0,-1.0000,0.0,0,0.000,47.920,0.000,0.0,0.0,0.0,0,126458.2463,18558.0742
89.832,8286,7978,Running,4,0.00,1,0,0,0,-1.0000,0.0,0,0.000,47.920,0.000,0.0,0.0,0.0,0,97115.8258,18896.9809
89.849,8234,7918,Running,4,0.00,1,0,0,0,-1.0000,0.0,0,0.000,47.920,0.000,0.0,0.0,0.0,0,84742.7726,18606.8499
89.865,8180,7856,Running,0,0.00,1,0,0,0,-1.0000,0.0,0,0.000,48.080,0.000,0.0,0.0,0.0,0,71292.3746,17288.3842
89.882,8125,7794,Running,0,0.00,1,0,0,0,-1.0000,0.0,0,0.000,48.080,0.000,0.0,0.0,0.0,0,53920.6286,16579.1231
89.899,8069,7732,Running,0,0.00,1,0,0,0,-1.0000,0.0,0,0.000,48.080,0.000,0.0,0.0,0.0,0,55728.7010,16088.2822
89.915,8013,7669,Running,0,0.00,1,0,0,0,-1.0000,0.0,0,0.000,48.080,0.000,0.0,0.0,0.0,0,54493.5440,15270.3640
89.932,7955,7607,Running,0,0.00,1,0,0,0,-1.0000,0.0,0,0.000,48.080,0.000,0.0,0.0,0.0,0,44009.2706,14778.4952
89.949,7896,7545,Running,0,0.00,1,0,0,0,-1.0000,0.0,0,0.000,48.080,0.000,0.0,0.0,0.0,0,52641.5807,15283.2491
89.965,7837,7483,Running,0,0.00,1,0,0,0,-1.0000,0.0,0,0.000,48.080,0.000,0.0,0.0,0.0,0,50506.2465,14929.8330
89.982,7778,7421,Running,0,0.00,1,0,0,0,-1.0000,0.0,0,0.000,48.080,0.000,0.0,0.0,0.0,0,41856.7283,14699.8986
89.999,7718,7360,Running,0,0.00,1,0,0,0,-1.0000,0.0,0,0.000,48.080,0.000,0.0,0.0,0.0,0,51918.5900,16875.0761
90.015,7658,7299,Running,0,0.00,1,0,0,0,-1.0000,0.0,0,0.000,48.080,0.000,0.0,0.0,0.0,0,54199.0217,17060.9812
90.032,7598,7238,Running,0,0.00,1,0,0,0,-1.0000,0.0,0,0.000,48.080,0.000,0.0,0.0,0.0,0,53164.5289,16748.9034
90.049,7538,7178,Running,0,0.00,1,0,0,0,-1.0000,0.0,0,0.000,48.080,0.000,0.0,0.0,0.0,0,50153.2997,19764.7131
90.065,7478,7118,Running,0,0.00,1,0,0,0,-1.0000,0.0,0,0.000,47.920,0.000,0.0,0.0,0.0,0,51797.9271,19764.7131
90.082,7418,7058,Running,0,0.00,1,0,0,0,-1.0000,0.0,0,0.000,47.920,0.000,0.0,0.0,0.0,0,47534.8920,20189.0954
90.099,7358,6999,Running,0,0.00,1,0,0,0,-1.0000,0.0,0,0.000,47.920,0.000,0.0,0.0,0.0,0,47451.0807,19500.0545
90.115,7298,6940,Running,0,0.00,1,0,0,0,-1.0000,0.0,0,0.000,47.920,0.000,0.0,0.0,0.0,0,53213.3978,17985.5904
90.132,7238,6881,Running,0,0.00,1,0,0,0,-1.0000,0.0,0,0.000,47.920,0.000,0.0,0.0,0.0,0,59044.0713,19853.9957
90.149,7179,6823,Running,0,0.00,1,0,0,0,-1.0000,0.0,0,0.000,47.920,0.000,0.0,0.0,0.0,0,48152.4758,19853.9957
90.165,7119,6765,Running,0,0.00,1,0,0,0,-1.0000,0.0,0,0.000,47.920,0.000,0.0,0.0,0.0,0,54419.5218,18769.6751
90.182,7060,6707,Running,0,0.00,1,0,0,0,-1.0000,0.0,0,0.000,47.920,0.000,0.0,0.0,0.0,0,54009.2710,19419.9682
90.199,7002,6650,Running,0,0.00,1,0,0,0,-1.0000,0.0,0,0.000,47.920,0.000,0.0,0.0,0.0,0,53962.1624,18119.8109
90.216,6943,6594,Running,0,0.00,1,0,0,0,-1.0000,0.0,0,0.000,47.920,0.000,0.0,0.0,0.0,0,49969.3632,19477.3191
90.232,6885,6537,Running,0,0.00,1,0,0,0,-1.0000,0.0,0,0.000,47.040,0.000,0.0,0.0,0.0,0,60246.7573,19477.3191
90.249,6827,6481,Running,0,0.00,1,0,0,0,-1.0000,0.0,0,0.000,47.040,0.000,0.0,0.0,0.0,0,53893.1203,19449.6481
90.265,6769,6425,Running,0,0.00,1,0,0,0,-1.0000,0.0,0,0.000,47.040,0.000,0.0,0.0,0.0,0,48602.3247,16845.0315
90.282,6712,6370,Running,0,0.00,1,0,0,0,-1.0000,0.0,0,0.000,47.040,0.000,0.0,0.0,0.0,0,51462.1510,18143.4282
90.299,6655,6315,Running,0,0.00,1,0,0,0,-1.0000,0.0,0,0.000,47.040,0.000,0.0,0.0,0.0,0,55072.5195,18674.6993
90.315,6598,6260,Running,0,0.00,1,0,0,0,-1.0000,0.0,0,0.000,47.040,0.000,0.0,0.0,0.0,0,53496.3042,18849.2292
90.332,6542,6206,Running,0,0.00,1,0,0,0,-1.0000,0.0,0,0.000,47.040,0.000,0.0,0.0,0.0,0,54831.5652,19109.5888
90.349,6486,6152,Running,0,0.00,1,0,0,0,-1.0000,0.0,0,0.000,47.040,0.000,0.0,0.0,0.0,0,57290.1243,18029.0296
90.365,6430,6098,Running,0,0.00,1,0,0,0,-1.0000,0.0,0,0.000,47.040,0.000,0.0,0.0,0.0,0,58701.5603,18872.1168
90.382,6375,6045,Running,0,0.00,1,0,0,0,-1.0000,0.0,0,0.000,47.040,0.000,0.0,0.0,0.0,0,57070.3587,17505.3747
90.399,6320,5992,Running,0,0.00,1,0,0,0,-1.0000,0.0,0,0.000,47.040,0.000,0.0,0.0,0.0,0,48888.7315,18992.2776
90.415,6265,5940,Running,0,0.00,1,0,0,0,-1.0000,0.0,0,0.000,46.080,0.000,0.0,0.0,0.0,0,57988.2865,17957.5349
90.432,6211,5887,Running,0,0.00,1,0,0,0,-1.0000,0.0,0,0.000,46.080,0.000,0.0,0.0,0.0,0,58002.3041,18079.3860
90.449,6157,5836,Running,0,0.00,1,0,0,0,-1.0000,0.0,0,0.000,46.080,0.000,0.0,0.0,0.0,0,50668.9274,18704.2134
90.465,6104,5784,Running,0,0.00,1,0,0,0,-1.0000,0.0,0,0.000,46.080,0.000,0.0,0.0,0.0,0,61317.8885,17803.4320
90.482,6051,5733,Running,0,0.00,1,0,0,0,-1.0000,0.0,0,0.000,46.080,0.000,0.0,0.0,0.0,0,51983.2133,17658.1954
90.499,5998,5682,Running,0,0.00,1,0,0,0,-1.0000,0.0,0,0.000,46.080,0.000,0.0,0.0,0.0,0,51440.7857,17209.6939
90.516,5945,5632,Running,0,0.00,1,0,0,0,-1.0000,0.0,0,0.000,46.080,0.000,0.0,0.0,0.0,0,62781.0210,18572.0088
90.532,5893,5581,Running,0,0.00,1,0,0,0,-1.0000,0.0,0,0.000,46.080,0.000,0.0,0.0,0.0,0,53208.9508,16696.8431
90.549,5841,5532,Running,0,0.00,1,0,0,0,-1.0000,0.0,0,0.000,46.080,0.000,0.0,0.0,0.0,0,50612.2387,18646.2670
90.565,5790,5482,Running,0,0.00,1,0,0,0,-1.0000,0.0,0,0.000,46.080,0.000,0.0,0.0,0.0,0,52994.6865,17915.0275
90.582,5738,5433,Running,0,0.00,1,0,0,0,-1.0000,0.0,0,0.000,46.080,0.000,0.0,0.0,0.0,0,55466.7579,17435.1479
90.599,5688,5384,Running,0,0.00,1,0,0,0,-1.0000,0.0,0,0.000,46.080,0.000,0.0,0.0,0.0,0,56632.1105,18050.3696
90.615,5637,5336,Running,0,0.00,1,0,0,0,-1.0000,0.0,0,0.000,46.080,0.000,0.0,0.0,0.0,0,54240.7654,18244.8528
90.632,5587,5287,Running,0,0.00,1,0,0,0,-1.0000,0.0,0,0.000,46.080,0.000,0.0,0.0,0.0,0,53136.7022,18064.3121
90.649,5537,5239,Running,0,0.00,1,0,0,0,-1.0000,0.0,0,0.000,46.080,0.000,0.0,0.0,0.0,0,55902.8806,18240.4449
90.665,5487,5191,Running,0,0.00,1,0,0,0,-1.0000,0.0,0,0.000,46.080,0.000,0.0,0.0,0.0,0,58290.6320,17918.9136
90.682,5438,5144,Running,0,0.00,1,0,0,0,-1.0000,0.0,0,0.000,46.080,0.000,0.0,0.0,0.0,0,53923.2656,17918.9136
90.699,5389,5097,Running,0,0.00,1,0,0,0,-1.0000,0.0,0,0.000,46.080,0.000,0.0,0.0,0.0,0,47206.5285,17768.3876
90.715,5341,5051,Running,0,0.00,1,0,0,0,-1.0000,0.0,0,0.000,46.080,0.000,0.0,0.0,0.0,0,58272.5681,16824.0993
90.732,5292,5005,Running,0,0.00,1,0,0,0,-1.0000,0.0,0,0.000,46.080,0.000,0.0,0.0,0.0,0,56870.7105,17287.1999
90.749,5245,4958,Running,0,0.00,1,0,0,0,-1.0000,0.0,0,0.000,46.080,0.000,0.0,0.0,0.0,0,47228.4010,17282.6297
90.765,5197,4913,Running,0,0.00,1,0,0,0,-1.0000,0.0,0,0.000,46.080,0.000,0.0,0.0,0.0,0,60236.8181,17313.1372
90.782,5150,4868,Running,0,0.00,1,0,0,0,-1.0000,0.0,0,0.000,46.080,0.000,0.0,0.0,0.0,0,49391.4901,17018.6966
90.799,5103,4823,Running,0,0.00,1,0,0,0,-1.0000,0.0,0,0.000,46.080,0.000,0.0,0.0,0.0,0,55741.4980,16241.2561
90.815,5056,4778,Running,0,0.00,1,0,0,0,-1.0000,0.0,0,0.000,46.080,0.000,0.0,0.0,0.0,0,57901.5854,16195.3953
90.832,5010,4734,Running,0,0.00,1,0,0,0,-1.0000,0.0,0,0.000,46.080,0.000,0.0,0.0,0.0,0,45740.5575,15401.5688
90.849,4964,4690,Running,0,0.00,1,0,0,0,-1.0000,0.0,0,0.000,46.080,0.000,0.0,0.0,0.0,0,54049.9260,17529.0982
90.865,4918,4646,Running,0,0.00,1,0,0,0,-1.0000,0.0,0,0.000,46.080,0.000,0.0,0.0,0.0,0,58625.4344,16278.9972
90.882,4873,4602,Running,0,0.00,1,0,0,0,-1.0000,0.0,0,0.000,46.080,0.000,0.0,0.0,0.0,0,53868.0877,17329.7947
90.899,4828,4559,Running,0,0.00,1,0,0,0,-1.0000,0.0,0,0.000,46.080,0.000,0.0,0.0,0.0,0,54540.1556,15705.7555
90.915,4783,4516,Running,0,0.00,1,0,0,0,-1.0000,0.0,0,0.000,46.080,0.000,0.0,0.0,0.0,0,50530.1065,15848.0499
90.932,4739,4474,Running,0,0.00,1,0,0,0,-1.0000,0.0,0,0.000,46.080,0.000,0.0,0.0,0.0,0,51913.9242,15848.0499
90.949,4695,4432,Running,0,0.00,1,0,0,0,-1.0000,0.0,0,0.000,42.800,0.000,0.0,0.0,0.0,0,53418.7892,17045.0302
90.965,4651,4390,Running,0,0.00,1,0,0,0,-1.0000,0.0,0,0.000,42.800,0.000,0.0,0.0,0.0,0,54040.8411,17069.1410
90.982,4608,4349,Running,0,0.00,1,0,0,0,-1.0000,0.0,0,0.000,42.800,0.000,0.0,0.0,0.0,0,50639.3623,18145.0010
90.999,4565,4307,Running,0,0.00,1,0,0,0,-1.0000,0.0,0,0.000,42.800,0.000,0.0,0.0,0.0,0,45564.7325,17163.1302
91.015,4522,4266,Running,0,0.00,1,0,0,0,-1.0000,0.0,0,0.000,42.800,0.000,0.0,0.0,0.0,0,46699.2791,18470.5812
91.032,4479,4225,Running,0,0.00,1,0,0,0,-1.0000,0.0,0,0.000,42.800,0.000,0.0,0.0,0.0,0,58353.8346,16690.5141
91.049,4437,4185,Running,0,0.00,1,0,0,0,-1.0000,0.0,0,0.000,42.800,0.000,0.0,0.0,0.0,0,50999.0203,17789.1632
91.065,4395,4145,Running,0,0.00,1,0,0,0,-1.0000,0.0,0,0.000,42.800,0.000,0.0,0.0,0.0,0,41888.0420,16738.5558
91.082,4353,4105,Running,0,0.00,1,0,0,0,-1.0000,0.0,0,0.000,42.800,0.000,0.0,0.0,0.0,0,61025.3730,16622.2208
91.099,4312,4065,Running,0,0.00,1,0,0,0,-1.0000,0.0,0,0.000,42.800,0.000,0.0,0.0,0.0,0,44623.4137,16999.0935
91.115,4271,4026,Running,0,0.00,1,0,0,0,-1.0000,0.0,0,0.000,42.800,0.000,0.0,0.0,0.0,0,56402.0771,17527.2576
91.132,4230,3987,Running,0,0.00,1,0,0,0,-1.0000,0.0,0,0.000,42.800,0.000,0.0,0.0,0.0,0,41655.7931,15360.2070
91.149,4190,3948,Running,0,0.00,1,0,0,0,-1.0000,0.0,0,0.000,42.800,0.000,0.0,0.0,0.0,0,56664.2579,15439.6700
91.165,4150,3910,Running,0,0.00,1,0,0,0,-1.0000,0.0,0,0.000,42.800,0.000,0.0,0.0,0.0,0,38338.0234,15952.9769
91.182,4110,3872,Running,0,0.00,1,0,0,0,-1.0000,0.0,0,0.000,42.800,0.000,0.0,0.0,0.0,0,57024.8617,17466.2863
91.199,4070,3834,Running,0,0.00,1,0,0,0,-1.0000,0.0,0,0.000,42.800,0.000,0.0,0.0,0.0,0,53744.0447,17106.2792
91.215,4031,3796,Running,0,0.00,1,0,0,0,-1.0000,0.0,0,0.000,42.800,0.000,0.0,0.0,0.0,0,41901.4326,17106.2792
91.232,3992,3759,Running,0,0.00,1,0,0,0,-1.0000,0.0,0,0.000,42.800,0.000,0.0,0.0,0.0,0,43378.4798,15105.5555
91.249,3953,3722,Running,0,0.00,1,0,0,0,-1.0000,0.0,0,0.000,42.800,0.000,0.0,0.0,0.0,0,54188.0347,17689.4201
91.265,3915,3686,Running,0,0.00,1,0,0,0,-1.0000,0.0,0,0.000,42.800,0.000,0.0,0.0,0.0,0,52170.6645,15798.3877
91.282,3877,3649,Running,0,0.00,1,0,0,0,-1.0000,0.0,0,0.000,42.800,0.000,0.0,0.0,0.0,0,49441.5738,16425.7212
91.299,3839,3613,Running,0,0.00,1,0,0,0,-1.0000,0.0,0,0.000,42.800,0.000,0.0,0.0,0.0,0,47997.4578,16548.6676
91.315,3801,3577,Running,0,0.00,1,0,0,0,-1.0000,0.0,0,0.000,42.800,0.000,0.0,0.0,0.0,0,46831.3087,16214.7072
91.332,3764,3541,Running,0,0.00,1,0,0,0,-1.0000,0.0,0,0.000,42.800,0.000,0.0,0.0,0.0,0,46049.8333,16214.7072
91.349,3727,3505,Running,0,0.00,1,0,0,0,-1.0000,0.0,0,0.000,42.800,0.000,0.0,0.0,0.0,0,44719.7137,15393.3201
91.365,3690,3470,Running,0,0.00,1,0,0,0,-1.0000,0.0,0,0.000,42.800,0.000,0.0,0.0,0.0,0,45233.8869,15855.7686
91.382,3653,3435,Running,0,0.00,1,0,0,0,-1.0000,0.0,0,0.000,42.800,0.000,0.0,0.0,0.0,0,42587.9770,13425.8163
91.399,3617,3401,Running,0,0.00,1,0,0,0,-1.0000,0.0,0,0.000,42.800,0.000,0.0,0.0,0.0,0,48492.2678,15772.3250
91.415,3581,3367,Running,0,0.00,1,0,0,0,-1.0000,0.0,0,0.000,42.800,0.000,0.0,0.0,0.0,0,54079.2737,14826.5060
91.432,3546,3333,Running,0,0.00,1,0,0,0,-1.0000,0.0,0,0.000,38.880,0.000,0.0,0.0,0.0,0,46595.3927,15084.2087
91.449,3510,3300,Running,0,0.00,1,0,0,0,-1.0000,0.0,0,0.000,38.880,0.000,0.0,0.0,0.0,0,39424.9971,15554.6910
91.465,3475,3266,Running,0,0.00,1,0,0,0,-1.0000,0.0,0,0.000,38.880,0.000,0.0,0.0,0.0,0,51419.8953,15448.8049
91.482,3440,3233,Running,0,0.00,1,0,0,0,-1.0000,0.0,0,0.000,38.880,0.000,0.0,0.0,0.0,0,45807.1561,15448.8049
91.499,3406,3200,Running,0,0.00,1,0,0,0,-1.0000,0.0,0,0.000,38.880,0.000,0.0,0.0,0.0,0,38232.8323,16158.4411
91.515,3372,3167,Running,0,0.00,1,0,0,0,-1.0000,0.0,0,0.000,38.880,0.000,0.0,0.0,0.0,0,54661.8761,17548.9464
91.532,3338,3135,Running,0,0.00,1,0,0,0,-1.0000,0.0,0,0.000,38.880,0.000,0.0,0.0,0.0,0,34669.3752,18642.4692
91.549,3304,3104,Running,0,0.00,1,0,0,0,-1.0000,0.0,0,0.000,38.880,0.000,0.0,0.0,0.0,0,55878.0681,19167.4999
91.565,3271,3072,Running,0,0.00,1,0,0,0,-1.0000,0.0,0,0.000,38.880,0.000,0.0,0.0,0.0,0,35486.9064,16918.7480
91.582,3238,3040,Running,0,0.00,1,0,0,0,-1.0000,0.0,0,0.000,38.880,0.000,0.0,0.0,0.0,0,49965.9216,19238.2914
91.599,3205,3008,Running,0,0.00,1,0,0,0,-1.0000,0.0,0,0.000,38.880,0.000,0.0,0.0,0.0,0,44921.8717,19238.2914
91.615,3172,2977,Running,0,0.00,1,0,0,0,-1.0000,0.0,0,0.000,37.280,0.000,0.0,0.0,0.0,0,34150.1649,19426.0632
91.632,3140,2946,Running,0,0.00,1,0,0,0,-1.0000,0.0,0,0.000,37.280,0.000,0.0,0.0,0.0,0,50520.5120,19925.4049
91.649,3108,2916,Running,0,0.00,1,0,0,0,-1.0000,0.0,0,0.000,37.280,0.000,0.0,0.0,0.0,0,45487.2618,16973.7168
91.665,3076,2886,Running,0,0.00,1,0,0,0,-1.0000,0.0,0,0.000,37.280,0.000,0.0,0.0,0.0,0,38755.0726,19959.3828
91.682,3044,2856,Running,0,0.00,1,0,0,0,-1.0000,0.0,0,0.000,37.280,0.000,0.0,0.0,0.0,0,39039.4511,16957.5898
91.699,3013,2826,Running,0,0.00,1,0,0,0,-1.0000,0.0,0,0.000,37.280,0.000,0.0,0.0,0.0,0,44364.2560,20379.5664
91.715,2982,2798,Running,0,0.00,1,0,0,0,-1.0000,0.0,0,0.000,37.280,0.000,0.0,0.0,0.0,0,47956.1915,20835.3419
91.732,2951,2768,Running,0,0.00,1,0,0,0,-1.0000,0.0,0,0.000,37.280,0.000,0.0,0.0,0.0,0,42976.2959,20302.3870
91.749,2921,2739,Running,0,0.00,1,0,0,0,-1.0000,0.0,0,0.000,37.280,0.000,0.0,0.0,0.0,0,42230.9082,20569.2638
91.765,2891,2711,Running,0,0.00,1,0,0,0,-1.0000,0.0,0,0.000,37.280,0.000,0.0,0.0,0.0,0,41535.6693,19963.0786
91.782,2861,2683,Running,0,0.00,1,0,0,0,-1.0000,0.0,0,0.000,37.280,0.000,0.0,0.0,0.0,0,42629.3787,20500.5059
91.799,2831,2655,Running,0,0.00,1,0,0,0,-1.0000,0.0,0,0.000,37.280,0.000,0.0,0.0,0.0,0,41641.4166,20652.6429
91.815,2802,2627,Running,0,0.00,1,0,0,0,-1.0000,0.0,0,0.000,35.520,0.000,0.0,0.0,0.0,0,40010.7807,21029.9611
91.832,2773,2599,Running,0,0.00,1,0,0,0,-1.0000,0.0,0,0.000,35.520,0.000,0.0,0.0,0.0,0,38447.7152,21322.5659
91.849,2744,2571,Running,0,0.00,1,0,0,0,-1.0000,0.0,0,0.000,35.520,0.000,0.0,0.0,0.0,0,35583.5598,21322.5659
91.865,2715,2544,Running,0,0.00,1,0,0,0,-1.0000,0.0,0,0.000,35.520,0.000,0.0,0.0,0.0,0,36671.8162,22232.2516
91.882,2687,2517,Running,0,0.00,1,0,0,0,-1.0000,0.0,0,0.000,35.520,0.000,0.0,0.0,0.0,0,39433.9363,22217.2213
91.899,2659,2491,Running,0,0.00,1,0,0,0,-1.0000,0.0,0,0.000,35.520,0.000,0.0,0.0,0.0,0,44770.3033,21439.0493
91.915,2631,2465,Running,0,0.00,1,0,0,0,-1.0000,0.0,0,0.000,35.520,0.000,0.0,0.0,0.0,0,41484.8566,21366.1561
91.932,2603,2439,Running,0,0.00,1,0,0,0,-1.0000,0.0,0,0.000,35.520,0.000,0.0,0.0,0.0,0,34224.1075,22739.4779
91.949,2576,2413,Running,0,0.00,1,0,0,0,-1.0000,0.0,0,0.000,35.520,0.000,0.0,0.0,0.0,0,37436.1454,20839.5169
91.965,2549,2388,Running,0,0.00,1,0,0,0,-1.0000,0.0,0,0.000,35.520,0.000,0.0,0.0,0.0,0,45393.4221,22387.2086
91.982,2522,2362,Running,0,0.00,1,0,0,0,-1.0000,0.0,0,0.000,35.520,0.000,0.0,0.0,0.0,0,31685.7373,21371.5991
91.999,2496,2337,Running,0,0.00,1,0,0,0,-1.0000,0.0,0,0.000,35.520,0.000,0.0,0.0,0.0,0,36406.3391,22028.4650
92.015,2469,2312,Running,0,0.00,1,0,0,0,-1.0000,0.0,0,0.000,33.680,0.000,0.0,0.0,0.0,0,42903.9581,22067.5742
92.032,2443,2288,Running,0,0.00,1,0,0,0,-1.0000,0.0,0,0.000,33.680,0.000,0.0,0.0,0.0,0,30434.0918,20954.0906
92.049,2417,2264,Running,0,0.00,1,0,0,0,-1.0000,0.0,0,0.000,33.680,0.000,0.0,0.0,0.0,0,44595.9118,20946.6408
92.065,2392,2239,Running,0,0.00,1,0,0,0,-1.0000,0.0,0,0.000,33.680,0.000,0.0,0.0,0.0,0,27403.8384,19309.9821
92.082,2366,2216,Running,0,0.00,1,0,0,0,-1.0000,0.0,0,0.000,33.680,0.000,0.0,0.0,0.0,0,44656.8797,20918.7117
92.099,2341,2192,Running,0,0.00,1,0,0,0,-1.0000,0.0,0,0.000,33.680,0.000,0.0,0.0,0.0,0,27837.2679,20918.7117
92.115,2317,2170,Running,0,0.00,1,0,0,0,-1.0000,0.0,0,0.000,33.680,0.000,0.0,0.0,0.0,0,43751.2750,21155.0566
92.132,2292,2147,Running,0,0.00,1,0,0,0,-1.0000,0.0,0,0.000,33.680,0.000,0.0,0.0,0.0,0,31868.3750,21069.6526
92.149,2268,2123,Running,0,0.00,1,0,0,0,-1.0000,0.0,0,0.000,33.680,0.000,0.0,0.0,0.0,0,33759.4460,20084.9601
92.165,2244,2101,Running,0,0.00,1,0,0,0,-1.0000,0.0,0,0.000,33.680,0.000,0.0,0.0,0.0,0,41989.3214,21455.9022
92.182,2220,2079,Running,0,0.00,1,0,0,0,-1.0000,0.0,0,0.000,33.680,0.000,0.0,0.0,0.0,0,26987.0477,21723.0043
92.199,2197,2057,Running,0,0.00,1,0,0,0,-1.0000,0.0,0,0.000,33.680,0.000,0.0,0.0,0.0,0,36256.5486,20769.1008
92.215,2174,2036,Running,0,0.00,1,0,0,0,-1.0000,0.0,0,0.000,31.840,0.000,0.0,0.0,0.0,0,39806.0683,19073.5912
92.232,2151,2015,Running,0,0.00,1,0,0,0,-1.0000,0.0,0,0.000,31.840,0.000,0.0,0.0,0.0,0,33205.4588,21532.7079
92.249,2128,1994,Running,0,0.00,1,0,0,0,-1.0000,0.0,0,0.000,31.840,0.000,0.0,0.0,0.0,0,29253.9394,21530.0854
92.265,2106,1973,Running,0,0.00,1,0,0,0,-1.0000,0.0,0,0.000,31.840,0.000,0.0,0.0,0.0,0,34350.5621,22016.4563
92.282,2084,1953,Running,0,0.00,1,0,0,0,-1.0000,0.0,0,0.000,31.840,0.000,0.0,0.0,0.0,0,38379.7147,22016.4563
92.299,2062,1932,Running,0,0.00,1,0,0,0,-1.0000,0.0,0,0.000,31.840,0.000,0.0,0.0,0.0,0,34663.6293,21405.2013
92.315,2040,1912,Running,0,0.00,1,0,0,0,-1.0000,0.0,0,0.000,31.840,0.000,0.0,0.0,0.0,0,32055.2736,22139.0219
92.332,2019,1893,Running,0,0.00,1,0,0,0,-1.0000,0.0,0,0.000,31.840,0.000,0.0,0.0,0.0,0,30666.6411,21352.3532
92.340,1998,1874,Running,0,0.00,1,0,0,0,-1.0000,0.0,0,0.000,31.840,0.000,0.0,0.0,0.0,0,32108.8195,23079.4915
92.365,1977,1854,Running,0,0.00,1,0,0,0,-1.0000,0.0,0,0.000,31.840,0.000,0.0,0.0,0.0,0,31431.3749,23036.2028
92.382,1957,1835,Running,0,0.00,1,0,0,0,-1.0000,0.0,0,0.000,31.840,0.000,0.0,0.0,0.0,0,31756.9539,23139.2237
92.399,1937,1816,Running,0,0.00,1,0,0,0,-1.0000,0.0,0,0.000,31.840,0.000,0.0,0.0,0.0,0,31250.3460,23451.1534
92.415,1917,1797,Running,0,0.00,1,0,0,0,-1.0000,0.0,0,0.000,31.840,0.000,0.0,0.0,0.0,0,30630.9217,23353.5790
92.432,1897,1778,Running,0,0.00,1,0,0,0,-1.0000,0.0,0,0.000,31.840,0.000,0.0,0.0,0.0,0,31004.6224,24610.5367
92.449,1877,1760,Running,0,0.00,1,0,0,0,-1.0000,0.0,0,0.000,31.840,0.000,0.0,0.0,0.0,0,30886.4173,24023.8335
92.465,1858,1742,Running,0,0.00,1,0,0,0,-1.0000,0.0,0,0.000,31.840,0.000,0.0,0.0,0.0,0,31063.0176,24311.4434
92.482,1839,1724,Running,0,0.00,1,0,0,0,-1.0000,0.0,0,0.000,31.840,0.000,0.0,0.0,0.0,0,29981.3643,24311.4434
92.499,1820,1707,Running,0,0.00,1,0,0,0,-1.0000,0.0,0,0.000,31.840,0.000,0.0,0.0,0.0,0,30519.8529,23306.7452
92.515,1801,1689,Running,0,0.00,1,0,0,0,-1.0000,0.0,0,0.000,31.840,0.000,0.0,0.0,0.0,0,31706.9985,21716.4549
92.532,1782,1673,Running,0,0.00,1,0,0,0,-1.0000,0.0,0,0.000,28.640,0.000,0.0,0.0,0.0,0,31129.2221,20219.5765
92.549,1764,1656,Running,0,0.00,1,0,0,0,-1.0000,0.0,0,0.000,28.640,0.000,0.0,0.0,0.0,0,28996.2474,19601.1573
92.565,1746,1640,Running,0,0.00,1,0,0,0,-1.0000,0.0,0,0.000,28.640,0.000,0.0,0.0,0.0,0,26326.5912,21418.9698
92.582,1729,1623,Running,0,0.00,1,0,0,0,-1.0000,0.0,0,0.000,28.640,0.000,0.0,0.0,0.0,0,28294.7453,13127.0920
92.599,1711,1608,Running,0,0.00,1,0,0,0,-1.0000,0.0,0,0.000,28.640,0.000,0.0,0.0,0.0,0,29451.9898,18115.0907
92.615,1694,1592,Running,0,0.00,1,0,0,0,-1.0000,0.0,0,0.000,28.640,0.000,0.0,0.0,0.0,0,32723.9223,11410.6688
92.632,1677,1576,Running,0,0.00,1,0,0,0,-1.0000,0.0,0,0.000,28.640,0.000,0.0,0.0,0.0,0,27348.7813,11410.6688
92.649,1660,1561,Running,0,0.00,1,0,0,0,-1.0000,0.0,0,0.000,28.640,0.000,0.0,0.0,0.0,0,22618.3579,8758.3859
92.665,1644,1547,Running,0,0.00,1,0,0,0,-1.0000,0.0,0,0.000,28.640,0.000,0.0,0.0,0.0,0,31930.5169,7698.7456
92.682,1628,1532,Running,0,0.00,1,0,0,0,-1.0000,0.0,0,0.000,28.640,0.000,0.0,0.0,0.0,0,30882.5570,6737.5797
92.699,1612,1516,Running,0,0.00,1,0,0,0,-1.0000,0.0,0,0.000,28.640,0.000,0.0,0.0,0.0,0,23899.5166,6021.7936
92.715,1596,1501,Running,0,0.00,1,0,0,0,-1.0000,0.0,0,0.000,28.640,0.000,0.0,0.0,0.0,0,25577.6839,8254.2702
92.732,1580,1488,Running,0,0.00,1,0,0,0,-1.0000,0.0,0,0.000,26.560,0.000,0.0,0.0,0.0,0,30393.0503,5574.9350
92.749,1565,1473,Running,0,0.00,1,0,0,0,-1.0000,0.0,0,0.000,26.560,0.000,0.0,0.0,0.0,0,23528.0792,10124.8000
92.765,1550,1460,Running,0,0.00,1,0,0,0,-1.0000,0.0,0,0.000,26.560,0.000,0.0,0.0,0.0,0,25886.5230,10124.8000
92.782,1535,1448,Running,0,0.00,1,0,0,0,-1.0000,0.0,0,0.000,26.560,0.000,0.0,0.0,0.0,0,31699.5053,6471.4657
92.799,1520,1434,Running,0,0.00,1,0,0,0,-1.0000,0.0,0,0.000,26.560,0.000,0.0,0.0,0.0,0,21363.4672,6538.6150
92.815,1506,1423,Running,0,0.00,1,0,0,0,-1.0000,0.0,0,0.000,26.560,0.000,0.0,0.0,0.0,0,31422.2669,5084.4423
92.832,1493,1410,Running,0,0.00,1,0,0,0,-1.0000,0.0,0,0.000,26.560,0.000,0.0,0.0,0.0,0,24951.0988,5730.5086
92.849,1479,1397,Running,0,0.00,1,0,0,0,-1.0000,0.0,0,0.000,26.560,0.000,0.0,0.0,0.0,0,25036.4898,6373.5955
92.865,1465,1385,Running,0,0.00,1,0,0,0,-1.0000,0.0,0,0.000,26.560,0.000,0.0,0.0,0.0,0,27157.0949,9902.7435
92.882,1452,1372,Running,0,0.00,1,0,0,0,-1.0000,0.0,0,0.000,26.560,0.000,0.0,0.0,0.0,0,24630.4655,7592.4549
92.899,1439,1361,Running,0,0.00,1,0,0,0,-1.0000,0.0,0,0.000,26.560,0.000,0.0,0.0,0.0,0,26915.9256,7592.4549
92.916,1426,1350,Running,0,0.00,1,0,0,0,-1.0000,0.0,0,0.000,24.880,0.000,0.0,0.0,0.0,0,24569.5564,6627.6903
92.932,1413,1339,Running,0,0.00,1,0,0,0,-1.0000,0.0,0,0.000,24.880,0.000,0.0,0.0,0.0,0,26760.4702,8875.7313
92.949,1401,1328,Running,0,0.00,1,0,0,0,-1.0000,0.0,0,0.000,24.880,0.000,0.0,0.0,0.0,0,23334.9525,9248.2407
92.965,1389,1318,Running,0,0.00,1,0,0,0,-1.0000,0.0,0,0.000,24.880,0.000,0.0,0.0,0.0,0,27041.8725,9810.7425
92.982,1377,1307,Running,0,0.00,1,0,0,0,-1.0000,0.0,0,0.000,24.880,0.000,0.0,0.0,0.0,0,23453.6069,8919.8592
92.999,1365,1296,Running,0,0.00,1,0,0,0,-1.0000,0.0,0,0.000,24.880,0.000,0.0,0.0,0.0,0,23405.8019,9782.3914
93.015,1354,1287,Running,0,0.00,1,0,0,0,-1.0000,0.0,0,0.000,24.880,0.000,0.0,0.0,0.0,0,25558.6805,9782.3914
93.032,1343,1277,Running,0,0.00,1,0,0,0,-1.0000,0.0,0,0.000,24.880,0.000,0.0,0.0,0.0,0,22280.4407,9146.6496
93.049,1332,1268,Running,0,0.00,1,0,0,0,-1.0000,0.0,0,0.000,24.880,0.000,0.0,0.0,0.0,0,29574.0241,11119.9238
93.065,1321,1257,Running,0,0.00,1,0,0,0,-1.0000,0.0,0,0.000,24.880,0.000,0.0,0.0,0.0,0,20146.6222,11887.7683
93.082,1311,1248,Running,0,0.00,1,0,0,0,-1.0000,0.0,0,0.000,24.880,0.000,0.0,0.0,0.0,0,26858.3483,10797.5629
93.099,1300,1239,Running,0,0.00,1,0,0,0,-1.0000,0.0,0,0.000,24.880,0.000,0.0,0.0,0.0,0,23030.9532,12133.8475
93.115,1290,1227,Running,0,0.00,1,0,0,0,-1.0000,0.0,0,0.000,24.880,0.000,0.0,0.0,0.0,0,18176.8423,12133.8475
93.132,1280,1220,Running,0,0.00,1,0,0,0,-1.0000,0.0,0,0.000,24.880,0.000,0.0,0.0,0.0,0,29261.6517,12194.2242
93.149,1270,1211,Running,0,0.00,1,0,0,0,-1.0000,0.0,0,0.000,22.960,0.000,0.0,0.0,0.0,0,22471.6674,12158.7070
93.165,1260,1201,Running,0,0.00,1,0,0,0,-1.0000,0.0,0,0.000,22.960,0.000,0.0,0.0,0.0,0,17990.9935,12640.7224
93.182,1250,1193,Running,0,0.00,1,0,0,0,-1.0000,0.0,0,0.000,22.960,0.000,0.0,0.0,0.0,0,28337.3094,12040.4801
93.199,1241,1185,Running,0,0.00,1,0,0,0,-1.0000,0.0,0,0.000,22.960,0.000,0.0,0.0,0.0,0,22386.3822,12770.7078
93.216,1232,1176,Running,0,0.00,1,0,0,0,-1.0000,0.0,0,0.000,22.960,0.000,0.0,0.0,0.0,0,18458.1804,12881.0417
93.232,1223,1170,Running,0,0.00,1,0,0,0,-1.0000,0.0,0,0.000,22.960,0.000,0.0,0.0,0.0,0,29822.2386,11710.9990
93.249,1214,1161,Running,0,0.00,1,0,0,0,-1.0000,0.0,0,0.000,22.960,0.000,0.0,0.0,0.0,0,19955.9478,11490.7516
93.265,1205,1152,Running,0,0.00,1,0,0,0,-1.0000,0.0,0,0.000,22.960,0.000,0.0,0.0,0.0,0,16685.9792,12908.4237
93.282,1196,1144,Running,0,0.00,1,0,0,0,-1.0000,0.0,0,0.000,22.960,0.000,0.0,0.0,0.0,0,25801.6794,12908.4237
93.299,1187,1136,Running,0,0.00,1,0,0,0,-1.0000,0.0,0,0.000,22.960,0.000,0.0,0.0,0.0,0,21514.8364,12578.5584
93.315,1179,1128,Running,0,0.00,1,0,0,0,-1.0000,0.0,0,0.000,21.680,0.000,0.0,0.0,0.0,0,23064.1177,11667.6574
93.332,1170,1118,Running,0,0.00,1,0,0,0,-1.0000,0.0,0,0.000,21.680,0.000,0.0,0.0,0.0,0,14942.0295,9977.2708
93.349,1162,1112,Running,0,0.00,1,0,0,0,-1.0000,0.0,0,0.000,21.680,0.000,0.0,0.0,0.0,0,25161.7992,11820.5727
93.366,1154,1105,Running,0,0.00,1,0,0,0,-1.0000,0.0,0,0.000,21.680,0.000,0.0,0.0,0.0,0,22527.1320,12117.6500
93.382,1146,1100,Running,0,0.00,1,0,0,0,-1.0000,0.0,0,0.000,21.680,0.000,0.0,0.0,0.0,0,21823.8057,11482.1767
93.399,1138,1092,Running,0,0.00,1,0,0,0,-1.0000,0.0,0,0.000,21.680,0.000,0.0,0.0,0.0,0,18622.8916,10354.9270
93.415,1130,1087,Running,0,0.00,1,0,0,0,-1.0000,0.0,0,0.000,21.680,0.000,0.0,0.0,0.0,0,20889.6969,11456.4850
93.432,1123,1079,Running,0,0.00,1,0,0,0,-1.0000,0.0,0,0.000,21.680,0.000,0.0,0.0,0.0,0,26269.1350,11456.4850
93.449,1116,1073,Running,0,0.00,1,0,0,0,-1.0000,0.0,0,0.000,21.680,0.000,0.0,0.0,0.0,0,18045.0582,12328.7411
93.465,1109,1066,Running,0,0.00,1,0,0,0,-1.0000,0.0,0,0.000,21.680,0.000,0.0,0.0,0.0,0,21705.1870,10990.3718
93.482,1101,1058,Running,0,0.00,1,0,0,0,-1.0000,0.0,0,0.000,21.680,0.000,0.0,0.0,0.0,0,17524.2414,10389.9966
93.499,1094,1053,Running,0,0.00,1,0,0,0,-1.0000,0.0,0,0.000,21.680,0.000,0.0,0.0,0.0,0,17561.2018,10389.9966
93.515,1088,1048,Running,0,0.00,1,0,0,0,-1.0000,0.0,0,0.000,21.680,0.000,0.0,0.0,0.0,0,27593.6867,11482.0169
93.532,1081,1045,Running,0,0.00,1,0,0,0,-1.0000,0.0,0,0.000,21.680,0.000,0.0,0.0,0.0,0,23325.0276,11282.8540
93.549,1075,1042,Running,0,0.00,1,0,0,0,-1.0000,0.0,0,0.000,21.680,0.000,0.0,0.0,0.0,0,21805.9741,10490.5267
93.565,1070,1038,Running,0,0.00,1,0,0,0,-1.0000,0.0,0,0.000,21.680,0.000,0.0,0.0,0.0,0,22436.5800,11681.3133
93.582,1065,1032,Running,0,0.00,1,0,0,0,-1.0000,0.0,0,0.000,21.680,0.000,0.0,0.0,0.0,0,18671.2723,11595.8925
93.599,1059,1025,Running,0,0.00,1,0,0,0,-1.0000,0.0,0,0.000,21.680,0.000,0.0,0.0,0.0,0,17024.1401,10993.8233
93.615,1054,1020,Running,0,0.00,1,0,0,0,-1.0000,0.0,0,0.000,21.680,0.000,0.0,0.0,0.0,0,21503.5108,12954.5589
93.632,1048,1017,Running,0,0.00,1,0,0,0,-1.0000,0.0,0,0.000,21.680,0.000,0.0,0.0,0.0,0,25534.0790,8446.3377
93.649,1043,1016,Running,0,0.00,1,0,0,0,-1.0000,0.0,0,0.000,21.680,0.000,0.0,0.0,0.0,0,23889.0149,12303.8639
93.665,1039,1013,Running,0,0.00,1,0,0,0,-1.0000,0.0,0,0.000,21.680,0.000,0.0,0.0,0.0,0,21947.3706,10107.7069
93.682,1034,1006,Running,0,0.00,1,0,0,0,-1.0000,0.0,0,0.000,21.680,0.000,0.0,0.0,0.0,0,18285.5078,12270.4687
93.699,1030,1002,Running,0,0.00,1,0,0,0,-1.0000,0.0,0,0.000,19.520,0.000,0.0,0.0,0.0,0,17938.5004,11734.7555
93.715,1025,999,Running,0,0.00,1,0,0,0,-1.0000,0.0,0,0.000,19.440,0.000,0.0,0.0,0.0,0,19699.9395,11454.7540
93.732,1021,993,Running,0,0.00,1,0,0,0,-1.0000,0.0,0,0.000,19.440,0.000,0.0,0.0,0.0,0,19878.4005,11368.4522
93.749,1016,987,Running,0,0.00,1,0,0,0,-1.0000,0.0,0,0.000,19.440,0.000,0.0,0.0,0.0,0,19602.7589,9607.5936
93.765,1012,984,Running,0,0.00,1,0,0,0,-1.0000,0.0,0,0.000,19.440,0.000,0.0,0.0,0.0,0,21767.0369,12791.4063
93.782,1007,982,Running,0,0.00,1,0,0,0,-1.0000,0.0,0,0.000,19.440,0.000,0.0,0.0,0.0,0,25168.8174,11630.7211
93.799,1003,981,Running,0,0.00,1,0,0,0,-1.0000,0.0,0,0.000,19.440,0.000,0.0,0.0,0.0,0,23687.8272,10165.6118
93.815,1000,977,Running,0,0.00,1,0,0,0,-1.0000,0.0,0,0.000,19.440,0.000,0.0,0.0,0.0,0,18724.5609,10124.7307
93.832,996,974,Running,0,0.00,1,0,0,0,-1.0000,0.0,0,0.000,19.440,0.000,0.0,0.0,0.0,0,17931.7727,12038.4475
93.849,992,970,Running,0,0.00,1,0,0,0,-1.0000,0.0,0,0.000,19.440,0.000,0.0,0.0,0.0,0,21663.4028,10996.3377
93.865,988,967,Running,3,0.00,1,0,0,0,-1.0000,0.0,0,0.000,19.440,0.000,0.0,0.0,0.0,0,19910.5472,9384.8445
93.882,985,965,Running,3,0.00,1,0,0,0,-1.0000,0.0,0,0.000,19.440,0.000,0.0,0.0,0.0,0,20032.4589,11770.0631
93.899,982,963,Running,3,0.00,1,0,0,0,-1.0000,0.0,0,0.000,18.480,0.000,0.0,0.0,0.0,0,19991.7482,9818.2014
93.916,979,959,Running,4,0.00,1,0,0,0,-1.0000,0.0,0,0.000,18.480,0.000,0.0,0.0,0.0,0,19564.6268,12925.4703
93.932,976,958,Running,4,0.00,1,0,0,0,-1.0000,0.0,0,0.000,18.480,0.000,0.0,0.0,0.0,0,17797.7461,6786.2502
93.949,973,956,Running,4,0.00,1,0,0,0,-1.0000,0.0,0,0.000,18.480,0.000,0.0,0.0,0.0,0,23498.4727,12683.9689
93.966,970,955,Running,4,0.00,1,0,0,0,-1.0000,0.0,0,0.000,18.480,0.000,0.0,0.0,0.0,0,22701.9762,9429.6597
93.982,968,954,Running,4,0.00,1,0,0,0,-1.0000,0.0,0,0.000,18.480,0.000,0.0,0.0,0.0,0,24335.2834,13870.8348
93.999,966,955,Running,4,0.00,1,0,0,0,-1.0000,0.0,0,0.000,18.480,0.000,0.0,0.0,0.0,0,25950.2278,10070.0823
94.015,964,957,Running,4,0.00,1,0,0,0,-1.0000,0.0,0,0.000,18.480,0.000,0.0,0.0,0.0,0,27417.5314,10248.8426
94.032,963,956,Running,4,0.00,1,0,0,0,-1.0000,0.0,0,0.000,18.480,0.000,0.0,0.0,0.0,0,22095.2313,10190.3882
94.049,962,958,Running,4,0.00,1,0,0,0,-1.0000,0.0,0,0.000,18.480,0.000,0.0,0.0,0.0,0,25139.6059,12329.7665
94.065,962,962,Running,12,0.00,1,0,0,0,-1.0000,0.0,0,0.000,18.480,0.000,0.0,0.0,0.0,0,25720.9595,12213.3911
94.082,962,964,Running,12,0.00,1,0,0,0,-1.0000,0.0,0,0.000,18.480,0.000,0.0,0.0,0.0,0,25898.0018,10685.0595
94.099,962,968,Running,14,0.00,1,0,0,0,-1.0000,0.0,0,0.000,18.480,0.000,0.0,0.0,0.0,0,25023.6762,11068.0077
94.115,963,972,Running,14,0.00,1,0,0,0,-1.0000,0.0,0,0.000,17.840,0.000,0.0,0.0,0.0,0,28326.8009,13567.7183
94.132,965,980,Running,14,0.00,1,0,0,0,-1.0000,0.0,0,0.000,17.840,0.000,0.0,0.0,0.0,0,27130.9505,14874.0626
94.149,968,991,Running,14,0.00,1,0,0,0,-1.0000,0.0,0,0.000,17.840,0.000,0.0,0.0,0.0,0,33618.1411,14048.1299
94.165,973,1007,Running,14,0.00,1,0,0,0,-1.0000,0.0,0,0.000,17.840,0.000,0.0,0.0,0.0,0,37052.7111,16936.5060
94.182,980,1026,Running,14,0.00,1,0,0,0,-1.0000,0.0,0,0.000,17.840,0.000,0.0,0.0,0.0,0,45738.3779,22603.7542
94.199,989,1046,Running,16,0.00,1,0,0,0,-1.0000,0.0,0,0.000,17.840,0.000,0.0,0.0,0.0,0,55769.7370,24501.7869
94.215,999,1069,Running,16,0.00,1,0,0,0,-1.0000,0.0,0,0.000,17.840,0.000,0.0,0.0,0.0,0,68284.2194,24160.6891
94.232,1012,1096,Running,16,0.00,1,0,0,0,-1.0000,0.0,0,0.000,17.840,0.000,0.0,0.0,0.0,0,57092.6998,22287.2399
94.249,1027,1128,Running,16,0.00,1,0,0,0,-1.0000,0.0,0,0.000,17.840,0.000,0.0,0.0,0.0,0,48220.4670,22707.0326
94.266,1046,1168,Running,16,0.00,1,0,0,0,-1.0000,0.0,0,0.000,17.840,0.000,0.0,0.0,0.0,0,67968.9874,21690.5864
94.282,1068,1206,Running,16,0.00,1,0,0,0,-1.0000,0.0,0,0.000,17.840,0.000,0.0,0.0,0.0,0,106732.9867,19575.6339
94.299,1092,1243,Running,16,0.00,1,0,0,0,-1.0000,0.0,0,0.000,17.840,0.000,0.0,0.0,0.0,0,68752.5072,21701.3861
94.315,1119,1285,Running,16,0.00,1,0,0,0,-1.0000,0.0,0,0.000,17.840,0.000,0.0,0.0,0.0,0,78977.7636,21701.3861
94.332,1147,1322,Running,16,0.00,1,0,0,0,-1.0000,0.0,0,0.000,17.840,0.000,0.0,0.0,0.0,0,117837.5327,19605.6934
94.349,1178,1370,Running,16,0.00,1,0,0,0,-1.0000,0.0,0,0.000,17.840,0.000,0.0,0.0,0.0,0,75961.2411,19949.7174
94.365,1211,1411,Running,17,0.00,1,0,0,0,-1.0000,0.0,0,0.000,17.840,0.000,0.0,0.0,0.0,0,130978.5428,20296.0239
94.382,1245,1460,Running,17,0.00,1,0,0,0,-1.0000,0.0,0,0.000,17.840,0.000,0.0,0.0,0.0,0,94874.0304,17843.9531
94.399,1282,1505,Running,17,0.00,1,0,0,0,-1.0000,0.0,0,0.000,18.080,0.000,0.0,0.0,0.0,0,117364.7803,20194.4123
94.415,1320,1549,Running,17,0.00,1,0,0,0,-1.0000,0.0,0,0.000,18.080,0.000,0.0,0.0,0.0,0,150667.1799,19204.0261
94.432,1359,1601,Running,17,0.00,1,0,0,0,-1.0000,0.0,0,0.000,18.080,0.000,0.0,0.0,0.0,0,114351.6307,19204.0261
94.449,1400,1651,Running,17,0.00,1,0,0,0,-1.0000,0.0,0,0.000,18.080,0.000,0.0,0.0,0.0,0,124226.7930,16617.9714
94.465,1442,1699,Running,17,0.00,1,0,0,0,-1.0000,0.0,0,0.000,18.080,0.000,0.0,0.0,0.0,0,143855.8382,22015.2007
94.482,1485,1747,Running,17,0.00,1,0,0,0,-1.0000,0.0,0,0.000,18.080,0.000,0.0,0.0,0.0,0,152526.7304,22107.5818
94.499,1529,1794,Running,17,0.00,1,0,0,0,-1.0000,0.0,0,0.000,18.080,0.000,0.0,0.0,0.0,0,155210.6281,22330.3251
94.515,1574,1842,Running,17,0.00,1,0,0,0,-1.0000,0.0,0,0.000,18.080,0.000,0.0,0.0,0.0,0,158232.3066,21721.5547
94.532,1619,1889,Running,17,0.00,1,0,0,0,-1.0000,0.0,0,0.000,18.080,0.000,0.0,0.0,0.0,0,159683.7924,22383.6908
94.549,1664,1935,Running,19,0.00,1,0,0,0,-1.0000,0.0,0,0.000,18.080,0.000,0.0,0.0,0.0,0,165971.0916,20344.2200
94.565,1709,1978,Running,19,0.00,1,0,0,0,-1.0000,0.0,0,0.000,18.080,0.000,0.0,0.0,0.0,0,178254.1442,22620.3253
94.582,1753,2021,Running,19,0.00,1,0,0,0,-1.0000,0.0,0,0.000,18.080,0.000,0.0,0.0,0.0,0,205109.4307,22620.3253
94.599,1798,2064,Running,19,0.00,1,0,0,0,-1.0000,0.0,0,0.000,19.040,0.000,0.0,0.0,0.0,0,162052.0404,22574.5097
94.615,1843,2111,Running,19,0.00,1,0,0,0,-1.0000,0.0,0,0.000,19.040,0.000,0.0,0.0,0.0,0,174200.9355,22172.5787
94.632,1887,2153,Running,19,0.00,1,0,0,0,-1.0000,0.0,0,0.000,19.040,0.000,0.0,0.0,0.0,0,221810.4324,21005.2636
94.649,1932,2196,Running,19,0.00,1,0,0,0,-1.0000,0.0,0,0.000,19.040,0.000,0.0,0.0,0.0,0,176886.7451,22343.5682
94.666,1976,2240,Running,19,0.00,1,0,0,0,-1.0000,0.0,0,0.000,19.040,0.000,0.0,0.0,0.0,0,208539.3622,19636.7591
94.682,2020,2280,Running,19,0.00,1,0,0,0,-1.0000,0.0,0,0.000,19.040,0.000,0.0,0.0,0.0,0,201968.0137,21631.4419
94.699,2063,2323,Running,19,0.00,1,0,0,0,-1.0000,0.0,0,0.000,19.040,0.000,0.0,0.0,0.0,0,226069.6944,21631.4419
94.715,2106,2365,Running,19,0.00,1,0,0,0,-1.0000,0.0,0,0.000,19.040,0.000,0.0,0.0,0.0,0,194247.6465,22292.4290
94.732,2149,2402,Running,20,0.00,1,0,0,0,-1.0000,0.0,0,0.000,19.040,0.000,0.0,0.0,0.0,0,240160.7152,22243.6241
94.749,2191,2443,Running,20,0.00,1,0,0,0,-1.0000,0.0,0,0.000,19.040,0.000,0.0,0.0,0.0,0,215912.0813,21899.0786
94.765,2233,2483,Running,20,0.00,1,0,0,0,-1.0000,0.0,0,0.000,19.760,0.000,0.0,0.0,0.0,0,212686.4830,22066.3065
94.782,2274,2521,Running,20,0.00,1,0,0,0,-1.0000,0.0,0,0.000,19.760,0.000,0.0,0.0,0.0,0,235201.7258,20608.5961
94.799,2316,2562,Running,20,0.00,1,0,0,0,-1.0000,0.0,0,0.000,19.760,0.000,0.0,0.0,0.0,0,248003.9520,21951.7120
94.815,2357,2604,Running,20,0.00,1,0,0,0,-1.0000,0.0,0,0.000,19.760,0.000,0.0,0.0,0.0,0,250882.3067,21951.7120
94.832,2399,2647,Running,20,0.00,1,0,0,0,-1.0000,0.0,0,0.000,19.760,0.000,0.0,0.0,0.0,0,244221.1044,21755.6630
94.849,2440,2689,Running,20,0.00,1,0,0,0,-1.0000,0.0,0,0.000,19.760,0.000,0.0,0.0,0.0,0,244323.2492,22309.4213
94.865,2482,2733,Running,20,0.00,1,0,0,0,-1.0000,0.0,0,0.000,19.760,0.000,0.0,0.0,0.0,0,253450.0877,22295.2047
94.882,2524,2776,Running,20,0.00,1,0,0,0,-1.0000,0.0,0,0.000,19.760,0.000,0.0,0.0,0.0,0,257687.0261,21249.0808
94.899,2567,2820,Running,20,0.00,1,0,0,0,-1.0000,0.0,0,0.000,19.760,0.000,0.0,0.0,0.0,0,249869.0855,21827.7144
94.915,2609,2864,Running,20,0.00,1,0,0,0,-1.0000,0.0,0,0.000,19.760,0.000,0.0,0.0,0.0,0,251465.6337,22189.1332
94.932,2652,2909,Running,28,0.00,1,0,0,0,-1.0000,0.0,0,0.000,19.760,0.000,0.0,0.0,0.0,0,258331.5086,22748.1644
94.949,2695,2958,Running,29,0.00,1,0,0,0,-1.0000,0.0,0,0.000,19.760,0.000,0.0,0.0,0.0,0,282664.0099,20255.2253
94.965,2740,3018,Running,29,0.00,1,0,0,0,-1.0000,0.0,0,0.000,20.720,0.000,0.0,0.0,0.0,0,316086.2257,20482.8464
94.982,2789,3091,Running,30,0.00,1,0,0,0,-1.0000,0.0,0,0.000,20.720,0.000,0.0,0.0,0.0,0,287666.7106,17711.3257
94.999,2841,3168,Running,30,0.00,1,0,0,0,-1.0000,0.0,0,0.000,20.880,0.000,0.0,0.0,0.0,0,349696.2876,21626.0707
95.015,2898,3254,Running,30,0.00,1,0,0,0,-1.0000,0.0,0,0.000,20.880,0.000,0.0,0.0,0.0,0,326906.4491,16533.4694
95.032,2960,3343,Running,30,0.00,1,0,0,0,-1.0000,0.0,0,0.000,20.880,0.000,0.0,0.0,0.0,0,381231.1766,21170.7883
95.049,3026,3436,Running,30,0.00,1,0,0,0,-1.0000,0.0,0,0.000,20.880,0.000,0.0,0.0,0.0,0,369787.0627,18042.3263
95.065,3097,3532,Running,30,0.00,1,0,0,0,-1.0000,0.0,0,0.000,20.880,0.000,0.0,0.0,0.0,0,376353.8064,19153.4515
95.082,3171,3630,Running,30,0.00,1,0,0,0,-1.0000,0.0,0,0.000,20.880,0.000,0.0,0.0,0.0,0,395181.3545,17457.0361
95.099,3250,3730,Running,30,0.00,1,0,0,0,-1.0000,0.0,0,0.000,20.880,0.000,0.0,0.0,0.0,0,411354.9593,17303.0305
95.115,3332,3831,Running,30,0.00,1,0,0,0,-1.0000,0.0,0,0.000,20.880,0.000,0.0,0.0,0.0,0,429570.8851,18160.4875
95.132,3417,3936,Running,30,0.00,1,0,0,0,-1.0000,0.0,0,0.000,20.880,0.000,0.0,0.0,0.0,0,410963.8359,16292.9945
95.149,3505,4042,Running,30,0.00,1,0,0,0,-1.0000,0.0,0,0.000,20.880,0.000,0.0,0.0,0.0,0,442916.3997,17775.9272
95.165,3596,4147,Running,30,0.00,1,0,0,0,-1.0000,0.0,0,0.000,20.880,0.000,0.0,0.0,0.0,0,449793.0058,15581.8975
95.182,3689,4250,Running,30,0.00,1,0,0,0,-1.0000,0.0,0,0.000,20.880,0.000,0.0,0.0,0.0,0,473404.0488,18443.7305
95.199,3783,4352,Running,30,0.00,1,0,0,0,-1.0000,0.0,0,0.000,20.880,0.000,0.0,0.0,0.0,0,460607.6610,15067.4704
95.215,3879,4454,Running,30,0.00,1,0,0,0,-1.0000,0.0,0,0.000,20.880,0.000,0.0,0.0,0.0,0,479221.7244,15067.4704
95.232,3975,4553,Running,30,0.00,1,0,0,0,-1.0000,0.0,0,0.000,20.880,0.000,0.0,0.0,0.0,0,491985.2196,14167.5589
95.249,4072,4650,Running,30,0.00,1,0,0,0,-1.0000,0.0,0,0.000,20.880,0.000,0.0,0.0,0.0,0,503222.0793,13511.8734
95.265,4168,4744,Running,30,0.00,1,0,0,0,-1.0000,0.0,0,0.000,20.880,0.000,0.0,0.0,0.0,0,519025.0652,19470.4061
95.282,4264,4838,Running,30,0.00,1,0,0,0,-1.0000,0.0,0,0.000,20.880,0.000,0.0,0.0,0.0,0,506800.1019,18842.8977
95.299,4360,4929,Running,30,0.00,1,0,0,0,-1.0000,0.0,0,0.000,20.880,0.000,0.0,0.0,0.0,0,528165.4519,16969.4196
95.315,4454,5017,Running,30,0.00,1,0,0,0,-1.0000,0.0,0,0.000,20.880,0.000,0.0,0.0,0.0,0,534101.9924,16230.7101
95.332,4547,5102,Running,31,0.00,1,0,0,0,-1.0000,0.0,0,0.000,20.880,0.000,0.0,0.0,0.0,0,544791.3757,17063.6673
95.349,4639,5187,Running,31,0.00,1,0,0,0,-1.0000,0.0,0,0.000,23.440,0.000,0.0,0.0,0.0,0,540653.6852,17063.6673
95.365,4730,5270,Running,31,0.00,1,0,0,0,-1.0000,0.0,0,0.000,23.600,0.000,0.0,0.0,0.0,0,556779.8539,16395.1804
95.382,4820,5352,Running,31,0.00,1,0,0,0,-1.0000,0.0,0,0.000,23.600,0.000,0.0,0.0,0.0,0,569852.3261,16346.8514
95.399,4908,5432,Running,31,0.00,1,0,0,0,-1.0000,0.0,0,0.000,23.600,0.000,0.0,0.0,0.0,0,573625.3873,15569.3615
95.415,4994,5509,Running,31,0.00,1,0,0,0,-1.0000,0.0,0,0.000,23.600,0.000,0.0,0.0,0.0,0,577204.9793,16510.6667
95.432,5080,5586,Running,31,0.00,1,0,0,0,-1.0000,0.0,0,0.000,23.600,0.000,0.0,0.0,0.0,0,586866.7566,17054.4468
95.449,5163,5660,Running,31,0.00,1,0,0,0,-1.0000,0.0,0,0.000,23.600,0.000,0.0,0.0,0.0,0,598131.8048,16406.6063
95.465,5245,5731,Running,31,0.00,1,0,0,0,-1.0000,0.0,0,0.000,23.600,0.000,0.0,0.0,0.0,0,592073.1419,16406.6063
95.482,5326,5803,Running,31,0.00,1,0,0,0,-1.0000,0.0,0,0.000,23.600,0.000,0.0,0.0,0.0,0,595317.0381,17951.3514
95.499,5404,5871,Running,31,0.00,1,0,0,0,-1.0000,0.0,0,0.000,23.600,0.000,0.0,0.0,0.0,0,612449.3481,18099.6167
95.515,5482,5939,Running,31,0.00,1,0,0,0,-1.0000,0.0,0,0.000,23.600,0.000,0.0,0.0,0.0,0,602795.0550,17537.6231
95.532,5557,6006,Running,31,0.00,1,0,0,0,-1.0000,0.0,0,0.000,23.600,0.000,0.0,0.0,0.0,0,613842.3578,18581.0502
95.549,5631,6069,Running,30,0.00,1,0,0,0,-1.0000,0.0,0,0.000,25.200,0.000,0.0,0.0,0.0,0,624254.2910,17189.1694
95.565,5704,6131,Running,31,0.00,1,0,0,0,-1.0000,0.0,0,0.000,25.200,0.000,0.0,0.0,0.0,0,616542.0850,18482.9470
95.582,5774,6193,Running,31,0.00,1,0,0,0,-1.0000,0.0,0,0.000,25.200,0.000,0.0,0.0,0.0,0,620862.3671,18482.9470
95.599,5843,6252,Running,31,0.00,1,0,0,0,-1.0000,0.0,0,0.000,25.200,0.000,0.0,0.0,0.0,0,626967.2291,19481.2683
95.616,5911,6309,Running,31,0.00,1,0,0,0,-1.0000,0.0,0,0.000,25.200,0.000,0.0,0.0,0.0,0,631192.7910,18354.6888
95.632,5977,6366,Running,31,0.00,1,0,0,0,-1.0000,0.0,0,0.000,25.200,0.000,0.0,0.0,0.0,0,635490.4820,19211.0257
95.649,6041,6421,Running,31,0.00,1,0,0,0,-1.0000,0.0,0,0.000,25.200,0.000,0.0,0.0,0.0,0,640824.4425,18635.7493
95.665,6104,6475,Running,31,0.00,1,0,0,0,-1.0000,0.0,0,0.000,25.200,0.000,0.0,0.0,0.0,0,647360.7214,18812.4106
95.682,6165,6529,Running,31,0.00,1,0,0,0,-1.0000,0.0,0,0.000,25.200,0.000,0.0,0.0,0.0,0,642880.2288,19100.8291
95.699,6225,6581,Running,31,0.00,1,0,0,0,-1.0000,0.0,0,0.000,25.200,0.000,0.0,0.0,0.0,0,645299.6702,18426.0008
95.715,6284,6631,Running,30,0.00,1,0,0,0,-1.0000,0.0,0,0.000,25.200,0.000,0.0,0.0,0.0,0,655451.4778,18464.4052
95.732,6341,6679,Running,30,0.00,1,0,0,0,-1.0000,0.0,0,0.000,25.200,0.000,0.0,0.0,0.0,0,648149.7220,18464.4052
95.749,6397,6725,Running,30,0.00,1,0,0,0,-1.0000,0.0,0,0.000,26.560,0.000,0.0,0.0,0.0,0,650707.7316,17531.5300
95.765,6451,6769,Running,30,0.00,1,0,0,0,-1.0000,0.0,0,0.000,26.560,0.000,0.0,0.0,0.0,0,647449.1954,17892.5474
95.782,6503,6813,Running,30,0.00,1,0,0,0,-1.0000,0.0,0,0.000,26.560,0.000,0.0,0.0,0.0,0,653914.8503,17790.6531
95.799,6554,6855,Running,30,0.00,1,0,0,0,-1.0000,0.0,0,0.000,26.560,0.000,0.0,0.0,0.0,0,648462.2163,18410.9987
95.815,6603,6895,Running,30,0.00,1,0,0,0,-1.0000,0.0,0,0.000,26.560,0.000,0.0,0.0,0.0,0,656483.6098,16974.9868
95.832,6652,6935,Running,30,0.00,1,0,0,0,-1.0000,0.0,0,0.000,26.560,0.000,0.0,0.0,0.0,0,649124.0752,16974.9868
95.849,6698,6974,Running,30,0.00,1,0,0,0,-1.0000,0.0,0,0.000,26.560,0.000,0.0,0.0,0.0,0,650118.7465,18363.9632
95.865,6743,7011,Running,30,0.00,1,0,0,0,-1.0000,0.0,0,0.000,26.560,0.000,0.0,0.0,0.0,0,652535.1770,17900.4457
95.882,6787,7047,Running,30,0.00,1,0,0,0,-1.0000,0.0,0,0.000,26.560,0.000,0.0,0.0,0.0,0,656767.0765,18241.8553
95.899,6830,7083,Running,30,0.00,1,0,0,0,-1.0000,0.0,0,0.000,26.560,0.000,0.0,0.0,0.0,0,658968.4268,17905.0677
95.915,6872,7118,Running,30,0.00,1,0,0,0,-1.0000,0.0,0,0.000,26.560,0.000,0.0,0.0,0.0,0,658222.9822,18293.5334
95.932,6913,7151,Running,30,0.00,1,0,0,0,-1.0000,0.0,0,0.000,26.560,0.000,0.0,0.0,0.0,0,657227.1555,17794.1533
95.949,6952,7183,Running,30,0.00,1,0,0,0,-1.0000,0.0,0,0.000,26.560,0.000,0.0,0.0,0.0,0,656030.6226,17794.1533
95.965,6990,7214,Running,30,0.00,1,0,0,0,-1.0000,0.0,0,0.000,26.560,0.000,0.0,0.0,0.0,0,655262.7011,17735.5724
95.982,7027,7245,Running,30,0.00,1,0,0,0,-1.0000,0.0,0,0.000,26.560,0.000,0.0,0.0,0.0,0,658585.5646,18302.1404
95.999,7063,7275,Running,30,0.00,1,0,0,0,-1.0000,0.0,0,0.000,26.560,0.000,0.0,0.0,0.0,0,659502.8652,19088.5627
96.015,7098,7305,Running,30,0.00,1,0,0,0,-1.0000,0.0,0,0.000,26.560,0.000,0.0,0.0,0.0,0,658246.6054,18587.1912
96.032,7132,7334,Running,30,0.00,1,0,0,0,-1.0000,0.0,0,0.000,26.560,0.000,0.0,0.0,0.0,0,654236.2054,18587.1912
96.049,7165,7363,Running,30,0.00,1,0,0,0,-1.0000,0.0,0,0.000,26.560,0.000,0.0,0.0,0.0,0,659948.2361,18659.0194
96.065,7198,7390,Running,30,0.00,1,0,0,0,-1.0000,0.0,0,0.000,26.560,0.000,0.0,0.0,0.0,0,663877.4461,18354.3924
96.082,7230,7417,Running,30,0.00,1,0,0,0,-1.0000,0.0,0,0.000,26.560,0.000,0.0,0.0,0.0,0,666636.8311,16895.0424
96.099,7261,7444,Running,30,0.00,1,0,0,0,-1.0000,0.0,0,0.000,26.560,0.000,0.0,0.0,0.0,0,662808.2552,18565.4291
96.115,7291,7470,Running,30,0.00,1,0,0,0,-1.0000,0.0,0,0.000,26.560,0.000,0.0,0.0,0.0,0,661898.2189,18565.4291
96.132,7320,7496,Running,30,0.00,1,0,0,0,-1.0000,0.0,0,0.000,26.560,0.000,0.0,0.0,0.0,0,667984.3145,16897.8251
96.149,7349,7522,Running,30,0.00,1,0,0,0,-1.0000,0.0,0,0.000,26.560,0.000,0.0,0.0,0.0,0,663510.9547,16358.9644
96.165,7378,7547,Running,30,0.00,1,0,0,0,-1.0000,0.0,0,0.000,26.560,0.000,0.0,0.0,0.0,0,664923.6725,16535.3020
96.182,7406,7570,Running,30,0.00,1,0,0,0,-1.0000,0.0,0,0.000,26.560,0.000,0.0,0.0,0.0,0,675882.1503,15501.4375
96.199,7433,7595,Running,30,0.00,1,0,0,0,-1.0000,0.0,0,0.000,26.560,0.000,0.0,0.0,0.0,0,665110.5048,15966.9150
96.216,7460,7618,Running,30,0.00,1,0,0,0,-1.0000,0.0,0,0.000,26.560,0.000,0.0,0.0,0.0,0,678235.5761,16555.5472
96.232,7486,7641,Running,30,0.00,1,0,0,0,-1.0000,0.0,0,0.000,26.560,0.000,0.0,0.0,0.0,0,669878.9398,14968.8299
96.249,7512,7663,Running,30,0.00,1,0,0,0,-1.0000,0.0,0,0.000,29.760,0.000,0.0,0.0,0.0,0,678359.7837,15855.9870
96.265,7537,7686,Running,30,0.00,1,0,0,0,-1.0000,0.0,0,0.000,29.760,0.000,0.0,0.0,0.0,0,669992.3767,14971.4129
96.282,7561,7707,Running,30,0.00,1,0,0,0,-1.0000,0.0,0,0.000,29.760,0.000,0.0,0.0,0.0,0,678730.1549,14867.9777
96.299,7585,7729,Running,30,0.00,1,0,0,0,-1.0000,0.0,0,0.000,29.760,0.000,0.0,0.0,0.0,0,674325.5714,15197.6310
96.315,7609,7748,Running,30,0.00,1,0,0,0,-1.0000,0.0,0,0.000,29.760,0.000,0.0,0.0,0.0,0,676159.1510,13870.4206
96.332,7632,7769,Running,30,0.00,1,0,0,0,-1.0000,0.0,0,0.000,29.760,0.000,0.0,0.0,0.0,0,682434.0129,15813.3563
96.349,7655,7790,Running,30,0.00,1,0,0,0,-1.0000,0.0,0,0.000,29.760,0.000,0.0,0.0,0.0,0,676451.9691,16023.3879
96.365,7677,7809,Running,30,0.00,1,0,0,0,-1.0000,0.0,0,0.000,29.760,0.000,0.0,0.0,0.0,0,680564.6793,15619.1773
96.382,7699,7828,Running,30,0.00,1,0,0,0,-1.0000,0.0,0,0.000,29.760,0.000,0.0,0.0,0.0,0,683141.9678,15639.3759
96.399,7720,7848,Running,30,0.00,1,0,0,0,-1.0000,0.0,0,0.000,29.760,0.000,0.0,0.0,0.0,0,681743.1229,15921.9918
96.415,7741,7866,Running,28,0.00,1,0,0,0,-1.0000,0.0,0,0.000,29.760,0.000,0.0,0.0,0.0,0,678954.8908,15708.2304
96.432,7762,7880,Running,27,0.00,1,0,0,0,-1.0000,0.0,0,0.000,29.760,0.000,0.0,0.0,0.0,0,665480.0314,16860.3641
96.449,7781,7890,Running,27,0.00,1,0,0,0,-1.0000,0.0,0,0.000,29.760,0.000,0.0,0.0,0.0,0,652378.0758,14491.9656
96.465,7798,7896,Running,26,0.00,1,0,0,0,-1.0000,0.0,0,0.000,29.760,0.000,0.0,0.0,0.0,0,630381.6612,16502.4623
96.482,7813,7899,Running,26,0.00,1,0,0,0,-1.0000,0.0,0,0.000,29.760,0.000,0.0,0.0,0.0,0,609311.4236,15296.1920
96.499,7827,7899,Running,26,0.00,1,0,0,0,-1.0000,0.0,0,0.000,29.760,0.000,0.0,0.0,0.0,0,600288.4359,15296.1920
96.515,7838,7898,Running,26,0.00,1,0,0,0,-1.0000,0.0,0,0.000,29.760,0.000,0.0,0.0,0.0,0,598495.9086,16038.9853
96.532,7847,7895,Running,24,0.00,1,0,0,0,-1.0000,0.0,0,0.000,29.760,0.000,0.0,0.0,0.0,0,594447.8157,16066.7139
96.549,7854,7889,Running,24,0.00,1,0,0,0,-1.0000,0.0,0,0.000,31.520,0.000,0.0,0.0,0.0,0,576902.2078,15932.5203
96.565,7859,7882,Running,25,0.00,1,0,0,0,-1.0000,0.0,0,0.000,31.520,0.000,0.0,0.0,0.0,0,563198.4198,15603.6149
96.582,7862,7875,Running,25,0.00,1,0,0,0,-1.0000,0.0,0,0.000,31.600,0.000,0.0,0.0,0.0,0,561391.0585,16672.8254
96.599,7863,7868,Running,25,0.00,1,0,0,0,-1.0000,0.0,0,0.000,31.600,0.000,0.0,0.0,0.0,0,557910.6935,16583.5645
96.615,7863,7861,Running,25,0.00,1,0,0,0,-1.0000,0.0,0,0.000,31.600,0.000,0.0,0.0,0.0,0,564510.2129,16347.5585
96.632,7863,7854,Running,25,0.00,1,0,0,0,-1.0000,0.0,0,0.000,31.600,0.000,0.0,0.0,0.0,0,552275.3166,15841.0867
96.649,7861,7847,Running,25,0.00,1,0,0,0,-1.0000,0.0,0,0.000,31.600,0.000,0.0,0.0,0.0,0,553703.8850,15841.0867
96.665,7858,7840,Running,25,0.00,1,0,0,0,-1.0000,0.0,0,0.000,31.600,0.000,0.0,0.0,0.0,0,560608.4469,16161.9822
96.682,7855,7834,Running,25,0.00,1,0,0,0,-1.0000,0.0,0,0.000,31.600,0.000,0.0,0.0,0.0,0,559219.2948,16672.3282
96.699,7851,7828,Running,25,0.00,1,0,0,0,-1.0000,0.0,0,0.000,31.600,0.000,0.0,0.0,0.0,0,551046.8890,15369.4778
96.715,7847,7821,Running,25,0.00,1,0,0,0,-1.0000,0.0,0,0.000,31.600,0.000,0.0,0.0,0.0,0,557921.3245,17111.8717
96.732,7843,7815,Running,22,0.00,1,0,0,0,-1.0000,0.0,0,0.000,31.600,0.000,0.0,0.0,0.0,0,558225.9272,15802.2696
96.749,7838,7804,Running,22,0.00,1,0,0,0,-1.0000,0.0,0,0.000,31.600,0.000,0.0,0.0,0.0,0,532601.9067,15914.1883
96.765,7831,7790,Running,22,0.00,1,0,0,0,-1.0000,0.0,0,0.000,31.600,0.000,0.0,0.0,0.0,0,514750.1031,15914.1883
96.782,7824,7774,Running,22,0.00,1,0,0,0,-1.0000,0.0,0,0.000,31.600,0.000,0.0,0.0,0.0,0,513215.3726,16866.9927
96.799,7815,7759,Running,22,0.00,1,0,0,0,-1.0000,0.0,0,0.000,31.600,0.000,0.0,0.0,0.0,0,503520.8120,16108.9852
96.815,7805,7742,Running,22,0.00,1,0,0,0,-1.0000,0.0,0,0.000,31.600,0.000,0.0,0.0,0.0,0,495592.5392,17340.4142
96.832,7794,7724,Running,22,0.00,1,0,0,0,-1.0000,0.0,0,0.000,31.600,0.000,0.0,0.0,0.0,0,501114.7544,16173.4190
96.849,7782,7706,Running,18,0.00,1,0,0,0,-1.0000,0.0,0,0.000,31.600,0.000,0.0,0.0,0.0,0,486155.4963,15176.9139
96.865,7768,7681,Running,17,0.00,1,0,0,0,-1.0000,0.0,0,0.000,31.600,0.000,0.0,0.0,0.0,0,452944.9568,15620.3286
96.882,7753,7651,Running,17,0.00,1,0,0,0,-1.0000,0.0,0,0.000,32.800,0.000,0.0,0.0,0.0,0,416862.6747,15620.3286
96.899,7734,7617,Running,16,0.00,1,0,0,0,-1.0000,0.0,0,0.000,32.800,0.000,0.0,0.0,0.0,0,378024.2176,15508.9528
96.915,7713,7581,Running,16,0.00,1,0,0,0,-1.0000,0.0,0,0.000,32.800,0.000,0.0,0.0,0.0,0,362213.3468,14546.2767
96.932,7690,7544,Running,16,0.00,1,0,0,0,-1.0000,0.0,0,0.000,32.800,0.000,0.0,0.0,0.0,0,332755.8099,15132.8911
96.949,7665,7505,Running,16,0.00,1,0,0,0,-1.0000,0.0,0,0.000,32.800,0.000,0.0,0.0,0.0,0,326061.1506,15200.7814
96.966,7637,7465,Running,16,0.00,1,0,0,0,-1.0000,0.0,0,0.000,32.800,0.000,0.0,0.0,0.0,0,317191.3105,16330.0034
96.982,7607,7425,Running,16,0.00,1,0,0,0,-1.0000,0.0,0,0.000,32.800,0.000,0.0,0.0,0.0,0,301298.8140,16901.3425
96.999,7576,7385,Running,16,0.00,1,0,0,0,-1.0000,0.0,0,0.000,32.800,0.000,0.0,0.0,0.0,0,304191.9090,15161.9135
97.015,7543,7345,Running,16,0.00,1,0,0,0,-1.0000,0.0,0,0.000,32.800,0.000,0.0,0.0,0.0,0,304174.2855,17385.4519
97.032,7510,7305,Running,16,0.00,1,0,0,0,-1.0000,0.0,0,0.000,32.800,0.000,0.0,0.0,0.0,0,300141.9679,15302.0257
97.049,7475,7265,Running,14,0.00,1,0,0,0,-1.0000,0.0,0,0.000,32.800,0.000,0.0,0.0,0.0,0,295480.5358,16131.2026
97.065,7440,7225,Running,13,0.00,1,0,0,0,-1.0000,0.0,0,0.000,32.800,0.000,0.0,0.0,0.0,0,280623.3991,16546.2919
97.082,7403,7182,Running,12,0.00,1,0,0,0,-1.0000,0.0,0,0.000,33.120,0.000,0.0,0.0,0.0,0,261572.5719,15737.8748
97.099,7366,7139,Running,12,0.00,1,0,0,0,-1.0000,0.0,0,0.000,33.200,0.000,0.0,0.0,0.0,0,247095.5137,17599.7620
97.115,7327,7094,Running,12,0.00,1,0,0,0,-1.0000,0.0,0,0.000,33.200,0.000,0.0,0.0,0.0,0,235357.0389,16057.3096
97.132,7288,7049,Running,12,0.00,1,0,0,0,-1.0000,0.0,0,0.000,33.200,0.000,0.0,0.0,0.0,0,225027.1657,19404.4343
97.149,7248,7004,Running,12,0.00,1,0,0,0,-1.0000,0.0,0,0.000,33.200,0.000,0.0,0.0,0.0,0,218420.2314,17456.6327
97.165,7207,6959,Running,12,0.00,1,0,0,0,-1.0000,0.0,0,0.000,33.200,0.000,0.0,0.0,0.0,0,214222.8299,18889.7624
97.182,7165,6914,Running,12,0.00,1,0,0,0,-1.0000,0.0,0,0.000,33.200,0.000,0.0,0.0,0.0,0,212667.8472,19607.9987
97.199,7123,6869,Running,12,0.00,1,0,0,0,-1.0000,0.0,0,0.000,33.200,0.000,0.0,0.0,0.0,0,214880.0248,19771.3207
97.215,7080,6824,Running,12,0.00,1,0,0,0,-1.0000,0.0,0,0.000,33.200,0.000,0.0,0.0,0.0,0,208406.7855,19810.9399
97.232,7037,6780,Running,12,0.00,1,0,0,0,-1.0000,0.0,0,0.000,33.200,0.000,0.0,0.0,0.0,0,210894.8639,18256.7885
97.249,6994,6736,Running,12,0.00,1,0,0,0,-1.0000,0.0,0,0.000,33.200,0.000,0.0,0.0,0.0,0,211090.5184,19367.9249
97.265,6951,6692,Running,12,0.00,1,0,0,0,-1.0000,0.0,0,0.000,33.200,0.000,0.0,0.0,0.0,0,208300.4133,17194.8627
97.282,6908,6649,Running,12,0.00,1,0,0,0,-1.0000,0.0,0,0.000,33.200,0.000,0.0,0.0,0.0,0,206713.6397,19844.7381
97.299,6865,6606,Running,12,0.00,1,0,0,0,-1.0000,0.0,0,0.000,33.200,0.000,0.0,0.0,0.0,0,213869.3831,18535.0944
97.315,6821,6563,Running,8,0.00,1,0,0,0,-1.0000,0.0,0,0.000,33.200,0.000,0.0,0.0,0.0,0,202351.5097,19704.0376
97.332,6778,6520,Running,8,0.00,1,0,0,0,-1.0000,0.0,0,0.000,33.200,0.000,0.0,0.0,0.0,0,184597.2808,19532.3850
97.349,6735,6475,Running,8,0.00,1,0,0,0,-1.0000,0.0,0,0.000,33.200,0.000,0.0,0.0,0.0,0,164140.4823,19690.8529
97.365,6691,6429,Running,8,0.00,1,0,0,0,-1.0000,0.0,0,0.000,33.200,0.000,0.0,0.0,0.0,0,141387.1579,19906.9135
97.382,6648,6384,Running,8,0.00,1,0,0,0,-1.0000,0.0,0,0.000,33.280,0.000,0.0,0.0,0.0,0,130521.8085,18648.5663
97.399,6603,6338,Running,8,0.00,1,0,0,0,-1.0000,0.0,0,0.000,33.280,0.000,0.0,0.0,0.0,0,121184.8606,20124.7653
97.415,6559,6292,Running,8,0.00,1,0,0,0,-1.0000,0.0,0,0.000,33.280,0.000,0.0,0.0,0.0,0,115989.0621,19767.3915
97.432,6514,6245,Running,8,0.00,1,0,0,0,-1.0000,0.0,0,0.000,33.280,0.000,0.0,0.0,0.0,0,113780.5094,19905.4231
97.449,6469,6199,Running,8,0.00,1,0,0,0,-1.0000,0.0,0,0.000,33.280,0.000,0.0,0.0,0.0,0,111784.7768,19609.4563
97.465,6424,6152,Running,6,0.00,1,0,0,0,-1.0000,0.0,0,0.000,33.280,0.000,0.0,0.0,0.0,0,110801.9710,20107.8158
97.482,6378,6105,Running,4,0.00,1,0,0,0,-1.0000,0.0,0,0.000,33.280,0.000,0.0,0.0,0.0,0,100776.9861,19162.6074
97.499,6333,6058,Running,4,0.00,1,0,0,0,-1.0000,0.0,0,0.000,33.200,0.000,0.0,0.0,0.0,0,85392.9675,18117.8908
97.515,6287,6010,Running,4,0.00,1,0,0,0,-1.0000,0.0,0,0.000,33.200,0.000,0.0,0.0,0.0,0,81303.4579,18117.8908
97.532,6240,5962,Running,4,0.00,1,0,0,0,-1.0000,0.0,0,0.000,33.200,0.000,0.0,0.0,0.0,0,84277.7095,19056.9198
97.549,6194,5913,Running,4,0.00,1,0,0,0,-1.0000,0.0,0,0.000,33.200,0.000,0.0,0.0,0.0,0,64035.6129,18582.2859
97.565,6147,5865,Running,4,0.00,1,0,0,0,-1.0000,0.0,0,0.000,33.200,0.000,0.0,0.0,0.0,0,76461.6020,17951.5636
97.582,6099,5816,Running,4,0.00,1,0,0,0,-1.0000,0.0,0,0.000,33.200,0.000,0.0,0.0,0.0,0,64078.9806,18437.7285
97.599,6052,5768,Running,4,0.00,1,0,0,0,-1.0000,0.0,0,0.000,33.200,0.000,0.0,0.0,0.0,0,73286.8624,18501.2280
97.615,6004,5720,Running,4,0.00,1,0,0,0,-1.0000,0.0,0,0.000,33.200,0.000,0.0,0.0,0.0,0,57094.7004,17488.6889
97.632,5957,5672,Running,0,0.00,1,0,0,0,-1.0000,0.0,0,0.000,33.200,0.000,0.0,0.0,0.0,0,74598.4036,18342.2326
97.649,5909,5623,Running,0,0.00,1,0,0,0,-1.0000,0.0,0,0.000,32.880,0.000,0.0,0.0,0.0,0,65951.8549,18342.2326
97.665,5861,5575,Running,0,0.00,1,0,0,0,-1.0000,0.0,0,0.000,32.880,0.000,0.0,0.0,0.0,0,53179.9549,18059.2137
97.682,5814,5527,Running,0,0.00,1,0,0,0,-1.0000,0.0,0,0.000,32.880,0.000,0.0,0.0,0.0,0,55160.3872,17216.5124
97.699,5766,5479,Running,0,0.00,1,0,0,0,-1.0000,0.0,0,0.000,32.880,0.000,0.0,0.0,0.0,0,58053.5085,18549.9362
97.716,5718,5430,Running,0,0.00,1,0,0,0,-1.0000,0.0,0,0.000,32.880,0.000,0.0,0.0,0.0,0,56347.4318,17960.6082
97.732,5670,5382,Running,0,0.00,1,0,0,0,-1.0000,0.0,0,0.000,32.880,0.000,0.0,0.0,0.0,0,52973.4652,18255.9138
97.749,5622,5334,Running,0,0.00,1,0,0,0,-1.0000,0.0,0,0.000,32.880,0.000,0.0,0.0,0.0,0,49471.0685,17864.1144
97.765,5574,5286,Running,0,0.00,1,0,0,0,-1.0000,0.0,0,0.000,32.480,0.000,0.0,0.0,0.0,0,48988.0820,18089.5755
97.782,5526,5239,Running,0,0.00,1,0,0,0,-1.0000,0.0,0,0.000,32.400,0.000,0.0,0.0,0.0,0,50973.8855,17726.1559
97.799,5478,5192,Running,0,0.00,1,0,0,0,-1.0000,0.0,0,0.000,32.400,0.000,0.0,0.0,0.0,0,56776.8630,16832.8198
97.815,5430,5145,Running,0,0.00,1,0,0,0,-1.0000,0.0,0,0.000,32.400,0.000,0.0,0.0,0.0,0,56045.1015,17759.8129
97.832,5383,5098,Running,0,0.00,1,0,0,0,-1.0000,0.0,0,0.000,32.400,0.000,0.0,0.0,0.0,0,47120.5681,17328.1772
97.849,5335,5052,Running,0,0.00,1,0,0,0,-1.0000,0.0,0,0.000,32.400,0.000,0.0,0.0,0.0,0,46807.7092,17096.4515
97.866,5288,5005,Running,0,0.00,1,0,0,0,-1.0000,0.0,0,0.000,32.400,0.000,0.0,0.0,0.0,0,59655.8650,17627.7647
97.882,5241,4960,Running,0,0.00,1,0,0,0,-1.0000,0.0,0,0.000,32.400,0.000,0.0,0.0,0.0,0,42462.0675,17053.2817
97.899,5194,4914,Running,0,0.00,1,0,0,0,-1.0000,0.0,0,0.000,32.400,0.000,0.0,0.0,0.0,0,60520.3242,17095.2222
97.915,5147,4869,Running,0,0.00,1,0,0,0,-1.0000,0.0,0,0.000,32.400,0.000,0.0,0.0,0.0,0,41271.3773,17095.2222
97.932,5101,4824,Running,0,0.00,1,0,0,0,-1.0000,0.0,0,0.000,32.400,0.000,0.0,0.0,0.0,0,60534.4117,16767.0154
97.949,5055,4779,Running,0,0.00,1,0,0,0,-1.0000,0.0,0,0.000,32.400,0.000,0.0,0.0,0.0,0,49229.4268,16799.0948
97.965,5009,4735,Running,0,0.00,1,0,0,0,-1.0000,0.0,0,0.000,31.280,0.000,0.0,0.0,0.0,0,44199.8937,16530.0360
97.982,4963,4691,Running,0,0.00,1,0,0,0,-1.0000,0.0,0,0.000,31.280,0.000,0.0,0.0,0.0,0,57930.1433,16790.7518
97.999,4918,4647,Running,0,0.00,1,0,0,0,-1.0000,0.0,0,0.000,31.200,0.000,0.0,0.0,0.0,0,54493.9912,17416.7976
98.015,4873,4603,Running,0,0.00,1,0,0,0,-1.0000,0.0,0,0.000,31.200,0.000,0.0,0.0,0.0,0,48790.1751,15192.4014
98.032,4828,4560,Running,0,0.00,1,0,0,0,-1.0000,0.0,0,0.000,31.200,0.000,0.0,0.0,0.0,0,49067.5291,15818.2797
98.049,4783,4517,Running,0,0.00,1,0,0,0,-1.0000,0.0,0,0.000,31.200,0.000,0.0,0.0,0.0,0,49442.8011,16888.3977
98.065,4739,4475,Running,0,0.00,1,0,0,0,-1.0000,0.0,0,0.000,31.200,0.000,0.0,0.0,0.0,0,48741.9787,17283.6536
98.082,4695,4432,Running,0,0.00,1,0,0,0,-1.0000,0.0,0,0.000,31.200,0.000,0.0,0.0,0.0,0,53166.2166,16036.9162
98.099,4651,4391,Running,0,0.00,1,0,0,0,-1.0000,0.0,0,0.000,31.200,0.000,0.0,0.0,0.0,0,54831.0037,17625.0802
98.115,4608,4349,Running,0,0.00,1,0,0,0,-1.0000,0.0,0,0.000,31.200,0.000,0.0,0.0,0.0,0,52725.7383,16426.4482
98.132,4565,4308,Running,0,0.00,1,0,0,0,-1.0000,0.0,0,0.000,31.200,0.000,0.0,0.0,0.0,0,49090.2376,18429.3729
98.149,4522,4267,Running,0,0.00,1,0,0,0,-1.0000,0.0,0,0.000,31.200,0.000,0.0,0.0,0.0,0,44923.1194,15822.8479
98.165,4480,4226,Running,0,0.00,1,0,0,0,-1.0000,0.0,0,0.000,31.200,0.000,0.0,0.0,0.0,0,49709.1767,16942.4914
98.182,4437,4186,Running,0,0.00,1,0,0,0,-1.0000,0.0,0,0.000,31.200,0.000,0.0,0.0,0.0,0,58176.2576,17135.4345
98.199,4396,4146,Running,0,0.00,1,0,0,0,-1.0000,0.0,0,0.000,31.200,0.000,0.0,0.0,0.0,0,45023.8141,16584.4775
98.215,4354,4106,Running,0,0.00,1,0,0,0,-1.0000,0.0,0,0.000,31.200,0.000,0.0,0.0,0.0,0,49675.8502,17673.0721
98.232,4313,4067,Running,0,0.00,1,0,0,0,-1.0000,0.0,0,0.000,31.200,0.000,0.0,0.0,0.0,0,54300.9012,17362.1028
98.249,4272,4027,Running,0,0.00,1,0,0,0,-1.0000,0.0,0,0.000,31.200,0.000,0.0,0.0,0.0,0,44887.7867,16426.6631
98.265,4231,3988,Running,0,0.00,1,0,0,0,-1.0000,0.0,0,0.000,31.200,0.000,0.0,0.0,0.0,0,53113.3775,14238.9921
98.282,4191,3950,Running,0,0.00,1,0,0,0,-1.0000,0.0,0,0.000,31.200,0.000,0.0,0.0,0.0,0,49037.8970,17259.5275
98.299,4150,3911,Running,0,0.00,1,0,0,0,-1.0000,0.0,0,0.000,31.200,0.000,0.0,0.0,0.0,0,42589.9660,17061.6224
98.316,4111,3873,Running,0,0.00,1,0,0,0,-1.0000,0.0,0,0.000,31.200,0.000,0.0,0.0,0.0,0,57476.4489,15545.8524
98.332,4071,3835,Running,0,0.00,1,0,0,0,-1.0000,0.0,0,0.000,31.200,0.000,0.0,0.0,0.0,0,45793.9621,17135.2068
98.349,4032,3797,Running,0,0.00,1,0,0,0,-1.0000,0.0,0,0.000,31.200,0.000,0.0,0.0,0.0,0,41658.5774,17956.9116
98.365,3993,3760,Running,0,0.00,1,0,0,0,-1.0000,0.0,0,0.000,28.560,0.000,0.0,0.0,0.0,0,52876.8132,16807.9487
98.382,3954,3723,Running,0,0.00,1,0,0,0,-1.0000,0.0,0,0.000,28.480,0.000,0.0,0.0,0.0,0,53184.4964,15113.9185
98.399,3916,3687,Running,0,0.00,1,0,0,0,-1.0000,0.0,0,0.000,28.480,0.000,0.0,0.0,0.0,0,49688.7301,16006.9834
98.415,3878,3650,Running,0,0.00,1,0,0,0,-1.0000,0.0,0,0.000,28.480,0.000,0.0,0.0,0.0,0,48156.6264,16841.7834
98.432,3840,3614,Running,0,0.00,1,0,0,0,-1.0000,0.0,0,0.000,28.480,0.000,0.0,0.0,0.0,0,46806.3759,16405.1323
98.449,3802,3578,Running,0,0.00,1,0,0,0,-1.0000,0.0,0,0.000,28.480,0.000,0.0,0.0,0.0,0,47441.6148,17514.8122
98.465,3765,3543,Running,0,0.00,1,0,0,0,-1.0000,0.0,0,0.000,27.920,0.000,0.0,0.0,0.0,0,49045.7684,15250.9601
98.482,3728,3507,Running,0,0.00,1,0,0,0,-1.0000,0.0,0,0.000,27.840,0.000,0.0,0.0,0.0,0,46910.0793,16079.8799
98.499,3691,3472,Running,0,0.00,1,0,0,0,-1.0000,0.0,0,0.000,27.840,0.000,0.0,0.0,0.0,0,44537.7203,15402.1443
98.516,3655,3437,Running,0,0.00,1,0,0,0,-1.0000,0.0,0,0.000,27.840,0.000,0.0,0.0,0.0,0,43297.6126,15402.1443
98.532,3618,3402,Running,0,0.00,1,0,0,0,-1.0000,0.0,0,0.000,27.840,0.000,0.0,0.0,0.0,0,41064.8062,15953.2458
98.549,3583,3368,Running,0,0.00,1,0,0,0,-1.0000,0.0,0,0.000,27.840,0.000,0.0,0.0,0.0,0,48683.0988,15209.2327
98.565,3547,3335,Running,0,0.00,1,0,0,0,-1.0000,0.0,0,0.000,27.840,0.000,0.0,0.0,0.0,0,55025.0066,16980.4474
98.582,3512,3301,Running,0,0.00,1,0,0,0,-1.0000,0.0,0,0.000,27.840,0.000,0.0,0.0,0.0,0,41914.8940,16427.0819
98.599,3477,3267,Running,0,0.00,1,0,0,0,-1.0000,0.0,0,0.000,27.840,0.000,0.0,0.0,0.0,0,39223.3301,16427.0819
98.615,3442,3235,Running,0,0.00,1,0,0,0,-1.0000,0.0,0,0.000,27.840,0.000,0.0,0.0,0.0,0,56477.9892,15218.0445
98.632,3407,3202,Running,0,0.00,1,0,0,0,-1.0000,0.0,0,0.000,27.840,0.000,0.0,0.0,0.0,0,37046.9643,16340.4440
98.649,3373,3169,Running,0,0.00,1,0,0,0,-1.0000,0.0,0,0.000,26.640,0.000,0.0,0.0,0.0,0,50421.7106,16182.8319
98.665,3339,3136,Running,0,0.00,1,0,0,0,-1.0000,0.0,0,0.000,26.640,0.000,0.0,0.0,0.0,0,39654.9755,18160.9787
98.682,3305,3104,Running,0,0.00,1,0,0,0,-1.0000,0.0,0,0.000,26.480,0.000,0.0,0.0,0.0,0,48737.9193,17575.2001
98.699,3272,3072,Running,0,0.00,1,0,0,0,-1.0000,0.0,0,0.000,26.480,0.000,0.0,0.0,0.0,0,37947.1713,19938.6148
98.716,3239,3041,Running,0,0.00,1,0,0,0,-1.0000,0.0,0,0.000,26.480,0.000,0.0,0.0,0.0,0,52312.9426,19938.6148
98.732,3206,3009,Running,0,0.00,1,0,0,0,-1.0000,0.0,0,0.000,26.480,0.000,0.0,0.0,0.0,0,34384.4647,20202.3586
98.749,3173,2978,Running,0,0.00,1,0,0,0,-1.0000,0.0,0,0.000,26.480,0.000,0.0,0.0,0.0,0,47324.0738,18351.1119
98.766,3141,2947,Running,0,0.00,1,0,0,0,-1.0000,0.0,0,0.000,26.480,0.000,0.0,0.0,0.0,0,47135.1261,18761.3917
98.782,3108,2917,Running,0,0.00,1,0,0,0,-1.0000,0.0,0,0.000,26.480,0.000,0.0,0.0,0.0,0,37974.0919,19804.5076
98.799,3077,2886,Running,0,0.00,1,0,0,0,-1.0000,0.0,0,0.000,26.480,0.000,0.0,0.0,0.0,0,37673.3475,18634.8675
98.815,3045,2856,Running,0,0.00,1,0,0,0,-1.0000,0.0,0,0.000,26.480,0.000,0.0,0.0,0.0,0,47551.4458,19579.2623
98.832,3014,2827,Running,0,0.00,1,0,0,0,-1.0000,0.0,0,0.000,25.360,0.000,0.0,0.0,0.0,0,45853.1207,19926.2844
98.849,2982,2797,Running,0,0.00,1,0,0,0,-1.0000,0.0,0,0.000,25.200,0.000,0.0,0.0,0.0,0,43189.0371,21321.0576
98.865,2952,2768,Running,0,0.00,1,0,0,0,-1.0000,0.0,0,0.000,25.200,0.000,0.0,0.0,0.0,0,42473.7222,19194.2900
98.882,2921,2739,Running,0,0.00,1,0,0,0,-1.0000,0.0,0,0.000,25.200,0.000,0.0,0.0,0.0,0,39013.0780,20317.9859
98.899,2891,2710,Running,0,0.00,1,0,0,0,-1.0000,0.0,0,0.000,25.200,0.000,0.0,0.0,0.0,0,39905.7902,21093.8318
98.915,2861,2682,Running,0,0.00,1,0,0,0,-1.0000,0.0,0,0.000,25.200,0.000,0.0,0.0,0.0,0,41631.8331,20733.6126
98.932,2831,2654,Running,0,0.00,1,0,0,0,-1.0000,0.0,0,0.000,25.200,0.000,0.0,0.0,0.0,0,42830.6133,20739.8204
98.949,2802,2627,Running,0,0.00,1,0,0,0,-1.0000,0.0,0,0.000,25.200,0.000,0.0,0.0,0.0,0,42636.6011,20739.8204
98.966,2773,2599,Running,0,0.00,1,0,0,0,-1.0000,0.0,0,0.000,25.200,0.000,0.0,0.0,0.0,0,41581.6163,21580.0425
98.982,2744,2572,Running,0,0.00,1,0,0,0,-1.0000,0.0,0,0.000,25.200,0.000,0.0,0.0,0.0,0,39830.4943,21614.3973
98.999,2715,2545,Running,0,0.00,1,0,0,0,-1.0000,0.0,0,0.000,25.200,0.000,0.0,0.0,0.0,0,35468.5909,21890.0527
99.015,2687,2518,Running,0,0.00,1,0,0,0,-1.0000,0.0,0,0.000,25.200,0.000,0.0,0.0,0.0,0,35846.4538,21938.7165
99.032,2659,2492,Running,0,0.00,1,0,0,0,-1.0000,0.0,0,0.000,25.200,0.000,0.0,0.0,0.0,0,40507.2512,21280.6913
99.049,2631,2466,Running,0,0.00,1,0,0,0,-1.0000,0.0,0,0.000,25.200,0.000,0.0,0.0,0.0,0,47004.0061,21989.7807
99.065,2604,2440,Running,0,0.00,1,0,0,0,-1.0000,0.0,0,0.000,25.200,0.000,0.0,0.0,0.0,0,38308.3273,21977.6022
99.082,2576,2414,Running,0,0.00,1,0,0,0,-1.0000,0.0,0,0.000,25.200,0.000,0.0,0.0,0.0,0,32283.9427,21977.6022
99.099,2549,2389,Running,0,0.00,1,0,0,0,-1.0000,0.0,0,0.000,25.200,0.000,0.0,0.0,0.0,0,41782.2071,22208.4148
99.115,2523,2364,Running,0,0.00,1,0,0,0,-1.0000,0.0,0,0.000,25.200,0.000,0.0,0.0,0.0,0,41464.5585,22289.9495
99.132,2496,2339,Running,0,0.00,1,0,0,0,-1.0000,0.0,0,0.000,25.200,0.000,0.0,0.0,0.0,0,31360.2550,21677.0642
99.149,2470,2314,Running,0,0.00,1,0,0,0,-1.0000,0.0,0,0.000,25.200,0.000,0.0,0.0,0.0,0,45044.7399,21489.2215
99.165,2444,2289,Running,0,0.00,1,0,0,0,-1.0000,0.0,0,0.000,25.200,0.000,0.0,0.0,0.0,0,31545.4538,21936.9243
99.182,2419,2265,Running,0,0.00,1,0,0,0,-1.0000,0.0,0,0.000,25.200,0.000,0.0,0.0,0.0,0,39325.5503,17298.0688
99.199,2393,2241,Running,0,0.00,1,0,0,0,-1.0000,0.0,0,0.000,25.200,0.000,0.0,0.0,0.0,0,34887.6127,21534.6511
99.215,2368,2217,Running,0,0.00,1,0,0,0,-1.0000,0.0,0,0.000,22.640,0.000,0.0,0.0,0.0,0,36589.5232,21205.9215
99.232,2343,2194,Running,0,0.00,1,0,0,0,-1.0000,0.0,0,0.000,22.480,0.000,0.0,0.0,0.0,0,34285.5006,19189.9127
99.249,2318,2171,Running,0,0.00,1,0,0,0,-1.0000,0.0,0,0.000,22.480,0.000,0.0,0.0,0.0,0,42078.9301,19362.3363
99.265,2294,2148,Running,0,0.00,1,0,0,0,-1.0000,0.0,0,0.000,22.480,0.000,0.0,0.0,0.0,0,28947.6683,22135.9762
99.282,2269,2126,Running,0,0.00,1,0,0,0,-1.0000,0.0,0,0.000,22.480,0.000,0.0,0.0,0.0,0,43011.7452,21163.3292
99.299,2246,2104,Running,0,0.00,1,0,0,0,-1.0000,0.0,0,0.000,22.480,0.000,0.0,0.0,0.0,0,31596.4079,19137.5314
99.315,2222,2081,Running,0,0.00,1,0,0,0,-1.0000,0.0,0,0.000,22.480,0.000,0.0,0.0,0.0,0,31998.3162,20694.5467
99.332,2199,2060,Running,0,0.00,1,0,0,0,-1.0000,0.0,0,0.000,22.480,0.000,0.0,0.0,0.0,0,40550.1050,20694.5467
99.349,2176,2038,Running,0,0.00,1,0,0,0,-1.0000,0.0,0,0.000,22.480,0.000,0.0,0.0,0.0,0,34331.0525,21073.0552
99.365,2153,2016,Running,0,0.00,1,0,0,0,-1.0000,0.0,0,0.000,21.600,0.000,0.0,0.0,0.0,0,27466.0923,21034.1674
99.382,2130,1995,Running,0,0.00,1,0,0,0,-1.0000,0.0,0,0.000,21.600,0.000,0.0,0.0,0.0,0,34751.6075,19551.7609
99.399,2108,1974,Running,0,0.00,1,0,0,0,-1.0000,0.0,0,0.000,21.600,0.000,0.0,0.0,0.0,0,38912.7981,21835.2289
99.415,2085,1954,Running,0,0.00,1,0,0,0,-1.0000,0.0,0,0.000,21.600,0.000,0.0,0.0,0.0,0,35159.3017,22075.0640
99.432,2063,1933,Running,0,0.00,1,0,0,0,-1.0000,0.0,0,0.000,21.600,0.000,0.0,0.0,0.0,0,29078.3363,21062.7069
99.449,2042,1914,Running,0,0.00,1,0,0,0,-1.0000,0.0,0,0.000,21.600,0.000,0.0,0.0,0.0,0,31756.2089,20964.2045
99.465,2021,1894,Running,0,0.00,1,0,0,0,-1.0000,0.0,0,0.000,21.600,0.000,0.0,0.0,0.0,0,32745.0478,23077.9503
99.482,2000,1873,Running,0,0.00,1,0,0,0,-1.0000,0.0,0,0.000,21.600,0.000,0.0,0.0,0.0,0,30792.0667,23077.9503
99.499,1979,1853,Running,0,0.00,1,0,0,0,-1.0000,0.0,0,0.000,21.600,0.000,0.0,0.0,0.0,0,31702.7208,22178.8758
99.515,1958,1834,Running,0,0.00,1,0,0,0,-1.0000,0.0,0,0.000,21.600,0.000,0.0,0.0,0.0,0,32124.9684,23705.8903
99.532,1937,1814,Running,0,0.00,1,0,0,0,-1.0000,0.0,0,0.000,21.600,0.000,0.0,0.0,0.0,0,31354.8594,23877.1159
99.549,1917,1796,Running,0,0.00,1,0,0,0,-1.0000,0.0,0,0.000,20.320,0.000,0.0,0.0,0.0,0,31220.3578,23922.1773
99.566,1897,1778,Running,0,0.00,1,0,0,0,-1.0000,0.0,0,0.000,20.240,0.000,0.0,0.0,0.0,0,31170.7874,23647.1560
99.582,1877,1760,Running,0,0.00,1,0,0,0,-1.0000,0.0,0,0.000,20.240,0.000,0.0,0.0,0.0,0,30247.5344,24564.0368
99.599,1858,1742,Running,0,0.00,1,0,0,0,-1.0000,0.0,0,0.000,20.240,0.000,0.0,0.0,0.0,0,31299.5660,24564.0368
99.616,1839,1725,Running,0,0.00,1,0,0,0,-1.0000,0.0,0,0.000,20.240,0.000,0.0,0.0,0.0,0,29251.1174,24314.9889
99.632,1820,1708,Running,0,0.00,1,0,0,0,-1.0000,0.0,0,0.000,20.240,0.000,0.0,0.0,0.0,0,31486.9376,22699.8205
99.649,1801,1690,Running,0,0.00,1,0,0,0,-1.0000,0.0,0,0.000,20.240,0.000,0.0,0.0,0.0,0,30221.0778,23634.4046
99.665,1783,1674,Running,0,0.00,1,0,0,0,-1.0000,0.0,0,0.000,20.240,0.000,0.0,0.0,0.0,0,30738.4728,20274.0789
99.682,1765,1657,Running,0,0.00,1,0,0,0,-1.0000,0.0,0,0.000,20.240,0.000,0.0,0.0,0.0,0,32730.3346,22385.0890
99.699,1747,1641,Running,0,0.00,1,0,0,0,-1.0000,0.0,0,0.000,20.240,0.000,0.0,0.0,0.0,0,29573.1433,17124.3144
99.715,1729,1625,Running,0,0.00,1,0,0,0,-1.0000,0.0,0,0.000,19.200,0.000,0.0,0.0,0.0,0,27037.7670,17124.3144
99.732,1712,1609,Running,0,0.00,1,0,0,0,-1.0000,0.0,0,0.000,19.040,0.000,0.0,0.0,0.0,0,27833.2944,14302.2826
99.749,1695,1594,Running,0,0.00,1,0,0,0,-1.0000,0.0,0,0.000,19.040,0.000,0.0,0.0,0.0,0,29342.2830,16272.7750
99.766,1678,1579,Running,0,0.00,1,0,0,0,-1.0000,0.0,0,0.000,18.960,0.000,0.0,0.0,0.0,0,31015.3361,7993.7593
99.782,1662,1564,Running,0,0.00,1,0,0,0,-1.0000,0.0,0,0.000,18.960,0.000,0.0,0.0,0.0,0,30172.1421,10363.0696
99.799,1646,1548,Running,0,0.00,1,0,0,0,-1.0000,0.0,0,0.000,18.960,0.000,0.0,0.0,0.0,0,22994.9954,9399.2673
99.816,1630,1534,Running,0,0.00,1,0,0,0,-1.0000,0.0,0,0.000,18.960,0.000,0.0,0.0,0.0,0,29861.7798,5330.7817
99.832,1614,1520,Running,0,0.00,1,0,0,0,-1.0000,0.0,0,0.000,18.960,0.000,0.0,0.0,0.0,0,30753.1987,9316.8043
99.849,1598,1505,Running,0,0.00,1,0,0,0,-1.0000,0.0,0,0.000,18.960,0.000,0.0,0.0,0.0,0,24604.8085,6267.7495
99.865,1583,1492,Running,0,0.00,1,0,0,0,-1.0000,0.0,0,0.000,18.960,0.000,0.0,0.0,0.0,0,28261.9946,8441.4395
99.882,1568,1478,Running,0,0.00,1,0,0,0,-1.0000,0.0,0,0.000,18.960,0.000,0.0,0.0,0.0,0,29344.8052,5621.0505
99.899,1553,1463,Running,0,0.00,1,0,0,0,-1.0000,0.0,0,0.000,18.960,0.000,0.0,0.0,0.0,0,20523.5295,5790.0848
99.916,1538,1450,Running,0,0.00,1,0,0,0,-1.0000,0.0,0,0.000,18.960,0.000,0.0,0.0,0.0,0,27476.5316,5523.5035
99.932,1523,1437,Running,0,0.00,1,0,0,0,-1.0000,0.0,0,0.000,18.960,0.000,0.0,0.0,0.0,0,30529.9077,5989.5414
99.949,1509,1424,Running,0,0.00,1,0,0,0,-1.0000,0.0,0,0.000,18.960,0.000,0.0,0.0,0.0,0,22892.2245,9297.6428
99.965,1495,1413,Running,0,0.00,1,0,0,0,-1.0000,0.0,0,0.000,18.960,0.000,0.0,0.0,0.0,0,30558.7126,9297.6428
99.982,1481,1400,Running,0,0.00,1,0,0,0,-1.0000,0.0,0,0.000,18.960,0.000,0.0,0.0,0.0,0,22191.0471,6048.6769
99.999,1468,1388,Running,0,0.00,1,0,0,0,-1.0000,0.0,0,0.000,18.960,0.000,0.0,0.0,0.0,0,27442.3627,5448.6340
100.016,1455,1375,Running,0,0.00,1,0,0,0,-1.0000,0.0,0,0.000,18.960,0.000,0.0,0.0,0.0,0,22858.0105,7289.8326
100.032,1441,1364,Running,0,0.00,1,0,0,0,-1.0000,0.0,0,0.000,18.960,0.000,0.0,0.0,0.0,0,27604.5826,8184.6786
100.049,1429,1352,Running,0,0.00,1,0,0,0,-1.0000,0.0,0,0.000,18.960,0.000,0.0,0.0,0.0,0,25521.0125,8163.0448
100.065,1416,1342,Running,0,0.00,1,0,0,0,-1.0000,0.0,0,0.000,16.800,0.000,0.0,0.0,0.0,0,26238.9779,9870.7687
100.082,1404,1330,Running,0,0.00,1,0,0,0,-1.0000,0.0,0,0.000,16.800,0.000,0.0,0.0,0.0,0,23845.7611,8514.0957
100.099,1391,1319,Running,0,0.00,1,0,0,0,-1.0000,0.0,0,0.000,16.480,0.000,0.0,0.0,0.0,0,24888.9350,8844.1861
100.116,1379,1308,Running,0,0.00,1,0,0,0,-1.0000,0.0,0,0.000,16.480,0.000,0.0,0.0,0.0,0,23028.2201,10138.6050
100.132,1368,1300,Running,0,0.00,1,0,0,0,-1.0000,0.0,0,0.000,16.480,0.000,0.0,0.0,0.0,0,29702.4615,9652.1945
100.149,1356,1289,Running,0,0.00,1,0,0,0,-1.0000,0.0,0,0.000,16.480,0.000,0.0,0.0,0.0,0,21196.5414,9970.6721
100.165,1345,1279,Running,0,0.00,1,0,0,0,-1.0000,0.0,0,0.000,16.480,0.000,0.0,0.0,0.0,0,28320.5166,10436.2121
100.182,1334,1268,Running,0,0.00,1,0,0,0,-1.0000,0.0,0,0.000,16.480,0.000,0.0,0.0,0.0,0,23016.2680,11347.0987
100.199,1323,1259,Running,0,0.00,1,0,0,0,-1.0000,0.0,0,0.000,16.480,0.000,0.0,0.0,0.0,0,22539.3216,10292.0257
100.216,1313,1249,Running,0,0.00,1,0,0,0,-1.0000,0.0,0,0.000,16.480,0.000,0.0,0.0,0.0,0,23433.1798,11837.4975
100.232,1302,1237,Running,0,0.00,1,0,0,0,-1.0000,0.0,0,0.000,16.480,0.000,0.0,0.0,0.0,0,18956.9166,12317.8495
100.249,1291,1228,Running,0,0.00,1,0,0,0,-1.0000,0.0,0,0.000,16.480,0.000,0.0,0.0,0.0,0,28038.6948,9848.0656
100.265,1281,1219,Running,0,0.00,1,0,0,0,-1.0000,0.0,0,0.000,16.480,0.000,0.0,0.0,0.0,0,22459.2757,12566.7861
100.282,1270,1207,Running,0,0.00,1,0,0,0,-1.0000,0.0,0,0.000,16.480,0.000,0.0,0.0,0.0,0,18124.4532,12218.6461
100.299,1260,1198,Running,0,0.00,1,0,0,0,-1.0000,0.0,0,0.000,16.480,0.000,0.0,0.0,0.0,0,26178.3190,11427.0790
100.316,1250,1189,Running,0,0.00,1,0,0,0,-1.0000,0.0,0,0.000,16.480,0.000,0.0,0.0,0.0,0,20378.0928,12545.7552
100.332,1239,1179,Running,0,0.00,1,0,0,0,-1.0000,0.0,0,0.000,16.480,0.000,0.0,0.0,0.0,0,18991.8689,10245.5780
100.349,1230,1171,Running,0,0.00,1,0,0,0,-1.0000,0.0,0,0.000,16.480,0.000,0.0,0.0,0.0,0,26549.3909,11621.9249
100.366,1220,1163,Running,0,0.00,1,0,0,0,-1.0000,0.0,0,0.000,16.480,0.000,0.0,0.0,0.0,0,21779.3911,11309.7021
100.382,1210,1152,Running,0,0.00,1,0,0,0,-1.0000,0.0,0,0.000,16.480,0.000,0.0,0.0,0.0,0,17143.7026,11309.7021
100.399,1201,1145,Running,0,0.00,1,0,0,0,-1.0000,0.0,0,0.000,16.480,0.000,0.0,0.0,0.0,0,24717.1310,12023.8815
100.416,1192,1137,Running,0,0.00,1,0,0,0,-1.0000,0.0,0,0.000,16.480,0.000,0.0,0.0,0.0,0,22787.6173,10926.5783
100.432,1183,1128,Running,0,0.00,1,0,0,0,-1.0000,0.0,0,0.000,16.480,0.000,0.0,0.0,0.0,0,19826.9403,11966.2474
100.449,1174,1120,Running,0,0.00,1,0,0,0,-1.0000,0.0,0,0.000,16.480,0.000,0.0,0.0,0.0,0,17191.6635,10046.8001
100.466,1165,1114,Running,0,0.00,1,0,0,0,-1.0000,0.0,0,0.000,16.480,0.000,0.0,0.0,0.0,0,27261.0436,11820.1443
100.482,1156,1106,Running,0,0.00,1,0,0,0,-1.0000,0.0,0,0.000,13.680,0.000,0.0,0.0,0.0,0,20325.5467,11820.1443
100.499,1148,1099,Running,0,0.00,1,0,0,0,-1.0000,0.0,0,0.000,13.680,0.000,0.0,0.0,0.0,0,19678.3476,11382.9104
100.516,1140,1091,Running,0,0.00,1,0,0,0,-1.0000,0.0,0,0.000,13.680,0.000,0.0,0.0,0.0,0,18995.0543,11351.4118
100.532,1132,1084,Running,0,0.00,1,0,0,0,-1.0000,0.0,0,0.000,13.680,0.000,0.0,0.0,0.0,0,21207.4949,11298.3534
100.549,1124,1080,Running,0,0.00,1,0,0,0,-1.0000,0.0,0,0.000,13.680,0.000,0.0,0.0,0.0,0,26968.9931,11620.4407
100.566,1117,1074,Running,0,0.00,1,0,0,0,-1.0000,0.0,0,0.000,13.680,0.000,0.0,0.0,0.0,0,19044.4789,7945.1089
100.582,1110,1067,Running,0,0.00,1,0,0,0,-1.0000,0.0,0,0.000,13.680,0.000,0.0,0.0,0.0,0,22278.0098,11174.4545
100.599,1103,1061,Running,0,0.00,1,0,0,0,-1.0000,0.0,0,0.000,13.680,0.000,0.0,0.0,0.0,0,15202.5029,6728.5530
100.615,1096,1056,Running,0,0.00,1,0,0,0,-1.0000,0.0,0,0.000,13.680,0.000,0.0,0.0,0.0,0,22591.9316,12317.6368
100.632,1090,1051,Running,0,0.00,1,0,0,0,-1.0000,0.0,0,0.000,13.680,0.000,0.0,0.0,0.0,0,26248.9166,10987.4918
100.649,1083,1048,Running,0,0.00,1,0,0,0,-1.0000,0.0,0,0.000,13.680,0.000,0.0,0.0,0.0,0,23102.3037,12554.9362
100.666,1077,1042,Running,0,0.00,1,0,0,0,-1.0000,0.0,0,0.000,13.680,0.000,0.0,0.0,0.0,0,19871.6007,9527.2781
100.682,1071,1036,Running,0,0.00,1,0,0,0,-1.0000,0.0,0,0.000,12.320,0.000,0.0,0.0,0.0,0,19073.1005,9961.3855
100.699,1065,1030,Running,0,0.00,1,0,0,0,-1.0000,0.0,0,0.000,12.320,0.000,0.0,0.0,0.0,0,17627.9753,11990.4023
100.716,1060,1024,Running,0,0.00,1,0,0,0,-1.0000,0.0,0,0.000,12.320,0.000,0.0,0.0,0.0,0,19045.9350,11792.1851
100.732,1054,1019,Running,0,0.00,1,0,0,0,-1.0000,0.0,0,0.000,12.320,0.000,0.0,0.0,0.0,0,23074.4329,12351.0123
100.749,1048,1014,Running,0,0.00,1,0,0,0,-1.0000,0.0,0,0.000,12.320,0.000,0.0,0.0,0.0,0,22725.9644,9837.6662
100.766,1042,1011,Running,0,0.00,1,0,0,0,-1.0000,0.0,0,0.000,12.320,0.000,0.0,0.0,0.0,0,22256.1713,11547.8906
100.782,1037,1008,Running,0,0.00,1,0,0,0,-1.0000,0.0,0,0.000,12.320,0.000,0.0,0.0,0.0,0,20598.0878,11547.8906
100.799,1032,1004,Running,0,0.00,1,0,0,0,-1.0000,0.0,0,0.000,11.600,0.000,0.0,0.0,0.0,0,20192.3849,11573.6649
100.816,1028,1000,Running,0,0.00,1,0,0,0,-1.0000,0.0,0,0.000,11.600,0.000,0.0,0.0,0.0,0,20406.6504,11740.9561
100.832,1023,996,Running,0,0.00,1,0,0,0,-1.0000,0.0,0,0.000,11.600,0.000,0.0,0.0,0.0,0,18257.0326,9802.9943
100.849,1019,990,Running,0,0.00,1,0,0,0,-1.0000,0.0,0,0.000,11.600,0.000,0.0,0.0,0.0,0,18855.4680,11962.7069
100.866,1014,989,Running,0,0.00,1,0,0,0,-1.0000,0.0,0,0.000,11.600,0.000,0.0,0.0,0.0,0,20441.6511,9778.9030
100.882,1010,986,Running,0,0.00,1,0,0,0,-1.0000,0.0,0,0.000,11.600,0.000,0.0,0.0,0.0,0,26489.2568,12230.0461
100.899,1006,982,Running,0,0.00,1,0,0,0,-1.0000,0.0,0,0.000,11.600,0.000,0.0,0.0,0.0,0,22242.8782,12230.0461
100.916,1002,981,Running,0,0.00,1,0,0,0,-1.0000,0.0,0,0.000,11.600,0.000,0.0,0.0,0.0,0,22871.3395,13354.8775
100.932,999,979,Running,0,0.00,1,0,0,0,-1.0000,0.0,0,0.000,11.600,0.000,0.0,0.0,0.0,0,22138.5598,10821.2995
100.949,995,975,Running,0,0.00,1,0,0,0,-1.0000,0.0,0,0.000,11.600,0.000,0.0,0.0,0.0,0,17770.2728,11387.7382
100.966,992,971,Running,0,0.00,1,0,0,0,-1.0000,0.0,0,0.000,11.600,0.000,0.0,0.0,0.0,0,19986.4515,11512.7243
100.982,988,968,Running,0,0.00,1,0,0,0,-1.0000,0.0,0,0.000,11.600,0.000,0.0,0.0,0.0,0,20316.4323,7898.2264
100.999,985,964,Running,0,0.00,1,0,0,0,-1.0000,0.0,0,0.000,11.600,0.000,0.0,0.0,0.0,0,20477.5229,11302.5540
101.016,981,959,Running,0,0.00,1,0,0,0,-1.0000,0.0,0,0.000,11.600,0.000,0.0,0.0,0.0,0,17061.6176,9872.8526
101.032,978,956,Running,0,0.00,1,0,0,0,-1.0000,0.0,0,0.000,11.600,0.000,0.0,0.0,0.0,0,17361.0159,12319.5996
101.049,974,954,Running,0,0.00,1,0,0,0,-1.0000,0.0,0,0.000,11.600,0.000,0.0,0.0,0.0,0,20254.1849,10770.5419
101.066,971,952,Running,0,0.00,1,0,0,0,-1.0000,0.0,0,0.000,11.600,0.000,0.0,0.0,0.0,0,21013.2090,11561.5889
101.082,968,950,Running,0,0.00,1,0,0,0,-1.0000,0.0,0,0.000,11.600,0.000,0.0,0.0,0.0,0,22719.1726,9492.3014
101.099,966,950,Running,0,0.00,1,0,0,0,-1.0000,0.0,0,0.000,11.600,0.000,0.0,0.0,0.0,0,22209.6902,11867.5207
101.116,963,948,Running,0,0.00,1,0,0,0,-1.0000,0.0,0,0.000,11.600,0.000,0.0,0.0,0.0,0,24772.6905,10050.3605
101.132,961,946,Running,0,0.00,1,0,0,0,-1.0000,0.0,0,0.000,11.600,0.000,0.0,0.0,0.0,0,22827.4983,10221.8076
101.149,958,945,Running,0,0.00,1,0,0,0,-1.0000,0.0,0,0.000,11.600,0.000,0.0,0.0,0.0,0,22464.1131,9525.7695
101.166,956,942,Running,0,0.00,1,0,0,0,-1.0000,0.0,0,0.000,11.600,0.000,0.0,0.0,0.0,0,18558.0250,9525.7695
101.182,953,941,Running,0,0.00,1,0,0,0,-1.0000,0.0,0,0.000,11.600,0.000,0.0,0.0,0.0,0,20538.9363,10197.1915
101.199,951,940,Running,0,0.00,1,0,0,0,-1.0000,0.0,0,0.000,10.640,0.000,0.0,0.0,0.0,0,22371.3158,12150.8277
101.216,949,939,Running,0,0.00,1,0,0,0,-1.0000,0.0,0,0.000,10.640,0.000,0.0,0.0,0.0,0,18482.6279,7824.9188
101.232,947,939,Running,0,0.00,1,0,0,0,-1.0000,0.0,0,0.000,10.640,0.000,0.0,0.0,0.0,0,24218.4147,10228.3374
101.249,946,938,Running,0,0.00,1,0,0,0,-1.0000,0.0,0,0.000,10.640,0.000,0.0,0.0,0.0,0,20844.4836,9569.3159
101.266,944,939,Running,0,0.00,1,0,0,0,-1.0000,0.0,0,0.000,10.640,0.000,0.0,0.0,0.0,0,21811.6440,9792.3394
101.282,943,937,Running,0,0.00,1,0,0,0,-1.0000,0.0,0,0.000,10.640,0.000,0.0,0.0,0.0,0,23529.1831,9792.3394
101.299,942,935,Running,0,0.00,1,0,0,0,-1.0000,0.0,0,0.000,10.640,0.000,0.0,0.0,0.0,0,19039.9608,11842.0617
101.316,941,934,Running,0,0.00,1,0,0,0,-1.0000,0.0,0,0.000,10.640,0.000,0.0,0.0,0.0,0,19386.6162,12644.6786
101.332,940,936,Running,0,0.00,1,0,0,0,-1.0000,0.0,0,0.000,10.640,0.000,0.0,0.0,0.0,0,21831.4083,8698.5788
101.349,939,934,Running,0,0.00,1,0,0,0,-1.0000,0.0,0,0.000,10.640,0.000,0.0,0.0,0.0,0,22310.6034,10719.8281
101.366,939,932,Running,0,0.00,1,0,0,0,-1.0000,0.0,0,0.000,10.640,0.000,0.0,0.0,0.0,0,18337.6150,9350.8652
101.382,938,934,Running,0,0.00,1,0,0,0,-1.0000,0.0,0,0.000,10.640,0.000,0.0,0.0,0.0,0,20630.9949,12980.1208
101.399,938,934,Running,0,0.00,1,0,0,0,-1.0000,0.0,0,0.000,10.640,0.000,0.0,0.0,0.0,0,24414.9932,12980.1208
101.416,937,936,Running,0,0.00,1,0,0,0,-1.0000,0.0,0,0.000,10.160,0.000,0.0,0.0,0.0,0,21856.8852,12926.0855
101.432,938,939,Running,0,0.00,1,0,0,0,-1.0000,0.0,0,0.000,10.160,0.000,0.0,0.0,0.0,0,24797.8611,9751.0229
101.449,938,937,Running,0,0.00,1,0,0,0,-1.0000,0.0,0,0.000,10.160,0.000,0.0,0.0,0.0,0,25537.0298,12538.9751
101.466,938,934,Running,0,0.00,1,0,0,0,-1.0000,0.0,0,0.000,10.160,0.000,0.0,0.0,0.0,0,20828.3238,10689.5294
101.482,937,936,Running,0,0.00,1,0,0,0,-1.0000,0.0,0,0.000,10.160,0.000,0.0,0.0,0.0,0,22257.3487,14926.4001
101.499,937,934,Running,0,0.00,1,0,0,0,-1.0000,0.0,0,0.000,10.160,0.000,0.0,0.0,0.0,0,25959.0193,9120.2177
101.516,936,933,Running,0,0.00,1,0,0,0,-1.0000,0.0,0,0.000,10.160,0.000,0.0,0.0,0.0,0,22836.7145,9399.9029
101.532,936,931,Running,0,0.00,1,0,0,0,-1.0000,0.0,0,0.000,10.160,0.000,0.0,0.0,0.0,0,21734.3167,9399.9029
101.549,935,931,Running,0,0.00,1,0,0,0,-1.0000,0.0,0,0.000,10.160,0.000,0.0,0.0,0.0,0,22322.8926,11621.1904
101.566,934,933,Running,0,0.00,1,0,0,0,-1.0000,0.0,0,0.000,10.160,0.000,0.0,0.0,0.0,0,24253.9857,9749.5162
101.582,934,934,Running,0,0.00,1,0,0,0,-1.0000,0.0,0,0.000,10.160,0.000,0.0,0.0,0.0,0,21538.3011,10714.3994
101.599,934,935,Running,0,0.00,1,0,0,0,-1.0000,0.0,0,0.000,10.160,0.000,0.0,0.0,0.0,0,25228.1601,9743.1990
101.616,934,934,Running,0,0.00,1,0,0,0,-1.0000,0.0,0,0.000,9.760,0.000,0.0,0.0,0.0,0,19977.9442,12048.0137
101.632,934,935,Running,0,0.00,1,0,0,0,-1.0000,0.0,0,0.000,9.760,0.000,0.0,0.0,0.0,0,22385.3652,8825.5942
101.649,934,934,Running,0,0.00,1,0,0,0,-1.0000,0.0,0,0.000,9.760,0.000,0.0,0.0,0.0,0,23149.4701,12482.3707
101.666,933,934,Running,0,0.00,1,0,0,0,-1.0000,0.0,0,0.000,9.760,0.000,0.0,0.0,0.0,0,20539.8537,12482.3707
101.682,934,935,Running,0,0.00,1,0,0,0,-1.0000,0.0,0,0.000,9.760,0.000,0.0,0.0,0.0,0,24900.1427,11490.8083
101.699,934,934,Running,0,0.00,1,0,0,0,-1.0000,0.0,0,0.000,9.760,0.000,0.0,0.0,0.0,0,22834.6771,11712.6569
101.716,934,933,Running,0,0.00,1,0,0,0,-1.0000,0.0,0,0.000,9.760,0.000,0.0,0.0,0.0,0,19770.6142,10383.5130
101.732,933,933,Running,0,0.00,1,0,0,0,-1.0000,0.0,0,0.000,9.760,0.000,0.0,0.0,0.0,0,22082.6712,12080.7320
101.749,934,934,Running,0,0.00,1,0,0,0,-1.0000,0.0,0,0.000,9.760,0.000,0.0,0.0,0.0,0,21844.1463,9259.0223
101.766,934,934,Running,0,0.00,1,0,0,0,-1.0000,0.0,0,0.000,9.760,0.000,0.0,0.0,0.0,0,22432.0748,11497.9266
101.782,934,933,Running,0,0.00,1,0,0,0,-1.0000,0.0,0,0.000,9.760,0.000,0.0,0.0,0.0,0,20638.4381,9957.9114
101.799,934,932,Running,0,0.00,1,0,0,0,-1.0000,0.0,0,0.000,9.760,0.000,0.0,0.0,0.0,0,21801.1275,13360.0213
101.816,934,930,Running,0,0.00,1,0,0,0,-1.0000,0.0,0,0.000,9.760,0.000,0.0,0.0,0.0,0,20913.0785,13360.0213
101.832,933,934,Running,0,0.00,1,0,0,0,-1.0000,0.0,0,0.000,9.760,0.000,0.0,0.0,0.0,0,21846.2263,12088.1486
101.849,934,934,Running,0,0.00,1,0,0,0,-1.0000,0.0,0,0.000,9.760,0.000,0.0,0.0,0.0,0,26705.5977,9089.3589
101.866,934,938,Running,0,0.00,1,0,0,0,-1.0000,0.0,0,0.000,9.760,0.000,0.0,0.0,0.0,0,23313.7084,9026.7343
101.882,935,942,Running,0,0.00,1,0,0,0,-1.0000,0.0,0,0.000,9.760,0.000,0.0,0.0,0.0,0,27378.8180,12144.5044
101.899,936,940,Running,0,0.00,1,0,0,0,-1.0000,0.0,0,0.000,9.760,0.000,0.0,0.0,0.0,0,26795.8041,12144.5044
101.916,937,941,Running,0,0.00,1,0,0,0,-1.0000,0.0,0,0.000,9.760,0.000,0.0,0.0,0.0,0,23444.5352,12348.5120
101.932,938,942,Running,0,0.00,1,0,0,0,-1.0000,0.0,0,0.000,9.760,0.000,0.0,0.0,0.0,0,26508.0932,14722.3116
101.949,938,941,Running,0,0.00,1,0,0,0,-1.0000,0.0,0,0.000,9.760,0.000,0.0,0.0,0.0,0,24252.8682,9288.9338
101.966,939,943,Running,0,0.00,1,0,0,0,-1.0000,0.0,0,0.000,9.760,0.000,0.0,0.0,0.0,0,25727.2828,12303.1676
101.982,939,943,Running,0,0.00,1,0,0,0,-1.0000,0.0,0,0.000,9.760,0.000,0.0,0.0,0.0,0,21574.4897,10868.4120
101.999,940,943,Running,0,0.00,1,0,0,0,-1.0000,0.0,0,0.000,9.760,0.000,0.0,0.0,0.0,0,23480.2919,11448.7055
102.016,940,942,Running,0,0.00,1,0,0,0,-1.0000,0.0,0,0.000,9.760,0.000,0.0,0.0,0.0,0,20766.4890,10277.3729
102.032,940,945,Running,0,0.00,1,0,0,0,-1.0000,0.0,0,0.000,9.760,0.000,0.0,0.0,0.0,0,24241.4036,10505.1778
102.049,941,949,Running,0,0.00,1,0,0,0,-1.0000,0.0,0,0.000,9.760,0.000,0.0,0.0,0.0,0,26979.6660,10505.1778
102.066,942,950,Running,0,0.00,1,0,0,0,-1.0000,0.0,0,0.000,9.760,0.000,0.0,0.0,0.0,0,25940.2226,12111.1880
102.082,943,948,Running,0,0.00,1,0,0,0,-1.0000,0.0,0,0.000,9.760,0.000,0.0,0.0,0.0,0,20876.5436,15376.0117
102.099,944,949,Running,0,0.00,1,0,0,0,-1.0000,0.0,0,0.000,9.760,0.000,0.0,0.0,0.0,0,20068.9336,12016.7522
102.116,945,952,Running,0,0.00,1,0,0,0,-1.0000,0.0,0,0.000,9.760,0.000,0.0,0.0,0.0,0,24232.4743,12308.5308
102.132,946,954,Running,0,0.00,1,0,0,0,-1.0000,0.0,0,0.000,9.760,0.000,0.0,0.0,0.0,0,23915.5567,10055.0356
102.149,948,953,Running,0,0.00,1,0,0,0,-1.0000,0.0,0,0.000,9.760,0.000,0.0,0.0,0.0,0,24171.7763,10055.0356
102.166,949,954,Running,0,0.00,1,0,0,0,-1.0000,0.0,0,0.000,9.760,0.000,0.0,0.0,0.0,0,22674.0434,11847.7833
102.182,950,957,Running,0,0.00,1,0,0,0,-1.0000,0.0,0,0.000,9.760,0.000,0.0,0.0,0.0,0,25933.1268,14633.2126
102.199,951,958,Running,0,0.00,1,0,0,0,-1.0000,0.0,0,0.000,9.040,0.000,0.0,0.0,0.0,0,27946.9222,10221.3443
102.216,952,962,Running,0,0.00,1,0,0,0,-1.0000,0.0,0,0.000,9.040,0.000,0.0,0.0,0.0,0,27672.4378,13351.9256
102.232,954,965,Running,0,0.00,1,0,0,0,-1.0000,0.0,0,0.000,9.040,0.000,0.0,0.0,0.0,0,31609.6757,12029.6892
102.249,956,967,Running,0,0.00,1,0,0,0,-1.0000,0.0,0,0.000,9.040,0.000,0.0,0.0,0.0,0,26713.4475,12719.9246
102.266,958,971,Running,0,0.00,1,0,0,0,-1.0000,0.0,0,0.000,9.040,0.000,0.0,0.0,0.0,0,26695.1249,14196.9799
102.282,960,973,Running,0,0.00,1,0,0,0,-1.0000,0.0,0,0.000,9.040,0.000,0.0,0.0,0.0,0,25686.1312,15934.9029
102.299,962,972,Running,0,0.00,1,0,0,0,-1.0000,0.0,0,0.000,9.040,0.000,0.0,0.0,0.0,0,23612.3745,12347.9850
102.316,963,969,Running,0,0.00,1,0,0,0,-1.0000,0.0,0,0.000,9.040,0.000,0.0,0.0,0.0,0,21052.9802,12347.9850
102.332,964,970,Running,0,0.00,1,0,0,0,-1.0000,0.0,0,0.000,9.040,0.000,0.0,0.0,0.0,0,21358.8921,13981.2929
102.349,965,971,Running,0,0.00,1,0,0,0,-1.0000,0.0,0,0.000,9.040,0.000,0.0,0.0,0.0,0,24094.3543,13981.2929
102.366,966,969,Running,0,0.00,1,0,0,0,-1.0000,0.0,0,0.000,8.480,0.000,0.0,0.0,0.0,0,23152.9989,12135.0545
102.382,967,970,Running,0,0.00,1,0,0,0,-1.0000,0.0,0,0.000,8.480,0.000,0.0,0.0,0.0,0,22242.9144,12650.2420
102.399,967,968,Running,0,0.00,1,0,0,0,-1.0000,0.0,0,0.000,8.480,0.000,0.0,0.0,0.0,0,26512.2537,11560.7081
102.416,967,968,Running,0,0.00,1,0,0,0,-1.0000,0.0,0,0.000,8.480,0.000,0.0,0.0,0.0,0,25127.5785,12568.6357
102.432,967,969,Running,0,0.00,1,0,0,0,-1.0000,0.0,0,0.000,8.480,0.000,0.0,0.0,0.0,0,28456.2978,12568.6357
102.449,968,972,Running,0,0.00,1,0,0,0,-1.0000,0.0,0,0.000,8.480,0.000,0.0,0.0,0.0,0,29819.3228,10622.8609
102.466,969,974,Running,0,0.00,1,0,0,0,-1.0000,0.0,0,0.000,8.480,0.000,0.0,0.0,0.0,0,25948.4794,12804.0328
102.482,969,973,Running,0,0.00,1,0,0,0,-1.0000,0.0,0,0.000,8.480,0.000,0.0,0.0,0.0,0,22118.1419,12945.5393
102.499,970,973,Running,0,0.00,1,0,0,0,-1.0000,0.0,0,0.000,8.480,0.000,0.0,0.0,0.0,0,24066.1719,14292.7235
102.516,970,972,Running,0,0.00,1,0,0,0,-1.0000,0.0,0,0.000,8.480,0.000,0.0,0.0,0.0,0,23795.9507,10550.2559
102.532,970,970,Running,0,0.00,1,0,0,0,-1.0000,0.0,0,0.000,8.480,0.000,0.0,0.0,0.0,0,21946.2432,12377.8161
102.549,970,971,Running,0,0.00,1,0,0,0,-1.0000,0.0,0,0.000,8.480,0.000,0.0,0.0,0.0,0,19788.0241,9566.7400
102.566,971,971,Running,0,0.00,1,0,0,0,-1.0000,0.0,0,0.000,8.000,0.000,0.0,0.0,0.0,0,24761.8535,12725.9568
102.582,971,969,Running,0,0.00,1,0,0,0,-1.0000,0.0,0,0.000,8.000,0.000,0.0,0.0,0.0,0,22616.9835,12725.9568
102.599,971,972,Running,0,0.00,1,0,0,0,-1.0000,0.0,0,0.000,8.000,0.000,0.0,0.0,0.0,0,23383.9370,11971.6739
102.616,971,974,Running,0,0.00,1,0,0,0,-1.0000,0.0,0,0.000,8.000,0.000,0.0,0.0,0.0,0,29839.6133,13431.4630
102.632,972,975,Running,0,0.00,1,0,0,0,-1.0000,0.0,0,0.000,8.000,0.000,0.0,0.0,0.0,0,29083.3416,13431.4630
102.649,972,974,Running,0,0.00,1,0,0,0,-1.0000,0.0,0,0.000,8.000,0.000,0.0,0.0,0.0,0,27315.8046,15557.5546
102.666,972,974,Running,0,0.00,1,0,0,0,-1.0000,0.0,0,0.000,8.000,0.000,0.0,0.0,0.0,0,22882.8335,12287.7497
102.682,972,975,Running,0,0.00,1,0,0,0,-1.0000,0.0,0,0.000,8.000,0.000,0.0,0.0,0.0,0,23799.6971,14424.2783
102.699,973,975,Running,0,0.00,1,0,0,0,-1.0000,0.0,0,0.000,8.000,0.000,0.0,0.0,0.0,0,25597.7030,10930.8338
102.716,973,977,Running,0,0.00,1,0,0,0,-1.0000,0.0,0,0.000,8.000,0.000,0.0,0.0,0.0,0,23518.3364,10930.8338
102.732,974,979,Running,0,0.00,1,0,0,0,-1.0000,0.0,0,0.000,8.000,0.000,0.0,0.0,0.0,0,25012.2257,14211.2692
102.749,975,981,Running,0,0.00,1,0,0,0,-1.0000,0.0,0,0.000,8.000,0.000,0.0,0.0,0.0,0,23269.3320,11975.5476
102.766,976,983,Running,0,0.00,1,0,0,0,-1.0000,0.0,0,0.000,7.520,0.000,0.0,0.0,0.0,0,23406.0150,14760.9292
102.782,977,982,Running,0,0.00,1,0,0,0,-1.0000,0.0,0,0.000,7.520,0.000,0.0,0.0,0.0,0,25776.7173,12447.3113
102.799,978,984,Running,0,0.00,1,0,0,0,-1.0000,0.0,0,0.000,7.520,0.000,0.0,0.0,0.0,0,25123.2987,15119.8588
102.816,979,985,Running,0,0.00,1,0,0,0,-1.0000,0.0,0,0.000,7.520,0.000,0.0,0.0,0.0,0,31226.4856,15119.8588
102.832,980,983,Running,0,0.00,1,0,0,0,-1.0000,0.0,0,0.000,7.520,0.000,0.0,0.0,0.0,0,27288.6737,12755.9994
102.849,980,982,Running,0,0.00,1,0,0,0,-1.0000,0.0,0,0.000,7.520,0.000,0.0,0.0,0.0,0,22958.0637,13745.1620
102.866,980,980,Running,0,0.00,1,0,0,0,-1.0000,0.0,0,0.000,7.520,0.000,0.0,0.0,0.0,0,22648.4355,13276.2012
102.882,980,979,Running,0,0.00,1,0,0,0,-1.0000,0.0,0,0.000,7.200,0.000,0.0,0.0,0.0,0,21882.3946,11077.1204
102.899,980,979,Running,0,0.00,1,0,0,0,-1.0000,0.0,0,0.000,7.200,0.000,0.0,0.0,0.0,0,24448.7441,11406.5521
102.916,980,980,Running,0,0.00,1,0,0,0,-1.0000,0.0,0,0.000,7.200,0.000,0.0,0.0,0.0,0,23579.7450,12114.2891
102.932,980,981,Running,0,0.00,1,0,0,0,-1.0000,0.0,0,0.000,7.200,0.000,0.0,0.0,0.0,0,22207.9438,14712.7380
102.949,980,980,Running,0,0.00,1,0,0,0,-1.0000,0.0,0,0.000,7.200,0.000,0.0,0.0,0.0,0,23974.2250,14363.0120
102.966,980,981,Running,0,0.00,1,0,0,0,-1.0000,0.0,0,0.000,7.200,0.000,0.0,0.0,0.0,0,23159.2848,15919.5680
102.982,981,981,Running,0,0.00,1,0,0,0,-1.0000,0.0,0,0.000,7.200,0.000,0.0,0.0,0.0,0,27719.0448,14678.3361
102.999,981,984,Running,0,0.00,1,0,0,0,-1.0000,0.0,0,0.000,7.200,0.000,0.0,0.0,0.0,0,29023.6148,10400.1156
103.016,981,984,Running,0,0.00,1,0,0,0,-1.0000,0.0,0,0.000,7.200,0.000,0.0,0.0,0.0,0,29021.4319,13289.3567
103.032,982,983,Running,0,0.00,1,0,0,0,-1.0000,0.0,0,0.000,7.200,0.000,0.0,0.0,0.0,0,24526.2113,11946.3768
103.049,982,981,Running,0,0.00,1,0,0,0,-1.0000,0.0,0,0.000,7.200,0.000,0.0,0.0,0.0,0,20526.7224,13768.9800
103.066,981,981,Running,0,0.00,1,0,0,0,-1.0000,0.0,0,0.000,7.200,0.000,0.0,0.0,0.0,0,22009.7575,11580.4107
103.082,981,982,Running,0,0.00,1,0,0,0,-1.0000,0.0,0,0.000,6.720,0.000,0.0,0.0,0.0,0,26557.9370,11580.4107
103.099,981,982,Running,0,0.00,1,0,0,0,-1.0000,0.0,0,0.000,6.720,0.000,0.0,0.0,0.0,0,23158.0973,12125.7145
103.116,981,981,Running,0,0.00,1,0,0,0,-1.0000,0.0,0,0.000,6.720,0.000,0.0,0.0,0.0,0,19930.4183,9786.7893
103.132,981,980,Running,0,0.00,1,0,0,0,-1.0000,0.0,0,0.000,6.720,0.000,0.0,0.0,0.0,0,22754.2330,15110.7420
103.149,981,980,Running,0,0.00,1,0,0,0,-1.0000,0.0,0,0.000,6.720,0.000,0.0,0.0,0.0,0,25498.7771,11511.6181
103.166,981,983,Running,0,0.00,1,0,0,0,-1.0000,0.0,0,0.000,6.720,0.000,0.0,0.0,0.0,0,26684.7932,10826.4581
103.182,982,984,Running,0,0.00,1,0,0,0,-1.0000,0.0,0,0.000,6.720,0.000,0.0,0.0,0.0,0,31334.3372,13188.7191
103.199,982,984,Running,0,0.00,1,0,0,0,-1.0000,0.0,0,0.000,6.720,0.000,0.0,0.0,0.0,0,27428.5680,13188.7191
103.216,982,985,Running,0,0.00,1,0,0,0,-1.0000,0.0,0,0.000,6.720,0.000,0.0,0.0,0.0,0,22509.8845,12934.0261
103.232,983,987,Running,0,0.00,1,0,0,0,-1.0000,0.0,0,0.000,6.720,0.000,0.0,0.0,0.0,0,26047.9906,13560.6236
103.249,983,988,Running,0,0.00,1,0,0,0,-1.0000,0.0,0,0.000,6.720,0.000,0.0,0.0,0.0,0,25117.8738,12110.5930
103.266,984,987,Running,0,0.00,1,0,0,0,-1.0000,0.0,0,0.000,6.720,0.000,0.0,0.0,0.0,0,23841.4145,12956.5051
103.282,984,986,Running,0,0.00,1,0,0,0,-1.0000,0.0,0,0.000,6.720,0.000,0.0,0.0,0.0,0,19073.0365,14488.8607
103.299,985,987,Running,0,0.00,1,0,0,0,-1.0000,0.0,0,0.000,6.720,0.000,0.0,0.0,0.0,0,22585.6544,12204.4733
103.316,985,989,Running,0,0.00,1,0,0,0,-1.0000,0.0,0,0.000,6.720,0.000,0.0,0.0,0.0,0,25951.1835,10446.5784
103.332,986,987,Running,0,0.00,1,0,0,0,-1.0000,0.0,0,0.000,6.720,0.000,0.0,0.0,0.0,0,28101.7249,12888.1023
103.349,986,989,Running,0,0.00,1,0,0,0,-1.0000,0.0,0,0.000,6.720,0.000,0.0,0.0,0.0,0,27872.1378,12888.1023
103.366,987,991,Running,0,0.00,1,0,0,0,-1.0000,0.0,0,0.000,6.720,0.000,0.0,0.0,0.0,0,30242.5732,12270.0089
103.382,987,992,Running,0,0.00,1,0,0,0,-1.0000,0.0,0,0.000,5.760,0.000,0.0,0.0,0.0,0,24280.6654,11758.1131
103.399,988,992,Running,0,0.00,1,0,0,0,-1.0000,0.0,0,0.000,5.760,0.000,0.0,0.0,0.0,0,25938.8848,13507.5397
103.416,988,991,Running,0,0.00,1,0,0,0,-1.0000,0.0,0,0.000,5.760,0.000,0.0,0.0,0.0,0,21098.6712,13448.8930
103.432,989,989,Running,0,0.00,1,0,0,0,-1.0000,0.0,0,0.000,5.760,0.000,0.0,0.0,0.0,0,23155.2824,11327.0248
103.449,989,987,Running,0,0.00,1,0,0,0,-1.0000,0.0,0,0.000,5.760,0.000,0.0,0.0,0.0,0,19481.5239,13586.0499
103.466,988,985,Running,0,0.00,1,0,0,0,-1.0000,0.0,0,0.000,5.760,0.000,0.0,0.0,0.0,0,22335.2991,13586.0499
103.482,988,986,Running,0,0.00,1,0,0,0,-1.0000,0.0,0,0.000,5.760,0.000,0.0,0.0,0.0,0,23061.3883,11810.2643
103.499,988,985,Running,0,0.00,1,0,0,0,-1.0000,0.0,0,0.000,5.760,0.000,0.0,0.0,0.0,0,28297.6878,13261.7573
103.516,987,985,Running,0,0.00,1,0,0,0,-1.0000,0.0,0,0.000,5.760,0.000,0.0,0.0,0.0,0,27931.9481,10957.3451
103.532,987,985,Running,0,0.00,1,0,0,0,-1.0000,0.0,0,0.000,5.760,0.000,0.0,0.0,0.0,0,26575.4773,14408.1526
103.549,987,986,Running,0,0.00,1,0,0,0,-1.0000,0.0,0,0.000,5.760,0.000,0.0,0.0,0.0,0,24866.9632,11638.2313
103.566,986,986,Running,0,0.00,1,0,0,0,-1.0000,0.0,0,0.000,5.120,0.000,0.0,0.0,0.0,0,21994.5141,13033.6991
103.582,986,986,Running,0,0.00,1,0,0,0,-1.0000,0.0,0,0.000,5.120,0.000,0.0,0.0,0.0,0,26685.9960,9754.4839
103.599,986,984,Running,0,0.00,1,0,0,0,-1.0000,0.0,0,0.000,5.120,0.000,0.0,0.0,0.0,0,20171.5331,9754.4839
103.616,986,984,Running,0,0.00,1,0,0,0,-1.0000,0.0,0,0.000,5.120,0.000,0.0,0.0,0.0,0,21575.7904,13082.2474
103.632,986,984,Running,0,0.00,1,0,0,0,-1.0000,0.0,0,0.000,5.120,0.000,0.0,0.0,0.0,0,21888.6042,10153.5731
103.649,985,982,Running,0,0.00,1,0,0,0,-1.0000,0.0,0,0.000,5.120,0.000,0.0,0.0,0.0,0,24023.2511,14460.6792
103.666,985,981,Running,0,0.00,1,0,0,0,-1.0000,0.0,0,0.000,5.120,0.000,0.0,0.0,0.0,0,23983.3881,13815.3004
103.682,984,982,Running,0,0.00,1,0,0,0,-1.0000,0.0,0,0.000,5.120,0.000,0.0,0.0,0.0,0,27074.1081,14031.8730
103.699,984,984,Running,0,0.00,1,0,0,0,-1.0000,0.0,0,0.000,5.120,0.000,0.0,0.0,0.0,0,30406.9428,9697.9385
103.716,984,985,Running,0,0.00,1,0,0,0,-1.0000,0.0,0,0.000,5.120,0.000,0.0,0.0,0.0,0,26502.5678,12634.9607
103.732,984,984,Running,0,0.00,1,0,0,0,-1.0000,0.0,0,0.000,5.120,0.000,0.0,0.0,0.0,0,22256.8723,13223.4833
103.749,984,982,Running,0,0.00,1,0,0,0,-1.0000,0.0,0,0.000,5.120,0.000,0.0,0.0,0.0,0,21027.1405,13223.4833
103.766,983,983,Running,0,0.00,1,0,0,0,-1.0000,0.0,0,0.000,5.120,0.000,0.0,0.0,0.0,0,24786.3782,12540.6211
103.782,983,980,Running,0,0.00,1,0,0,0,-1.0000,0.0,0,0.000,5.120,0.000,0.0,0.0,0.0,0,22647.4605,13461.9503
103.799,982,978,Running,0,0.00,1,0,0,0,-1.0000,0.0,0,0.000,5.120,0.000,0.0,0.0,0.0,0,18477.9830,13819.5248
103.816,982,976,Running,0,0.00,1,0,0,0,-1.0000,0.0,0,0.000,5.120,0.000,0.0,0.0,0.0,0,20833.0992,8733.5132
103.832,981,977,Running,0,0.00,1,0,0,0,-1.0000,0.0,0,0.000,5.120,0.000,0.0,0.0,0.0,0,23804.4864,12622.9593
103.849,981,977,Running,0,0.00,1,0,0,0,-1.0000,0.0,0,0.000,5.120,0.000,0.0,0.0,0.0,0,27329.1871,10432.6735
103.866,980,978,Running,0,0.00,1,0,0,0,-1.0000,0.0,0,0.000,5.120,0.000,0.0,0.0,0.0,0,27030.3299,11918.9013
103.882,980,976,Running,0,0.00,1,0,0,0,-1.0000,0.0,0,0.000,5.120,0.000,0.0,0.0,0.0,0,26512.5707,12127.1399
103.899,979,979,Running,0,0.00,1,0,0,0,-1.0000,0.0,0,0.000,5.120,0.000,0.0,0.0,0.0,0,26064.8393,10185.6604
103.916,979,980,Running,0,0.00,1,0,0,0,-1.0000,0.0,0,0.000,5.120,0.000,0.0,0.0,0.0,0,25806.7014,12500.0098
103.932,979,980,Running,0,0.00,1,0,0,0,-1.0000,0.0,0,0.000,5.120,0.000,0.0,0.0,0.0,0,20361.8893,11003.7985
103.949,979,980,Running,0,0.00,1,0,0,0,-1.0000,0.0,0,0.000,5.120,0.000,0.0,0.0,0.0,0,26428.9867,13773.3614
103.966,979,978,Running,0,0.00,1,0,0,0,-1.0000,0.0,0,0.000,5.120,0.000,0.0,0.0,0.0,0,20446.4992,8278.0013
103.982,979,977,Running,0,0.00,1,0,0,0,-1.0000,0.0,0,0.000,5.120,0.000,0.0,0.0,0.0,0,19991.7150,13812.0987
103.999,979,977,Running,0,0.00,1,0,0,0,-1.0000,0.0,0,0.000,5.120,0.000,0.0,0.0,0.0,0,22094.8292,11491.3421
104.016,979,976,Running,0,0.00,1,0,0,0,-1.0000,0.0,0,0.000,5.120,0.000,0.0,0.0,0.0,0,24230.0555,13399.8651
104.032,979,978,Running,0,0.00,1,0,0,0,-1.0000,0.0,0,0.000,5.120,0.000,0.0,0.0,0.0,0,23923.7200,11640.8660
104.049,979,979,Running,0,0.00,1,0,0,0,-1.0000,0.0,0,0.000,5.120,0.000,0.0,0.0,0.0,0,29643.4257,11910.6539
104.066,979,979,Running,0,0.00,1,0,0,0,-1.0000,0.0,0,0.000,5.120,0.000,0.0,0.0,0.0,0,28131.3702,10870.6828
104.082,979,978,Running,0,0.00,1,0,0,0,-1.0000,0.0,0,0.000,5.120,0.000,0.0,0.0,0.0,0,25046.1664,10204.1619
104.099,978,977,Running,0,0.00,1,0,0,0,-1.0000,0.0,0,0.000,5.120,0.000,0.0,0.0,0.0,0,21100.3748,11780.0739
104.116,978,977,Running,0,0.00,1,0,0,0,-1.0000,0.0,0,0.000,5.120,0.000,0.0,0.0,0.0,0,24434.5784,11797.7886
104.132,978,976,Running,0,0.00,1,0,0,0,-1.0000,0.0,0,0.000,5.120,0.000,0.0,0.0,0.0,0,22511.9197,11771.9869
104.149,977,975,Running,0,0.00,1,0,0,0,-1.0000,0.0,0,0.000,5.120,0.000,0.0,0.0,0.0,0,22138.9930,12628.9841
104.166,977,977,Running,0,0.00,1,0,0,0,-1.0000,0.0,0,0.000,5.120,0.000,0.0,0.0,0.0,0,22119.0653,13122.3536
104.182,977,978,Running,0,0.00,1,0,0,0,-1.0000,0.0,0,0.000,5.120,0.000,0.0,0.0,0.0,0,23186.1090,11066.0033
104.199,977,976,Running,0,0.00,1,0,0,0,-1.0000,0.0,0,0.000,3.600,0.000,0.0,0.0,0.0,0,23807.3161,15117.5014
104.216,977,975,Running,0,0.00,1,0,0,0,-1.0000,0.0,0,0.000,3.600,0.000,0.0,0.0,0.0,0,22445.9649,12998.8913
104.232,977,976,Running,0,0.00,1,0,0,0,-1.0000,0.0,0,0.000,3.600,0.000,0.0,0.0,0.0,0,25516.9864,13842.8753
104.249,977,974,Running,0,0.00,1,0,0,0,-1.0000,0.0,0,0.000,3.600,0.000,0.0,0.0,0.0,0,28583.0193,10194.9895
104.266,976,974,Running,0,0.00,1,0,0,0,-1.0000,0.0,0,0.000,3.600,0.000,0.0,0.0,0.0,0,24929.0782,12388.3530
104.282,976,975,Running,0,0.00,1,0,0,0,-1.0000,0.0,0,0.000,3.600,0.000,0.0,0.0,0.0,0,24697.1378,12306.3310
104.299,976,974,Running,0,0.00,1,0,0,0,-1.0000,0.0,0,0.000,3.600,0.000,0.0,0.0,0.0,0,22163.5857,12273.4128
104.316,975,971,Running,0,0.00,1,0,0,0,-1.0000,0.0,0,0.000,3.600,0.000,0.0,0.0,0.0,0,21490.0536,11062.5850
104.332,974,971,Running,0,0.00,1,0,0,0,-1.0000,0.0,0,0.000,3.600,0.000,0.0,0.0,0.0,0,21503.1099,12735.1195
104.349,974,972,Running,0,0.00,1,0,0,0,-1.0000,0.0,0,0.000,3.600,0.000,0.0,0.0,0.0,0,24901.3505,11080.3176
104.366,973,971,Running,0,0.00,1,0,0,0,-1.0000,0.0,0,0.000,3.600,0.000,0.0,0.0,0.0,0,21588.8203,11487.3495
104.382,973,971,Running,0,0.00,1,0,0,0,-1.0000,0.0,0,0.000,3.600,0.000,0.0,0.0,0.0,0,20335.9589,10482.6719
104.399,973,969,Running,0,0.00,1,0,0,0,-1.0000,0.0,0,0.000,3.600,0.000,0.0,0.0,0.0,0,22878.7387,14329.1261
104.416,972,968,Running,0,0.00,1,0,0,0,-1.0000,0.0,0,0.000,3.600,0.000,0.0,0.0,0.0,0,22842.9270,14329.1261
104.432,972,970,Running,0,0.00,1,0,0,0,-1.0000,0.0,0,0.000,3.600,0.000,0.0,0.0,0.0,0,25683.9621,11214.7970
104.449,972,974,Running,0,0.00,1,0,0,0,-1.0000,0.0,0,0.000,3.600,0.000,0.0,0.0,0.0,0,29372.4586,12031.7056
104.466,972,974,Running,0,0.00,1,0,0,0,-1.0000,0.0,0,0.000,3.600,0.000,0.0,0.0,0.0,0,30373.5432,10663.9852
104.482,972,973,Running,0,0.00,1,0,0,0,-1.0000,0.0,0,0.000,3.600,0.000,0.0,0.0,0.0,0,21771.3653,12617.8380
104.499,972,973,Running,0,0.00,1,0,0,0,-1.0000,0.0,0,0.000,3.600,0.000,0.0,0.0,0.0,0,21558.7122,12617.8380
104.516,972,973,Running,0,0.00,1,0,0,0,-1.0000,0.0,0,0.000,3.600,0.000,0.0,0.0,0.0,0,25548.3706,13577.1721
104.532,972,974,Running,0,0.00,1,0,0,0,-1.0000,0.0,0,0.000,3.600,0.000,0.0,0.0,0.0,0,22387.6903,11659.9765
104.549,972,974,Running,0,0.00,1,0,0,0,-1.0000,0.0,0,0.000,3.600,0.000,0.0,0.0,0.0,0,24600.7215,11845.8669
104.566,973,973,Running,0,0.00,1,0,0,0,-1.0000,0.0,0,0.000,3.600,0.000,0.0,0.0,0.0,0,21769.5060,13212.1175
104.582,973,971,Running,0,0.00,1,0,0,0,-1.0000,0.0,0,0.000,3.600,0.000,0.0,0.0,0.0,0,19814.1129,10746.2732
104.599,973,970,Running,0,0.00,1,0,0,0,-1.0000,0.0,0,0.000,3.600,0.000,0.0,0.0,0.0,0,20968.3646,14077.6093
104.616,972,972,Running,0,0.00,1,0,0,0,-1.0000,0.0,0,0.000,3.600,0.000,0.0,0.0,0.0,0,24516.2576,10333.8827
104.632,973,973,Running,0,0.00,1,0,0,0,-1.0000,0.0,0,0.000,3.600,0.000,0.0,0.0,0.0,0,28166.8052,12397.1527
104.649,973,976,Running,0,0.00,1,0,0,0,-1.0000,0.0,0,0.000,3.600,0.000,0.0,0.0,0.0,0,28223.4966,9050.1517
104.666,973,975,Running,0,0.00,1,0,0,0,-1.0000,0.0,0,0.000,3.600,0.000,0.0,0.0,0.0,0,28829.1625,14739.0327
104.682,974,975,Running,0,0.00,1,0,0,0,-1.0000,0.0,0,0.000,3.600,0.000,0.0,0.0,0.0,0,22619.5424,11916.1697
104.699,974,975,Running,0,0.00,1,0,0,0,-1.0000,0.0,0,0.000,3.600,0.000,0.0,0.0,0.0,0,23386.9486,14901.4246
104.716,974,976,Running,0,0.00,1,0,0,0,-1.0000,0.0,0,0.000,3.600,0.000,0.0,0.0,0.0,0,24226.2782,11069.0783
104.732,974,975,Running,15,0.00,1,0,0,0,-1.0000,0.0,0,0.000,3.600,0.000,0.0,0.0,0.0,0,23796.7757,11214.5623
104.749,974,973,Running,16,0.00,1,0,0,0,-1.0000,0.0,0,0.000,3.600,0.000,0.0,0.0,0.0,0,22149.6541,13566.1687
104.766,974,973,Running,16,0.00,1,0,0,0,-1.0000,0.0,0,0.000,4.480,0.000,0.0,0.0,0.0,0,19342.1070,10435.3921
104.782,974,979,Running,16,0.00,1,0,0,0,-1.0000,0.0,0,0.000,4.480,0.000,0.0,0.0,0.0,0,25970.7332,13127.9074
104.799,976,992,Running,16,0.00,1,0,0,0,-1.0000,0.0,0,0.000,4.480,0.000,0.0,0.0,0.0,0,32166.9960,10870.8356
104.816,980,1012,Running,16,0.00,1,0,0,0,-1.0000,0.0,0,0.000,4.480,0.000,0.0,0.0,0.0,0,41628.2009,16965.8269
104.832,987,1038,Running,16,0.00,1,0,0,0,-1.0000,0.0,0,0.000,4.480,0.000,0.0,0.0,0.0,0,52779.8045,22117.0638
104.849,997,1065,Running,16,0.00,1,0,0,0,-1.0000,0.0,0,0.000,4.480,0.000,0.0,0.0,0.0,0,69964.3525,22206.2831
104.866,1009,1089,Running,16,0.00,1,0,0,0,-1.0000,0.0,0,0.000,4.480,0.000,0.0,0.0,0.0,0,61190.3808,23729.7436
104.882,1024,1114,Running,16,0.00,1,0,0,0,-1.0000,0.0,0,0.000,4.480,0.000,0.0,0.0,0.0,0,49949.5478,23729.7436
104.899,1040,1152,Running,16,0.00,1,0,0,0,-1.0000,0.0,0,0.000,4.480,0.000,0.0,0.0,0.0,0,59338.5799,21157.5220
104.916,1061,1194,Running,16,0.00,1,0,0,0,-1.0000,0.0,0,0.000,4.480,0.000,0.0,0.0,0.0,0,94035.8903,21746.3468
104.932,1085,1236,Running,24,0.00,1,0,0,0,-1.0000,0.0,0,0.000,5.520,0.000,0.0,0.0,0.0,0,94757.0742,20243.3265
104.949,1112,1284,Running,24,0.00,1,0,0,0,-1.0000,0.0,0,0.000,5.520,0.000,0.0,0.0,0.0,0,73946.2037,21433.0519
104.966,1142,1330,Running,24,0.00,1,0,0,0,-1.0000,0.0,0,0.000,5.760,0.000,0.0,0.0,0.0,0,137370.7119,18303.5854
104.982,1175,1386,Running,24,0.00,1,0,0,0,-1.0000,0.0,0,0.000,5.760,0.000,0.0,0.0,0.0,0,76578.0203,20199.4528
104.999,1211,1435,Running,24,0.00,1,0,0,0,-1.0000,0.0,0,0.000,5.760,0.000,0.0,0.0,0.0,0,155991.9930,16786.4576
105.016,1251,1498,Running,24,0.00,1,0,0,0,-1.0000,0.0,0,0.000,5.760,0.000,0.0,0.0,0.0,0,100956.8745,18933.0495
105.032,1293,1554,Running,24,0.00,1,0,0,0,-1.0000,0.0,0,0.000,5.760,0.000,0.0,0.0,0.0,0,148778.2677,18933.0495
105.049,1338,1613,Running,24,0.00,1,0,0,0,-1.0000,0.0,0,0.000,5.760,0.000,0.0,0.0,0.0,0,174354.9789,20114.5355
105.066,1386,1676,Running,24,0.00,1,0,0,0,-1.0000,0.0,0,0.000,5.760,0.000,0.0,0.0,0.0,0,165317.6999,20037.2890
105.082,1435,1738,Running,24,0.00,1,0,0,0,-1.0000,0.0,0,0.000,5.760,0.000,0.0,0.0,0.0,0,150533.3341,15509.1426
105.099,1486,1799,Running,24,0.00,1,0,0,0,-1.0000,0.0,0,0.000,5.760,0.000,0.0,0.0,0.0,0,172719.8767,25002.8575
105.116,1539,1859,Running,24,0.00,1,0,0,0,-1.0000,0.0,0,0.000,5.760,0.000,0.0,0.0,0.0,0,188654.3675,23427.0565
105.132,1593,1915,Running,24,0.00,1,0,0,0,-1.0000,0.0,0,0.000,5.760,0.000,0.0,0.0,0.0,0,206876.0297,23602.1112
105.149,1647,1970,Running,24,0.00,1,0,0,0,-1.0000,0.0,0,0.000,5.760,0.000,0.0,0.0,0.0,0,206367.0953,23602.1112
105.166,1701,2027,Running,24,0.00,1,0,0,0,-1.0000,0.0,0,0.000,5.760,0.000,0.0,0.0,0.0,0,182372.9982,25254.1183
105.182,1756,2089,Running,24,0.00,1,0,0,0,-1.0000,0.0,0,0.000,5.760,0.000,0.0,0.0,0.0,0,200845.9142,23101.9803
105.199,1812,2145,Running,24,0.00,1,0,0,0,-1.0000,0.0,0,0.000,5.760,0.000,0.0,0.0,0.0,0,248242.8496,21716.3733
105.216,1868,2208,Running,24,0.00,1,0,0,0,-1.0000,0.0,0,0.000,5.760,0.000,0.0,0.0,0.0,0,205318.2445,23622.9118
105.232,1925,2270,Running,24,0.00,1,0,0,0,-1.0000,0.0,0,0.000,5.760,0.000,0.0,0.0,0.0,0,239280.1591,24283.3835
105.249,1983,2337,Running,24,0.00,1,0,0,0,-1.0000,0.0,0,0.000,5.760,0.000,0.0,0.0,0.0,0,230016.8714,23636.7365
105.266,2043,2401,Running,24,0.00,1,0,0,0,-1.0000,0.0,0,0.000,5.760,0.000,0.0,0.0,0.0,0,280766.1900,19716.6001
105.282,2103,2470,Running,24,0.00,1,0,0,0,-1.0000,0.0,0,0.000,5.760,0.000,0.0,0.0,0.0,0,220690.0279,19716.6001
105.299,2165,2539,Running,24,0.00,1,0,0,0,-1.0000,0.0,0,0.000,5.760,0.000,0.0,0.0,0.0,0,257306.8562,23548.0444
105.316,2228,2607,Running,24,0.00,1,0,0,0,-1.0000,0.0,0,0.000,5.760,0.000,0.0,0.0,0.0,0,274097.7395,22381.9535
105.332,2292,2677,Running,24,0.00,1,0,0,0,-1.0000,0.0,0,0.000,5.760,0.000,0.0,0.0,0.0,0,279825.2803,23630.0239
105.349,2356,2747,Running,24,0.00,1,0,0,0,-1.0000,0.0,0,0.000,5.760,0.000,0.0,0.0,0.0,0,281846.3573,23696.4994
105.366,2422,2818,Running,24,0.00,1,0,0,0,-1.0000,0.0,0,0.000,9.760,0.000,0.0,0.0,0.0,0,284713.0972,21586.5398
105.382,2488,2887,Running,24,0.00,1,0,0,0,-1.0000,0.0,0,0.000,9.760,0.000,0.0,0.0,0.0,0,292325.6187,21958.7239
105.399,2555,2955,Running,24,0.00,1,0,0,0,-1.0000,0.0,0,0.000,9.760,0.000,0.0,0.0,0.0,0,314113.6570,21724.5291
105.416,2622,3022,Running,24,0.00,1,0,0,0,-1.0000,0.0,0,0.000,9.760,0.000,0.0,0.0,0.0,0,315352.8460,21724.5291
105.432,2689,3091,Running,24,0.00,1,0,0,0,-1.0000,0.0,0,0.000,9.760,0.000,0.0,0.0,0.0,0,291196.3625,21629.1311
105.449,2756,3157,Running,24,0.00,1,0,0,0,-1.0000,0.0,0,0.000,9.760,0.000,0.0,0.0,0.0,0,348409.6382,16927.7011
105.466,2823,3228,Running,23,0.00,1,0,0,0,-1.0000,0.0,0,0.000,10.800,0.000,0.0,0.0,0.0,0,295699.1919,19170.8699
105.482,2891,3293,Running,23,0.00,1,0,0,0,-1.0000,0.0,0,0.000,10.800,0.000,0.0,0.0,0.0,0,343983.8909,17540.7743
105.499,2958,3357,Running,23,0.00,1,0,0,0,-1.0000,0.0,0,0.000,10.800,0.000,0.0,0.0,0.0,0,333973.2179,17865.9502
105.516,3024,3421,Running,23,0.00,1,0,0,0,-1.0000,0.0,0,0.000,10.800,0.000,0.0,0.0,0.0,0,320256.0510,19147.6977
105.532,3090,3482,Running,23,0.00,1,0,0,0,-1.0000,0.0,0,0.000,10.800,0.000,0.0,0.0,0.0,0,335528.1533,19147.6977
105.549,3155,3540,Running,23,0.00,1,0,0,0,-1.0000,0.0,0,0.000,10.800,0.000,0.0,0.0,0.0,0,342053.5919,19669.6981
105.566,3218,3598,Running,23,0.00,1,0,0,0,-1.0000,0.0,0,0.000,10.800,0.000,0.0,0.0,0.0,0,344583.9815,17703.1550
105.582,3281,3654,Running,23,0.00,1,0,0,0,-1.0000,0.0,0,0.000,10.800,0.000,0.0,0.0,0.0,0,345641.5950,18811.6745
105.599,3343,3709,Running,23,0.00,1,0,0,0,-1.0000,0.0,0,0.000,10.800,0.000,0.0,0.0,0.0,0,347174.7285,18105.6939
105.616,3403,3762,Running,23,0.00,1,0,0,0,-1.0000,0.0,0,0.000,10.800,0.000,0.0,0.0,0.0,0,354785.7760,18222.9503
105.632,3463,3815,Running,22,0.00,1,0,0,0,-1.0000,0.0,0,0.000,10.800,0.000,0.0,0.0,0.0,0,367739.9613,17872.2295
105.649,3521,3866,Running,22,0.00,1,0,0,0,-1.0000,0.0,0,0.000,12.640,0.000,0.0,0.0,0.0,0,354113.3334,17136.1636
105.666,3578,3916,Running,22,0.00,1,0,0,0,-1.0000,0.0,0,0.000,12.640,0.000,0.0,0.0,0.0,0,345505.6379,18201.8225
105.682,3634,3965,Running,22,0.00,1,0,0,0,-1.0000,0.0,0,0.000,12.640,0.000,0.0,0.0,0.0,0,373110.7211,19635.0799
105.699,3688,4012,Running,22,0.00,1,0,0,0,-1.0000,0.0,0,0.000,12.640,0.000,0.0,0.0,0.0,0,348674.1927,16566.9815
105.716,3742,4057,Running,22,0.00,1,0,0,0,-1.0000,0.0,0,0.000,12.640,0.000,0.0,0.0,0.0,0,369163.5029,19158.7556
105.732,3794,4100,Running,22,0.00,1,0,0,0,-1.0000,0.0,0,0.000,12.640,0.000,0.0,0.0,0.0,0,354416.4659,14037.7290
105.749,3844,4142,Running,22,0.00,1,0,0,0,-1.0000,0.0,0,0.000,12.640,0.000,0.0,0.0,0.0,0,380288.7858,18696.6926
105.766,3893,4184,Running,22,0.00,1,0,0,0,-1.0000,0.0,0,0.000,12.640,0.000,0.0,0.0,0.0,0,350774.2642,15171.7529
105.782,3941,4223,Running,22,0.00,1,0,0,0,-1.0000,0.0,0,0.000,12.640,0.000,0.0,0.0,0.0,0,374796.8083,17237.9758
105.799,3988,4262,Running,22,0.00,1,0,0,0,-1.0000,0.0,0,0.000,12.640,0.000,0.0,0.0,0.0,0,383358.3203,17237.9758
105.816,4033,4300,Running,22,0.00,1,0,0,0,-1.0000,0.0,0,0.000,12.640,0.000,0.0,0.0,0.0,0,362771.0800,17593.7344
105.832,4077,4336,Running,21,0.00,1,0,0,0,-1.0000,0.0,0,0.000,12.640,0.000,0.0,0.0,0.0,0,365958.3522,18641.5731
105.849,4119,4368,Running,21,0.00,1,0,0,0,-1.0000,0.0,0,0.000,14.160,0.000,0.0,0.0,0.0,0,369587.9602,17713.1977
105.866,4160,4399,Running,20,0.00,1,0,0,0,-1.0000,0.0,0,0.000,14.320,0.000,0.0,0.0,0.0,0,371173.4836,16432.3798
105.882,4199,4426,Running,20,0.00,1,0,0,0,-1.0000,0.0,0,0.000,14.320,0.000,0.0,0.0,0.0,0,367428.1297,19447.6392
105.899,4236,4451,Running,20,0.00,1,0,0,0,-1.0000,0.0,0,0.000,14.320,0.000,0.0,0.0,0.0,0,361620.0254,15884.1656
105.916,4271,4474,Running,20,0.00,1,0,0,0,-1.0000,0.0,0,0.000,14.320,0.000,0.0,0.0,0.0,0,356719.4639,16284.1055
105.932,4304,4495,Running,20,0.00,1,0,0,0,-1.0000,0.0,0,0.000,14.320,0.000,0.0,0.0,0.0,0,354585.3666,16351.9711
105.949,4335,4515,Running,20,0.00,1,0,0,0,-1.0000,0.0,0,0.000,14.320,0.000,0.0,0.0,0.0,0,351435.9940,16176.9762
105.966,4364,4534,Running,20,0.00,1,0,0,0,-1.0000,0.0,0,0.000,14.320,0.000,0.0,0.0,0.0,0,351026.9964,16827.2336
105.982,4392,4553,Running,20,0.00,1,0,0,0,-1.0000,0.0,0,0.000,14.320,0.000,0.0,0.0,0.0,0,350140.7627,15426.5647
105.999,4418,4570,Running,20,0.00,1,0,0,0,-1.0000,0.0,0,0.000,14.320,0.000,0.0,0.0,0.0,0,348475.3729,16992.4159
106.016,4443,4587,Running,20,0.00,1,0,0,0,-1.0000,0.0,0,0.000,14.320,0.000,0.0,0.0,0.0,0,349228.3827,16613.0108
106.032,4466,4603,Running,20,0.00,1,0,0,0,-1.0000,0.0,0,0.000,15.520,0.000,0.0,0.0,0.0,0,350366.6675,15364.2392
106.049,4488,4619,Running,20,0.00,1,0,0,0,-1.0000,0.0,0,0.000,15.600,0.000,0.0,0.0,0.0,0,352187.7304,18388.0231
106.066,4510,4634,Running,20,0.00,1,0,0,0,-1.0000,0.0,0,0.000,15.600,0.000,0.0,0.0,0.0,0,358957.3741,15909.9579
106.082,4530,4649,Running,20,0.00,1,0,0,0,-1.0000,0.0,0,0.000,15.600,0.000,0.0,0.0,0.0,0,355090.8471,17360.9385
106.099,4549,4662,Running,20,0.00,1,0,0,0,-1.0000,0.0,0,0.000,15.600,0.000,0.0,0.0,0.0,0,340562.7083,16870.1574
106.116,4568,4677,Running,20,0.00,1,0,0,0,-1.0000,0.0,0,0.000,15.600,0.000,0.0,0.0,0.0,0,347556.5648,16129.8371
106.132,4586,4691,Running,20,0.00,1,0,0,0,-1.0000,0.0,0,0.000,15.600,0.000,0.0,0.0,0.0,0,353858.1522,17485.5237
106.149,4603,4703,Running,20,0.00,1,0,0,0,-1.0000,0.0,0,0.000,15.600,0.000,0.0,0.0,0.0,0,361218.1926,17440.4986
106.166,4619,4716,Running,20,0.00,1,0,0,0,-1.0000,0.0,0,0.000,15.600,0.000,0.0,0.0,0.0,0,355081.9652,17605.8140
106.182,4635,4728,Running,20,0.00,1,0,0,0,-1.0000,0.0,0,0.000,15.600,0.000,0.0,0.0,0.0,0,343723.1864,16218.0668
106.199,4651,4741,Running,20,0.00,1,0,0,0,-1.0000,0.0,0,0.000,15.600,0.000,0.0,0.0,0.0,0,352777.3266,16232.4939
106.216,4665,4754,Running,20,0.00,1,0,0,0,-1.0000,0.0,0,0.000,15.600,0.000,0.0,0.0,0.0,0,367224.3211,16232.4939
106.232,4680,4765,Running,20,0.00,1,0,0,0,-1.0000,0.0,0,0.000,15.600,0.000,0.0,0.0,0.0,0,347763.2403,16769.5045
106.249,4694,4778,Running,20,0.00,1,0,0,0,-1.0000,0.0,0,0.000,15.600,0.000,0.0,0.0,0.0,0,350526.9572,15235.7524
106.266,4708,4788,Running,20,0.00,1,0,0,0,-1.0000,0.0,0,0.000,15.600,0.000,0.0,0.0,0.0,0,363028.9412,16747.0831
106.282,4721,4798,Running,20,0.00,1,0,0,0,-1.0000,0.0,0,0.000,16.720,0.000,0.0,0.0,0.0,0,349441.2810,16673.2941
106.299,4734,4809,Running,20,0.00,1,0,0,0,-1.0000,0.0,0,0.000,16.720,0.000,0.0,0.0,0.0,0,345496.9036,15303.5127
106.316,4746,4818,Running,20,0.00,1,0,0,0,-1.0000,0.0,0,0.000,16.720,0.000,0.0,0.0,0.0,0,363515.8068,15957.2353
106.332,4758,4827,Running,20,0.00,1,0,0,0,-1.0000,0.0,0,0.000,16.720,0.000,0.0,0.0,0.0,0,343876.8494,14937.0760
106.349,4769,4837,Running,20,0.00,1,0,0,0,-1.0000,0.0,0,0.000,16.720,0.000,0.0,0.0,0.0,0,350479.4894,15559.3414
106.366,4780,4845,Running,20,0.00,1,0,0,0,-1.0000,0.0,0,0.000,16.720,0.000,0.0,0.0,0.0,0,362161.3003,16774.3118
106.382,4791,4854,Running,20,0.00,1,0,0,0,-1.0000,0.0,0,0.000,16.720,0.000,0.0,0.0,0.0,0,337507.9091,15565.9502
106.399,4801,4862,Running,20,0.00,1,0,0,0,-1.0000,0.0,0,0.000,16.720,0.000,0.0,0.0,0.0,0,361461.0523,14704.5070
106.416,4811,4869,Running,20,0.00,1,0,0,0,-1.0000,0.0,0,0.000,16.720,0.000,0.0,0.0,0.0,0,347208.2814,15401.4676
106.432,4821,4876,Running,20,0.00,1,0,0,0,-1.0000,0.0,0,0.000,16.720,0.000,0.0,0.0,0.0,0,349357.7594,15401.4676
106.449,4830,4883,Running,21,0.00,1,0,0,0,-1.0000,0.0,0,0.000,16.720,0.000,0.0,0.0,0.0,0,357142.2032,15404.7539
106.466,4839,4892,Running,21,0.00,1,0,0,0,-1.0000,0.0,0,0.000,16.720,0.000,0.0,0.0,0.0,0,345815.1832,15737.0814
106.482,4848,4901,Running,21,0.00,1,0,0,0,-1.0000,0.0,0,0.000,16.720,0.000,0.0,0.0,0.0,0,372467.9636,16025.5956
106.499,4857,4911,Running,21,0.00,1,0,0,0,-1.0000,0.0,0,0.000,16.720,0.000,0.0,0.0,0.0,0,347511.2415,15987.7700
106.516,4866,4921,Running,21,0.00,1,0,0,0,-1.0000,0.0,0,0.000,16.720,0.000,0.0,0.0,0.0,0,376913.7193,14903.8097
106.532,4875,4932,Running,21,0.00,1,0,0,0,-1.0000,0.0,0,0.000,16.720,0.000,0.0,0.0,0.0,0,352709.0601,14972.0148
106.549,4885,4942,Running,21,0.00,1,0,0,0,-1.0000,0.0,0,0.000,16.720,0.000,0.0,0.0,0.0,0,378910.2587,15968.1073
106.566,4894,4953,Running,21,0.00,1,0,0,0,-1.0000,0.0,0,0.000,16.720,0.000,0.0,0.0,0.0,0,355671.5719,15339.4266
106.582,4904,4964,Running,21,0.00,1,0,0,0,-1.0000,0.0,0,0.000,16.720,0.000,0.0,0.0,0.0,0,381571.8627,15126.4086
106.599,4914,4974,Running,21,0.00,1,0,0,0,-1.0000,0.0,0,0.000,16.720,0.000,0.0,0.0,0.0,0,358163.5166,15126.4086
106.616,4924,4985,Running,21,0.00,1,0,0,0,-1.0000,0.0,0,0.000,16.720,0.000,0.0,0.0,0.0,0,383855.4886,16529.9057
106.632,4934,4996,Running,22,0.00,1,0,0,0,-1.0000,0.0,0,0.000,18.240,0.000,0.0,0.0,0.0,0,360714.0750,15169.0268
106.649,4945,5008,Running,22,0.00,1,0,0,0,-1.0000,0.0,0,0.000,18.240,0.000,0.0,0.0,0.0,0,385632.5097,13789.4342
106.666,4956,5022,Running,22,0.00,1,0,0,0,-1.0000,0.0,0,0.000,18.320,0.000,0.0,0.0,0.0,0,380214.6265,16424.5464
106.682,4967,5037,Running,22,0.00,1,0,0,0,-1.0000,0.0,0,0.000,18.320,0.000,0.0,0.0,0.0,0,389579.9847,18009.9721
106.699,4979,5055,Running,22,0.00,1,0,0,0,-1.0000,0.0,0,0.000,18.320,0.000,0.0,0.0,0.0,0,405687.3140,16157.8645
106.716,4992,5072,Running,22,0.00,1,0,0,0,-1.0000,0.0,0,0.000,18.320,0.000,0.0,0.0,0.0,0,386935.6043,15246.8119
106.732,5006,5089,Running,22,0.00,1,0,0,0,-1.0000,0.0,0,0.000,18.320,0.000,0.0,0.0,0.0,0,408531.8252,15623.1482
106.749,5020,5107,Running,22,0.00,1,0,0,0,-1.0000,0.0,0,0.000,18.320,0.000,0.0,0.0,0.0,0,408960.0628,15724.6533
106.766,5035,5126,Running,22,0.00,1,0,0,0,-1.0000,0.0,0,0.000,18.320,0.000,0.0,0.0,0.0,0,397445.7755,16949.5117
106.782,5050,5143,Running,22,0.00,1,0,0,0,-1.0000,0.0,0,0.000,18.320,0.000,0.0,0.0,0.0,0,410565.4392,16399.7089
106.799,5066,5160,Running,22,0.00,1,0,0,0,-1.0000,0.0,0,0.000,18.320,0.000,0.0,0.0,0.0,0,417160.7970,17167.5208
106.816,5082,5178,Running,24,0.00,1,0,0,0,-1.0000,0.0,0,0.000,18.320,0.000,0.0,0.0,0.0,0,404700.7645,16855.5309
106.832,5098,5196,Running,24,0.00,1,0,0,0,-1.0000,0.0,0,0.000,18.320,0.000,0.0,0.0,0.0,0,411042.3019,16855.5309
106.849,5115,5216,Running,24,0.00,1,0,0,0,-1.0000,0.0,0,0.000,19.200,0.000,0.0,0.0,0.0,0,422744.6836,15518.9973
106.866,5132,5238,Running,24,0.00,1,0,0,0,-1.0000,0.0,0,0.000,19.200,0.000,0.0,0.0,0.0,0,431836.0079,17458.0111
106.882,5150,5261,Running,24,0.00,1,0,0,0,-1.0000,0.0,0,0.000,19.200,0.000,0.0,0.0,0.0,0,436456.7845,17086.5039
106.899,5169,5284,Running,24,0.00,1,0,0,0,-1.0000,0.0,0,0.000,19.200,0.000,0.0,0.0,0.0,0,429535.1456,17148.4656
106.916,5189,5307,Running,24,0.00,1,0,0,0,-1.0000,0.0,0,0.000,19.200,0.000,0.0,0.0,0.0,0,430548.8434,17721.3398
106.932,5209,5331,Running,24,0.00,1,0,0,0,-1.0000,0.0,0,0.000,19.200,0.000,0.0,0.0,0.0,0,434443.5947,16799.1667
106.949,5229,5354,Running,24,0.00,1,0,0,0,-1.0000,0.0,0,0.000,19.200,0.000,0.0,0.0,0.0,0,439143.0967,17363.6393
106.966,5250,5376,Running,24,0.00,1,0,0,0,-1.0000,0.0,0,0.000,19.200,0.000,0.0,0.0,0.0,0,442708.9701,17210.6430
106.982,5271,5399,Running,24,0.00,1,0,0,0,-1.0000,0.0,0,0.000,19.200,0.000,0.0,0.0,0.0,0,443244.9247,17450.2950
106.999,5293,5421,Running,24,0.00,1,0,0,0,-1.0000,0.0,0,0.000,19.200,0.000,0.0,0.0,0.0,0,445009.1619,17181.4758
107.016,5314,5443,Running,24,0.00,1,0,0,0,-1.0000,0.0,0,0.000,19.200,0.000,0.0,0.0,0.0,0,445272.1999,16723.3076
107.032,5336,5466,Running,24,0.00,1,0,0,0,-1.0000,0.0,0,0.000,20.000,0.000,0.0,0.0,0.0,0,450830.4745,17568.5577
107.049,5358,5490,Running,24,0.00,1,0,0,0,-1.0000,0.0,0,0.000,20.000,0.000,0.0,0.0,0.0,0,457607.3671,16956.4381
107.066,5380,5514,Running,24,0.00,1,0,0,0,-1.0000,0.0,0,0.000,20.000,0.000,0.0,0.0,0.0,0,460486.2263,17601.5984
107.082,5402,5538,Running,24,0.00,1,0,0,0,-1.0000,0.0,0,0.000,20.000,0.000,0.0,0.0,0.0,0,457693.8731,18406.9644
107.099,5425,5562,Running,24,0.00,1,0,0,0,-1.0000,0.0,0,0.000,20.000,0.000,0.0,0.0,0.0,0,456791.6563,18406.9644
107.116,5448,5586,Running,24,0.00,1,0,0,0,-1.0000,0.0,0,0.000,20.000,0.000,0.0,0.0,0.0,0,463357.6639,18443.8814
107.132,5471,5611,Running,24,0.00,1,0,0,0,-1.0000,0.0,0,0.000,20.000,0.000,0.0,0.0,0.0,0,467923.4538,18060.2651
107.149,5495,5635,Running,24,0.00,1,0,0,0,-1.0000,0.0,0,0.000,20.000,0.000,0.0,0.0,0.0,0,473961.7428,18060.2651
107.166,5518,5658,Running,24,0.00,1,0,0,0,-1.0000,0.0,0,0.000,20.000,0.000,0.0,0.0,0.0,0,460713.0776,19681.9062
107.182,5542,5683,Running,24,0.00,1,0,0,0,-1.0000,0.0,0,0.000,20.000,0.000,0.0,0.0,0.0,0,466066.4926,19245.6272
107.199,5565,5707,Running,24,0.00,1,0,0,0,-1.0000,0.0,0,0.000,20.000,0.000,0.0,0.0,0.0,0,481852.2214,18760.8365
107.216,5589,5729,Running,26,0.00,1,0,0,0,-1.0000,0.0,0,0.000,20.880,0.000,0.0,0.0,0.0,0,465247.5495,18760.8365
107.232,5612,5756,Running,26,0.00,1,0,0,0,-1.0000,0.0,0,0.000,20.880,0.000,0.0,0.0,0.0,0,482007.6007,19242.2205
107.249,5637,5785,Running,27,0.00,1,0,0,0,-1.0000,0.0,0,0.000,20.880,0.000,0.0,0.0,0.0,0,500914.3472,19977.8147
107.266,5662,5819,Running,27,0.00,1,0,0,0,-1.0000,0.0,0,0.000,20.880,0.000,0.0,0.0,0.0,0,496101.9543,19588.8384
107.282,5689,5853,Running,27,0.00,1,0,0,0,-1.0000,0.0,0,0.000,20.880,0.000,0.0,0.0,0.0,0,524609.7186,19860.1725
107.299,5717,5890,Running,27,0.00,1,0,0,0,-1.0000,0.0,0,0.000,20.880,0.000,0.0,0.0,0.0,0,511675.9653,19027.4230
107.316,5747,5927,Running,27,0.00,1,0,0,0,-1.0000,0.0,0,0.000,20.880,0.000,0.0,0.0,0.0,0,538848.4392,19449.5915
107.332,5777,5965,Running,28,0.00,1,0,0,0,-1.0000,0.0,0,0.000,21.680,0.000,0.0,0.0,0.0,0,528172.6899,18752.7585
107.349,5809,6004,Running,28,0.00,1,0,0,0,-1.0000,0.0,0,0.000,21.680,0.000,0.0,0.0,0.0,0,538600.6265,19895.3682
107.366,5842,6045,Running,28,0.00,1,0,0,0,-1.0000,0.0,0,0.000,21.680,0.000,0.0,0.0,0.0,0,562101.8612,18639.0377
107.382,5877,6088,Running,28,0.00,1,0,0,0,-1.0000,0.0,0,0.000,21.680,0.000,0.0,0.0,0.0,0,553763.4082,19780.5076
107.399,5913,6132,Running,28,0.00,1,0,0,0,-1.0000,0.0,0,0.000,21.680,0.000,0.0,0.0,0.0,0,560426.3479,19564.7619
107.416,5950,6175,Running,28,0.00,1,0,0,0,-1.0000,0.0,0,0.000,21.680,0.000,0.0,0.0,0.0,0,568355.5788,19002.6849
107.432,5988,6217,Running,28,0.00,1,0,0,0,-1.0000,0.0,0,0.000,21.680,0.000,0.0,0.0,0.0,0,573216.4019,20185.8989
107.449,6026,6258,Running,28,0.00,1,0,0,0,-1.0000,0.0,0,0.000,21.680,0.000,0.0,0.0,0.0,0,575912.1906,20829.2423
107.466,6065,6299,Running,28,0.00,1,0,0,0,-1.0000,0.0,0,0.000,21.680,0.000,0.0,0.0,0.0,0,578020.7492,19219.5424
107.482,6104,6339,Running,28,0.00,1,0,0,0,-1.0000,0.0,0,0.000,21.680,0.000,0.0,0.0,0.0,0,579485.2615,18917.6289
107.499,6143,6379,Running,28,0.00,1,0,0,0,-1.0000,0.0,0,0.000,21.680,0.000,0.0,0.0,0.0,0,583152.9046,19239.1104
107.516,6183,6417,Running,29,0.00,1,0,0,0,-1.0000,0.0,0,0.000,21.680,0.000,0.0,0.0,0.0,0,583539.4958,19239.1104
107.532,6222,6457,Running,29,0.00,1,0,0,0,-1.0000,0.0,0,0.000,22.960,0.000,0.0,0.0,0.0,0,592687.9963,18058.2921
107.549,6261,6495,Running,29,0.00,1,0,0,0,-1.0000,0.0,0,0.000,22.960,0.000,0.0,0.0,0.0,0,599240.0598,18744.3095
107.566,6300,6533,Running,29,0.00,1,0,0,0,-1.0000,0.0,0,0.000,22.960,0.000,0.0,0.0,0.0,0,598653.6031,17932.4201
107.582,6339,6572,Running,29,0.00,1,0,0,0,-1.0000,0.0,0,0.000,22.960,0.000,0.0,0.0,0.0,0,595736.4280,18212.6719
107.599,6378,6609,Running,29,0.00,1,0,0,0,-1.0000,0.0,0,0.000,22.960,0.000,0.0,0.0,0.0,0,607247.8002,19032.7466
107.616,6416,6645,Running,29,0.00,1,0,0,0,-1.0000,0.0,0,0.000,22.960,0.000,0.0,0.0,0.0,0,609149.2662,18154.3583
107.632,6454,6683,Running,29,0.00,1,0,0,0,-1.0000,0.0,0,0.000,22.960,0.000,0.0,0.0,0.0,0,602296.2664,18017.8862
107.649,6492,6717,Running,29,0.00,1,0,0,0,-1.0000,0.0,0,0.000,22.960,0.000,0.0,0.0,0.0,0,616582.3779,18017.8862
107.666,6530,6753,Running,29,0.00,1,0,0,0,-1.0000,0.0,0,0.000,22.960,0.000,0.0,0.0,0.0,0,605129.3623,18653.9555
107.682,6567,6786,Running,29,0.00,1,0,0,0,-1.0000,0.0,0,0.000,22.960,0.000,0.0,0.0,0.0,0,620065.4833,19147.2946
107.699,6603,6819,Running,29,0.00,1,0,0,0,-1.0000,0.0,0,0.000,22.960,0.000,0.0,0.0,0.0,0,609103.1955,18164.9123
107.716,6639,6851,Running,29,0.00,1,0,0,0,-1.0000,0.0,0,0.000,24.080,0.000,0.0,0.0,0.0,0,620346.3987,18090.8993
107.732,6674,6884,Running,30,0.00,1,0,0,0,-1.0000,0.0,0,0.000,24.080,0.000,0.0,0.0,0.0,0,623430.9472,18962.2964
107.749,6709,6919,Running,30,0.00,1,0,0,0,-1.0000,0.0,0,0.000,24.080,0.000,0.0,0.0,0.0,0,621686.1812,18864.9651
107.766,6744,6952,Running,30,0.00,1,0,0,0,-1.0000,0.0,0,0.000,24.080,0.000,0.0,0.0,0.0,0,634998.3235,19028.9380
107.782,6779,6986,Running,30,0.00,1,0,0,0,-1.0000,0.0,0,0.000,24.080,0.000,0.0,0.0,0.0,0,641470.1703,18022.1743
107.799,6813,7020,Running,30,0.00,1,0,0,0,-1.0000,0.0,0,0.000,24.080,0.000,0.0,0.0,0.0,0,636943.2326,17853.3352
107.816,6848,7054,Running,30,0.00,1,0,0,0,-1.0000,0.0,0,0.000,24.080,0.000,0.0,0.0,0.0,0,643427.3958,18874.4165
107.832,6882,7087,Running,30,0.00,1,0,0,0,-1.0000,0.0,0,0.000,24.080,0.000,0.0,0.0,0.0,0,644979.0980,18034.7671
107.849,6916,7119,Running,30,0.00,1,0,0,0,-1.0000,0.0,0,0.000,24.080,0.000,0.0,0.0,0.0,0,644570.4319,18342.4748
107.866,6950,7150,Running,30,0.00,1,0,0,0,-1.0000,0.0,0,0.000,24.080,0.000,0.0,0.0,0.0,0,652772.8062,18342.4748
107.882,6983,7181,Running,30,0.00,1,0,0,0,-1.0000,0.0,0,0.000,24.080,0.000,0.0,0.0,0.0,0,654672.7532,18825.9223
107.899,7016,7213,Running,30,0.00,1,0,0,0,-1.0000,0.0,0,0.000,24.080,0.000,0.0,0.0,0.0,0,653237.0415,18402.1654
107.916,7049,7244,Running,31,0.00,1,0,0,0,-1.0000,0.0,0,0.000,25.200,0.000,0.0,0.0,0.0,0,656223.2282,18572.6610
107.932,7081,7276,Running,31,0.00,1,0,0,0,-1.0000,0.0,0,0.000,25.200,0.000,0.0,0.0,0.0,0,664518.1040,18539.0355
107.949,7114,7309,Running,31,0.00,1,0,0,0,-1.0000,0.0,0,0.000,25.200,0.000,0.0,0.0,0.0,0,674053.4773,18707.5183
107.966,7146,7343,Running,31,0.00,1,0,0,0,-1.0000,0.0,0,0.000,25.200,0.000,0.0,0.0,0.0,0,682249.4233,18237.5176
107.982,7179,7376,Running,31,0.00,1,0,0,0,-1.0000,0.0,0,0.000,25.200,0.000,0.0,0.0,0.0,0,687266.9363,18570.5839
107.999,7212,7411,Running,31,0.00,1,0,0,0,-1.0000,0.0,0,0.000,25.200,0.000,0.0,0.0,0.0,0,693348.6114,17569.1688
108.016,7246,7445,Running,31,0.00,1,0,0,0,-1.0000,0.0,0,0.000,25.200,0.000,0.0,0.0,0.0,0,686979.4050,17735.2477
108.032,7279,7477,Running,31,0.00,1,0,0,0,-1.0000,0.0,0,0.000,25.200,0.000,0.0,0.0,0.0,0,697536.0455,17642.8431
108.049,7312,7509,Running,31,0.00,1,0,0,0,-1.0000,0.0,0,0.000,25.200,0.000,0.0,0.0,0.0,0,699811.3307,17894.8072
108.066,7345,7540,Running,31,0.00,1,0,0,0,-1.0000,0.0,0,0.000,25.200,0.000,0.0,0.0,0.0,0,690070.3076,16009.3584
108.082,7377,7571,Running,31,0.00,1,0,0,0,-1.0000,0.0,0,0.000,25.200,0.000,0.0,0.0,0.0,0,705302.1037,15973.8828
108.099,7409,7602,Running,31,0.00,1,0,0,0,-1.0000,0.0,0,0.000,25.200,0.000,0.0,0.0,0.0,0,699578.5225,17819.2984
108.116,7442,7633,Running,31,0.00,1,0,0,0,-1.0000,0.0,0,0.000,26.480,0.000,0.0,0.0,0.0,0,708900.9348,16533.6305
108.132,7473,7664,Running,31,0.00,1,0,0,0,-1.0000,0.0,0,0.000,26.480,0.000,0.0,0.0,0.0,0,709056.4693,16017.4088
108.149,7505,7695,Running,31,0.00,1,0,0,0,-1.0000,0.0,0,0.000,26.720,0.000,0.0,0.0,0.0,0,716985.6695,15089.9155
108.166,7537,7726,Running,31,0.00,1,0,0,0,-1.0000,0.0,0,0.000,26.720,0.000,0.0,0.0,0.0,0,714586.4341,16117.7252
108.182,7568,7755,Running,31,0.00,1,0,0,0,-1.0000,0.0,0,0.000,26.720,0.000,0.0,0.0,0.0,0,720702.8804,14587.4063
108.199,7599,7786,Running,31,0.00,1,0,0,0,-1.0000,0.0,0,0.000,26.720,0.000,0.0,0.0,0.0,0,717745.8306,16011.3702
108.216,7630,7814,Running,31,0.00,1,0,0,0,-1.0000,0.0,0,0.000,26.720,0.000,0.0,0.0,0.0,0,720919.0603,16524.4286
108.232,7661,7842,Running,31,0.00,1,0,0,0,-1.0000,0.0,0,0.000,26.720,0.000,0.0,0.0,0.0,0,726677.4255,15443.1624
108.249,7691,7870,Running,31,0.00,1,0,0,0,-1.0000,0.0,0,0.000,26.720,0.000,0.0,0.0,0.0,0,723391.4628,15443.1624
108.266,7721,7899,Running,31,0.00,1,0,0,0,-1.0000,0.0,0,0.000,26.720,0.000,0.0,0.0,0.0,0,725254.8126,16026.0576
108.282,7750,7927,Running,31,0.00,1,0,0,0,-1.0000,0.0,0,0.000,26.720,0.000,0.0,0.0,0.0,0,727478.2714,15475.0755
108.299,7780,7953,Running,31,0.00,1,0,0,0,-1.0000,0.0,0,0.000,26.720,0.000,0.0,0.0,0.0,0,731371.3662,16092.9258
108.316,7808,7979,Running,31,0.00,1,0,0,0,-1.0000,0.0,0,0.000,26.720,0.000,0.0,0.0,0.0,0,730382.3239,15262.2778
108.332,7837,8004,Running,31,0.00,1,0,0,0,-1.0000,0.0,0,0.000,26.720,0.000,0.0,0.0,0.0,0,730573.1210,15373.8968
108.349,7865,8030,Running,31,0.00,1,0,0,0,-1.0000,0.0,0,0.000,26.720,0.000,0.0,0.0,0.0,0,731608.9750,15637.5928
108.355,7892,8055,Running,31,0.00,1,0,0,0,-1.0000,0.0,0,0.000,26.720,0.000,0.0,0.0,0.0,0,732223.9390,16734.9199
108.382,7919,8079,Running,31,0.00,1,0,0,0,-1.0000,0.0,0,0.000,26.720,0.000,0.0,0.0,0.0,0,734291.0210,15343.9544
108.399,7946,8104,Running,31,0.00,1,0,0,0,-1.0000,0.0,0,0.000,26.720,0.000,0.0,0.0,0.0,0,735450.8198,15343.9544
108.416,7972,8127,Running,32,0.00,1,0,0,0,-1.0000,0.0,0,0.000,28.160,0.000,0.0,0.0,0.0,0,736984.9485,15650.0147
108.432,7998,8152,Running,32,0.00,1,0,0,0,-1.0000,0.0,0,0.000,28.160,0.000,0.0,0.0,0.0,0,742806.9853,16662.8606
108.449,8024,8178,Running,32,0.00,1,0,0,0,-1.0000,0.0,0,0.000,28.160,0.000,0.0,0.0,0.0,0,752735.9954,16804.0659
108.466,8049,8204,Running,32,0.00,1,0,0,0,-1.0000,0.0,0,0.000,28.160,0.000,0.0,0.0,0.0,0,758321.1269,16320.4159
108.482,8075,8230,Running,32,0.00,1,0,0,0,-1.0000,0.0,0,0.000,28.160,0.000,0.0,0.0,0.0,0,758052.5874,16389.4821
108.499,8101,8256,Running,32,0.00,1,0,0,0,-1.0000,0.0,0,0.000,28.160,0.000,0.0,0.0,0.0,0,763609.3672,16080.0451
108.516,8127,8282,Running,32,0.00,1,0,0,0,-1.0000,0.0,0,0.000,28.160,0.000,0.0,0.0,0.0,0,767553.8818,15831.0767
108.532,8153,8307,Running,32,0.00,1,0,0,0,-1.0000,0.0,0,0.000,28.160,0.000,0.0,0.0,0.0,0,770175.1735,17158.0374
108.549,8179,8332,Running,32,0.00,1,0,0,0,-1.0000,0.0,0,0.000,28.160,0.000,0.0,0.0,0.0,0,764211.4478,17158.0374
108.566,8204,8357,Running,32,0.00,1,0,0,0,-1.0000,0.0,0,0.000,28.160,0.000,0.0,0.0,0.0,0,760870.8004,16930.7985
108.582,8229,8380,Running,32,0.00,1,0,0,0,-1.0000,0.0,0,0.000,28.160,0.000,0.0,0.0,0.0,0,775663.1471,16608.2426
108.599,8255,8404,Running,32,0.00,1,0,0,0,-1.0000,0.0,0,0.000,28.160,0.000,0.0,0.0,0.0,0,771956.5929,15912.0981
108.616,8279,8428,Running,32,0.00,1,0,0,0,-1.0000,0.0,0,0.000,29.360,0.000,0.0,0.0,0.0,0,768445.9471,16571.3575
108.632,8304,8449,Running,32,0.00,1,0,0,0,-1.0000,0.0,0,0.000,29.360,0.000,0.0,0.0,0.0,0,774166.5614,16455.3265
108.649,8328,8472,Running,32,0.00,1,0,0,0,-1.0000,0.0,0,0.000,29.360,0.000,0.0,0.0,0.0,0,773281.9761,17017.5440
108.666,8352,8494,Running,32,0.00,1,0,0,0,-1.0000,0.0,0,0.000,29.360,0.000,0.0,0.0,0.0,0,777875.1659,16234.3909
108.682,8375,8516,Running,32,0.00,1,0,0,0,-1.0000,0.0,0,0.000,29.360,0.000,0.0,0.0,0.0,0,779028.7226,17092.4433
108.699,8399,8537,Running,32,0.00,1,0,0,0,-1.0000,0.0,0,0.000,29.360,0.000,0.0,0.0,0.0,0,777250.0236,16699.2623
108.716,8422,8558,Running,32,0.00,1,0,0,0,-1.0000,0.0,0,0.000,29.360,0.000,0.0,0.0,0.0,0,779843.9076,15076.5652
108.732,8444,8579,Running,32,0.00,1,0,0,0,-1.0000,0.0,0,0.000,29.360,0.000,0.0,0.0,0.0,0,779232.0092,16903.0281
108.749,8467,8599,Running,32,0.00,1,0,0,0,-1.0000,0.0,0,0.000,29.360,0.000,0.0,0.0,0.0,0,778505.6539,17163.6343
108.766,8488,8618,Running,32,0.00,1,0,0,0,-1.0000,0.0,0,0.000,29.360,0.000,0.0,0.0,0.0,0,779895.0164,16448.1233
108.782,8510,8638,Running,32,0.00,1,0,0,0,-1.0000,0.0,0,0.000,29.360,0.000,0.0,0.0,0.0,0,779060.9323,16526.6765
108.799,8531,8656,Running,31,0.00,1,0,0,0,-1.0000,0.0,0,0.000,29.360,0.000,0.0,0.0,0.0,0,783487.7259,15631.6748
108.816,8552,8672,Running,31,0.00,1,0,0,0,-1.0000,0.0,0,0.000,30.560,0.000,0.0,0.0,0.0,0,772465.1809,16816.7665
108.832,8571,8688,Running,31,0.00,1,0,0,0,-1.0000,0.0,0,0.000,30.560,0.000,0.0,0.0,0.0,0,764475.1800,16195.6290
108.849,8590,8702,Running,31,0.00,1,0,0,0,-1.0000,0.0,0,0.000,30.560,0.000,0.0,0.0,0.0,0,764505.8908,15596.7756
108.866,8609,8715,Running,31,0.00,1,0,0,0,-1.0000,0.0,0,0.000,30.560,0.000,0.0,0.0,0.0,0,760067.1152,16856.4433
108.882,8626,8727,Running,31,0.00,1,0,0,0,-1.0000,0.0,0,0.000,30.560,0.000,0.0,0.0,0.0,0,751579.0874,16220.1048
108.899,8642,8739,Running,31,0.00,1,0,0,0,-1.0000,0.0,0,0.000,30.560,0.000,0.0,0.0,0.0,0,753931.8985,16220.1048
108.916,8658,8749,Running,31,0.00,1,0,0,0,-1.0000,0.0,0,0.000,30.560,0.000,0.0,0.0,0.0,0,757477.5250,16731.3445
108.932,8673,8761,Running,31,0.00,1,0,0,0,-1.0000,0.0,0,0.000,30.560,0.000,0.0,0.0,0.0,0,753144.1081,16871.7762
108.949,8687,8773,Running,31,0.00,1,0,0,0,-1.0000,0.0,0,0.000,30.560,0.000,0.0,0.0,0.0,0,753513.9006,16654.2870
108.966,8701,8783,Running,31,0.00,1,0,0,0,-1.0000,0.0,0,0.000,30.560,0.000,0.0,0.0,0.0,0,754519.0462,17665.8977
108.982,8715,8793,Running,31,0.00,1,0,0,0,-1.0000,0.0,0,0.000,30.560,0.000,0.0,0.0,0.0,0,759201.4412,17327.2997
108.999,8728,8803,Running,30,0.00,1,0,0,0,-1.0000,0.0,0,0.000,30.560,0.000,0.0,0.0,0.0,0,751760.6417,17963.6730
109.016,8740,8810,Running,30,0.00,1,0,0,0,-1.0000,0.0,0,0.000,31.680,0.000,0.0,0.0,0.0,0,739554.8707,16181.9737
109.032,8751,8817,Running,29,0.00,1,0,0,0,-1.0000,0.0,0,0.000,31.680,0.000,0.0,0.0,0.0,0,736618.2560,17363.8169
109.049,8762,8821,Running,29,0.00,1,0,0,0,-1.0000,0.0,0,0.000,31.680,0.000,0.0,0.0,0.0,0,723676.2882,17363.8169
109.066,8771,8824,Running,29,0.00,1,0,0,0,-1.0000,0.0,0,0.000,31.680,0.000,0.0,0.0,0.0,0,719340.5473,17915.0077
109.082,8779,8827,Running,29,0.00,1,0,0,0,-1.0000,0.0,0,0.000,31.680,0.000,0.0,0.0,0.0,0,716763.3006,16947.3265
109.099,8787,8829,Running,29,0.00,1,0,0,0,-1.0000,0.0,0,0.000,31.680,0.000,0.0,0.0,0.0,0,712791.9979,16355.0948
109.116,8794,8831,Running,29,0.00,1,0,0,0,-1.0000,0.0,0,0.000,31.680,0.000,0.0,0.0,0.0,0,712289.5596,17622.0328
109.132,8799,8832,Running,29,0.00,1,0,0,0,-1.0000,0.0,0,0.000,31.680,0.000,0.0,0.0,0.0,0,711777.3467,17622.0328
109.149,8804,8833,Running,29,0.00,1,0,0,0,-1.0000,0.0,0,0.000,31.680,0.000,0.0,0.0,0.0,0,715179.8780,17736.1317
109.166,8809,8835,Running,29,0.00,1,0,0,0,-1.0000,0.0,0,0.000,31.680,0.000,0.0,0.0,0.0,0,711483.7845,17104.2063
109.182,8813,8837,Running,29,0.00,1,0,0,0,-1.0000,0.0,0,0.000,31.680,0.000,0.0,0.0,0.0,0,709898.9238,16420.6428
109.199,8817,8838,Running,28,0.00,1,0,0,0,-1.0000,0.0,0,0.000,31.680,0.000,0.0,0.0,0.0,0,707318.8407,17168.6494
109.216,8820,8836,Running,28,0.00,1,0,0,0,-1.0000,0.0,0,0.000,31.680,0.000,0.0,0.0,0.0,0,695745.5625,17778.5593
109.232,8822,8833,Running,27,0.00,1,0,0,0,-1.0000,0.0,0,0.000,31.680,0.000,0.0,0.0,0.0,0,676333.8922,17250.3637
109.249,8824,8827,Running,27,0.00,1,0,0,0,-1.0000,0.0,0,0.000,31.680,0.000,0.0,0.0,0.0,0,659683.9903,17610.3257
109.266,8824,8820,Running,27,0.00,1,0,0,0,-1.0000,0.0,0,0.000,31.680,0.000,0.0,0.0,0.0,0,652489.6707,17399.0292
109.282,8822,8812,Running,27,0.00,1,0,0,0,-1.0000,0.0,0,0.000,31.680,0.000,0.0,0.0,0.0,0,646974.3790,17399.0292
109.299,8820,8804,Running,27,0.00,1,0,0,0,-1.0000,0.0,0,0.000,31.680,0.000,0.0,0.0,0.0,0,641819.6017,18269.4658
109.316,8817,8796,Running,27,0.00,1,0,0,0,-1.0000,0.0,0,0.000,31.680,0.000,0.0,0.0,0.0,0,646970.9330,17093.1927
109.332,8813,8787,Running,27,0.00,1,0,0,0,-1.0000,0.0,0,0.000,31.680,0.000,0.0,0.0,0.0,0,635640.1414,17402.2685
109.349,8808,8778,Running,27,0.00,1,0,0,0,-1.0000,0.0,0,0.000,31.680,0.000,0.0,0.0,0.0,0,642957.2604,16653.8506
109.366,8803,8769,Running,27,0.00,1,0,0,0,-1.0000,0.0,0,0.000,31.680,0.000,0.0,0.0,0.0,0,642162.9478,18444.5440
109.382,8797,8761,Running,27,0.00,1,0,0,0,-1.0000,0.0,0,0.000,31.680,0.000,0.0,0.0,0.0,0,639898.8534,17103.7074
109.399,8791,8752,Running,24,0.00,1,0,0,0,-1.0000,0.0,0,0.000,31.680,0.000,0.0,0.0,0.0,0,630100.9119,17931.3535
109.416,8784,8739,Running,24,0.00,1,0,0,0,-1.0000,0.0,0,0.000,33.360,0.000,0.0,0.0,0.0,0,609592.5695,17116.3814
109.432,8776,8722,Running,24,0.00,1,0,0,0,-1.0000,0.0,0,0.000,33.360,0.000,0.0,0.0,0.0,0,591568.8800,16117.1896
109.449,8766,8704,Running,24,0.00,1,0,0,0,-1.0000,0.0,0,0.000,33.360,0.000,0.0,0.0,0.0,0,574566.9101,17275.4610
109.466,8755,8683,Running,24,0.00,1,0,0,0,-1.0000,0.0,0,0.000,33.360,0.000,0.0,0.0,0.0,0,554525.2756,17122.3191
109.482,8742,8662,Running,24,0.00,1,0,0,0,-1.0000,0.0,0,0.000,33.360,0.000,0.0,0.0,0.0,0,556598.1553,17518.0874
109.499,8728,8641,Running,24,0.00,1,0,0,0,-1.0000,0.0,0,0.000,33.360,0.000,0.0,0.0,0.0,0,554225.9727,16663.2042
109.516,8713,8619,Running,24,0.00,1,0,0,0,-1.0000,0.0,0,0.000,33.360,0.000,0.0,0.0,0.0,0,542021.0127,18076.0755
109.532,8697,8597,Running,20,0.00,1,0,0,0,-1.0000,0.0,0,0.000,33.360,0.000,0.0,0.0,0.0,0,546170.9102,16522.6514
109.549,8679,8569,Running,20,0.00,1,0,0,0,-1.0000,0.0,0,0.000,33.760,0.000,0.0,0.0,0.0,0,500590.8191,16522.6514
109.566,8660,8536,Running,18,0.00,1,0,0,0,-1.0000,0.0,0,0.000,33.760,0.000,0.0,0.0,0.0,0,472604.0974,16482.2948
109.582,8638,8500,Running,18,0.00,1,0,0,0,-1.0000,0.0,0,0.000,33.760,0.000,0.0,0.0,0.0,0,446072.2155,16146.7057
109.599,8614,8462,Running,18,0.00,1,0,0,0,-1.0000,0.0,0,0.000,33.760,0.000,0.0,0.0,0.0,0,420474.5777,14655.0722
109.616,8587,8422,Running,18,0.00,1,0,0,0,-1.0000,0.0,0,0.000,33.760,0.000,0.0,0.0,0.0,0,405863.4256,16253.6692
109.632,8559,8383,Running,18,0.00,1,0,0,0,-1.0000,0.0,0,0.000,33.760,0.000,0.0,0.0,0.0,0,408334.1233,17425.4100
109.649,8528,8343,Running,15,0.00,1,0,0,0,-1.0000,0.0,0,0.000,33.760,0.000,0.0,0.0,0.0,0,388444.8193,16800.5236
109.666,8496,8299,Running,15,0.00,1,0,0,0,-1.0000,0.0,0,0.000,33.760,0.000,0.0,0.0,0.0,0,364231.4359,16800.5236
109.682,8463,8254,Running,14,0.00,1,0,0,0,-1.0000,0.0,0,0.000,34.000,0.000,0.0,0.0,0.0,0,335266.0232,17763.1081
109.699,8427,8207,Running,14,0.00,1,0,0,0,-1.0000,0.0,0,0.000,34.000,0.000,0.0,0.0,0.0,0,306687.1254,16899.0754
109.716,8389,8159,Running,14,0.00,1,0,0,0,-1.0000,0.0,0,0.000,34.000,0.000,0.0,0.0,0.0,0,290865.2594,16828.3826
109.732,8350,8110,Running,14,0.00,1,0,0,0,-1.0000,0.0,0,0.000,34.000,0.000,0.0,0.0,0.0,0,280864.1553,17453.8315
109.749,8309,8062,Running,14,0.00,1,0,0,0,-1.0000,0.0,0,0.000,34.000,0.000,0.0,0.0,0.0,0,276302.9516,17485.1069
109.766,8267,8013,Running,14,0.00,1,0,0,0,-1.0000,0.0,0,0.000,34.000,0.000,0.0,0.0,0.0,0,273491.0137,17253.5630
109.782,8224,7965,Running,14,0.00,1,0,0,0,-1.0000,0.0,0,0.000,34.000,0.000,0.0,0.0,0.0,0,271083.0269,16403.8404
109.799,8181,7917,Running,14,0.00,1,0,0,0,-1.0000,0.0,0,0.000,34.000,0.000,0.0,0.0,0.0,0,268748.4111,16403.8404
109.816,8136,7869,Running,14,0.00,1,0,0,0,-1.0000,0.0,0,0.000,34.000,0.000,0.0,0.0,0.0,0,266640.5512,16987.6360
109.832,8091,7822,Running,14,0.00,1,0,0,0,-1.0000,0.0,0,0.000,34.000,0.000,0.0,0.0,0.0,0,263435.0120,17650.3791
109.849,8046,7774,Running,10,0.00,1,0,0,0,-1.0000,0.0,0,0.000,34.000,0.000,0.0,0.0,0.0,0,268292.3556,18359.4819
109.866,8001,7725,Running,10,0.00,1,0,0,0,-1.0000,0.0,0,0.000,34.080,0.000,0.0,0.0,0.0,0,237341.8326,18900.7100
109.882,7954,7673,Running,10,0.00,1,0,0,0,-1.0000,0.0,0,0.000,34.080,0.000,0.0,0.0,0.0,0,199569.8942,17450.7124
109.899,7907,7621,Running,10,0.00,1,0,0,0,-1.0000,0.0,0,0.000,34.080,0.000,0.0,0.0,0.0,0,192231.9884,16802.9784
109.916,7859,7568,Running,10,0.00,1,0,0,0,-1.0000,0.0,0,0.000,34.080,0.000,0.0,0.0,0.0,0,164349.3728,16486.4040
109.932,7810,7515,Running,10,0.00,1,0,0,0,-1.0000,0.0,0,0.000,34.080,0.000,0.0,0.0,0.0,0,166944.6241,16486.4040
109.949,7760,7463,Running,10,0.00,1,0,0,0,-1.0000,0.0,0,0.000,34.080,0.000,0.0,0.0,0.0,0,156379.8814,16019.3873
109.966,7710,7410,Running,10,0.00,1,0,0,0,-1.0000,0.0,0,0.000,34.080,0.000,0.0,0.0,0.0,0,147428.5148,14890.3088
109.982,7660,7358,Running,10,0.00,1,0,0,0,-1.0000,0.0,0,0.000,34.080,0.000,0.0,0.0,0.0,0,153173.3369,14937.8205
109.999,7609,7305,Running,10,0.00,1,0,0,0,-1.0000,0.0,0,0.000,34.080,0.000,0.0,0.0,0.0,0,155710.1111,17542.2798
110.016,7558,7253,Running,10,0.00,1,0,0,0,-1.0000,0.0,0,0.000,34.080,0.000,0.0,0.0,0.0,0,153377.6159,16340.9409
110.032,7507,7202,Running,7,0.00,1,0,0,0,-1.0000,0.0,0,0.000,34.080,0.000,0.0,0.0,0.0,0,150862.9502,18390.6067
110.049,7456,7149,Running,7,0.00,1,0,0,0,-1.0000,0.0,0,0.000,33.920,0.000,0.0,0.0,0.0,0,137199.1213,17646.7245
110.066,7405,7097,Running,7,0.00,1,0,0,0,-1.0000,0.0,0,0.000,33.920,0.000,0.0,0.0,0.0,0,122284.9671,19453.8641
110.082,7353,7044,Running,7,0.00,1,0,0,0,-1.0000,0.0,0,0.000,33.920,0.000,0.0,0.0,0.0,0,110802.2498,17531.3712
110.099,7301,6991,Running,7,0.00,1,0,0,0,-1.0000,0.0,0,0.000,33.840,0.000,0.0,0.0,0.0,0,105238.2216,20736.2852
110.116,7249,6937,Running,7,0.00,1,0,0,0,-1.0000,0.0,0,0.000,33.840,0.000,0.0,0.0,0.0,0,110679.2448,20148.1003
110.132,7197,6885,Running,7,0.00,1,0,0,0,-1.0000,0.0,0,0.000,33.840,0.000,0.0,0.0,0.0,0,105791.5884,22369.2788
110.149,7145,6832,Running,7,0.00,1,0,0,0,-1.0000,0.0,0,0.000,33.840,0.000,0.0,0.0,0.0,0,95318.3286,21131.2544
110.166,7093,6779,Running,7,0.00,1,0,0,0,-1.0000,0.0,0,0.000,33.840,0.000,0.0,0.0,0.0,0,107958.1483,21517.3196
110.182,7040,6727,Running,7,0.00,1,0,0,0,-1.0000,0.0,0,0.000,33.840,0.000,0.0,0.0,0.0,0,96295.6444,21236.4935
110.199,6988,6675,Running,7,0.00,1,0,0,0,-1.0000,0.0,0,0.000,33.840,0.000,0.0,0.0,0.0,0,106746.2422,18699.7948
110.216,6936,6624,Running,7,0.00,1,0,0,0,-1.0000,0.0,0,0.000,33.840,0.000,0.0,0.0,0.0,0,94512.3756,20447.8745
110.232,6884,6572,Running,7,0.00,1,0,0,0,-1.0000,0.0,0,0.000,33.840,0.000,0.0,0.0,0.0,0,108765.9382,20274.2206
110.249,6832,6521,Running,7,0.00,1,0,0,0,-1.0000,0.0,0,0.000,33.360,0.000,0.0,0.0,0.0,0,101772.4273,20219.4189
110.266,6780,6470,Running,7,0.00,1,0,0,0,-1.0000,0.0,0,0.000,33.360,0.000,0.0,0.0,0.0,0,93141.2760,20035.2431
110.282,6728,6420,Running,7,0.00,1,0,0,0,-1.0000,0.0,0,0.000,33.360,0.000,0.0,0.0,0.0,0,97753.7147,18093.1504
110.299,6677,6370,Running,7,0.00,1,0,0,0,-1.0000,0.0,0,0.000,33.360,0.000,0.0,0.0,0.0,0,101922.8095,19912.3488
110.316,6626,6320,Running,7,0.00,1,0,0,0,-1.0000,0.0,0,0.000,33.360,0.000,0.0,0.0,0.0,0,100676.5327,18202.2358
110.332,6575,6270,Running,7,0.00,1,0,0,0,-1.0000,0.0,0,0.000,33.360,0.000,0.0,0.0,0.0,0,97096.4525,19412.5377
110.349,6524,6220,Running,7,0.00,1,0,0,0,-1.0000,0.0,0,0.000,33.360,0.000,0.0,0.0,0.0,0,95606.2770,19412.5377
110.366,6473,6171,Running,7,0.00,1,0,0,0,-1.0000,0.0,0,0.000,33.360,0.000,0.0,0.0,0.0,0,95494.1567,19348.3653
110.382,6423,6123,Running,7,0.00,1,0,0,0,-1.0000,0.0,0,0.000,33.360,0.000,0.0,0.0,0.0,0,96215.2767,18650.2385
110.399,6373,6074,Running,7,0.00,1,0,0,0,-1.0000,0.0,0,0.000,33.360,0.000,0.0,0.0,0.0,0,102485.9805,18217.3670
110.416,6323,6026,Running,7,0.00,1,0,0,0,-1.0000,0.0,0,0.000,33.360,0.000,0.0,0.0,0.0,0,100867.5033,19195.0853
110.432,6274,5979,Running,7,0.00,1,0,0,0,-1.0000,0.0,0,0.000,33.360,0.000,0.0,0.0,0.0,0,91440.1772,17888.1843
110.449,6225,5932,Running,7,0.00,1,0,0,0,-1.0000,0.0,0,0.000,32.640,0.000,0.0,0.0,0.0,0,99111.7825,18324.0827
110.466,6176,5885,Running,7,0.00,1,0,0,0,-1.0000,0.0,0,0.000,32.640,0.000,0.0,0.0,0.0,0,100722.2860,18324.0827
110.482,6128,5838,Running,7,0.00,1,0,0,0,-1.0000,0.0,0,0.000,32.640,0.000,0.0,0.0,0.0,0,90064.3917,18941.0073
110.499,6079,5792,Running,7,0.00,1,0,0,0,-1.0000,0.0,0,0.000,32.640,0.000,0.0,0.0,0.0,0,102860.7780,18710.2205
110.516,6031,5746,Running,7,0.00,1,0,0,0,-1.0000,0.0,0,0.000,32.640,0.000,0.0,0.0,0.0,0,93632.0337,17335.1830
110.532,5984,5700,Running,7,0.00,1,0,0,0,-1.0000,0.0,0,0.000,32.640,0.000,0.0,0.0,0.0,0,94963.2801,18135.3581
110.549,5937,5655,Running,7,0.00,1,0,0,0,-1.0000,0.0,0,0.000,32.640,0.000,0.0,0.0,0.0,0,101615.6492,17547.2783
110.566,5890,5610,Running,7,0.00,1,0,0,0,-1.0000,0.0,0,0.000,32.640,0.000,0.0,0.0,0.0,0,92219.4066,17547.2783
110.582,5843,5565,Running,7,0.00,1,0,0,0,-1.0000,0.0,0,0.000,32.640,0.000,0.0,0.0,0.0,0,91714.3843,18713.5045
110.599,5797,5521,Running,7,0.00,1,0,0,0,-1.0000,0.0,0,0.000,32.640,0.000,0.0,0.0,0.0,0,100721.0080,18558.3121
110.616,5751,5477,Running,7,0.00,1,0,0,0,-1.0000,0.0,0,0.000,31.840,0.000,0.0,0.0,0.0,0,97122.5316,18116.1080
110.632,5705,5434,Running,7,0.00,1,0,0,0,-1.0000,0.0,0,0.000,31.840,0.000,0.0,0.0,0.0,0,98328.2387,17692.6704
110.649,5660,5390,Running,7,0.00,1,0,0,0,-1.0000,0.0,0,0.000,31.840,0.000,0.0,0.0,0.0,0,96439.8661,18143.9497
110.666,5615,5348,Running,7,0.00,1,0,0,0,-1.0000,0.0,0,0.000,31.840,0.000,0.0,0.0,0.0,0,95155.9867,18465.6336
110.682,5571,5305,Running,7,0.00,1,0,0,0,-1.0000,0.0,0,0.000,31.840,0.000,0.0,0.0,0.0,0,92955.2580,17961.6813
110.699,5527,5263,Running,7,0.00,1,0,0,0,-1.0000,0.0,0,0.000,31.840,0.000,0.0,0.0,0.0,0,92439.0521,18862.7020
110.716,5483,5221,Running,7,0.00,1,0,0,0,-1.0000,0.0,0,0.000,31.840,0.000,0.0,0.0,0.0,0,93145.6030,17156.9596
110.732,5439,5180,Running,7,0.00,1,0,0,0,-1.0000,0.0,0,0.000,31.280,0.000,0.0,0.0,0.0,0,98678.8143,17156.9596
110.749,5396,5139,Running,7,0.00,1,0,0,0,-1.0000,0.0,0,0.000,31.200,0.000,0.0,0.0,0.0,0,100687.4046,17615.8821
110.766,5353,5098,Running,7,0.00,1,0,0,0,-1.0000,0.0,0,0.000,31.200,0.000,0.0,0.0,0.0,0,90204.5568,17833.9576
110.782,5311,5057,Running,7,0.00,1,0,0,0,-1.0000,0.0,0,0.000,31.200,0.000,0.0,0.0,0.0,0,90182.6039,18280.1586
110.799,5269,5017,Running,7,0.00,1,0,0,0,-1.0000,0.0,0,0.000,31.200,0.000,0.0,0.0,0.0,0,101760.4205,16272.3329
110.816,5227,4977,Running,7,0.00,1,0,0,0,-1.0000,0.0,0,0.000,31.200,0.000,0.0,0.0,0.0,0,87076.1086,15923.6063
110.832,5185,4938,Running,7,0.00,1,0,0,0,-1.0000,0.0,0,0.000,31.200,0.000,0.0,0.0,0.0,0,100211.0452,16468.8479
110.849,5144,4899,Running,7,0.00,1,0,0,0,-1.0000,0.0,0,0.000,31.200,0.000,0.0,0.0,0.0,0,85236.0953,17524.7628
110.866,5103,4860,Running,7,0.00,1,0,0,0,-1.0000,0.0,0,0.000,31.200,0.000,0.0,0.0,0.0,0,99664.8357,16285.7313
110.882,5063,4821,Running,7,0.00,1,0,0,0,-1.0000,0.0,0,0.000,31.200,0.000,0.0,0.0,0.0,0,84820.5839,15246.7490
110.899,5023,4783,Running,7,0.00,1,0,0,0,-1.0000,0.0,0,0.000,31.200,0.000,0.0,0.0,0.0,0,97178.6896,16241.2056
110.916,4983,4745,Running,6,0.00,1,0,0,0,-1.0000,0.0,0,0.000,31.200,0.000,0.0,0.0,0.0,0,95924.8040,16994.9799
110.932,4943,4707,Running,6,0.00,1,0,0,0,-1.0000,0.0,0,0.000,30.320,0.000,0.0,0.0,0.0,0,84811.8286,16986.4207
110.949,4904,4669,Running,5,0.00,1,0,0,0,-1.0000,0.0,0,0.000,30.320,0.000,0.0,0.0,0.0,0,83976.3161,16653.4023
110.966,4865,4632,Running,5,0.00,1,0,0,0,-1.0000,0.0,0,0.000,30.320,0.000,0.0,0.0,0.0,0,85927.8474,16653.4023
110.982,4826,4593,Running,5,0.00,1,0,0,0,-1.0000,0.0,0,0.000,30.320,0.000,0.0,0.0,0.0,0,82613.7483,15652.0978
110.999,4787,4555,Running,5,0.00,1,0,0,0,-1.0000,0.0,0,0.000,30.320,0.000,0.0,0.0,0.0,0,78583.7201,17441.3052
111.016,4748,4517,Running,5,0.00,1,0,0,0,-1.0000,0.0,0,0.000,30.320,0.000,0.0,0.0,0.0,0,75785.7053,17058.1423
111.032,4710,4479,Running,5,0.00,1,0,0,0,-1.0000,0.0,0,0.000,30.320,0.000,0.0,0.0,0.0,0,75023.0270,18372.1577
111.049,4672,4442,Running,5,0.00,1,0,0,0,-1.0000,0.0,0,0.000,30.320,0.000,0.0,0.0,0.0,0,73729.2148,16766.5929
111.066,4633,4404,Running,5,0.00,1,0,0,0,-1.0000,0.0,0,0.000,30.320,0.000,0.0,0.0,0.0,0,71882.6893,17796.3287
111.082,4595,4367,Running,5,0.00,1,0,0,0,-1.0000,0.0,0,0.000,30.320,0.000,0.0,0.0,0.0,0,69020.8418,16647.9816
111.099,4557,4330,Running,5,0.00,1,0,0,0,-1.0000,0.0,0,0.000,30.320,0.000,0.0,0.0,0.0,0,68561.6828,19136.4373
111.116,4519,4294,Running,6,0.00,1,0,0,0,-1.0000,0.0,0,0.000,30.320,0.000,0.0,0.0,0.0,0,70987.7403,15683.0019
111.132,4482,4258,Running,5,0.00,1,0,0,0,-1.0000,0.0,0,0.000,29.280,0.000,0.0,0.0,0.0,0,79000.4342,16903.5864
111.149,4444,4222,Running,5,0.00,1,0,0,0,-1.0000,0.0,0,0.000,29.280,0.000,0.0,0.0,0.0,0,72917.4705,17675.8029
111.166,4407,4185,Running,5,0.00,1,0,0,0,-1.0000,0.0,0,0.000,29.200,0.000,0.0,0.0,0.0,0,62856.8682,16649.7003
111.182,4370,4150,Running,5,0.00,1,0,0,0,-1.0000,0.0,0,0.000,29.200,0.000,0.0,0.0,0.0,0,75154.1264,18196.9863
111.199,4334,4115,Running,5,0.00,1,0,0,0,-1.0000,0.0,0,0.000,29.200,0.000,0.0,0.0,0.0,0,71666.1222,14778.0677
111.216,4297,4080,Running,5,0.00,1,0,0,0,-1.0000,0.0,0,0.000,29.200,0.000,0.0,0.0,0.0,0,63681.1709,15930.2157
111.232,4261,4045,Running,5,0.00,1,0,0,0,-1.0000,0.0,0,0.000,29.200,0.000,0.0,0.0,0.0,0,77356.4799,15085.4583
111.249,4225,4010,Running,5,0.00,1,0,0,0,-1.0000,0.0,0,0.000,29.200,0.000,0.0,0.0,0.0,0,62143.1948,16380.3573
111.266,4189,3976,Running,5,0.00,1,0,0,0,-1.0000,0.0,0,0.000,29.200,0.000,0.0,0.0,0.0,0,75255.8607,16025.6268
111.282,4154,3942,Running,5,0.00,1,0,0,0,-1.0000,0.0,0,0.000,29.200,0.000,0.0,0.0,0.0,0,67331.7812,17226.7589
111.299,4119,3909,Running,3,0.00,1,0,0,0,-1.0000,0.0,0,0.000,29.200,0.000,0.0,0.0,0.0,0,65662.5745,16735.3841
111.316,4084,3875,Running,3,0.00,1,0,0,0,-1.0000,0.0,0,0.000,28.480,0.000,0.0,0.0,0.0,0,74929.2768,18736.7254
111.332,4049,3841,Running,3,0.00,1,0,0,0,-1.0000,0.0,0,0.000,28.480,0.000,0.0,0.0,0.0,0,59987.5178,15914.8271
111.349,4014,3807,Running,3,0.00,1,0,0,0,-1.0000,0.0,0,0.000,28.480,0.000,0.0,0.0,0.0,0,56974.6558,16183.4475
111.366,3980,3774,Running,3,0.00,1,0,0,0,-1.0000,0.0,0,0.000,28.480,0.000,0.0,0.0,0.0,0,64813.6520,17319.8993
111.382,3945,3740,Running,3,0.00,1,0,0,0,-1.0000,0.0,0,0.000,28.480,0.000,0.0,0.0,0.0,0,62506.9851,18128.0043
111.399,3911,3706,Running,3,0.00,1,0,0,0,-1.0000,0.0,0,0.000,28.480,0.000,0.0,0.0,0.0,0,57186.8665,16514.1956
111.416,3877,3672,Running,3,0.00,1,0,0,0,-1.0000,0.0,0,0.000,28.480,0.000,0.0,0.0,0.0,0,55414.0709,17032.8464
111.432,3843,3638,Running,3,0.00,1,0,0,0,-1.0000,0.0,0,0.000,28.480,0.000,0.0,0.0,0.0,0,52430.5417,15560.5497
111.449,3809,3605,Running,3,0.00,1,0,0,0,-1.0000,0.0,0,0.000,28.480,0.000,0.0,0.0,0.0,0,54748.8561,18295.1519
111.466,3775,3572,Running,3,0.00,1,0,0,0,-1.0000,0.0,0,0.000,28.480,0.000,0.0,0.0,0.0,0,55454.8731,16820.1002
111.482,3741,3539,Running,3,0.00,1,0,0,0,-1.0000,0.0,0,0.000,28.480,0.000,0.0,0.0,0.0,0,55461.5693,16823.3770
111.499,3707,3506,Running,3,0.00,1,0,0,0,-1.0000,0.0,0,0.000,28.480,0.000,0.0,0.0,0.0,0,53725.7097,16823.3770
111.516,3674,3473,Running,3,0.00,1,0,0,0,-1.0000,0.0,0,0.000,27.280,0.000,0.0,0.0,0.0,0,54697.4574,16437.4538
111.532,3640,3441,Running,3,0.00,1,0,0,0,-1.0000,0.0,0,0.000,27.280,0.000,0.0,0.0,0.0,0,52092.1837,16480.1345
111.549,3607,3409,Running,3,0.00,1,0,0,0,-1.0000,0.0,0,0.000,27.280,0.000,0.0,0.0,0.0,0,48306.9028,15669.9840
111.566,3574,3376,Running,3,0.00,1,0,0,0,-1.0000,0.0,0,0.000,27.280,0.000,0.0,0.0,0.0,0,47127.1251,14024.4982
111.582,3541,3345,Running,3,0.00,1,0,0,0,-1.0000,0.0,0,0.000,27.280,0.000,0.0,0.0,0.0,0,60487.4008,14561.0656
111.599,3508,3313,Running,3,0.00,1,0,0,0,-1.0000,0.0,0,0.000,27.280,0.000,0.0,0.0,0.0,0,53437.1485,14561.0656
111.616,3476,3282,Running,3,0.00,1,0,0,0,-1.0000,0.0,0,0.000,27.280,0.000,0.0,0.0,0.0,0,44369.3084,15465.7137
111.632,3444,3251,Running,3,0.00,1,0,0,0,-1.0000,0.0,0,0.000,27.280,0.000,0.0,0.0,0.0,0,55989.5884,16202.2236
111.649,3412,3220,Running,3,0.00,1,0,0,0,-1.0000,0.0,0,0.000,26.640,0.000,0.0,0.0,0.0,0,54504.1869,18066.9930
111.666,3380,3190,Running,3,0.00,1,0,0,0,-1.0000,0.0,0,0.000,26.640,0.000,0.0,0.0,0.0,0,43176.6685,15307.3278
111.682,3348,3160,Running,3,0.00,1,0,0,0,-1.0000,0.0,0,0.000,26.640,0.000,0.0,0.0,0.0,0,59911.5582,18470.4297
111.699,3317,3130,Running,3,0.00,1,0,0,0,-1.0000,0.0,0,0.000,26.640,0.000,0.0,0.0,0.0,0,41671.0536,17010.7920
111.716,3286,3100,Running,3,0.00,1,0,0,0,-1.0000,0.0,0,0.000,26.640,0.000,0.0,0.0,0.0,0,59110.1125,19367.8735
111.732,3255,3070,Running,3,0.00,1,0,0,0,-1.0000,0.0,0,0.000,26.640,0.000,0.0,0.0,0.0,0,42644.3943,18545.5432
111.749,3224,3041,Running,3,0.00,1,0,0,0,-1.0000,0.0,0,0.000,26.640,0.000,0.0,0.0,0.0,0,52640.6498,18545.5432
111.766,3194,3012,Running,3,0.00,1,0,0,0,-1.0000,0.0,0,0.000,26.640,0.000,0.0,0.0,0.0,0,53970.1614,19456.4919
111.782,3163,2983,Running,3,0.00,1,0,0,0,-1.0000,0.0,0,0.000,26.640,0.000,0.0,0.0,0.0,0,41407.4686,18316.1653
111.799,3133,2955,Running,3,0.00,1,0,0,0,-1.0000,0.0,0,0.000,26.640,0.000,0.0,0.0,0.0,0,54289.3880,19699.0059
111.816,3104,2927,Running,3,0.00,1,0,0,0,-1.0000,0.0,0,0.000,26.640,0.000,0.0,0.0,0.0,0,52109.2363,17180.5279
111.832,3074,2899,Running,3,0.00,1,0,0,0,-1.0000,0.0,0,0.000,26.640,0.000,0.0,0.0,0.0,0,44345.0530,19725.0586
111.849,3045,2871,Running,3,0.00,1,0,0,0,-1.0000,0.0,0,0.000,26.640,0.000,0.0,0.0,0.0,0,45756.7781,19312.6534
111.866,3016,2844,Running,3,0.00,1,0,0,0,-1.0000,0.0,0,0.000,26.640,0.000,0.0,0.0,0.0,0,51791.8548,19579.3669
111.882,2988,2816,Running,3,0.00,1,0,0,0,-1.0000,0.0,0,0.000,26.640,0.000,0.0,0.0,0.0,0,51651.0807,21142.4582
111.899,2959,2790,Running,3,0.00,1,0,0,0,-1.0000,0.0,0,0.000,26.640,0.000,0.0,0.0,0.0,0,49767.5637,20811.7448
111.916,2931,2763,Running,3,0.00,1,0,0,0,-1.0000,0.0,0,0.000,26.640,0.000,0.0,0.0,0.0,0,48168.8009,20089.9592
111.932,2903,2737,Running,3,0.00,1,0,0,0,-1.0000,0.0,0,0.000,26.640,0.000,0.0,0.0,0.0,0,46007.5227,20450.4415
111.949,2875,2710,Running,3,0.00,1,0,0,0,-1.0000,0.0,0,0.000,26.640,0.000,0.0,0.0,0.0,0,45250.7711,20644.2600
111.966,2848,2685,Running,3,0.00,1,0,0,0,-1.0000,0.0,0,0.000,26.640,0.000,0.0,0.0,0.0,0,47802.5275,19877.0801
111.982,2821,2659,Running,3,0.00,1,0,0,0,-1.0000,0.0,0,0.000,26.640,0.000,0.0,0.0,0.0,0,48031.9800,21027.2919
111.999,2794,2634,Running,3,0.00,1,0,0,0,-1.0000,0.0,0,0.000,26.640,0.000,0.0,0.0,0.0,0,48251.3531,21020.3862
112.016,2767,2609,Running,3,0.00,1,0,0,0,-1.0000,0.0,0,0.000,24.320,0.000,0.0,0.0,0.0,0,46538.6373,21689.8212
112.032,2741,2584,Running,3,0.00,1,0,0,0,-1.0000,0.0,0,0.000,24.320,0.000,0.0,0.0,0.0,0,44858.0486,21689.8212
112.049,2715,2559,Running,3,0.00,1,0,0,0,-1.0000,0.0,0,0.000,24.320,0.000,0.0,0.0,0.0,0,42543.5671,21637.7200
112.066,2689,2535,Running,3,0.00,1,0,0,0,-1.0000,0.0,0,0.000,24.320,0.000,0.0,0.0,0.0,0,41588.3088,21600.1164
112.082,2663,2511,Running,3,0.00,1,0,0,0,-1.0000,0.0,0,0.000,24.320,0.000,0.0,0.0,0.0,0,45848.4851,20979.6918
112.099,2638,2487,Running,3,0.00,1,0,0,0,-1.0000,0.0,0,0.000,24.320,0.000,0.0,0.0,0.0,0,50857.1046,22267.1606
112.116,2613,2464,Running,3,0.00,1,0,0,0,-1.0000,0.0,0,0.000,24.320,0.000,0.0,0.0,0.0,0,45872.0026,20898.4141
112.132,2588,2440,Running,3,0.00,1,0,0,0,-1.0000,0.0,0,0.000,24.320,0.000,0.0,0.0,0.0,0,40052.6938,21925.9548
112.149,2563,2417,Running,3,0.00,1,0,0,0,-1.0000,0.0,0,0.000,24.320,0.000,0.0,0.0,0.0,0,42178.6482,21925.9548
112.166,2539,2394,Running,3,0.00,1,0,0,0,-1.0000,0.0,0,0.000,24.320,0.000,0.0,0.0,0.0,0,50907.8323,21507.4953
112.182,2515,2372,Running,3,0.00,1,0,0,0,-1.0000,0.0,0,0.000,24.320,0.000,0.0,0.0,0.0,0,39918.8430,20895.3072
112.199,2491,2349,Running,3,0.00,1,0,0,0,-1.0000,0.0,0,0.000,24.320,0.000,0.0,0.0,0.0,0,41736.8399,21466.7532
112.216,2468,2327,Running,3,0.00,1,0,0,0,-1.0000,0.0,0,0.000,23.040,0.000,0.0,0.0,0.0,0,48768.3074,21175.3679
112.232,2444,2305,Running,3,0.00,1,0,0,0,-1.0000,0.0,0,0.000,23.040,0.000,0.0,0.0,0.0,0,36817.9616,19576.7595
112.249,2421,2283,Running,3,0.00,1,0,0,0,-1.0000,0.0,0,0.000,23.040,0.000,0.0,0.0,0.0,0,47256.8964,19576.7595
112.266,2398,2261,Running,3,0.00,1,0,0,0,-1.0000,0.0,0,0.000,23.040,0.000,0.0,0.0,0.0,0,35188.2709,21268.4233
112.282,2376,2241,Running,3,0.00,1,0,0,0,-1.0000,0.0,0,0.000,23.040,0.000,0.0,0.0,0.0,0,47759.8857,21274.8166
112.299,2353,2219,Running,3,0.00,1,0,0,0,-1.0000,0.0,0,0.000,23.040,0.000,0.0,0.0,0.0,0,35996.8992,20944.8480
112.316,2331,2199,Running,3,0.00,1,0,0,0,-1.0000,0.0,0,0.000,23.040,0.000,0.0,0.0,0.0,0,48794.7559,20888.6764
112.332,2309,2178,Running,3,0.00,1,0,0,0,-1.0000,0.0,0,0.000,23.040,0.000,0.0,0.0,0.0,0,32994.3053,20329.8498
112.349,2287,2158,Running,3,0.00,1,0,0,0,-1.0000,0.0,0,0.000,23.040,0.000,0.0,0.0,0.0,0,47273.0094,18840.4376
112.366,2266,2137,Running,3,0.00,1,0,0,0,-1.0000,0.0,0,0.000,23.040,0.000,0.0,0.0,0.0,0,33970.1645,18840.4376
112.382,2244,2118,Running,3,0.00,1,0,0,0,-1.0000,0.0,0,0.000,23.040,0.000,0.0,0.0,0.0,0,41356.1772,20459.9304
112.399,2223,2098,Running,2,0.00,1,0,0,0,-1.0000,0.0,0,0.000,23.040,0.000,0.0,0.0,0.0,0,44984.0956,21031.3142
112.416,2203,2078,Running,2,0.00,1,0,0,0,-1.0000,0.0,0,0.000,21.840,0.000,0.0,0.0,0.0,0,32179.2170,20746.9634
112.432,2182,2058,Running,2,0.00,1,0,0,0,-1.0000,0.0,0,0.000,21.840,0.000,0.0,0.0,0.0,0,37052.0970,19390.3714
112.449,2161,2039,Running,2,0.00,1,0,0,0,-1.0000,0.0,0,0.000,21.840,0.000,0.0,0.0,0.0,0,42964.1875,21165.8781
112.466,2141,2019,Running,2,0.00,1,0,0,0,-1.0000,0.0,0,0.000,21.840,0.000,0.0,0.0,0.0,0,35515.8101,21337.1855
112.482,2121,2000,Running,2,0.00,1,0,0,0,-1.0000,0.0,0,0.000,21.840,0.000,0.0,0.0,0.0,0,34378.4914,20382.4765
112.499,2101,1982,Running,2,0.00,1,0,0,0,-1.0000,0.0,0,0.000,21.840,0.000,0.0,0.0,0.0,0,37877.8080,19985.0004
112.516,2081,1964,Running,2,0.00,1,0,0,0,-1.0000,0.0,0,0.000,21.840,0.000,0.0,0.0,0.0,0,40886.5945,19985.0004
112.532,2062,1945,Running,2,0.00,1,0,0,0,-1.0000,0.0,0,0.000,21.840,0.000,0.0,0.0,0.0,0,37457.7325,21180.6823
112.549,2042,1928,Running,2,0.00,1,0,0,0,-1.0000,0.0,0,0.000,21.840,0.000,0.0,0.0,0.0,0,34643.5643,21108.9065
112.566,2023,1910,Running,2,0.00,1,0,0,0,-1.0000,0.0,0,0.000,21.840,0.000,0.0,0.0,0.0,0,32951.8735,22107.9141
112.582,2004,1892,Running,2,0.00,1,0,0,0,-1.0000,0.0,0,0.000,21.840,0.000,0.0,0.0,0.0,0,34978.2063,21875.6840
112.599,1986,1874,Running,2,0.00,1,0,0,0,-1.0000,0.0,0,0.000,21.840,0.000,0.0,0.0,0.0,0,34357.8345,22294.6610
112.616,1967,1857,Running,2,0.00,1,0,0,0,-1.0000,0.0,0,0.000,21.840,0.000,0.0,0.0,0.0,0,34750.8796,22559.5106
112.632,1949,1840,Running,2,0.00,1,0,0,0,-1.0000,0.0,0,0.000,21.840,0.000,0.0,0.0,0.0,0,35461.4246,23129.0424
112.649,1931,1824,Running,2,0.00,1,0,0,0,-1.0000,0.0,0,0.000,21.840,0.000,0.0,0.0,0.0,0,37038.3867,22794.6664
112.666,1913,1808,Running,2,0.00,1,0,0,0,-1.0000,0.0,0,0.000,21.840,0.000,0.0,0.0,0.0,0,35605.4164,22794.6664
112.682,1896,1792,Running,2,0.00,1,0,0,0,-1.0000,0.0,0,0.000,21.840,0.000,0.0,0.0,0.0,0,33585.1754,23863.0311
112.699,1879,1777,Running,2,0.00,1,0,0,0,-1.0000,0.0,0,0.000,21.840,0.000,0.0,0.0,0.0,0,35090.8493,19578.9615
112.716,1862,1760,Running,2,0.00,1,0,0,0,-1.0000,0.0,0,0.000,20.240,0.000,0.0,0.0,0.0,0,32646.9880,21431.0907
112.732,1845,1744,Running,2,0.00,1,0,0,0,-1.0000,0.0,0,0.000,20.240,0.000,0.0,0.0,0.0,0,32130.7652,17127.5551
112.749,1828,1728,Running,2,0.00,1,0,0,0,-1.0000,0.0,0,0.000,20.240,0.000,0.0,0.0,0.0,0,30974.9689,16880.4704
112.766,1812,1713,Running,2,0.00,1,0,0,0,-1.0000,0.0,0,0.000,20.240,0.000,0.0,0.0,0.0,0,34450.9021,17264.2029
112.782,1795,1698,Running,2,0.00,1,0,0,0,-1.0000,0.0,0,0.000,20.240,0.000,0.0,0.0,0.0,0,33208.4742,16999.2221
112.799,1779,1683,Running,2,0.00,1,0,0,0,-1.0000,0.0,0,0.000,20.240,0.000,0.0,0.0,0.0,0,30441.6059,16624.8122
112.816,1763,1668,Running,2,0.00,1,0,0,0,-1.0000,0.0,0,0.000,20.240,0.000,0.0,0.0,0.0,0,34410.0334,13077.4237
112.832,1747,1654,Running,2,0.00,1,0,0,0,-1.0000,0.0,0,0.000,19.600,0.000,0.0,0.0,0.0,0,33613.5061,11935.6507
112.849,1732,1640,Running,2,0.00,1,0,0,0,-1.0000,0.0,0,0.000,19.600,0.000,0.0,0.0,0.0,0,29702.9619,10200.1779
112.866,1717,1626,Running,2,0.00,1,0,0,0,-1.0000,0.0,0,0.000,19.600,0.000,0.0,0.0,0.0,0,28761.5346,8153.1992
112.882,1702,1612,Running,2,0.00,1,0,0,0,-1.0000,0.0,0,0.000,19.600,0.000,0.0,0.0,0.0,0,32145.0159,10727.8717
112.899,1687,1597,Running,2,0.00,1,0,0,0,-1.0000,0.0,0,0.000,19.600,0.000,0.0,0.0,0.0,0,29186.4056,6126.7645
112.916,1672,1583,Running,2,0.00,1,0,0,0,-1.0000,0.0,0,0.000,19.600,0.000,0.0,0.0,0.0,0,31891.2528,6126.7645
112.932,1657,1569,Running,2,0.00,1,0,0,0,-1.0000,0.0,0,0.000,19.600,0.000,0.0,0.0,0.0,0,25376.0114,8239.4074
112.949,1642,1556,Running,2,0.00,1,0,0,0,-1.0000,0.0,0,0.000,19.600,0.000,0.0,0.0,0.0,0,29171.9888,6434.1654
112.966,1628,1544,Running,2,0.00,1,0,0,0,-1.0000,0.0,0,0.000,19.600,0.000,0.0,0.0,0.0,0,32137.8854,8307.7431
112.982,1614,1530,Running,2,0.00,1,0,0,0,-1.0000,0.0,0,0.000,19.600,0.000,0.0,0.0,0.0,0,30956.6951,5086.9131
112.999,1600,1517,Running,0,0.00,1,0,0,0,-1.0000,0.0,0,0.000,19.600,0.000,0.0,0.0,0.0,0,23618.1116,9406.1048
113.016,1586,1505,Running,0,0.00,1,0,0,0,-1.0000,0.0,0,0.000,19.600,0.000,0.0,0.0,0.0,0,31059.2400,5482.9567
113.032,1573,1493,Running,0,0.00,1,0,0,0,-1.0000,0.0,0,0.000,19.600,0.000,0.0,0.0,0.0,0,31948.7159,6051.6661
113.049,1560,1481,Running,0,0.00,1,0,0,0,-1.0000,0.0,0,0.000,19.600,0.000,0.0,0.0,0.0,0,24422.6446,5374.3603
113.066,1547,1470,Running,0,0.00,1,0,0,0,-1.0000,0.0,0,0.000,19.600,0.000,0.0,0.0,0.0,0,31036.7418,4936.7665
113.082,1534,1458,Running,0,0.00,1,0,0,0,-1.0000,0.0,0,0.000,19.600,0.000,0.0,0.0,0.0,0,30035.9143,5667.2413
113.099,1521,1447,Running,0,0.00,1,0,0,0,-1.0000,0.0,0,0.000,19.600,0.000,0.0,0.0,0.0,0,24531.6093,5264.3718
113.116,1509,1436,Running,0,0.00,1,0,0,0,-1.0000,0.0,0,0.000,19.600,0.000,0.0,0.0,0.0,0,30658.5327,10708.0599
113.132,1497,1424,Running,0,0.00,1,0,0,0,-1.0000,0.0,0,0.000,19.600,0.000,0.0,0.0,0.0,0,23433.2452,10708.0599
113.149,1485,1412,Running,0,0.00,1,0,0,0,-1.0000,0.0,0,0.000,19.600,0.000,0.0,0.0,0.0,0,27610.1911,6161.7611
113.166,1472,1399,Running,0,0.00,1,0,0,0,-1.0000,0.0,0,0.000,19.600,0.000,0.0,0.0,0.0,0,26703.2585,6418.3370
113.182,1460,1388,Running,0,0.00,1,0,0,0,-1.0000,0.0,0,0.000,19.600,0.000,0.0,0.0,0.0,0,23946.3860,6655.9272
113.199,1448,1377,Running,0,0.00,1,0,0,0,-1.0000,0.0,0,0.000,19.600,0.000,0.0,0.0,0.0,0,28103.2744,7614.4872
113.216,1436,1367,Running,0,0.00,1,0,0,0,-1.0000,0.0,0,0.000,17.600,0.000,0.0,0.0,0.0,0,23306.4364,7203.1248
113.232,1425,1356,Running,0,0.00,1,0,0,0,-1.0000,0.0,0,0.000,17.600,0.000,0.0,0.0,0.0,0,29116.1858,7118.3797
113.249,1414,1346,Running,0,0.00,1,0,0,0,-1.0000,0.0,0,0.000,17.600,0.000,0.0,0.0,0.0,0,21827.5105,9159.9687
113.266,1402,1337,Running,0,0.00,1,0,0,0,-1.0000,0.0,0,0.000,17.600,0.000,0.0,0.0,0.0,0,30016.8515,10039.4825
113.282,1391,1325,Running,0,0.00,1,0,0,0,-1.0000,0.0,0,0.000,17.600,0.000,0.0,0.0,0.0,0,21033.7598,9609.5071
113.299,1380,1315,Running,0,0.00,1,0,0,0,-1.0000,0.0,0,0.000,17.600,0.000,0.0,0.0,0.0,0,26680.0621,9034.9562
113.316,1369,1303,Running,0,0.00,1,0,0,0,-1.0000,0.0,0,0.000,17.600,0.000,0.0,0.0,0.0,0,20502.2037,9034.9562
113.332,1358,1291,Running,0,0.00,1,0,0,0,-1.0000,0.0,0,0.000,17.600,0.000,0.0,0.0,0.0,0,23637.1670,10315.7468
113.349,1347,1282,Running,0,0.00,1,0,0,0,-1.0000,0.0,0,0.000,17.600,0.000,0.0,0.0,0.0,0,23509.8468,10474.1107
113.366,1336,1271,Running,0,0.00,1,0,0,0,-1.0000,0.0,0,0.000,17.600,0.000,0.0,0.0,0.0,0,19326.3102,11105.2600
113.382,1326,1263,Running,0,0.00,1,0,0,0,-1.0000,0.0,0,0.000,17.600,0.000,0.0,0.0,0.0,0,28438.7181,10889.5013
113.399,1315,1253,Running,0,0.00,1,0,0,0,-1.0000,0.0,0,0.000,17.600,0.000,0.0,0.0,0.0,0,21132.8429,11629.5641
113.416,1305,1244,Running,0,0.00,1,0,0,0,-1.0000,0.0,0,0.000,17.600,0.000,0.0,0.0,0.0,0,25322.3041,11629.5641
113.432,1295,1234,Running,0,0.00,1,0,0,0,-1.0000,0.0,0,0.000,17.600,0.000,0.0,0.0,0.0,0,21449.8512,13274.4692
113.449,1285,1225,Running,0,0.00,1,0,0,0,-1.0000,0.0,0,0.000,17.600,0.000,0.0,0.0,0.0,0,18436.9879,12424.8429
113.466,1275,1216,Running,0,0.00,1,0,0,0,-1.0000,0.0,0,0.000,17.600,0.000,0.0,0.0,0.0,0,28934.9876,10334.3172
113.482,1265,1208,Running,0,0.00,1,0,0,0,-1.0000,0.0,0,0.000,17.600,0.000,0.0,0.0,0.0,0,21410.2351,13366.9280
113.499,1256,1199,Running,0,0.00,1,0,0,0,-1.0000,0.0,0,0.000,17.600,0.000,0.0,0.0,0.0,0,19207.0752,11838.0830
113.516,1246,1191,Running,0,0.00,1,0,0,0,-1.0000,0.0,0,0.000,17.600,0.000,0.0,0.0,0.0,0,27792.0832,11874.9543
113.532,1237,1181,Running,0,0.00,1,0,0,0,-1.0000,0.0,0,0.000,17.600,0.000,0.0,0.0,0.0,0,19313.7777,11579.5294
113.549,1228,1170,Running,0,0.00,1,0,0,0,-1.0000,0.0,0,0.000,17.600,0.000,0.0,0.0,0.0,0,16170.2352,12508.6795
113.566,1218,1162,Running,0,0.00,1,0,0,0,-1.0000,0.0,0,0.000,17.600,0.000,0.0,0.0,0.0,0,25604.3208,12508.6795
113.582,1209,1153,Running,0,0.00,1,0,0,0,-1.0000,0.0,0,0.000,17.600,0.000,0.0,0.0,0.0,0,18334.6968,12156.8836
113.599,1200,1144,Running,0,0.00,1,0,0,0,-1.0000,0.0,0,0.000,17.600,0.000,0.0,0.0,0.0,0,17871.7909,11987.3177
113.616,1191,1137,Running,0,0.00,1,0,0,0,-1.0000,0.0,0,0.000,17.600,0.000,0.0,0.0,0.0,0,23076.8785,12148.2013
113.632,1182,1130,Running,0,0.00,1,0,0,0,-1.0000,0.0,0,0.000,17.600,0.000,0.0,0.0,0.0,0,25397.9516,11764.7281
113.649,1173,1122,Running,0,0.00,1,0,0,0,-1.0000,0.0,0,0.000,17.600,0.000,0.0,0.0,0.0,0,18542.1968,9824.0520
113.666,1165,1114,Running,0,0.00,1,0,0,0,-1.0000,0.0,0,0.000,17.600,0.000,0.0,0.0,0.0,0,16187.0054,9824.0520
113.682,1156,1106,Running,0,0.00,1,0,0,0,-1.0000,0.0,0,0.000,17.600,0.000,0.0,0.0,0.0,0,23855.1801,11615.3704
113.699,1148,1100,Running,0,0.00,1,0,0,0,-1.0000,0.0,0,0.000,17.600,0.000,0.0,0.0,0.0,0,24217.4480,12108.5450
113.716,1140,1093,Running,0,0.00,1,0,0,0,-1.0000,0.0,0,0.000,17.600,0.000,0.0,0.0,0.0,0,17976.1064,10405.8933
113.732,1132,1086,Running,0,0.00,1,0,0,0,-1.0000,0.0,0,0.000,17.600,0.000,0.0,0.0,0.0,0,19233.2080,13142.0497
113.749,1125,1078,Running,0,0.00,1,0,0,0,-1.0000,0.0,0,0.000,17.600,0.000,0.0,0.0,0.0,0,18352.7532,11243.5195
113.766,1117,1072,Running,0,0.00,1,0,0,0,-1.0000,0.0,0,0.000,17.600,0.000,0.0,0.0,0.0,0,23474.5360,10343.5976
113.782,1110,1068,Running,0,0.00,1,0,0,0,-1.0000,0.0,0,0.000,17.600,0.000,0.0,0.0,0.0,0,24361.0822,12167.3106
113.799,1103,1062,Running,0,0.00,1,0,0,0,-1.0000,0.0,0,0.000,15.040,0.000,0.0,0.0,0.0,0,16841.2266,12167.3106
113.816,1096,1057,Running,0,0.00,1,0,0,0,-1.0000,0.0,0,0.000,15.040,0.000,0.0,0.0,0.0,0,22590.5482,12023.0292
113.832,1090,1050,Running,0,0.00,1,0,0,0,-1.0000,0.0,0,0.000,15.040,0.000,0.0,0.0,0.0,0,15905.2344,10967.1806
113.849,1083,1046,Running,0,0.00,1,0,0,0,-1.0000,0.0,0,0.000,15.040,0.000,0.0,0.0,0.0,0,20602.7334,12843.7282
113.866,1077,1041,Running,0,0.00,1,0,0,0,-1.0000,0.0,0,0.000,15.040,0.000,0.0,0.0,0.0,0,26804.1714,12198.9136
113.882,1071,1037,Running,0,0.00,1,0,0,0,-1.0000,0.0,0,0.000,15.040,0.000,0.0,0.0,0.0,0,20782.7582,12293.9502
113.899,1066,1034,Running,0,0.00,1,0,0,0,-1.0000,0.0,0,0.000,15.040,0.000,0.0,0.0,0.0,0,21715.2884,12485.6925
113.916,1060,1030,Running,0,0.00,1,0,0,0,-1.0000,0.0,0,0.000,15.040,0.000,0.0,0.0,0.0,0,20843.7167,10891.5652
113.932,1055,1023,Running,0,0.00,1,0,0,0,-1.0000,0.0,0,0.000,15.040,0.000,0.0,0.0,0.0,0,18109.5661,12076.6514
113.949,1050,1019,Running,0,0.00,1,0,0,0,-1.0000,0.0,0,0.000,15.040,0.000,0.0,0.0,0.0,0,16074.1402,12076.6514
113.966,1045,1013,Running,0,0.00,1,0,0,0,-1.0000,0.0,0,0.000,15.040,0.000,0.0,0.0,0.0,0,23576.1888,11928.0174
113.982,1040,1011,Running,0,0.00,1,0,0,0,-1.0000,0.0,0,0.000,15.040,0.000,0.0,0.0,0.0,0,23678.5140,11264.7061
113.999,1035,1010,Running,0,0.00,1,0,0,0,-1.0000,0.0,0,0.000,15.040,0.000,0.0,0.0,0.0,0,24986.1010,11745.9375
114.016,1031,1006,Running,0,0.00,1,0,0,0,-1.0000,0.0,0,0.000,15.040,0.000,0.0,0.0,0.0,0,19026.7204,11327.8853
114.032,1027,1002,Running,0,0.00,1,0,0,0,-1.0000,0.0,0,0.000,15.040,0.000,0.0,0.0,0.0,0,21070.6238,10922.5132
114.049,1023,999,Running,0,0.00,1,0,0,0,-1.0000,0.0,0,0.000,15.040,0.000,0.0,0.0,0.0,0,18351.4781,12226.7936
114.066,1019,994,Running,0,0.00,1,0,0,0,-1.0000,0.0,0,0.000,15.040,0.000,0.0,0.0,0.0,0,20437.6189,12226.7936
114.082,1015,989,Running,0,0.00,1,0,0,0,-1.0000,0.0,0,0.000,15.040,0.000,0.0,0.0,0.0,0,16748.6339,9752.9838
114.099,1011,988,Running,0,0.00,1,0,0,0,-1.0000,0.0,0,0.000,15.040,0.000,0.0,0.0,0.0,0,19084.8413,13674.2645
114.116,1007,987,Running,0,0.00,1,0,0,0,-1.0000,0.0,0,0.000,13.920,0.000,0.0,0.0,0.0,0,24850.6795,11205.3748
114.132,1004,986,Running,0,0.00,1,0,0,0,-1.0000,0.0,0,0.000,13.920,0.000,0.0,0.0,0.0,0,26332.9459,11540.4147
114.149,1001,985,Running,0,0.00,1,0,0,0,-1.0000,0.0,0,0.000,13.760,0.000,0.0,0.0,0.0,0,25682.2066,9748.1790
114.166,998,981,Running,0,0.00,1,0,0,0,-1.0000,0.0,0,0.000,13.760,0.000,0.0,0.0,0.0,0,18345.4325,12711.6801
114.182,995,978,Running,0,0.00,1,0,0,0,-1.0000,0.0,0,0.000,13.760,0.000,0.0,0.0,0.0,0,19366.1745,12711.6801
114.199,992,974,Running,0,0.00,1,0,0,0,-1.0000,0.0,0,0.000,13.760,0.000,0.0,0.0,0.0,0,20661.0039,13071.9688
114.216,989,970,Running,0,0.00,1,0,0,0,-1.0000,0.0,0,0.000,13.760,0.000,0.0,0.0,0.0,0,19696.0863,10741.8736
114.232,986,967,Running,0,0.00,1,0,0,0,-1.0000,0.0,0,0.000,13.760,0.000,0.0,0.0,0.0,0,18774.3714,10935.8938
114.249,983,966,Running,0,0.00,1,0,0,0,-1.0000,0.0,0,0.000,13.760,0.000,0.0,0.0,0.0,0,19577.8655,11045.9244
114.266,980,964,Running,0,0.00,1,0,0,0,-1.0000,0.0,0,0.000,13.760,0.000,0.0,0.0,0.0,0,20267.0170,10731.9431
114.282,978,962,Running,0,0.00,1,0,0,0,-1.0000,0.0,0,0.000,13.760,0.000,0.0,0.0,0.0,0,20359.2602,12747.5015
114.299,975,960,Running,0,0.00,1,0,0,0,-1.0000,0.0,0,0.000,13.760,0.000,0.0,0.0,0.0,0,20877.8385,9738.2282
114.316,973,960,Running,0,0.00,1,0,0,0,-1.0000,0.0,0,0.000,13.760,0.000,0.0,0.0,0.0,0,22842.1624,12587.3870
114.332,971,959,Running,0,0.00,1,0,0,0,-1.0000,0.0,0,0.000,13.760,0.000,0.0,0.0,0.0,0,25284.9952,12247.9560
114.349,969,959,Running,0,0.00,1,0,0,0,-1.0000,0.0,0,0.000,13.760,0.000,0.0,0.0,0.0,0,24413.6525,11329.7690
114.366,967,956,Running,0,0.00,1,0,0,0,-1.0000,0.0,0,0.000,13.760,0.000,0.0,0.0,0.0,0,22172.2939,11329.7690
114.382,965,954,Running,0,0.00,1,0,0,0,-1.0000,0.0,0,0.000,13.760,0.000,0.0,0.0,0.0,0,20457.3567,11006.4138
114.399,963,952,Running,0,0.00,1,0,0,0,-1.0000,0.0,0,0.000,13.760,0.000,0.0,0.0,0.0,0,20382.9957,11976.2885
114.416,961,950,Running,0,0.00,1,0,0,0,-1.0000,0.0,0,0.000,13.760,0.000,0.0,0.0,0.0,0,19493.9314,11140.1301
114.432,959,952,Running,0,0.00,1,0,0,0,-1.0000,0.0,0,0.000,13.760,0.000,0.0,0.0,0.0,0,23967.0483,9375.1289
114.449,958,953,Running,0,0.00,1,0,0,0,-1.0000,0.0,0,0.000,13.760,0.000,0.0,0.0,0.0,0,23016.1355,9375.1289
114.466,957,952,Running,0,0.00,1,0,0,0,-1.0000,0.0,0,0.000,13.760,0.000,0.0,0.0,0.0,0,23707.6693,11357.5347
114.482,956,951,Running,0,0.00,1,0,0,0,-1.0000,0.0,0,0.000,13.760,0.000,0.0,0.0,0.0,0,19759.6577,12331.0429
114.499,956,952,Running,0,0.00,1,0,0,0,-1.0000,0.0,0,0.000,12.560,0.000,0.0,0.0,0.0,0,21057.8185,13374.7228
114.516,955,953,Running,0,0.00,1,0,0,0,-1.0000,0.0,0,0.000,12.560,0.000,0.0,0.0,0.0,0,21860.2129,11182.1902
114.532,955,953,Running,0,0.00,1,0,0,0,-1.0000,0.0,0,0.000,12.560,0.000,0.0,0.0,0.0,0,20954.3599,14110.9342
114.549,955,953,Running,0,0.00,1,0,0,0,-1.0000,0.0,0,0.000,12.560,0.000,0.0,0.0,0.0,0,22364.2275,11577.1855
114.566,955,952,Running,0,0.00,1,0,0,0,-1.0000,0.0,0,0.000,12.560,0.000,0.0,0.0,0.0,0,23042.9747,11065.0230
114.582,955,953,Running,0,0.00,1,0,0,0,-1.0000,0.0,0,0.000,12.560,0.000,0.0,0.0,0.0,0,23221.9096,11647.6155
114.599,954,950,Running,0,0.00,1,0,0,0,-1.0000,0.0,0,0.000,12.560,0.000,0.0,0.0,0.0,0,25193.4665,11647.6155
114.616,953,947,Running,0,0.00,1,0,0,0,-1.0000,0.0,0,0.000,12.080,0.000,0.0,0.0,0.0,0,21897.7250,9682.2223
114.632,952,944,Running,0,0.00,1,0,0,0,-1.0000,0.0,0,0.000,12.080,0.000,0.0,0.0,0.0,0,22020.8662,13669.9744
114.649,951,946,Running,0,0.00,1,0,0,0,-1.0000,0.0,0,0.000,12.080,0.000,0.0,0.0,0.0,0,24450.6840,10414.0986
114.666,950,946,Running,0,0.00,1,0,0,0,-1.0000,0.0,0,0.000,12.080,0.000,0.0,0.0,0.0,0,22915.3544,11297.8143
114.682,949,948,Running,0,0.00,1,0,0,0,-1.0000,0.0,0,0.000,12.080,0.000,0.0,0.0,0.0,0,24287.3045,9810.7907
114.699,949,947,Running,0,0.00,1,0,0,0,-1.0000,0.0,0,0.000,12.080,0.000,0.0,0.0,0.0,0,21413.0440,11225.8879
114.716,949,947,Running,0,0.00,1,0,0,0,-1.0000,0.0,0,0.000,12.080,0.000,0.0,0.0,0.0,0,20809.5952,11225.8879
114.732,948,949,Running,0,0.00,1,0,0,0,-1.0000,0.0,0,0.000,12.080,0.000,0.0,0.0,0.0,0,23851.5814,9322.4945
114.749,948,950,Running,0,0.00,1,0,0,0,-1.0000,0.0,0,0.000,12.080,0.000,0.0,0.0,0.0,0,25006.0479,11393.0073
114.766,948,949,Running,0,0.00,1,0,0,0,-1.0000,0.0,0,0.000,12.080,0.000,0.0,0.0,0.0,0,22360.0161,10040.0414
114.782,948,946,Running,0,0.00,1,0,0,0,-1.0000,0.0,0,0.000,12.080,0.000,0.0,0.0,0.0,0,20171.7970,14224.9312
114.799,948,942,Running,0,0.00,1,0,0,0,-1.0000,0.0,0,0.000,12.080,0.000,0.0,0.0,0.0,0,18678.9933,10694.6401
114.816,947,939,Running,0,0.00,1,0,0,0,-1.0000,0.0,0,0.000,12.080,0.000,0.0,0.0,0.0,0,18493.3943,11750.9570
114.832,946,938,Running,0,0.00,1,0,0,0,-1.0000,0.0,0,0.000,12.080,0.000,0.0,0.0,0.0,0,19452.6286,8469.8143
114.849,945,938,Running,0,0.00,1,0,0,0,-1.0000,0.0,0,0.000,12.080,0.000,0.0,0.0,0.0,0,21390.0142,10700.7335
114.866,944,936,Running,0,0.00,1,0,0,0,-1.0000,0.0,0,0.000,12.080,0.000,0.0,0.0,0.0,0,22830.3436,9110.8086
114.882,943,937,Running,0,0.00,1,0,0,0,-1.0000,0.0,0,0.000,12.080,0.000,0.0,0.0,0.0,0,20921.8897,11583.9649
114.899,942,938,Running,0,0.00,1,0,0,0,-1.0000,0.0,0,0.000,12.080,0.000,0.0,0.0,0.0,0,24097.7500,10278.7639
114.916,942,938,Running,0,0.00,1,0,0,0,-1.0000,0.0,0,0.000,12.080,0.000,0.0,0.0,0.0,0,24977.1284,11854.7074
114.932,941,940,Running,0,0.00,1,0,0,0,-1.0000,0.0,0,0.000,10.800,0.000,0.0,0.0,0.0,0,23389.1924,9891.8580
114.949,941,941,Running,0,0.00,1,0,0,0,-1.0000,0.0,0,0.000,10.800,0.000,0.0,0.0,0.0,0,26646.4184,13393.0707
114.966,941,940,Running,0,0.00,1,0,0,0,-1.0000,0.0,0,0.000,10.800,0.000,0.0,0.0,0.0,0,24955.6204,9525.0385
114.982,941,941,Running,0,0.00,1,0,0,0,-1.0000,0.0,0,0.000,10.800,0.000,0.0,0.0,0.0,0,23994.4903,9525.0385
114.999,941,943,Running,0,0.00,1,0,0,0,-1.0000,0.0,0,0.000,10.800,0.000,0.0,0.0,0.0,0,25252.4114,9932.0226
115.016,942,947,Running,0,0.00,1,0,0,0,-1.0000,0.0,0,0.000,10.800,0.000,0.0,0.0,0.0,0,25485.3188,9932.0226
115.032,942,950,Running,0,0.00,1,0,0,0,-1.0000,0.0,0,0.000,10.800,0.000,0.0,0.0,0.0,0,24075.6858,9205.7451
115.049,944,953,Running,0,0.00,1,0,0,0,-1.0000,0.0,0,0.000,10.800,0.000,0.0,0.0,0.0,0,24239.8036,13145.6130
115.066,945,954,Running,0,0.00,1,0,0,0,-1.0000,0.0,0,0.000,10.800,0.000,0.0,0.0,0.0,0,25208.8069,11615.4149
115.082,946,954,Running,0,0.00,1,0,0,0,-1.0000,0.0,0,0.000,10.800,0.000,0.0,0.0,0.0,0,21817.7961,11615.4149
115.099,947,956,Running,0,0.00,1,0,0,0,-1.0000,0.0,0,0.000,10.800,0.000,0.0,0.0,0.0,0,23903.8826,12510.3102
115.116,949,959,Running,0,0.00,1,0,0,0,-1.0000,0.0,0,0.000,10.800,0.000,0.0,0.0,0.0,0,24608.5414,12367.2458
115.132,950,957,Running,0,0.00,1,0,0,0,-1.0000,0.0,0,0.000,10.800,0.000,0.0,0.0,0.0,0,23041.3649,13103.9971
115.149,952,957,Running,0,0.00,1,0,0,0,-1.0000,0.0,0,0.000,10.800,0.000,0.0,0.0,0.0,0,18476.7482,11801.1597
115.166,953,960,Running,0,0.00,1,0,0,0,-1.0000,0.0,0,0.000,10.800,0.000,0.0,0.0,0.0,0,24012.7994,15959.2034
115.182,954,959,Running,0,0.00,1,0,0,0,-1.0000,0.0,0,0.000,10.800,0.000,0.0,0.0,0.0,0,26763.7340,10903.4320
115.199,955,958,Running,0,0.00,1,0,0,0,-1.0000,0.0,0,0.000,10.800,0.000,0.0,0.0,0.0,0,22774.0185,13272.9209
115.216,955,958,Running,0,0.00,1,0,0,0,-1.0000,0.0,0,0.000,10.800,0.000,0.0,0.0,0.0,0,26016.9002,12500.0410
115.232,956,961,Running,0,0.00,1,0,0,0,-1.0000,0.0,0,0.000,10.800,0.000,0.0,0.0,0.0,0,27123.8797,11521.9904
115.249,957,960,Running,0,0.00,1,0,0,0,-1.0000,0.0,0,0.000,10.800,0.000,0.0,0.0,0.0,0,28481.4006,11521.9904
115.266,957,960,Running,0,0.00,1,0,0,0,-1.0000,0.0,0,0.000,10.800,0.000,0.0,0.0,0.0,0,22265.4243,11817.5194
115.282,958,962,Running,0,0.00,1,0,0,0,-1.0000,0.0,0,0.000,10.800,0.000,0.0,0.0,0.0,0,26670.3423,12999.8940
115.299,958,961,Running,0,0.00,1,0,0,0,-1.0000,0.0,0,0.000,10.800,0.000,0.0,0.0,0.0,0,21464.6977,9391.5858
115.316,958,960,Running,0,0.00,1,0,0,0,-1.0000,0.0,0,0.000,10.800,0.000,0.0,0.0,0.0,0,22513.6474,12658.0572
115.332,958,958,Running,0,0.00,1,0,0,0,-1.0000,0.0,0,0.000,9.200,0.000,0.0,0.0,0.0,0,22192.8336,15003.7097
115.349,958,958,Running,0,0.00,1,0,0,0,-1.0000,0.0,0,0.000,9.200,0.000,0.0,0.0,0.0,0,22159.0920,11163.1761
115.366,958,957,Running,0,0.00,1,0,0,0,-1.0000,0.0,0,0.000,9.200,0.000,0.0,0.0,0.0,0,22596.0262,11163.1761
115.382,958,955,Running,0,0.00,1,0,0,0,-1.0000,0.0,0,0.000,9.200,0.000,0.0,0.0,0.0,0,20114.3129,12309.9855
115.399,958,955,Running,0,0.00,1,0,0,0,-1.0000,0.0,0,0.000,9.200,0.000,0.0,0.0,0.0,0,21035.6928,11337.7011
115.416,957,957,Running,0,0.00,1,0,0,0,-1.0000,0.0,0,0.000,9.200,0.000,0.0,0.0,0.0,0,23345.2537,14069.5220
115.432,958,960,Running,0,0.00,1,0,0,0,-1.0000,0.0,0,0.000,9.200,0.000,0.0,0.0,0.0,0,25734.7407,10031.4046
115.449,958,959,Running,0,0.00,1,0,0,0,-1.0000,0.0,0,0.000,9.200,0.000,0.0,0.0,0.0,0,27536.9122,10568.5662
115.466,958,959,Running,0,0.00,1,0,0,0,-1.0000,0.0,0,0.000,9.200,0.000,0.0,0.0,0.0,0,24611.2839,12809.8020
115.482,959,960,Running,0,0.00,1,0,0,0,-1.0000,0.0,0,0.000,9.200,0.000,0.0,0.0,0.0,0,27112.2405,12809.8020
115.499,959,963,Running,0,0.00,1,0,0,0,-1.0000,0.0,0,0.000,9.200,0.000,0.0,0.0,0.0,0,28641.3817,10028.3126
115.516,960,965,Running,0,0.00,1,0,0,0,-1.0000,0.0,0,0.000,9.200,0.000,0.0,0.0,0.0,0,26536.3771,11247.6528
115.532,961,965,Running,0,0.00,1,0,0,0,-1.0000,0.0,0,0.000,8.480,0.000,0.0,0.0,0.0,0,21830.8507,12419.3623
115.549,961,963,Running,0,0.00,1,0,0,0,-1.0000,0.0,0,0.000,8.480,0.000,0.0,0.0,0.0,0,21744.4901,14199.8518
115.566,961,961,Running,0,0.00,1,0,0,0,-1.0000,0.0,0,0.000,8.480,0.000,0.0,0.0,0.0,0,21405.2890,11864.6698
115.582,961,960,Running,0,0.00,1,0,0,0,-1.0000,0.0,0,0.000,8.480,0.000,0.0,0.0,0.0,0,22839.7677,11372.4481
115.599,961,958,Running,0,0.00,1,0,0,0,-1.0000,0.0,0,0.000,8.480,0.000,0.0,0.0,0.0,0,23706.5142,11372.4481
115.616,960,957,Running,0,0.00,1,0,0,0,-1.0000,0.0,0,0.000,8.480,0.000,0.0,0.0,0.0,0,19032.9473,10624.6983
115.632,960,956,Running,0,0.00,1,0,0,0,-1.0000,0.0,0,0.000,8.480,0.000,0.0,0.0,0.0,0,20798.5308,11641.9132
115.649,959,958,Running,0,0.00,1,0,0,0,-1.0000,0.0,0,0.000,8.080,0.000,0.0,0.0,0.0,0,22328.6391,11542.9754
115.666,959,958,Running,0,0.00,1,0,0,0,-1.0000,0.0,0,0.000,8.080,0.000,0.0,0.0,0.0,0,25063.7835,12858.2636
115.682,959,959,Running,0,0.00,1,0,0,0,-1.0000,0.0,0,0.000,8.080,0.000,0.0,0.0,0.0,0,24511.1605,11616.5415
115.699,960,963,Running,0,0.00,1,0,0,0,-1.0000,0.0,0,0.000,8.080,0.000,0.0,0.0,0.0,0,26664.7206,14000.7195
115.716,960,963,Running,0,0.00,1,0,0,0,-1.0000,0.0,0,0.000,8.080,0.000,0.0,0.0,0.0,0,29479.2730,10665.7577
115.732,961,966,Running,0,0.00,1,0,0,0,-1.0000,0.0,0,0.000,8.080,0.000,0.0,0.0,0.0,0,28078.4606,12660.8574
115.749,962,966,Running,0,0.00,1,0,0,0,-1.0000,0.0,0,0.000,8.080,0.000,0.0,0.0,0.0,0,26139.0296,12659.0880
115.766,962,965,Running,0,0.00,1,0,0,0,-1.0000,0.0,0,0.000,8.080,0.000,0.0,0.0,0.0,0,21293.8136,12326.2181
115.782,962,966,Running,0,0.00,1,0,0,0,-1.0000,0.0,0,0.000,8.080,0.000,0.0,0.0,0.0,0,23928.8295,14044.4318
115.799,963,968,Running,0,0.00,1,0,0,0,-1.0000,0.0,0,0.000,8.080,0.000,0.0,0.0,0.0,0,24717.9663,12648.2541
115.816,964,969,Running,0,0.00,1,0,0,0,-1.0000,0.0,0,0.000,7.520,0.000,0.0,0.0,0.0,0,25701.0252,11078.6843
115.832,965,969,Running,0,0.00,1,0,0,0,-1.0000,0.0,0,0.000,7.360,0.000,0.0,0.0,0.0,0,22370.4611,14384.3426
115.849,965,968,Running,0,0.00,1,0,0,0,-1.0000,0.0,0,0.000,7.360,0.000,0.0,0.0,0.0,0,21419.9217,13680.8902
115.866,966,969,Running,0,0.00,1,0,0,0,-1.0000,0.0,0,0.000,7.360,0.000,0.0,0.0,0.0,0,20194.9326,13680.8902
115.882,967,971,Running,0,0.00,1,0,0,0,-1.0000,0.0,0,0.000,7.360,0.000,0.0,0.0,0.0,0,25468.0431,14524.5160
115.899,967,971,Running,0,0.00,1,0,0,0,-1.0000,0.0,0,0.000,7.360,0.000,0.0,0.0,0.0,0,26617.2243,10795.1726
115.916,968,969,Running,0,0.00,1,0,0,0,-1.0000,0.0,0,0.000,7.360,0.000,0.0,0.0,0.0,0,25648.2577,13246.4715
115.932,968,972,Running,0,0.00,1,0,0,0,-1.0000,0.0,0,0.000,7.360,0.000,0.0,0.0,0.0,0,26601.8495,13658.9864
115.949,969,975,Running,0,0.00,1,0,0,0,-1.0000,0.0,0,0.000,7.360,0.000,0.0,0.0,0.0,0,31469.5079,13742.1554
115.966,970,978,Running,0,0.00,1,0,0,0,-1.0000,0.0,0,0.000,7.360,0.000,0.0,0.0,0.0,0,27183.4150,10755.1689
115.982,971,979,Running,0,0.00,1,0,0,0,-1.0000,0.0,0,0.000,7.360,0.000,0.0,0.0,0.0,0,23019.1125,10755.1689
115.999,972,981,Running,0,0.00,1,0,0,0,-1.0000,0.0,0,0.000,7.360,0.000,0.0,0.0,0.0,0,25181.7956,14285.5263
116.016,974,982,Running,0,0.00,1,0,0,0,-1.0000,0.0,0,0.000,7.360,0.000,0.0,0.0,0.0,0,26239.4274,9153.8266
116.033,975,982,Running,0,0.00,1,0,0,0,-1.0000,0.0,0,0.000,6.720,0.000,0.0,0.0,0.0,0,21360.9729,14252.5099
116.049,976,982,Running,0,0.00,1,0,0,0,-1.0000,0.0,0,0.000,6.720,0.000,0.0,0.0,0.0,0,22324.2610,13371.9899
116.066,977,980,Running,0,0.00,1,0,0,0,-1.0000,0.0,0,0.000,6.720,0.000,0.0,0.0,0.0,0,22497.0448,10848.4071
116.082,978,979,Running,0,0.00,1,0,0,0,-1.0000,0.0,0,0.000,6.720,0.000,0.0,0.0,0.0,0,23876.6323,10848.4071
116.099,978,978,Running,0,0.00,1,0,0,0,-1.0000,0.0,0,0.000,6.720,0.000,0.0,0.0,0.0,0,25178.8535,13235.0767
116.116,978,978,Running,0,0.00,1,0,0,0,-1.0000,0.0,0,0.000,6.720,0.000,0.0,0.0,0.0,0,28058.4797,10871.5977
116.132,978,977,Running,0,0.00,1,0,0,0,-1.0000,0.0,0,0.000,6.720,0.000,0.0,0.0,0.0,0,26366.9444,12731.7162
116.149,978,977,Running,0,0.00,1,0,0,0,-1.0000,0.0,0,0.000,6.720,0.000,0.0,0.0,0.0,0,25151.0205,11636.1485
116.166,977,976,Running,0,0.00,1,0,0,0,-1.0000,0.0,0,0.000,6.720,0.000,0.0,0.0,0.0,0,21358.2741,13460.0909
116.182,977,977,Running,0,0.00,1,0,0,0,-1.0000,0.0,0,0.000,6.720,0.000,0.0,0.0,0.0,0,23615.8026,12208.3300
116.199,977,976,Running,0,0.00,1,0,0,0,-1.0000,0.0,0,0.000,6.720,0.000,0.0,0.0,0.0,0,26576.2064,12758.9631
116.216,977,977,Running,0,0.00,1,0,0,0,-1.0000,0.0,0,0.000,6.080,0.000,0.0,0.0,0.0,0,20341.9417,9156.2878
116.232,977,976,Running,0,0.00,1,0,0,0,-1.0000,0.0,0,0.000,6.080,0.000,0.0,0.0,0.0,0,23010.2418,13156.4761
116.249,977,978,Running,0,0.00,1,0,0,0,-1.0000,0.0,0,0.000,6.080,0.000,0.0,0.0,0.0,0,21359.3576,13156.4761
116.266,977,978,Running,0,0.00,1,0,0,0,-1.0000,0.0,0,0.000,6.080,0.000,0.0,0.0,0.0,0,25778.1327,13230.3984
116.282,977,977,Running,0,0.00,1,0,0,0,-1.0000,0.0,0,0.000,6.080,0.000,0.0,0.0,0.0,0,25166.2908,13230.3984
116.299,978,980,Running,0,0.00,1,0,0,0,-1.0000,0.0,0,0.000,6.080,0.000,0.0,0.0,0.0,0,26432.7743,11849.4650
116.316,978,981,Running,0,0.00,1,0,0,0,-1.0000,0.0,0,0.000,6.080,0.000,0.0,0.0,0.0,0,31628.0087,13211.3637
116.333,978,979,Running,0,0.00,1,0,0,0,-1.0000,0.0,0,0.000,6.080,0.000,0.0,0.0,0.0,0,24148.9532,12147.9554
116.349,978,978,Running,0,0.00,1,0,0,0,-1.0000,0.0,0,0.000,6.080,0.000,0.0,0.0,0.0,0,20757.8067,14410.2515
116.366,978,977,Running,0,0.00,1,0,0,0,-1.0000,0.0,0,0.000,6.080,0.000,0.0,0.0,0.0,0,25083.5190,9645.6182
116.382,977,976,Running,0,0.00,1,0,0,0,-1.0000,0.0,0,0.000,6.080,0.000,0.0,0.0,0.0,0,21428.8436,12431.6074
116.399,977,978,Running,0,0.00,1,0,0,0,-1.0000,0.0,0,0.000,5.360,0.000,0.0,0.0,0.0,0,24584.4504,13183.8521
116.416,977,976,Running,0,0.00,1,0,0,0,-1.0000,0.0,0,0.000,5.360,0.000,0.0,0.0,0.0,0,23489.5070,12637.9308
116.432,977,974,Running,0,0.00,1,0,0,0,-1.0000,0.0,0,0.000,5.360,0.000,0.0,0.0,0.0,0,18445.9483,13574.5759
116.449,977,975,Running,0,0.00,1,0,0,0,-1.0000,0.0,0,0.000,5.360,0.000,0.0,0.0,0.0,0,21739.9070,12620.4895
116.466,977,975,Running,0,0.00,1,0,0,0,-1.0000,0.0,0,0.000,5.360,0.000,0.0,0.0,0.0,0,26422.2547,12308.1150
116.482,976,975,Running,0,0.00,1,0,0,0,-1.0000,0.0,0,0.000,5.360,0.000,0.0,0.0,0.0,0,26771.2979,9789.2855
116.499,976,976,Running,0,0.00,1,0,0,0,-1.0000,0.0,0,0.000,5.360,0.000,0.0,0.0,0.0,0,27497.3835,9789.2855
116.516,976,977,Running,0,0.00,1,0,0,0,-1.0000,0.0,0,0.000,5.360,0.000,0.0,0.0,0.0,0,28970.7988,11837.9928
116.532,976,975,Running,0,0.00,1,0,0,0,-1.0000,0.0,0,0.000,5.360,0.000,0.0,0.0,0.0,0,21904.8625,12631.4045
116.549,976,975,Running,0,0.00,1,0,0,0,-1.0000,0.0,0,0.000,5.360,0.000,0.0,0.0,0.0,0,21510.4424,12571.3739
116.566,975,974,Running,0,0.00,1,0,0,0,-1.0000,0.0,0,0.000,5.360,0.000,0.0,0.0,0.0,0,24887.5954,13639.8089
116.583,975,972,Running,0,0.00,1,0,0,0,-1.0000,0.0,0,0.000,5.360,0.000,0.0,0.0,0.0,0,21008.0753,11123.8001
116.599,974,974,Running,0,0.00,1,0,0,0,-1.0000,0.0,0,0.000,5.360,0.000,0.0,0.0,0.0,0,23073.9021,10331.5685
116.616,974,973,Running,0,0.00,1,0,0,0,-1.0000,0.0,0,0.000,5.360,0.000,0.0,0.0,0.0,0,23559.3911,12431.4688
116.633,974,973,Running,0,0.00,1,0,0,0,-1.0000,0.0,0,0.000,5.360,0.000,0.0,0.0,0.0,0,20397.9418,10446.6604
116.649,974,974,Running,0,0.00,1,0,0,0,-1.0000,0.0,0,0.000,5.360,0.000,0.0,0.0,0.0,0,22734.9694,10446.6604
116.666,974,974,Running,0,0.00,1,0,0,0,-1.0000,0.0,0,0.000,5.360,0.000,0.0,0.0,0.0,0,27051.8513,10933.3451
116.682,975,974,Running,0,0.00,1,0,0,0,-1.0000,0.0,0,0.000,5.360,0.000,0.0,0.0,0.0,0,26249.7234,12713.8769
116.699,975,975,Running,0,0.00,1,0,0,0,-1.0000,0.0,0,0.000,4.160,0.000,0.0,0.0,0.0,0,28040.6765,12359.7072
116.716,975,975,Running,0,0.00,1,0,0,0,-1.0000,0.0,0,0.000,4.160,0.000,0.0,0.0,0.0,0,26415.2385,13771.2824
116.733,975,978,Running,0,0.00,1,0,0,0,-1.0000,0.0,0,0.000,4.160,0.000,0.0,0.0,0.0,0,25726.5310,11227.8958
116.749,975,979,Running,0,0.00,1,0,0,0,-1.0000,0.0,0,0.000,4.160,0.000,0.0,0.0,0.0,0,25755.7330,14176.8021
116.766,976,980,Running,0,0.00,1,0,0,0,-1.0000,0.0,0,0.000,4.160,0.000,0.0,0.0,0.0,0,21478.7895,11563.9609
116.783,976,980,Running,0,0.00,1,0,0,0,-1.0000,0.0,0,0.000,4.160,0.000,0.0,0.0,0.0,0,25486.1048,11563.9609
116.799,977,981,Running,0,0.00,1,0,0,0,-1.0000,0.0,0,0.000,4.160,0.000,0.0,0.0,0.0,0,21222.2412,13810.7954
116.816,978,982,Running,0,0.00,1,0,0,0,-1.0000,0.0,0,0.000,4.160,0.000,0.0,0.0,0.0,0,22723.1721,12130.2813
116.833,978,980,Running,0,0.00,1,0,0,0,-1.0000,0.0,0,0.000,4.160,0.000,0.0,0.0,0.0,0,24390.1076,12575.5903
116.849,979,978,Running,0,0.00,1,0,0,0,-1.0000,0.0,0,0.000,4.160,0.000,0.0,0.0,0.0,0,22301.7304,12683.7672
116.866,979,980,Running,0,0.00,1,0,0,0,-1.0000,0.0,0,0.000,4.160,0.000,0.0,0.0,0.0,0,25549.9850,13008.3525
116.883,979,983,Running,0,0.00,1,0,0,0,-1.0000,0.0,0,0.000,4.160,0.000,0.0,0.0,0.0,0,30795.2023,13614.8761
116.899,980,983,Running,0,0.00,1,0,0,0,-1.0000,0.0,0,0.000,3.440,0.000,0.0,0.0,0.0,0,28547.7938,13614.8761
116.916,980,982,Running,0,0.00,1,0,0,0,-1.0000,0.0,0,0.000,3.440,0.000,0.0,0.0,0.0,0,22901.9306,12973.9700
116.933,980,983,Running,0,0.00,1,0,0,0,-1.0000,0.0,0,0.000,3.440,0.000,0.0,0.0,0.0,0,23895.3254,14957.7680
116.949,980,983,Running,0,0.00,1,0,0,0,-1.0000,0.0,0,0.000,3.440,0.000,0.0,0.0,0.0,0,23635.5463,11848.7586
116.966,981,984,Running,0,0.00,1,0,0,0,-1.0000,0.0,0,0.000,3.440,0.000,0.0,0.0,0.0,0,24943.7275,12755.7120
116.983,981,984,Running,0,0.00,1,0,0,0,-1.0000,0.0,0,0.000,3.440,0.000,0.0,0.0,0.0,0,22649.0022,12901.0416
116.999,982,985,Running,0,0.00,1,0,0,0,-1.0000,0.0,0,0.000,3.440,0.000,0.0,0.0,0.0,0,20795.7296,12260.1058
117.016,983,988,Running,0,0.00,1,0,0,0,-1.0000,0.0,0,0.000,3.440,0.000,0.0,0.0,0.0,0,25476.2578,12179.0048
117.032,984,987,Running,0,0.00,1,0,0,0,-1.0000,0.0,0,0.000,3.440,0.000,0.0,0.0,0.0,0,28278.5428,13854.6200
117.049,984,988,Running,0,0.00,1,0,0,0,-1.0000,0.0,0,0.000,3.440,0.000,0.0,0.0,0.0,0,27220.2058,13854.6200
117.066,985,987,Running,0,0.00,1,0,0,0,-1.0000,0.0,0,0.000,3.440,0.000,0.0,0.0,0.0,0,28040.9876,12441.6891
117.082,985,989,Running,0,0.00,1,0,0,0,-1.0000,0.0,0,0.000,3.440,0.000,0.0,0.0,0.0,0,27384.0988,12267.5796
117.099,986,989,Running,0,0.00,1,0,0,0,-1.0000,0.0,0,0.000,3.440,0.000,0.0,0.0,0.0,0,23525.4258,12865.2757
117.116,986,989,Running,0,0.00,1,0,0,0,-1.0000,0.0,0,0.000,3.440,0.000,0.0,0.0,0.0,0,22216.0333,12498.3823
117.132,986,987,Running,0,0.00,1,0,0,0,-1.0000,0.0,0,0.000,3.440,0.000,0.0,0.0,0.0,0,25316.7956,12371.0454
117.149,986,986,Running,0,0.00,1,0,0,0,-1.0000,0.0,0,0.000,3.440,0.000,0.0,0.0,0.0,0,18458.7169,12923.5013
117.166,986,985,Running,0,0.00,1,0,0,0,-1.0000,0.0,0,0.000,2.480,0.000,0.0,0.0,0.0,0,22371.0168,12923.5013
117.183,986,984,Running,0,0.00,1,0,0,0,-1.0000,0.0,0,0.000,2.480,0.000,0.0,0.0,0.0,0,23027.1593,11596.4240
117.199,986,986,Running,0,0.00,1,0,0,0,-1.0000,0.0,0,0.000,2.480,0.000,0.0,0.0,0.0,0,24872.9269,14342.9829
117.216,986,984,Running,0,0.00,1,0,0,0,-1.0000,0.0,0,0.000,2.480,0.000,0.0,0.0,0.0,0,29367.2528,11853.9498
117.232,986,986,Running,0,0.00,1,0,0,0,-1.0000,0.0,0,0.000,2.480,0.000,0.0,0.0,0.0,0,27937.7549,12850.1449
117.249,986,985,Running,0,0.00,1,0,0,0,-1.0000,0.0,0,0.000,2.480,0.000,0.0,0.0,0.0,0,25384.7102,11986.5555
117.266,985,984,Running,0,0.00,1,0,0,0,-1.0000,0.0,0,0.000,2.480,0.000,0.0,0.0,0.0,0,21200.3992,11986.5555
117.282,985,985,Running,0,0.00,1,0,0,0,-1.0000,0.0,0,0.000,2.480,0.000,0.0,0.0,0.0,0,25819.8234,12608.4452
117.299,985,982,Running,0,0.00,1,0,0,0,-1.0000,0.0,0,0.000,2.480,0.000,0.0,0.0,0.0,0,22324.5021,9844.0127
117.316,984,981,Running,0,0.00,1,0,0,0,-1.0000,0.0,0,0.000,2.480,0.000,0.0,0.0,0.0,0,19796.9935,11869.8303
117.332,984,979,Running,0,0.00,1,0,0,0,-1.0000,0.0,0,0.000,2.480,0.000,0.0,0.0,0.0,0,22113.1629,13217.9778
117.349,983,977,Running,0,0.00,1,0,0,0,-1.0000,0.0,0,0.000,2.480,0.000,0.0,0.0,0.0,0,20164.9908,12371.3996
117.366,982,979,Running,0,0.00,1,0,0,0,-1.0000,0.0,0,0.000,2.480,0.000,0.0,0.0,0.0,0,23046.7478,10242.1146
117.382,982,978,Running,0,0.00,1,0,0,0,-1.0000,0.0,0,0.000,2.480,0.000,0.0,0.0,0.0,0,28151.0198,12791.4401
117.399,981,979,Running,0,0.00,1,0,0,0,-1.0000,0.0,0,0.000,1.280,0.000,0.0,0.0,0.0,0,26967.9936,10182.8483
117.416,981,978,Running,0,0.00,1,0,0,0,-1.0000,0.0,0,0.000,1.280,0.000,0.0,0.0,0.0,0,26817.0918,13963.1969
117.432,980,979,Running,0,0.00,1,0,0,0,-1.0000,0.0,0,0.000,1.280,0.000,0.0,0.0,0.0,0,25358.5942,10469.8423
117.449,980,978,Running,0,0.00,1,0,0,0,-1.0000,0.0,0,0.000,1.280,0.000,0.0,0.0,0.0,0,22848.9352,12854.0418
117.466,980,978,Running,0,0.00,1,0,0,0,-1.0000,0.0,0,0.000,1.280,0.000,0.0,0.0,0.0,0,22429.6320,11750.2092
117.482,979,978,Running,0,0.00,1,0,0,0,-1.0000,0.0,0,0.000,1.280,0.000,0.0,0.0,0.0,0,23645.2669,10116.1457
117.499,979,976,Running,0,0.00,1,0,0,0,-1.0000,0.0,0,0.000,1.280,0.000,0.0,0.0,0.0,0,23262.6026,13435.9635
117.516,978,974,Running,0,0.00,1,0,0,0,-1.0000,0.0,0,0.000,1.280,0.000,0.0,0.0,0.0,0,18458.1796,11213.4331
117.532,978,975,Running,0,0.00,1,0,0,0,-1.0000,0.0,0,0.000,1.280,0.000,0.0,0.0,0.0,0,21486.8788,13038.6174
117.549,978,977,Running,0,0.00,1,0,0,0,-1.0000,0.0,0,0.000,1.280,0.000,0.0,0.0,0.0,0,24891.7864,13038.6174
117.566,978,977,Running,0,0.00,1,0,0,0,-1.0000,0.0,0,0.000,1.280,0.000,0.0,0.0,0.0,0,26271.7045,12895.7900
117.583,978,976,Running,0,0.00,1,0,0,0,-1.0000,0.0,0,0.000,1.280,0.000,0.0,0.0,0.0,0,26550.2076,11716.4542
117.599,977,975,Running,0,0.00,1,0,0,0,-1.0000,0.0,0,0.000,0.560,0.000,0.0,0.0,0.0,0,27167.3961,12331.6843
117.616,977,973,Running,0,0.00,1,0,0,0,-1.0000,0.0,0,0.000,0.560,0.000,0.0,0.0,0.0,0,23420.6969,11505.6040
117.632,976,972,Running,0,0.00,1,0,0,0,-1.0000,0.0,0,0.000,0.560,0.000,0.0,0.0,0.0,0,22454.7910,9969.9634
117.649,975,971,Running,0,0.00,1,0,0,0,-1.0000,0.0,0,0.000,0.560,0.000,0.0,0.0,0.0,0,21982.6662,11344.8010
117.666,974,971,Running,0,0.00,1,0,0,0,-1.0000,0.0,0,0.000,0.560,0.000,0.0,0.0,0.0,0,22970.5282,11307.6245
117.682,974,970,Running,0,0.00,1,0,0,0,-1.0000,0.0,0,0.000,0.560,0.000,0.0,0.0,0.0,0,24645.3545,10689.4846
117.699,973,970,Running,0,0.00,1,0,0,0,-1.0000,0.0,0,0.000,0.560,0.000,0.0,0.0,0.0,0,20486.3922,10689.4846
117.716,973,973,Running,0,0.00,1,0,0,0,-1.0000,0.0,0,0.000,0.560,0.000,0.0,0.0,0.0,0,22355.2236,13596.9819
117.733,973,973,Running,0,0.00,1,0,0,0,-1.0000,0.0,0,0.000,0.560,0.000,0.0,0.0,0.0,0,23721.3475,11603.8552
117.749,974,976,Running,0,0.00,1,0,0,0,-1.0000,0.0,0,0.000,0.560,0.000,0.0,0.0,0.0,0,23191.7205,15975.9456
117.766,974,977,Running,0,0.00,1,0,0,0,-1.0000,0.0,0,0.000,0.560,0.000,0.0,0.0,0.0,0,27521.2027,12682.5381
117.783,975,979,Running,0,0.00,1,0,0,0,-1.0000,0.0,0,0.000,0.560,0.000,0.0,0.0,0.0,0,27527.4103,15238.0839
117.799,976,981,Running,0,0.00,1,0,0,0,-1.0000,0.0,0,0.000,0.000,0.000,0.0,0.0,0.0,0,30236.1191,12835.2487
117.816,976,983,Running,0,0.00,1,0,0,0,-1.0000,0.0,0,0.000,0.000,0.000,0.0,0.0,0.0,0,27588.8652,13174.4143
117.832,978,985,Running,0,0.00,1,0,0,0,-1.0000,0.0,0,0.000,0.000,0.000,0.0,0.0,0.0,0,25786.4398,11488.8625
117.849,979,986,Running,0,0.00,1,0,0,0,-1.0000,0.0,0,0.000,0.000,0.000,0.0,0.0,0.0,0,24512.0881,14428.9538
117.866,980,986,Running,0,0.00,1,0,0,0,-1.0000,0.0,0,0.000,0.000,0.000,0.0,0.0,0.0,0,23403.2999,13778.3474
117.882,981,983,Running,0,0.00,1,0,0,0,-1.0000,0.0,0,0.000,0.000,0.000,0.0,0.0,0.0,0,22432.6614,14456.4567
117.899,981,983,Running,0,0.00,1,0,0,0,-1.0000,0.0,0,0.000,0.080,0.000,0.0,0.0,0.0,0,18499.9450,10564.0947
117.916,981,982,Running,0,0.00,1,0,0,0,-1.0000,0.0,0,0.000,0.080,0.000,0.0,0.0,0.0,0,23275.5958,12719.0849
117.932,982,984,Running,0,0.00,1,0,0,0,-1.0000,0.0,0,0.000,0.080,0.000,0.0,0.0,0.0,0,24396.3454,12719.0849
117.949,982,986,Running,0,0.00,1,0,0,0,-1.0000,0.0,0,0.000,0.080,0.000,0.0,0.0,0.0,0,28602.5658,11701.3806
117.966,983,986,Running,0,0.00,1,0,0,0,-1.0000,0.0,0,0.000,0.080,0.000,0.0,0.0,0.0,0,29528.5154,11701.3806
117.982,984,988,Running,0,0.00,1,0,0,0,-1.0000,0.0,0,0.000,0.080,0.000,0.0,0.0,0.0,0,28879.8326,13133.9405
117.999,984,988,Running,0,0.00,1,0,0,0,-1.0000,0.0,0,0.000,0.080,0.000,0.0,0.0,0.0,0,24413.2949,14450.9784
118.016,985,988,Running,0,0.00,1,0,0,0,-1.0000,0.0,0,0.000,0.080,0.000,0.0,0.0,0.0,0,23573.4707,11219.5164
118.032,985,989,Running,0,0.00,1,0,0,0,-1.0000,0.0,0,0.000,0.080,0.000,0.0,0.0,0.0,0,22987.4920,13968.9994
118.049,986,989,Running,0,0.00,1,0,0,0,-1.0000,0.0,0,0.000,0.080,0.000,0.0,0.0,0.0,0,25727.9423,10554.2089
118.066,986,988,Running,0,0.00,1,0,0,0,-1.0000,0.0,0,0.000,0.080,0.000,0.0,0.0,0.0,0,20321.2462,13162.3825
118.082,987,989,Running,0,0.00,1,0,0,0,-1.0000,0.0,0,0.000,0.080,0.000,0.0,0.0,0.0,0,22386.1504,13162.3825
118.099,987,988,Running,0,0.00,1,0,0,0,-1.0000,0.0,0,0.000,0.080,0.000,0.0,0.0,0.0,0,24786.5056,14312.1480
118.116,987,987,Running,0,0.00,1,0,0,0,-1.0000,0.0,0,0.000,0.080,0.000,0.0,0.0,0.0,0,26429.4255,14312.1480
118.132,987,986,Running,0,0.00,1,0,0,0,-1.0000,0.0,0,0.000,0.080,0.000,0.0,0.0,0.0,0,26635.6564,11294.6729
118.149,987,989,Running,0,0.00,1,0,0,0,-1.0000,0.0,0,0.000,0.080,0.000,0.0,0.0,0.0,0,30204.4416,13645.4086
118.166,988,991,Running,0,0.00,1,0,0,0,-1.0000,0.0,0,0.000,0.080,0.000,0.0,0.0,0.0,0,26544.0495,10838.9174
118.182,988,992,Running,0,0.00,1,0,0,0,-1.0000,0.0,0,0.000,0.080,0.000,0.0,0.0,0.0,0,22499.5564,12004.6402
118.199,989,992,Running,0,0.00,1,0,0,0,-1.0000,0.0,0,0.000,0.000,0.000,0.0,0.0,0.0,0,25350.7902,12004.6402
118.216,989,991,Running,0,0.00,1,0,0,0,-1.0000,0.0,0,0.000,0.000,0.000,0.0,0.0,0.0,0,22088.4334,13972.6579
118.233,989,991,Running,0,0.00,1,0,0,0,-1.0000,0.0,0,0.000,0.000,0.000,0.0,0.0,0.0,0,21355.1271,15097.1614
118.249,990,992,Running,0,0.00,1,0,0,0,-1.0000,0.0,0,0.000,0.000,0.000,0.0,0.0,0.0,0,23286.0543,11929.4622
118.266,990,992,Running,0,0.00,1,0,0,0,-1.0000,0.0,0,0.000,0.000,0.000,0.0,0.0,0.0,0,25498.5008,14689.5281
118.282,991,990,Running,0,0.00,1,0,0,0,-1.0000,0.0,0,0.000,0.000,0.000,0.0,0.0,0.0,0,27703.1965,12125.7527
118.299,991,991,Running,0,0.00,1,0,0,0,-1.0000,0.0,0,0.000,0.000,0.000,0.0,0.0,0.0,0,27789.6892,13994.7212
118.316,991,993,Running,0,0.00,1,0,0,0,-1.0000,0.0,0,0.000,0.000,0.000,0.0,0.0,0.0,0,29297.9342,11979.6809
118.332,991,992,Running,0,0.00,1,0,0,0,-1.0000,0.0,0,0.000,0.000,0.000,0.0,0.0,0.0,0,20879.5324,11995.3468
118.349,991,994,Running,0,0.00,1,0,0,0,-1.0000,0.0,0,0.000,0.000,0.000,0.0,0.0,0.0,0,25697.4623,14174.3121
118.366,991,993,Running,0,0.00,1,0,0,0,-1.0000,0.0,0,0.000,0.000,0.000,0.0,0.0,0.0,0,25430.3030,14315.3547
118.383,991,991,Running,0,0.00,1,0,0,0,-1.0000,0.0,0,0.000,0.000,0.000,0.0,0.0,0.0,0,19805.5480,14096.5595
118.399,991,992,Running,0,0.00,1,0,0,0,-1.0000,0.0,0,0.000,0.000,0.000,0.0,0.0,0.0,0,20897.1447,11212.6834
118.416,992,990,Running,0,0.00,1,0,0,0,-1.0000,0.0,0,0.000,0.000,0.000,0.0,0.0,0.0,0,25758.1069,12889.8437
118.433,992,992,Running,0,0.00,1,0,0,0,-1.0000,0.0,0,0.000,0.000,0.000,0.0,0.0,0.0,0,23267.9844,14104.6276
118.449,992,995,Running,0,0.00,1,0,0,0,-1.0000,0.0,0,0.000,0.000,0.000,0.0,0.0,0.0,0,30649.0173,15888.4243
118.466,992,993,Running,0,0.00,1,0,0,0,-1.0000,0.0,0,0.000,0.000,0.000,0.0,0.0,0.0,0,29978.5827,11245.0276
118.483,992,992,Running,0,0.00,1,0,0,0,-1.0000,0.0,0,0.000,0.000,0.000,0.0,0.0,0.0,0,23750.8231,15038.0602
118.499,992,992,Running,0,0.00,1,0,0,0,-1.0000,0.0,0,0.000,0.000,0.000,0.0,0.0,0.0,0,21603.0554,12932.5542
118.516,992,992,Running,0,0.00,1,0,0,0,-1.0000,0.0,0,0.000,0.000,0.000,0.0,0.0,0.0,0,26893.7744,12606.9920
118.533,992,992,Running,0,0.00,1,0,0,0,-1.0000,0.0,0,0.000,0.000,0.000,0.0,0.0,0.0,0,20872.9655,12323.0892
118.549,992,990,Running,0,0.00,1,0,0,0,-1.0000,0.0,0,0.000,0.000,0.000,0.0,0.0,0.0,0,23159.6974,12406.0394
118.566,992,988,Running,0,0.00,1,0,0,0,-1.0000,0.0,0,0.000,0.000,0.000,0.0,0.0,0.0,0,19239.9878,12823.1432
118.583,991,987,Running,0,0.00,1,0,0,0,-1.0000,0.0,0,0.000,0.000,0.000,0.0,0.0,0.0,0,23265.0479,12023.4406
118.599,991,988,Running,0,0.00,1,0,0,0,-1.0000,0.0,0,0.000,0.000,0.000,0.0,0.0,0.0,0,25984.5871,14095.1090
118.616,990,988,Running,0,0.00,1,0,0,0,-1.0000,0.0,0,0.000,0.000,0.000,0.0,0.0,0.0,0,29630.0308,10766.3647
118.633,990,989,Running,0,0.00,1,0,0,0,-1.0000,0.0,0,0.000,0.000,0.000,0.0,0.0,0.0,0,29058.0146,13186.5051
118.649,990,989,Running,0,0.00,1,0,0,0,-1.0000,0.0,0,0.000,0.000,0.000,0.0,0.0,0.0,0,22173.4366,11978.9278
118.666,989,990,Running,0,0.00,1,0,0,0,-1.0000,0.0,0,0.000,0.000,0.000,0.0,0.0,0.0,0,25595.2383,9707.3042
118.683,989,990,Running,0,0.00,1,0,0,0,-1.0000,0.0,0,0.000,0.000,0.000,0.0,0.0,0.0,0,23577.8690,12372.2285
118.699,990,991,Running,0,0.00,1,0,0,0,-1.0000,0.0,0,0.000,0.000,0.000,0.0,0.0,0.0,0,23176.4779,11472.6376
118.716,990,990,Running,0,0.00,1,0,0,0,-1.0000,0.0,0,0.000,0.000,0.000,0.0,0.0,0.0,0,22214.7881,14240.2099
118.733,990,991,Running,0,0.00,1,0,0,0,-1.0000,0.0,0,0.000,0.000,0.000,0.0,0.0,0.0,0,20882.7028,14240.2099
118.749,990,989,Running,0,0.00,1,0,0,0,-1.0000,0.0,0,0.000,0.000,0.000,0.0,0.0,0.0,0,26656.4244,15504.9098
118.766,990,990,Running,0,0.00,1,0,0,0,-1.0000,0.0,0,0.000,0.000,0.000,0.0,0.0,0.0,0,24833.0160,11073.8558
118.783,990,988,Running,0,0.00,1,0,0,0,-1.0000,0.0,0,0.000,0.000,0.000,0.0,0.0,0.0,0,29414.5748,14990.3361
118.799,990,987,Running,0,0.00,1,0,0,0,-1.0000,0.0,0,0.000,0.000,0.000,0.0,0.0,0.0,0,24340.6122,10569.1214
118.816,989,987,Running,0,0.00,1,0,0,0,-1.0000,0.0,0,0.000,0.000,0.000,0.0,0.0,0.0,0,24020.6109,11230.5534
118.833,988,986,Running,0,0.00,1,0,0,0,-1.0000,0.0,0,0.000,0.000,0.000,0.0,0.0,0.0,0,22135.3649,11271.8056
118.849,988,983,Running,0,0.00,1,0,0,0,-1.0000,0.0,0,0.000,0.000,0.000,0.0,0.0,0.0,0,23706.6632,13224.9991
118.866,987,981,Running,0,0.00,1,0,0,0,-1.0000,0.0,0,0.000,0.000,0.000,0.0,0.0,0.0,0,20145.6372,12769.5639
118.883,986,980,Running,0,0.00,1,0,0,0,-1.0000,0.0,0,0.000,0.000,0.000,0.0,0.0,0.0,0,20307.5099,12253.6941
118.899,985,979,Running,0,0.00,1,0,0,0,-1.0000,0.0,0,0.000,0.000,0.000,0.0,0.0,0.0,0,22289.2836,11260.9715
118.916,984,978,Running,0,0.00,1,0,0,0,-1.0000,0.0,0,0.000,0.000,0.000,0.0,0.0,0.0,0,22549.4329,11686.0503
118.933,983,977,Running,0,0.00,1,0,0,0,-1.0000,0.0,0,0.000,0.000,0.000,0.0,0.0,0.0,0,24628.0118,12548.6168
118.949,982,976,Running,0,0.00,1,0,0,0,-1.0000,0.0,0,0.000,0.000,0.000,0.0,0.0,0.0,0,25656.6799,11651.3030
118.966,981,977,Running,0,0.00,1,0,0,0,-1.0000,0.0,0,0.000,0.000,0.000,0.0,0.0,0.0,0,27567.3300,11300.5275
118.983,980,974,Running,0,0.00,1,0,0,0,-1.0000,0.0,0,0.000,0.000,0.000,0.0,0.0,0.0,0,23317.5031,10070.6466
118.999,979,973,Running,0,0.00,1,0,0,0,-1.0000,0.0,0,0.000,0.000,0.000,0.0,0.0,0.0,0,22729.5463,11918.5960
119.016,978,972,Running,0,0.00,1,0,0,0,-1.0000,0.0,0,0.000,0.000,0.000,0.0,0.0,0.0,0,20544.8642,12485.5636
119.024,977,971,Running,0,0.00,1,0,0,0,-1.0000,0.0,0,0.000,0.000,0.000,0.0,0.0,0.0,0,24276.8995,11000.5507
119.049,976,971,Running,0,0.00,1,0,0,0,-1.0000,0.0,0,0.000,0.000,0.000,0.0,0.0,0.0,0,22574.4774,11975.1000
119.066,975,971,Running,0,0.00,1,0,0,0,-1.0000,0.0,0,0.000,0.000,0.000,0.0,0.0,0.0,0,21793.3836,12086.5463
119.083,974,969,Running,0,0.00,1,0,0,0,-1.0000,0.0,0,0.000,0.000,0.000,0.0,0.0,0.0,0,22110.9831,13071.6666
119.099,974,968,Running,0,0.00,1,0,0,0,-1.0000,0.0,0,0.000,0.000,0.000,0.0,0.0,0.0,0,18454.2648,11297.9359
119.116,973,968,Running,0,0.00,1,0,0,0,-1.0000,0.0,0,0.000,0.000,0.000,0.0,0.0,0.0,0,23196.1430,12860.9614
119.133,972,970,Running,0,0.00,1,0,0,0,-1.0000,0.0,0,0.000,0.000,0.000,0.0,0.0,0.0,0,25353.7639,12860.9614
119.149,972,973,Running,0,0.00,1,0,0,0,-1.0000,0.0,0,0.000,0.000,0.000,0.0,0.0,0.0,0,28131.0756,12422.6795
119.166,972,970,Running,0,0.00,1,0,0,0,-1.0000,0.0,0,0.000,0.000,0.000,0.0,0.0,0.0,0,28184.3473,11713.8675
119.183,972,969,Running,0,0.00,1,0,0,0,-1.0000,0.0,0,0.000,0.000,0.000,0.0,0.0,0.0,0,23000.9733,14591.1945
119.199,971,970,Running,0,0.00,1,0,0,0,-1.0000,0.0,0,0.000,0.000,0.000,0.0,0.0,0.0,0,23537.5606,12570.1171
119.216,971,973,Running,0,0.00,1,0,0,0,-1.0000,0.0,0,0.000,0.000,0.000,0.0,0.0,0.0,0,26185.2378,11966.0192
119.233,971,972,Running,0,0.00,1,0,0,0,-1.0000,0.0,0,0.000,0.000,0.000,0.0,0.0,0.0,0,23483.6506,11966.0192
119.249,971,971,Running,0,0.00,1,0,0,0,-1.0000,0.0,0,0.000,0.000,0.000,0.0,0.0,0.0,0,21581.7631,12483.2388
119.266,971,971,Running,0,0.00,1,0,0,0,-1.0000,0.0,0,0.000,0.000,0.000,0.0,0.0,0.0,0,21947.6998,14353.8966
119.283,971,970,Running,0,0.00,1,0,0,0,-1.0000,0.0,0,0.000,0.000,0.000,0.0,0.0,0.0,0,22767.1233,11786.0464
119.299,971,969,Running,0,0.00,1,0,0,0,-1.0000,0.0,0,0.000,0.000,0.000,0.0,0.0,0.0,0,19259.7477,12476.5510
119.316,971,968,Running,0,0.00,1,0,0,0,-1.0000,0.0,0,0.000,0.000,0.000,0.0,0.0,0.0,0,22169.0643,14370.1699
119.333,970,967,Running,0,0.00,1,0,0,0,-1.0000,0.0,0,0.000,0.000,0.000,0.0,0.0,0.0,0,23712.0319,13830.9413
119.349,970,968,Running,0,0.00,1,0,0,0,-1.0000,0.0,0,0.000,0.000,0.000,0.0,0.0,0.0,0,25027.4535,13830.9413
119.366,970,967,Running,0,0.00,1,0,0,0,-1.0000,0.0,0,0.000,0.000,0.000,0.0,0.0,0.0,0,27133.9454,12642.3374
119.383,969,967,Running,0,0.00,1,0,0,0,-1.0000,0.0,0,0.000,0.000,0.000,0.0,0.0,0.0,0,26430.7634,10459.8277
119.399,969,969,Running,0,0.00,1,0,0,0,-1.0000,0.0,0,0.000,0.000,0.000,0.0,0.0,0.0,0,26054.2988,13161.1707
119.416,969,970,Running,0,0.00,1,0,0,0,-1.0000,0.0,0,0.000,0.000,0.000,0.0,0.0,0.0,0,24655.2646,10956.0138
119.433,969,969,Running,0,0.00,1,0,0,0,-1.0000,0.0,0,0.000,0.000,0.000,0.0,0.0,0.0,0,21022.7377,9742.2502
119.449,969,967,Running,0,0.00,1,0,0,0,-1.0000,0.0,0,0.000,0.000,0.000,0.0,0.0,0.0,0,22308.5008,13106.0279
119.466,968,965,Running,0,0.00,1,0,0,0,-1.0000,0.0,0,0.000,0.000,0.000,0.0,0.0,0.0,0,21715.1746,13807.3413
119.483,968,965,Running,0,0.00,1,0,0,0,-1.0000,0.0,0,0.000,0.000,0.000,0.0,0.0,0.0,0,21124.0751,11616.6933
119.499,967,963,Running,0,0.00,1,0,0,0,-1.0000,0.0,0,0.000,0.000,0.000,0.0,0.0,0.0,0,23360.4399,11616.6933
119.516,966,961,Running,0,0.00,1,0,0,0,-1.0000,0.0,0,0.000,0.000,0.000,0.0,0.0,0.0,0,18151.9675,11685.0005
119.533,966,960,Running,0,0.00,1,0,0,0,-1.0000,0.0,0,0.000,0.000,0.000,0.0,0.0,0.0,0,20817.7591,10591.8061
119.549,965,961,Running,0,0.00,1,0,0,0,-1.0000,0.0,0,0.000,0.000,0.000,0.0,0.0,0.0,0,23648.7371,12959.2569
119.566,965,960,Running,0,0.00,1,0,0,0,-1.0000,0.0,0,0.000,0.000,0.000,0.0,0.0,0.0,0,25937.0726,10320.8156
119.583,964,961,Running,0,0.00,1,0,0,0,-1.0000,0.0,0,0.000,0.000,0.000,0.0,0.0,0.0,0,23494.0052,10797.2547
119.599,964,962,Running,0,0.00,1,0,0,0,-1.0000,0.0,0,0.000,0.000,0.000,0.0,0.0,0.0,0,27953.7394,12559.4245
119.616,963,961,Running,0,0.00,1,0,0,0,-1.0000,0.0,0,0.000,0.000,0.000,0.0,0.0,0.0,0,26072.4125,12559.4245
119.633,962,959,Running,0,0.00,1,0,0,0,-1.0000,0.0,0,0.000,0.000,0.000,0.0,0.0,0.0,0,20916.3357,11449.6431
119.649,962,960,Running,0,0.00,1,0,0,0,-1.0000,0.0,0,0.000,0.000,0.000,0.0,0.0,0.0,0,23369.9612,12647.8364
119.666,962,962,Running,0,0.00,1,0,0,0,-1.0000,0.0,0,0.000,0.000,0.000,0.0,0.0,0.0,0,24821.3423,10772.6750
119.683,962,965,Running,0,0.00,1,0,0,0,-1.0000,0.0,0,0.000,0.000,0.000,0.0,0.0,0.0,0,25303.1800,11360.1433
119.699,962,966,Running,0,0.00,1,0,0,0,-1.0000,0.0,0,0.000,0.000,0.000,0.0,0.0,0.0,0,25124.3055,11437.0000
119.716,963,964,Running,0,0.00,1,0,0,0,-1.0000,0.0,0,0.000,0.000,0.000,0.0,0.0,0.0,0,21104.0289,13692.4275
119.733,963,963,Running,0,0.00,1,0,0,0,-1.0000,0.0,0,0.000,0.000,0.000,0.0,0.0,0.0,0,19572.8488,13400.9718
119.749,963,964,Running,0,0.00,1,0,0,0,-1.0000,0.0,0,0.000,0.000,0.000,0.0,0.0,0.0,0,21645.2685,11327.4820
119.766,963,966,Running,0,0.00,1,0,0,0,-1.0000,0.0,0,0.000,0.000,0.000,0.0,0.0,0.0,0,23765.4738,12365.4887
119.783,964,967,Running,0,0.00,1,0,0,0,-1.0000,0.0,0,0.000,0.000,0.000,0.0,0.0,0.0,0,25283.6948,11014.8410
119.799,964,965,Running,0,0.00,1,0,0,0,-1.0000,0.0,0,0.000,0.000,0.000,0.0,0.0,0.0,0,25388.4385,14195.8766
119.816,964,963,Running,0,0.00,1,0,0,0,-1.0000,0.0,0,0.000,0.000,0.000,0.0,0.0,0.0,0,23784.3890,13186.2413
119.833,964,962,Running,0,0.00,1,0,0,0,-1.0000,0.0,0,0.000,0.000,0.000,0.0,0.0,0.0,0,25236.9273,14081.9693
119.849,964,961,Running,0,0.00,1,0,0,0,-1.0000,0.0,0,0.000,0.000,0.000,0.0,0.0,0.0,0,24827.1119,10584.2590
119.866,963,961,Running,0,0.00,1,0,0,0,-1.0000,0.0,0,0.000,0.000,0.000,0.0,0.0,0.0,0,24044.5974,10953.1266
119.883,963,963,Running,0,0.00,1,0,0,0,-1.0000,0.0,0,0.000,0.000,0.000,0.0,0.0,0.0,0,23770.9315,10953.1266
119.899,963,964,Running,0,0.00,1,0,0,0,-1.0000,0.0,0,0.000,0.000,0.000,0.0,0.0,0.0,0,23808.7690,11652.6069
119.916,963,965,Running,0,0.00,1,0,0,0,-1.0000,0.0,0,0.000,0.000,0.000,0.0,0.0,0.0,0,24861.2371,11703.3444
119.933,963,966,Running,0,0.00,1,0,0,0,-1.0000,0.0,0,0.000,0.000,0.000,0.0,0.0,0.0,0,22926.5535,12856.9563
119.949,964,968,Running,0,0.00,1,0,0,0,-1.0000,0.0,0,0.000,0.000,0.000,0.0,0.0,0.0,0,23234.9670,14779.8025
119.966,964,968,Running,0,0.00,1,0,0,0,-1.0000,0.0,0,0.000,0.000,0.000,0.0,0.0,0.0,0,23280.5213,12000.2087
119.983,965,970,Running,0,0.00,1,0,0,0,-1.0000,0.0,0,0.000,0.000,0.000,0.0,0.0,0.0,0,20918.4155,13579.1844
119.999,966,969,Running,0,0.00,1,0,0,0,-1.0000,0.0,0,0.000,0.000,0.000,0.0,0.0,0.0,0,25064.9079,12056.3275
120.016,967,968,Running,0,0.00,1,0,0,0,-1.0000,0.0,0,0.000,0.000,0.000,0.0,0.0,0.0,0,23027.2789,13682.1726
120.033,967,968,Running,0,0.00,1,0,0,0,-1.0000,0.0,0,0.000,0.000,0.000,0.0,0.0,0.0,0,25917.4504,13682.1726
120.049,967,971,Running,0,0.00,1,0,0,0,-1.0000,0.0,0,0.000,0.000,0.000,0.0,0.0,0.0,0,27210.0301,12629.4318
120.066,968,972,Running,0,0.00,1,0,0,0,-1.0000,0.0,0,0.000,0.000,0.000,0.0,0.0,0.0,0,30602.9355,11429.2714
120.083,969,975,Running,0,0.00,1,0,0,0,-1.0000,0.0,0,0.000,0.000,0.000,0.0,0.0,0.0,0,26538.6158,12285.6017
120.099,969,975,Running,0,0.00,1,0,0,0,-1.0000,0.0,0,0.000,0.000,0.000,0.0,0.0,0.0,0,21699.4121,13196.4718
120.116,970,977,Running,0,0.00,1,0,0,0,-1.0000,0.0,0,0.000,0.000,0.000,0.0,0.0,0.0,0,26635.8468,10548.4557
120.133,971,979,Running,0,0.00,1,0,0,0,-1.0000,0.0,0,0.000,0.000,0.000,0.0,0.0,0.0,0,23354.8971,12449.8599
120.149,973,980,Running,0,0.00,1,0,0,0,-1.0000,0.0,0,0.000,0.000,0.000,0.0,0.0,0.0,0,25386.0449,12814.9522
120.166,974,983,Running,0,0.00,1,0,0,0,-1.0000,0.0,0,0.000,0.000,0.000,0.0,0.0,0.0,0,22425.9843,14018.9284
120.183,976,985,Running,0,0.00,1,0,0,0,-1.0000,0.0,0,0.000,0.000,0.000,0.0,0.0,0.0,0,23744.2102,12570.2236
120.199,977,985,Running,0,0.00,1,0,0,0,-1.0000,0.0,0,0.000,0.000,0.000,0.0,0.0,0.0,0,25727.9122,12342.3197
120.216,979,989,Running,0,0.00,1,0,0,0,-1.0000,0.0,0,0.000,0.000,0.000,0.0,0.0,0.0,0,26866.3216,12889.4659
120.233,980,990,Running,0,0.00,1,0,0,0,-1.0000,0.0,0,0.000,0.000,0.000,0.0,0.0,0.0,0,31587.5690,13227.0574
120.249,982,989,Running,0,0.00,1,0,0,0,-1.0000,0.0,0,0.000,0.000,0.000,0.0,0.0,0.0,0,28430.9056,13101.2109
120.266,983,987,Running,0,0.00,1,0,0,0,-1.0000,0.0,0,0.000,0.000,0.000,0.0,0.0,0.0,0,22631.9600,10185.5788
120.283,983,987,Running,0,0.00,1,0,0,0,-1.0000,0.0,0,0.000,0.000,0.000,0.0,0.0,0.0,0,22145.2853,12033.5064
120.299,984,988,Running,0,0.00,1,0,0,0,-1.0000,0.0,0,0.000,0.000,0.000,0.0,0.0,0.0,0,27268.8688,12968.0383
120.316,984,988,Running,0,0.00,1,0,0,0,-1.0000,0.0,0,0.000,0.000,0.000,0.0,0.0,0.0,0,23501.5614,11306.9696
120.333,985,990,Running,0,0.00,1,0,0,0,-1.0000,0.0,0,0.000,0.000,0.000,0.0,0.0,0.0,0,21711.3346,13357.0728
120.349,986,988,Running,0,0.00,1,0,0,0,-1.0000,0.0,0,0.000,0.000,0.000,0.0,0.0,0.0,0,23880.2021,10420.6566
120.366,986,989,Running,0,0.00,1,0,0,0,-1.0000,0.0,0,0.000,0.000,0.000,0.0,0.0,0.0,0,22257.2826,10420.6566
120.383,987,991,Running,0,0.00,1,0,0,0,-1.0000,0.0,0,0.000,0.000,0.000,0.0,0.0,0.0,0,28336.1749,13456.1373
120.399,988,994,Running,0,0.00,1,0,0,0,-1.0000,0.0,0,0.000,0.000,0.000,0.0,0.0,0.0,0,31389.4236,14151.4553
120.416,989,995,Running,0,0.00,1,0,0,0,-1.0000,0.0,0,0.000,0.000,0.000,0.0,0.0,0.0,0,30770.3779,14148.8496
120.433,990,996,Running,0,0.00,1,0,0,0,-1.0000,0.0,0,0.000,0.000,0.000,0.0,0.0,0.0,0,24210.7638,14095.7598
120.449,991,996,Running,0,0.00,1,0,0,0,-1.0000,0.0,0,0.000,0.000,0.000,0.0,0.0,0.0,0,23896.4655,15429.8899
120.466,991,997,Running,0,0.00,1,0,0,0,-1.0000,0.0,0,0.000,0.000,0.000,0.0,0.0,0.0,0,25087.0201,11302.4805
120.483,992,998,Running,0,0.00,1,0,0,0,-1.0000,0.0,0,0.000,0.000,0.000,0.0,0.0,0.0,0,23949.8493,13649.4035
120.499,993,998,Running,0,0.00,1,0,0,0,-1.0000,0.0,0,0.000,0.000,0.000,0.0,0.0,0.0,0,21587.0268,10121.8880
120.516,994,999,Running,0,0.00,1,0,0,0,-1.0000,0.0,0,0.000,0.000,0.000,0.0,0.0,0.0,0,24642.0396,10121.8880
120.533,995,1001,Running,0,0.00,1,0,0,0,-1.0000,0.0,0,0.000,0.000,0.000,0.0,0.0,0.0,0,28212.8691,14055.4854
120.549,996,1000,Running,0,0.00,1,0,0,0,-1.0000,0.0,0,0.000,0.000,0.000,0.0,0.0,0.0,0,30097.2990,12414.1236
120.566,997,1001,Running,0,0.00,1,0,0,0,-1.0000,0.0,0,0.000,0.000,0.000,0.0,0.0,0.0,0,28796.6233,14994.9746
120.583,998,1003,Running,0,0.00,1,0,0,0,-1.0000,0.0,0,0.000,0.000,0.000,0.0,0.0,0.0,0,26402.1505,13338.8709
120.599,998,1003,Running,0,0.00,1,0,0,0,-1.0000,0.0,0,0.000,0.000,0.000,0.0,0.0,0.0,0,23943.1783,12764.2482
120.616,999,1000,Running,0,0.00,1,0,0,0,-1.0000,0.0,0,0.000,0.000,0.000,0.0,0.0,0.0,0,23262.4890,12296.1255
120.633,999,999,Running,0,0.00,1,0,0,0,-1.0000,0.0,0,0.000,0.000,0.000,0.0,0.0,0.0,0,20130.3290,13934.2306
120.649,999,999,Running,0,0.00,1,0,0,0,-1.0000,0.0,0,0.000,0.000,0.000,0.0,0.0,0.0,0,21925.8638,13934.2306
120.666,999,1000,Running,0,0.00,1,0,0,0,-1.0000,0.0,0,0.000,0.000,0.000,0.0,0.0,0.0,0,25473.4156,11233.1928
120.683,999,998,Running,0,0.00,1,0,0,0,-1.0000,0.0,0,0.000,0.000,0.000,0.0,0.0,0.0,0,27657.0846,12803.8260
120.699,999,1001,Running,0,0.00,1,0,0,0,-1.0000,0.0,0,0.000,0.000,0.000,0.0,0.0,0.0,0,29135.5459,11746.7139
120.716,1000,1000,Running,0,0.00,1,0,0,0,-1.0000,0.0,0,0.000,0.000,0.000,0.0,0.0,0.0,0,27875.8553,14040.5015
120.733,1000,1002,Running,0,0.00,1,0,0,0,-1.0000,0.0,0,0.000,0.000,0.000,0.0,0.0,0.0,0,25282.6161,12710.8164
120.749,1000,1003,Running,0,0.00,1,0,0,0,-1.0000,0.0,0,0.000,0.000,0.000,0.0,0.0,0.0,0,25236.5834,15027.6253
120.766,1000,1003,Running,0,0.00,1,0,0,0,-1.0000,0.0,0,0.000,0.000,0.000,0.0,0.0,0.0,0,23786.6281,10272.2027
120.783,1001,1001,Running,0,0.00,1,0,0,0,-1.0000,0.0,0,0.000,0.000,0.000,0.0,0.0,0.0,0,21951.3672,14502.9167
120.799,1001,998,Running,0,0.00,1,0,0,0,-1.0000,0.0,0,0.000,0.000,0.000,0.0,0.0,0.0,0,19340.4613,14502.9167
120.816,1000,999,Running,0,0.00,1,0,0,0,-1.0000,0.0,0,0.000,0.000,0.000,0.0,0.0,0.0,0,24321.4712,13140.7930
120.833,1000,998,Running,0,0.00,1,0,0,0,-1.0000,0.0,0,0.000,0.000,0.000,0.0,0.0,0.0,0,29589.1802,12420.1735
120.849,1000,998,Running,0,0.00,1,0,0,0,-1.0000,0.0,0,0.000,0.000,0.000,0.0,0.0,0.0,0,28680.6354,12359.7108
120.866,1000,1000,Running,0,0.00,1,0,0,0,-1.0000,0.0,0,0.000,0.000,0.000,0.0,0.0,0.0,0,27756.1647,14538.5239
120.883,999,997,Running,0,0.00,1,0,0,0,-1.0000,0.0,0,0.000,0.000,0.000,0.0,0.0,0.0,0,20842.0929,10927.0327
120.899,999,995,Running,0,0.00,1,0,0,0,-1.0000,0.0,0,0.000,0.000,0.000,0.0,0.0,0.0,0,21871.4272,12986.3446
120.916,998,994,Running,0,0.00,1,0,0,0,-1.0000,0.0,0,0.000,0.000,0.000,0.0,0.0,0.0,0,22599.9270,12986.3446
120.933,997,995,Running,0,0.00,1,0,0,0,-1.0000,0.0,0,0.000,0.000,0.000,0.0,0.0,0.0,0,22548.8747,12760.0911
120.949,997,995,Running,0,0.00,1,0,0,0,-1.0000,0.0,0,0.000,0.000,0.000,0.0,0.0,0.0,0,22649.2044,12760.0911
120.966,997,994,Running,0,0.00,1,0,0,0,-1.0000,0.0,0,0.000,0.000,0.000,0.0,0.0,0.0,0,24739.1988,12852.0200
120.983,996,993,Running,0,0.00,1,0,0,0,-1.0000,0.0,0,0.000,0.000,0.000,0.0,0.0,0.0,0,26847.3773,14628.6104
120.999,996,993,Running,0,0.00,1,0,0,0,-1.0000,0.0,0,0.000,0.000,0.000,0.0,0.0,0.0,0,28082.9236,11316.4389
121.016,996,994,Running,0,0.00,1,0,0,0,-1.0000,0.0,0,0.000,0.000,0.000,0.0,0.0,0.0,0,27875.5500,14332.1231
121.033,995,994,Running,0,0.00,1,0,0,0,-1.0000,0.0,0,0.000,0.000,0.000,0.0,0.0,0.0,0,23140.7378,11721.1650
121.049,995,996,Running,0,0.00,1,0,0,0,-1.0000,0.0,0,0.000,0.000,0.000,0.0,0.0,0.0,0,24742.2105,13676.8057
121.066,995,994,Running,0,0.00,1,0,0,0,-1.0000,0.0,0,0.000,0.000,0.000,0.0,0.0,0.0,0,24829.9657,10291.7513
121.083,995,992,Running,0,0.00,1,0,0,0,-1.0000,0.0,0,0.000,0.000,0.000,0.0,0.0,0.0,0,19211.9861,13175.1286
121.099,994,992,Running,0,0.00,1,0,0,0,-1.0000,0.0,0,0.000,0.000,0.000,0.0,0.0,0.0,0,20168.5615,14389.3747
121.116,994,994,Running,0,0.00,1,0,0,0,-1.0000,0.0,0,0.000,0.000,0.000,0.0,0.0,0.0,0,25459.3620,9900.2172
121.133,994,992,Running,0,0.00,1,0,0,0,-1.0000,0.0,0,0.000,0.000,0.000,0.0,0.0,0.0,0,27045.7290,13666.5861
121.149,994,990,Running,0,0.00,1,0,0,0,-1.0000,0.0,0,0.000,0.000,0.000,0.0,0.0,0.0,0,26001.8544,12381.0534
121.166,993,990,Running,0,0.00,1,0,0,0,-1.0000,0.0,0,0.000,0.000,0.000,0.0,0.0,0.0,0,27594.2980,14834.9875
121.183,992,987,Running,0,0.00,1,0,0,0,-1.0000,0.0,0,0.000,0.000,0.000,0.0,0.0,0.0,0,21315.9884,14834.9875
121.199,991,987,Running,0,0.00,1,0,0,0,-1.0000,0.0,0,0.000,0.000,0.000,0.0,0.0,0.0,0,22768.7111,12442.7249
121.216,991,987,Running,0,0.00,1,0,0,0,-1.0000,0.0,0,0.000,0.000,0.000,0.0,0.0,0.0,0,25270.8998,11612.6899
121.233,990,986,Running,0,0.00,1,0,0,0,-1.0000,0.0,0,0.000,0.000,0.000,0.0,0.0,0.0,0,22925.8180,11513.8682
121.249,989,985,Running,0,0.00,1,0,0,0,-1.0000,0.0,0,0.000,0.000,0.000,0.0,0.0,0.0,0,20246.5959,14322.2402
121.266,989,984,Running,0,0.00,1,0,0,0,-1.0000,0.0,0,0.000,0.000,0.000,0.0,0.0,0.0,0,21225.0751,12027.8119
121.283,988,982,Running,0,0.00,1,0,0,0,-1.0000,0.0,0,0.000,0.000,0.000,0.0,0.0,0.0,0,22300.2154,13421.4876
121.299,987,981,Running,0,0.00,1,0,0,0,-1.0000,0.0,0,0.000,0.000,0.000,0.0,0.0,0.0,0,23322.0775,13421.4876
121.316,986,981,Running,0,0.00,1,0,0,0,-1.0000,0.0,0,0.000,0.000,0.000,0.0,0.0,0.0,0,27052.0748,13882.3845
121.333,985,980,Running,0,0.00,1,0,0,0,-1.0000,0.0,0,0.000,0.000,0.000,0.0,0.0,0.0,0,27942.2098,9732.1724
121.349,984,981,Running,0,0.00,1,0,0,0,-1.0000,0.0,0,0.000,0.000,0.000,0.0,0.0,0.0,0,25645.4456,12291.7030
121.366,984,982,Running,0,0.00,1,0,0,0,-1.0000,0.0,0,0.000,0.000,0.000,0.0,0.0,0.0,0,25372.7935,9425.8760
121.383,983,980,Running,0,0.00,1,0,0,0,-1.0000,0.0,0,0.000,0.000,0.000,0.0,0.0,0.0,0,19797.7741,9425.8760
121.399,983,980,Running,0,0.00,1,0,0,0,-1.0000,0.0,0,0.000,0.000,0.000,0.0,0.0,0.0,0,22059.5621,13773.7570
121.416,982,979,Running,0,0.00,1,0,0,0,-1.0000,0.0,0,0.000,0.000,0.000,0.0,0.0,0.0,0,25233.1283,14829.7836
121.433,981,976,Running,0,0.00,1,0,0,0,-1.0000,0.0,0,0.000,0.000,0.000,0.0,0.0,0.0,0,19511.6176,11616.9988
121.449,980,973,Running,0,0.00,1,0,0,0,-1.0000,0.0,0,0.000,0.000,0.000,0.0,0.0,0.0,0,18520.4370,11616.9988
121.466,979,970,Running,0,0.00,1,0,0,0,-1.0000,0.0,0,0.000,0.000,0.000,0.0,0.0,0.0,0,21512.0097,12096.8079
121.483,978,970,Running,0,0.00,1,0,0,0,-1.0000,0.0,0,0.000,0.000,0.000,0.0,0.0,0.0,0,22052.4853,10542.9821
121.499,977,972,Running,0,0.00,1,0,0,0,-1.0000,0.0,0,0.000,0.000,0.000,0.0,0.0,0.0,0,26628.7437,12663.7785
121.516,976,972,Running,0,0.00,1,0,0,0,-1.0000,0.0,0,0.000,0.000,0.000,0.0,0.0,0.0,0,28091.4234,10474.6174
121.533,976,974,Running,0,0.00,1,0,0,0,-1.0000,0.0,0,0.000,0.000,0.000,0.0,0.0,0.0,0,28300.8407,12900.7725
121.549,975,974,Running,0,0.00,1,0,0,0,-1.0000,0.0,0,0.000,0.000,0.000,0.0,0.0,0.0,0,23548.2506,11318.4199
121.566,975,977,Running,0,0.00,1,0,0,0,-1.0000,0.0,0,0.000,0.000,0.000,0.0,0.0,0.0,0,24454.1270,11318.4199
121.583,976,979,Running,0,0.00,1,0,0,0,-1.0000,0.0,0,0.000,0.000,0.000,0.0,0.0,0.0,0,25695.0817,12751.9779
121.599,976,979,Running,0,0.00,1,0,0,0,-1.0000,0.0,0,0.000,0.000,0.000,0.0,0.0,0.0,0,23295.4649,11934.8315
121.616,976,977,Running,0,0.00,1,0,0,0,-1.0000,0.0,0,0.000,0.000,0.000,0.0,0.0,0.0,0,22755.3777,14277.6141
121.633,976,977,Running,0,0.00,1,0,0,0,-1.0000,0.0,0,0.000,0.000,0.000,0.0,0.0,0.0,0,17738.0345,13465.5646
121.649,977,979,Running,0,0.00,1,0,0,0,-1.0000,0.0,0,0.000,0.000,0.000,0.0,0.0,0.0,0,23710.6894,10191.9951
121.666,977,980,Running,0,0.00,1,0,0,0,-1.0000,0.0,0,0.000,0.000,0.000,0.0,0.0,0.0,0,25719.9908,13305.5400
121.683,978,979,Running,0,0.00,1,0,0,0,-1.0000,0.0,0,0.000,0.000,0.000,0.0,0.0,0.0,0,25997.4823,13305.5400
121.699,978,980,Running,0,0.00,1,0,0,0,-1.0000,0.0,0,0.000,0.000,0.000,0.0,0.0,0.0,0,25667.3835,12233.4689
121.716,978,978,Running,0,0.00,1,0,0,0,-1.0000,0.0,0,0.000,0.000,0.000,0.0,0.0,0.0,0,28946.5420,13912.2985
121.733,978,978,Running,0,0.00,1,0,0,0,-1.0000,0.0,0,0.000,0.000,0.000,0.0,0.0,0.0,0,22767.5513,11602.4475
121.749,978,979,Running,0,0.00,1,0,0,0,-1.0000,0.0,0,0.000,0.000,0.000,0.0,0.0,0.0,0,26048.6889,14649.3163
121.766,978,977,Running,0,0.00,1,0,0,0,-1.0000,0.0,0,0.000,0.000,0.000,0.0,0.0,0.0,0,21657.4874,11742.0691
121.783,978,977,Running,0,0.00,1,0,0,0,-1.0000,0.0,0,0.000,0.000,0.000,0.0,0.0,0.0,0,21263.8508,11999.5492
121.799,978,977,Running,0,0.00,1,0,0,0,-1.0000,0.0,0,0.000,0.000,0.000,0.0,0.0,0.0,0,25673.2736,11589.2482
121.816,978,978,Running,0,0.00,1,0,0,0,-1.0000,0.0,0,0.000,0.000,0.000,0.0,0.0,0.0,0,19924.6153,12148.7971
121.833,978,979,Running,0,0.00,1,0,0,0,-1.0000,0.0,0,0.000,0.000,0.000,0.0,0.0,0.0,0,22809.2085,12148.7971
121.849,978,981,Running,0,0.00,1,0,0,0,-1.0000,0.0,0,0.000,0.000,0.000,0.0,0.0,0.0,0,24741.1878,12165.4440
121.866,979,981,Running,0,0.00,1,0,0,0,-1.0000,0.0,0,0.000,0.000,0.000,0.0,0.0,0.0,0,26340.8103,15401.6648
121.883,979,982,Running,0,0.00,1,0,0,0,-1.0000,0.0,0,0.000,0.000,0.000,0.0,0.0,0.0,0,26993.8615,13913.1168
121.899,980,983,Running,0,0.00,1,0,0,0,-1.0000,0.0,0,0.000,0.000,0.000,0.0,0.0,0.0,0,29980.4974,14661.4681
121.916,980,982,Running,0,0.00,1,0,0,0,-1.0000,0.0,0,0.000,0.000,0.000,0.0,0.0,0.0,0,24211.8188,11543.1555
121.933,980,982,Running,0,0.00,1,0,0,0,-1.0000,0.0,0,0.000,0.000,0.000,0.0,0.0,0.0,0,23902.9137,12994.9542
121.949,980,983,Running,0,0.00,1,0,0,0,-1.0000,0.0,0,0.000,0.000,0.000,0.0,0.0,0.0,0,23911.4786,12994.9542
121.966,981,983,Running,0,0.00,1,0,0,0,-1.0000,0.0,0,0.000,0.000,0.000,0.0,0.0,0.0,0,24897.7392,11810.9801
121.983,981,982,Running,0,0.00,1,0,0,0,-1.0000,0.0,0,0.000,0.000,0.000,0.0,0.0,0.0,0,22665.8965,13650.7126
121.999,981,981,Running,0,0.00,1,0,0,0,-1.0000,0.0,0,0.000,0.000,0.000,0.0,0.0,0.0,0,20146.0899,12190.8661
122.016,981,980,Running,0,0.00,1,0,0,0,-1.0000,0.0,0,0.000,0.000,0.000,0.0,0.0,0.0,0,21240.9549,13948.9332
122.033,981,981,Running,0,0.00,1,0,0,0,-1.0000,0.0,0,0.000,0.000,0.000,0.0,0.0,0.0,0,23354.3409,11366.8755
122.049,981,982,Running,0,0.00,1,0,0,0,-1.0000,0.0,0,0.000,0.000,0.000,0.0,0.0,0.0,0,27411.1347,13361.7614
122.066,981,980,Running,0,0.00,1,0,0,0,-1.0000,0.0,0,0.000,0.000,0.000,0.0,0.0,0.0,0,27938.0311,7578.0053
122.083,981,979,Running,0,0.00,1,0,0,0,-1.0000,0.0,0,0.000,0.000,0.000,0.0,0.0,0.0,0,26192.0081,7578.0053
122.099,981,979,Running,0,0.00,1,0,0,0,-1.0000,0.0,0,0.000,0.000,0.000,0.0,0.0,0.0,0,24968.0339,13645.3653
122.116,980,978,Running,0,0.00,1,0,0,0,-1.0000,0.0,0,0.000,0.000,0.000,0.0,0.0,0.0,0,20904.1084,12684.3834
122.133,980,978,Running,0,0.00,1,0,0,0,-1.0000,0.0,0,0.000,0.000,0.000,0.0,0.0,0.0,0,24283.0500,11604.5520
122.149,979,976,Running,0,0.00,1,0,0,0,-1.0000,0.0,0,0.000,0.000,0.000,0.0,0.0,0.0,0,23046.7921,14663.1512
122.166,979,976,Running,0,0.00,1,0,0,0,-1.0000,0.0,0,0.000,0.000,0.000,0.0,0.0,0.0,0,20932.3958,11644.8461
122.183,978,975,Running,0,0.00,1,0,0,0,-1.0000,0.0,0,0.000,0.000,0.000,0.0,0.0,0.0,0,22551.2252,11644.8461
122.199,978,973,Running,0,0.00,1,0,0,0,-1.0000,0.0,0,0.000,0.000,0.000,0.0,0.0,0.0,0,20416.9389,12004.2738
122.216,977,974,Running,0,0.00,1,0,0,0,-1.0000,0.0,0,0.000,0.000,0.000,0.0,0.0,0.0,0,21591.4347,11414.7364
122.233,977,974,Running,0,0.00,1,0,0,0,-1.0000,0.0,0,0.000,0.000,0.000,0.0,0.0,0.0,0,26211.3866,13495.7147
122.249,976,971,Running,0,0.00,1,0,0,0,-1.0000,0.0,0,0.000,0.000,0.000,0.0,0.0,0.0,0,25706.9641,10816.9881
122.266,976,972,Running,0,0.00,1,0,0,0,-1.0000,0.0,0,0.000,0.000,0.000,0.0,0.0,0.0,0,25642.2176,15914.5780
122.283,975,971,Running,0,0.00,1,0,0,0,-1.0000,0.0,0,0.000,0.000,0.000,0.0,0.0,0.0,0,26651.0033,10907.9870
122.299,974,971,Running,0,0.00,1,0,0,0,-1.0000,0.0,0,0.000,0.000,0.000,0.0,0.0,0.0,0,21549.2767,9055.4669
122.316,974,973,Running,0,0.00,1,0,0,0,-1.0000,0.0,0,0.000,0.000,0.000,0.0,0.0,0.0,0,26288.8144,12088.8192
122.333,973,974,Running,0,0.00,1,0,0,0,-1.0000,0.0,0,0.000,0.000,0.000,0.0,0.0,0.0,0,22487.2275,11942.3193
122.349,973,975,Running,0,0.00,1,0,0,0,-1.0000,0.0,0,0.000,0.000,0.000,0.0,0.0,0.0,0,25172.7485,12072.6290
122.366,974,974,Running,0,0.00,1,0,0,0,-1.0000,0.0,0,0.000,0.000,0.000,0.0,0.0,0.0,0,23042.4581,14411.7296
122.383,974,973,Running,0,0.00,1,0,0,0,-1.0000,0.0,0,0.000,0.000,0.000,0.0,0.0,0.0,0,20391.0565,9716.6673
122.399,974,973,Running,0,0.00,1,0,0,0,-1.0000,0.0,0,0.000,0.000,0.000,0.0,0.0,0.0,0,20451.0455,13703.4103
122.416,974,974,Running,0,0.00,1,0,0,0,-1.0000,0.0,0,0.000,0.000,0.000,0.0,0.0,0.0,0,24248.3114,13831.4476
122.433,974,973,Running,0,0.00,1,0,0,0,-1.0000,0.0,0,0.000,0.000,0.000,0.0,0.0,0.0,0,25657.1120,10951.9001
122.449,974,975,Running,0,0.00,1,0,0,0,-1.0000,0.0,0,0.000,0.000,0.000,0.0,0.0,0.0,0,24724.7259,12851.7287
122.466,974,973,Running,0,0.00,1,0,0,0,-1.0000,0.0,0,0.000,0.000,0.000,0.0,0.0,0.0,0,29297.6067,11936.8079
122.483,974,973,Running,0,0.00,1,0,0,0,-1.0000,0.0,0,0.000,0.000,0.000,0.0,0.0,0.0,0,25014.7597,12099.6641
122.499,974,974,Running,0,0.00,1,0,0,0,-1.0000,0.0,0,0.000,0.000,0.000,0.0,0.0,0.0,0,25953.7841,12829.4344
122.516,974,973,Running,0,0.00,1,0,0,0,-1.0000,0.0,0,0.000,0.000,0.000,0.0,0.0,0.0,0,20511.3264,12272.9548
122.533,973,974,Running,0,0.00,1,0,0,0,-1.0000,0.0,0,0.000,0.000,0.000,0.0,0.0,0.0,0,23372.3108,11281.5734
122.549,973,975,Running,0,0.00,1,0,0,0,-1.0000,0.0,0,0.000,0.000,0.000,0.0,0.0,0.0,0,25551.9830,13322.2521
122.566,974,974,Running,0,0.00,1,0,0,0,-1.0000,0.0,0,0.000,0.000,0.000,0.0,0.0,0.0,0,23675.7994,8934.2390
122.583,974,974,Running,0,0.00,1,0,0,0,-1.0000,0.0,0,0.000,0.000,0.000,0.0,0.0,0.0,0,18397.0588,12822.1377
122.599,974,971,Running,0,0.00,1,0,0,0,-1.0000,0.0,0,0.000,0.000,0.000,0.0,0.0,0.0,0,22478.2400,12822.1377
122.616,973,971,Running,0,0.00,1,0,0,0,-1.0000,0.0,0,0.000,0.000,0.000,0.0,0.0,0.0,0,20950.5559,12738.8895
122.633,973,974,Running,0,0.00,1,0,0,0,-1.0000,0.0,0,0.000,0.000,0.000,0.0,0.0,0.0,0,24829.0221,14555.8783
122.649,974,976,Running,0,0.00,1,0,0,0,-1.0000,0.0,0,0.000,0.000,0.000,0.0,0.0,0.0,0,29626.9328,10665.2396
122.666,974,977,Running,0,0.00,1,0,0,0,-1.0000,0.0,0,0.000,0.000,0.000,0.0,0.0,0.0,0,29461.0471,12609.4739
122.683,975,977,Running,0,0.00,1,0,0,0,-1.0000,0.0,0,0.000,0.000,0.000,0.0,0.0,0.0,0,26297.6030,13284.7820
122.699,975,976,Running,0,0.00,1,0,0,0,-1.0000,0.0,0,0.000,0.000,0.000,0.0,0.0,0.0,0,23984.0362,13285.4143
122.716,975,976,Running,0,0.00,1,0,0,0,-1.0000,0.0,0,0.000,0.000,0.000,0.0,0.0,0.0,0,20436.8408,13285.4143
122.733,975,978,Running,0,0.00,1,0,0,0,-1.0000,0.0,0,0.000,0.000,0.000,0.0,0.0,0.0,0,26032.7596,12600.0270
122.749,975,978,Running,0,0.00,1,0,0,0,-1.0000,0.0,0,0.000,0.000,0.000,0.0,0.0,0.0,0,25239.6631,12697.2354
122.766,976,979,Running,0,0.00,1,0,0,0,-1.0000,0.0,0,0.000,0.000,0.000,0.0,0.0,0.0,0,21585.6065,11184.4292
122.783,976,980,Running,0,0.00,1,0,0,0,-1.0000,0.0,0,0.000,0.000,0.000,0.0,0.0,0.0,0,22685.1966,14725.3446
122.799,977,978,Running,0,0.00,1,0,0,0,-1.0000,0.0,0,0.000,0.000,0.000,0.0,0.0,0.0,0,22339.3755,11271.6476
122.816,977,980,Running,0,0.00,1,0,0,0,-1.0000,0.0,0,0.000,0.000,0.000,0.0,0.0,0.0,0,23164.1925,15596.2376
122.833,978,980,Running,0,0.00,1,0,0,0,-1.0000,0.0,0,0.000,0.000,0.000,0.0,0.0,0.0,0,28620.1600,11438.3736
122.849,978,980,Running,0,0.00,1,0,0,0,-1.0000,0.0,0,0.000,0.000,0.000,0.0,0.0,0.0,0,28013.4392,12347.3200
122.866,979,981,Running,0,0.00,1,0,0,0,-1.0000,0.0,0,0.000,0.000,0.000,0.0,0.0,0.0,0,28512.5190,12347.3200
122.883,979,981,Running,0,0.00,1,0,0,0,-1.0000,0.0,0,0.000,0.000,0.000,0.0,0.0,0.0,0,23633.0561,13263.4923
122.899,979,983,Running,0,0.00,1,0,0,0,-1.0000,0.0,0,0.000,0.000,0.000,0.0,0.0,0.0,0,24038.8252,12067.9211
122.916,980,986,Running,0,0.00,1,0,0,0,-1.0000,0.0,0,0.000,0.000,0.000,0.0,0.0,0.0,0,26251.7280,10848.5919
122.933,981,985,Running,0,0.00,1,0,0,0,-1.0000,0.0,0,0.000,0.000,0.000,0.0,0.0,0.0,0,25700.8660,12173.4024
122.949,981,983,Running,0,0.00,1,0,0,0,-1.0000,0.0,0,0.000,0.000,0.000,0.0,0.0,0.0,0,19158.8119,12339.3719
122.966,982,981,Running,0,0.00,1,0,0,0,-1.0000,0.0,0,0.000,0.000,0.000,0.0,0.0,0.0,0,20318.6080,16220.1516
122.983,981,979,Running,0,0.00,1,0,0,0,-1.0000,0.0,0,0.000,0.000,0.000,0.0,0.0,0.0,0,21720.3889,14070.2947
122.999,981,981,Running,0,0.00,1,0,0,0,-1.0000,0.0,0,0.000,0.000,0.000,0.0,0.0,0.0,0,24503.8210,13908.4586
123.016,982,983,Running,0,0.00,1,0,0,0,-1.0000,0.0,0,0.000,0.000,0.000,0.0,0.0,0.0,0,29007.5979,10442.6175
123.033,982,984,Running,0,0.00,1,0,0,0,-1.0000,0.0,0,0.000,0.000,0.000,0.0,0.0,0.0,0,30374.0383,12569.4480
123.049,982,983,Running,0,0.00,1,0,0,0,-1.0000,0.0,0,0.000,0.000,0.000,0.0,0.0,0.0,0,25443.2301,12734.5304
123.066,982,984,Running,0,0.00,1,0,0,0,-1.0000,0.0,0,0.000,0.000,0.000,0.0,0.0,0.0,0,24382.1457,7158.5670
123.083,983,986,Running,0,0.00,1,0,0,0,-1.0000,0.0,0,0.000,0.000,0.000,0.0,0.0,0.0,0,24187.7197,12399.3073
123.099,983,986,Running,0,0.00,1,0,0,0,-1.0000,0.0,0,0.000,0.000,0.000,0.0,0.0,0.0,0,25549.1535,11442.0181
123.116,983,984,Running,0,0.00,1,0,0,0,-1.0000,0.0,0,0.000,0.000,0.000,0.0,0.0,0.0,0,21618.2984,14167.2210
123.133,983,982,Running,0,0.00,1,0,0,0,-1.0000,0.0,0,0.000,0.000,0.000,0.0,0.0,0.0,0,20448.6200,13567.1314
123.149,983,980,Running,0,0.00,1,0,0,0,-1.0000,0.0,0,0.000,0.000,0.000,0.0,0.0,0.0,0,19902.7007,12736.0876
123.166,983,978,Running,0,0.00,1,0,0,0,-1.0000,0.0,0,0.000,0.000,0.000,0.0,0.0,0.0,0,23557.5460,12042.7128
123.183,982,976,Running,0,0.00,1,0,0,0,-1.0000,0.0,0,0.000,0.000,0.000,0.0,0.0,0.0,0,23753.5424,11190.1085
123.199,981,978,Running,0,0.00,1,0,0,0,-1.0000,0.0,0,0.000,0.000,0.000,0.0,0.0,0.0,0,25847.0383,10784.4397
123.216,981,981,Running,0,0.00,1,0,0,0,-1.0000,0.0,0,0.000,0.000,0.000,0.0,0.0,0.0,0,31238.9799,8892.6303
123.233,981,982,Running,0,0.00,1,0,0,0,-1.0000,0.0,0,0.000,0.000,0.000,0.0,0.0,0.0,0,27282.7604,8892.6303
123.249,981,980,Running,0,0.00,1,0,0,0,-1.0000,0.0,0,0.000,0.000,0.000,0.0,0.0,0.0,0,20907.0217,12365.6789
123.266,980,978,Running,0,0.00,1,0,0,0,-1.0000,0.0,0,0.000,0.000,0.000,0.0,0.0,0.0,0,21845.8714,13733.4630
123.283,980,976,Running,0,0.00,1,0,0,0,-1.0000,0.0,0,0.000,0.000,0.000,0.0,0.0,0.0,0,22087.6738,12879.9603
123.299,979,976,Running,0,0.00,1,0,0,0,-1.0000,0.0,0,0.000,0.000,0.000,0.0,0.0,0.0,0,23281.2003,11362.8193
123.316,979,977,Running,0,0.00,1,0,0,0,-1.0000,0.0,0,0.000,0.000,0.000,0.0,0.0,0.0,0,21524.9622,11833.2080
123.333,978,975,Running,0,0.00,1,0,0,0,-1.0000,0.0,0,0.000,0.000,0.000,0.0,0.0,0.0,0,22116.9989,14016.9946
123.349,978,973,Running,0,0.00,1,0,0,0,-1.0000,0.0,0,0.000,0.000,0.000,0.0,0.0,0.0,0,21815.9491,12256.3378
123.366,977,973,Running,0,0.00,1,0,0,0,-1.0000,0.0,0,0.000,0.000,0.000,0.0,0.0,0.0,0,22504.7800,10487.2273
123.383,977,972,Running,0,0.00,1,0,0,0,-1.0000,0.0,0,0.000,0.000,0.000,0.0,0.0,0.0,0,27301.3221,10846.5039
123.399,976,973,Running,0,0.00,1,0,0,0,-1.0000,0.0,0,0.000,0.000,0.000,0.0,0.0,0.0,0,26575.5018,11661.5628
123.416,976,973,Running,0,0.00,1,0,0,0,-1.0000,0.0,0,0.000,0.000,0.000,0.0,0.0,0.0,0,28236.9985,11801.1253
123.433,975,972,Running,0,0.00,1,0,0,0,-1.0000,0.0,0,0.000,0.000,0.000,0.0,0.0,0.0,0,20760.8456,11405.7753
123.449,975,974,Running,0,0.00,1,0,0,0,-1.0000,0.0,0,0.000,0.000,0.000,0.0,0.0,0.0,0,26057.5876,11535.1349
123.466,974,974,Running,0,0.00,1,0,0,0,-1.0000,0.0,0,0.000,0.000,0.000,0.0,0.0,0.0,0,21550.6375,11535.1349
123.483,974,973,Running,0,0.00,1,0,0,0,-1.0000,0.0,0,0.000,0.000,0.000,0.0,0.0,0.0,0,24937.7062,12501.1662
123.499,974,972,Running,0,0.00,1,0,0,0,-1.0000,0.0,0,0.000,0.000,0.000,0.0,0.0,0.0,0,20877.2347,14026.2854
123.516,974,972,Running,0,0.00,1,0,0,0,-1.0000,0.0,0,0.000,0.000,0.000,0.0,0.0,0.0,0,21080.8934,13866.6934
123.533,974,973,Running,0,0.00,1,0,0,0,-1.0000,0.0,0,0.000,0.000,0.000,0.0,0.0,0.0,0,22118.7652,11292.5876
123.549,974,974,Running,0,0.00,1,0,0,0,-1.0000,0.0,0,0.000,0.000,0.000,0.0,0.0,0.0,0,23494.1169,13406.0611
123.566,974,974,Running,0,0.00,1,0,0,0,-1.0000,0.0,0,0.000,0.000,0.000,0.0,0.0,0.0,0,26266.9829,13050.6261
123.583,974,976,Running,0,0.00,1,0,0,0,-1.0000,0.0,0,0.000,0.000,0.000,0.0,0.0,0.0,0,25913.7775,13526.4694
123.599,974,974,Running,0,0.00,1,0,0,0,-1.0000,0.0,0,0.000,0.000,0.000,0.0,0.0,0.0,0,28353.8215,11054.9056
123.616,974,974,Running,0,0.00,1,0,0,0,-1.0000,0.0,0,0.000,0.000,0.000,0.0,0.0,0.0,0,26271.6919,13226.7284
123.633,974,974,Running,0,0.00,1,0,0,0,-1.0000,0.0,0,0.000,0.000,0.000,0.0,0.0,0.0,0,21921.1492,11843.4172
123.649,974,975,Running,0,0.00,1,0,0,0,-1.0000,0.0,0,0.000,0.000,0.000,0.0,0.0,0.0,0,24934.6103,11540.0840
123.666,974,973,Running,0,0.00,1,0,0,0,-1.0000,0.0,0,0.000,0.000,0.000,0.0,0.0,0.0,0,22864.5833,12008.8040
123.683,973,972,Running,0,0.00,1,0,0,0,-1.0000,0.0,0,0.000,0.000,0.000,0.0,0.0,0.0,0,21774.9418,8990.2912
123.699,973,972,Running,0,0.00,1,0,0,0,-1.0000,0.0,0,0.000,0.000,0.000,0.0,0.0,0.0,0,22763.1149,13749.7756
123.716,973,969,Running,0,0.00,1,0,0,0,-1.0000,0.0,0,0.000,0.000,0.000,0.0,0.0,0.0,0,20958.5067,11502.5540
123.733,972,968,Running,0,0.00,1,0,0,0,-1.0000,0.0,0,0.000,0.000,0.000,0.0,0.0,0.0,0,19301.4073,12797.0300
123.749,972,968,Running,0,0.00,1,0,0,0,-1.0000,0.0,0,0.000,0.000,0.000,0.0,0.0,0.0,0,22332.4342,12797.0300
123.766,972,969,Running,0,0.00,1,0,0,0,-1.0000,0.0,0,0.000,0.000,0.000,0.0,0.0,0.0,0,25359.0462,12227.6099
123.783,971,971,Running,0,0.00,1,0,0,0,-1.0000,0.0,0,0.000,0.000,0.000,0.0,0.0,0.0,0,26962.6749,10343.4186
123.799,971,971,Running,0,0.00,1,0,0,0,-1.0000,0.0,0,0.000,0.000,0.000,0.0,0.0,0.0,0,28125.3206,13648.5903
123.816,971,971,Running,0,0.00,1,0,0,0,-1.0000,0.0,0,0.000,0.000,0.000,0.0,0.0,0.0,0,26768.7447,11886.7884
123.833,971,973,Running,0,0.00,1,0,0,0,-1.0000,0.0,0,0.000,0.000,0.000,0.0,0.0,0.0,0,25472.7619,13564.5244
123.849,972,976,Running,0,0.00,1,0,0,0,-1.0000,0.0,0,0.000,0.000,0.000,0.0,0.0,0.0,0,25910.9814,11042.8135
123.866,972,979,Running,0,0.00,1,0,0,0,-1.0000,0.0,0,0.000,0.000,0.000,0.0,0.0,0.0,0,24333.7170,13422.8987
123.883,973,980,Running,0,0.00,1,0,0,0,-1.0000,0.0,0,0.000,0.000,0.000,0.0,0.0,0.0,0,26067.2843,13252.1372
123.899,974,980,Running,0,0.00,1,0,0,0,-1.0000,0.0,0,0.000,0.000,0.000,0.0,0.0,0.0,0,21396.1773,13252.1372
123.916,975,978,Running,0,0.00,1,0,0,0,-1.0000,0.0,0,0.000,0.000,0.000,0.0,0.0,0.0,0,22144.6570,15704.2405
123.933,975,976,Running,0,0.00,1,0,0,0,-1.0000,0.0,0,0.000,0.000,0.000,0.0,0.0,0.0,0,19165.3538,15704.2405
123.949,976,975,Running,0,0.00,1,0,0,0,-1.0000,0.0,0,0.000,0.000,0.000,0.0,0.0,0.0,0,23480.0601,13120.5636
123.966,976,974,Running,0,0.00,1,0,0,0,-1.0000,0.0,0,0.000,0.000,0.000,0.0,0.0,0.0,0,24275.5922,10946.9365
123.983,976,975,Running,0,0.00,1,0,0,0,-1.0000,0.0,0,0.000,0.000,0.000,0.0,0.0,0.0,0,26816.1860,12674.7829
123.999,975,975,Running,0,0.00,1,0,0,0,-1.0000,0.0,0,0.000,0.000,0.000,0.0,0.0,0.0,0,29032.6484,10221.9602
124.016,975,974,Running,0,0.00,1,0,0,0,-1.0000,0.0,0,0.000,0.000,0.000,0.0,0.0,0.0,0,24827.4858,9520.2668
124.033,975,972,Running,0,0.00,1,0,0,0,-1.0000,0.0,0,0.000,0.000,0.000,0.0,0.0,0.0,0,21319.7332,9520.2668
124.049,974,971,Running,0,0.00,1,0,0,0,-1.0000,0.0,0,0.000,0.000,0.000,0.0,0.0,0.0,0,21983.5550,13107.7864
124.066,974,970,Running,0,0.00,1,0,0,0,-1.0000,0.0,0,0.000,0.000,0.000,0.0,0.0,0.0,0,23779.1046,9007.4797
124.083,973,968,Running,0,0.00,1,0,0,0,-1.0000,0.0,0,0.000,0.000,0.000,0.0,0.0,0.0,0,21661.3762,12356.7063
124.099,972,970,Running,0,0.00,1,0,0,0,-1.0000,0.0,0,0.000,0.000,0.000,0.0,0.0,0.0,0,22005.2719,9398.2505
124.116,972,971,Running,0,0.00,1,0,0,0,-1.0000,0.0,0,0.000,0.000,0.000,0.0,0.0,0.0,0,23508.7317,9398.2505
124.133,972,970,Running,0,0.00,1,0,0,0,-1.0000,0.0,0,0.000,0.000,0.000,0.0,0.0,0.0,0,22203.4247,12328.8548
124.149,972,973,Running,0,0.00,1,0,0,0,-1.0000,0.0,0,0.000,0.000,0.000,0.0,0.0,0.0,0,22360.4311,12736.8308
124.166,972,971,Running,0,0.00,1,0,0,0,-1.0000,0.0,0,0.000,0.000,0.000,0.0,0.0,0.0,0,26870.1975,14370.0650
124.183,972,973,Running,0,0.00,1,0,0,0,-1.0000,0.0,0,0.000,0.000,0.000,0.0,0.0,0.0,0,24679.8038,11108.7935
124.199,972,975,Running,0,0.00,1,0,0,0,-1.0000,0.0,0,0.000,0.000,0.000,0.0,0.0,0.0,0,29753.9536,15419.2228
124.216,973,977,Running,0,0.00,1,0,0,0,-1.0000,0.0,0,0.000,0.000,0.000,0.0,0.0,0.0,0,29403.9669,11965.8367
124.233,974,979,Running,0,0.00,1,0,0,0,-1.0000,0.0,0,0.000,0.000,0.000,0.0,0.0,0.0,0,24476.4260,14106.9108
124.249,974,980,Running,0,0.00,1,0,0,0,-1.0000,0.0,0,0.000,0.000,0.000,0.0,0.0,0.0,0,25221.0606,12546.0240
124.266,975,981,Running,0,0.00,1,0,0,0,-1.0000,0.0,0,0.000,0.000,0.000,0.0,0.0,0.0,0,22600.9332,13861.7262
124.283,976,983,Running,0,0.00,1,0,0,0,-1.0000,0.0,0,0.000,0.000,0.000,0.0,0.0,0.0,0,25695.8417,13372.1530
124.299,977,982,Running,0,0.00,1,0,0,0,-1.0000,0.0,0,0.000,0.000,0.000,0.0,0.0,0.0,0,23332.3612,14062.9551
124.316,978,982,Running,0,0.00,1,0,0,0,-1.0000,0.0,0,0.000,0.000,0.000,0.0,0.0,0.0,0,19256.7814,14988.4038
124.333,979,981,Running,0,0.00,1,0,0,0,-1.0000,0.0,0,0.000,0.000,0.000,0.0,0.0,0.0,0,23772.9305,12055.9100
124.349,979,981,Running,0,0.00,1,0,0,0,-1.0000,0.0,0,0.000,0.000,0.000,0.0,0.0,0.0,0,24474.4015,13771.6790
124.366,980,983,Running,0,0.00,1,0,0,0,-1.0000,0.0,0,0.000,0.000,0.000,0.0,0.0,0.0,0,26908.8026,10774.7622
124.383,980,982,Running,0,0.00,1,0,0,0,-1.0000,0.0,0,0.000,0.000,0.000,0.0,0.0,0.0,0,30092.5856,13144.9453
124.399,980,983,Running,0,0.00,1,0,0,0,-1.0000,0.0,0,0.000,0.000,0.000,0.0,0.0,0.0,0,27858.5337,13144.9453
124.416,981,982,Running,0,0.00,1,0,0,0,-1.0000,0.0,0,0.000,0.000,0.000,0.0,0.0,0.0,0,21202.0564,14243.8361
124.433,981,981,Running,0,0.00,1,0,0,0,-1.0000,0.0,0,0.000,0.000,0.000,0.0,0.0,0.0,0,23334.9389,11193.8831
124.449,980,980,Running,0,0.00,1,0,0,0,-1.0000,0.0,0,0.000,0.000,0.000,0.0,0.0,0.0,0,22152.4491,14022.5006
124.466,980,979,Running,0,0.00,1,0,0,0,-1.0000,0.0,0,0.000,0.000,0.000,0.0,0.0,0.0,0,24868.4212,12700.3764
124.483,980,979,Running,0,0.00,1,0,0,0,-1.0000,0.0,0,0.000,0.000,0.000,0.0,0.0,0.0,0,19715.8806,10448.0623
124.499,980,980,Running,0,0.00,1,0,0,0,-1.0000,0.0,0,0.000,0.000,0.000,0.0,0.0,0.0,0,22787.0516,13647.1074
124.516,980,980,Running,0,0.00,1,0,0,0,-1.0000,0.0,0,0.000,0.000,0.000,0.0,0.0,0.0,0,24827.5186,11197.8649
124.533,980,983,Running,0,0.00,1,0,0,0,-1.0000,0.0,0,0.000,0.000,0.000,0.0,0.0,0.0,0,24272.9556,14240.4854
124.549,981,985,Running,0,0.00,1,0,0,0,-1.0000,0.0,0,0.000,0.000,0.000,0.0,0.0,0.0,0,29864.6181,14240.4854
124.566,982,983,Running,0,0.00,1,0,0,0,-1.0000,0.0,0,0.000,0.000,0.000,0.0,0.0,0.0,0,29574.3625,12566.7344
124.583,982,984,Running,0,0.00,1,0,0,0,-1.0000,0.0,0,0.000,0.000,0.000,0.0,0.0,0.0,0,25145.4126,13815.1206
124.599,982,986,Running,0,0.00,1,0,0,0,-1.0000,0.0,0,0.000,0.000,0.000,0.0,0.0,0.0,0,25662.8672,14122.0690
124.616,983,986,Running,0,0.00,1,0,0,0,-1.0000,0.0,0,0.000,0.000,0.000,0.0,0.0,0.0,0,23510.0487,11466.1758
124.633,983,986,Running,0,0.00,1,0,0,0,-1.0000,0.0,0,0.000,0.000,0.000,0.0,0.0,0.0,0,23332.8082,9548.5931
124.649,983,985,Running,0,0.00,1,0,0,0,-1.0000,0.0,0,0.000,0.000,0.000,0.0,0.0,0.0,0,23919.6260,13793.1646
124.666,984,985,Running,0,0.00,1,0,0,0,-1.0000,0.0,0,0.000,0.000,0.000,0.0,0.0,0.0,0,20325.2326,11299.2540
124.683,984,987,Running,0,0.00,1,0,0,0,-1.0000,0.0,0,0.000,0.000,0.000,0.0,0.0,0.0,0,22148.9875,11299.2540
124.699,985,984,Running,0,0.00,1,0,0,0,-1.0000,0.0,0,0.000,0.000,0.000,0.0,0.0,0.0,0,26830.2825,12694.0708
124.716,984,982,Running,0,0.00,1,0,0,0,-1.0000,0.0,0,0.000,0.000,0.000,0.0,0.0,0.0,0,24009.0522,12631.1647
124.733,984,981,Running,0,0.00,1,0,0,0,-1.0000,0.0,0,0.000,0.000,0.000,0.0,0.0,0.0,0,26302.9668,12569.1700
124.749,984,981,Running,0,0.00,1,0,0,0,-1.0000,0.0,0,0.000,0.000,0.000,0.0,0.0,0.0,0,27677.9277,9410.0322
124.766,983,981,Running,0,0.00,1,0,0,0,-1.0000,0.0,0,0.000,0.000,0.000,0.0,0.0,0.0,0,22968.6269,10554.8111
124.783,983,983,Running,0,0.00,1,0,0,0,-1.0000,0.0,0,0.000,0.000,0.000,0.0,0.0,0.0,0,24950.5096,10554.8111
124.799,983,983,Running,0,0.00,1,0,0,0,-1.0000,0.0,0,0.000,0.000,0.000,0.0,0.0,0.0,0,24444.6267,11803.2978
124.816,983,982,Running,0,0.00,1,0,0,0,-1.0000,0.0,0,0.000,0.000,0.000,0.0,0.0,0.0,0,22568.0785,12921.6752
124.833,982,983,Running,0,0.00,1,0,0,0,-1.0000,0.0,0,0.000,0.000,0.000,0.0,0.0,0.0,0,21273.0209,15138.9989
124.849,983,981,Running,0,0.00,1,0,0,0,-1.0000,0.0,0,0.000,0.000,0.000,0.0,0.0,0.0,0,23360.6676,11968.5435
124.866,982,981,Running,0,0.00,1,0,0,0,-1.0000,0.0,0,0.000,0.000,0.000,0.0,0.0,0.0,0,20402.3348,14459.8964
124.883,983,982,Running,0,0.00,1,0,0,0,-1.0000,0.0,0,0.000,0.000,0.000,0.0,0.0,0.0,0,25924.7424,13491.0931
124.899,982,982,Running,0,0.00,1,0,0,0,-1.0000,0.0,0,0.000,0.000,0.000,0.0,0.0,0.0,0,28016.0852,11180.2119
124.916,982,981,Running,0,0.00,1,0,0,0,-1.0000,0.0,0,0.000,0.000,0.000,0.0,0.0,0.0,0,27500.3003,11600.7292
124.933,982,981,Running,0,0.00,1,0,0,0,-1.0000,0.0,0,0.000,0.000,0.000,0.0,0.0,0.0,0,25885.6061,14302.5385
124.949,982,981,Running,0,0.00,1,0,0,0,-1.0000,0.0,0,0.000,0.000,0.000,0.0,0.0,0.0,0,23722.3676,11815.7125
124.966,982,982,Running,0,0.00,1,0,0,0,-1.0000,0.0,0,0.000,0.000,0.000,0.0,0.0,0.0,0,23222.2102,13730.1144
124.983,982,981,Running,0,0.00,1,0,0,0,-1.0000,0.0,0,0.000,0.000,0.000,0.0,0.0,0.0,0,25248.8924,10030.1746
124.999,981,979,Running,0,0.00,1,0,0,0,-1.0000,0.0,0,0.000,0.000,0.000,0.0,0.0,0.0,0,21170.7292,12938.6201
125.016,981,977,Running,0,0.00,1,0,0,0,-1.0000,0.0,0,0.000,0.000,0.000,0.0,0.0,0.0,0,20673.9611,9970.4538
125.033,980,975,Running,0,0.00,1,0,0,0,-1.0000,0.0,0,0.000,0.000,0.000,0.0,0.0,0.0,0,20300.6324,13170.4502
125.049,980,976,Running,0,0.00,1,0,0,0,-1.0000,0.0,0,0.000,0.000,0.000,0.0,0.0,0.0,0,21781.0268,13170.4502
125.066,979,974,Running,0,0.00,1,0,0,0,-1.0000,0.0,0,0.000,0.000,0.000,0.0,0.0,0.0,0,25822.1609,12432.1058
125.083,978,973,Running,0,0.00,1,0,0,0,-1.0000,0.0,0,0.000,0.000,0.000,0.0,0.0,0.0,0,24249.2566,8653.9653
125.099,977,971,Running,0,0.00,1,0,0,0,-1.0000,0.0,0,0.000,0.000,0.000,0.0,0.0,0.0,0,25922.6749,12817.4424
125.116,976,970,Running,0,0.00,1,0,0,0,-1.0000,0.0,0,0.000,0.000,0.000,0.0,0.0,0.0,0,25457.3848,12023.3124
125.133,975,971,Running,0,0.00,1,0,0,0,-1.0000,0.0,0,0.000,0.000,0.000,0.0,0.0,0.0,0,24147.1848,10443.6752
125.149,975,971,Running,0,0.00,1,0,0,0,-1.0000,0.0,0,0.000,0.000,0.000,0.0,0.0,0.0,0,23133.9573,12164.1988
125.166,974,971,Running,0,0.00,1,0,0,0,-1.0000,0.0,0,0.000,0.000,0.000,0.0,0.0,0.0,0,22981.4969,10330.0114
125.183,973,968,Running,0,0.00,1,0,0,0,-1.0000,0.0,0,0.000,0.000,0.000,0.0,0.0,0.0,0,22293.9626,12531.5253
125.199,972,968,Running,0,0.00,1,0,0,0,-1.0000,0.0,0,0.000,0.000,0.000,0.0,0.0,0.0,0,20577.9431,12531.5253
125.216,971,966,Running,0,0.00,1,0,0,0,-1.0000,0.0,0,0.000,0.000,0.000,0.0,0.0,0.0,0,23329.1107,12870.7382
125.233,971,963,Running,0,0.00,1,0,0,0,-1.0000,0.0,0,0.000,0.000,0.000,0.0,0.0,0.0,0,18729.9065,11724.8107
125.249,969,961,Running,0,0.00,1,0,0,0,-1.0000,0.0,0,0.000,0.000,0.000,0.0,0.0,0.0,0,19549.7861,12952.5473
125.266,968,963,Running,0,0.00,1,0,0,0,-1.0000,0.0,0,0.000,0.000,0.000,0.0,0.0,0.0,0,22737.3398,12470.0348
125.283,968,962,Running,0,0.00,1,0,0,0,-1.0000,0.0,0,0.000,0.000,0.000,0.0,0.0,0.0,0,25710.7627,9636.7285
125.299,967,962,Running,0,0.00,1,0,0,0,-1.0000,0.0,0,0.000,0.000,0.000,0.0,0.0,0.0,0,24664.0096,11999.2339
125.316,966,960,Running,0,0.00,1,0,0,0,-1.0000,0.0,0,0.000,0.000,0.000,0.0,0.0,0.0,0,26015.7158,13811.3094
125.333,965,961,Running,0,0.00,1,0,0,0,-1.0000,0.0,0,0.000,0.000,0.000,0.0,0.0,0.0,0,25651.1152,13811.3094
125.349,965,962,Running,0,0.00,1,0,0,0,-1.0000,0.0,0,0.000,0.000,0.000,0.0,0.0,0.0,0,23925.1993,10828.9471
125.366,964,964,Running,0,0.00,1,0,0,0,-1.0000,0.0,0,0.000,0.000,0.000,0.0,0.0,0.0,0,25964.8752,11191.0720
125.383,964,966,Running,0,0.00,1,0,0,0,-1.0000,0.0,0,0.000,0.000,0.000,0.0,0.0,0.0,0,22533.1600,11726.1814
125.399,964,968,Running,0,0.00,1,0,0,0,-1.0000,0.0,0,0.000,0.000,0.000,0.0,0.0,0.0,0,24693.2241,10825.9695
125.416,965,970,Running,0,0.00,1,0,0,0,-1.0000,0.0,0,0.000,0.000,0.000,0.0,0.0,0.0,0,25180.1185,12606.0921
125.433,966,968,Running,0,0.00,1,0,0,0,-1.0000,0.0,0,0.000,0.000,0.000,0.0,0.0,0.0,0,23423.3473,13178.4752
125.449,966,968,Running,0,0.00,1,0,0,0,-1.0000,0.0,0,0.000,0.000,0.000,0.0,0.0,0.0,0,18133.5478,14615.4099
125.466,966,967,Running,0,0.00,1,0,0,0,-1.0000,0.0,0,0.000,0.000,0.000,0.0,0.0,0.0,0,22419.7351,11822.2361
125.483,966,966,Running,0,0.00,1,0,0,0,-1.0000,0.0,0,0.000,0.000,0.000,0.0,0.0,0.0,0,21922.1575,11662.5189
125.499,966,964,Running,0,0.00,1,0,0,0,-1.0000,0.0,0,0.000,0.000,0.000,0.0,0.0,0.0,0,23121.9555,11642.2932
125.516,966,962,Running,0,0.00,1,0,0,0,-1.0000,0.0,0,0.000,0.000,0.000,0.0,0.0,0.0,0,24189.8085,14186.2076
125.533,966,965,Running,0,0.00,1,0,0,0,-1.0000,0.0,0,0.000,0.000,0.000,0.0,0.0,0.0,0,24923.0532,10470.2983
125.549,966,968,Running,0,0.00,1,0,0,0,-1.0000,0.0,0,0.000,0.000,0.000,0.0,0.0,0.0,0,30392.3225,11913.2181
125.566,966,971,Running,0,0.00,1,0,0,0,-1.0000,0.0,0,0.000,0.000,0.000,0.0,0.0,0.0,0,29397.9057,10585.8478
125.583,967,971,Running,0,0.00,1,0,0,0,-1.0000,0.0,0,0.000,0.000,0.000,0.0,0.0,0.0,0,23032.7495,10585.8478
125.599,968,971,Running,0,0.00,1,0,0,0,-1.0000,0.0,0,0.000,0.000,0.000,0.0,0.0,0.0,0,21983.0412,13486.6821
125.616,968,972,Running,0,0.00,1,0,0,0,-1.0000,0.0,0,0.000,0.000,0.000,0.0,0.0,0.0,0,23728.9146,14098.0798
125.633,969,972,Running,0,0.00,1,0,0,0,-1.0000,0.0,0,0.000,0.000,0.000,0.0,0.0,0.0,0,25027.7367,10253.0505
125.649,969,972,Running,0,0.00,1,0,0,0,-1.0000,0.0,0,0.000,0.000,0.000,0.0,0.0,0.0,0,22271.3797,12690.3626
125.666,969,969,Running,0,0.00,1,0,0,0,-1.0000,0.0,0,0.000,0.000,0.000,0.0,0.0,0.0,0,20824.4935,10104.7424
125.683,970,970,Running,0,0.00,1,0,0,0,-1.0000,0.0,0,0.000,0.000,0.000,0.0,0.0,0.0,0,19491.3715,13172.3810
125.699,970,973,Running,0,0.00,1,0,0,0,-1.0000,0.0,0,0.000,0.000,0.000,0.0,0.0,0.0,0,25208.4820,13058.4559
125.716,971,975,Running,0,0.00,1,0,0,0,-1.0000,0.0,0,0.000,0.000,0.000,0.0,0.0,0.0,0,27402.0068,11248.6444
125.733,972,974,Running,0,0.00,1,0,0,0,-1.0000,0.0,0,0.000,0.000,0.000,0.0,0.0,0.0,0,27994.6620,14412.6066
125.749,972,975,Running,0,0.00,1,0,0,0,-1.0000,0.0,0,0.000,0.000,0.000,0.0,0.0,0.0,0,26684.7046,13943.5571
125.766,973,978,Running,0,0.00,1,0,0,0,-1.0000,0.0,0,0.000,0.000,0.000,0.0,0.0,0.0,0,29496.3021,14505.4544
125.783,974,980,Running,0,0.00,1,0,0,0,-1.0000,0.0,0,0.000,0.000,0.000,0.0,0.0,0.0,0,25271.9648,10494.6904
125.799,975,980,Running,0,0.00,1,0,0,0,-1.0000,0.0,0,0.000,0.000,0.000,0.0,0.0,0.0,0,24066.2864,13861.6840
125.816,975,979,Running,0,0.00,1,0,0,0,-1.0000,0.0,0,0.000,0.000,0.000,0.0,0.0,0.0,0,22069.2241,12411.1353
125.833,976,979,Running,0,0.00,1,0,0,0,-1.0000,0.0,0,0.000,0.000,0.000,0.0,0.0,0.0,0,23591.4378,13668.1090
125.849,976,980,Running,0,0.00,1,0,0,0,-1.0000,0.0,0,0.000,0.000,0.000,0.0,0.0,0.0,0,22056.3606,13546.6710
125.866,977,981,Running,0,0.00,1,0,0,0,-1.0000,0.0,0,0.000,0.000,0.000,0.0,0.0,0.0,0,23330.9735,11435.3930
125.883,978,982,Running,0,0.00,1,0,0,0,-1.0000,0.0,0,0.000,0.000,0.000,0.0,0.0,0.0,0,23533.8251,13418.7257
125.899,979,981,Running,0,0.00,1,0,0,0,-1.0000,0.0,0,0.000,0.000,0.000,0.0,0.0,0.0,0,25588.7953,14464.3606
125.916,979,979,Running,0,0.00,1,0,0,0,-1.0000,0.0,0,0.000,0.000,0.000,0.0,0.0,0.0,0,25469.3959,14301.4176
125.933,979,977,Running,0,0.00,1,0,0,0,-1.0000,0.0,0,0.000,0.000,0.000,0.0,0.0,0.0,0,26374.7747,11255.2081
125.949,978,978,Running,0,0.00,1,0,0,0,-1.0000,0.0,0,0.000,0.000,0.000,0.0,0.0,0.0,0,27090.8927,12943.0566
125.966,978,977,Running,0,0.00,1,0,0,0,-1.0000,0.0,0,0.000,0.000,0.000,0.0,0.0,0.0,0,22211.1846,12943.0566
125.983,978,978,Running,0,0.00,1,0,0,0,-1.0000,0.0,0,0.000,0.000,0.000,0.0,0.0,0.0,0,24626.7479,12034.9860
125.999,978,978,Running,0,0.00,1,0,0,0,-1.0000,0.0,0,0.000,0.000,0.000,0.0,0.0,0.0,0,22957.0063,11831.5356
126.016,978,976,Running,0,0.00,1,0,0,0,-1.0000,0.0,0,0.000,0.000,0.000,0.0,0.0,0.0,0,24280.5577,9840.0622
126.033,977,976,Running,0,0.00,1,0,0,0,-1.0000,0.0,0,0.000,0.000,0.000,0.0,0.0,0.0,0,20164.6213,13778.4948
126.049,977,976,Running,0,0.00,1,0,0,0,-1.0000,0.0,0,0.000,0.000,0.000,0.0,0.0,0.0,0,22533.7016,10812.2105
126.066,977,973,Running,0,0.00,1,0,0,0,-1.0000,0.0,0,0.000,0.000,0.000,0.0,0.0,0.0,0,21362.2028,13146.2496
126.083,976,973,Running,0,0.00,1,0,0,0,-1.0000,0.0,0,0.000,0.000,0.000,0.0,0.0,0.0,0,22139.5795,13146.2496
126.099,976,976,Running,0,0.00,1,0,0,0,-1.0000,0.0,0,0.000,0.000,0.000,0.0,0.0,0.0,0,26219.8244,12920.2556
126.116,976,977,Running,0,0.00,1,0,0,0,-1.0000,0.0,0,0.000,0.000,0.000,0.0,0.0,0.0,0,29703.4863,10097.8750
126.133,976,975,Running,0,0.00,1,0,0,0,-1.0000,0.0,0,0.000,0.000,0.000,0.0,0.0,0.0,0,27406.3379,13258.9740
126.149,976,974,Running,0,0.00,1,0,0,0,-1.0000,0.0,0,0.000,0.000,0.000,0.0,0.0,0.0,0,22451.4091,12749.9199
126.166,975,974,Running,0,0.00,1,0,0,0,-1.0000,0.0,0,0.000,0.000,0.000,0.0,0.0,0.0,0,23226.8838,10723.7614
126.183,975,973,Running,0,0.00,1,0,0,0,-1.0000,0.0,0,0.000,0.000,0.000,0.0,0.0,0.0,0,23261.0365,11750.3047
126.199,975,974,Running,0,0.00,1,0,0,0,-1.0000,0.0,0,0.000,0.000,0.000,0.0,0.0,0.0,0,23960.3825,11197.1949
126.216,975,977,Running,0,0.00,1,0,0,0,-1.0000,0.0,0,0.000,0.000,0.000,0.0,0.0,0.0,0,25158.2539,11993.4277
126.233,975,978,Running,0,0.00,1,0,0,0,-1.0000,0.0,0,0.000,0.000,0.000,0.0,0.0,0.0,0,23209.0165,11993.4277
126.249,976,977,Running,0,0.00,1,0,0,0,-1.0000,0.0,0,0.000,0.000,0.000,0.0,0.0,0.0,0,21504.5328,14355.6768
126.266,976,977,Running,0,0.00,1,0,0,0,-1.0000,0.0,0,0.000,0.000,0.000,0.0,0.0,0.0,0,21762.8606,12742.0803
126.283,976,977,Running,0,0.00,1,0,0,0,-1.0000,0.0,0,0.000,0.000,0.000,0.0,0.0,0.0,0,25842.0830,16408.9913
126.299,976,976,Running,0,0.00,1,0,0,0,-1.0000,0.0,0,0.000,0.000,0.000,0.0,0.0,0.0,0,26115.5423,11178.3872
126.316,976,977,Running,0,0.00,1,0,0,0,-1.0000,0.0,0,0.000,0.000,0.000,0.0,0.0,0.0,0,26648.4413,13703.5415
126.333,977,979,Running,0,0.00,1,0,0,0,-1.0000,0.0,0,0.000,0.000,0.000,0.0,0.0,0.0,0,30249.2405,10823.4455
126.349,977,978,Running,0,0.00,1,0,0,0,-1.0000,0.0,0,0.000,0.000,0.000,0.0,0.0,0.0,0,21419.9484,9664.9054
126.366,977,979,Running,0,0.00,1,0,0,0,-1.0000,0.0,0,0.000,0.000,0.000,0.0,0.0,0.0,0,25883.8058,9664.9054
126.383,977,977,Running,0,0.00,1,0,0,0,-1.0000,0.0,0,0.000,0.000,0.000,0.0,0.0,0.0,0,22019.8669,14091.1350
126.399,977,975,Running,0,0.00,1,0,0,0,-1.0000,0.0,0,0.000,0.000,0.000,0.0,0.0,0.0,0,21836.8850,12321.2474
126.416,976,973,Running,0,0.00,1,0,0,0,-1.0000,0.0,0,0.000,0.000,0.000,0.0,0.0,0.0,0,20192.3352,14417.3983
126.433,976,970,Running,0,0.00,1,0,0,0,-1.0000,0.0,0,0.000,0.000,0.000,0.0,0.0,0.0,0,20499.8460,9491.5418
126.449,975,972,Running,0,0.00,1,0,0,0,-1.0000,0.0,0,0.000,0.000,0.000,0.0,0.0,0.0,0,20100.7563,11969.9363
126.466,974,970,Running,0,0.00,1,0,0,0,-1.0000,0.0,0,0.000,0.000,0.000,0.0,0.0,0.0,0,26221.5035,11969.9363
126.483,974,971,Running,0,0.00,1,0,0,0,-1.0000,0.0,0,0.000,0.000,0.000,0.0,0.0,0.0,0,23011.3123,10456.7757
126.499,974,973,Running,0,0.00,1,0,0,0,-1.0000,0.0,0,0.000,0.000,0.000,0.0,0.0,0.0,0,27208.3265,15272.6640
126.516,974,976,Running,0,0.00,1,0,0,0,-1.0000,0.0,0,0.000,0.000,0.000,0.0,0.0,0.0,0,30241.7147,10661.2430
126.533,975,979,Running,0,0.00,1,0,0,0,-1.0000,0.0,0,0.000,0.000,0.000,0.0,0.0,0.0,0,30082.9139,13629.6208
126.549,975,981,Running,0,0.00,1,0,0,0,-1.0000,0.0,0,0.000,0.000,0.000,0.0,0.0,0.0,0,24409.6618,11721.3542
126.566,976,980,Running,0,0.00,1,0,0,0,-1.0000,0.0,0,0.000,0.000,0.000,0.0,0.0,0.0,0,22959.2682,14163.5705
126.583,976,978,Running,0,0.00,1,0,0,0,-1.0000,0.0,0,0.000,0.000,0.000,0.0,0.0,0.0,0,21914.6119,11191.7355
126.599,976,976,Running,0,0.00,1,0,0,0,-1.0000,0.0,0,0.000,0.000,0.000,0.0,0.0,0.0,0,22728.2588,13162.1757
126.616,976,977,Running,0,0.00,1,0,0,0,-1.0000,0.0,0,0.000,0.000,0.000,0.0,0.0,0.0,0,20714.2223,12907.1482
126.633,977,977,Running,0,0.00,1,0,0,0,-1.0000,0.0,0,0.000,0.000,0.000,0.0,0.0,0.0,0,23477.9743,11111.7398
126.649,977,975,Running,0,0.00,1,0,0,0,-1.0000,0.0,0,0.000,0.000,0.000,0.0,0.0,0.0,0,22070.6986,13072.0917
126.666,977,976,Running,0,0.00,1,0,0,0,-1.0000,0.0,0,0.000,0.000,0.000,0.0,0.0,0.0,0,23092.0846,14416.9884
126.683,977,975,Running,0,0.00,1,0,0,0,-1.0000,0.0,0,0.000,0.000,0.000,0.0,0.0,0.0,0,27026.8525,13518.5955
126.699,976,976,Running,0,0.00,1,0,0,0,-1.0000,0.0,0,0.000,0.000,0.000,0.0,0.0,0.0,0,26413.4420,10464.7803
126.716,976,976,Running,0,0.00,1,0,0,0,-1.0000,0.0,0,0.000,0.000,0.000,0.0,0.0,0.0,0,29149.4560,12895.4962
126.733,976,977,Running,0,0.00,1,0,0,0,-1.0000,0.0,0,0.000,0.000,0.000,0.0,0.0,0.0,0,23800.7319,12895.4962
126.749,976,978,Running,0,0.00,1,0,0,0,-1.0000,0.0,0,0.000,0.000,0.000,0.0,0.0,0.0,0,24023.9215,13673.4971
126.766,976,978,Running,0,0.00,1,0,0,0,-1.0000,0.0,0,0.000,0.000,0.000,0.0,0.0,0.0,0,24584.0908,12165.9096
126.783,976,977,Running,0,0.00,1,0,0,0,-1.0000,0.0,0,0.000,0.000,0.000,0.0,0.0,0.0,0,21725.0126,10146.7442
126.799,977,978,Running,0,0.00,1,0,0,0,-1.0000,0.0,0,0.000,0.000,0.000,0.0,0.0,0.0,0,23097.1498,14627.1554
126.816,977,976,Running,0,0.00,1,0,0,0,-1.0000,0.0,0,0.000,0.000,0.000,0.0,0.0,0.0,0,21920.7150,12777.3471
126.833,977,976,Running,0,0.00,1,0,0,0,-1.0000,0.0,0,0.000,0.000,0.000,0.0,0.0,0.0,0,19770.2019,12581.8658
126.849,977,978,Running,0,0.00,1,0,0,0,-1.0000,0.0,0,0.000,0.000,0.000,0.0,0.0,0.0,0,25306.8017,12581.8658
126.866,977,980,Running,0,0.00,1,0,0,0,-1.0000,0.0,0,0.000,0.000,0.000,0.0,0.0,0.0,0,26708.2099,12037.9359
126.883,978,982,Running,0,0.00,1,0,0,0,-1.0000,0.0,0,0.000,0.000,0.000,0.0,0.0,0.0,0,29488.8482,11667.0340
126.899,979,982,Running,0,0.00,1,0,0,0,-1.0000,0.0,0,0.000,0.000,0.000,0.0,0.0,0.0,0,29738.4503,14397.3562
126.916,979,980,Running,0,0.00,1,0,0,0,-1.0000,0.0,0,0.000,0.000,0.000,0.0,0.0,0.0,0,22991.2841,13086.1009
126.933,979,979,Running,0,0.00,1,0,0,0,-1.0000,0.0,0,0.000,0.000,0.000,0.0,0.0,0.0,0,21963.2626,14257.9995
126.949,979,977,Running,0,0.00,1,0,0,0,-1.0000,0.0,0,0.000,0.000,0.000,0.0,0.0,0.0,0,23194.5192,12021.6592
126.966,978,976,Running,0,0.00,1,0,0,0,-1.0000,0.0,0,0.000,0.000,0.000,0.0,0.0,0.0,0,22352.3493,11743.2819
126.983,978,975,Running,0,0.00,1,0,0,0,-1.0000,0.0,0,0.000,0.000,0.000,0.0,0.0,0.0,0,23536.8812,11934.7099
126.999,977,975,Running,0,0.00,1,0,0,0,-1.0000,0.0,0,0.000,0.000,0.000,0.0,0.0,0.0,0,19745.6397,10784.3531
127.016,977,978,Running,0,0.00,1,0,0,0,-1.0000,0.0,0,0.000,0.000,0.000,0.0,0.0,0.0,0,23092.4899,13473.5803
127.033,978,977,Running,0,0.00,1,0,0,0,-1.0000,0.0,0,0.000,0.000,0.000,0.0,0.0,0.0,0,25582.8205,11921.1623
127.049,978,978,Running,0,0.00,1,0,0,0,-1.0000,0.0,0,0.000,0.000,0.000,0.0,0.0,0.0,0,23417.8970,16708.0349
127.066,978,976,Running,0,0.00,1,0,0,0,-1.0000,0.0,0,0.000,0.000,0.000,0.0,0.0,0.0,0,27603.0315,12332.9752
127.083,978,979,Running,0,0.00,1,0,0,0,-1.0000,0.0,0,0.000,0.000,0.000,0.0,0.0,0.0,0,27688.6558,11685.3487
127.099,978,980,Running,0,0.00,1,0,0,0,-1.0000,0.0,0,0.000,0.000,0.000,0.0,0.0,0.0,0,28666.4783,11291.2024
127.116,978,979,Running,0,0.00,1,0,0,0,-1.0000,0.0,0,0.000,0.000,0.000,0.0,0.0,0.0,0,22949.7743,10719.0513
127.133,978,977,Running,0,0.00,1,0,0,0,-1.0000,0.0,0,0.000,0.000,0.000,0.0,0.0,0.0,0,21277.6668,12003.0673
127.149,977,976,Running,0,0.00,1,0,0,0,-1.0000,0.0,0,0.000,0.000,0.000,0.0,0.0,0.0,0,21897.8052,12003.0673
127.166,977,974,Running,0,0.00,1,0,0,0,-1.0000,0.0,0,0.000,0.000,0.000,0.0,0.0,0.0,0,23470.6418,12928.9950
127.183,977,975,Running,0,0.00,1,0,0,0,-1.0000,0.0,0,0.000,0.000,0.000,0.0,0.0,0.0,0,21118.8845,12427.3937
127.199,976,974,Running,0,0.00,1,0,0,0,-1.0000,0.0,0,0.000,0.000,0.000,0.0,0.0,0.0,0,22841.7050,8995.0812
127.216,976,972,Running,0,0.00,1,0,0,0,-1.0000,0.0,0,0.000,0.000,0.000,0.0,0.0,0.0,0,20681.1302,12415.6626
127.233,976,975,Running,0,0.00,1,0,0,0,-1.0000,0.0,0,0.000,0.000,0.000,0.0,0.0,0.0,0,23236.0758,14355.6953
127.249,976,978,Running,0,0.00,1,0,0,0,-1.0000,0.0,0,0.000,0.000,0.000,0.0,0.0,0.0,0,28416.4957,13344.1791
127.266,977,980,Running,0,0.00,1,0,0,0,-1.0000,0.0,0,0.000,0.000,0.000,0.0,0.0,0.0,0,30028.8162,13344.1791
127.283,977,979,Running,0,0.00,1,0,0,0,-1.0000,0.0,0,0.000,0.000,0.000,0.0,0.0,0.0,0,28598.0155,13104.3108
127.299,977,979,Running,0,0.00,1,0,0,0,-1.0000,0.0,0,0.000,0.000,0.000,0.0,0.0,0.0,0,22891.0192,14911.5781
127.316,977,979,Running,0,0.00,1,0,0,0,-1.0000,0.0,0,0.000,0.000,0.000,0.0,0.0,0.0,0,25035.8414,10916.3096
127.333,977,978,Running,0,0.00,1,0,0,0,-1.0000,0.0,0,0.000,0.000,0.000,0.0,0.0,0.0,0,20999.1082,12510.6459
127.349,977,979,Running,0,0.00,1,0,0,0,-1.0000,0.0,0,0.000,0.000,0.000,0.0,0.0,0.0,0,24928.6613,9631.9729
127.366,978,980,Running,0,0.00,1,0,0,0,-1.0000,0.0,0,0.000,0.000,0.000,0.0,0.0,0.0,0,23427.0788,13419.9472
127.383,978,979,Running,0,0.00,1,0,0,0,-1.0000,0.0,0,0.000,0.000,0.000,0.0,0.0,0.0,0,22747.9597,13419.9472
127.399,978,977,Running,0,0.00,1,0,0,0,-1.0000,0.0,0,0.000,0.000,0.000,0.0,0.0,0.0,0,19800.6613,13577.8553
127.416,978,976,Running,0,0.00,1,0,0,0,-1.0000,0.0,0,0.000,0.000,0.000,0.0,0.0,0.0,0,22951.7253,16384.3520
127.433,978,973,Running,0,0.00,1,0,0,0,-1.0000,0.0,0,0.000,0.000,0.000,0.0,0.0,0.0,0,24603.0929,10929.5416
127.449,977,972,Running,0,0.00,1,0,0,0,-1.0000,0.0,0,0.000,0.000,0.000,0.0,0.0,0.0,0,25116.8430,12381.0108
127.466,976,971,Running,0,0.00,1,0,0,0,-1.0000,0.0,0,0.000,0.000,0.000,0.0,0.0,0.0,0,26647.1938,9037.3067
127.483,975,970,Running,0,0.00,1,0,0,0,-1.0000,0.0,0,0.000,0.000,0.000,0.0,0.0,0.0,0,24013.2720,11499.6322
127.499,974,970,Running,0,0.00,1,0,0,0,-1.0000,0.0,0,0.000,0.000,0.000,0.0,0.0,0.0,0,22113.8358,9909.8614
127.516,974,972,Running,0,0.00,1,0,0,0,-1.0000,0.0,0,0.000,0.000,0.000,0.0,0.0,0.0,0,25578.9600,11517.4334
127.533,973,970,Running,0,0.00,1,0,0,0,-1.0000,0.0,0,0.000,0.000,0.000,0.0,0.0,0.0,0,22901.4646,11517.4334
127.549,972,969,Running,0,0.00,1,0,0,0,-1.0000,0.0,0,0.000,0.000,0.000,0.0,0.0,0.0,0,20636.9553,12293.8443
127.566,972,972,Running,0,0.00,1,0,0,0,-1.0000,0.0,0,0.000,0.000,0.000,0.0,0.0,0.0,0,23790.9262,14039.4203
127.583,972,970,Running,0,0.00,1,0,0,0,-1.0000,0.0,0,0.000,0.000,0.000,0.0,0.0,0.0,0,23456.6643,9957.4395
127.599,972,969,Running,0,0.00,1,0,0,0,-1.0000,0.0,0,0.000,0.000,0.000,0.0,0.0,0.0,0,18907.3901,13325.6053
127.616,972,969,Running,0,0.00,1,0,0,0,-1.0000,0.0,0,0.000,0.000,0.000,0.0,0.0,0.0,0,22961.1215,11799.6393
127.633,971,970,Running,0,0.00,1,0,0,0,-1.0000,0.0,0,0.000,0.000,0.000,0.0,0.0,0.0,0,25294.1096,11799.6393
127.649,971,969,Running,0,0.00,1,0,0,0,-1.0000,0.0,0,0.000,0.000,0.000,0.0,0.0,0.0,0,26631.6535,10953.0130
127.666,971,971,Running,0,0.00,1,0,0,0,-1.0000,0.0,0,0.000,0.000,0.000,0.0,0.0,0.0,0,26710.1791,13754.2021
127.683,971,970,Running,0,0.00,1,0,0,0,-1.0000,0.0,0,0.000,0.000,0.000,0.0,0.0,0.0,0,26645.1936,11417.1738
127.699,971,969,Running,0,0.00,1,0,0,0,-1.0000,0.0,0,0.000,0.000,0.000,0.0,0.0,0.0,0,23421.8677,11620.3437
127.716,970,969,Running,0,0.00,1,0,0,0,-1.0000,0.0,0,0.000,0.000,0.000,0.0,0.0,0.0,0,21800.8580,12820.2370
127.733,970,971,Running,0,0.00,1,0,0,0,-1.0000,0.0,0,0.000,0.000,0.000,0.0,0.0,0.0,0,25109.2601,11274.5973
127.749,970,970,Running,0,0.00,1,0,0,0,-1.0000,0.0,0,0.000,0.000,0.000,0.0,0.0,0.0,0,23955.4964,11274.5973
127.766,970,969,Running,0,0.00,1,0,0,0,-1.0000,0.0,0,0.000,0.000,0.000,0.0,0.0,0.0,0,21443.8941,12751.5157
127.783,970,967,Running,0,0.00,1,0,0,0,-1.0000,0.0,0,0.000,0.000,0.000,0.0,0.0,0.0,0,21544.7531,13893.9227
127.799,969,964,Running,0,0.00,1,0,0,0,-1.0000,0.0,0,0.000,0.000,0.000,0.0,0.0,0.0,0,19151.2652,11165.3908
127.816,968,962,Running,0,0.00,1,0,0,0,-1.0000,0.0,0,0.000,0.000,0.000,0.0,0.0,0.0,0,20118.1827,13205.3032
127.833,968,964,Running,0,0.00,1,0,0,0,-1.0000,0.0,0,0.000,0.000,0.000,0.0,0.0,0.0,0,22231.3705,11008.0359
127.849,967,964,Running,0,0.00,1,0,0,0,-1.0000,0.0,0,0.000,0.000,0.000,0.0,0.0,0.0,0,26811.9036,9160.5438
127.866,967,965,Running,0,0.00,1,0,0,0,-1.0000,0.0,0,0.000,0.000,0.000,0.0,0.0,0.0,0,26000.6346,11455.6466
127.883,966,963,Running,0,0.00,1,0,0,0,-1.0000,0.0,0,0.000,0.000,0.000,0.0,0.0,0.0,0,26298.3013,11455.6466
127.899,966,962,Running,14,0.00,1,0,0,0,-1.0000,0.0,0,0.000,0.000,0.000,0.0,0.0,0.0,0,24512.5182,11860.8234
127.916,965,961,Running,22,0.00,1,0,0,0,-1.0000,0.0,0,0.000,0.000,0.000,0.0,0.0,0.0,0,21465.1576,13223.5036
127.933,964,963,Running,22,0.00,1,0,0,0,-1.0000,0.0,0,0.000,0.000,0.000,0.0,0.0,0.0,0,27247.4803,10376.3541
127.949,964,968,Running,22,0.00,1,0,0,0,-1.0000,0.0,0,0.000,0.000,0.000,0.0,0.0,0.0,0,25269.8976,11825.6028
127.966,965,981,Running,22,0.00,1,0,0,0,-1.0000,0.0,0,0.000,0.000,0.000,0.0,0.0,0.0,0,38016.5618,11639.9794
127.983,969,1004,Running,22,0.00,1,0,0,0,-1.0000,0.0,0,0.000,0.000,0.000,0.0,0.0,0.0,0,44566.1280,12334.5188
127.999,977,1037,Running,22,0.00,1,0,0,0,-1.0000,0.0,0,0.000,0.000,0.000,0.0,0.0,0.0,0,51203.2241,15246.9140
128.016,989,1073,Running,22,0.00,1,0,0,0,-1.0000,0.0,0,0.000,0.000,0.000,0.0,0.0,0.0,0,60192.1793,23312.5133
128.033,1006,1120,Running,22,0.00,1,0,0,0,-1.0000,0.0,0,0.000,0.000,0.000,0.0,0.0,0.0,0,70695.5571,19377.4887
128.049,1027,1163,Running,22,0.00,1,0,0,0,-1.0000,0.0,0,0.000,0.000,0.000,0.0,0.0,0.0,0,107609.5588,22268.5981
128.066,1051,1211,Running,22,0.00,1,0,0,0,-1.0000,0.0,0,0.000,0.000,0.000,0.0,0.0,0.0,0,87194.2467,20978.1203
128.083,1081,1273,Running,22,0.00,1,0,0,0,-1.0000,0.0,0,0.000,0.000,0.000,0.0,0.0,0.0,0,84661.4620,21470.5841
128.099,1115,1326,Running,39,0.00,1,0,0,0,-1.0000,0.0,0,0.000,0.000,0.000,0.0,0.0,0.0,0,154575.8342,18087.8711
128.116,1152,1382,Running,39,0.00,1,0,0,0,-1.0000,0.0,0,0.000,0.000,0.000,0.0,0.0,0.0,0,86412.9065,19941.6535
128.133,1192,1439,Running,39,0.00,1,0,0,0,-1.0000,0.0,0,0.000,0.000,0.000,0.0,0.0,0.0,0,167164.1935,16869.7174
128.149,1235,1510,Running,39,0.00,1,0,0,0,-1.0000,0.0,0,0.000,0.000,0.000,0.0,0.0,0.0,0,114627.8946,16869.7174
128.166,1282,1573,Running,39,0.00,1,0,0,0,-1.0000,0.0,0,0.000,0.000,0.000,0.0,0.0,0.0,0,164759.2617,17584.4811
128.183,1332,1636,Running,39,0.00,1,0,0,0,-1.0000,0.0,0,0.000,0.000,0.000,0.0,0.0,0.0,0,190783.2984,21614.1706
128.199,1385,1704,Running,39,0.00,1,0,0,0,-1.0000,0.0,0,0.000,0.000,0.000,0.0,0.0,0.0,0,198162.7447,17799.3115
128.216,1440,1772,Running,39,0.00,1,0,0,0,-1.0000,0.0,0,0.000,0.000,0.000,0.0,0.0,0.0,0,182203.3393,16204.0316
128.233,1496,1839,Running,39,0.00,1,0,0,0,-1.0000,0.0,0,0.000,0.000,0.000,0.0,0.0,0.0,0,200100.5743,20674.8685
128.249,1555,1911,Running,39,0.00,1,0,0,0,-1.0000,0.0,0,0.000,0.000,0.000,0.0,0.0,0.0,0,219609.6801,18134.0614
128.266,1616,1986,Running,39,0.00,1,0,0,0,-1.0000,0.0,0,0.000,0.000,0.000,0.0,0.0,0.0,0,200913.5119,18134.0614
128.283,1680,2072,Running,39,0.00,1,0,0,0,-1.0000,0.0,0,0.000,0.000,0.000,0.0,0.0,0.0,0,211834.4461,21076.5348
128.299,1747,2160,Running,39,0.00,1,0,0,0,-1.0000,0.0,0,0.000,0.000,0.000,0.0,0.0,0.0,0,250456.4360,24470.3789
128.316,1817,2250,Running,39,0.00,1,0,0,0,-1.0000,0.0,0,0.000,0.000,0.000,0.0,0.0,0.0,0,267254.5351,18946.9931
128.333,1892,2350,Running,39,0.00,1,0,0,0,-1.0000,0.0,0,0.000,0.000,0.000,0.0,0.0,0.0,0,259195.6707,22763.4039
128.347,1970,2454,Running,39,0.00,1,0,0,0,-1.0000,0.0,0,0.000,0.000,0.000,0.0,0.0,0.0,0,279667.3577,23339.6636
128.366,2053,2558,Running,39,0.00,1,0,0,0,-1.0000,0.0,0,0.000,0.000,0.000,0.0,0.0,0.0,0,315014.9348,24161.8223
128.383,2140,2671,Running,39,0.00,1,0,0,0,-1.0000,0.0,0,0.000,0.000,0.000,0.0,0.0,0.0,0,325032.1282,19831.7880
128.399,2231,2790,Running,39,0.00,1,0,0,0,-1.0000,0.0,0,0.000,0.000,0.000,0.0,0.0,0.0,0,326048.3506,21735.4434
128.416,2327,2915,Running,39,0.00,1,0,0,0,-1.0000,0.0,0,0.000,0.000,0.000,0.0,0.0,0.0,0,331179.9002,21735.4434
128.433,2427,3040,Running,39,0.00,1,0,0,0,-1.0000,0.0,0,0.000,0.000,0.000,0.0,0.0,0.0,0,352283.2365,17815.7308
128.449,2531,3168,Running,39,0.00,1,0,0,0,-1.0000,0.0,0,0.000,0.000,0.000,0.0,0.0,0.0,0,409229.2728,18244.9184
128.466,2640,3307,Running,39,0.00,1,0,0,0,-1.0000,0.0,0,0.000,0.000,0.000,0.0,0.0,0.0,0,367537.4767,19228.1524
128.483,2754,3448,Running,39,0.00,1,0,0,0,-1.0000,0.0,0,0.000,0.000,0.000,0.0,0.0,0.0,0,417564.5820,14727.2833
128.499,2872,3591,Running,0,0.00,1,0,0,0,-1.0000,0.0,0,0.000,0.000,0.000,0.0,0.0,0.0,0,432404.9087,19561.9170
128.516,2992,3705,Running,0,0.00,1,0,0,0,-1.0000,0.0,0,0.000,0.000,0.000,0.0,0.0,0.0,0,418464.3029,17463.0514
128.533,3108,3784,Running,0,0.00,1,0,0,0,-1.0000,0.0,0,0.000,0.000,0.000,0.0,0.0,0.0,0,389330.9819,17468.0569
128.549,3216,3834,Running,0,0.00,1,0,0,0,-1.0000,0.0,0,0.000,0.000,0.000,0.0,0.0,0.0,0,370432.6487,17492.8555
128.566,3314,3865,Running,0,0.00,1,0,0,0,-1.0000,0.0,0,0.000,0.000,0.000,0.0,0.0,0.0,0,316443.4905,17492.8555
128.583,3400,3879,Running,0,0.00,1,0,0,0,-1.0000,0.0,0,0.000,0.000,0.000,0.0,0.0,0.0,0,276720.8438,15888.3572
128.599,3474,3880,Running,0,0.00,1,0,0,0,-1.0000,0.0,0,0.000,0.000,0.000,0.0,0.0,0.0,0,263857.5142,15406.9199
128.616,3536,3871,Running,0,0.00,1,0,0,0,-1.0000,0.0,0,0.000,0.000,0.000,0.0,0.0,0.0,0,206839.3352,13034.1567
128.633,3586,3857,Running,0,0.00,1,0,0,0,-1.0000,0.0,0,0.000,0.000,0.000,0.0,0.0,0.0,0,183628.0917,13034.1567
128.649,3626,3839,Running,0,0.00,1,0,0,0,-1.0000,0.0,0,0.000,0.000,0.000,0.0,0.0,0.0,0,155594.0566,15226.5692
128.666,3658,3819,Running,0,0.00,1,0,0,0,-1.0000,0.0,0,0.000,0.000,0.000,0.0,0.0,0.0,0,115990.2880,14287.5250
128.683,3681,3796,Running,0,0.00,1,0,0,0,-1.0000,0.0,0,0.000,0.000,0.000,0.0,0.0,0.0,0,98122.6430,12467.6695
128.699,3697,3772,Running,0,0.00,1,0,0,0,-1.0000,0.0,0,0.000,0.000,0.000,0.0,0.0,0.0,0,82956.8426,14442.4009
128.716,3706,3746,Running,0,0.00,1,0,0,0,-1.0000,0.0,0,0.000,0.000,0.000,0.0,0.0,0.0,0,65145.5476,13880.3781
128.733,3710,3718,Running,0,0.00,1,0,0,0,-1.0000,0.0,0,0.000,0.000,0.000,0.0,0.0,0.0,0,52246.9914,14529.8282
128.749,3709,3688,Running,0,0.00,1,0,0,0,-1.0000,0.0,0,0.000,0.000,0.000,0.0,0.0,0.0,0,44540.0513,18838.7213
128.766,3703,3658,Running,0,0.00,1,0,0,0,-1.0000,0.0,0,0.000,0.000,0.000,0.0,0.0,0.0,0,42023.0729,19153.7403
128.783,3694,3627,Running,0,0.00,1,0,0,0,-1.0000,0.0,0,0.000,0.000,0.000,0.0,0.0,0.0,0,39011.6567,18574.2320
128.799,3681,3595,Running,0,0.00,1,0,0,0,-1.0000,0.0,0,0.000,0.000,0.000,0.0,0.0,0.0,0,37067.2616,18574.2320
128.816,3665,3563,Running,0,0.00,1,0,0,0,-1.0000,0.0,0,0.000,0.000,0.000,0.0,0.0,0.0,0,34604.8488,19121.3214
128.833,3647,3530,Running,0,0.00,1,0,0,0,-1.0000,0.0,0,0.000,0.000,0.000,0.0,0.0,0.0,0,34146.8140,15433.9957
128.849,3626,3497,Running,0,0.00,1,0,0,0,-1.0000,0.0,0,0.000,0.000,0.000,0.0,0.0,0.0,0,35664.0421,17917.2317
128.866,3604,3464,Running,0,0.00,1,0,0,0,-1.0000,0.0,0,0.000,0.000,0.000,0.0,0.0,0.0,0,37371.6644,15180.1027
128.883,3580,3432,Running,0,0.00,1,0,0,0,-1.0000,0.0,0,0.000,0.000,0.000,0.0,0.0,0.0,0,37745.1089,16888.6156
128.899,3554,3398,Running,0,0.00,1,0,0,0,-1.0000,0.0,0,0.000,0.000,0.000,0.0,0.0,0.0,0,31854.8521,15400.4914
128.916,3528,3366,Running,0,0.00,1,0,0,0,-1.0000,0.0,0,0.000,0.000,0.000,0.0,0.0,0.0,0,27350.2220,15400.4914
128.933,3500,3333,Running,0,0.00,1,0,0,0,-1.0000,0.0,0,0.000,0.000,0.000,0.0,0.0,0.0,0,34092.0431,13725.0275
128.949,3472,3300,Running,0,0.00,1,0,0,0,-1.0000,0.0,0,0.000,0.000,0.000,0.0,0.0,0.0,0,42433.0387,15624.3531
128.966,3443,3267,Running,0,0.00,1,0,0,0,-1.0000,0.0,0,0.000,0.000,0.000,0.0,0.0,0.0,0,26655.5861,15137.9039
128.983,3413,3234,Running,0,0.00,1,0,0,0,-1.0000,0.0,0,0.000,0.000,0.000,0.0,0.0,0.0,0,35684.5210,15548.9338
128.999,3383,3202,Running,0,0.00,1,0,0,0,-1.0000,0.0,0,0.000,0.000,0.000,0.0,0.0,0.0,0,40108.2450,14623.7540
129.016,3353,3170,Running,0,0.00,1,0,0,0,-1.0000,0.0,0,0.000,0.000,0.000,0.0,0.0,0.0,0,26832.9234,17038.9251
129.033,3322,3138,Running,0,0.00,1,0,0,0,-1.0000,0.0,0,0.000,0.000,0.000,0.0,0.0,0.0,0,45690.6001,17084.7577
129.049,3291,3106,Running,0,0.00,1,0,0,0,-1.0000,0.0,0,0.000,0.000,0.000,0.0,0.0,0.0,0,24968.2831,16699.0263
129.066,3260,3074,Running,0,0.00,1,0,0,0,-1.0000,0.0,0,0.000,0.000,0.000,0.0,0.0,0.0,0,45118.6151,19145.3583
129.083,3229,3043,Running,0,0.00,1,0,0,0,-1.0000,0.0,0,0.000,0.000,0.000,0.0,0.0,0.0,0,31296.1200,15471.3759
129.099,3198,3012,Running,0,0.00,1,0,0,0,-1.0000,0.0,0,0.000,0.000,0.000,0.0,0.0,0.0,0,34342.9739,19926.6179
129.116,3167,2981,Running,0,0.00,1,0,0,0,-1.0000,0.0,0,0.000,0.000,0.000,0.0,0.0,0.0,0,44756.0782,16261.0220
129.133,3136,2950,Running,0,0.00,1,0,0,0,-1.0000,0.0,0,0.000,0.000,0.000,0.0,0.0,0.0,0,30743.0383,19807.0888
129.149,3105,2920,Running,0,0.00,1,0,0,0,-1.0000,0.0,0,0.000,0.000,0.000,0.0,0.0,0.0,0,33765.3348,19093.2501
129.166,3074,2890,Running,0,0.00,1,0,0,0,-1.0000,0.0,0,0.000,0.000,0.000,0.0,0.0,0.0,0,42137.7733,19810.8831
129.183,3043,2860,Running,0,0.00,1,0,0,0,-1.0000,0.0,0,0.000,0.000,0.000,0.0,0.0,0.0,0,40747.5037,20654.6014
129.199,3013,2830,Running,0,0.00,1,0,0,0,-1.0000,0.0,0,0.000,0.000,0.000,0.0,0.0,0.0,0,35781.8677,19435.2598
129.216,2982,2801,Running,0,0.00,1,0,0,0,-1.0000,0.0,0,0.000,0.000,0.000,0.0,0.0,0.0,0,32576.7967,20022.8423
129.233,2952,2772,Running,0,0.00,1,0,0,0,-1.0000,0.0,0,0.000,0.000,0.000,0.0,0.0,0.0,0,35432.8179,20098.5760
129.247,2922,2743,Running,0,0.00,1,0,0,0,-1.0000,0.0,0,0.000,0.000,0.000,0.0,0.0,0.0,0,36143.0910,20220.2570
129.266,2893,2714,Running,0,0.00,1,0,0,0,-1.0000,0.0,0,0.000,0.000,0.000,0.0,0.0,0.0,0,36360.0396,21037.9885
129.283,2863,2686,Running,0,0.00,1,0,0,0,-1.0000,0.0,0,0.000,0.000,0.000,0.0,0.0,0.0,0,37300.5851,20384.1126
129.299,2833,2658,Running,0,0.00,1,0,0,0,-1.0000,0.0,0,0.000,0.000,0.000,0.0,0.0,0.0,0,37907.6394,21164.4506
129.316,2804,2630,Running,0,0.00,1,0,0,0,-1.0000,0.0,0,0.000,0.000,0.000,0.0,0.0,0.0,0,37581.2258,20858.3327
129.333,2775,2603,Running,0,0.00,1,0,0,0,-1.0000,0.0,0,0.000,0.000,0.000,0.0,0.0,0.0,0,38577.2225,20974.7089
129.349,2747,2576,Running,0,0.00,1,0,0,0,-1.0000,0.0,0,0.000,0.000,0.000,0.0,0.0,0.0,0,41876.9941,21328.1263
129.366,2718,2549,Running,0,0.00,1,0,0,0,-1.0000,0.0,0,0.000,0.000,0.000,0.0,0.0,0.0,0,41572.4396,21628.9347
129.383,2690,2522,Running,0,0.00,1,0,0,0,-1.0000,0.0,0,0.000,0.000,0.000,0.0,0.0,0.0,0,34626.8594,21937.3260
129.397,2662,2495,Running,0,0.00,1,0,0,0,-1.0000,0.0,0,0.000,0.000,0.000,0.0,0.0,0.0,0,32013.9083,21857.0249
129.416,2634,2469,Running,0,0.00,1,0,0,0,-1.0000,0.0,0,0.000,0.000,0.000,0.0,0.0,0.0,0,31622.6234,20483.2485
129.433,2607,2443,Running,0,0.00,1,0,0,0,-1.0000,0.0,0,0.000,0.000,0.000,0.0,0.0,0.0,0,42898.4649,22010.0598
129.449,2580,2417,Running,0,0.00,1,0,0,0,-1.0000,0.0,0,0.000,0.000,0.000,0.0,0.0,0.0,0,38758.4926,22010.0598
129.466,2553,2392,Running,0,0.00,1,0,0,0,-1.0000,0.0,0,0.000,0.000,0.000,0.0,0.0,0.0,0,30247.2064,21935.0711
129.483,2526,2367,Running,0,0.00,1,0,0,0,-1.0000,0.0,0,0.000,0.000,0.000,0.0,0.0,0.0,0,39778.8180,21119.4658
129.499,2500,2342,Running,0,0.00,1,0,0,0,-1.0000,0.0,0,0.000,0.000,0.000,0.0,0.0,0.0,0,38155.4241,22050.7163
129.516,2473,2317,Running,0,0.00,1,0,0,0,-1.0000,0.0,0,0.000,0.000,0.000,0.0,0.0,0.0,0,27698.9283,21535.2919
129.533,2447,2293,Running,0,0.00,1,0,0,0,-1.0000,0.0,0,0.000,0.000,0.000,0.0,0.0,0.0,0,44480.7227,18318.2867
129.549,2422,2269,Running,0,0.00,1,0,0,0,-1.0000,0.0,0,0.000,0.000,0.000,0.0,0.0,0.0,0,28523.7182,21080.5005
129.566,2396,2245,Running,0,0.00,1,0,0,0,-1.0000,0.0,0,0.000,0.000,0.000,0.0,0.0,0.0,0,43165.3440,16449.1415
129.583,2371,2221,Running,0,0.00,1,0,0,0,-1.0000,0.0,0,0.000,0.000,0.000,0.0,0.0,0.0,0,27426.0850,21568.3768
129.599,2346,2198,Running,1,0.00,1,0,0,0,-1.0000,0.0,0,0.000,0.000,0.000,0.0,0.0,0.0,0,41388.9474,21330.7463
129.616,2322,2174,Running,3,0.00,1,0,0,0,-1.0000,0.0,0,0.000,0.000,0.000,0.0,0.0,0.0,0,26952.8111,21304.1540
129.633,2297,2151,Running,4,0.00,1,0,0,0,-1.0000,0.0,0,0.000,0.000,0.000,0.0,0.0,0.0,0,41155.6948,20925.7010
129.649,2273,2128,Running,4,0.00,1,0,0,0,-1.0000,0.0,0,0.000,0.000,0.000,0.0,0.0,0.0,0,29517.8588,19792.3019
129.666,2249,2106,Running,4,0.00,1,0,0,0,-1.0000,0.0,0,0.000,0.000,0.000,0.0,0.0,0.0,0,34009.2141,21095.1343
129.683,2225,2086,Running,4,0.00,1,0,0,0,-1.0000,0.0,0,0.000,0.000,0.000,0.0,0.0,0.0,0,42868.8112,19361.6229
129.697,2202,2066,Running,4,0.00,1,0,0,0,-1.0000,0.0,0,0.000,0.000,0.000,0.0,0.0,0.0,0,33968.5328,21328.0861
129.716,2180,2046,Running,4,0.00,1,0,0,0,-1.0000,0.0,0,0.000,0.000,0.000,0.0,0.0,0.0,0,36712.4311,21157.3622
129.733,2158,2027,Running,4,0.00,1,0,0,0,-1.0000,0.0,0,0.000,0.000,0.000,0.0,0.0,0.0,0,43615.0292,20843.8574
129.749,2136,2008,Running,4,0.00,1,0,0,0,-1.0000,0.0,0,0.000,0.000,0.000,0.0,0.0,0.0,0,40588.9397,20892.2785
129.766,2115,1989,Running,4,0.00,1,0,0,0,-1.0000,0.0,0,0.000,0.000,0.000,0.0,0.0,0.0,0,36599.5646,20207.1370
129.783,2094,1971,Running,4,0.00,1,0,0,0,-1.0000,0.0,0,0.000,0.000,0.000,0.0,0.0,0.0,0,39073.8373,21430.0409
129.799,2074,1953,Running,11,0.00,1,0,0,0,-1.0000,0.0,0,0.000,0.640,0.000,0.0,0.0,0.0,0,39426.2266,20691.4298
129.816,2054,1937,Running,11,0.00,1,0,0,0,-1.0000,0.0,0,0.000,0.640,0.000,0.0,0.0,0.0,0,45074.7972,21288.2438
129.833,2035,1925,Running,12,0.00,1,0,0,0,-1.0000,0.0,0,0.000,0.640,0.000,0.0,0.0,0.0,0,52174.0872,21288.2438
129.849,2017,1915,Running,12,0.00,1,0,0,0,-1.0000,0.0,0,0.000,0.640,0.000,0.0,0.0,0.0,0,59926.9415,20711.0284
129.866,2001,1907,Running,12,0.00,1,0,0,0,-1.0000,0.0,0,0.000,0.640,0.000,0.0,0.0,0.0,0,63503.4806,20720.0886
129.883,1986,1902,Running,12,0.00,1,0,0,0,-1.0000,0.0,0,0.000,0.640,0.000,0.0,0.0,0.0,0,70734.0795,23914.8881
129.899,1973,1899,Running,12,0.00,1,0,0,0,-1.0000,0.0,0,0.000,0.640,0.000,0.0,0.0,0.0,0,74408.6745,25585.7881
129.916,1962,1900,Running,12,0.00,1,0,0,0,-1.0000,0.0,0,0.000,0.640,0.000,0.0,0.0,0.0,0,81381.3898,23078.5748
129.933,1952,1903,Running,12,0.00,1,0,0,0,-1.0000,0.0,0,0.000,0.640,0.000,0.0,0.0,0.0,0,87108.4546,25298.3384
129.947,1945,1907,Running,12,0.00,1,0,0,0,-1.0000,0.0,0,0.000,0.640,0.000,0.0,0.0,0.0,0,93499.4679,25298.3384
129.966,1940,1914,Running,12,0.00,1,0,0,0,-1.0000,0.0,0,0.000,0.640,0.000,0.0,0.0,0.0,0,101673.8634,23175.5938
129.983,1936,1921,Running,12,0.00,1,0,0,0,-1.0000,0.0,0,0.000,0.640,0.000,0.0,0.0,0.0,0,109239.8450,23992.7375
129.999,1935,1929,Running,16,0.00,1,0,0,0,-1.0000,0.0,0,0.000,0.640,0.000,0.0,0.0,0.0,0,108680.0533,24645.4929
130.016,1935,1939,Running,16,0.00,1,0,0,0,-1.0000,0.0,0,0.000,1.280,0.000,0.0,0.0,0.0,0,101361.5516,23115.7523
130.033,1936,1952,Running,18,0.00,1,0,0,0,-1.0000,0.0,0,0.000,1.280,0.000,0.0,0.0,0.0,0,104769.1948,22270.4723
130.049,1940,1970,Running,18,0.00,1,0,0,0,-1.0000,0.0,0,0.000,1.280,0.000,0.0,0.0,0.0,0,115869.8439,23568.0226
130.066,1946,1992,Running,18,0.00,1,0,0,0,-1.0000,0.0,0,0.000,1.280,0.000,0.0,0.0,0.0,0,131518.8929,22967.4952
130.083,1955,2014,Running,18,0.00,1,0,0,0,-1.0000,0.0,0,0.000,1.280,0.000,0.0,0.0,0.0,0,152499.4681,21779.2519
130.099,1966,2039,Running,18,0.00,1,0,0,0,-1.0000,0.0,0,0.000,1.280,0.000,0.0,0.0,0.0,0,151092.2805,16690.8484
130.116,1980,2069,Running,18,0.00,1,0,0,0,-1.0000,0.0,0,0.000,1.280,0.000,0.0,0.0,0.0,0,135838.0117,16690.8484
130.133,1996,2100,Running,18,0.00,1,0,0,0,-1.0000,0.0,0,0.000,1.280,0.000,0.0,0.0,0.0,0,160880.6634,23033.1361
130.149,2014,2129,Running,18,0.00,1,0,0,0,-1.0000,0.0,0,0.000,1.280,0.000,0.0,0.0,0.0,0,190430.6742,22363.6397
130.166,2035,2162,Running,18,0.00,1,0,0,0,-1.0000,0.0,0,0.000,1.280,0.000,0.0,0.0,0.0,0,146143.8901,22746.0534
130.183,2057,2195,Running,18,0.00,1,0,0,0,-1.0000,0.0,0,0.000,1.280,0.000,0.0,0.0,0.0,0,190891.9020,20108.5236
130.199,2080,2226,Running,18,0.00,1,0,0,0,-1.0000,0.0,0,0.000,1.280,0.000,0.0,0.0,0.0,0,172088.8307,22228.7194
130.216,2106,2261,Running,18,0.00,1,0,0,0,-1.0000,0.0,0,0.000,1.280,0.000,0.0,0.0,0.0,0,189062.4380,22228.7194
130.233,2132,2293,Running,18,0.00,1,0,0,0,-1.0000,0.0,0,0.000,1.280,0.000,0.0,0.0,0.0,0,185913.2579,22432.8195
130.249,2160,2327,Running,24,0.00,1,0,0,0,-1.0000,0.0,0,0.000,1.280,0.000,0.0,0.0,0.0,0,210919.9478,22113.0619
130.266,2188,2363,Running,24,0.00,1,0,0,0,-1.0000,0.0,0,0.000,1.280,0.000,0.0,0.0,0.0,0,177173.6953,21426.5846
130.283,2218,2397,Running,24,0.00,1,0,0,0,-1.0000,0.0,0,0.000,2.560,0.000,0.0,0.0,0.0,0,232578.5266,22014.6733
130.299,2249,2439,Running,24,0.00,1,0,0,0,-1.0000,0.0,0,0.000,2.560,0.000,0.0,0.0,0.0,0,215241.9121,19905.4130
130.316,2281,2486,Running,24,0.00,1,0,0,0,-1.0000,0.0,0,0.000,2.560,0.000,0.0,0.0,0.0,0,220580.7492,22769.3537
130.333,2317,2534,Running,24,0.00,1,0,0,0,-1.0000,0.0,0,0.000,2.560,0.000,0.0,0.0,0.0,0,250671.6628,21835.7206
130.349,2354,2588,Running,24,0.00,1,0,0,0,-1.0000,0.0,0,0.000,2.560,0.000,0.0,0.0,0.0,0,265162.2606,22697.2366
130.366,2395,2644,Running,24,0.00,1,0,0,0,-1.0000,0.0,0,0.000,2.560,0.000,0.0,0.0,0.0,0,270971.1176,21877.5614
130.383,2438,2705,Running,24,0.00,1,0,0,0,-1.0000,0.0,0,0.000,2.560,0.000,0.0,0.0,0.0,0,272647.1184,21729.6689
130.399,2484,2767,Running,24,0.00,1,0,0,0,-1.0000,0.0,0,0.000,2.560,0.000,0.0,0.0,0.0,0,271623.4737,22716.3122
130.416,2533,2832,Running,27,0.00,1,0,0,0,-1.0000,0.0,0,0.000,2.560,0.000,0.0,0.0,0.0,0,275016.0941,21533.3897
130.433,2585,2902,Running,27,0.00,1,0,0,0,-1.0000,0.0,0,0.000,2.560,0.000,0.0,0.0,0.0,0,282674.6025,20906.3625
130.449,2639,2975,Running,27,0.00,1,0,0,0,-1.0000,0.0,0,0.000,2.560,0.000,0.0,0.0,0.0,0,305127.4999,22181.6094
130.466,2697,3050,Running,28,0.00,1,0,0,0,-1.0000,0.0,0,0.000,2.560,0.000,0.0,0.0,0.0,0,345491.3686,22181.6094
130.483,2758,3133,Running,28,0.00,1,0,0,0,-1.0000,0.0,0,0.000,4.240,0.000,0.0,0.0,0.0,0,305749.7330,19590.7954
130.499,2822,3216,Running,28,0.00,1,0,0,0,-1.0000,0.0,0,0.000,4.240,0.000,0.0,0.0,0.0,0,361863.9244,18778.7723
130.516,2889,3303,Running,28,0.00,1,0,0,0,-1.0000,0.0,0,0.000,4.240,0.000,0.0,0.0,0.0,0,330326.5275,19299.9494
130.533,2959,3387,Running,28,0.00,1,0,0,0,-1.0000,0.0,0,0.000,4.240,0.000,0.0,0.0,0.0,0,370564.2006,19454.9972
130.549,3032,3473,Running,28,0.00,1,0,0,0,-1.0000,0.0,0,0.000,4.240,0.000,0.0,0.0,0.0,0,386804.6762,19092.5058
130.566,3107,3559,Running,28,0.00,1,0,0,0,-1.0000,0.0,0,0.000,4.240,0.000,0.0,0.0,0.0,0,378130.7317,18628.9929
130.583,3183,3646,Running,28,0.00,1,0,0,0,-1.0000,0.0,0,0.000,4.240,0.000,0.0,0.0,0.0,0,387454.7654,18628.9929
130.599,3262,3734,Running,28,0.00,1,0,0,0,-1.0000,0.0,0,0.000,4.240,0.000,0.0,0.0,0.0,0,397593.5351,16779.1258
130.616,3341,3822,Running,28,0.00,1,0,0,0,-1.0000,0.0,0,0.000,4.240,0.000,0.0,0.0,0.0,0,388839.3289,14728.2842
130.633,3422,3912,Running,28,0.00,1,0,0,0,-1.0000,0.0,0,0.000,4.240,0.000,0.0,0.0,0.0,0,406573.1548,18045.4037
130.649,3504,3999,Running,28,0.00,1,0,0,0,-1.0000,0.0,0,0.000,4.240,0.000,0.0,0.0,0.0,0,440136.4796,16113.4964
130.666,3588,4090,Running,28,0.00,1,0,0,0,-1.0000,0.0,0,0.000,4.240,0.000,0.0,0.0,0.0,0,409190.8311,17532.8321
130.683,3672,4176,Running,28,0.00,1,0,0,0,-1.0000,0.0,0,0.000,4.240,0.000,0.0,0.0,0.0,0,458410.2856,12643.8761
130.699,3756,4262,Running,28,0.00,1,0,0,0,-1.0000,0.0,0,0.000,4.240,0.000,0.0,0.0,0.0,0,428205.4181,15439.4314
130.716,3841,4346,Running,28,0.00,1,0,0,0,-1.0000,0.0,0,0.000,4.240,0.000,0.0,0.0,0.0,0,443036.0210,15045.3315
130.733,3925,4427,Running,28,0.00,1,0,0,0,-1.0000,0.0,0,0.000,4.240,0.000,0.0,0.0,0.0,0,457637.7945,17276.1754
130.749,4008,4509,Running,28,0.00,1,0,0,0,-1.0000,0.0,0,0.000,4.240,0.000,0.0,0.0,0.0,0,464326.5693,16463.5086
130.766,4092,4591,Running,28,0.00,1,0,0,0,-1.0000,0.0,0,0.000,4.240,0.000,0.0,0.0,0.0,0,473070.4999,15944.5694
130.783,4175,4671,Running,29,0.00,1,0,0,0,-1.0000,0.0,0,0.000,8.240,0.000,0.0,0.0,0.0,0,481966.7627,18559.9718
130.799,4257,4749,Running,29,0.00,1,0,0,0,-1.0000,0.0,0,0.000,8.240,0.000,0.0,0.0,0.0,0,495306.6499,18114.1857
130.816,4339,4827,Running,29,0.00,1,0,0,0,-1.0000,0.0,0,0.000,8.240,0.000,0.0,0.0,0.0,0,495506.9209,18748.1495
130.833,4420,4906,Running,29,0.00,1,0,0,0,-1.0000,0.0,0,0.000,8.240,0.000,0.0,0.0,0.0,0,493998.0296,16104.1698
130.847,4501,4980,Running,29,0.00,1,0,0,0,-1.0000,0.0,0,0.000,8.240,0.000,0.0,0.0,0.0,0,521512.9259,16104.1698
130.866,4581,5055,Running,29,0.00,1,0,0,0,-1.0000,0.0,0,0.000,8.240,0.000,0.0,0.0,0.0,0,500636.7248,18435.4900
130.883,4659,5129,Running,29,0.00,1,0,0,0,-1.0000,0.0,0,0.000,8.240,0.000,0.0,0.0,0.0,0,518270.2706,16838.5502
130.897,4737,5198,Running,29,0.00,1,0,0,0,-1.0000,0.0,0,0.000,8.240,0.000,0.0,0.0,0.0,0,537712.1779,16029.9562
130.916,4813,5266,Running,29,0.00,1,0,0,0,-1.0000,0.0,0,0.000,8.240,0.000,0.0,0.0,0.0,0,523203.3509,16721.3582
130.933,4889,5334,Running,29,0.00,1,0,0,0,-1.0000,0.0,0,0.000,10.320,0.000,0.0,0.0,0.0,0,530441.7194,16379.5031
130.947,4962,5401,Running,29,0.00,1,0,0,0,-1.0000,0.0,0,0.000,10.320,0.000,0.0,0.0,0.0,0,535499.3987,16734.5848
130.966,5035,5465,Running,29,0.00,1,0,0,0,-1.0000,0.0,0,0.000,10.320,0.000,0.0,0.0,0.0,0,542742.4746,16735.1203
130.983,5106,5528,Running,29,0.00,1,0,0,0,-1.0000,0.0,0,0.000,10.320,0.000,0.0,0.0,0.0,0,549049.2246,16735.1203
130.997,5176,5589,Running,29,0.00,1,0,0,0,-1.0000,0.0,0,0.000,10.320,0.000,0.0,0.0,0.0,0,549772.6050,17083.9887
131.016,5244,5649,Running,29,0.00,1,0,0,0,-1.0000,0.0,0,0.000,10.320,0.000,0.0,0.0,0.0,0,543612.3881,18422.0909
131.033,5311,5707,Running,29,0.00,1,0,0,0,-1.0000,0.0,0,0.000,10.320,0.000,0.0,0.0,0.0,0,558658.5787,18271.0193
131.049,5376,5764,Running,29,0.00,1,0,0,0,-1.0000,0.0,0,0.000,10.320,0.000,0.0,0.0,0.0,0,566653.3406,18497.8404
131.066,5441,5823,Running,30,0.00,1,0,0,0,-1.0000,0.0,0,0.000,10.320,0.000,0.0,0.0,0.0,0,554759.8112,17985.9804
131.083,5504,5879,Running,30,0.00,1,0,0,0,-1.0000,0.0,0,0.000,12.000,0.000,0.0,0.0,0.0,0,582156.9633,20463.5728
131.097,5566,5937,Running,30,0.00,1,0,0,0,-1.0000,0.0,0,0.000,12.000,0.000,0.0,0.0,0.0,0,574176.1317,18387.8426
131.116,5628,5995,Running,30,0.00,1,0,0,0,-1.0000,0.0,0,0.000,12.000,0.000,0.0,0.0,0.0,0,592084.8842,18873.9709
131.133,5689,6052,Running,30,0.00,1,0,0,0,-1.0000,0.0,0,0.000,12.000,0.000,0.0,0.0,0.0,0,597245.0426,18285.5485
131.149,5749,6110,Running,30,0.00,1,0,0,0,-1.0000,0.0,0,0.000,12.000,0.000,0.0,0.0,0.0,0,596065.0677,20013.9307
131.166,5809,6166,Running,31,0.00,1,0,0,0,-1.0000,0.0,0,0.000,12.000,0.000,0.0,0.0,0.0,0,601666.3215,18494.5850
131.183,5868,6223,Running,31,0.00,1,0,0,0,-1.0000,0.0,0,0.000,12.000,0.000,0.0,0.0,0.0,0,616586.6594,19063.2652
131.199,5927,6280,Running,31,0.00,1,0,0,0,-1.0000,0.0,0,0.000,12.000,0.000,0.0,0.0,0.0,0,628532.8015,19357.5412
131.216,5986,6338,Running,31,0.00,1,0,0,0,-1.0000,0.0,0,0.000,12.000,0.000,0.0,0.0,0.0,0,632313.5351,18332.6657
131.233,6045,6397,Running,31,0.00,1,0,0,0,-1.0000,0.0,0,0.000,12.000,0.000,0.0,0.0,0.0,0,641582.1862,19732.4318
131.249,6103,6452,Running,31,0.00,1,0,0,0,-1.0000,0.0,0,0.000,12.000,0.000,0.0,0.0,0.0,0,647309.5955,17340.3389
131.266,6161,6507,Running,31,0.00,1,0,0,0,-1.0000,0.0,0,0.000,12.000,0.000,0.0,0.0,0.0,0,652457.3582,18145.5674
131.283,6219,6564,Running,33,0.00,1,0,0,0,-1.0000,0.0,0,0.000,12.000,0.000,0.0,0.0,0.0,0,656330.9501,18145.5674
131.299,6277,6623,Running,34,0.00,1,0,0,0,-1.0000,0.0,0,0.000,14.560,0.000,0.0,0.0,0.0,0,664633.9588,18506.4458
131.316,6335,6681,Running,34,0.00,1,0,0,0,-1.0000,0.0,0,0.000,14.560,0.000,0.0,0.0,0.0,0,692637.7643,18674.1875
131.333,6393,6746,Running,34,0.00,1,0,0,0,-1.0000,0.0,0,0.000,14.560,0.000,0.0,0.0,0.0,0,707417.5745,18749.3714
131.349,6452,6807,Running,34,0.00,1,0,0,0,-1.0000,0.0,0,0.000,14.560,0.000,0.0,0.0,0.0,0,715819.9696,17958.4348
131.366,6512,6871,Running,34,0.00,1,0,0,0,-1.0000,0.0,0,0.000,14.560,0.000,0.0,0.0,0.0,0,725140.6271,18574.6886
131.383,6572,6932,Running,34,0.00,1,0,0,0,-1.0000,0.0,0,0.000,14.560,0.000,0.0,0.0,0.0,0,739721.1295,18216.9663
131.399,6632,6992,Running,35,0.00,1,0,0,0,-1.0000,0.0,0,0.000,14.560,0.000,0.0,0.0,0.0,0,730374.0924,17694.2593
131.416,6693,7055,Running,35,0.00,1,0,0,0,-1.0000,0.0,0,0.000,16.000,0.000,0.0,0.0,0.0,0,747100.9496,17475.5712
131.433,6753,7120,Running,35,0.00,1,0,0,0,-1.0000,0.0,0,0.000,16.000,0.000,0.0,0.0,0.0,0,762875.6444,16815.1890
131.449,6815,7184,Running,35,0.00,1,0,0,0,-1.0000,0.0,0,0.000,16.000,0.000,0.0,0.0,0.0,0,773679.9001,16766.1947
131.466,6876,7247,Running,35,0.00,1,0,0,0,-1.0000,0.0,0,0.000,16.000,0.000,0.0,0.0,0.0,0,777552.5580,17884.3744
131.483,6938,7310,Running,35,0.00,1,0,0,0,-1.0000,0.0,0,0.000,16.000,0.000,0.0,0.0,0.0,0,785029.3905,16339.0974
131.499,7001,7372,Running,35,0.00,1,0,0,0,-1.0000,0.0,0,0.000,16.000,0.000,0.0,0.0,0.0,0,793191.0631,17735.1298
131.516,7062,7433,Running,35,0.00,1,0,0,0,-1.0000,0.0,0,0.000,16.000,0.000,0.0,0.0,0.0,0,800190.7554,16983.0243
131.533,7124,7494,Running,35,0.00,1,0,0,0,-1.0000,0.0,0,0.000,17.440,0.000,0.0,0.0,0.0,0,799997.2761,16600.2953
131.547,7186,7552,Running,36,0.00,1,0,0,0,-1.0000,0.0,0,0.000,17.440,0.000,0.0,0.0,0.0,0,806265.8528,17094.0168
131.566,7247,7614,Running,36,0.00,1,0,0,0,-1.0000,0.0,0,0.000,17.440,0.000,0.0,0.0,0.0,0,823680.3661,16214.2785
131.583,7308,7675,Running,36,0.00,1,0,0,0,-1.0000,0.0,0,0.000,17.440,0.000,0.0,0.0,0.0,0,821336.5344,16710.6470
131.599,7369,7736,Running,36,0.00,1,0,0,0,-1.0000,0.0,0,0.000,17.440,0.000,0.0,0.0,0.0,0,841012.2577,14605.8508
131.616,7431,7796,Running,37,0.00,1,0,0,0,-1.0000,0.0,0,0.000,17.440,0.000,0.0,0.0,0.0,0,836975.3981,16784.9374
131.633,7492,7857,Running,37,0.00,1,0,0,0,-1.0000,0.0,0,0.000,17.440,0.000,0.0,0.0,0.0,0,847343.6378,16784.9374
131.647,7553,7917,Running,37,0.00,1,0,0,0,-1.0000,0.0,0,0.000,17.440,0.000,0.0,0.0,0.0,0,857948.8366,15677.7976
131.666,7613,7976,Running,38,0.00,1,0,0,0,-1.0000,0.0,0,0.000,17.440,0.000,0.0,0.0,0.0,0,863607.5399,16348.5891
131.683,7674,8035,Running,38,0.00,1,0,0,0,-1.0000,0.0,0,0.000,17.440,0.000,0.0,0.0,0.0,0,870432.2231,15324.4801
131.697,7734,8094,Running,38,0.00,1,0,0,0,-1.0000,0.0,0,0.000,17.440,0.000,0.0,0.0,0.0,0,876304.3345,15448.0164
131.716,7794,8154,Running,38,0.00,1,0,0,0,-1.0000,0.0,0,0.000,17.440,0.000,0.0,0.0,0.0,0,885534.4355,14674.0262
131.733,7854,8213,Running,38,0.00,1,0,0,0,-1.0000,0.0,0,0.000,17.440,0.000,0.0,0.0,0.0,0,890148.7772,16041.7850
131.749,7914,8270,Running,38,0.00,1,0,0,0,-1.0000,0.0,0,0.000,17.440,0.000,0.0,0.0,0.0,0,892469.3094,17076.3228
131.766,7973,8328,Running,38,0.00,1,0,0,0,-1.0000,0.0,0,0.000,17.440,0.000,0.0,0.0,0.0,0,897757.7518,16730.1545
131.783,8032,8383,Running,38,0.00,1,0,0,0,-1.0000,0.0,0,0.000,17.440,0.000,0.0,0.0,0.0,0,904339.4570,16638.3279
131.799,8090,8438,Running,38,0.00,1,0,0,0,-1.0000,0.0,0,0.000,17.440,0.000,0.0,0.0,0.0,0,912695.7497,16638.3279
131.816,8148,8492,Running,40,0.00,1,0,0,0,-1.0000,0.0,0,0.000,17.440,0.000,0.0,0.0,0.0,0,910892.9964,15079.1768
131.833,8206,8553,Running,40,0.00,1,0,0,0,-1.0000,0.0,0,0.000,17.440,0.000,0.0,0.0,0.0,0,935395.6656,14903.9698
131.847,8264,8613,Running,40,0.00,1,0,0,0,-1.0000,0.0,0,0.000,21.280,0.000,0.0,0.0,0.0,0,942488.6578,16015.4677
131.866,8323,8677,Running,41,0.00,1,0,0,0,-1.0000,0.0,0,0.000,21.280,0.000,0.0,0.0,0.0,0,959273.4670,15939.0835
131.883,8382,8740,Running,41,0.00,1,0,0,0,-1.0000,0.0,0,0.000,21.280,0.000,0.0,0.0,0.0,0,963978.0216,15145.1231
131.899,8442,8804,Running,41,0.00,1,0,0,0,-1.0000,0.0,0,0.000,21.280,0.000,0.0,0.0,0.0,0,974313.3170,15306.7885
131.916,8503,8870,Running,41,0.00,1,0,0,0,-1.0000,0.0,0,0.000,21.280,0.000,0.0,0.0,0.0,0,980835.8194,15648.0250
131.933,8565,8933,Running,41,0.00,1,0,0,0,-1.0000,0.0,0,0.000,21.280,0.000,0.0,0.0,0.0,0,992578.0167,16713.6935
131.947,8626,8995,Running,41,0.00,1,0,0,0,-1.0000,0.0,0,0.000,21.280,0.000,0.0,0.0,0.0,0,992368.6739,16713.6935
131.966,8688,9054,Running,41,0.00,1,0,0,0,-1.0000,0.0,0,0.000,21.280,0.000,0.0,0.0,0.0,0,997630.3335,16912.2361
131.983,8749,9114,Running,41,0.00,1,0,0,0,-1.0000,0.0,0,0.000,21.280,0.000,0.0,0.0,0.0,0,1002862.2516,16015.6592
131.999,8810,9173,Running,41,0.00,1,0,0,0,-1.0000,0.0,0,0.000,21.280,0.000,0.0,0.0,0.0,0,1007844.3705,15632.1027
132.016,8870,9233,Running,42,0.00,1,0,0,0,-1.0000,0.0,0,0.000,21.280,0.000,0.0,0.0,0.0,0,1017746.4054,16660.1597
132.033,8931,9292,Running,42,0.00,1,0,0,0,-1.0000,0.0,0,0.000,21.280,0.000,0.0,0.0,0.0,0,1023795.8339,16660.1597
132.049,8985,9250,Running,42,0.00,1,0,0,0,-1.0000,0.0,0,0.000,23.760,0.000,0.0,0.0,0.0,0,453489.5927,17043.8262
132.066,9020,9177,Running,42,0.00,1,0,0,0,-1.0000,0.0,0,0.000,23.760,0.000,0.0,0.0,0.0,0,155698.2427,16370.8852
132.083,9038,9104,Running,42,0.00,1,0,0,0,-1.0000,0.0,0,0.000,23.760,0.000,0.0,0.0,0.0,0,146118.4709,13714.5439
132.099,9043,9032,Running,42,0.00,1,0,0,0,-1.0000,0.0,0,0.000,23.760,0.000,0.0,0.0,0.0,0,142875.2265,12377.8637
132.116,9035,8960,Running,42,0.00,1,0,0,0,-1.0000,0.0,0,0.000,23.760,0.000,0.0,0.0,0.0,0,142678.7578,16299.7228
132.133,9018,8889,Running,42,0.00,1,0,0,0,-1.0000,0.0,0,0.000,23.760,0.000,0.0,0.0,0.0,0,142839.2137,16299.7228
132.147,8996,8901,Running,42,0.00,1,0,0,0,-1.0000,0.0,0,0.000,23.760,0.000,0.0,0.0,0.0,0,508212.0236,17105.4177
132.166,8988,8976,Running,42,0.00,1,0,0,0,-1.0000,0.0,0,0.000,23.760,0.000,0.0,0.0,0.0,0,1031987.6062,17309.5885
132.183,8991,9043,Running,42,0.00,1,0,0,0,-1.0000,0.0,0,0.000,23.760,0.000,0.0,0.0,0.0,0,1013651.0052,19479.5225
132.199,9004,9109,Running,44,0.00,1,0,0,0,-1.0000,0.0,0,0.000,23.760,0.000,0.0,0.0,0.0,0,1016359.4875,19479.5225
132.216,9026,9177,Running,45,0.00,1,0,0,0,-1.0000,0.0,0,0.000,23.760,0.000,0.0,0.0,0.0,0,1029431.6491,15969.5336
132.233,9055,9247,Running,45,0.00,1,0,0,0,-1.0000,0.0,0,0.000,26.000,0.000,0.0,0.0,0.0,0,1040751.8368,15546.9818
132.247,9090,9302,Running,45,0.00,1,0,0,0,-1.0000,0.0,0,0.000,26.000,0.000,0.0,0.0,0.0,0,1047390.8661,16749.0630
132.266,9117,9230,Running,45,0.00,1,0,0,0,-1.0000,0.0,0,0.000,26.000,0.000,0.0,0.0,0.0,0,174480.5193,15447.1026
132.283,9128,9157,Running,45,0.00,1,0,0,0,-1.0000,0.0,0,0.000,26.000,0.000,0.0,0.0,0.0,0,152572.4055,16767.8349
132.297,9127,9084,Running,45,0.00,1,0,0,0,-1.0000,0.0,0,0.000,26.000,0.000,0.0,0.0,0.0,0,151909.5636,10993.2421
132.316,9115,9012,Running,45,0.00,1,0,0,0,-1.0000,0.0,0,0.000,26.000,0.000,0.0,0.0,0.0,0,151955.9017,10457.8648
132.333,9093,8941,Running,45,0.00,1,0,0,0,-1.0000,0.0,0,0.000,26.000,0.000,0.0,0.0,0.0,0,150890.3697,16548.1412
132.347,9064,8870,Running,45,0.00,1,0,0,0,-1.0000,0.0,0,0.000,26.000,0.000,0.0,0.0,0.0,0,150754.3704,16466.2683
132.366,9039,8944,Running,45,0.00,1,0,0,0,-1.0000,0.0,0,0.000,26.000,0.000,0.0,0.0,0.0,0,847468.5225,17704.0533
132.383,9031,9024,Running,45,0.00,1,0,0,0,-1.0000,0.0,0,0.000,26.000,0.000,0.0,0.0,0.0,0,1038805.6988,18434.1687
132.397,9036,9102,Running,46,0.00,1,0,0,0,-1.0000,0.0,0,0.000,26.000,0.000,0.0,0.0,0.0,0,1039536.9684,16750.5000
132.416,9052,9179,Running,46,0.00,1,0,0,0,-1.0000,0.0,0,0.000,26.000,0.000,0.0,0.0,0.0,0,1047453.7651,17428.5229
132.433,9078,9254,Running,46,0.00,1,0,0,0,-1.0000,0.0,0,0.000,28.480,0.000,0.0,0.0,0.0,0,1056717.6096,14586.6738
132.449,9110,9291,Running,46,0.00,1,0,0,0,-1.0000,0.0,0,0.000,28.480,0.000,0.0,0.0,0.0,0,936750.5323,16515.0598
132.466,9132,9219,Running,46,0.00,1,0,0,0,-1.0000,0.0,0,0.000,28.480,0.000,0.0,0.0,0.0,0,166683.2117,16759.2569
132.483,9140,9146,Running,46,0.00,1,0,0,0,-1.0000,0.0,0,0.000,28.480,0.000,0.0,0.0,0.0,0,160789.1404,18076.0725
132.497,9135,9074,Running,46,0.00,1,0,0,0,-1.0000,0.0,0,0.000,28.480,0.000,0.0,0.0,0.0,0,155872.1378,8884.6621
132.516,9120,9002,Running,46,0.00,1,0,0,0,-1.0000,0.0,0,0.000,28.480,0.000,0.0,0.0,0.0,0,153504.7144,13617.6342
132.533,9096,8930,Running,45,0.00,1,0,0,0,-1.0000,0.0,0,0.000,28.480,0.000,0.0,0.0,0.0,0,152765.5355,15535.5395
132.549,9065,8865,Running,45,0.00,1,0,0,0,-1.0000,0.0,0,0.000,30.080,0.000,0.0,0.0,0.0,0,151658.0860,15535.5395
132.566,9042,8958,Running,46,0.00,1,0,0,0,-1.0000,0.0,0,0.000,30.080,0.000,0.0,0.0,0.0,0,974505.5014,16175.6066
132.583,9035,9039,Running,46,0.00,1,0,0,0,-1.0000,0.0,0,0.000,30.080,0.000,0.0,0.0,0.0,0,1042553.7785,19869.8616
132.597,9042,9119,Running,46,0.00,1,0,0,0,-1.0000,0.0,0,0.000,30.080,0.000,0.0,0.0,0.0,0,1047232.6943,18322.9481
132.616,9060,9196,Running,46,0.00,1,0,0,0,-1.0000,0.0,0,0.000,30.080,0.000,0.0,0.0,0.0,0,1052174.6023,14411.5181
132.633,9087,9271,Running,46,0.00,1,0,0,0,-1.0000,0.0,0,0.000,30.080,0.000,0.0,0.0,0.0,0,1056661.7493,15211.6539
132.647,9118,9273,Running,46,0.00,1,0,0,0,-1.0000,0.0,0,0.000,30.080,0.000,0.0,0.0,0.0,0,725333.4699,15416.9418
132.666,9136,9200,Running,46,0.00,1,0,0,0,-1.0000,0.0,0,0.000,30.080,0.000,0.0,0.0,0.0,0,163739.8410,15416.9418
132.683,9140,9128,Running,46,0.00,1,0,0,0,-1.0000,0.0,0,0.000,30.080,0.000,0.0,0.0,0.0,0,154866.5332,12561.6399
132.699,9133,9055,Running,46,0.00,1,0,0,0,-1.0000,0.0,0,0.000,30.080,0.000,0.0,0.0,0.0,0,152572.8433,13821.9564
132.716,9115,8984,Running,45,0.00,1,0,0,0,-1.0000,0.0,0,0.000,30.080,0.000,0.0,0.0,0.0,0,152781.8035,9348.0763
132.733,9089,8912,Running,45,0.00,1,0,0,0,-1.0000,0.0,0,0.000,30.080,0.000,0.0,0.0,0.0,0,152679.1399,16670.7994
132.749,9057,8885,Running,45,0.00,1,0,0,0,-1.0000,0.0,0,0.000,32.640,0.000,0.0,0.0,0.0,0,279334.0999,17643.9147
132.766,9038,8976,Running,45,0.00,1,0,0,0,-1.0000,0.0,0,0.000,32.640,0.000,0.0,0.0,0.0,0,1063993.1038,16406.9897
132.783,9035,9054,Running,45,0.00,1,0,0,0,-1.0000,0.0,0,0.000,32.640,0.000,0.0,0.0,0.0,0,1037147.3504,18373.2431
132.799,9044,9128,Running,45,0.00,1,0,0,0,-1.0000,0.0,0,0.000,32.640,0.000,0.0,0.0,0.0,0,1038891.6015,16821.0343
132.816,9063,9202,Running,45,0.00,1,0,0,0,-1.0000,0.0,0,0.000,32.640,0.000,0.0,0.0,0.0,0,1043489.8788,14702.6854
132.833,9090,9275,Running,45,0.00,1,0,0,0,-1.0000,0.0,0,0.000,32.640,0.000,0.0,0.0,0.0,0,1050939.8957,15016.8801
132.849,9121,9269,Running,43,0.00,1,0,0,0,-1.0000,0.0,0,0.000,32.640,0.000,0.0,0.0,0.0,0,680055.7817,16491.0572
132.866,9138,9196,Running,43,0.00,1,0,0,0,-1.0000,0.0,0,0.000,32.640,0.000,0.0,0.0,0.0,0,155813.9922,16683.5972
132.883,9141,9124,Running,43,0.00,1,0,0,0,-1.0000,0.0,0,0.000,34.160,0.000,0.0,0.0,0.0,0,152677.8194,14885.3641
132.899,9132,9052,Running,43,0.00,1,0,0,0,-1.0000,0.0,0,0.000,34.160,0.000,0.0,0.0,0.0,0,148203.5073,14969.8611
132.916,9114,8980,Running,43,0.00,1,0,0,0,-1.0000,0.0,0,0.000,34.160,0.000,0.0,0.0,0.0,0,145739.9342,10186.2634
132.933,9088,8908,Running,43,0.00,1,0,0,0,-1.0000,0.0,0,0.000,34.160,0.000,0.0,0.0,0.0,0,144201.5557,10186.2634
132.947,9056,8884,Running,43,0.00,1,0,0,0,-1.0000,0.0,0,0.000,34.160,0.000,0.0,0.0,0.0,0,304448.3171,16049.1486
132.966,9036,8966,Running,43,0.00,1,0,0,0,-1.0000,0.0,0,0.000,34.160,0.000,0.0,0.0,0.0,0,1044131.1159,16554.7122
132.983,9031,9037,Running,43,0.00,1,0,0,0,-1.0000,0.0,0,0.000,34.160,0.000,0.0,0.0,0.0,0,1018467.0932,18830.0686
132.997,9038,9107,Running,43,0.00,1,0,0,0,-1.0000,0.0,0,0.000,34.160,0.000,0.0,0.0,0.0,0,1022228.7594,18164.4256
133.016,9054,9173,Running,43,0.00,1,0,0,0,-1.0000,0.0,0,0.000,34.160,0.000,0.0,0.0,0.0,0,1024666.7711,15438.4710
133.033,9077,9239,Running,44,0.00,1,0,0,0,-1.0000,0.0,0,0.000,34.160,0.000,0.0,0.0,0.0,0,1033947.9256,15876.1146
133.047,9107,9303,Running,44,0.00,1,0,0,0,-1.0000,0.0,0,0.000,34.160,0.000,0.0,0.0,0.0,0,1037115.6610,15661.2291
133.066,9134,9247,Running,44,0.00,1,0,0,0,-1.0000,0.0,0,0.000,34.160,0.000,0.0,0.0,0.0,0,363435.4206,16109.6618
133.083,9145,9174,Running,44,0.00,1,0,0,0,-1.0000,0.0,0,0.000,34.160,0.000,0.0,0.0,0.0,0,154782.7125,16216.8534
133.097,9144,9101,Running,44,0.00,1,0,0,0,-1.0000,0.0,0,0.000,34.160,0.000,0.0,0.0,0.0,0,147537.6254,13305.4968
133.116,9132,9029,Running,44,0.00,1,0,0,0,-1.0000,0.0,0,0.000,34.160,0.000,0.0,0.0,0.0,0,147308.2676,11757.8413
133.133,9110,8958,Running,44,0.00,1,0,0,0,-1.0000,0.0,0,0.000,34.160,0.000,0.0,0.0,0.0,0,149043.9984,15264.8834
133.147,9081,8886,Running,44,0.00,1,0,0,0,-1.0000,0.0,0,0.000,34.160,0.000,0.0,0.0,0.0,0,150202.9282,16548.2750
133.166,9052,8925,Running,45,0.00,1,0,0,0,-1.0000,0.0,0,0.000,34.160,0.000,0.0,0.0,0.0,0,637647.1693,17152.8837
133.183,9039,9008,Running,45,0.00,1,0,0,0,-1.0000,0.0,0,0.000,34.160,0.000,0.0,0.0,0.0,0,1048602.5892,18584.6201
133.197,9040,9084,Running,45,0.00,1,0,0,0,-1.0000,0.0,0,0.000,34.160,0.000,0.0,0.0,0.0,0,1037512.4698,15904.8314
133.216,9053,9159,Running,45,0.00,1,0,0,0,-1.0000,0.0,0,0.000,34.160,0.000,0.0,0.0,0.0,0,1040648.2013,17323.6352
133.233,9075,9232,Running,45,0.00,1,0,0,0,-1.0000,0.0,0,0.000,34.160,0.000,0.0,0.0,0.0,0,1043676.6211,17323.6352
133.247,9105,9304,Running,45,0.00,1,0,0,0,-1.0000,0.0,0,0.000,34.160,0.000,0.0,0.0,0.0,0,1055181.3546,15636.8370
133.266,9131,9241,Running,45,0.00,1,0,0,0,-1.0000,0.0,0,0.000,34.160,0.000,0.0,0.0,0.0,0,328622.0942,15622.7521
133.283,9142,9168,Running,45,0.00,1,0,0,0,-1.0000,0.0,0,0.000,34.160,0.000,0.0,0.0,0.0,0,155158.4681,14476.4078
133.299,9141,9096,Running,45,0.00,1,0,0,0,-1.0000,0.0,0,0.000,34.160,0.000,0.0,0.0,0.0,0,155327.5908,11624.4265
133.316,9128,9024,Running,45,0.00,1,0,0,0,-1.0000,0.0,0,0.000,34.160,0.000,0.0,0.0,0.0,0,152805.0371,13734.7978
133.333,9106,8952,Running,44,0.00,1,0,0,0,-1.0000,0.0,0,0.000,39.600,0.000,0.0,0.0,0.0,0,150847.8811,15539.1962
133.347,9077,8881,Running,44,0.00,1,0,0,0,-1.0000,0.0,0,0.000,39.600,0.000,0.0,0.0,0.0,0,148733.3222,17196.0550
133.366,9048,8925,Running,44,0.00,1,0,0,0,-1.0000,0.0,0,0.000,40.080,0.000,0.0,0.0,0.0,0,674456.9741,17196.0550
133.383,9036,9005,Running,44,0.00,1,0,0,0,-1.0000,0.0,0,0.000,40.080,0.000,0.0,0.0,0.0,0,1041574.0200,17863.6933
133.399,9037,9078,Running,44,0.00,1,0,0,0,-1.0000,0.0,0,0.000,40.080,0.000,0.0,0.0,0.0,0,1029170.4258,15117.3392
133.416,9049,9150,Running,44,0.00,1,0,0,0,-1.0000,0.0,0,0.000,40.080,0.000,0.0,0.0,0.0,0,1032871.8137,17167.5417
133.433,9070,9220,Running,44,0.00,1,0,0,0,-1.0000,0.0,0,0.000,40.080,0.000,0.0,0.0,0.0,0,1040440.5579,17167.5417
133.447,9098,9287,Running,44,0.00,1,0,0,0,-1.0000,0.0,0,0.000,40.080,0.000,0.0,0.0,0.0,0,1041703.8449,15281.9056
133.466,9127,9260,Running,44,0.00,1,0,0,0,-1.0000,0.0,0,0.000,40.080,0.000,0.0,0.0,0.0,0,545481.4976,15281.9056
133.483,9142,9187,Running,44,0.00,1,0,0,0,-1.0000,0.0,0,0.000,40.080,0.000,0.0,0.0,0.0,0,159759.2367,16751.6890
133.497,9143,9114,Running,44,0.00,1,0,0,0,-1.0000,0.0,0,0.000,40.080,0.000,0.0,0.0,0.0,0,149728.7272,15105.1219
133.516,9133,9042,Running,44,0.00,1,0,0,0,-1.0000,0.0,0,0.000,40.080,0.000,0.0,0.0,0.0,0,147240.0784,8606.3624
133.533,9113,8970,Running,44,0.00,1,0,0,0,-1.0000,0.0,0,0.000,40.080,0.000,0.0,0.0,0.0,0,148846.0307,15336.0771
133.547,9086,8899,Running,44,0.00,1,0,0,0,-1.0000,0.0,0,0.000,40.080,0.000,0.0,0.0,0.0,0,150077.3508,17230.1982
133.566,9054,8902,Running,44,0.00,1,0,0,0,-1.0000,0.0,0,0.000,42.480,0.000,0.0,0.0,0.0,0,444406.4402,17464.8403
133.583,9038,8989,Running,44,0.00,1,0,0,0,-1.0000,0.0,0,0.000,42.480,0.000,0.0,0.0,0.0,0,1052423.2451,17464.8403
133.597,9036,9066,Running,44,0.00,1,0,0,0,-1.0000,0.0,0,0.000,42.480,0.000,0.0,0.0,0.0,0,1035097.3276,14533.1845
133.616,9047,9140,Running,44,0.00,1,0,0,0,-1.0000,0.0,0,0.000,42.480,0.000,0.0,0.0,0.0,0,1036694.5838,16853.1171
133.633,9067,9212,Running,44,0.00,1,0,0,0,-1.0000,0.0,0,0.000,42.480,0.000,0.0,0.0,0.0,0,1040733.2612,15137.8778
133.647,9095,9282,Running,44,0.00,1,0,0,0,-1.0000,0.0,0,0.000,42.480,0.000,0.0,0.0,0.0,0,1046499.3225,15586.6049
133.666,9125,9265,Running,44,0.00,1,0,0,0,-1.0000,0.0,0,0.000,42.480,0.000,0.0,0.0,0.0,0,603046.6060,16927.2026
133.683,9140,9192,Running,44,0.00,1,0,0,0,-1.0000,0.0,0,0.000,42.480,0.000,0.0,0.0,0.0,0,156094.1613,16284.3997
133.697,9142,9119,Running,44,0.00,1,0,0,0,-1.0000,0.0,0,0.000,42.480,0.000,0.0,0.0,0.0,0,153510.9951,16284.3997
133.716,9133,9047,Running,44,0.00,1,0,0,0,-1.0000,0.0,0,0.000,42.480,0.000,0.0,0.0,0.0,0,152275.3046,7573.8548
133.733,9114,8975,Running,44,0.00,1,0,0,0,-1.0000,0.0,0,0.000,44.560,0.000,0.0,0.0,0.0,0,150403.0632,14797.8329
133.747,9087,8904,Running,44,0.00,1,0,0,0,-1.0000,0.0,0,0.000,44.560,0.000,0.0,0.0,0.0,0,148828.8437,16601.8053
133.766,9055,8897,Running,44,0.00,1,0,0,0,-1.0000,0.0,0,0.000,44.560,0.000,0.0,0.0,0.0,0,392040.1783,16619.8485
133.783,9038,8983,Running,44,0.00,1,0,0,0,-1.0000,0.0,0,0.000,44.560,0.000,0.0,0.0,0.0,0,1053668.2495,16230.8838
133.797,9036,9060,Running,44,0.00,1,0,0,0,-1.0000,0.0,0,0.000,44.560,0.000,0.0,0.0,0.0,0,1034231.6200,19402.0602
133.816,9046,9134,Running,44,0.00,1,0,0,0,-1.0000,0.0,0,0.000,44.560,0.000,0.0,0.0,0.0,0,1038224.7925,15908.8187
133.833,9065,9206,Running,44,0.00,1,0,0,0,-1.0000,0.0,0,0.000,44.560,0.000,0.0,0.0,0.0,0,1042299.1149,14538.7310
133.847,9092,9277,Running,44,0.00,1,0,0,0,-1.0000,0.0,0,0.000,44.560,0.000,0.0,0.0,0.0,0,1051625.5920,16181.3708
133.866,9122,9265,Running,44,0.00,1,0,0,0,-1.0000,0.0,0,0.000,44.560,0.000,0.0,0.0,0.0,0,644351.7601,16545.5728
133.883,9139,9193,Running,44,0.00,1,0,0,0,-1.0000,0.0,0,0.000,44.560,0.000,0.0,0.0,0.0,0,163604.1079,15716.7511
133.897,9141,9120,Running,44,0.00,1,0,0,0,-1.0000,0.0,0,0.000,44.560,0.000,0.0,0.0,0.0,0,154331.2157,11848.7014
133.916,9132,9048,Running,44,0.00,1,0,0,0,-1.0000,0.0,0,0.000,44.560,0.000,0.0,0.0,0.0,0,149149.2640,10141.9106
133.933,9113,8976,Running,44,0.00,1,0,0,0,-1.0000,0.0,0,0.000,44.560,0.000,0.0,0.0,0.0,0,148600.7112,14600.0820
133.947,9087,8905,Running,44,0.00,1,0,0,0,-1.0000,0.0,0,0.000,44.560,0.000,0.0,0.0,0.0,0,148836.8285,16269.4966
133.966,9054,8888,Running,44,0.00,1,0,0,0,-1.0000,0.0,0,0.000,44.560,0.000,0.0,0.0,0.0,0,334140.4119,16269.4966
133.983,9036,8974,Running,44,0.00,1,0,0,0,-1.0000,0.0,0,0.000,47.520,0.000,0.0,0.0,0.0,0,1054323.8509,16654.7008
133.997,9032,9050,Running,44,0.00,1,0,0,0,-1.0000,0.0,0,0.000,47.760,0.000,0.0,0.0,0.0,0,1031651.0032,17728.2651
134.016,9041,9123,Running,44,0.00,1,0,0,0,-1.0000,0.0,0,0.000,47.760,0.000,0.0,0.0,0.0,0,1037247.7122,18183.2312
134.033,9059,9192,Running,44,0.00,1,0,0,0,-1.0000,0.0,0,0.000,47.760,0.000,0.0,0.0,0.0,0,1037714.5857,15090.4454
134.047,9085,9261,Running,44,0.00,1,0,0,0,-1.0000,0.0,0,0.000,47.760,0.000,0.0,0.0,0.0,0,1039750.3617,17295.9353
134.066,9116,9286,Running,44,0.00,1,0,0,0,-1.0000,0.0,0,0.000,47.760,0.000,0.0,0.0,0.0,0,877577.9947,15701.8491
134.083,9137,9213,Running,44,0.00,1,0,0,0,-1.0000,0.0,0,0.000,47.760,0.000,0.0,0.0,0.0,0,158838.9236,15701.8491
134.097,9143,9140,Running,43,0.00,1,0,0,0,-1.0000,0.0,0,0.000,47.760,0.000,0.0,0.0,0.0,0,149958.6834,16274.8093
134.116,9136,9068,Running,42,0.00,1,0,0,0,-1.0000,0.0,0,0.000,49.280,0.000,0.0,0.0,0.0,0,147835.1586,16274.8093
134.133,9120,8996,Running,42,0.00,1,0,0,0,-1.0000,0.0,0,0.000,49.280,0.000,0.0,0.0,0.0,0,144773.6613,10263.5325
134.147,9095,8925,Running,42,0.00,1,0,0,0,-1.0000,0.0,0,0.000,49.280,0.000,0.0,0.0,0.0,0,143075.2317,10263.5325
134.166,9064,8865,Running,42,0.00,1,0,0,0,-1.0000,0.0,0,0.000,49.760,0.000,0.0,0.0,0.0,0,143142.3087,16874.7738
134.183,9040,8947,Running,42,0.00,1,0,0,0,-1.0000,0.0,0,0.000,49.760,0.000,0.0,0.0,0.0,0,1006916.3029,17660.7281
134.197,9031,9017,Running,42,0.00,1,0,0,0,-1.0000,0.0,0,0.000,49.760,0.000,0.0,0.0,0.0,0,1013372.0184,17985.8209
134.216,9034,9082,Running,42,0.00,1,0,0,0,-1.0000,0.0,0,0.000,49.760,0.000,0.0,0.0,0.0,0,1011316.2701,15966.0804
134.233,9047,9145,Running,42,0.00,1,0,0,0,-1.0000,0.0,0,0.000,49.760,0.000,0.0,0.0,0.0,0,1013787.7121,16963.7792
134.247,9067,9207,Running,41,0.00,1,0,0,0,-1.0000,0.0,0,0.000,49.760,0.000,0.0,0.0,0.0,0,1019155.6795,16119.1759
134.266,9093,9266,Running,41,0.00,1,0,0,0,-1.0000,0.0,0,0.000,49.760,0.000,0.0,0.0,0.0,0,1023092.0710,16119.1759
134.283,9123,9287,Running,41,0.00,1,0,0,0,-1.0000,0.0,0,0.000,49.760,0.000,0.0,0.0,0.0,0,875429.7081,16576.5709
134.297,9143,9215,Running,41,0.00,1,0,0,0,-1.0000,0.0,0,0.000,49.760,0.000,0.0,0.0,0.0,0,157053.0359,16858.9620
134.316,9148,9142,Running,41,0.00,1,0,0,0,-1.0000,0.0,0,0.000,49.760,0.000,0.0,0.0,0.0,0,146596.1862,14574.1742
134.333,9141,9069,Running,41,0.00,1,0,0,0,-1.0000,0.0,0,0.000,49.760,0.000,0.0,0.0,0.0,0,140481.7698,10988.2185
134.347,9124,8997,Running,41,0.00,1,0,0,0,-1.0000,0.0,0,0.000,49.760,0.000,0.0,0.0,0.0,0,138606.0111,14151.0380
134.366,9099,8925,Running,41,0.00,1,0,0,0,-1.0000,0.0,0,0.000,49.760,0.000,0.0,0.0,0.0,0,138583.7610,16214.6463
134.383,9067,8861,Running,41,0.00,1,0,0,0,-1.0000,0.0,0,0.000,49.760,0.000,0.0,0.0,0.0,0,138666.2533,16645.2442
134.397,9041,8932,Running,38,0.00,1,0,0,0,-1.0000,0.0,0,0.000,49.760,0.000,0.0,0.0,0.0,0,950396.1824,16762.1113
134.416,9029,8991,Running,38,0.00,1,0,0,0,-1.0000,0.0,0,0.000,52.720,0.000,0.0,0.0,0.0,0,986970.3401,19094.2421
134.433,9027,9041,Running,37,0.00,1,0,0,0,-1.0000,0.0,0,0.000,52.720,0.000,0.0,0.0,0.0,0,972437.9471,18495.5169
134.447,9033,9087,Running,37,0.00,1,0,0,0,-1.0000,0.0,0,0.000,52.720,0.000,0.0,0.0,0.0,0,970056.2682,16208.0204
134.466,9044,9129,Running,37,0.00,1,0,0,0,-1.0000,0.0,0,0.000,52.720,0.000,0.0,0.0,0.0,0,964339.4957,16750.0602
134.483,9061,9170,Running,37,0.00,1,0,0,0,-1.0000,0.0,0,0.000,52.720,0.000,0.0,0.0,0.0,0,963373.6379,16750.0602
134.497,9081,9211,Running,37,0.00,1,0,0,0,-1.0000,0.0,0,0.000,52.720,0.000,0.0,0.0,0.0,0,965049.7067,15582.1077
134.516,9104,9249,Running,37,0.00,1,0,0,0,-1.0000,0.0,0,0.000,52.720,0.000,0.0,0.0,0.0,0,964236.8749,15272.3707
134.533,9129,9288,Running,37,0.00,1,0,0,0,-1.0000,0.0,0,0.000,52.720,0.000,0.0,0.0,0.0,0,968007.1083,15972.5383
134.547,9154,9263,Running,37,0.00,1,0,0,0,-1.0000,0.0,0,0.000,52.720,0.000,0.0,0.0,0.0,0,577959.1339,16448.1266
134.566,9165,9190,Running,37,0.00,1,0,0,0,-1.0000,0.0,0,0.000,52.720,0.000,0.0,0.0,0.0,0,141850.6045,14553.2087
134.583,9163,9117,Running,37,0.00,1,0,0,0,-1.0000,0.0,0,0.000,52.720,0.000,0.0,0.0,0.0,0,132684.5942,17906.5626
134.597,9150,9044,Running,37,0.00,1,0,0,0,-1.0000,0.0,0,0.000,52.720,0.000,0.0,0.0,0.0,0,126986.0548,7975.5981
134.616,9128,8972,Running,37,0.00,1,0,0,0,-1.0000,0.0,0,0.000,52.720,0.000,0.0,0.0,0.0,0,125706.2177,7975.5981
134.633,9098,8900,Running,37,0.00,1,0,0,0,-1.0000,0.0,0,0.000,52.720,0.000,0.0,0.0,0.0,0,125758.2247,16358.8746
134.647,9064,8886,Running,37,0.00,1,0,0,0,-1.0000,0.0,0,0.000,52.720,0.000,0.0,0.0,0.0,0,395508.3497,15751.8695
134.666,9041,8939,Running,37,0.00,1,0,0,0,-1.0000,0.0,0,0.000,52.720,0.000,0.0,0.0,0.0,0,980178.4795,17160.1033
134.683,9029,8985,Running,37,0.00,1,0,0,0,-1.0000,0.0,0,0.000,52.720,0.000,0.0,0.0,0.0,0,954207.7147,19227.3431
134.697,9026,9025,Running,28,0.00,1,0,0,0,-1.0000,0.0,0,0.000,52.720,0.000,0.0,0.0,0.0,0,942762.6944,13896.6628
134.716,9028,9045,Running,28,0.00,1,0,0,0,-1.0000,0.0,0,0.000,55.280,0.000,0.0,0.0,0.0,0,845997.2631,15209.4532
134.733,9031,9052,Running,27,0.00,1,0,0,0,-1.0000,0.0,0,0.000,55.280,0.000,0.0,0.0,0.0,0,772030.8984,16375.3603
134.747,9034,9051,Running,27,0.00,1,0,0,0,-1.0000,0.0,0,0.000,55.280,0.000,0.0,0.0,0.0,0,726573.0873,12195.0562
134.766,9036,9046,Running,27,0.00,1,0,0,0,-1.0000,0.0,0,0.000,55.280,0.000,0.0,0.0,0.0,0,698097.9763,12195.0562
134.783,9037,9039,Running,27,0.00,1,0,0,0,-1.0000,0.0,0,0.000,55.280,0.000,0.0,0.0,0.0,0,682017.2228,16441.5503
134.797,9037,9030,Running,27,0.00,1,0,0,0,-1.0000,0.0,0,0.000,55.280,0.000,0.0,0.0,0.0,0,671448.3186,16631.4566
134.816,9035,9021,Running,27,0.00,1,0,0,0,-1.0000,0.0,0,0.000,55.280,0.000,0.0,0.0,0.0,0,667275.3438,17062.4490
134.833,9032,9012,Running,27,0.00,1,0,0,0,-1.0000,0.0,0,0.000,55.280,0.000,0.0,0.0,0.0,0,662132.8685,16781.7345
134.849,9028,9002,Running,27,0.00,1,0,0,0,-1.0000,0.0,0,0.000,55.280,0.000,0.0,0.0,0.0,0,659782.8925,17092.7306
134.866,9024,8993,Running,27,0.00,1,0,0,0,-1.0000,0.0,0,0.000,55.280,0.000,0.0,0.0,0.0,0,658432.0418,17097.8225
134.883,9018,8983,Running,27,0.00,1,0,0,0,-1.0000,0.0,0,0.000,55.280,0.000,0.0,0.0,0.0,0,659717.0487,17002.9020
134.897,9012,8971,Running,19,0.00,1,0,0,0,-1.0000,0.0,0,0.000,55.280,0.000,0.0,0.0,0.0,0,642887.5126,16634.7786
134.916,9004,8947,Running,19,0.00,1,0,0,0,-1.0000,0.0,0,0.000,56.480,0.000,0.0,0.0,0.0,0,567900.5416,16348.1038
134.933,8993,8916,Running,19,0.00,1,0,0,0,-1.0000,0.0,0,0.000,56.480,0.000,0.0,0.0,0.0,0,510447.6356,14837.5981
134.947,8978,8879,Running,19,0.00,1,0,0,0,-1.0000,0.0,0,0.000,56.480,0.000,0.0,0.0,0.0,0,478038.9513,14098.6068
134.966,8960,8841,Running,19,0.00,1,0,0,0,-1.0000,0.0,0,0.000,56.480,0.000,0.0,0.0,0.0,0,454118.4862,14766.8589
134.983,8938,8800,Running,19,0.00,1,0,0,0,-1.0000,0.0,0,0.000,56.480,0.000,0.0,0.0,0.0,0,433542.2584,14569.0715
134.997,8914,8758,Running,19,0.00,1,0,0,0,-1.0000,0.0,0,0.000,56.480,0.000,0.0,0.0,0.0,0,419472.0449,14569.0715
135.016,8886,8717,Running,19,0.00,1,0,0,0,-1.0000,0.0,0,0.000,56.480,0.000,0.0,0.0,0.0,0,415205.7317,16381.2851
135.033,8857,8675,Running,19,0.00,1,0,0,0,-1.0000,0.0,0,0.000,56.480,0.000,0.0,0.0,0.0,0,419395.2124,17496.8340
135.047,8826,8634,Running,19,0.00,1,0,0,0,-1.0000,0.0,0,0.000,56.480,0.000,0.0,0.0,0.0,0,404090.0535,16289.1407
135.066,8793,8592,Running,19,0.00,1,0,0,0,-1.0000,0.0,0,0.000,56.480,0.000,0.0,0.0,0.0,0,407036.7171,17296.0621
135.083,8759,8552,Running,19,0.00,1,0,0,0,-1.0000,0.0,0,0.000,56.480,0.000,0.0,0.0,0.0,0,410394.5277,17269.6379
135.097,8724,8511,Running,16,0.00,1,0,0,0,-1.0000,0.0,0,0.000,56.480,0.000,0.0,0.0,0.0,0,398134.1751,14586.3698
135.116,8688,8468,Running,16,0.00,1,0,0,0,-1.0000,0.0,0,0.000,56.960,0.000,0.0,0.0,0.0,0,381934.2866,16699.4112
135.133,8650,8423,Running,16,0.00,1,0,0,0,-1.0000,0.0,0,0.000,57.040,0.000,0.0,0.0,0.0,0,355356.4948,15722.6432
135.147,8612,8377,Running,16,0.00,1,0,0,0,-1.0000,0.0,0,0.000,57.040,0.000,0.0,0.0,0.0,0,336511.2431,15276.5969
135.164,8572,8331,Running,16,0.00,1,0,0,0,-1.0000,0.0,0,0.000,57.040,0.000,0.0,0.0,0.0,0,328123.4421,18346.8650
135.183,8531,8283,Running,16,0.00,1,0,0,0,-1.0000,0.0,0,0.000,57.040,0.000,0.0,0.0,0.0,0,313629.3074,17140.3826
135.197,8489,8237,Running,16,0.00,1,0,0,0,-1.0000,0.0,0,0.000,57.040,0.000,0.0,0.0,0.0,0,307076.3340,17732.6711
135.216,8447,8189,Running,16,0.00,1,0,0,0,-1.0000,0.0,0,0.000,57.040,0.000,0.0,0.0,0.0,0,305881.9631,17419.9921
135.233,8403,8143,Running,16,0.00,1,0,0,0,-1.0000,0.0,0,0.000,57.040,0.000,0.0,0.0,0.0,0,307565.4458,15957.7377
135.247,8360,8097,Running,16,0.00,1,0,0,0,-1.0000,0.0,0,0.000,57.040,0.000,0.0,0.0,0.0,0,303850.5603,16959.9612
135.266,8316,8051,Running,16,0.00,1,0,0,0,-1.0000,0.0,0,0.000,57.040,0.000,0.0,0.0,0.0,0,302683.9524,16745.3863
135.283,8271,8005,Running,16,0.00,1,0,0,0,-1.0000,0.0,0,0.000,57.040,0.000,0.0,0.0,0.0,0,301568.5065,17220.7129
135.297,8227,7959,Running,13,0.00,1,0,0,0,-1.0000,0.0,0,0.000,57.120,0.000,0.0,0.0,0.0,0,297258.9893,17220.7129
135.316,8182,7912,Running,13,0.00,1,0,0,0,-1.0000,0.0,0,0.000,57.120,0.000,0.0,0.0,0.0,0,276277.7992,16718.7827
135.333,8136,7863,Running,12,0.00,1,0,0,0,-1.0000,0.0,0,0.000,57.120,0.000,0.0,0.0,0.0,0,262318.6614,16866.6514
135.347,8090,7813,Running,12,0.00,1,0,0,0,-1.0000,0.0,0,0.000,57.120,0.000,0.0,0.0,0.0,0,239999.1366,17478.1217
135.366,8044,7763,Running,12,0.00,1,0,0,0,-1.0000,0.0,0,0.000,57.120,0.000,0.0,0.0,0.0,0,225605.4399,17798.9224
135.383,7996,7712,Running,12,0.00,1,0,0,0,-1.0000,0.0,0,0.000,57.120,0.000,0.0,0.0,0.0,0,223568.6377,17798.9224
135.397,7949,7661,Running,12,0.00,1,0,0,0,-1.0000,0.0,0,0.000,57.120,0.000,0.0,0.0,0.0,0,219402.0316,17370.8346
135.416,7900,7611,Running,12,0.00,1,0,0,0,-1.0000,0.0,0,0.000,57.120,0.000,0.0,0.0,0.0,0,214967.3404,17323.4109
135.433,7852,7561,Running,12,0.00,1,0,0,0,-1.0000,0.0,0,0.000,57.120,0.000,0.0,0.0,0.0,0,212276.3239,17756.6547
135.447,7803,7511,Running,12,0.00,1,0,0,0,-1.0000,0.0,0,0.000,57.120,0.000,0.0,0.0,0.0,0,215395.8512,17921.4685
135.466,7754,7461,Running,12,0.00,1,0,0,0,-1.0000,0.0,0,0.000,57.120,0.000,0.0,0.0,0.0,0,210757.0537,14797.8514
135.483,7705,7412,Running,12,0.00,1,0,0,0,-1.0000,0.0,0,0.000,57.120,0.000,0.0,0.0,0.0,0,216121.8414,16064.1114
135.497,7656,7363,Running,12,0.00,1,0,0,0,-1.0000,0.0,0,0.000,57.120,0.000,0.0,0.0,0.0,0,215643.4362,16064.1114
135.516,7607,7315,Running,12,0.00,1,0,0,0,-1.0000,0.0,0,0.000,57.120,0.000,0.0,0.0,0.0,0,211702.6702,16671.8685
135.533,7559,7267,Running,12,0.00,1,0,0,0,-1.0000,0.0,0,0.000,57.120,0.000,0.0,0.0,0.0,0,211475.1403,17404.3125
135.550,7510,7219,Running,12,0.00,1,0,0,0,-1.0000,0.0,0,0.000,57.120,0.000,0.0,0.0,0.0,0,210374.8414,16612.8856
135.566,7461,7172,Running,12,0.00,1,0,0,0,-1.0000,0.0,0,0.000,57.120,0.000,0.0,0.0,0.0,0,212643.7338,16422.2422
135.583,7413,7125,Running,12,0.00,1,0,0,0,-1.0000,0.0,0,0.000,57.120,0.000,0.0,0.0,0.0,0,211309.0037,17728.8424
135.600,7365,7078,Running,12,0.00,1,0,0,0,-1.0000,0.0,0,0.000,57.120,0.000,0.0,0.0,0.0,0,211775.4286,18863.2660
135.616,7317,7032,Running,12,0.00,1,0,0,0,-1.0000,0.0,0,0.000,57.120,0.000,0.0,0.0,0.0,0,213067.2416,18234.7788
135.633,7270,6986,Running,12,0.00,1,0,0,0,-1.0000,0.0,0,0.000,57.120,0.000,0.0,0.0,0.0,0,209452.2972,19763.7042
135.650,7223,6941,Running,12,0.00,1,0,0,0,-1.0000,0.0,0,0.000,57.120,0.000,0.0,0.0,0.0,0,208205.4514,18454.1275
135.666,7176,6896,Running,12,0.00,1,0,0,0,-1.0000,0.0,0,0.000,57.120,0.000,0.0,0.0,0.0,0,212645.7377,19690.6278
135.683,7129,6851,Running,12,0.00,1,0,0,0,-1.0000,0.0,0,0.000,57.120,0.000,0.0,0.0,0.0,0,211042.3161,19719.9309
135.700,7083,6806,Running,12,0.00,1,0,0,0,-1.0000,0.0,0,0.000,56.720,0.000,0.0,0.0,0.0,0,206599.5040,19249.3901
135.716,7037,6762,Running,12,0.00,1,0,0,0,-1.0000,0.0,0,0.000,56.720,0.000,0.0,0.0,0.0,0,209804.0059,20355.6290
135.733,6991,6718,Running,12,0.00,1,0,0,0,-1.0000,0.0,0,0.000,56.720,0.000,0.0,0.0,0.0,0,202119.4069,18063.8016
135.750,6945,6673,Running,12,0.00,1,0,0,0,-1.0000,0.0,0,0.000,56.720,0.000,0.0,0.0,0.0,0,208561.8702,20112.0710
135.766,6900,6629,Running,12,0.00,1,0,0,0,-1.0000,0.0,0,0.000,56.720,0.000,0.0,0.0,0.0,0,197484.5178,20112.0710
135.783,6855,6586,Running,12,0.00,1,0,0,0,-1.0000,0.0,0,0.000,56.720,0.000,0.0,0.0,0.0,0,203537.0527,19739.3934
135.800,6810,6543,Running,12,0.00,1,0,0,0,-1.0000,0.0,0,0.000,56.720,0.000,0.0,0.0,0.0,0,201830.0367,18797.3486
135.816,6766,6500,Running,12,0.00,1,0,0,0,-1.0000,0.0,0,0.000,56.720,0.000,0.0,0.0,0.0,0,195807.4421,20274.7795
135.833,6721,6457,Running,12,0.00,1,0,0,0,-1.0000,0.0,0,0.000,56.720,0.000,0.0,0.0,0.0,0,197158.9622,19891.0278
135.850,6677,6415,Running,12,0.00,1,0,0,0,-1.0000,0.0,0,0.000,56.720,0.000,0.0,0.0,0.0,0,200169.8562,18434.2177
135.866,6634,6373,Running,12,0.00,1,0,0,0,-1.0000,0.0,0,0.000,56.720,0.000,0.0,0.0,0.0,0,199391.8714,19443.8258
135.883,6590,6331,Running,12,0.00,1,0,0,0,-1.0000,0.0,0,0.000,56.720,0.000,0.0,0.0,0.0,0,199293.4458,19443.8258
135.900,6547,6290,Running,12,0.00,1,0,0,0,-1.0000,0.0,0,0.000,56.720,0.000,0.0,0.0,0.0,0,200213.5587,20218.2167
135.916,6504,6250,Running,12,0.00,1,0,0,0,-1.0000,0.0,0,0.000,56.400,0.000,0.0,0.0,0.0,0,197615.5966,19517.4505
135.933,6462,6209,Running,12,0.00,1,0,0,0,-1.0000,0.0,0,0.000,56.400,0.000,0.0,0.0,0.0,0,197585.8560,19510.2309
135.950,6420,6169,Running,12,0.00,1,0,0,0,-1.0000,0.0,0,0.000,56.400,0.000,0.0,0.0,0.0,0,193256.8610,20416.3666
135.966,6378,6129,Running,12,0.00,1,0,0,0,-1.0000,0.0,0,0.000,56.400,0.000,0.0,0.0,0.0,0,190394.9696,20043.9776
135.983,6337,6089,Running,12,0.00,1,0,0,0,-1.0000,0.0,0,0.000,56.400,0.000,0.0,0.0,0.0,0,190730.6851,19498.6102
136.000,6295,6049,Running,12,0.00,1,0,0,0,-1.0000,0.0,0,0.000,56.400,0.000,0.0,0.0,0.0,0,190878.1630,19152.5262
136.016,6254,6010,Running,12,0.00,1,0,0,0,-1.0000,0.0,0,0.000,56.400,0.000,0.0,0.0,0.0,0,185658.8656,19356.7517
136.033,6214,5971,Running,12,0.00,1,0,0,0,-1.0000,0.0,0,0.000,56.400,0.000,0.0,0.0,0.0,0,181068.7907,19356.7517
136.050,6173,5932,Running,12,0.00,1,0,0,0,-1.0000,0.0,0,0.000,56.400,0.000,0.0,0.0,0.0,0,189136.5345,19062.3804
136.066,6133,5894,Running,12,0.00,1,0,0,0,-1.0000,0.0,0,0.000,56.400,0.000,0.0,0.0,0.0,0,181181.0071,19120.2019
136.083,6093,5855,Running,12,0.00,1,0,0,0,-1.0000,0.0,0,0.000,56.400,0.000,0.0,0.0,0.0,0,181479.3863,18680.0216
136.100,6054,5817,Running,12,0.00,1,0,0,0,-1.0000,0.0,0,0.000,56.400,0.000,0.0,0.0,0.0,0,182012.8711,19409.6262
136.116,6014,5780,Running,12,0.00,1,0,0,0,-1.0000,0.0,0,0.000,56.400,0.000,0.0,0.0,0.0,0,184577.0685,18039.4270
136.133,5975,5743,Running,12,0.00,1,0,0,0,-1.0000,0.0,0,0.000,56.400,0.000,0.0,0.0,0.0,0,181251.5174,18917.9472
136.150,5937,5706,Running,12,0.00,1,0,0,0,-1.0000,0.0,0,0.000,56.400,0.000,0.0,0.0,0.0,0,185994.9518,19020.9245
136.166,5898,5670,Running,12,0.00,1,0,0,0,-1.0000,0.0,0,0.000,56.400,0.000,0.0,0.0,0.0,0,178796.9902,19020.9245
136.183,5860,5634,Running,12,0.00,1,0,0,0,-1.0000,0.0,0,0.000,55.680,0.000,0.0,0.0,0.0,0,180390.7181,18522.2700
136.200,5823,5598,Running,12,0.00,1,0,0,0,-1.0000,0.0,0,0.000,55.680,0.000,0.0,0.0,0.0,0,183942.8241,16936.4714
136.216,5785,5562,Running,12,0.00,1,0,0,0,-1.0000,0.0,0,0.000,55.680,0.000,0.0,0.0,0.0,0,178921.1519,18844.7146
136.233,5748,5527,Running,12,0.00,1,0,0,0,-1.0000,0.0,0,0.000,55.680,0.000,0.0,0.0,0.0,0,177273.0294,18431.3536
136.250,5712,5492,Running,12,0.00,1,0,0,0,-1.0000,0.0,0,0.000,55.680,0.000,0.0,0.0,0.0,0,179019.9460,17544.8037
136.266,5675,5458,Running,12,0.00,1,0,0,0,-1.0000,0.0,0,0.000,55.680,0.000,0.0,0.0,0.0,0,177222.3112,18363.3466
136.283,5639,5424,Running,12,0.00,1,0,0,0,-1.0000,0.0,0,0.000,55.680,0.000,0.0,0.0,0.0,0,179382.8864,18447.1229
136.300,5603,5390,Running,12,0.00,1,0,0,0,-1.0000,0.0,0,0.000,55.680,0.000,0.0,0.0,0.0,0,179442.4962,17665.6938
136.316,5568,5356,Running,11,0.00,1,0,0,0,-1.0000,0.0,0,0.000,55.680,0.000,0.0,0.0,0.0,0,176137.4571,17813.2380
136.333,5533,5323,Running,11,0.00,1,0,0,0,-1.0000,0.0,0,0.000,55.360,0.000,0.0,0.0,0.0,0,175349.8807,18208.6952
136.350,5498,5289,Running,11,0.00,1,0,0,0,-1.0000,0.0,0,0.000,55.360,0.000,0.0,0.0,0.0,0,174950.3743,18202.1934
136.366,5463,5256,Running,11,0.00,1,0,0,0,-1.0000,0.0,0,0.000,55.360,0.000,0.0,0.0,0.0,0,172363.3689,16811.8718
136.383,5429,5224,Running,11,0.00,1,0,0,0,-1.0000,0.0,0,0.000,55.360,0.000,0.0,0.0,0.0,0,173085.7545,15996.0107
136.400,5395,5191,Running,11,0.00,1,0,0,0,-1.0000,0.0,0,0.000,55.360,0.000,0.0,0.0,0.0,0,166781.0840,16661.6170
136.416,5361,5158,Running,11,0.00,1,0,0,0,-1.0000,0.0,0,0.000,55.360,0.000,0.0,0.0,0.0,0,162033.9640,16661.6170
136.433,5327,5126,Running,11,0.00,1,0,0,0,-1.0000,0.0,0,0.000,55.360,0.000,0.0,0.0,0.0,0,164696.1763,15771.7283
136.450,5294,5094,Running,11,0.00,1,0,0,0,-1.0000,0.0,0,0.000,55.360,0.000,0.0,0.0,0.0,0,167942.6357,16506.8109
136.466,5260,5062,Running,10,0.00,1,0,0,0,-1.0000,0.0,0,0.000,55.360,0.000,0.0,0.0,0.0,0,157540.1678,17254.2191
136.483,5227,5030,Running,10,0.00,1,0,0,0,-1.0000,0.0,0,0.000,55.040,0.000,0.0,0.0,0.0,0,155268.7434,17866.1917
136.500,5195,4999,Running,10,0.00,1,0,0,0,-1.0000,0.0,0,0.000,55.040,0.000,0.0,0.0,0.0,0,157339.6226,16784.0863
136.516,5162,4966,Running,10,0.00,1,0,0,0,-1.0000,0.0,0,0.000,55.040,0.000,0.0,0.0,0.0,0,139548.3043,17022.6814
136.533,5129,4934,Running,10,0.00,1,0,0,0,-1.0000,0.0,0,0.000,55.040,0.000,0.0,0.0,0.0,0,148194.5727,17022.6814
136.550,5097,4902,Running,10,0.00,1,0,0,0,-1.0000,0.0,0,0.000,55.040,0.000,0.0,0.0,0.0,0,135709.7958,18209.9357
136.566,5064,4871,Running,10,0.00,1,0,0,0,-1.0000,0.0,0,0.000,55.040,0.000,0.0,0.0,0.0,0,146048.6173,17906.8848
136.583,5032,4840,Running,10,0.00,1,0,0,0,-1.0000,0.0,0,0.000,55.040,0.000,0.0,0.0,0.0,0,136222.0999,16866.8943
136.600,5000,4808,Running,10,0.00,1,0,0,0,-1.0000,0.0,0,0.000,55.040,0.000,0.0,0.0,0.0,0,138160.8978,17721.4070
136.616,4968,4777,Running,10,0.00,1,0,0,0,-1.0000,0.0,0,0.000,55.040,0.000,0.0,0.0,0.0,0,139861.7407,19247.2914
136.633,4936,4746,Running,10,0.00,1,0,0,0,-1.0000,0.0,0,0.000,55.040,0.000,0.0,0.0,0.0,0,132999.6971,17438.8737
136.650,4905,4716,Running,10,0.00,1,0,0,0,-1.0000,0.0,0,0.000,55.040,0.000,0.0,0.0,0.0,0,134508.2434,17307.3489
136.666,4873,4686,Running,10,0.00,1,0,0,0,-1.0000,0.0,0,0.000,55.040,0.000,0.0,0.0,0.0,0,138727.6719,19082.6010
136.683,4842,4656,Running,10,0.00,1,0,0,0,-1.0000,0.0,0,0.000,55.040,0.000,0.0,0.0,0.0,0,135040.9873,17451.6837
136.700,4811,4625,Running,10,0.00,1,0,0,0,-1.0000,0.0,0,0.000,55.040,0.000,0.0,0.0,0.0,0,131285.8035,18514.0872
136.716,4780,4596,Running,10,0.00,1,0,0,0,-1.0000,0.0,0,0.000,55.040,0.000,0.0,0.0,0.0,0,132547.8224,18514.0872
136.733,4749,4567,Running,10,0.00,1,0,0,0,-1.0000,0.0,0,0.000,55.040,0.000,0.0,0.0,0.0,0,132960.1358,19065.0078
136.750,4719,4537,Running,10,0.00,1,0,0,0,-1.0000,0.0,0,0.000,55.040,0.000,0.0,0.0,0.0,0,131691.4938,20067.8021
136.766,4689,4509,Running,10,0.00,1,0,0,0,-1.0000,0.0,0,0.000,55.040,0.000,0.0,0.0,0.0,0,135007.5085,16783.1870
136.783,4659,4481,Running,10,0.00,1,0,0,0,-1.0000,0.0,0,0.000,55.040,0.000,0.0,0.0,0.0,0,134731.0256,18972.0703
136.800,4629,4452,Running,10,0.00,1,0,0,0,-1.0000,0.0,0,0.000,55.040,0.000,0.0,0.0,0.0,0,131682.8075,18972.0703
136.816,4600,4424,Running,10,0.00,1,0,0,0,-1.0000,0.0,0,0.000,55.040,0.000,0.0,0.0,0.0,0,132164.2619,19425.7541
136.833,4571,4397,Running,10,0.00,1,0,0,0,-1.0000,0.0,0,0.000,55.040,0.000,0.0,0.0,0.0,0,135309.8594,19394.0021
136.850,4542,4370,Running,10,0.00,1,0,0,0,-1.0000,0.0,0,0.000,55.040,0.000,0.0,0.0,0.0,0,135070.5469,19850.4209
136.866,4513,4343,Running,10,0.00,1,0,0,0,-1.0000,0.0,0,0.000,55.040,0.000,0.0,0.0,0.0,0,133606.5565,18949.5888
136.883,4485,4316,Running,10,0.00,1,0,0,0,-1.0000,0.0,0,0.000,55.040,0.000,0.0,0.0,0.0,0,131823.5112,18400.6124
136.900,4457,4290,Running,10,0.00,1,0,0,0,-1.0000,0.0,0,0.000,55.040,0.000,0.0,0.0,0.0,0,126404.5210,19338.7614
136.916,4429,4263,Running,10,0.00,1,0,0,0,-1.0000,0.0,0,0.000,55.040,0.000,0.0,0.0,0.0,0,128064.5400,18304.9730
136.933,4402,4237,Running,10,0.00,1,0,0,0,-1.0000,0.0,0,0.000,55.040,0.000,0.0,0.0,0.0,0,131099.1506,18619.7415
136.950,4374,4211,Running,10,0.00,1,0,0,0,-1.0000,0.0,0,0.000,55.040,0.000,0.0,0.0,0.0,0,126758.0132,18226.1315
136.966,4347,4185,Running,10,0.00,1,0,0,0,-1.0000,0.0,0,0.000,55.040,0.000,0.0,0.0,0.0,0,119698.5780,19554.9418
136.983,4320,4159,Running,10,0.00,1,0,0,0,-1.0000,0.0,0,0.000,55.040,0.000,0.0,0.0,0.0,0,126353.3445,20419.2363
137.000,4293,4133,Running,10,0.00,1,0,0,0,-1.0000,0.0,0,0.000,55.040,0.000,0.0,0.0,0.0,0,125010.7946,20235.0346
137.016,4267,4108,Running,10,0.00,1,0,0,0,-1.0000,0.0,0,0.000,55.040,0.000,0.0,0.0,0.0,0,117132.2234,19469.1891
137.033,4240,4083,Running,10,0.00,1,0,0,0,-1.0000,0.0,0,0.000,55.040,0.000,0.0,0.0,0.0,0,129071.8151,16813.7404
137.050,4214,4058,Running,10,0.00,1,0,0,0,-1.0000,0.0,0,0.000,55.040,0.000,0.0,0.0,0.0,0,115542.3579,19804.1334
137.066,4188,4033,Running,10,0.00,1,0,0,0,-1.0000,0.0,0,0.000,55.040,0.000,0.0,0.0,0.0,0,127321.2494,19755.4444
137.083,4162,4009,Running,10,0.00,1,0,0,0,-1.0000,0.0,0,0.000,55.040,0.000,0.0,0.0,0.0,0,114587.8347,18435.4041
137.100,4137,3985,Running,10,0.00,1,0,0,0,-1.0000,0.0,0,0.000,55.040,0.000,0.0,0.0,0.0,0,127662.2646,19227.3065
137.116,4112,3961,Running,10,0.00,1,0,0,0,-1.0000,0.0,0,0.000,55.040,0.000,0.0,0.0,0.0,0,116156.7278,20350.2658
137.133,4087,3937,Running,10,0.00,1,0,0,0,-1.0000,0.0,0,0.000,55.040,0.000,0.0,0.0,0.0,0,122567.0791,17881.6081
137.150,4062,3914,Running,10,0.00,1,0,0,0,-1.0000,0.0,0,0.000,55.040,0.000,0.0,0.0,0.0,0,121041.7649,17953.7877
137.166,4037,3891,Running,10,0.00,1,0,0,0,-1.0000,0.0,0,0.000,55.040,0.000,0.0,0.0,0.0,0,117379.9093,16943.8918
137.183,4013,3868,Running,10,0.00,1,0,0,0,-1.0000,0.0,0,0.000,52.960,0.000,0.0,0.0,0.0,0,124456.7786,15056.0927
137.200,3989,3846,Running,10,0.00,1,0,0,0,-1.0000,0.0,0,0.000,52.960,0.000,0.0,0.0,0.0,0,121819.5314,17578.7674
137.216,3965,3823,Running,10,0.00,1,0,0,0,-1.0000,0.0,0,0.000,52.960,0.000,0.0,0.0,0.0,0,116539.0559,17578.7674
137.233,3941,3801,Running,10,0.00,1,0,0,0,-1.0000,0.0,0,0.000,52.960,0.000,0.0,0.0,0.0,0,118298.9607,15428.2403
137.250,3918,3779,Running,10,0.00,1,0,0,0,-1.0000,0.0,0,0.000,52.960,0.000,0.0,0.0,0.0,0,122885.3753,17274.3046
137.266,3895,3757,Running,12,0.00,1,0,0,0,-1.0000,0.0,0,0.000,52.720,0.000,0.0,0.0,0.0,0,120551.3598,14576.6450
137.283,3872,3736,Running,12,0.00,1,0,0,0,-1.0000,0.0,0,0.000,52.720,0.000,0.0,0.0,0.0,0,123281.1220,15578.1698
137.300,3849,3716,Running,12,0.00,1,0,0,0,-1.0000,0.0,0,0.000,52.720,0.000,0.0,0.0,0.0,0,126653.4206,16564.3763
137.316,3827,3697,Running,12,0.00,1,0,0,0,-1.0000,0.0,0,0.000,52.720,0.000,0.0,0.0,0.0,0,131958.6770,15673.7212
137.333,3806,3679,Running,12,0.00,1,0,0,0,-1.0000,0.0,0,0.000,52.720,0.000,0.0,0.0,0.0,0,139714.0012,15908.2344
137.350,3785,3661,Running,14,0.00,1,0,0,0,-1.0000,0.0,0,0.000,52.720,0.000,0.0,0.0,0.0,0,143680.9689,15908.2344
137.366,3765,3645,Running,14,0.00,1,0,0,0,-1.0000,0.0,0,0.000,52.720,0.000,0.0,0.0,0.0,0,151314.8281,16677.8099
137.383,3745,3631,Running,14,0.00,1,0,0,0,-1.0000,0.0,0,0.000,52.320,0.000,0.0,0.0,0.0,0,159069.1198,17425.5278
137.400,3726,3618,Running,14,0.00,1,0,0,0,-1.0000,0.0,0,0.000,52.320,0.000,0.0,0.0,0.0,0,170401.9854,19032.9831
137.416,3709,3607,Running,14,0.00,1,0,0,0,-1.0000,0.0,0,0.000,52.320,0.000,0.0,0.0,0.0,0,179155.0069,18658.8103
137.433,3692,3597,Running,14,0.00,1,0,0,0,-1.0000,0.0,0,0.000,52.320,0.000,0.0,0.0,0.0,0,185355.5258,18658.8103
137.450,3677,3587,Running,14,0.00,1,0,0,0,-1.0000,0.0,0,0.000,52.320,0.000,0.0,0.0,0.0,0,189038.4334,18050.6809
137.466,3662,3578,Running,14,0.00,1,0,0,0,-1.0000,0.0,0,0.000,52.320,0.000,0.0,0.0,0.0,0,192455.0428,18024.1571
137.483,3649,3570,Running,14,0.00,1,0,0,0,-1.0000,0.0,0,0.000,52.160,0.000,0.0,0.0,0.0,0,195919.5131,17235.0007
137.500,3636,3563,Running,14,0.00,1,0,0,0,-1.0000,0.0,0,0.000,52.160,0.000,0.0,0.0,0.0,0,199794.8239,18253.2436
137.516,3624,3556,Running,14,0.00,1,0,0,0,-1.0000,0.0,0,0.000,52.160,0.000,0.0,0.0,0.0,0,200867.8873,17294.4140
137.533,3613,3550,Running,14,0.00,1,0,0,0,-1.0000,0.0,0,0.000,52.160,0.000,0.0,0.0,0.0,0,200831.9216,16371.5998
137.550,3603,3543,Running,14,0.00,1,0,0,0,-1.0000,0.0,0,0.000,52.160,0.000,0.0,0.0,0.0,0,199777.1263,16879.1589
137.566,3593,3537,Running,14,0.00,1,0,0,0,-1.0000,0.0,0,0.000,52.160,0.000,0.0,0.0,0.0,0,201745.1343,16676.3602
137.583,3584,3530,Running,14,0.00,1,0,0,0,-1.0000,0.0,0,0.000,52.160,0.000,0.0,0.0,0.0,0,200311.2402,17102.5882
137.600,3575,3524,Running,14,0.00,1,0,0,0,-1.0000,0.0,0,0.000,52.000,0.000,0.0,0.0,0.0,0,200757.0348,16990.9808
137.616,3567,3519,Running,14,0.00,1,0,0,0,-1.0000,0.0,0,0.000,52.000,0.000,0.0,0.0,0.0,0,203266.8003,16917.7602
137.633,3559,3513,Running,14,0.00,1,0,0,0,-1.0000,0.0,0,0.000,52.000,0.000,0.0,0.0,0.0,0,202454.3167,17019.3611
137.650,3552,3508,Running,14,0.00,1,0,0,0,-1.0000,0.0,0,0.000,52.000,0.000,0.0,0.0,0.0,0,199038.9749,16963.8863
137.666,3545,3502,Running,14,0.00,1,0,0,0,-1.0000,0.0,0,0.000,52.000,0.000,0.0,0.0,0.0,0,193669.7833,17820.2035
137.683,3538,3497,Running,14,0.00,1,0,0,0,-1.0000,0.0,0,0.000,52.000,0.000,0.0,0.0,0.0,0,191931.6441,16559.7255
137.700,3531,3492,Running,14,0.00,1,0,0,0,-1.0000,0.0,0,0.000,52.000,0.000,0.0,0.0,0.0,0,193582.3446,18019.5901
137.716,3524,3487,Running,14,0.00,1,0,0,0,-1.0000,0.0,0,0.000,52.000,0.000,0.0,0.0,0.0,0,196738.4795,18019.5901
137.733,3518,3481,Running,14,0.00,1,0,0,0,-1.0000,0.0,0,0.000,52.000,0.000,0.0,0.0,0.0,0,196983.8867,18418.3429
137.750,3512,3476,Running,14,0.00,1,0,0,0,-1.0000,0.0,0,0.000,52.000,0.000,0.0,0.0,0.0,0,199242.8847,16219.4008
137.766,3506,3471,Running,14,0.00,1,0,0,0,-1.0000,0.0,0,0.000,52.000,0.000,0.0,0.0,0.0,0,202701.8232,16729.3314
137.783,3501,3467,Running,14,0.00,1,0,0,0,-1.0000,0.0,0,0.000,52.000,0.000,0.0,0.0,0.0,0,203304.7653,17686.9952
137.800,3495,3462,Running,14,0.00,1,0,0,0,-1.0000,0.0,0,0.000,52.000,0.000,0.0,0.0,0.0,0,191330.9625,17367.9435
137.816,3490,3458,Running,14,0.00,1,0,0,0,-1.0000,0.0,0,0.000,52.000,0.000,0.0,0.0,0.0,0,188125.2611,17635.1976
137.833,3484,3453,Running,14,0.00,1,0,0,0,-1.0000,0.0,0,0.000,52.000,0.000,0.0,0.0,0.0,0,192009.9070,17635.1976
137.850,3479,3448,Running,14,0.00,1,0,0,0,-1.0000,0.0,0,0.000,52.000,0.000,0.0,0.0,0.0,0,196096.8567,17271.2378
137.866,3474,3443,Running,14,0.00,1,0,0,0,-1.0000,0.0,0,0.000,52.000,0.000,0.0,0.0,0.0,0,199536.5444,17999.0396
137.883,3469,3439,Running,12,0.00,1,0,0,0,-1.0000,0.0,0,0.000,52.000,0.000,0.0,0.0,0.0,0,203424.2229,16304.6460
137.900,3464,3434,Running,12,0.00,1,0,0,0,-1.0000,0.0,0,0.000,52.000,0.000,0.0,0.0,0.0,0,192857.5857,18099.7456
137.916,3459,3429,Running,12,0.00,1,0,0,0,-1.0000,0.0,0,0.000,52.000,0.000,0.0,0.0,0.0,0,177805.1319,16209.9529
137.933,3454,3422,Running,12,0.00,1,0,0,0,-1.0000,0.0,0,0.000,52.000,0.000,0.0,0.0,0.0,0,176679.2563,18154.7678
137.950,3448,3415,Running,12,0.00,1,0,0,0,-1.0000,0.0,0,0.000,52.000,0.000,0.0,0.0,0.0,0,177443.3090,16048.9757
137.966,3442,3407,Running,12,0.00,1,0,0,0,-1.0000,0.0,0,0.000,52.000,0.000,0.0,0.0,0.0,0,180152.4545,16971.3155
137.983,3436,3400,Running,12,0.00,1,0,0,0,-1.0000,0.0,0,0.000,52.000,0.000,0.0,0.0,0.0,0,174790.3984,16971.3155
138.000,3430,3391,Running,12,0.00,1,0,0,0,-1.0000,0.0,0,0.000,52.000,0.000,0.0,0.0,0.0,0,156429.0698,16931.0075
138.016,3423,3383,Running,12,0.00,1,0,0,0,-1.0000,0.0,0,0.000,52.000,0.000,0.0,0.0,0.0,0,159801.7689,16671.7626
138.033,3417,3374,Running,12,0.00,1,0,0,0,-1.0000,0.0,0,0.000,52.000,0.000,0.0,0.0,0.0,0,166438.7306,15434.8085
138.050,3409,3365,Running,12,0.00,1,0,0,0,-1.0000,0.0,0,0.000,52.000,0.000,0.0,0.0,0.0,0,169821.6101,17342.7633
138.066,3402,3357,Running,12,0.00,1,0,0,0,-1.0000,0.0,0,0.000,52.000,0.000,0.0,0.0,0.0,0,154834.9985,18272.8917
138.083,3394,3348,Running,12,0.00,1,0,0,0,-1.0000,0.0,0,0.000,52.000,0.000,0.0,0.0,0.0,0,152442.9028,17533.4892
138.100,3386,3339,Running,12,0.00,1,0,0,0,-1.0000,0.0,0,0.000,52.000,0.000,0.0,0.0,0.0,0,162351.0850,17279.8828
138.116,3379,3330,Running,11,0.00,1,0,0,0,-1.0000,0.0,0,0.000,52.000,0.000,0.0,0.0,0.0,0,165439.5511,17995.3531
138.133,3370,3321,Running,11,0.00,1,0,0,0,-1.0000,0.0,0,0.000,52.000,0.000,0.0,0.0,0.0,0,141197.3397,17905.8323
138.150,3362,3311,Running,11,0.00,1,0,0,0,-1.0000,0.0,0,0.000,52.000,0.000,0.0,0.0,0.0,0,150317.0708,17641.3089
138.166,3353,3300,Running,11,0.00,1,0,0,0,-1.0000,0.0,0,0.000,52.000,0.000,0.0,0.0,0.0,0,153749.8704,18896.6822
138.183,3344,3290,Running,11,0.00,1,0,0,0,-1.0000,0.0,0,0.000,52.000,0.000,0.0,0.0,0.0,0,137247.7729,17691.6626
138.200,3335,3279,Running,11,0.00,1,0,0,0,-1.0000,0.0,0,0.000,52.000,0.000,0.0,0.0,0.0,0,139053.1094,18404.4016
138.216,3326,3268,Running,11,0.00,1,0,0,0,-1.0000,0.0,0,0.000,52.000,0.000,0.0,0.0,0.0,0,149374.7651,18228.4547
138.233,3316,3257,Running,11,0.00,1,0,0,0,-1.0000,0.0,0,0.000,52.000,0.000,0.0,0.0,0.0,0,128373.4705,18438.8406
138.250,3306,3246,Running,10,0.00,1,0,0,0,-1.0000,0.0,0,0.000,52.000,0.000,0.0,0.0,0.0,0,138283.9132,16425.6342
138.266,3296,3235,Running,10,0.00,1,0,0,0,-1.0000,0.0,0,0.000,52.000,0.000,0.0,0.0,0.0,0,141172.3421,16425.6342
138.283,3285,3223,Running,10,0.00,1,0,0,0,-1.0000,0.0,0,0.000,52.000,0.000,0.0,0.0,0.0,0,122962.6096,20569.8737
138.300,3275,3212,Running,10,0.00,1,0,0,0,-1.0000,0.0,0,0.000,52.000,0.000,0.0,0.0,0.0,0,140166.3950,18466.5276
138.316,3264,3201,Running,10,0.00,1,0,0,0,-1.0000,0.0,0,0.000,52.000,0.000,0.0,0.0,0.0,0,123627.6481,20489.0382
138.333,3254,3189,Running,10,0.00,1,0,0,0,-1.0000,0.0,0,0.000,52.000,0.000,0.0,0.0,0.0,0,134018.1597,17162.5897
138.350,3243,3177,Running,10,0.00,1,0,0,0,-1.0000,0.0,0,0.000,52.000,0.000,0.0,0.0,0.0,0,125545.3698,20495.4217
138.366,3232,3165,Running,10,0.00,1,0,0,0,-1.0000,0.0,0,0.000,52.000,0.000,0.0,0.0,0.0,0,127031.3286,20495.4217
138.383,3221,3154,Running,10,0.00,1,0,0,0,-1.0000,0.0,0,0.000,52.000,0.000,0.0,0.0,0.0,0,128542.4763,20769.4370
138.400,3209,3142,Running,10,0.00,1,0,0,0,-1.0000,0.0,0,0.000,50.400,0.000,0.0,0.0,0.0,0,121753.1230,19482.8765
138.416,3198,3131,Running,10,0.00,1,0,0,0,-1.0000,0.0,0,0.000,50.400,0.000,0.0,0.0,0.0,0,128682.4358,19482.8765
138.433,3187,3119,Running,10,0.00,1,0,0,0,-1.0000,0.0,0,0.000,50.400,0.000,0.0,0.0,0.0,0,120292.8879,20167.8634
138.450,3176,3108,Running,10,0.00,1,0,0,0,-1.0000,0.0,0,0.000,50.400,0.000,0.0,0.0,0.0,0,123026.3046,18012.7530
138.466,3164,3096,Running,10,0.00,1,0,0,0,-1.0000,0.0,0,0.000,50.400,0.000,0.0,0.0,0.0,0,123794.7909,19169.2777
138.483,3153,3084,Running,10,0.00,1,0,0,0,-1.0000,0.0,0,0.000,50.400,0.000,0.0,0.0,0.0,0,114972.4113,19169.2777
138.500,3141,3072,Running,10,0.00,1,0,0,0,-1.0000,0.0,0,0.000,50.400,0.000,0.0,0.0,0.0,0,125390.3532,19235.6886
138.516,3130,3060,Running,10,0.00,1,0,0,0,-1.0000,0.0,0,0.000,50.400,0.000,0.0,0.0,0.0,0,109577.8915,19051.6737
138.533,3118,3049,Running,10,0.00,1,0,0,0,-1.0000,0.0,0,0.000,50.400,0.000,0.0,0.0,0.0,0,128322.5419,17109.6805
138.550,3107,3037,Running,10,0.00,1,0,0,0,-1.0000,0.0,0,0.000,50.400,0.000,0.0,0.0,0.0,0,110961.2069,18454.4795
138.566,3095,3026,Running,10,0.00,1,0,0,0,-1.0000,0.0,0,0.000,50.400,0.000,0.0,0.0,0.0,0,115034.9658,17481.7431
138.583,3084,3015,Running,10,0.00,1,0,0,0,-1.0000,0.0,0,0.000,50.400,0.000,0.0,0.0,0.0,0,124238.6963,19537.3248
138.600,3072,3003,Running,10,0.00,1,0,0,0,-1.0000,0.0,0,0.000,50.400,0.000,0.0,0.0,0.0,0,107809.7810,19078.3633
138.616,3061,2993,Running,10,0.00,1,0,0,0,-1.0000,0.0,0,0.000,50.400,0.000,0.0,0.0,0.0,0,117780.4013,19863.6999
138.633,3049,2982,Running,10,0.00,1,0,0,0,-1.0000,0.0,0,0.000,50.400,0.000,0.0,0.0,0.0,0,123527.3595,19863.6999
138.650,3038,2971,Running,10,0.00,1,0,0,0,-1.0000,0.0,0,0.000,50.400,0.000,0.0,0.0,0.0,0,109401.6468,18793.7697
138.666,3027,2961,Running,10,0.00,1,0,0,0,-1.0000,0.0,0,0.000,50.400,0.000,0.0,0.0,0.0,0,115428.0802,19178.1386
138.683,3016,2951,Running,10,0.00,1,0,0,0,-1.0000,0.0,0,0.000,50.400,0.000,0.0,0.0,0.0,0,126150.8407,17919.9299
138.700,3005,2941,Running,10,0.00,1,0,0,0,-1.0000,0.0,0,0.000,50.400,0.000,0.0,0.0,0.0,0,109891.2677,19309.5786
138.716,2995,2931,Running,10,0.00,1,0,0,0,-1.0000,0.0,0,0.000,50.400,0.000,0.0,0.0,0.0,0,110871.8367,18860.1540
138.733,2984,2921,Running,10,0.00,1,0,0,0,-1.0000,0.0,0,0.000,50.400,0.000,0.0,0.0,0.0,0,119645.9889,18497.9123
138.750,2974,2911,Running,10,0.00,1,0,0,0,-1.0000,0.0,0,0.000,50.400,0.000,0.0,0.0,0.0,0,121146.5392,19500.8845
138.766,2963,2901,Running,10,0.00,1,0,0,0,-1.0000,0.0,0,0.000,50.400,0.000,0.0,0.0,0.0,0,110127.5288,18551.9777
138.783,2953,2891,Running,10,0.00,1,0,0,0,-1.0000,0.0,0,0.000,50.400,0.000,0.0,0.0,0.0,0,108947.7985,18724.3743
138.800,2943,2882,Running,11,0.00,1,0,0,0,-1.0000,0.0,0,0.000,49.200,0.000,0.0,0.0,0.0,0,115590.9111,19589.0017
138.816,2933,2873,Running,11,0.00,1,0,0,0,-1.0000,0.0,0,0.000,49.200,0.000,0.0,0.0,0.0,0,122683.9523,18511.6028
138.833,2923,2864,Running,11,0.00,1,0,0,0,-1.0000,0.0,0,0.000,49.200,0.000,0.0,0.0,0.0,0,117221.8600,19601.8102
138.850,2913,2856,Running,11,0.00,1,0,0,0,-1.0000,0.0,0,0.000,49.200,0.000,0.0,0.0,0.0,0,114347.4430,19130.0072
138.866,2904,2848,Running,11,0.00,1,0,0,0,-1.0000,0.0,0,0.000,49.200,0.000,0.0,0.0,0.0,0,115797.2554,19130.0072
138.883,2895,2842,Running,11,0.00,1,0,0,0,-1.0000,0.0,0,0.000,49.200,0.000,0.0,0.0,0.0,0,122727.2300,20288.9545
138.900,2886,2836,Running,11,0.00,1,0,0,0,-1.0000,0.0,0,0.000,49.200,0.000,0.0,0.0,0.0,0,128140.6636,20288.9545
138.916,2878,2830,Running,11,0.00,1,0,0,0,-1.0000,0.0,0,0.000,49.200,0.000,0.0,0.0,0.0,0,133130.9760,19698.2032
138.933,2870,2824,Running,11,0.00,1,0,0,0,-1.0000,0.0,0,0.000,49.200,0.000,0.0,0.0,0.0,0,129843.0254,20133.5501
138.950,2862,2818,Running,11,0.00,1,0,0,0,-1.0000,0.0,0,0.000,49.200,0.000,0.0,0.0,0.0,0,124370.8799,19661.7886
138.966,2855,2813,Running,11,0.00,1,0,0,0,-1.0000,0.0,0,0.000,49.200,0.000,0.0,0.0,0.0,0,122244.1574,20035.3926
138.983,2848,2808,Running,11,0.00,1,0,0,0,-1.0000,0.0,0,0.000,49.200,0.000,0.0,0.0,0.0,0,126770.6110,20035.3926
139.000,2842,2804,Running,11,0.00,1,0,0,0,-1.0000,0.0,0,0.000,49.200,0.000,0.0,0.0,0.0,0,128602.7595,19492.3411
139.016,2836,2800,Running,11,0.00,1,0,0,0,-1.0000,0.0,0,0.000,49.200,0.000,0.0,0.0,0.0,0,132982.2659,20592.1197
139.033,2830,2795,Running,11,0.00,1,0,0,0,-1.0000,0.0,0,0.000,49.200,0.000,0.0,0.0,0.0,0,132704.2826,19420.9522
139.050,2824,2790,Running,11,0.00,1,0,0,0,-1.0000,0.0,0,0.000,49.200,0.000,0.0,0.0,0.0,0,134989.8329,20208.8142
139.066,2818,2786,Running,11,0.00,1,0,0,0,-1.0000,0.0,0,0.000,49.200,0.000,0.0,0.0,0.0,0,133455.0475,19695.7046
139.083,2813,2782,Running,15,0.00,1,0,0,0,-1.0000,0.0,0,0.000,49.200,0.000,0.0,0.0,0.0,0,129379.0582,19834.5395
139.100,2808,2779,Running,15,0.00,1,0,0,0,-1.0000,0.0,0,0.000,49.200,0.000,0.0,0.0,0.0,0,131866.5949,20250.8500
139.116,2804,2779,Running,16,0.00,1,0,0,0,-1.0000,0.0,0,0.000,49.200,0.000,0.0,0.0,0.0,0,139942.5514,20099.9390
139.133,2800,2780,Running,16,0.00,1,0,0,0,-1.0000,0.0,0,0.000,49.200,0.000,0.0,0.0,0.0,0,145724.6503,20099.9390
139.150,2797,2783,Running,16,0.00,1,0,0,0,-1.0000,0.0,0,0.000,49.200,0.000,0.0,0.0,0.0,0,157494.5717,20601.7606
139.166,2795,2788,Running,16,0.00,1,0,0,0,-1.0000,0.0,0,0.000,49.200,0.000,0.0,0.0,0.0,0,164646.2264,20601.7606
139.183,2795,2795,Running,16,0.00,1,0,0,0,-1.0000,0.0,0,0.000,49.200,0.000,0.0,0.0,0.0,0,172294.6512,20674.1691
139.200,2795,2802,Running,16,0.00,1,0,0,0,-1.0000,0.0,0,0.000,49.200,0.000,0.0,0.0,0.0,0,180307.4625,20369.5810
139.216,2797,2810,Running,16,0.00,1,0,0,0,-1.0000,0.0,0,0.000,49.200,0.000,0.0,0.0,0.0,0,189175.1285,21324.2922
139.233,2799,2818,Running,16,0.00,1,0,0,0,-1.0000,0.0,0,0.000,49.200,0.000,0.0,0.0,0.0,0,194090.8127,20783.4498
139.250,2803,2827,Running,16,0.00,1,0,0,0,-1.0000,0.0,0,0.000,49.200,0.000,0.0,0.0,0.0,0,186005.9265,20783.4498
139.266,2808,2837,Running,16,0.00,1,0,0,0,-1.0000,0.0,0,0.000,49.200,0.000,0.0,0.0,0.0,0,182824.0080,21111.7736
139.283,2813,2848,Running,16,0.00,1,0,0,0,-1.0000,0.0,0,0.000,49.200,0.000,0.0,0.0,0.0,0,187059.2821,20625.8441
139.300,2819,2859,Running,16,0.00,1,0,0,0,-1.0000,0.0,0,0.000,49.200,0.000,0.0,0.0,0.0,0,192605.8472,20929.2811
139.316,2826,2870,Running,16,0.00,1,0,0,0,-1.0000,0.0,0,0.000,49.200,0.000,0.0,0.0,0.0,0,202232.3642,20717.3627
139.333,2834,2880,Running,16,0.00,1,0,0,0,-1.0000,0.0,0,0.000,49.200,0.000,0.0,0.0,0.0,0,214121.6334,20321.9349
139.350,2842,2891,Running,16,0.00,1,0,0,0,-1.0000,0.0,0,0.000,49.200,0.000,0.0,0.0,0.0,0,191083.3539,21096.6380
139.366,2850,2903,Running,16,0.00,1,0,0,0,-1.0000,0.0,0,0.000,49.200,0.000,0.0,0.0,0.0,0,191621.8582,19664.8908
139.383,2859,2915,Running,16,0.00,1,0,0,0,-1.0000,0.0,0,0.000,49.200,0.000,0.0,0.0,0.0,0,201410.9936,20617.4373
139.400,2868,2925,Running,22,0.00,1,0,0,0,-1.0000,0.0,0,0.000,48.080,0.000,0.0,0.0,0.0,0,216765.5481,20617.4373
139.416,2878,2937,Running,22,0.00,1,0,0,0,-1.0000,0.0,0,0.000,48.080,0.000,0.0,0.0,0.0,0,211325.8147,20592.1461
139.433,2889,2955,Running,24,0.00,1,0,0,0,-1.0000,0.0,0,0.000,48.080,0.000,0.0,0.0,0.0,0,213217.0606,20515.6684
139.450,2901,2980,Running,24,0.00,1,0,0,0,-1.0000,0.0,0,0.000,48.080,0.000,0.0,0.0,0.0,0,241890.0852,20734.9296
139.466,2915,3011,Running,24,0.00,1,0,0,0,-1.0000,0.0,0,0.000,48.080,0.000,0.0,0.0,0.0,0,281560.9252,20132.3367
139.483,2933,3051,Running,24,0.00,1,0,0,0,-1.0000,0.0,0,0.000,48.080,0.000,0.0,0.0,0.0,0,249802.4127,20607.7334
139.500,2955,3095,Running,24,0.00,1,0,0,0,-1.0000,0.0,0,0.000,48.080,0.000,0.0,0.0,0.0,0,282596.3537,20195.5793
139.516,2980,3144,Running,24,0.00,1,0,0,0,-1.0000,0.0,0,0.000,48.080,0.000,0.0,0.0,0.0,0,299857.6980,20195.5793
139.533,3009,3197,Running,24,0.00,1,0,0,0,-1.0000,0.0,0,0.000,48.080,0.000,0.0,0.0,0.0,0,293282.0701,18115.3540
139.550,3042,3251,Running,24,0.00,1,0,0,0,-1.0000,0.0,0,0.000,48.080,0.000,0.0,0.0,0.0,0,309908.0723,20376.2909
139.566,3079,3307,Running,24,0.00,1,0,0,0,-1.0000,0.0,0,0.000,48.080,0.000,0.0,0.0,0.0,0,333940.1316,15291.3271
139.583,3119,3366,Running,24,0.00,1,0,0,0,-1.0000,0.0,0,0.000,48.080,0.000,0.0,0.0,0.0,0,302782.9220,18614.0809
139.600,3161,3426,Running,25,0.00,1,0,0,0,-1.0000,0.0,0,0.000,48.080,0.000,0.0,0.0,0.0,0,330288.6820,17583.4664
139.616,3207,3487,Running,26,0.00,1,0,0,0,-1.0000,0.0,0,0.000,48.080,0.000,0.0,0.0,0.0,0,345292.0743,18166.8642
139.633,3255,3550,Running,26,0.00,1,0,0,0,-1.0000,0.0,0,0.000,48.080,0.000,0.0,0.0,0.0,0,353452.0012,17373.3445
139.650,3306,3617,Running,26,0.00,1,0,0,0,-1.0000,0.0,0,0.000,48.080,0.000,0.0,0.0,0.0,0,360195.8193,17731.0555
139.666,3359,3687,Running,26,0.00,1,0,0,0,-1.0000,0.0,0,0.000,48.080,0.000,0.0,0.0,0.0,0,365320.9668,17731.0555
139.683,3415,3759,Running,26,0.00,1,0,0,0,-1.0000,0.0,0,0.000,48.080,0.000,0.0,0.0,0.0,0,371398.0038,17721.4209
139.700,3474,3832,Running,26,0.00,1,0,0,0,-1.0000,0.0,0,0.000,48.080,0.000,0.0,0.0,0.0,0,383200.9340,17721.4209
139.716,3535,3905,Running,26,0.00,1,0,0,0,-1.0000,0.0,0,0.000,48.080,0.000,0.0,0.0,0.0,0,406762.6985,16993.0042
139.733,3597,3979,Running,26,0.00,1,0,0,0,-1.0000,0.0,0,0.000,48.080,0.000,0.0,0.0,0.0,0,393776.4607,18573.2488
139.750,3662,4054,Running,26,0.00,1,0,0,0,-1.0000,0.0,0,0.000,48.080,0.000,0.0,0.0,0.0,0,401688.9608,16897.8578
139.766,3728,4127,Running,26,0.00,1,0,0,0,-1.0000,0.0,0,0.000,48.080,0.000,0.0,0.0,0.0,0,412985.6232,16607.9275
139.783,3795,4198,Running,28,0.00,1,0,0,0,-1.0000,0.0,0,0.000,48.080,0.000,0.0,0.0,0.0,0,424613.9384,16444.7565
139.800,3863,4273,Running,28,0.00,1,0,0,0,-1.0000,0.0,0,0.000,48.640,0.000,0.0,0.0,0.0,0,414955.5937,18517.7526
139.816,3932,4351,Running,28,0.00,1,0,0,0,-1.0000,0.0,0,0.000,48.640,0.000,0.0,0.0,0.0,0,441969.6362,16514.9481
139.833,4002,4427,Running,28,0.00,1,0,0,0,-1.0000,0.0,0,0.000,48.640,0.000,0.0,0.0,0.0,0,455329.8385,19894.0258
139.850,4074,4507,Running,28,0.00,1,0,0,0,-1.0000,0.0,0,0.000,48.640,0.000,0.0,0.0,0.0,0,461095.7487,16616.4146
139.866,4147,4587,Running,28,0.00,1,0,0,0,-1.0000,0.0,0,0.000,48.640,0.000,0.0,0.0,0.0,0,469097.0880,15926.5022
139.883,4221,4666,Running,28,0.00,1,0,0,0,-1.0000,0.0,0,0.000,48.640,0.000,0.0,0.0,0.0,0,474468.0795,18353.4495
139.900,4295,4744,Running,28,0.00,1,0,0,0,-1.0000,0.0,0,0.000,48.640,0.000,0.0,0.0,0.0,0,486006.4657,18353.4495
139.916,4370,4818,Running,28,0.00,1,0,0,0,-1.0000,0.0,0,0.000,48.640,0.000,0.0,0.0,0.0,0,501048.2483,19641.9236
139.933,4445,4894,Running,29,0.00,1,0,0,0,-1.0000,0.0,0,0.000,48.640,0.000,0.0,0.0,0.0,0,481934.6630,17273.3132
139.950,4520,4967,Running,29,0.00,1,0,0,0,-1.0000,0.0,0,0.000,48.640,0.000,0.0,0.0,0.0,0,510505.5639,16611.1088
139.966,4595,5042,Running,29,0.00,1,0,0,0,-1.0000,0.0,0,0.000,48.640,0.000,0.0,0.0,0.0,0,501436.0732,18375.0268
139.983,4669,5112,Running,29,0.00,1,0,0,0,-1.0000,0.0,0,0.000,48.640,0.000,0.0,0.0,0.0,0,529719.6158,15778.0682
140.000,4743,5182,Running,29,0.00,1,0,0,0,-1.0000,0.0,0,0.000,48.640,0.000,0.0,0.0,0.0,0,512584.2625,16633.9845
140.016,4816,5252,Running,29,0.00,1,0,0,0,-1.0000,0.0,0,0.000,48.640,0.000,0.0,0.0,0.0,0,522649.6626,16710.8887
140.033,4888,5321,Running,29,0.00,1,0,0,0,-1.0000,0.0,0,0.000,48.640,0.000,0.0,0.0,0.0,0,529892.7144,15528.6298
140.050,4960,5387,Running,29,0.00,1,0,0,0,-1.0000,0.0,0,0.000,48.640,0.000,0.0,0.0,0.0,0,538120.9612,16049.3065
140.066,5031,5452,Running,29,0.00,1,0,0,0,-1.0000,0.0,0,0.000,48.640,0.000,0.0,0.0,0.0,0,539172.0166,15671.6331
140.083,5100,5515,Running,29,0.00,1,0,0,0,-1.0000,0.0,0,0.000,48.640,0.000,0.0,0.0,0.0,0,545124.6652,17059.9674
140.100,5169,5576,Running,29,0.00,1,0,0,0,-1.0000,0.0,0,0.000,48.640,0.000,0.0,0.0,0.0,0,552508.2137,16915.4576
140.116,5236,5635,Running,29,0.00,1,0,0,0,-1.0000,0.0,0,0.000,48.640,0.000,0.0,0.0,0.0,0,558008.3048,17474.0444
140.133,5302,5694,Running,29,0.00,1,0,0,0,-1.0000,0.0,0,0.000,50.000,0.000,0.0,0.0,0.0,0,546869.4173,17151.0254
140.150,5367,5752,Running,29,0.00,1,0,0,0,-1.0000,0.0,0,0.000,50.000,0.000,0.0,0.0,0.0,0,558389.9097,18983.9619
140.166,5431,5807,Running,29,0.00,1,0,0,0,-1.0000,0.0,0,0.000,50.000,0.000,0.0,0.0,0.0,0,567491.8326,18319.3136
140.183,5493,5863,Running,29,0.00,1,0,0,0,-1.0000,0.0,0,0.000,50.000,0.000,0.0,0.0,0.0,0,557100.0461,18974.2267
140.200,5554,5915,Running,29,0.00,1,0,0,0,-1.0000,0.0,0,0.000,50.000,0.000,0.0,0.0,0.0,0,573914.6141,19371.7211
140.216,5614,5968,Running,29,0.00,1,0,0,0,-1.0000,0.0,0,0.000,50.000,0.000,0.0,0.0,0.0,0,570885.4816,18755.7383
140.233,5672,6019,Running,29,0.00,1,0,0,0,-1.0000,0.0,0,0.000,50.000,0.000,0.0,0.0,0.0,0,568001.6901,19891.1541
140.250,5729,6068,Running,29,0.00,1,0,0,0,-1.0000,0.0,0,0.000,50.000,0.000,0.0,0.0,0.0,0,581451.3581,17448.5622
140.266,5785,6118,Running,29,0.00,1,0,0,0,-1.0000,0.0,0,0.000,50.000,0.000,0.0,0.0,0.0,0,583371.1074,19108.5356
140.283,5841,6167,Running,29,0.00,1,0,0,0,-1.0000,0.0,0,0.000,50.000,0.000,0.0,0.0,0.0,0,579038.9957,19242.4119
140.300,5894,6213,Running,28,0.00,1,0,0,0,-1.0000,0.0,0,0.000,50.000,0.000,0.0,0.0,0.0,0,582616.1310,18773.5070
140.316,5947,6258,Running,28,0.00,1,0,0,0,-1.0000,0.0,0,0.000,50.800,0.000,0.0,0.0,0.0,0,583686.6087,18773.5070
140.333,5998,6301,Running,28,0.00,1,0,0,0,-1.0000,0.0,0,0.000,50.800,0.000,0.0,0.0,0.0,0,586361.7268,19356.7688
140.350,6048,6342,Running,28,0.00,1,0,0,0,-1.0000,0.0,0,0.000,50.800,0.000,0.0,0.0,0.0,0,585111.0498,19356.7688
140.366,6096,6382,Running,28,0.00,1,0,0,0,-1.0000,0.0,0,0.000,50.800,0.000,0.0,0.0,0.0,0,588198.6261,18170.8883
140.383,6143,6421,Running,28,0.00,1,0,0,0,-1.0000,0.0,0,0.000,50.800,0.000,0.0,0.0,0.0,0,590008.1836,19283.5822
140.400,6189,6460,Running,28,0.00,1,0,0,0,-1.0000,0.0,0,0.000,50.800,0.000,0.0,0.0,0.0,0,591959.2682,18661.0820
140.416,6234,6498,Running,28,0.00,1,0,0,0,-1.0000,0.0,0,0.000,50.800,0.000,0.0,0.0,0.0,0,584847.1168,18661.0820
140.433,6277,6534,Running,28,0.00,1,0,0,0,-1.0000,0.0,0,0.000,50.800,0.000,0.0,0.0,0.0,0,590542.5086,18428.4852
140.450,6319,6569,Running,28,0.00,1,0,0,0,-1.0000,0.0,0,0.000,50.800,0.000,0.0,0.0,0.0,0,598351.2900,19020.5793
140.466,6361,6603,Running,28,0.00,1,0,0,0,-1.0000,0.0,0,0.000,50.800,0.000,0.0,0.0,0.0,0,596982.0900,17910.6259
140.483,6401,6638,Running,28,0.00,1,0,0,0,-1.0000,0.0,0,0.000,50.800,0.000,0.0,0.0,0.0,0,590320.9891,18272.1597
140.500,6440,6670,Running,28,0.00,1,0,0,0,-1.0000,0.0,0,0.000,51.600,0.000,0.0,0.0,0.0,0,602231.0497,18373.9415
140.516,6478,6703,Running,28,0.00,1,0,0,0,-1.0000,0.0,0,0.000,51.600,0.000,0.0,0.0,0.0,0,592991.1903,17249.6265
140.533,6515,6734,Running,28,0.00,1,0,0,0,-1.0000,0.0,0,0.000,51.600,0.000,0.0,0.0,0.0,0,604084.8188,18340.2787
140.550,6551,6765,Running,28,0.00,1,0,0,0,-1.0000,0.0,0,0.000,51.600,0.000,0.0,0.0,0.0,0,592025.6216,17870.2754
140.566,6586,6793,Running,28,0.00,1,0,0,0,-1.0000,0.0,0,0.000,51.600,0.000,0.0,0.0,0.0,0,600792.9330,17870.2754
140.583,6620,6823,Running,28,0.00,1,0,0,0,-1.0000,0.0,0,0.000,51.600,0.000,0.0,0.0,0.0,0,589880.9940,19066.5985
140.600,6654,6851,Running,28,0.00,1,0,0,0,-1.0000,0.0,0,0.000,51.600,0.000,0.0,0.0,0.0,0,605149.7358,18628.2213
140.616,6686,6879,Running,28,0.00,1,0,0,0,-1.0000,0.0,0,0.000,51.600,0.000,0.0,0.0,0.0,0,599086.2226,19557.4602
140.633,6718,6906,Running,28,0.00,1,0,0,0,-1.0000,0.0,0,0.000,51.600,0.000,0.0,0.0,0.0,0,596294.1362,19312.5649
140.650,6749,6932,Running,28,0.00,1,0,0,0,-1.0000,0.0,0,0.000,51.600,0.000,0.0,0.0,0.0,0,608514.2488,19446.0255
140.666,6779,6958,Running,28,0.00,1,0,0,0,-1.0000,0.0,0,0.000,51.600,0.000,0.0,0.0,0.0,0,605567.1689,17813.5717
140.683,6809,6983,Running,28,0.00,1,0,0,0,-1.0000,0.0,0,0.000,51.600,0.000,0.0,0.0,0.0,0,597024.4077,19203.8758
140.700,6837,7008,Running,28,0.00,1,0,0,0,-1.0000,0.0,0,0.000,52.480,0.000,0.0,0.0,0.0,0,602242.2898,18791.7418
140.716,6866,7032,Running,28,0.00,1,0,0,0,-1.0000,0.0,0,0.000,52.480,0.000,0.0,0.0,0.0,0,609089.7978,20112.1341
140.733,6893,7055,Running,28,0.00,1,0,0,0,-1.0000,0.0,0,0.000,52.480,0.000,0.0,0.0,0.0,0,610972.9826,19406.3291
140.750,6920,7079,Running,28,0.00,1,0,0,0,-1.0000,0.0,0,0.000,52.480,0.000,0.0,0.0,0.0,0,606760.6879,18643.4253
140.766,6946,7103,Running,28,0.00,1,0,0,0,-1.0000,0.0,0,0.000,52.480,0.000,0.0,0.0,0.0,0,607765.8603,19080.8316
140.783,6972,7126,Running,28,0.00,1,0,0,0,-1.0000,0.0,0,0.000,52.480,0.000,0.0,0.0,0.0,0,610642.5305,18505.0272
140.800,6998,7149,Running,28,0.00,1,0,0,0,-1.0000,0.0,0,0.000,52.480,0.000,0.0,0.0,0.0,0,607092.2988,18505.0272
140.816,7023,7172,Running,28,0.00,1,0,0,0,-1.0000,0.0,0,0.000,52.480,0.000,0.0,0.0,0.0,0,609356.7887,19203.1872
140.833,7047,7191,Running,25,0.00,1,0,0,0,-1.0000,0.0,0,0.000,52.480,0.000,0.0,0.0,0.0,0,610079.9913,18904.8869
140.850,7070,7207,Running,25,0.00,1,0,0,0,-1.0000,0.0,0,0.000,52.480,0.000,0.0,0.0,0.0,0,593022.8424,19197.6689
140.866,7092,7218,Running,24,0.00,1,0,0,0,-1.0000,0.0,0,0.000,52.480,0.000,0.0,0.0,0.0,0,576291.3816,20072.1078
140.883,7112,7224,Running,24,0.00,1,0,0,0,-1.0000,0.0,0,0.000,52.480,0.000,0.0,0.0,0.0,0,558432.0971,18991.5913
140.900,7130,7227,Running,24,0.00,1,0,0,0,-1.0000,0.0,0,0.000,52.480,0.000,0.0,0.0,0.0,0,541163.0360,19952.0377
140.916,7144,7226,Running,23,0.00,1,0,0,0,-1.0000,0.0,0,0.000,52.480,0.000,0.0,0.0,0.0,0,531139.7689,18633.4949
140.933,7157,7223,Running,23,0.00,1,0,0,0,-1.0000,0.0,0,0.000,52.480,0.000,0.0,0.0,0.0,0,520418.4027,18642.5086
140.950,7167,7219,Running,23,0.00,1,0,0,0,-1.0000,0.0,0,0.000,52.480,0.000,0.0,0.0,0.0,0,512620.2731,19415.2890
140.966,7174,7213,Running,23,0.00,1,0,0,0,-1.0000,0.0,0,0.000,52.480,0.000,0.0,0.0,0.0,0,505321.0519,19415.2890
140.983,7180,7206,Running,23,0.00,1,0,0,0,-1.0000,0.0,0,0.000,52.480,0.000,0.0,0.0,0.0,0,502372.2747,19248.1457
141.000,7183,7200,Running,23,0.00,1,0,0,0,-1.0000,0.0,0,0.000,52.480,0.000,0.0,0.0,0.0,0,499088.5400,18888.4442
141.016,7185,7193,Running,23,0.00,1,0,0,0,-1.0000,0.0,0,0.000,52.480,0.000,0.0,0.0,0.0,0,500382.2768,20334.7556
141.033,7186,7186,Running,23,0.00,1,0,0,0,-1.0000,0.0,0,0.000,52.480,0.000,0.0,0.0,0.0,0,498498.3053,19605.2360
141.050,7185,7178,Running,18,0.00,1,0,0,0,-1.0000,0.0,0,0.000,52.480,0.000,0.0,0.0,0.0,0,495742.0834,19809.9593
141.066,7183,7164,Running,18,0.00,1,0,0,0,-1.0000,0.0,0,0.000,52.480,0.000,0.0,0.0,0.0,0,465493.6393,19338.2903
141.083,7179,7144,Running,18,0.00,1,0,0,0,-1.0000,0.0,0,0.000,52.480,0.000,0.0,0.0,0.0,0,436566.0515,19338.2903
141.100,7172,7121,Running,18,0.00,1,0,0,0,-1.0000,0.0,0,0.000,52.480,0.000,0.0,0.0,0.0,0,416468.6929,17762.1285
141.116,7162,7096,Running,18,0.00,1,0,0,0,-1.0000,0.0,0,0.000,52.480,0.000,0.0,0.0,0.0,0,400179.1384,18769.5670
141.133,7150,7070,Running,18,0.00,1,0,0,0,-1.0000,0.0,0,0.000,52.480,0.000,0.0,0.0,0.0,0,392195.4414,18282.5738
141.150,7135,7044,Running,18,0.00,1,0,0,0,-1.0000,0.0,0,0.000,52.480,0.000,0.0,0.0,0.0,0,384683.3204,17853.1140
141.166,7119,7018,Running,18,0.00,1,0,0,0,-1.0000,0.0,0,0.000,52.480,0.000,0.0,0.0,0.0,0,375826.6554,19570.6517
141.183,7101,6990,Running,13,0.00,1,0,0,0,-1.0000,0.0,0,0.000,52.480,0.000,0.0,0.0,0.0,0,372016.3964,20679.0091
141.200,7082,6958,Running,13,0.00,1,0,0,0,-1.0000,0.0,0,0.000,52.480,0.000,0.0,0.0,0.0,0,337020.6654,18773.7206
141.216,7060,6922,Running,13,0.00,1,0,0,0,-1.0000,0.0,0,0.000,54.160,0.000,0.0,0.0,0.0,0,300977.9918,19449.1557
141.233,7036,6883,Running,13,0.00,1,0,0,0,-1.0000,0.0,0,0.000,54.160,0.000,0.0,0.0,0.0,0,274344.9126,19449.1557
141.250,7009,6843,Running,13,0.00,1,0,0,0,-1.0000,0.0,0,0.000,54.160,0.000,0.0,0.0,0.0,0,246147.9392,18478.2449
141.266,6980,6802,Running,13,0.00,1,0,0,0,-1.0000,0.0,0,0.000,54.160,0.000,0.0,0.0,0.0,0,243475.7302,18371.2330
141.283,6950,6760,Running,13,0.00,1,0,0,0,-1.0000,0.0,0,0.000,54.160,0.000,0.0,0.0,0.0,0,229492.9640,18354.5676
141.300,6917,6718,Running,13,0.00,1,0,0,0,-1.0000,0.0,0,0.000,54.160,0.000,0.0,0.0,0.0,0,227096.1471,17738.3033
141.316,6883,6676,Running,13,0.00,1,0,0,0,-1.0000,0.0,0,0.000,54.160,0.000,0.0,0.0,0.0,0,223047.6240,17738.3033
141.333,6848,6635,Running,13,0.00,1,0,0,0,-1.0000,0.0,0,0.000,54.160,0.000,0.0,0.0,0.0,0,226994.3214,18866.5487
141.350,6812,6592,Running,7,0.00,1,0,0,0,-1.0000,0.0,0,0.000,54.160,0.000,0.0,0.0,0.0,0,210900.3306,17552.3598
141.366,6775,6549,Running,7,0.00,1,0,0,0,-1.0000,0.0,0,0.000,54.160,0.000,0.0,0.0,0.0,0,190988.8601,19006.2662
141.383,6736,6504,Running,7,0.00,1,0,0,0,-1.0000,0.0,0,0.000,54.160,0.000,0.0,0.0,0.0,0,150304.3575,19782.7339
141.400,6697,6457,Running,7,0.00,1,0,0,0,-1.0000,0.0,0,0.000,54.160,0.000,0.0,0.0,0.0,0,121100.1696,17795.8860
141.416,6656,6410,Running,7,0.00,1,0,0,0,-1.0000,0.0,0,0.000,54.160,0.000,0.0,0.0,0.0,0,105975.9353,17795.8860
141.433,6615,6363,Running,7,0.00,1,0,0,0,-1.0000,0.0,0,0.000,54.160,0.000,0.0,0.0,0.0,0,100879.7861,18528.2934
141.450,6572,6315,Running,7,0.00,1,0,0,0,-1.0000,0.0,0,0.000,54.160,0.000,0.0,0.0,0.0,0,96592.7083,20457.6402
141.466,6529,6267,Running,7,0.00,1,0,0,0,-1.0000,0.0,0,0.000,54.160,0.000,0.0,0.0,0.0,0,91871.4442,18616.5829
141.483,6485,6219,Running,7,0.00,1,0,0,0,-1.0000,0.0,0,0.000,54.160,0.000,0.0,0.0,0.0,0,90262.0984,20018.7158
141.500,6440,6170,Running,7,0.00,1,0,0,0,-1.0000,0.0,0,0.000,54.160,0.000,0.0,0.0,0.0,0,88635.8443,18856.1182
141.516,6395,6122,Running,7,0.00,1,0,0,0,-1.0000,0.0,0,0.000,54.160,0.000,0.0,0.0,0.0,0,93649.0867,18550.0910
141.533,6349,6075,Running,7,0.00,1,0,0,0,-1.0000,0.0,0,0.000,54.160,0.000,0.0,0.0,0.0,0,94944.8889,18942.3894
141.550,6303,6027,Running,7,0.00,1,0,0,0,-1.0000,0.0,0,0.000,54.160,0.000,0.0,0.0,0.0,0,87933.3091,18142.8965
141.566,6257,5980,Running,7,0.00,1,0,0,0,-1.0000,0.0,0,0.000,54.160,0.000,0.0,0.0,0.0,0,84303.9904,18889.6670
141.583,6211,5933,Running,7,0.00,1,0,0,0,-1.0000,0.0,0,0.000,54.160,0.000,0.0,0.0,0.0,0,100053.3821,18889.6670
141.600,6164,5887,Running,7,0.00,1,0,0,0,-1.0000,0.0,0,0.000,53.760,0.000,0.0,0.0,0.0,0,88039.5421,18668.6295
141.616,6118,5840,Running,7,0.00,1,0,0,0,-1.0000,0.0,0,0.000,53.760,0.000,0.0,0.0,0.0,0,93419.4481,17497.1284
141.633,6072,5794,Running,7,0.00,1,0,0,0,-1.0000,0.0,0,0.000,53.760,0.000,0.0,0.0,0.0,0,89719.5785,18769.3942
141.650,6025,5748,Running,7,0.00,1,0,0,0,-1.0000,0.0,0,0.000,53.760,0.000,0.0,0.0,0.0,0,97685.6866,19093.7564
141.666,5979,5703,Running,7,0.00,1,0,0,0,-1.0000,0.0,0,0.000,53.760,0.000,0.0,0.0,0.0,0,84932.2448,17061.8604
141.683,5933,5658,Running,7,0.00,1,0,0,0,-1.0000,0.0,0,0.000,53.760,0.000,0.0,0.0,0.0,0,101328.8569,18276.1239
141.700,5887,5613,Running,7,0.00,1,0,0,0,-1.0000,0.0,0,0.000,53.760,0.000,0.0,0.0,0.0,0,93914.2225,18276.1239
141.716,5842,5569,Running,7,0.00,1,0,0,0,-1.0000,0.0,0,0.000,53.760,0.000,0.0,0.0,0.0,0,87404.1956,18229.1718
141.733,5796,5525,Running,7,0.00,1,0,0,0,-1.0000,0.0,0,0.000,53.760,0.000,0.0,0.0,0.0,0,90965.3871,16948.8413
141.750,5751,5481,Running,7,0.00,1,0,0,0,-1.0000,0.0,0,0.000,53.760,0.000,0.0,0.0,0.0,0,97909.6163,16948.8413
141.766,5706,5438,Running,7,0.00,1,0,0,0,-1.0000,0.0,0,0.000,53.760,0.000,0.0,0.0,0.0,0,95456.5283,17667.8655
141.783,5661,5394,Running,7,0.00,1,0,0,0,-1.0000,0.0,0,0.000,53.760,0.000,0.0,0.0,0.0,0,93817.0468,17958.4129
141.800,5617,5351,Running,7,0.00,1,0,0,0,-1.0000,0.0,0,0.000,53.040,0.000,0.0,0.0,0.0,0,92777.8591,17993.4303
141.816,5573,5309,Running,7,0.00,1,0,0,0,-1.0000,0.0,0,0.000,53.040,0.000,0.0,0.0,0.0,0,91958.1088,18011.2864
141.833,5529,5266,Running,7,0.00,1,0,0,0,-1.0000,0.0,0,0.000,53.040,0.000,0.0,0.0,0.0,0,90380.2674,18359.6787
141.850,5485,5225,Running,7,0.00,1,0,0,0,-1.0000,0.0,0,0.000,53.040,0.000,0.0,0.0,0.0,0,93068.6617,18359.6787
141.866,5442,5183,Running,7,0.00,1,0,0,0,-1.0000,0.0,0,0.000,53.040,0.000,0.0,0.0,0.0,0,100961.8879,16954.3603
141.883,5399,5142,Running,7,0.00,1,0,0,0,-1.0000,0.0,0,0.000,53.040,0.000,0.0,0.0,0.0,0,95560.8304,16685.5761
141.900,5356,5101,Running,7,0.00,1,0,0,0,-1.0000,0.0,0,0.000,53.040,0.000,0.0,0.0,0.0,0,88559.7885,17468.7811
141.916,5314,5061,Running,7,0.00,1,0,0,0,-1.0000,0.0,0,0.000,53.040,0.000,0.0,0.0,0.0,0,94085.2890,17284.3845
141.933,5272,5021,Running,7,0.00,1,0,0,0,-1.0000,0.0,0,0.000,53.040,0.000,0.0,0.0,0.0,0,96708.4875,18086.4818
141.950,5230,4981,Running,7,0.00,1,0,0,0,-1.0000,0.0,0,0.000,53.040,0.000,0.0,0.0,0.0,0,83688.8986,16878.8764
141.966,5188,4941,Running,7,0.00,1,0,0,0,-1.0000,0.0,0,0.000,53.040,0.000,0.0,0.0,0.0,0,101348.2893,16865.2420
141.983,5147,4902,Running,7,0.00,1,0,0,0,-1.0000,0.0,0,0.000,53.040,0.000,0.0,0.0,0.0,0,83438.7159,16061.8911
142.000,5106,4863,Running,7,0.00,1,0,0,0,-1.0000,0.0,0,0.000,52.160,0.000,0.0,0.0,0.0,0,100460.1275,16274.3482
142.016,5066,4824,Running,7,0.00,1,0,0,0,-1.0000,0.0,0,0.000,52.160,0.000,0.0,0.0,0.0,0,89608.4517,17299.4973
142.033,5026,4786,Running,7,0.00,1,0,0,0,-1.0000,0.0,0,0.000,52.160,0.000,0.0,0.0,0.0,0,94155.8765,15743.1990
142.050,4986,4749,Running,7,0.00,1,0,0,0,-1.0000,0.0,0,0.000,52.160,0.000,0.0,0.0,0.0,0,99740.5588,15193.5142
142.066,4947,4712,Running,7,0.00,1,0,0,0,-1.0000,0.0,0,0.000,52.160,0.000,0.0,0.0,0.0,0,91345.9011,17137.0023
142.083,4907,4674,Running,7,0.00,1,0,0,0,-1.0000,0.0,0,0.000,52.160,0.000,0.0,0.0,0.0,0,89474.2328,17400.1558
142.100,4869,4638,Running,7,0.00,1,0,0,0,-1.0000,0.0,0,0.000,52.160,0.000,0.0,0.0,0.0,0,97763.4772,16145.1976
142.116,4830,4602,Running,7,0.00,1,0,0,0,-1.0000,0.0,0,0.000,52.160,0.000,0.0,0.0,0.0,0,97897.9896,15863.3515
142.133,4792,4566,Running,7,0.00,1,0,0,0,-1.0000,0.0,0,0.000,52.160,0.000,0.0,0.0,0.0,0,97638.1589,16436.5892
142.150,4755,4531,Running,7,0.00,1,0,0,0,-1.0000,0.0,0,0.000,52.160,0.000,0.0,0.0,0.0,0,96326.0883,17809.5715
142.166,4718,4496,Running,7,0.00,1,0,0,0,-1.0000,0.0,0,0.000,51.520,0.000,0.0,0.0,0.0,0,94581.5834,15027.0821
142.183,4681,4461,Running,7,0.00,1,0,0,0,-1.0000,0.0,0,0.000,51.520,0.000,0.0,0.0,0.0,0,94949.5572,18090.5137
142.200,4644,4427,Running,7,0.00,1,0,0,0,-1.0000,0.0,0,0.000,51.520,0.000,0.0,0.0,0.0,0,94047.5224,16771.3877
142.216,4608,4393,Running,7,0.00,1,0,0,0,-1.0000,0.0,0,0.000,51.520,0.000,0.0,0.0,0.0,0,93944.1161,18057.1890
142.233,4572,4359,Running,7,0.00,1,0,0,0,-1.0000,0.0,0,0.000,51.520,0.000,0.0,0.0,0.0,0,90688.2829,18057.1890
142.250,4537,4325,Running,7,0.00,1,0,0,0,-1.0000,0.0,0,0.000,51.520,0.000,0.0,0.0,0.0,0,89039.6182,19084.7881
142.266,4502,4292,Running,7,0.00,1,0,0,0,-1.0000,0.0,0,0.000,51.520,0.000,0.0,0.0,0.0,0,91287.2643,17110.4620
142.283,4467,4259,Running,7,0.00,1,0,0,0,-1.0000,0.0,0,0.000,51.520,0.000,0.0,0.0,0.0,0,94834.3802,18444.1802
142.300,4432,4226,Running,7,0.00,1,0,0,0,-1.0000,0.0,0,0.000,50.720,0.000,0.0,0.0,0.0,0,87327.8055,18699.4191
142.316,4398,4193,Running,7,0.00,1,0,0,0,-1.0000,0.0,0,0.000,50.720,0.000,0.0,0.0,0.0,0,82151.4924,15495.6107
142.333,4364,4160,Running,7,0.00,1,0,0,0,-1.0000,0.0,0,0.000,50.720,0.000,0.0,0.0,0.0,0,93934.7881,18455.6802
142.350,4330,4128,Running,7,0.00,1,0,0,0,-1.0000,0.0,0,0.000,50.720,0.000,0.0,0.0,0.0,0,85960.0500,16406.2799
142.366,4296,4096,Running,7,0.00,1,0,0,0,-1.0000,0.0,0,0.000,50.720,0.000,0.0,0.0,0.0,0,81053.5929,17747.2963
142.383,4263,4064,Running,7,0.00,1,0,0,0,-1.0000,0.0,0,0.000,50.720,0.000,0.0,0.0,0.0,0,91583.4999,16327.9320
142.400,4230,4032,Running,7,0.00,1,0,0,0,-1.0000,0.0,0,0.000,50.720,0.000,0.0,0.0,0.0,0,77683.5049,18140.4329
142.416,4197,4001,Running,7,0.00,1,0,0,0,-1.0000,0.0,0,0.000,50.720,0.000,0.0,0.0,0.0,0,91285.0012,17165.0901
142.433,4165,3970,Running,7,0.00,1,0,0,0,-1.0000,0.0,0,0.000,50.720,0.000,0.0,0.0,0.0,0,79042.8747,17342.8217
142.450,4132,3940,Running,7,0.00,1,0,0,0,-1.0000,0.0,0,0.000,50.720,0.000,0.0,0.0,0.0,0,86994.1521,16695.2608
142.466,4100,3909,Running,7,0.00,1,0,0,0,-1.0000,0.0,0,0.000,50.720,0.000,0.0,0.0,0.0,0,85546.2309,16391.1016
142.483,4068,3879,Running,7,0.00,1,0,0,0,-1.0000,0.0,0,0.000,50.720,0.000,0.0,0.0,0.0,0,77423.3382,17229.3650
142.500,4037,3850,Running,7,0.00,1,0,0,0,-1.0000,0.0,0,0.000,50.720,0.000,0.0,0.0,0.0,0,89705.5210,17802.2767
142.516,4006,3820,Running,7,0.00,1,0,0,0,-1.0000,0.0,0,0.000,50.720,0.000,0.0,0.0,0.0,0,85598.3824,16408.5282
142.533,3975,3791,Running,6,0.00,1,0,0,0,-1.0000,0.0,0,0.000,50.720,0.000,0.0,0.0,0.0,0,79245.6108,17837.5429
142.550,3944,3761,Running,6,0.00,1,0,0,0,-1.0000,0.0,0,0.000,50.720,0.000,0.0,0.0,0.0,0,76483.2531,19140.6116
142.566,3914,3732,Running,6,0.00,1,0,0,0,-1.0000,0.0,0,0.000,50.720,0.000,0.0,0.0,0.0,0,80869.8142,18349.3941
142.583,3883,3702,Running,6,0.00,1,0,0,0,-1.0000,0.0,0,0.000,50.720,0.000,0.0,0.0,0.0,0,79696.3592,18970.3985
142.600,3853,3673,Running,6,0.00,1,0,0,0,-1.0000,0.0,0,0.000,50.720,0.000,0.0,0.0,0.0,0,77054.6772,16890.7830
142.616,3823,3644,Running,6,0.00,1,0,0,0,-1.0000,0.0,0,0.000,50.720,0.000,0.0,0.0,0.0,0,74413.8573,16974.8830
142.633,3793,3614,Running,4,0.00,1,0,0,0,-1.0000,0.0,0,0.000,50.720,0.000,0.0,0.0,0.0,0,72241.5519,17619.4070
142.650,3763,3585,Running,4,0.00,1,0,0,0,-1.0000,0.0,0,0.000,50.720,0.000,0.0,0.0,0.0,0,69016.7769,17619.4070
142.666,3734,3555,Running,4,0.00,1,0,0,0,-1.0000,0.0,0,0.000,50.720,0.000,0.0,0.0,0.0,0,68000.4553,16330.2568
142.683,3704,3525,Running,4,0.00,1,0,0,0,-1.0000,0.0,0,0.000,50.720,0.000,0.0,0.0,0.0,0,64303.5758,17142.3403
142.700,3674,3496,Running,4,0.00,1,0,0,0,-1.0000,0.0,0,0.000,50.720,0.000,0.0,0.0,0.0,0,61276.8832,14548.0979
142.716,3644,3466,Running,4,0.00,1,0,0,0,-1.0000,0.0,0,0.000,48.640,0.000,0.0,0.0,0.0,0,59976.6429,16342.7676
142.733,3614,3436,Running,4,0.00,1,0,0,0,-1.0000,0.0,0,0.000,48.640,0.000,0.0,0.0,0.0,0,56414.0594,16403.7313
142.750,3585,3406,Running,4,0.00,1,0,0,0,-1.0000,0.0,0,0.000,48.640,0.000,0.0,0.0,0.0,0,60529.3740,16190.6459
142.766,3555,3377,Running,4,0.00,1,0,0,0,-1.0000,0.0,0,0.000,48.640,0.000,0.0,0.0,0.0,0,65344.8483,15943.9883
142.783,3525,3348,Running,4,0.00,1,0,0,0,-1.0000,0.0,0,0.000,48.640,0.000,0.0,0.0,0.0,0,58154.9324,15994.0302
142.800,3496,3319,Running,4,0.00,1,0,0,0,-1.0000,0.0,0,0.000,48.640,0.000,0.0,0.0,0.0,0,51851.7373,14372.8071
142.816,3466,3290,Running,4,0.00,1,0,0,0,-1.0000,0.0,0,0.000,48.640,0.000,0.0,0.0,0.0,0,61070.1059,15435.3284
142.833,3437,3261,Running,4,0.00,1,0,0,0,-1.0000,0.0,0,0.000,48.640,0.000,0.0,0.0,0.0,0,60218.5627,16667.9316
142.850,3407,3232,Running,4,0.00,1,0,0,0,-1.0000,0.0,0,0.000,48.640,0.000,0.0,0.0,0.0,0,49590.3628,19139.6420
142.866,3378,3203,Running,4,0.00,1,0,0,0,-1.0000,0.0,0,0.000,48.640,0.000,0.0,0.0,0.0,0,62735.3933,16123.7795
142.883,3349,3175,Running,4,0.00,1,0,0,0,-1.0000,0.0,0,0.000,48.640,0.000,0.0,0.0,0.0,0,50700.4967,18829.0898
142.900,3320,3147,Running,4,0.00,1,0,0,0,-1.0000,0.0,0,0.000,48.640,0.000,0.0,0.0,0.0,0,59860.0179,17693.8387
142.916,3291,3119,Running,4,0.00,1,0,0,0,-1.0000,0.0,0,0.000,47.680,0.000,0.0,0.0,0.0,0,49967.8880,17927.7087
142.933,3263,3091,Running,4,0.00,1,0,0,0,-1.0000,0.0,0,0.000,47.680,0.000,0.0,0.0,0.0,0,57917.6611,19263.8968
142.950,3234,3063,Running,4,0.00,1,0,0,0,-1.0000,0.0,0,0.000,47.680,0.000,0.0,0.0,0.0,0,46310.5013,19137.0466
142.966,3205,3035,Running,4,0.00,1,0,0,0,-1.0000,0.0,0,0.000,47.680,0.000,0.0,0.0,0.0,0,60152.9413,18528.4527
142.983,3177,3007,Running,4,0.00,1,0,0,0,-1.0000,0.0,0,0.000,47.680,0.000,0.0,0.0,0.0,0,45181.6861,18528.4527
143.000,3149,2980,Running,4,0.00,1,0,0,0,-1.0000,0.0,0,0.000,47.680,0.000,0.0,0.0,0.0,0,50531.0525,17859.7258
143.016,3121,2953,Running,4,0.00,1,0,0,0,-1.0000,0.0,0,0.000,47.680,0.000,0.0,0.0,0.0,0,57243.6640,18084.1000
143.033,3093,2926,Running,4,0.00,1,0,0,0,-1.0000,0.0,0,0.000,47.680,0.000,0.0,0.0,0.0,0,47890.9675,19991.2575
143.050,3065,2899,Running,4,0.00,1,0,0,0,-1.0000,0.0,0,0.000,47.680,0.000,0.0,0.0,0.0,0,45190.1120,18472.8726
143.066,3037,2873,Running,4,0.00,1,0,0,0,-1.0000,0.0,0,0.000,47.680,0.000,0.0,0.0,0.0,0,53419.6108,19713.6379
143.083,3010,2847,Running,4,0.00,1,0,0,0,-1.0000,0.0,0,0.000,47.680,0.000,0.0,0.0,0.0,0,54078.2326,20774.0264
143.100,2983,2821,Running,4,0.00,1,0,0,0,-1.0000,0.0,0,0.000,47.680,0.000,0.0,0.0,0.0,0,50954.2098,20222.3453
143.116,2956,2794,Running,3,0.00,1,0,0,0,-1.0000,0.0,0,0.000,46.480,0.000,0.0,0.0,0.0,0,46700.3521,19836.6917
143.133,2929,2768,Running,3,0.00,1,0,0,0,-1.0000,0.0,0,0.000,46.480,0.000,0.0,0.0,0.0,0,44961.6140,20407.9127
143.150,2902,2742,Running,3,0.00,1,0,0,0,-1.0000,0.0,0,0.000,46.480,0.000,0.0,0.0,0.0,0,43791.0543,20407.9127
143.166,2875,2716,Running,3,0.00,1,0,0,0,-1.0000,0.0,0,0.000,46.480,0.000,0.0,0.0,0.0,0,46015.0612,20369.3296
143.183,2849,2690,Running,3,0.00,1,0,0,0,-1.0000,0.0,0,0.000,46.480,0.000,0.0,0.0,0.0,0,45542.9319,20431.6621
143.200,2822,2665,Running,3,0.00,1,0,0,0,-1.0000,0.0,0,0.000,46.480,0.000,0.0,0.0,0.0,0,46180.5435,20374.8957
143.216,2796,2640,Running,3,0.00,1,0,0,0,-1.0000,0.0,0,0.000,46.480,0.000,0.0,0.0,0.0,0,46674.0302,21056.8307
143.233,2770,2615,Running,3,0.00,1,0,0,0,-1.0000,0.0,0,0.000,46.480,0.000,0.0,0.0,0.0,0,48130.9687,21141.5823
143.250,2744,2590,Running,3,0.00,1,0,0,0,-1.0000,0.0,0,0.000,46.480,0.000,0.0,0.0,0.0,0,47600.4225,21056.2792
143.266,2719,2566,Running,3,0.00,1,0,0,0,-1.0000,0.0,0,0.000,46.480,0.000,0.0,0.0,0.0,0,45809.0036,21056.2792
143.283,2693,2542,Running,3,0.00,1,0,0,0,-1.0000,0.0,0,0.000,46.480,0.000,0.0,0.0,0.0,0,42628.4604,21638.4058
143.300,2668,2517,Running,3,0.00,1,0,0,0,-1.0000,0.0,0,0.000,46.480,0.000,0.0,0.0,0.0,0,39555.5587,21527.6437
143.316,2643,2493,Running,3,0.00,1,0,0,0,-1.0000,0.0,0,0.000,46.480,0.000,0.0,0.0,0.0,0,41897.9630,21059.0253
143.333,2618,2470,Running,3,0.00,1,0,0,0,-1.0000,0.0,0,0.000,46.480,0.000,0.0,0.0,0.0,0,48430.8481,21898.8196
143.350,2594,2447,Running,3,0.00,1,0,0,0,-1.0000,0.0,0,0.000,46.480,0.000,0.0,0.0,0.0,0,46619.3073,20468.3139
143.366,2569,2424,Running,3,0.00,1,0,0,0,-1.0000,0.0,0,0.000,46.480,0.000,0.0,0.0,0.0,0,38382.6537,22323.5079
143.383,2545,2401,Running,3,0.00,1,0,0,0,-1.0000,0.0,0,0.000,46.480,0.000,0.0,0.0,0.0,0,43503.6166,20474.0712
143.400,2521,2379,Running,3,0.00,1,0,0,0,-1.0000,0.0,0,0.000,46.480,0.000,0.0,0.0,0.0,0,48071.8520,21849.3089
143.416,2497,2356,Running,3,0.00,1,0,0,0,-1.0000,0.0,0,0.000,46.480,0.000,0.0,0.0,0.0,0,37242.9086,19534.4305
143.433,2474,2334,Running,3,0.00,1,0,0,0,-1.0000,0.0,0,0.000,44.560,0.000,0.0,0.0,0.0,0,43174.5470,21158.3071
143.450,2451,2312,Running,3,0.00,1,0,0,0,-1.0000,0.0,0,0.000,44.560,0.000,0.0,0.0,0.0,0,45449.2785,21922.4991
143.466,2428,2290,Running,3,0.00,1,0,0,0,-1.0000,0.0,0,0.000,44.560,0.000,0.0,0.0,0.0,0,37312.5495,19750.6024
143.483,2405,2269,Running,3,0.00,1,0,0,0,-1.0000,0.0,0,0.000,44.560,0.000,0.0,0.0,0.0,0,47320.8476,20244.3925
143.500,2382,2247,Running,3,0.00,1,0,0,0,-1.0000,0.0,0,0.000,44.560,0.000,0.0,0.0,0.0,0,34953.0331,19202.8619
143.516,2360,2226,Running,3,0.00,1,0,0,0,-1.0000,0.0,0,0.000,44.560,0.000,0.0,0.0,0.0,0,46096.8270,20381.4103
143.533,2338,2206,Running,3,0.00,1,0,0,0,-1.0000,0.0,0,0.000,44.560,0.000,0.0,0.0,0.0,0,35653.3071,20476.4928
143.550,2316,2186,Running,3,0.00,1,0,0,0,-1.0000,0.0,0,0.000,44.560,0.000,0.0,0.0,0.0,0,47064.0676,21167.7786
143.566,2294,2166,Running,3,0.00,1,0,0,0,-1.0000,0.0,0,0.000,44.560,0.000,0.0,0.0,0.0,0,38273.0116,20211.4794
143.583,2273,2146,Running,3,0.00,1,0,0,0,-1.0000,0.0,0,0.000,44.560,0.000,0.0,0.0,0.0,0,39153.5027,20336.8749
143.600,2252,2127,Running,3,0.00,1,0,0,0,-1.0000,0.0,0,0.000,44.560,0.000,0.0,0.0,0.0,0,46247.8454,20432.0873
143.616,2231,2107,Running,3,0.00,1,0,0,0,-1.0000,0.0,0,0.000,44.560,0.000,0.0,0.0,0.0,0,34856.6106,18654.4687
143.633,2210,2088,Running,3,0.00,1,0,0,0,-1.0000,0.0,0,0.000,44.560,0.000,0.0,0.0,0.0,0,41554.7292,20659.4598
143.650,2190,2069,Running,3,0.00,1,0,0,0,-1.0000,0.0,0,0.000,44.560,0.000,0.0,0.0,0.0,0,41664.7198,20659.4598
143.666,2170,2050,Running,3,0.00,1,0,0,0,-1.0000,0.0,0,0.000,44.560,0.000,0.0,0.0,0.0,0,35397.0699,20354.0623
143.683,2150,2031,Running,3,0.00,1,0,0,0,-1.0000,0.0,0,0.000,44.560,0.000,0.0,0.0,0.0,0,39093.6472,18835.1807
143.700,2130,2014,Running,3,0.00,1,0,0,0,-1.0000,0.0,0,0.000,44.560,0.000,0.0,0.0,0.0,0,44152.1018,18835.1807
143.716,2111,1996,Running,3,0.00,1,0,0,0,-1.0000,0.0,0,0.000,44.560,0.000,0.0,0.0,0.0,0,38012.6626,21377.7058
143.733,2092,1979,Running,3,0.00,1,0,0,0,-1.0000,0.0,0,0.000,42.640,0.000,0.0,0.0,0.0,0,38031.2150,20467.7432
143.750,2073,1961,Running,3,0.00,1,0,0,0,-1.0000,0.0,0,0.000,42.640,0.000,0.0,0.0,0.0,0,35784.2653,21612.1045
143.766,2054,1943,Running,3,0.00,1,0,0,0,-1.0000,0.0,0,0.000,42.640,0.000,0.0,0.0,0.0,0,38739.9378,19823.2166
143.783,2036,1927,Running,3,0.00,1,0,0,0,-1.0000,0.0,0,0.000,42.640,0.000,0.0,0.0,0.0,0,42300.7842,19823.2166
143.800,2018,1910,Running,3,0.00,1,0,0,0,-1.0000,0.0,0,0.000,42.640,0.000,0.0,0.0,0.0,0,39501.0042,21803.3436
143.816,2000,1894,Running,3,0.00,1,0,0,0,-1.0000,0.0,0,0.000,42.640,0.000,0.0,0.0,0.0,0,36313.8503,22308.1316
143.833,1983,1878,Running,3,0.00,1,0,0,0,-1.0000,0.0,0,0.000,42.640,0.000,0.0,0.0,0.0,0,36143.3470,21996.3446
143.850,1965,1863,Running,3,0.00,1,0,0,0,-1.0000,0.0,0,0.000,42.640,0.000,0.0,0.0,0.0,0,37999.7739,19997.1165
143.866,1948,1847,Running,3,0.00,1,0,0,0,-1.0000,0.0,0,0.000,42.640,0.000,0.0,0.0,0.0,0,37889.5190,22234.1868
143.883,1931,1832,Running,3,0.00,1,0,0,0,-1.0000,0.0,0,0.000,42.640,0.000,0.0,0.0,0.0,0,36971.8721,19872.8867
143.900,1915,1817,Running,3,0.00,1,0,0,0,-1.0000,0.0,0,0.000,42.640,0.000,0.0,0.0,0.0,0,36673.6419,19457.7450
143.916,1899,1802,Running,3,0.00,1,0,0,0,-1.0000,0.0,0,0.000,42.640,0.000,0.0,0.0,0.0,0,37133.1269,19457.7450
143.933,1883,1788,Running,3,0.00,1,0,0,0,-1.0000,0.0,0,0.000,42.640,0.000,0.0,0.0,0.0,0,37880.0487,18039.0800
143.950,1867,1773,Running,3,0.00,1,0,0,0,-1.0000,0.0,0,0.000,42.640,0.000,0.0,0.0,0.0,0,37086.7740,14943.7282
143.966,1851,1759,Running,3,0.00,1,0,0,0,-1.0000,0.0,0,0.000,42.640,0.000,0.0,0.0,0.0,0,35075.8838,14542.8593
143.983,1836,1744,Running,3,0.00,1,0,0,0,-1.0000,0.0,0,0.000,42.640,0.000,0.0,0.0,0.0,0,35946.5347,14103.2714
144.000,1821,1731,Running,3,0.00,1,0,0,0,-1.0000,0.0,0,0.000,42.640,0.000,0.0,0.0,0.0,0,36833.0775,15388.6688
144.016,1806,1717,Running,3,0.00,1,0,0,0,-1.0000,0.0,0,0.000,42.640,0.000,0.0,0.0,0.0,0,34886.7217,12312.7996
144.033,1791,1704,Running,3,0.00,1,0,0,0,-1.0000,0.0,0,0.000,40.720,0.000,0.0,0.0,0.0,0,37999.7476,12312.7996
144.050,1776,1690,Running,3,0.00,1,0,0,0,-1.0000,0.0,0,0.000,40.720,0.000,0.0,0.0,0.0,0,34546.6257,11036.1395
144.066,1762,1676,Running,3,0.00,1,0,0,0,-1.0000,0.0,0,0.000,40.720,0.000,0.0,0.0,0.0,0,33385.4853,9016.9623
144.083,1748,1663,Running,3,0.00,1,0,0,0,-1.0000,0.0,0,0.000,40.720,0.000,0.0,0.0,0.0,0,31133.9300,9448.3274
144.100,1734,1651,Running,3,0.00,1,0,0,0,-1.0000,0.0,0,0.000,40.720,0.000,0.0,0.0,0.0,0,35858.8997,8513.7127
144.116,1720,1638,Running,3,0.00,1,0,0,0,-1.0000,0.0,0,0.000,40.720,0.000,0.0,0.0,0.0,0,36089.7589,8025.5526
144.133,1707,1626,Running,3,0.00,1,0,0,0,-1.0000,0.0,0,0.000,40.720,0.000,0.0,0.0,0.0,0,33532.6743,6556.0421
144.150,1693,1614,Running,3,0.00,1,0,0,0,-1.0000,0.0,0,0.000,40.720,0.000,0.0,0.0,0.0,0,37542.1047,11587.5082
144.166,1680,1603,Running,3,0.00,1,0,0,0,-1.0000,0.0,0,0.000,39.760,0.000,0.0,0.0,0.0,0,32332.8316,7059.5698
144.183,1667,1590,Running,3,0.00,1,0,0,0,-1.0000,0.0,0,0.000,39.760,0.000,0.0,0.0,0.0,0,29903.9800,6059.3498
144.200,1654,1579,Running,3,0.00,1,0,0,0,-1.0000,0.0,0,0.000,39.760,0.000,0.0,0.0,0.0,0,35625.5006,10325.2651
144.216,1642,1568,Running,3,0.00,1,0,0,0,-1.0000,0.0,0,0.000,39.760,0.000,0.0,0.0,0.0,0,36152.4038,5263.4546
144.233,1630,1556,Running,3,0.00,1,0,0,0,-1.0000,0.0,0,0.000,39.760,0.000,0.0,0.0,0.0,0,32623.3746,5958.6543
144.250,1618,1545,Running,3,0.00,1,0,0,0,-1.0000,0.0,0,0.000,39.760,0.000,0.0,0.0,0.0,0,28950.2069,5875.3969
144.266,1606,1535,Running,3,0.00,1,0,0,0,-1.0000,0.0,0,0.000,39.760,0.000,0.0,0.0,0.0,0,36333.1374,9787.6627
144.283,1594,1525,Running,3,0.00,1,0,0,0,-1.0000,0.0,0,0.000,39.760,0.000,0.0,0.0,0.0,0,36239.7028,5319.2555
144.300,1583,1514,Running,3,0.00,1,0,0,0,-1.0000,0.0,0,0.000,39.760,0.000,0.0,0.0,0.0,0,27557.3750,5319.2555
144.316,1571,1505,Running,3,0.00,1,0,0,0,-1.0000,0.0,0,0.000,39.760,0.000,0.0,0.0,0.0,0,36544.2519,6231.7697
144.333,1560,1496,Running,3,0.00,1,0,0,0,-1.0000,0.0,0,0.000,38.720,0.000,0.0,0.0,0.0,0,35533.7066,5514.3206
144.350,1550,1487,Running,3,0.00,1,0,0,0,-1.0000,0.0,0,0.000,38.720,0.000,0.0,0.0,0.0,0,26743.7331,5690.7316
144.366,1539,1478,Running,3,0.00,1,0,0,0,-1.0000,0.0,0,0.000,38.720,0.000,0.0,0.0,0.0,0,37712.6040,6355.2237
