time_s,rpm,rpm_raw,engine_state,throttle_gas_pct,brake,ignition,gear_selector,gear_auto,gear_physical,clutch_pressure,road_implied_rpm,creep_relief_fired,vehicle_speed_kmh,target_speed_kmh,sim_speed_mph,engine_torque_nm,drivetrain_torque_nm,dyno_torque_nm,starter_engaged,exhaust_flow_cm3s,synth_out_rms
0.017,0,0,Stopped,0,0.00,1,0,0,0,-1.0000,0.0,0,0.000,-2.000,0.000,0.0,0.0,0.0,0,3137.1821,-1.0000
0.016,13,169,Cranking,55,0.00,1,99,1,1,0.6000,-184.1,0,0.001,-2.000,0.000,0.3,-6.8,0.0,1,6862.3480,-1.0000
0.033,49,316,Cranking,55,0.00,1,99,1,1,0.6000,-184.1,0,0.004,-2.000,0.003,1.8,-43.8,0.0,1,15010.6831,-1.0000
0.049,102,457,Cranking,55,0.00,1,99,1,1,0.6000,-184.1,0,0.013,-2.000,0.008,4.4,-107.3,0.0,1,20328.3741,-1.0000
0.066,163,529,Cranking,55,0.00,1,99,1,1,0.6000,-184.1,0,0.028,-2.000,0.018,7.2,-178.2,0.0,1,-561.4511,-1.0000
0.080,231,687,Cranking,55,0.00,1,99,1,1,0.6000,-184.1,0,0.050,-2.000,0.031,10.4,-256.6,0.0,1,5197.6739,-1.0000
0.080,309,822,Cranking,55,0.00,1,99,1,1,0.6000,-184.1,0,0.083,-2.000,0.051,15.8,-387.1,0.0,1,10139.4933,-1.0000
0.080,398,956,Cranking,55,0.00,1,99,1,1,0.6000,-184.1,0,0.129,-2.000,0.080,22.4,-547.9,0.0,1,44234.9505,-1.0000
0.133,493,1096,Cranking,55,0.00,1,99,1,1,0.6000,-184.1,0,0.191,-2.000,0.118,29.9,-730.1,0.0,1,56665.1334,-1.0000
0.149,595,1213,Cranking,55,0.00,1,99,1,1,0.6000,-184.1,0,0.269,-2.000,0.167,38.2,-930.3,0.0,1,73576.3747,-1.0000
0.166,698,1308,Cranking,55,0.00,1,99,1,1,0.6000,-184.1,0,0.364,-2.000,0.226,46.0,-1117.0,0.0,1,93037.4247,-1.0000
0.183,787,1257,Running,55,0.00,1,99,1,1,0.6000,-184.1,0,0.460,-2.000,0.286,47.2,-1139.6,0.0,0,89009.0547,-1.0000
0.199,854,1191,Running,16,0.00,1,99,1,1,0.6000,-184.1,0,0.547,-2.000,0.340,43.1,-1034.3,0.0,0,83234.4008,-1.0000
0.216,905,1176,Running,15,0.00,1,99,1,1,0.6000,-184.1,0,0.629,-2.000,0.391,40.4,-964.7,0.0,0,102114.5359,-1.0000
0.233,946,1176,Running,15,0.00,1,99,1,1,0.6000,-184.1,0,0.708,-2.000,0.440,39.5,-936.9,0.0,0,109664.4185,-1.0000
0.249,979,1155,Running,14,0.00,1,99,1,1,0.6000,-184.1,0,0.786,-2.000,0.488,39.1,-923.9,0.0,0,123587.9202,-1.0000
0.266,1004,1095,Running,13,0.00,1,99,1,1,0.6000,-184.1,0,0.860,-2.000,0.534,37.4,-876.8,0.0,0,99911.8039,-1.0000
0.283,1018,1110,Running,13,0.00,1,99,1,1,0.6000,-184.1,0,0.928,-2.000,0.577,34.7,-810.1,0.0,0,39814.1036,-1.0000
0.299,1033,1135,Running,12,0.00,1,99,1,1,0.6000,-184.1,0,0.999,-2.000,0.620,35.9,-833.9,0.0,0,76753.8095,-1.0000
0.316,1050,1146,Running,11,0.00,1,99,1,1,0.6000,-184.1,0,1.072,-2.000,0.666,37.4,-867.2,0.0,0,129827.3187,-1.0000
0.333,1068,1175,Running,11,0.00,1,99,1,1,0.6000,-184.1,0,1.148,-2.000,0.713,39.0,-900.1,0.0,0,94496.8087,-1.0000
0.349,1087,1217,Running,10,0.00,1,99,1,1,0.6000,-184.1,0,1.228,-2.000,0.763,41.2,-948.4,0.0,0,114430.3309,-1.0000
0.366,1106,1183,Running,9,0.00,1,99,1,1,0.6000,-184.1,0,1.309,-2.000,0.814,42.2,-967.2,0.0,0,165870.9796,-1.0000
0.383,1116,1170,Running,9,0.00,1,99,1,1,0.6000,-184.1,0,1.385,-2.000,0.861,39.3,-892.4,0.0,0,13758.1723,-1.0000
0.399,1127,1215,Running,8,0.00,1,99,1,1,0.6000,-184.1,0,1.463,-2.000,0.909,40.9,-926.6,0.0,0,81164.7972,-1.0000
0.416,1142,1234,Running,7,0.00,1,99,1,1,0.6000,-184.1,0,1.546,-2.000,0.960,43.2,-976.6,0.0,0,138215.7292,-1.0000
0.433,1159,1265,Running,7,0.00,1,99,1,1,0.6000,-184.1,0,1.631,-2.000,1.014,45.0,-1013.9,0.0,0,93296.2544,-1.0000
0.449,1178,1296,Running,6,0.00,1,99,1,1,0.6000,-184.1,0,1.721,-2.000,1.069,47.3,-1063.0,0.0,0,125920.2948,-1.0000
0.466,1194,1246,Running,5,0.00,1,99,1,1,0.6000,-184.1,0,1.811,-2.000,1.125,47.5,-1061.5,0.0,0,127465.9171,-1.0000
0.483,1203,1265,Running,5,0.00,1,99,1,1,0.6000,-184.1,0,1.895,-2.000,1.177,45.0,-996.9,0.0,0,36664.8537,-1.0000
0.499,1213,1281,Running,0,0.00,1,99,1,1,0.6000,-184.1,0,1.982,-2.000,1.231,46.6,-1030.4,0.0,0,92461.9831,-1.0000
0.516,1226,1305,Running,0,0.00,1,99,1,1,0.6000,-184.1,0,2.071,-2.000,1.287,48.1,-1060.4,0.0,0,95661.5026,-1.0000
0.533,1239,1321,Running,0,0.00,1,99,1,1,0.6000,-184.1,0,2.163,-2.000,1.344,49.7,-1090.8,0.0,0,128614.8784,-1.0000
0.549,1252,1328,Running,0,0.00,1,99,1,1,0.6000,-184.1,0,2.257,-2.000,1.402,50.6,-1106.2,0.0,0,86665.7765,-1.0000
0.566,1259,1276,Running,0,0.00,1,99,1,1,0.6000,-184.1,0,2.345,-2.000,1.457,48.2,-1044.6,0.0,0,67463.3113,-1.0000
0.583,1262,1279,Running,0,0.00,1,99,1,1,0.6000,-184.1,0,2.430,-2.000,1.510,47.0,-1012.1,0.0,0,63691.8554,-1.0000
0.599,1266,1296,Running,0,0.00,1,99,1,1,0.6000,-184.1,0,2.517,-2.000,1.564,47.9,-1026.4,0.0,0,79780.7489,-1.0000
0.616,1270,1293,Running,0,0.00,1,99,1,1,0.6000,-184.1,0,2.604,-2.000,1.618,48.2,-1028.7,0.0,0,84592.5541,-1.0000
0.633,1275,1303,Running,0,0.00,1,99,1,1,0.6000,-184.1,0,2.691,-2.000,1.672,48.6,-1031.3,0.0,0,82366.9616,-1.0000
0.649,1277,1251,Running,0,0.00,1,99,1,1,0.6000,-184.1,0,2.776,-2.000,1.725,47.8,-1008.8,0.0,0,98767.6856,-1.0000
0.666,1271,1233,Running,0,0.00,1,99,1,1,0.6000,-184.1,0,2.854,-2.000,1.773,44.1,-918.0,0.0,0,8865.4619,-1.0000
0.683,1265,1239,Running,0,0.00,1,99,1,1,0.6000,-184.1,0,2.931,-2.000,1.821,43.9,-909.3,0.0,0,51141.5458,-1.0000
0.699,1260,1225,Running,0,0.00,1,99,1,1,0.6000,-184.1,0,3.007,-2.000,1.868,43.8,-903.1,0.0,0,63461.7020,-1.0000
0.716,1255,1229,Running,0,0.00,1,99,1,1,0.6000,-184.1,0,3.082,-2.000,1.915,43.4,-889.0,0.0,0,61889.0431,-1.0000
0.733,1251,1221,Running,0,0.00,1,99,1,1,0.6000,-184.1,0,3.156,-2.000,1.961,43.2,-880.5,0.0,0,74935.4335,-1.0000
0.749,1242,1153,Running,0,0.00,1,99,1,1,0.6000,-184.1,0,3.226,-2.000,2.005,41.2,-830.0,0.0,0,38484.6574,-1.0000
0.766,1228,1147,Running,0,0.00,1,99,1,1,0.6000,-184.1,0,3.290,-2.000,2.044,38.1,-757.0,0.0,0,25212.7892,-1.0000
0.783,1215,1147,Running,0,0.00,1,99,1,1,0.6000,-184.1,0,3.353,-2.000,2.083,37.6,-743.6,0.0,0,23850.0694,-1.0000
0.799,1203,1130,Running,0,0.00,1,99,1,1,0.6000,-184.1,0,3.415,-2.000,2.122,37.3,-732.8,0.0,0,49931.1951,-1.0000
0.816,1191,1120,Running,0,0.00,1,99,1,1,0.6000,-184.1,0,3.475,-2.000,2.159,36.6,-713.5,0.0,0,38622.2945,-1.0000
0.833,1181,1118,Running,0,0.00,1,99,1,1,0.6000,-184.1,0,3.534,-2.000,2.196,36.2,-702.1,0.0,0,52380.0405,-1.0000
0.849,1169,1079,Running,0,0.00,1,99,1,1,0.6000,-184.1,0,3.591,-2.000,2.232,35.1,-674.1,0.0,0,63258.9524,-1.0000
0.866,1150,1041,Running,0,0.00,1,99,1,1,0.6000,-184.1,0,3.642,-2.000,2.263,31.7,-596.0,0.0,0,-15236.8045,-1.0000
0.877,1132,1025,Running,0,0.00,1,99,1,1,0.6000,-184.1,0,3.690,-2.000,2.293,30.8,-573.9,0.0,0,29516.5369,-1.0000
0.877,1116,1018,Running,0,0.00,1,99,1,1,0.6000,-184.1,0,3.738,-2.000,2.322,30.3,-562.0,0.0,0,3469.6180,-1.0000
0.916,1101,1008,Running,0,0.00,1,99,1,1,0.6000,-184.1,0,3.784,-2.000,2.351,29.8,-548.9,0.0,0,38142.2562,-1.0000
0.933,1087,1009,Running,0,0.00,1,99,1,1,0.6000,-184.1,0,3.829,-2.000,2.379,29.4,-538.3,0.0,0,35204.3317,-1.0000
0.949,1074,1002,Running,0,0.00,1,99,1,1,0.6000,-184.1,0,3.874,-2.000,2.407,29.1,-528.3,0.0,0,37969.2888,-1.0000
0.966,1061,964,Running,0,0.00,1,99,1,1,0.6000,-184.1,0,3.916,-2.000,2.434,28.0,-502.5,0.0,0,44317.9396,-1.0000
0.983,1040,928,Running,0,0.00,1,99,1,1,0.6000,-184.1,0,3.953,-2.000,2.456,24.9,-435.5,0.0,0,-22307.9450,-1.0000
0.999,1021,920,Running,0,0.00,1,99,1,1,0.6000,-184.1,0,3.989,-2.000,2.478,24.2,-418.3,0.0,0,29179.8712,-1.0000
1.016,1004,918,Running,5,0.00,1,99,1,1,0.6000,-184.1,0,4.023,-2.000,2.500,23.8,-409.0,0.0,0,-15844.1223,-1.0000
1.033,989,910,Running,5,0.00,1,99,1,1,0.6000,-184.1,0,4.057,-2.000,2.521,23.7,-405.0,0.0,0,35515.6210,-1.0000
1.049,975,906,Running,5,0.00,1,99,1,1,0.6000,-184.1,0,4.091,-2.000,2.542,23.2,-393.9,0.0,0,22116.1578,-1.0000
1.066,963,904,Running,5,0.00,1,99,1,1,0.6000,-184.1,0,4.123,-2.000,2.562,23.1,-390.8,0.0,0,25205.7514,-1.0000
1.083,952,893,Running,5,0.00,1,99,1,1,0.6000,-184.1,0,4.156,-2.000,2.582,22.9,-383.5,0.0,0,23993.5523,-1.0000
1.099,939,850,Running,5,0.00,1,99,1,1,0.6000,-184.1,0,4.186,-2.000,2.601,21.9,-362.1,0.0,0,37557.1314,-1.0000
1.116,920,821,Running,5,0.00,1,99,1,1,0.6000,-184.1,0,4.212,-2.000,2.617,19.2,-306.2,0.0,0,-29195.0850,-1.0000
1.133,904,817,Running,5,0.00,1,99,1,1,0.6000,-184.1,0,4.238,-2.000,2.633,19.0,-300.1,0.0,0,23940.8251,-1.0000
1.149,890,814,Running,7,0.00,1,99,1,1,0.6000,-184.1,0,4.263,-2.000,2.649,19.0,-300.8,0.0,0,-11265.0091,-1.0000
1.166,879,817,Running,7,0.00,1,99,1,1,0.6000,-184.1,0,4.289,-2.000,2.665,19.5,-308.3,0.0,0,15902.3614,-1.0000
1.183,871,815,Running,7,0.00,1,99,1,1,0.6000,-184.1,0,4.315,-2.000,2.681,19.6,-309.9,0.0,0,22285.9047,-1.0000
1.199,865,827,Running,7,0.00,1,99,1,1,0.6000,-184.1,0,4.342,-2.000,2.698,20.0,-316.4,0.0,0,22487.8643,-1.0000
1.216,862,838,Running,7,0.00,1,99,1,1,0.6000,-184.1,0,4.369,-2.000,2.715,20.5,-325.8,0.0,0,28356.6157,-1.0000
1.233,859,837,Running,7,0.00,1,99,1,1,0.6000,-184.1,0,4.397,-2.000,2.732,20.7,-327.9,0.0,0,28433.6974,-1.0000
1.249,854,785,Running,6,0.00,1,99,1,1,0.6000,-184.1,0,4.423,-2.000,2.748,19.6,-306.0,0.0,0,28881.7798,-1.0000
1.266,844,800,Running,6,0.00,1,99,1,1,0.6000,-184.1,0,4.446,-2.000,2.762,17.8,-268.9,0.0,0,-9655.4734,-1.0000
1.283,837,824,Running,9,0.00,1,99,1,1,0.6000,-184.1,0,4.469,-2.000,2.777,18.5,-281.6,0.0,0,30311.8680,-1.0000
1.299,835,847,Running,8,0.00,1,99,1,1,0.6000,-184.1,0,4.495,-2.000,2.793,19.4,-299.1,0.0,0,-9589.5014,-1.0000
1.316,837,865,Running,8,0.00,1,99,1,1,0.6000,-184.1,0,4.522,-2.000,2.810,20.6,-322.5,0.0,0,40411.1647,-1.0000
1.333,841,885,Running,7,0.00,1,99,1,1,0.6000,-184.1,0,4.551,-2.000,2.828,21.6,-340.6,0.0,0,30590.5128,-1.0000
1.349,849,913,Running,6,0.00,1,99,1,1,0.6000,-184.1,0,4.582,-2.000,2.847,23.0,-368.2,0.0,0,35306.1411,-1.0000
1.366,860,935,Running,6,0.00,1,99,1,1,0.6000,-184.1,0,4.615,-2.000,2.868,24.4,-394.9,0.0,0,43005.8843,-1.0000
1.383,871,927,Running,5,0.00,1,99,1,1,0.6000,-184.1,0,4.650,-2.000,2.889,25.1,-407.0,0.0,0,58686.0289,-1.0000
1.399,874,896,Running,5,0.00,1,99,1,1,0.6000,-184.1,0,4.680,-2.000,2.908,22.8,-358.6,0.0,0,-10337.6759,-1.0000
1.416,879,927,Running,5,0.00,1,99,1,1,0.6000,-184.1,0,4.711,-2.000,2.927,23.5,-373.0,0.0,0,38700.6217,-1.0000
1.433,888,961,Running,5,0.00,1,99,1,1,0.6000,-184.1,0,4.746,-2.000,2.949,25.2,-405.5,0.0,0,9782.6304,-1.0000
1.449,900,990,Running,5,0.00,1,99,1,1,0.6000,-184.1,0,4.783,-2.000,2.972,27.0,-441.4,0.0,0,59426.1758,-1.0000
1.466,915,1017,Running,5,0.00,1,99,1,1,0.6000,-184.1,0,4.823,-2.000,2.997,28.5,-470.0,0.0,0,46793.7811,-1.0000
1.483,932,1038,Running,5,0.00,1,99,1,1,0.6000,-184.1,0,4.865,-2.000,3.023,30.3,-504.4,0.0,0,49458.5611,-1.0000
1.499,950,1047,Running,5,0.00,1,99,1,1,0.6000,-184.1,0,4.910,-2.000,3.051,31.6,-528.5,0.0,0,48661.9414,-1.0000
1.516,962,995,Running,5,0.00,1,99,1,1,0.6000,-184.1,0,4.952,-2.000,3.077,30.5,-503.7,0.0,0,38018.1274,-1.0000
1.533,969,1022,Running,5,0.00,1,99,1,1,0.6000,-184.1,0,4.993,-2.000,3.102,29.4,-480.1,0.0,0,22836.2383,-1.0000
1.549,980,1055,Running,5,0.00,1,99,1,1,0.6000,-184.1,0,5.036,-2.000,3.129,31.0,-509.6,0.0,0,27936.3573,-1.0000
1.566,993,1081,Running,5,0.00,1,99,1,1,0.6000,-184.1,0,5.082,-2.000,3.158,32.7,-542.3,0.0,0,69440.4030,-1.0000
1.583,1007,1097,Running,5,0.00,1,99,1,1,0.6000,-184.1,0,5.129,-2.000,3.187,33.9,-565.8,0.0,0,48742.4340,-1.0000
1.599,1023,1111,Running,5,0.00,1,99,1,1,0.6000,-184.1,0,5.179,-2.000,3.218,35.3,-591.9,0.0,0,50764.0393,-1.0000
1.616,1038,1121,Running,5,0.00,1,99,1,1,0.6000,-184.1,0,5.231,-2.000,3.250,36.2,-607.3,0.0,0,64314.0505,-1.0000
1.633,1045,1078,Running,0,0.00,1,99,1,1,0.6000,-184.1,0,5.278,-2.000,3.279,33.9,-556.7,0.0,0,23466.8960,-1.0000
1.649,1051,1095,Running,0,0.00,1,99,1,1,0.6000,-184.1,0,5.324,-2.000,3.308,33.7,-551.7,0.0,0,51966.5218,-1.0000
1.666,1058,1106,Running,0,0.00,1,99,1,1,0.6000,-184.1,0,5.373,-2.000,3.338,34.8,-572.0,0.0,0,11673.5659,-1.0000
1.683,1067,1117,Running,0,0.00,1,99,1,1,0.6000,-184.1,0,5.422,-2.000,3.369,35.8,-588.9,0.0,0,58142.6120,-1.0000
1.699,1077,1141,Running,0,0.00,1,99,1,1,0.6000,-184.1,0,5.473,-2.000,3.401,36.8,-606.4,0.0,0,63317.5525,-1.0000
1.716,1087,1146,Running,0,0.00,1,99,1,1,0.6000,-184.1,0,5.526,-2.000,3.434,37.6,-619.9,0.0,0,62757.8947,-1.0000
1.733,1092,1083,Running,0,0.00,1,99,1,1,0.6000,-184.1,0,5.576,-2.000,3.465,36.4,-593.0,0.0,0,39280.2163,-1.0000
1.749,1091,1083,Running,0,0.00,1,99,1,1,0.6000,-184.1,0,5.621,-2.000,3.493,33.9,-539.1,0.0,0,9541.8518,-1.0000
1.766,1091,1099,Running,0,0.00,1,99,1,1,0.6000,-184.1,0,5.667,-2.000,3.522,34.3,-544.6,0.0,0,24719.9824,-1.0000
1.783,1093,1108,Running,0,0.00,1,99,1,1,0.6000,-184.1,0,5.714,-2.000,3.551,34.9,-555.4,0.0,0,55989.9520,-1.0000
1.799,1094,1105,Running,0,0.00,1,99,1,1,0.6000,-184.1,0,5.761,-2.000,3.580,35.1,-555.5,0.0,0,38817.0924,-1.0000
1.816,1096,1102,Running,0,0.00,1,99,1,1,0.6000,-184.1,0,5.808,-2.000,3.609,35.3,-557.7,0.0,0,40909.1415,-1.0000
1.833,1097,1094,Running,0,0.00,1,99,1,1,0.6000,-184.1,0,5.855,-2.000,3.638,35.1,-550.0,0.0,0,52217.9894,-1.0000
1.849,1091,1047,Running,0,0.00,1,99,1,1,0.6000,-184.1,0,5.896,-2.000,3.664,32.2,-490.7,0.0,0,6194.2792,-1.0000
1.866,1083,1046,Running,0,0.00,1,99,1,1,0.6000,-184.1,0,5.936,-2.000,3.688,31.2,-470.9,0.0,0,38797.7011,-1.0000
1.883,1077,1044,Running,0,0.00,1,99,1,1,0.6000,-184.1,0,5.976,-2.000,3.713,31.2,-468.5,0.0,0,-6542.5060,-1.0000
1.899,1071,1031,Running,0,0.00,1,99,1,1,0.6000,-184.1,0,6.015,-2.000,3.737,31.2,-466.3,0.0,0,43619.4992,-1.0000
1.916,1066,1032,Running,0,0.00,1,99,1,1,0.6000,-184.1,0,6.054,-2.000,3.762,31.0,-461.2,0.0,0,32005.5329,-1.0000
1.933,1062,1034,Running,0,0.00,1,99,1,1,0.6000,-184.1,0,6.093,-2.000,3.786,31.0,-459.6,0.0,0,40208.5795,-1.0000
1.949,1056,1013,Running,0,0.00,1,99,1,1,0.6000,-184.1,0,6.130,-2.000,3.809,30.4,-445.7,0.0,0,47969.7649,-1.0000
1.966,1044,971,Running,0,0.00,1,99,1,1,0.6000,-184.1,0,6.163,-2.000,3.829,27.4,-387.2,0.0,0,-13867.3592,-1.0000
1.983,1031,967,Running,0,0.00,1,99,1,1,0.6000,-184.1,0,6.194,-2.000,3.849,26.6,-371.5,0.0,0,31523.5712,-1.0000
1.997,1020,967,Running,0,0.00,1,99,1,1,0.6000,-184.1,0,6.225,-2.000,3.868,26.4,-366.9,0.0,0,-15052.8709,-1.0000
2.016,1010,959,Running,0,0.00,1,99,1,1,0.6000,-184.1,0,6.256,-2.000,3.887,26.4,-365.8,0.0,0,38641.5084,-1.0000
2.033,1001,955,Running,0,0.00,1,99,1,1,0.6000,-184.1,0,6.287,-2.000,3.906,26.1,-359.3,0.0,0,24601.4936,-1.0000
2.049,994,950,Running,0,0.00,1,99,1,1,0.6000,-184.1,0,6.317,-2.000,3.925,26.1,-358.4,0.0,0,27507.7624,-1.0000
2.066,986,934,Running,0,0.00,1,99,1,1,0.6000,-184.1,0,6.346,-2.000,3.943,25.7,-350.7,0.0,0,24909.8717,-1.0000
2.083,975,873,Running,0,0.00,1,99,1,1,0.6000,-184.1,0,6.373,-2.000,3.960,24.1,-320.7,0.0,0,17018.1398,-1.0000
2.099,959,866,Running,5,0.00,1,99,1,1,0.6000,-184.1,0,6.397,-2.000,3.975,21.9,-283.1,0.0,0,-3787.5656,-1.0000
2.116,945,864,Running,5,0.00,1,99,1,1,0.6000,-184.1,0,6.421,-2.000,3.990,21.7,-278.8,0.0,0,18168.4361,-1.0000
2.133,933,870,Running,5,0.00,1,99,1,1,0.6000,-184.1,0,6.444,-2.000,4.004,21.6,-277.3,0.0,0,-19150.8408,-1.0000
2.149,923,867,Running,5,0.00,1,99,1,1,0.6000,-184.1,0,6.468,-2.000,4.019,21.7,-277.3,0.0,0,35496.2293,-1.0000
2.166,914,873,Running,5,0.00,1,99,1,1,0.6000,-184.1,0,6.491,-2.000,4.033,21.5,-274.2,0.0,0,20095.6645,-1.0000
2.183,907,878,Running,5,0.00,1,99,1,1,0.6000,-184.1,0,6.514,-2.000,4.048,21.8,-277.6,0.0,0,24452.8377,-1.0000
2.199,902,872,Running,5,0.00,1,99,1,1,0.6000,-184.1,0,6.538,-2.000,4.062,21.8,-276.8,0.0,0,23251.6889,-1.0000
2.216,894,829,Running,5,0.00,1,99,1,1,0.6000,-184.1,0,6.560,-2.000,4.076,21.0,-264.1,0.0,0,34496.1414,-1.0000
2.233,880,811,Running,5,0.00,1,99,1,1,0.6000,-184.1,0,6.579,-2.000,4.088,18.5,-230.1,0.0,0,-28646.1574,-1.0000
2.249,868,812,Running,7,0.00,1,99,1,1,0.6000,-184.1,0,6.599,-2.000,4.100,18.5,-230.7,0.0,0,22655.6018,-1.0000
2.266,859,814,Running,8,0.00,1,99,1,1,0.6000,-184.1,0,6.619,-2.000,4.113,18.9,-235.1,0.0,0,-14579.2127,-1.0000
2.283,853,821,Running,8,0.00,1,99,1,1,0.6000,-184.1,0,6.639,-2.000,4.126,19.5,-243.7,0.0,0,17851.6577,-1.0000
2.299,850,824,Running,8,0.00,1,99,1,1,0.6000,-184.1,0,6.660,-2.000,4.139,19.9,-248.4,0.0,0,22216.6101,-1.0000
2.316,849,841,Running,7,0.00,1,99,1,1,0.6000,-184.1,0,6.682,-2.000,4.152,20.5,-257.3,0.0,0,23226.2074,-1.0000
2.333,851,858,Running,7,0.00,1,99,1,1,0.6000,-184.1,0,6.705,-2.000,4.166,21.4,-268.4,0.0,0,29737.7346,-1.0000
2.349,854,862,Running,7,0.00,1,99,1,1,0.6000,-184.1,0,6.728,-2.000,4.181,21.8,-274.5,0.0,0,30628.8952,-1.0000
2.366,853,805,Running,6,0.00,1,99,1,1,0.6000,-184.1,0,6.750,-2.000,4.194,20.7,-259.5,0.0,0,24686.9686,-1.0000
2.383,848,827,Running,5,0.00,1,99,1,1,0.6000,-184.1,0,6.770,-2.000,4.207,19.4,-241.3,0.0,0,-2560.7944,-1.0000
2.399,847,856,Running,8,0.00,1,99,1,1,0.6000,-184.1,0,6.792,-2.000,4.220,20.4,-255.5,0.0,0,30461.4784,-1.0000
2.416,851,889,Running,8,0.00,1,99,1,1,0.6000,-184.1,0,6.815,-2.000,4.235,21.7,-272.8,0.0,0,-6937.0396,-1.0000
2.433,858,911,Running,7,0.00,1,99,1,1,0.6000,-184.1,0,6.840,-2.000,4.250,23.1,-292.5,0.0,0,50148.8980,-1.0000
2.449,868,939,Running,6,0.00,1,99,1,1,0.6000,-184.1,0,6.866,-2.000,4.266,24.4,-312.0,0.0,0,37124.8570,-1.0000
2.466,881,965,Running,6,0.00,1,99,1,1,0.6000,-184.1,0,6.895,-2.000,4.284,26.1,-339.5,0.0,0,42233.6359,-1.0000
2.483,895,977,Running,5,0.00,1,99,1,1,0.6000,-184.1,0,6.925,-2.000,4.303,27.4,-361.2,0.0,0,42627.9691,-1.0000
2.499,905,923,Running,5,0.00,1,99,1,1,0.6000,-184.1,0,6.955,-2.000,4.321,26.8,-349.6,0.0,0,37928.4894,-1.0000
2.516,911,946,Running,5,0.00,1,99,1,1,0.6000,-184.1,0,6.982,-2.000,4.338,25.5,-326.6,0.0,0,3103.7233,-1.0000
2.533,920,978,Running,5,0.00,1,99,1,1,0.6000,-184.1,0,7.012,-2.000,4.357,27.1,-353.9,0.0,0,28513.2560,-1.0000
2.549,933,1016,Running,5,0.00,1,99,1,1,0.6000,-184.1,0,7.045,-2.000,4.377,29.0,-385.3,0.0,0,38127.5551,-1.0000
2.566,948,1048,Running,5,0.00,1,99,1,1,0.6000,-184.1,0,7.079,-2.000,4.399,30.6,-411.9,0.0,0,57221.6511,-1.0000
2.583,966,1081,Running,5,0.00,1,99,1,1,0.6000,-184.1,0,7.117,-2.000,4.422,32.4,-441.9,0.0,0,64440.8076,-1.0000
2.599,984,1093,Running,5,0.00,1,99,1,1,0.6000,-184.1,0,7.156,-2.000,4.447,33.9,-467.0,0.0,0,54420.7200,-1.0000
2.616,998,1036,Running,5,0.00,1,99,1,1,0.6000,-184.1,0,7.195,-2.000,4.471,33.4,-456.5,0.0,0,44222.2678,-1.0000
2.633,1006,1052,Running,5,0.00,1,99,1,1,0.6000,-184.1,0,7.230,-2.000,4.493,31.5,-423.0,0.0,0,6523.1374,-1.0000
2.649,1016,1084,Running,5,0.00,1,99,1,1,0.6000,-184.1,0,7.268,-2.000,4.516,33.0,-446.4,0.0,0,29626.4288,-1.0000
2.666,1028,1112,Running,5,0.00,1,99,1,1,0.6000,-184.1,0,7.308,-2.000,4.541,34.6,-474.2,0.0,0,67909.2890,-1.0000
2.683,1042,1127,Running,5,0.00,1,99,1,1,0.6000,-184.1,0,7.350,-2.000,4.567,35.8,-493.8,0.0,0,51380.6499,-1.0000
2.699,1056,1139,Running,0,0.00,1,99,1,1,0.6000,-184.1,0,7.393,-2.000,4.594,37.1,-515.4,0.0,0,49215.0104,-1.0000
2.716,1070,1146,Running,0,0.00,1,99,1,1,0.6000,-184.1,0,7.438,-2.000,4.622,37.9,-527.9,0.0,0,66380.9206,-1.0000
2.733,1076,1106,Running,0,0.00,1,99,1,1,0.6000,-184.1,0,7.479,-2.000,4.647,35.4,-482.0,0.0,0,17946.8188,-1.0000
2.749,1081,1114,Running,0,0.00,1,99,1,1,0.6000,-184.1,0,7.519,-2.000,4.672,35.3,-478.3,0.0,0,46787.0473,-1.0000
2.766,1087,1123,Running,0,0.00,1,99,1,1,0.6000,-184.1,0,7.560,-2.000,4.698,36.2,-491.9,0.0,0,13973.6376,-1.0000
2.783,1094,1137,Running,0,0.00,1,99,1,1,0.6000,-184.1,0,7.603,-2.000,4.724,36.9,-502.9,0.0,0,58583.3538,-1.0000
2.799,1102,1155,Running,0,0.00,1,99,1,1,0.6000,-184.1,0,7.646,-2.000,4.751,37.7,-515.6,0.0,0,65157.8862,-1.0000
2.802,1109,1146,Running,0,0.00,1,99,1,1,0.6000,-184.1,0,7.690,-2.000,4.779,38.1,-521.3,0.0,0,43908.7692,-1.0000
2.802,1111,1086,Running,0,0.00,1,99,1,1,0.6000,-184.1,0,7.732,-2.000,4.804,36.3,-487.9,0.0,0,26721.8923,-1.0000
2.849,1108,1094,Running,0,0.00,1,99,1,1,0.6000,-184.1,0,7.770,-2.000,4.828,34.3,-451.6,0.0,0,26072.3428,-1.0000
2.866,1106,1106,Running,0,0.00,1,99,1,1,0.6000,-184.1,0,7.808,-2.000,4.852,34.6,-455.2,0.0,0,13972.0258,-1.0000
2.883,1105,1100,Running,0,0.00,1,99,1,1,0.6000,-184.1,0,7.847,-2.000,4.876,34.9,-459.7,0.0,0,47428.4023,-1.0000
2.899,1104,1095,Running,0,0.00,1,99,1,1,0.6000,-184.1,0,7.886,-2.000,4.900,34.8,-456.2,0.0,0,33694.8931,-1.0000
2.916,1104,1098,Running,0,0.00,1,99,1,1,0.6000,-184.1,0,7.924,-2.000,4.924,34.9,-457.0,0.0,0,43585.1524,-1.0000
2.933,1102,1079,Running,0,0.00,1,99,1,1,0.6000,-184.1,0,7.962,-2.000,4.947,34.4,-447.4,0.0,0,59128.0933,-1.0000
2.949,1093,1039,Running,0,0.00,1,99,1,1,0.6000,-184.1,0,7.995,-2.000,4.968,31.3,-395.0,0.0,0,-12733.0359,-1.0000
2.966,1083,1031,Running,0,0.00,1,99,1,1,0.6000,-184.1,0,8.028,-2.000,4.988,30.6,-384.5,0.0,0,31552.3095,-1.0000
2.983,1075,1026,Running,0,0.00,1,99,1,1,0.6000,-184.1,0,8.060,-2.000,5.008,30.5,-382.6,0.0,0,-7693.6205,-1.0000
2.999,1068,1015,Running,0,0.00,1,99,1,1,0.6000,-184.1,0,8.092,-2.000,5.028,30.3,-380.2,0.0,0,38474.6057,-1.0000
3.016,1061,1019,Running,0,0.00,1,99,1,1,0.6000,-184.1,0,8.124,-2.000,5.048,30.2,-377.7,0.0,0,31015.9968,-1.0000
3.033,1055,1019,Running,0,0.00,1,99,1,1,0.6000,-184.1,0,8.156,-2.000,5.068,30.1,-376.6,0.0,0,37751.1855,-1.0000
3.049,1048,993,Running,0,0.00,1,99,1,1,0.6000,-184.1,0,8.187,-2.000,5.087,29.3,-366.4,0.0,0,43830.1095,-1.0000
3.066,1033,954,Running,0,0.00,1,99,1,1,0.6000,-184.1,0,8.214,-2.000,5.104,26.3,-325.9,0.0,0,-20705.6647,-1.0000
3.083,1020,949,Running,0,0.00,1,99,1,1,0.6000,-184.1,0,8.241,-2.000,5.121,25.6,-316.7,0.0,0,27777.8949,-1.0000
3.099,1007,949,Running,0,0.00,1,99,1,1,0.6000,-184.1,0,8.268,-2.000,5.137,25.4,-313.9,0.0,0,-18700.3426,-1.0000
3.116,998,960,Running,5,0.00,1,-2,0,0,0.6000,-184.1,0,8.268,-2.000,5.137,0.2,-0.2,0.0,0,36118.5645,-1.0000
3.133,993,973,Running,5,0.00,1,-2,0,0,0.0000,0.0,0,8.268,-2.000,5.137,0.0,0.0,0.0,0,23031.9794,-1.0000
3.149,990,984,Running,5,0.00,1,-2,0,0,0.0000,0.0,0,8.268,-2.000,5.137,0.0,0.0,0.0,0,27305.5034,-1.0000
3.166,990,984,Running,5,0.00,1,-2,0,0,0.0000,0.0,0,8.268,-2.000,5.137,0.0,0.0,0.0,0,25435.5478,-1.0000
3.183,987,940,Running,5,0.00,1,-2,0,0,0.0000,0.0,0,8.268,-2.000,5.137,0.0,0.0,0.0,0,12994.5141,-1.0000
3.199,982,951,Running,5,0.00,1,-2,0,0,0.0000,0.0,0,8.268,-2.000,5.137,0.0,0.0,0.0,0,5404.2799,-1.0000
3.216,979,967,Running,5,0.00,1,-2,0,0,0.0000,0.0,0,8.268,-2.000,5.137,0.0,0.0,0.0,0,9269.9239,-1.0000
3.233,980,992,Running,5,0.00,1,-2,0,0,0.0000,0.0,0,8.268,-2.000,5.137,0.0,0.0,0.0,0,20262.7541,-1.0000
3.249,983,1012,Running,5,0.00,1,-2,0,0,0.0000,0.0,0,8.268,-2.000,5.137,0.0,0.0,0.0,0,36285.8941,-1.0000
3.266,990,1039,Running,5,0.00,1,-2,0,0,0.0000,0.0,0,8.268,0.000,5.137,0.0,0.0,0.0,0,38522.2121,-1.0000
3.283,998,1052,Running,5,0.00,1,-2,0,0,0.0000,0.0,0,8.268,0.000,5.137,0.0,0.0,0.0,0,35058.5703,-1.0000
3.299,1004,1014,Running,5,0.00,1,-2,0,0,0.0000,0.0,0,8.268,0.000,5.137,0.0,0.0,0.0,0,35155.9137,-1.0000
3.316,1006,1017,Running,5,0.00,1,-2,0,0,0.0000,0.0,0,8.268,0.000,5.137,0.0,0.0,0.0,0,-6607.6708,-1.0000
3.333,1010,1035,Running,5,0.00,1,-2,0,0,0.0000,0.0,0,8.268,0.000,5.137,0.0,0.0,0.0,0,19449.3154,-1.0000
3.349,1017,1066,Running,5,0.00,1,-2,0,0,0.0000,0.0,0,8.268,0.000,5.137,0.0,0.0,0.0,0,25686.2762,-1.0000
3.366,1026,1094,Running,5,0.00,1,-2,0,0,0.0000,0.0,0,8.268,0.000,5.137,0.0,0.0,0.0,0,48898.8874,-1.0000
3.383,1038,1120,Running,5,0.00,1,-2,0,0,0.0000,0.0,0,8.268,0.000,5.137,0.0,0.0,0.0,0,43833.3571,-1.0000
3.399,1051,1126,Running,5,0.00,1,-2,0,0,0.0000,0.0,0,8.268,0.000,5.137,0.0,0.0,0.0,0,38199.4140,-1.0000
3.416,1061,1092,Running,5,0.00,1,-2,0,0,0.0000,0.0,0,8.268,0.000,5.137,0.0,0.0,0.0,0,22908.4176,-1.0000
3.433,1068,1120,Running,5,0.00,1,-2,0,0,0.0000,0.0,0,8.268,0.000,5.137,0.0,0.0,0.0,0,34637.3228,-1.0000
3.449,1077,1148,Running,5,0.00,1,-2,0,0,0.0000,0.0,0,8.268,0.000,5.137,0.0,0.0,0.0,0,8031.8537,-1.0000
3.466,1089,1159,Running,5,0.00,1,-2,0,0,0.0000,0.0,0,8.268,0.000,5.137,0.0,0.0,0.0,0,50452.1831,-1.0000
3.483,1103,1190,Running,5,0.00,1,-2,0,0,0.0000,0.0,0,8.268,0.000,5.137,0.0,0.0,0.0,0,47454.0008,-1.0000
3.499,1118,1216,Running,5,0.00,1,-2,0,0,0.0000,0.0,0,8.268,0.000,5.137,0.0,0.0,0.0,0,65881.9256,-1.0000
3.516,1132,1179,Running,5,0.00,1,-2,0,0,0.0000,0.0,0,8.268,0.000,5.137,0.0,0.0,0.0,0,38898.4354,-1.0000
3.533,1140,1197,Running,5,0.00,1,-2,0,0,0.0000,0.0,0,8.268,0.000,5.137,0.0,0.0,0.0,0,15911.0543,-1.0000
3.549,1151,1228,Running,5,0.00,1,-2,0,0,0.0000,0.0,0,8.268,0.000,5.137,0.0,0.0,0.0,0,24273.9272,-1.0000
3.566,1164,1237,Running,5,0.00,1,-2,0,0,0.0000,0.0,0,8.268,0.000,5.137,0.0,0.0,0.0,0,52038.7441,-1.0000
3.583,1178,1270,Running,5,0.00,1,-2,0,0,0.0000,0.0,0,8.268,0.000,5.137,0.0,0.0,0.0,0,58118.3069,-1.0000
3.597,1193,1286,Running,5,0.00,1,-2,0,0,0.0000,0.0,0,8.268,0.000,5.137,0.0,0.0,0.0,0,61322.3135,-1.0000
3.616,1205,1253,Running,5,0.00,1,-2,0,0,0.0000,0.0,0,8.268,0.000,5.137,0.0,0.0,0.0,0,28889.7087,-1.0000
3.633,1214,1277,Running,5,0.00,1,-2,0,0,0.0000,0.0,0,8.268,0.000,5.137,0.0,0.0,0.0,0,48937.3713,-1.0000
3.649,1225,1291,Running,5,0.00,1,-2,0,0,0.0000,0.0,0,8.268,0.000,5.137,0.0,0.0,0.0,0,12540.4166,-1.0000
3.666,1237,1317,Running,5,0.00,1,-2,0,0,0.0000,0.0,0,8.268,0.000,5.137,0.0,0.0,0.0,0,71280.4374,-1.0000
3.683,1251,1330,Running,5,0.00,1,-2,0,0,0.0000,0.0,0,8.268,0.000,5.137,0.0,0.0,0.0,0,49923.6098,-1.0000
3.699,1264,1337,Running,5,0.00,1,-2,0,0,0.0000,0.0,0,8.268,0.000,5.137,0.0,0.0,0.0,0,76948.2707,-1.0000
3.716,1272,1314,Running,5,0.00,1,-2,0,0,0.0000,0.0,0,8.268,0.000,5.137,0.0,0.0,0.0,0,3550.5295,-1.0000
3.733,1280,1336,Running,5,0.00,1,-2,0,0,0.0000,0.0,0,8.268,0.000,5.137,0.0,0.0,0.0,0,32762.8865,-1.0000
3.749,1290,1347,Running,5,0.00,1,-2,0,0,0.0000,0.0,0,8.268,0.000,5.137,0.0,0.0,0.0,0,54688.0564,-1.0000
3.766,1301,1371,Running,5,0.00,1,-2,0,0,0.0000,0.0,0,8.268,0.000,5.137,0.0,0.0,0.0,0,61464.6408,-1.0000
3.783,1312,1377,Running,5,0.00,1,-2,0,0,0.0000,0.0,0,8.268,0.000,5.137,0.0,0.0,0.0,0,56468.8691,-1.0000
3.799,1320,1353,Running,5,0.00,1,-2,0,0,0.0000,0.0,0,8.268,0.000,5.137,0.0,0.0,0.0,0,29432.5454,-1.0000
3.808,1325,1358,Running,5,0.00,1,-2,0,0,0.0000,0.0,0,8.268,0.000,5.137,0.0,0.0,0.0,0,41603.2653,-1.0000
3.833,1332,1381,Running,5,0.00,1,-2,0,0,0.0000,0.0,0,8.268,0.000,5.137,0.0,0.0,0.0,0,45282.8358,-1.0000
3.849,1340,1387,Running,5,0.00,1,-2,0,0,0.0000,0.0,0,8.268,0.000,5.137,0.0,0.0,0.0,0,44882.4815,-1.0000
3.866,1349,1407,Running,5,0.00,1,-2,0,0,0.0000,0.0,0,8.268,0.000,5.137,0.0,0.0,0.0,0,71778.5037,-1.0000
3.883,1356,1369,Running,5,0.00,1,-2,0,0,0.0000,0.0,0,8.268,0.000,5.137,0.0,0.0,0.0,0,28617.1234,-1.0000
3.899,1359,1384,Running,5,0.00,1,-2,0,0,0.0000,0.0,0,8.268,0.000,5.137,0.0,0.0,0.0,0,46734.9779,-1.0000
3.916,1363,1392,Running,5,0.00,1,-2,0,0,0.0000,0.0,0,8.268,0.000,5.137,0.0,0.0,0.0,0,19998.2220,-1.0000
3.933,1369,1405,Running,5,0.00,1,-2,0,0,0.0000,0.0,0,8.268,0.000,5.137,0.0,0.0,0.0,0,60061.1310,-1.0000
3.949,1375,1416,Running,5,0.00,1,-2,0,0,0.0000,0.0,0,8.268,0.000,5.137,0.0,0.0,0.0,0,57689.2720,-1.0000
3.966,1380,1383,Running,5,0.00,1,-2,0,0,0.0000,0.0,0,8.268,0.000,5.137,0.0,0.0,0.0,0,49075.8593,-1.0000
3.983,1381,1392,Running,5,0.00,1,-2,0,0,0.0000,0.0,0,8.268,0.000,5.137,0.0,0.0,0.0,0,32551.2743,-1.0000
3.999,1383,1397,Running,5,0.00,1,-2,0,0,0.0000,0.0,0,8.268,0.000,5.137,0.0,0.0,0.0,0,11527.9925,-1.0000
4.016,1386,1412,Running,5,0.00,1,-2,0,0,0.0000,0.0,0,8.268,0.000,5.137,0.0,0.0,0.0,0,66843.8551,-1.0000
4.033,1390,1415,Running,5,0.00,1,-2,0,0,0.0000,0.0,0,8.268,0.000,5.137,0.0,0.0,0.0,0,46570.8641,-1.0000
4.049,1394,1396,Running,5,0.00,1,-2,0,0,0.0000,0.0,0,8.268,0.000,5.137,0.0,0.0,0.0,0,68960.5158,-1.0000
4.066,1393,1389,Running,5,0.00,1,-2,0,0,0.0000,0.0,0,8.268,0.000,5.137,0.0,0.0,0.0,0,8913.9922,-1.0000
4.083,1393,1399,Running,5,0.00,1,-2,0,0,0.0000,0.0,0,8.268,0.000,5.137,0.0,0.0,0.0,0,15843.2424,-1.0000
4.099,1394,1406,Running,5,0.00,1,-2,0,0,0.0000,0.0,0,8.268,0.000,5.137,0.0,0.0,0.0,0,63403.2623,-1.0000
4.116,1397,1411,Running,5,0.00,1,-2,0,0,0.0000,0.0,0,8.268,0.000,5.137,0.0,0.0,0.0,0,48300.0855,-1.0000
4.133,1399,1405,Running,5,0.00,1,-2,0,0,0.0000,0.0,0,8.268,0.000,5.137,0.0,0.0,0.0,0,72917.1388,-1.0000
4.149,1397,1380,Running,5,0.00,1,-2,0,0,0.0000,0.0,0,8.268,0.000,5.137,0.0,0.0,0.0,0,-2837.0489,-1.0000
4.166,1396,1396,Running,5,0.00,1,-2,0,0,0.0000,0.0,0,8.268,0.000,5.137,0.0,0.0,0.0,0,22999.4473,-1.0000
4.183,1396,1393,Running,5,0.00,1,-2,0,0,0.0000,0.0,0,8.268,0.000,5.137,0.0,0.0,0.0,0,50241.2365,-1.0000
4.199,1397,1409,Running,5,0.00,1,-2,0,0,0.0000,0.0,0,8.268,0.000,5.137,0.0,0.0,0.0,0,58291.4980,-1.0000
4.216,1398,1404,Running,5,0.00,1,-2,0,0,0.0000,0.0,0,8.268,0.000,5.137,0.0,0.0,0.0,0,52012.7216,-1.0000
4.233,1396,1375,Running,5,0.00,1,-2,0,0,0.0000,0.0,0,8.268,0.000,5.137,0.0,0.0,0.0,0,14094.9661,-1.0000
4.249,1393,1382,Running,5,0.00,1,-2,0,0,0.0000,0.0,0,8.268,0.000,5.137,0.0,0.0,0.0,0,25169.7477,-1.0000
4.266,1392,1383,Running,5,0.00,1,-2,0,0,0.0000,0.0,0,8.268,0.000,5.137,0.0,0.0,0.0,0,43427.2487,-1.0000
4.283,1391,1398,Running,5,0.00,1,-2,0,0,0.0000,0.0,0,8.268,0.000,5.137,0.0,0.0,0.0,0,56733.5646,-1.0000
4.299,1392,1394,Running,5,0.00,1,-2,0,0,0.0000,0.0,0,8.268,0.000,5.137,0.0,0.0,0.0,0,42794.0210,-1.0000
4.316,1390,1369,Running,5,0.00,1,-2,0,0,0.0000,0.0,0,8.268,0.000,5.137,0.0,0.0,0.0,0,21851.8813,-1.0000
4.333,1386,1364,Running,5,0.00,1,-2,0,0,0.0000,0.0,0,8.268,0.000,5.137,0.0,0.0,0.0,0,31266.0031,-1.0000
4.349,1384,1379,Running,5,0.00,1,-2,0,0,0.0000,0.0,0,8.268,0.000,5.137,0.0,0.0,0.0,0,39648.7339,-1.0000
4.366,1383,1379,Running,5,0.00,1,-2,0,0,0.0000,0.0,0,8.268,0.000,5.137,0.0,0.0,0.0,0,38126.5446,-1.0000
4.383,1384,1390,Running,5,0.00,1,-2,0,0,0.0000,0.0,0,8.268,0.000,5.137,0.0,0.0,0.0,0,59387.5179,-1.0000
4.399,1382,1351,Running,5,0.00,1,-2,0,0,0.0000,0.0,0,8.268,0.000,5.137,0.0,0.0,0.0,0,19377.7946,-1.0000
4.416,1378,1359,Running,5,0.00,1,-2,0,0,0.0000,0.0,0,8.268,0.000,5.137,0.0,0.0,0.0,0,42132.8476,-1.0000
4.433,1375,1363,Running,5,0.00,1,-2,0,0,0.0000,0.0,0,8.268,0.000,5.137,0.0,0.0,0.0,0,14353.4244,-1.0000
4.449,1374,1372,Running,5,0.00,1,-2,0,0,0.0000,0.0,0,8.268,0.000,5.137,0.0,0.0,0.0,0,50698.9773,-1.0000
4.466,1374,1377,Running,5,0.00,1,-2,0,0,0.0000,0.0,0,8.268,0.000,5.137,0.0,0.0,0.0,0,47724.4290,-1.0000
4.483,1373,1348,Running,5,0.00,1,-2,0,0,0.0000,0.0,0,8.268,0.000,5.137,0.0,0.0,0.0,0,51370.2279,-1.0000
4.499,1369,1345,Running,5,0.00,1,-2,0,0,0.0000,0.0,0,8.268,0.000,5.137,0.0,0.0,0.0,0,13419.8966,-1.0000
4.516,1366,1354,Running,5,0.00,1,-2,0,0,0.0000,0.0,0,8.268,0.000,5.137,0.0,0.0,0.0,0,8117.3112,-1.0000
4.533,1364,1357,Running,5,0.00,1,-2,0,0,0.0000,0.0,0,8.268,0.000,5.137,0.0,0.0,0.0,0,55909.4116,-1.0000
4.549,1364,1367,Running,5,0.00,1,-2,0,0,0.0000,0.0,0,8.268,0.000,5.137,0.0,0.0,0.0,0,48626.5899,-1.0000
4.566,1364,1363,Running,5,0.00,1,-2,0,0,0.0000,0.0,0,8.268,0.000,5.137,0.0,0.0,0.0,0,53664.6729,-1.0000
4.583,1360,1334,Running,5,0.00,1,-2,0,0,0.0000,0.0,0,8.268,0.000,5.137,0.0,0.0,0.0,0,7875.4578,-1.0000
4.599,1357,1340,Running,5,0.00,1,-2,0,0,0.0000,0.0,0,8.268,0.000,5.137,0.0,0.0,0.0,0,22423.1594,-1.0000
4.616,1355,1346,Running,5,0.00,1,-2,0,0,0.0000,0.0,0,8.268,0.000,5.137,0.0,0.0,0.0,0,42238.1855,-1.0000
4.633,1354,1356,Running,5,0.00,1,-2,0,0,0.0000,0.0,0,8.268,0.000,5.137,0.0,0.0,0.0,0,46604.8375,-1.0000
4.647,1355,1359,Running,5,0.00,1,-2,0,0,0.0000,0.0,0,8.268,0.000,5.137,0.0,0.0,0.0,0,49279.6465,-1.0000
4.666,1353,1326,Running,5,0.00,1,-2,0,0,0.0000,0.0,0,8.268,0.000,5.137,0.0,0.0,0.0,0,17803.3025,-1.0000
4.683,1349,1330,Running,5,0.00,1,-2,0,0,0.0000,0.0,0,8.268,0.000,5.137,0.0,0.0,0.0,0,40751.0180,-1.0000
4.699,1347,1339,Running,5,0.00,1,-2,0,0,0.0000,0.0,0,8.268,0.000,5.137,0.0,0.0,0.0,0,19330.7066,-1.0000
4.716,1346,1347,Running,5,0.00,1,-2,0,0,0.0000,0.0,0,8.268,0.000,5.137,0.0,0.0,0.0,0,46060.8216,-1.0000
4.733,1347,1354,Running,5,0.00,1,-2,0,0,0.0000,0.0,0,8.268,0.000,5.137,0.0,0.0,0.0,0,48239.8610,-1.0000
4.749,1347,1326,Running,5,0.00,1,-2,0,0,0.0000,0.0,0,8.268,0.000,5.137,0.0,0.0,0.0,0,50737.0382,-1.0000
4.766,1343,1322,Running,5,0.00,1,-2,0,0,0.0000,0.0,0,8.268,0.000,5.137,0.0,0.0,0.0,0,10373.5204,-1.0000
4.783,1340,1335,Running,5,0.00,1,-2,0,0,0.0000,0.0,0,8.268,0.000,5.137,0.0,0.0,0.0,0,9442.2033,-1.0000
4.799,1339,1335,Running,5,0.00,1,-2,0,0,0.0000,0.0,0,8.268,0.000,5.137,0.0,0.0,0.0,0,51945.8154,-1.0000
4.816,1340,1351,Running,5,0.00,1,-2,0,0,0.0000,0.0,0,8.268,0.000,5.137,0.0,0.0,0.0,0,52930.6649,-1.0000
4.833,1341,1346,Running,5,0.00,1,-2,0,0,0.0000,0.0,0,8.268,0.000,5.137,0.0,0.0,0.0,0,44837.5381,-1.0000
4.849,1339,1321,Running,5,0.00,1,-2,0,0,0.0000,0.0,0,8.268,0.000,5.137,0.0,0.0,0.0,0,15489.5029,-1.0000
4.866,1336,1319,Running,5,0.00,1,-2,0,0,0.0000,0.0,0,8.268,0.000,5.137,0.0,0.0,0.0,0,24154.7277,-1.0000
4.883,1335,1336,Running,5,0.00,1,-2,0,0,0.0000,0.0,0,8.268,0.000,5.137,0.0,0.0,0.0,0,42104.1919,-1.0000
4.899,1335,1338,Running,5,0.00,1,-2,0,0,0.0000,0.0,0,8.268,0.000,5.137,0.0,0.0,0.0,0,37298.5002,-1.0000
4.916,1337,1352,Running,5,0.00,1,-2,0,0,0.0000,0.0,0,8.268,0.000,5.137,0.0,0.0,0.0,0,58974.5626,-1.0000
4.933,1336,1310,Running,5,0.00,1,-2,0,0,0.0000,0.0,0,8.268,0.000,5.137,0.0,0.0,0.0,0,20485.2570,-1.0000
4.949,1333,1323,Running,5,0.00,1,-2,0,0,0.0000,0.0,0,8.268,0.000,5.137,0.0,0.0,0.0,0,40499.3781,-1.0000
4.966,1332,1325,Running,5,0.00,1,-2,0,0,0.0000,0.0,0,8.268,0.000,5.137,0.0,0.0,0.0,0,4889.3946,-1.0000
4.983,1332,1340,Running,5,0.00,1,-2,0,0,0.0000,0.0,0,8.268,0.000,5.137,0.0,0.0,0.0,0,58767.3410,-1.0000
4.983,1333,1342,Running,5,0.00,1,-2,0,0,0.0000,0.0,0,8.268,0.000,5.137,0.0,0.0,0.0,0,39659.6950,-1.0000
5.016,1335,1335,Running,5,0.00,1,-2,0,0,0.0000,0.0,0,8.268,0.000,5.137,0.0,0.0,0.0,0,69743.2378,-1.0000
5.033,1332,1311,Running,5,0.00,1,-2,0,0,0.0000,0.0,0,8.268,0.000,5.137,0.0,0.0,0.0,0,-7424.3619,-1.0000
5.049,1330,1327,Running,5,0.00,1,-2,0,0,0.0000,0.0,0,8.268,0.000,5.137,0.0,0.0,0.0,0,22596.0800,-1.0000
5.066,1330,1327,Running,5,0.00,1,-2,0,0,0.0000,0.0,0,8.268,0.000,5.137,0.0,0.0,0.0,0,42496.2930,-1.0000
5.083,1331,1345,Running,5,0.00,1,-2,0,0,0.0000,0.0,0,8.268,0.000,5.137,0.0,0.0,0.0,0,54208.3047,-1.0000
5.099,1333,1344,Running,5,0.00,1,-2,0,0,0.0000,0.0,0,8.268,0.000,5.137,0.0,0.0,0.0,0,43107.6774,-1.0000
5.116,1332,1316,Running,5,0.00,1,-2,0,0,0.0000,0.0,0,8.268,0.000,5.137,0.0,0.0,0.0,0,19116.9977,-1.0000
5.133,1330,1317,Running,5,0.00,1,-2,0,0,0.0000,0.0,0,8.268,0.000,5.137,0.0,0.0,0.0,0,38885.4628,-1.0000
5.149,1329,1331,Running,5,0.00,1,-2,0,0,0.0000,0.0,0,8.268,0.000,5.137,0.0,0.0,0.0,0,24608.6264,-1.0000
5.166,1330,1338,Running,5,0.00,1,-2,0,0,0.0000,0.0,0,8.268,0.000,5.137,0.0,0.0,0.0,0,43846.1214,-1.0000
5.183,1332,1348,Running,5,0.00,1,-2,0,0,0.0000,0.0,0,8.268,0.000,5.137,0.0,0.0,0.0,0,50956.7057,-1.0000
5.199,1333,1318,Running,5,0.00,1,-2,0,0,0.0000,0.0,0,8.268,0.000,5.137,0.0,0.0,0.0,0,48253.8189,-1.0000
5.216,1331,1317,Running,5,0.00,1,-2,0,0,0.0000,0.0,0,8.268,0.000,5.137,0.0,0.0,0.0,0,13094.9760,-1.0000
5.233,1329,1330,Running,5,0.00,1,-2,0,0,0.0000,0.0,0,8.268,0.000,5.137,0.0,0.0,0.0,0,9327.8896,-1.0000
5.249,1330,1333,Running,5,0.00,1,-2,0,0,0.0000,0.0,0,8.268,0.000,5.137,0.0,0.0,0.0,0,53170.6728,-1.0000
5.266,1331,1349,Running,5,0.00,1,-2,0,0,0.0000,0.0,0,8.268,0.000,5.137,0.0,0.0,0.0,0,53369.5394,-1.0000
5.283,1334,1346,Running,5,0.00,1,-2,0,0,0.0000,0.0,0,8.268,0.000,5.137,0.0,0.0,0.0,0,45938.7001,-1.0000
5.299,1332,1320,Running,5,0.00,1,-2,0,0,0.0000,0.0,0,8.268,0.000,5.137,0.0,0.0,0.0,0,15602.7239,-1.0000
5.316,1330,1320,Running,5,0.00,1,-2,0,0,0.0000,0.0,0,8.268,0.000,5.137,0.0,0.0,0.0,0,24315.5858,-1.0000
5.333,1330,1337,Running,5,0.00,1,-2,0,0,0.0000,0.0,0,8.268,0.000,5.137,0.0,0.0,0.0,0,43350.3091,-1.0000
5.349,1331,1340,Running,5,0.00,1,-2,0,0,0.0000,0.0,0,8.268,0.000,5.137,0.0,0.0,0.0,0,38261.9354,-1.0000
5.366,1334,1354,Running,5,0.00,1,-2,0,0,0.0000,0.0,0,8.268,0.000,5.137,0.0,0.0,0.0,0,59589.3160,-1.0000
5.383,1334,1313,Running,5,0.00,1,-2,0,0,0.0000,0.0,0,8.268,0.000,5.137,0.0,0.0,0.0,0,20713.9326,-1.0000
5.397,1332,1326,Running,5,0.00,1,-2,0,0,0.0000,0.0,0,8.268,0.000,5.137,0.0,0.0,0.0,0,41327.7222,-1.0000
5.416,1331,1329,Running,5,0.00,1,-2,0,0,0.0000,0.0,0,8.268,0.000,5.137,0.0,0.0,0.0,0,6421.3512,-1.0000
5.433,1332,1344,Running,5,0.00,1,-2,0,0,0.0000,0.0,0,8.268,0.000,5.137,0.0,0.0,0.0,0,58844.9340,-1.0000
5.449,1334,1347,Running,5,0.00,1,-2,0,0,0.0000,0.0,0,8.268,0.000,5.137,0.0,0.0,0.0,0,40208.0671,-1.0000
5.466,1336,1338,Running,5,0.00,1,-2,0,0,0.0000,0.0,0,8.268,0.000,5.137,0.0,0.0,0.0,0,72627.6312,-1.0000
5.483,1334,1316,Running,5,0.00,1,-2,0,0,0.0000,0.0,0,8.268,0.000,5.137,0.0,0.0,0.0,0,-9413.9542,-1.0000
5.499,1332,1334,Running,5,0.00,1,-2,0,0,0.0000,0.0,0,8.268,0.000,5.137,0.0,0.0,0.0,0,22274.9604,-1.0000
5.516,1333,1332,Running,5,0.00,1,-2,0,0,0.0000,0.0,0,8.268,0.000,5.137,0.0,0.0,0.0,0,43503.8840,-1.0000
5.533,1334,1352,Running,5,0.00,1,-2,0,0,0.0000,0.0,0,8.268,0.000,5.137,0.0,0.0,0.0,0,57698.4736,-1.0000
5.549,1337,1349,Running,5,0.00,1,-2,0,0,0.0000,0.0,0,8.268,0.000,5.137,0.0,0.0,0.0,0,40462.3149,-1.0000
5.566,1336,1323,Running,5,0.00,1,-2,0,0,0.0000,0.0,0,8.268,0.000,5.137,0.0,0.0,0.0,0,20381.0535,-1.0000
5.583,1334,1322,Running,5,0.00,1,-2,0,0,0.0000,0.0,0,8.268,0.000,5.137,0.0,0.0,0.0,0,35494.2546,-1.0000
5.599,1334,1339,Running,5,0.00,1,-2,0,0,0.0000,0.0,0,8.268,0.000,5.137,0.0,0.0,0.0,0,32494.0117,-1.0000
5.616,1335,1342,Running,5,0.00,1,-2,0,0,0.0000,0.0,0,8.268,0.000,5.137,0.0,0.0,0.0,0,38987.4289,-1.0000
5.633,1337,1356,Running,5,0.00,1,-2,0,0,0.0000,0.0,0,8.268,0.000,5.137,0.0,0.0,0.0,0,57767.4826,-1.0000
5.649,1338,1319,Running,5,0.00,1,-2,0,0,0.0000,0.0,0,8.268,0.000,5.137,0.0,0.0,0.0,0,35305.0579,-1.0000
5.666,1336,1326,Running,5,0.00,1,-2,0,0,0.0000,0.0,0,8.268,0.000,5.137,0.0,0.0,0.0,0,26960.8055,-1.0000
5.683,1335,1333,Running,5,0.00,1,-2,0,0,0.0000,0.0,0,8.268,0.000,5.137,0.0,0.0,0.0,0,4425.1536,-1.0000
5.699,1335,1342,Running,5,0.00,1,-2,0,0,0.0000,0.0,0,8.268,0.000,5.137,0.0,0.0,0.0,0,58943.5565,-1.0000
5.716,1337,1351,Running,5,0.00,1,-2,0,0,0.0000,0.0,0,8.268,0.000,5.137,0.0,0.0,0.0,0,46189.7013,-1.0000
5.733,1340,1349,Running,5,0.00,1,-2,0,0,0.0000,0.0,0,8.268,0.000,5.137,0.0,0.0,0.0,0,57404.3989,-1.0000
5.749,1337,1322,Running,5,0.00,1,-2,0,0,0.0000,0.0,0,8.268,0.000,5.137,0.0,0.0,0.0,0,5578.4683,-1.0000
5.766,1336,1330,Running,5,0.00,1,-2,0,0,0.0000,0.0,0,8.268,0.000,5.137,0.0,0.0,0.0,0,22902.0720,-1.0000
5.783,1336,1338,Running,5,0.00,1,-2,0,0,0.0000,0.0,0,8.268,0.000,5.137,0.0,0.0,0.0,0,43827.3972,-1.0000
5.799,1337,1349,Running,5,0.00,1,-2,0,0,0.0000,0.0,0,8.268,0.000,5.137,0.0,0.0,0.0,0,46365.4222,-1.0000
5.816,1339,1355,Running,5,0.00,1,-2,0,0,0.0000,0.0,0,8.268,0.000,5.137,0.0,0.0,0.0,0,51597.4577,-1.0000
5.833,1339,1321,Running,5,0.00,1,-2,0,0,0.0000,0.0,0,8.268,0.000,5.137,0.0,0.0,0.0,0,18590.1165,-1.0000
5.849,1337,1328,Running,5,0.00,1,-2,0,0,0.0000,0.0,0,8.268,0.000,5.137,0.0,0.0,0.0,0,41771.1368,-1.0000
5.866,1336,1336,Running,5,0.00,1,-2,0,0,0.0000,0.0,0,8.268,0.000,5.137,0.0,0.0,0.0,0,17514.0812,-1.0000
5.883,1337,1347,Running,5,0.00,1,-2,0,0,0.0000,0.0,0,8.268,0.000,5.137,0.0,0.0,0.0,0,49471.1789,-1.0000
5.899,1339,1354,Running,5,0.00,1,-2,0,0,0.0000,0.0,0,8.268,0.000,5.137,0.0,0.0,0.0,0,46998.5866,-1.0000
5.916,1340,1329,Running,5,0.00,1,-2,0,0,0.0000,0.0,0,8.268,0.000,5.137,0.0,0.0,0.0,0,56315.9373,-1.0000
5.933,1338,1323,Running,5,0.00,1,-2,0,0,0.0000,0.0,0,8.268,0.000,5.137,0.0,0.0,0.0,0,6434.1239,-1.0000
5.949,1336,1338,Running,5,0.00,1,-2,0,0,0.0000,0.0,0,8.268,0.000,5.137,0.0,0.0,0.0,0,12351.2928,-1.0000
5.966,1336,1338,Running,5,0.00,1,-2,0,0,0.0000,0.0,0,8.268,0.000,5.137,0.0,0.0,0.0,0,51391.5163,-1.0000
5.983,1338,1355,Running,5,0.00,1,-2,0,0,0.0000,0.0,0,8.268,0.000,5.137,0.0,0.0,0.0,0,55162.7744,-1.0000
5.999,1340,1351,Running,5,0.00,1,-2,0,0,0.0000,0.0,0,8.268,0.000,5.137,0.0,0.0,0.0,0,44492.4748,-1.0000
6.016,1339,1326,Running,5,0.00,1,-2,0,0,0.0000,0.0,0,8.268,0.000,5.137,0.0,0.0,0.0,0,16984.1787,-1.0000
6.033,1337,1325,Running,5,0.00,1,-2,0,0,0.0000,0.0,0,8.268,0.000,5.137,0.0,0.0,0.0,0,24856.4517,-1.0000
6.049,1336,1342,Running,5,0.00,1,-2,0,0,0.0000,0.0,0,8.268,0.000,5.137,0.0,0.0,0.0,0,42861.1393,-1.0000
6.066,1337,1345,Running,5,0.00,1,-2,0,0,0.0000,0.0,0,8.268,0.000,5.137,0.0,0.0,0.0,0,38091.1816,-1.0000
6.083,1340,1358,Running,5,0.00,1,-2,0,0,0.0000,0.0,0,8.268,0.000,5.137,0.0,0.0,0.0,0,59410.4341,-1.0000
6.099,1340,1318,Running,5,0.00,1,-2,0,0,0.0000,0.0,0,8.268,0.000,5.137,0.0,0.0,0.0,0,20390.6087,-1.0000
6.116,1337,1330,Running,5,0.00,1,-2,0,0,0.0000,0.0,0,8.268,0.000,5.137,0.0,0.0,0.0,0,41499.2179,-1.0000
6.133,1336,1333,Running,5,0.00,1,-2,0,0,0.0000,0.0,0,8.268,0.000,5.137,0.0,0.0,0.0,0,7107.2994,-1.0000
6.149,1337,1348,Running,5,0.00,1,-2,0,0,0.0000,0.0,0,8.268,0.000,5.137,0.0,0.0,0.0,0,57970.0899,-1.0000
6.166,1339,1350,Running,5,0.00,1,-2,0,0,0.0000,0.0,0,8.268,0.000,5.137,0.0,0.0,0.0,0,40469.1726,-1.0000
6.183,1341,1340,Running,5,0.00,1,-2,0,0,0.0000,0.0,0,8.268,0.000,5.137,0.0,0.0,0.0,0,71735.4616,-1.0000
6.199,1338,1320,Running,5,0.00,1,-2,0,0,0.0000,0.0,0,8.268,0.000,5.137,0.0,0.0,0.0,0,-8797.6998,-1.0000
6.216,1337,1337,Running,5,0.00,1,-2,0,0,0.0000,0.0,0,8.268,0.000,5.137,0.0,0.0,0.0,0,20933.3368,-1.0000
6.233,1337,1334,Running,5,0.00,1,-2,0,0,0.0000,0.0,0,8.268,0.000,5.137,0.0,0.0,0.0,0,44145.6784,-1.0000
6.249,1338,1355,Running,5,0.00,1,-2,0,0,0.0000,0.0,0,8.268,0.000,5.137,0.0,0.0,0.0,0,58347.5126,-1.0000
6.266,1340,1351,Running,5,0.00,1,-2,0,0,0.0000,0.0,0,8.268,0.000,5.137,0.0,0.0,0.0,0,39649.6363,-1.0000
6.283,1339,1326,Running,5,0.00,1,-2,0,0,0.0000,0.0,0,8.268,0.000,5.137,0.0,0.0,0.0,0,20352.0354,-1.0000
6.299,1337,1323,Running,5,0.00,1,-2,0,0,0.0000,0.0,0,8.268,0.000,5.137,0.0,0.0,0.0,0,32891.5829,-1.0000
6.316,1336,1341,Running,5,0.00,1,-2,0,0,0.0000,0.0,0,8.268,0.000,5.137,0.0,0.0,0.0,0,35631.9647,-1.0000
6.333,1337,1342,Running,5,0.00,1,-2,0,0,0.0000,0.0,0,8.268,0.000,5.137,0.0,0.0,0.0,0,37158.1153,-1.0000
6.347,1339,1358,Running,5,0.00,1,-2,0,0,0.0000,0.0,0,8.268,0.000,5.137,0.0,0.0,0.0,0,59769.0316,-1.0000
6.366,1340,1318,Running,5,0.00,1,-2,0,0,0.0000,0.0,0,8.268,0.000,5.137,0.0,0.0,0.0,0,29692.6308,-1.0000
6.383,1337,1328,Running,5,0.00,1,-2,0,0,0.0000,0.0,0,8.268,0.000,5.137,0.0,0.0,0.0,0,31960.3858,-1.0000
6.399,1336,1332,Running,5,0.00,1,-2,0,0,0.0000,0.0,0,8.268,0.000,5.137,0.0,0.0,0.0,0,3442.1787,-1.0000
6.416,1336,1344,Running,5,0.00,1,-2,0,0,0.0000,0.0,0,8.268,0.000,5.137,0.0,0.0,0.0,0,60200.4508,-1.0000
6.433,1338,1350,Running,5,0.00,1,-2,0,0,0.0000,0.0,0,8.268,0.000,5.137,0.0,0.0,0.0,0,42932.0064,-1.0000
6.449,1340,1347,Running,5,0.00,1,-2,0,0,0.0000,0.0,0,8.268,0.000,5.137,0.0,0.0,0.0,0,61703.2989,-1.0000
6.466,1338,1320,Running,5,0.00,1,-2,0,0,0.0000,0.0,0,8.268,0.000,5.137,0.0,0.0,0.0,0,1033.0930,-1.0000
6.483,1336,1331,Running,5,0.00,1,-2,0,0,0.0000,0.0,0,8.268,0.000,5.137,0.0,0.0,0.0,0,23190.2878,-1.0000
6.499,1336,1336,Running,5,0.00,1,-2,0,0,0.0000,0.0,0,8.268,0.000,5.137,0.0,0.0,0.0,0,42862.0621,-1.0000
6.516,1337,1350,Running,5,0.00,1,-2,0,0,0.0000,0.0,0,8.268,0.000,5.137,0.0,0.0,0.0,0,49457.7205,-1.0000
6.533,1340,1352,Running,5,0.00,1,-2,0,0,0.0000,0.0,0,8.268,0.000,5.137,0.0,0.0,0.0,0,47992.7318,-1.0000
6.549,1339,1321,Running,5,0.00,1,-2,0,0,0.0000,0.0,0,8.268,0.000,5.137,0.0,0.0,0.0,0,18695.1859,-1.0000
6.566,1337,1326,Running,5,0.00,1,-2,0,0,0.0000,0.0,0,8.268,0.000,5.137,0.0,0.0,0.0,0,40627.6518,-1.0000
6.583,1336,1336,Running,5,0.00,1,-2,0,0,0.0000,0.0,0,8.268,0.000,5.137,0.0,0.0,0.0,0,21006.2334,-1.0000
6.599,1336,1345,Running,5,0.00,1,-2,0,0,0.0000,0.0,0,8.268,0.000,5.137,0.0,0.0,0.0,0,46362.2591,-1.0000
6.616,1338,1354,Running,5,0.00,1,-2,0,0,0.0000,0.0,0,8.268,0.000,5.137,0.0,0.0,0.0,0,49377.7901,-1.0000
6.633,1340,1325,Running,5,0.00,1,-2,0,0,0.0000,0.0,0,8.268,0.000,5.137,0.0,0.0,0.0,0,50960.6350,-1.0000
6.649,1337,1323,Running,5,0.00,1,-2,0,0,0.0000,0.0,0,8.268,0.000,5.137,0.0,0.0,0.0,0,11229.4153,-1.0000
6.666,1336,1336,Running,5,0.00,1,-2,0,0,0.0000,0.0,0,8.268,0.000,5.137,0.0,0.0,0.0,0,9918.0443,-1.0000
6.683,1336,1338,Running,5,0.00,1,-2,0,0,0.0000,0.0,0,8.268,0.000,5.137,0.0,0.0,0.0,0,53092.8099,-1.0000
6.699,1337,1353,Running,5,0.00,1,-2,0,0,0.0000,0.0,0,8.268,0.000,5.137,0.0,0.0,0.0,0,53202.0558,-1.0000
6.716,1340,1350,Running,5,0.00,1,-2,0,0,0.0000,0.0,0,8.268,0.000,5.137,0.0,0.0,0.0,0,46524.0012,-1.0000
6.733,1338,1324,Running,5,0.00,1,-2,0,0,0.0000,0.0,0,8.268,0.000,5.137,0.0,0.0,0.0,0,14996.6442,-1.0000
6.749,1336,1325,Running,5,0.00,1,-2,0,0,0.0000,0.0,0,8.268,0.000,5.137,0.0,0.0,0.0,0,23696.3087,-1.0000
6.766,1335,1340,Running,5,0.00,1,-2,0,0,0.0000,0.0,0,8.268,0.000,5.137,0.0,0.0,0.0,0,43367.6013,-1.0000
6.783,1336,1344,Running,5,0.00,1,-2,0,0,0.0000,0.0,0,8.268,0.000,5.137,0.0,0.0,0.0,0,39183.3264,-1.0000
6.797,1339,1357,Running,5,0.00,1,-2,0,0,0.0000,0.0,0,8.268,0.000,5.137,0.0,0.0,0.0,0,58248.6592,-1.0000
6.816,1339,1316,Running,5,0.00,1,-2,0,0,0.0000,0.0,0,8.268,0.000,5.137,0.0,0.0,0.0,0,19578.1433,-1.0000
6.833,1336,1329,Running,5,0.00,1,-2,0,0,0.0000,0.0,0,8.268,0.000,5.137,0.0,0.0,0.0,0,41759.1945,-1.0000
6.847,1335,1332,Running,5,0.00,1,-2,0,0,0.0000,0.0,0,8.268,0.000,5.137,0.0,0.0,0.0,0,8223.0909,-1.0000
6.866,1336,1347,Running,5,0.00,1,-2,0,0,0.0000,0.0,0,8.268,0.000,5.137,0.0,0.0,0.0,0,56843.1965,-1.0000
6.883,1337,1349,Running,5,0.00,1,-2,0,0,0.0000,0.0,0,8.268,0.000,5.137,0.0,0.0,0.0,0,40867.7750,-1.0000
6.899,1340,1337,Running,5,0.00,1,-2,0,0,0.0000,0.0,0,8.268,0.000,5.137,0.0,0.0,0.0,0,70507.6650,-1.0000
6.908,1337,1318,Running,5,0.00,1,-2,0,0,0.0000,0.0,0,8.268,0.000,5.137,0.0,0.0,0.0,0,-7844.6540,-1.0000
6.933,1335,1336,Running,5,0.00,1,-2,0,0,0.0000,0.0,0,8.268,0.000,5.137,0.0,0.0,0.0,0,20173.6556,-1.0000
6.947,1335,1333,Running,5,0.00,1,-2,0,0,0.0000,0.0,0,8.268,0.000,5.137,0.0,0.0,0.0,0,44495.3252,-1.0000
6.966,1337,1354,Running,5,0.00,1,-2,0,0,0.0000,0.0,0,8.268,0.000,5.137,0.0,0.0,0.0,0,58290.0145,-1.0000
6.983,1339,1349,Running,5,0.00,1,-2,0,0,0.0000,0.0,0,8.268,0.000,5.137,0.0,0.0,0.0,0,39463.4967,-1.0000
6.999,1338,1325,Running,5,0.00,1,-2,0,0,0.0000,0.0,0,8.268,0.000,5.137,0.0,0.0,0.0,0,20319.0766,-1.0000
7.016,1336,1321,Running,5,0.00,1,-2,0,0,0.0000,0.0,0,8.268,0.000,5.137,0.0,0.0,0.0,0,32364.3385,-1.0000
7.033,1335,1340,Running,5,0.00,1,-2,0,0,0.0000,0.0,0,8.268,0.000,5.137,0.0,0.0,0.0,0,36056.1822,-1.0000
7.049,1336,1341,Running,5,0.00,1,-2,0,0,0.0000,0.0,0,8.268,0.000,5.137,0.0,0.0,0.0,0,36926.9222,-1.0000
7.066,1338,1356,Running,5,0.00,1,-2,0,0,0.0000,0.0,0,8.268,0.000,5.137,0.0,0.0,0.0,0,59808.3078,-1.0000
7.083,1339,1317,Running,5,0.00,1,-2,0,0,0.0000,0.0,0,8.268,0.000,5.137,0.0,0.0,0.0,0,29356.7222,-1.0000
7.099,1336,1327,Running,5,0.00,1,-2,0,0,0.0000,0.0,0,8.268,0.000,5.137,0.0,0.0,0.0,0,32142.1290,-1.0000
7.116,1335,1332,Running,5,0.00,1,-2,0,0,0.0000,0.0,0,8.268,0.000,5.137,0.0,0.0,0.0,0,3283.5332,-1.0000
7.133,1335,1343,Running,5,0.00,1,-2,0,0,0.0000,0.0,0,8.268,0.000,5.137,0.0,0.0,0.0,0,60189.6320,-1.0000
7.149,1337,1349,Running,5,0.00,1,-2,0,0,0.0000,0.0,0,8.268,0.000,5.137,0.0,0.0,0.0,0,42928.0229,-1.0000
7.166,1339,1347,Running,5,0.00,1,-2,0,0,0.0000,0.0,0,8.268,0.000,5.137,0.0,0.0,0.0,0,61490.8900,-1.0000
7.183,1337,1319,Running,5,0.00,1,-2,0,0,0.0000,0.0,0,8.268,0.000,5.137,0.0,0.0,0.0,0,1134.5425,-1.0000
7.199,1335,1330,Running,5,0.00,1,-2,0,0,0.0000,0.0,0,8.268,0.000,5.137,0.0,0.0,0.0,0,23157.7055,-1.0000
7.216,1335,1335,Running,5,0.00,1,-2,0,0,0.0000,0.0,0,8.268,0.000,5.137,0.0,0.0,0.0,0,42952.1836,-1.0000
7.233,1336,1349,Running,5,0.00,1,-2,0,0,0.0000,0.0,0,8.268,0.000,5.137,0.0,0.0,0.0,0,49038.3412,-1.0000
7.249,1339,1352,Running,5,0.00,1,-2,0,0,0.0000,0.0,0,8.268,0.000,5.137,0.0,0.0,0.0,0,48462.6234,-1.0000
7.266,1338,1320,Running,5,0.00,1,-2,0,0,0.0000,0.0,0,8.268,0.000,5.137,0.0,0.0,0.0,0,18520.3721,-1.0000
7.283,1336,1325,Running,5,0.00,1,-2,0,0,0.0000,0.0,0,8.268,0.000,5.137,0.0,0.0,0.0,0,40850.0369,-1.0000
7.299,1335,1335,Running,5,0.00,1,-2,0,0,0.0000,0.0,0,8.268,0.000,5.137,0.0,0.0,0.0,0,20141.2541,-1.0000
7.316,1335,1344,Running,5,0.00,1,-2,0,0,0.0000,0.0,0,8.268,0.000,5.137,0.0,0.0,0.0,0,47087.5412,-1.0000
7.333,1337,1353,Running,5,0.00,1,-2,0,0,0.0000,0.0,0,8.268,0.000,5.137,0.0,0.0,0.0,0,48570.7967,-1.0000
7.349,1339,1325,Running,5,0.00,1,-2,0,0,0.0000,0.0,0,8.268,0.000,5.137,0.0,0.0,0.0,0,52393.6524,-1.0000
7.366,1336,1322,Running,5,0.00,1,-2,0,0,0.0000,0.0,0,8.268,0.000,5.137,0.0,0.0,0.0,0,9607.3840,-1.0000
7.383,1335,1335,Running,5,0.00,1,-2,0,0,0.0000,0.0,0,8.268,0.000,5.137,0.0,0.0,0.0,0,10646.7009,-1.0000
7.399,1335,1336,Running,5,0.00,1,-2,0,0,0.0000,0.0,0,8.268,0.000,5.137,0.0,0.0,0.0,0,52395.9955,-1.0000
7.416,1336,1353,Running,5,0.00,1,-2,0,0,0.0000,0.0,0,8.268,0.000,5.137,0.0,0.0,0.0,0,53978.2068,-1.0000
7.433,1339,1349,Running,5,0.00,1,-2,0,0,0.0000,0.0,0,8.268,0.000,5.137,0.0,0.0,0.0,0,45405.2817,-1.0000
7.447,1337,1324,Running,5,0.00,1,-2,0,0,0.0000,0.0,0,8.268,0.000,5.137,0.0,0.0,0.0,0,15802.8793,-1.0000
7.466,1335,1323,Running,5,0.00,1,-2,0,0,0.0000,0.0,0,8.268,0.000,5.137,0.0,0.0,0.0,0,24186.1126,-1.0000
7.483,1335,1340,Running,5,0.00,1,-2,0,0,0.0000,0.0,0,8.268,0.000,5.137,0.0,0.0,0.0,0,43095.9656,-1.0000
7.499,1335,1343,Running,5,0.00,1,-2,0,0,0.0000,0.0,0,8.268,0.000,5.137,0.0,0.0,0.0,0,38377.3923,-1.0000
7.516,1338,1356,Running,5,0.00,1,-2,0,0,0.0000,0.0,0,8.268,0.000,5.137,0.0,0.0,0.0,0,58951.5106,-1.0000
7.533,1338,1316,Running,5,0.00,1,-2,0,0,0.0000,0.0,0,8.268,0.000,5.137,0.0,0.0,0.0,0,20080.8164,-1.0000
7.549,1335,1328,Running,5,0.00,1,-2,0,0,0.0000,0.0,0,8.268,0.000,5.137,0.0,0.0,0.0,0,41457.7391,-1.0000
7.566,1334,1331,Running,5,0.00,1,-2,0,0,0.0000,0.0,0,8.268,0.000,5.137,0.0,0.0,0.0,0,7001.4446,-1.0000
7.583,1335,1346,Running,5,0.00,1,-2,0,0,0.0000,0.0,0,8.268,0.000,5.137,0.0,0.0,0.0,0,57870.9235,-1.0000
7.599,1337,1348,Running,5,0.00,1,-2,0,0,0.0000,0.0,0,8.268,0.000,5.137,0.0,0.0,0.0,0,40281.1406,-1.0000
7.616,1339,1338,Running,5,0.00,1,-2,0,0,0.0000,0.0,0,8.268,0.000,5.137,0.0,0.0,0.0,0,71935.3820,-1.0000
7.633,1336,1317,Running,5,0.00,1,-2,0,0,0.0000,0.0,0,8.268,0.000,5.137,0.0,0.0,0.0,0,-9250.5568,-1.0000
7.649,1335,1335,Running,5,0.00,1,-2,0,0,0.0000,0.0,0,8.268,0.000,5.137,0.0,0.0,0.0,0,21160.7866,-1.0000
7.649,1335,1332,Running,5,0.00,1,-2,0,0,0.0000,0.0,0,8.268,0.000,5.137,0.0,0.0,0.0,0,43788.6028,-1.0000
7.649,1336,1353,Running,5,0.00,1,-2,0,0,0.0000,0.0,0,8.268,0.000,5.137,0.0,0.0,0.0,0,57972.8096,-1.0000
7.699,1338,1349,Running,5,0.00,1,-2,0,0,0.0000,0.0,0,8.268,0.000,5.137,0.0,0.0,0.0,0,39635.1101,-1.0000
7.716,1337,1324,Running,5,0.00,1,-2,0,0,0.0000,0.0,0,8.268,0.000,5.137,0.0,0.0,0.0,0,20257.1693,-1.0000
7.733,1335,1321,Running,5,0.00,1,-2,0,0,0.0000,0.0,0,8.268,0.000,5.137,0.0,0.0,0.0,0,33847.8042,-1.0000
7.749,1334,1339,Running,5,0.00,1,-2,0,0,0.0000,0.0,0,8.268,0.000,5.137,0.0,0.0,0.0,0,34104.0596,-1.0000
7.766,1335,1341,Running,5,0.00,1,-2,0,0,0.0000,0.0,0,8.268,0.000,5.137,0.0,0.0,0.0,0,37730.2441,-1.0000
7.783,1337,1356,Running,5,0.00,1,-2,0,0,0.0000,0.0,0,8.268,0.000,5.137,0.0,0.0,0.0,0,58809.2805,-1.0000
7.799,1338,1317,Running,5,0.00,1,-2,0,0,0.0000,0.0,0,8.268,0.000,5.137,0.0,0.0,0.0,0,32236.1679,-1.0000
7.816,1336,1326,Running,5,0.00,1,-2,0,0,0.0000,0.0,0,8.268,0.000,5.137,0.0,0.0,0.0,0,29197.8584,-1.0000
7.833,1335,1332,Running,5,0.00,1,-2,0,0,0.0000,0.0,0,8.268,0.000,5.137,0.0,0.0,0.0,0,3622.6575,-1.0000
7.849,1335,1342,Running,5,0.00,1,-2,0,0,0.0000,0.0,0,8.268,0.000,5.137,0.0,0.0,0.0,0,59316.7882,-1.0000
7.866,1337,1349,Running,5,0.00,1,-2,0,0,0.0000,0.0,0,8.268,0.000,5.137,0.0,0.0,0.0,0,44655.6853,-1.0000
7.883,1339,1347,Running,5,0.00,1,-2,0,0,0.0000,0.0,0,8.268,0.000,5.137,0.0,0.0,0.0,0,58736.4182,-1.0000
7.899,1337,1320,Running,5,0.00,1,-2,0,0,0.0000,0.0,0,8.268,0.000,5.137,0.0,0.0,0.0,0,3822.4394,-1.0000
7.916,1335,1329,Running,5,0.00,1,-2,0,0,0.0000,0.0,0,8.268,0.000,5.137,0.0,0.0,0.0,0,22708.4165,-1.0000
7.933,1335,1336,Running,5,0.00,1,-2,0,0,0.0000,0.0,0,8.268,0.000,5.137,0.0,0.0,0.0,0,43382.1853,-1.0000
7.947,1336,1348,Running,5,0.00,1,-2,0,0,0.0000,0.0,0,8.268,0.000,5.137,0.0,0.0,0.0,0,46694.9604,-1.0000
7.966,1338,1353,Running,5,0.00,1,-2,0,0,0.0000,0.0,0,8.268,0.000,5.137,0.0,0.0,0.0,0,50800.4344,-1.0000
7.983,1338,1319,Running,5,0.00,1,-2,0,0,0.0000,0.0,0,8.268,0.000,5.137,0.0,0.0,0.0,0,18343.0109,-1.0000
7.999,1335,1326,Running,5,0.00,1,-2,0,0,0.0000,0.0,0,8.268,0.000,5.137,0.0,0.0,0.0,0,41481.8149,-1.0000
8.016,1334,1335,Running,5,0.00,1,-2,0,0,0.0000,0.0,0,8.268,0.000,5.137,0.0,0.0,0.0,0,17392.8584,-1.0000
8.033,1335,1345,Running,5,0.00,1,-2,0,0,0.0000,0.0,0,8.268,0.000,5.137,0.0,0.0,0.0,0,49084.5502,-1.0000
8.047,1337,1352,Running,5,0.00,1,-2,0,0,0.0000,0.0,0,8.268,0.000,5.137,0.0,0.0,0.0,0,46711.3213,-1.0000
8.066,1339,1327,Running,5,0.00,1,-2,0,0,0.0000,0.0,0,8.268,0.000,5.137,0.0,0.0,0.0,0,56502.5681,-1.0000
8.083,1336,1321,Running,5,0.00,1,-2,0,0,0.0000,0.0,0,8.268,0.000,5.137,0.0,0.0,0.0,0,5659.5526,-1.0000
8.099,1335,1336,Running,5,0.00,1,-2,0,0,0.0000,0.0,0,8.268,0.000,5.137,0.0,0.0,0.0,0,12530.0043,-1.0000
8.116,1335,1336,Running,5,0.00,1,-2,0,0,0.0000,0.0,0,8.268,0.000,5.137,0.0,0.0,0.0,0,50717.9723,-1.0000
8.133,1336,1354,Running,5,0.00,1,-2,0,0,0.0000,0.0,0,8.268,0.000,5.137,0.0,0.0,0.0,0,55432.4493,-1.0000
8.147,1339,1350,Running,5,0.00,1,-2,0,0,0.0000,0.0,0,8.268,0.000,5.137,0.0,0.0,0.0,0,43568.4913,-1.0000
8.166,1337,1324,Running,5,0.00,1,-2,0,0,0.0000,0.0,0,8.268,0.000,5.137,0.0,0.0,0.0,0,17350.6699,-1.0000
8.183,1335,1323,Running,5,0.00,1,-2,0,0,0.0000,0.0,0,8.268,0.000,5.137,0.0,0.0,0.0,0,25246.2294,-1.0000
8.199,1335,1341,Running,5,0.00,1,-2,0,0,0.0000,0.0,0,8.268,0.000,5.137,0.0,0.0,0.0,0,42457.6374,-1.0000
8.216,1336,1342,Running,5,0.00,1,-2,0,0,0.0000,0.0,0,8.268,0.000,5.137,0.0,0.0,0.0,0,37275.9520,-1.0000
8.233,1338,1357,Running,5,0.00,1,-2,0,0,0.0000,0.0,0,8.268,0.000,5.137,0.0,0.0,0.0,0,60060.7731,-1.0000
8.247,1338,1315,Running,5,0.00,1,-2,0,0,0.0000,0.0,0,8.268,0.000,5.137,0.0,0.0,0.0,0,20930.7410,-1.0000
8.266,1336,1329,Running,5,0.00,1,-2,0,0,0.0000,0.0,0,8.268,0.000,5.137,0.0,0.0,0.0,0,40648.6165,-1.0000
8.283,1335,1331,Running,5,0.00,1,-2,0,0,0.0000,0.0,0,8.268,0.000,5.137,0.0,0.0,0.0,0,5734.5774,-1.0000
8.299,1335,1346,Running,5,0.00,1,-2,0,0,0.0000,0.0,0,8.268,0.000,5.137,0.0,0.0,0.0,0,58865.4225,-1.0000
8.316,1337,1348,Running,5,0.00,1,-2,0,0,0.0000,0.0,0,8.268,0.000,5.137,0.0,0.0,0.0,0,40015.0967,-1.0000
8.333,1339,1340,Running,5,0.00,1,-2,0,0,0.0000,0.0,0,8.268,0.000,5.137,0.0,0.0,0.0,0,72001.9608,-1.0000
8.349,1336,1317,Running,5,0.00,1,-2,0,0,0.0000,0.0,0,8.268,0.000,5.137,0.0,0.0,0.0,0,-9259.2931,-1.0000
8.366,1335,1334,Running,5,0.00,1,-2,0,0,0.0000,0.0,0,8.268,0.000,5.137,0.0,0.0,0.0,0,22002.3673,-1.0000
8.383,1335,1333,Running,5,0.00,1,-2,0,0,0.0000,0.0,0,8.268,0.000,5.137,0.0,0.0,0.0,0,43186.9035,-1.0000
8.399,1336,1352,Running,5,0.00,1,-2,0,0,0.0000,0.0,0,8.268,0.000,5.137,0.0,0.0,0.0,0,57335.3837,-1.0000
8.416,1339,1349,Running,5,0.00,1,-2,0,0,0.0000,0.0,0,8.268,0.000,5.137,0.0,0.0,0.0,0,40294.3700,-1.0000
8.433,1337,1323,Running,5,0.00,1,-2,0,0,0.0000,0.0,0,8.268,0.000,5.137,0.0,0.0,0.0,0,19991.4424,-1.0000
8.450,1335,1321,Running,5,0.00,1,-2,0,0,0.0000,0.0,0,8.268,0.000,5.137,0.0,0.0,0.0,0,35298.0663,-1.0000
8.466,1335,1338,Running,5,0.00,1,-2,0,0,0.0000,0.0,0,8.268,0.000,5.137,0.0,0.0,0.0,0,32023.5108,-1.0000
8.483,1335,1341,Running,5,0.00,1,-2,0,0,0.0000,0.0,0,8.268,0.000,5.137,0.0,0.0,0.0,0,38756.1067,-1.0000
8.499,1337,1355,Running,5,0.00,1,-2,0,0,0.0000,0.0,0,8.268,0.000,5.137,0.0,0.0,0.0,0,57349.1955,-1.0000
8.516,1339,1318,Running,5,0.00,1,-2,0,0,0.0000,0.0,0,8.268,0.000,5.137,0.0,0.0,0.0,0,35391.8803,-1.0000
8.533,1336,1325,Running,5,0.00,1,-2,0,0,0.0000,0.0,0,8.268,0.000,5.137,0.0,0.0,0.0,0,26112.9977,-1.0000
8.549,1335,1332,Running,5,0.00,1,-2,0,0,0.0000,0.0,0,8.268,0.000,5.137,0.0,0.0,0.0,0,4269.8979,-1.0000
8.566,1335,1341,Running,5,0.00,1,-2,0,0,0.0000,0.0,0,8.268,0.000,5.137,0.0,0.0,0.0,0,58281.0383,-1.0000
8.583,1337,1350,Running,5,0.00,1,-2,0,0,0.0000,0.0,0,8.268,0.000,5.137,0.0,0.0,0.0,0,46373.5600,-1.0000
8.599,1339,1348,Running,5,0.00,1,-2,0,0,0.0000,0.0,0,8.268,0.000,5.137,0.0,0.0,0.0,0,56060.0430,-1.0000
8.616,1337,1320,Running,5,0.00,1,-2,0,0,0.0000,0.0,0,8.268,0.000,5.137,0.0,0.0,0.0,0,6306.2394,-1.0000
8.633,1335,1328,Running,5,0.00,1,-2,0,0,0.0000,0.0,0,8.268,0.000,5.137,0.0,0.0,0.0,0,22482.7431,-1.0000
8.650,1335,1337,Running,5,0.00,1,-2,0,0,0.0000,0.0,0,8.268,0.000,5.137,0.0,0.0,0.0,0,43758.2747,-1.0000
8.666,1336,1347,Running,5,0.00,1,-2,0,0,0.0000,0.0,0,8.268,0.000,5.137,0.0,0.0,0.0,0,44907.7671,-1.0000
8.683,1338,1353,Running,5,0.00,1,-2,0,0,0.0000,0.0,0,8.268,0.000,5.137,0.0,0.0,0.0,0,52495.2104,-1.0000
8.700,1338,1318,Running,5,0.00,1,-2,0,0,0.0000,0.0,0,8.268,0.000,5.137,0.0,0.0,0.0,0,18290.4693,-1.0000
8.716,1335,1326,Running,5,0.00,1,-2,0,0,0.0000,0.0,0,8.268,0.000,5.137,0.0,0.0,0.0,0,41952.2735,-1.0000
8.733,1334,1333,Running,5,0.00,1,-2,0,0,0.0000,0.0,0,8.268,0.000,5.137,0.0,0.0,0.0,0,15280.1214,-1.0000
8.750,1335,1345,Running,5,0.00,1,-2,0,0,0.0000,0.0,0,8.268,0.000,5.137,0.0,0.0,0.0,0,50890.3601,-1.0000
8.766,1337,1351,Running,5,0.00,1,-2,0,0,0.0000,0.0,0,8.268,0.000,5.137,0.0,0.0,0.0,0,45139.1614,-1.0000
8.783,1339,1329,Running,5,0.00,1,-2,0,0,0.0000,0.0,0,8.268,0.000,5.137,0.0,0.0,0.0,0,59683.0879,-1.0000
8.799,1336,1320,Running,5,0.00,1,-2,0,0,0.0000,0.0,0,8.268,0.000,5.137,0.0,0.0,0.0,0,2425.5371,-1.0000
8.816,1334,1336,Running,5,0.00,1,-2,0,0,0.0000,0.0,0,8.268,0.000,5.137,0.0,0.0,0.0,0,14256.9802,-1.0000
8.833,1335,1334,Running,5,0.00,1,-2,0,0,0.0000,0.0,0,8.268,0.000,5.137,0.0,0.0,0.0,0,49242.5077,-1.0000
8.850,1336,1354,Running,5,0.00,1,-2,0,0,0.0000,0.0,0,8.268,0.000,5.137,0.0,0.0,0.0,0,56541.8235,-1.0000
8.866,1338,1349,Running,5,0.00,1,-2,0,0,0.0000,0.0,0,8.268,0.000,5.137,0.0,0.0,0.0,0,41934.9639,-1.0000
8.883,1337,1324,Running,5,0.00,1,-2,0,0,0.0000,0.0,0,8.268,0.000,5.137,0.0,0.0,0.0,0,18544.5971,-1.0000
8.899,1335,1322,Running,5,0.00,1,-2,0,0,0.0000,0.0,0,8.268,0.000,5.137,0.0,0.0,0.0,0,26625.5164,-1.0000
8.916,1334,1340,Running,5,0.00,1,-2,0,0,0.0000,0.0,0,8.268,0.000,5.137,0.0,0.0,0.0,0,41508.9661,-1.0000
8.933,1335,1341,Running,5,0.00,1,-2,0,0,0.0000,0.0,0,8.268,0.000,5.137,0.0,0.0,0.0,0,36438.6372,-1.0000
8.950,1338,1357,Running,5,0.00,1,-2,0,0,0.0000,0.0,0,8.268,0.000,5.137,0.0,0.0,0.0,0,60662.5930,-1.0000
8.966,1338,1315,Running,5,0.00,1,-2,0,0,0.0000,0.0,0,8.268,0.000,5.137,0.0,0.0,0.0,0,22350.4627,-1.0000
8.983,1335,1328,Running,5,0.00,1,-2,0,0,0.0000,0.0,0,8.268,0.000,5.137,0.0,0.0,0.0,0,39206.1818,-1.0000
8.999,1334,1330,Running,5,0.00,1,-2,0,0,0.0000,0.0,0,8.268,0.000,5.137,0.0,0.0,0.0,0,4430.7082,-1.0000
9.016,1335,1345,Running,5,0.00,1,-2,0,0,0.0000,0.0,0,8.268,0.000,5.137,0.0,0.0,0.0,0,59736.8318,-1.0000
9.033,1336,1347,Running,5,0.00,1,-2,0,0,0.0000,0.0,0,8.268,0.000,5.137,0.0,0.0,0.0,0,40109.3983,-1.0000
9.050,1339,1342,Running,5,0.00,1,-2,0,0,0.0000,0.0,0,8.268,0.000,5.137,0.0,0.0,0.0,0,69631.7238,-1.0000
9.066,1336,1317,Running,5,0.00,1,-2,0,0,0.0000,0.0,0,8.268,0.000,5.137,0.0,0.0,0.0,0,-6899.5725,-1.0000
9.083,1334,1333,Running,5,0.00,1,-2,0,0,0.0000,0.0,0,8.268,0.000,5.137,0.0,0.0,0.0,0,22833.2879,-1.0000
9.100,1334,1332,Running,5,0.00,1,-2,0,0,0.0000,0.0,0,8.268,0.000,5.137,0.0,0.0,0.0,0,42742.6976,-1.0000
9.116,1335,1351,Running,5,0.00,1,-2,0,0,0.0000,0.0,0,8.268,0.000,5.137,0.0,0.0,0.0,0,55483.6700,-1.0000
9.133,1338,1349,Running,5,0.00,1,-2,0,0,0.0000,0.0,0,8.268,0.000,5.137,0.0,0.0,0.0,0,41976.4437,-1.0000
9.150,1337,1322,Running,5,0.00,1,-2,0,0,0.0000,0.0,0,8.268,0.000,5.137,0.0,0.0,0.0,0,19645.8025,-1.0000
9.166,1335,1322,Running,5,0.00,1,-2,0,0,0.0000,0.0,0,8.268,0.000,5.137,0.0,0.0,0.0,0,37332.1364,-1.0000
9.183,1334,1337,Running,5,0.00,1,-2,0,0,0.0000,0.0,0,8.268,0.000,5.137,0.0,0.0,0.0,0,28554.6243,-1.0000
9.199,1335,1342,Running,5,0.00,1,-2,0,0,0.0000,0.0,0,8.268,0.000,5.137,0.0,0.0,0.0,0,40963.9992,-1.0000
9.216,1337,1354,Running,5,0.00,1,-2,0,0,0.0000,0.0,0,8.268,0.000,5.137,0.0,0.0,0.0,0,54398.0823,-1.0000
9.233,1338,1319,Running,5,0.00,1,-2,0,0,0.0000,0.0,0,8.268,0.000,5.137,0.0,0.0,0.0,0,41006.8032,-1.0000
9.250,1335,1324,Running,5,0.00,1,-2,0,0,0.0000,0.0,0,8.268,0.000,5.137,0.0,0.0,0.0,0,20638.0660,-1.0000
9.266,1334,1333,Running,5,0.00,1,-2,0,0,0.0000,0.0,0,8.268,0.000,5.137,0.0,0.0,0.0,0,6060.9543,-1.0000
9.283,1334,1339,Running,5,0.00,1,-2,0,0,0.0000,0.0,0,8.268,0.000,5.137,0.0,0.0,0.0,0,56378.1989,-1.0000
9.299,1336,1351,Running,5,0.00,1,-2,0,0,0.0000,0.0,0,8.268,0.000,5.137,0.0,0.0,0.0,0,49263.4384,-1.0000
9.316,1338,1348,Running,5,0.00,1,-2,0,0,0.0000,0.0,0,8.268,0.000,5.137,0.0,0.0,0.0,0,51825.9277,-1.0000
9.333,1336,1321,Running,5,0.00,1,-2,0,0,0.0000,0.0,0,8.268,0.000,5.137,0.0,0.0,0.0,0,10161.1963,-1.0000
9.350,1334,1326,Running,5,0.00,1,-2,0,0,0.0000,0.0,0,8.268,0.000,5.137,0.0,0.0,0.0,0,22536.0470,-1.0000
9.366,1334,1338,Running,5,0.00,1,-2,0,0,0.0000,0.0,0,8.268,0.000,5.137,0.0,0.0,0.0,0,43857.5161,-1.0000
9.383,1335,1345,Running,5,0.00,1,-2,0,0,0.0000,0.0,0,8.268,0.000,5.137,0.0,0.0,0.0,0,42241.8156,-1.0000
9.399,1338,1354,Running,5,0.00,1,-2,0,0,0.0000,0.0,0,8.268,0.000,5.137,0.0,0.0,0.0,0,55128.3017,-1.0000
9.416,1337,1317,Running,5,0.00,1,-2,0,0,0.0000,0.0,0,8.268,0.000,5.137,0.0,0.0,0.0,0,18692.4756,-1.0000
9.433,1335,1327,Running,5,0.00,1,-2,0,0,0.0000,0.0,0,8.268,0.000,5.137,0.0,0.0,0.0,0,42123.9108,-1.0000
9.450,1334,1332,Running,5,0.00,1,-2,0,0,0.0000,0.0,0,8.268,0.000,5.137,0.0,0.0,0.0,0,11965.7163,-1.0000
9.466,1335,1346,Running,5,0.00,1,-2,0,0,0.0000,0.0,0,8.268,0.000,5.137,0.0,0.0,0.0,0,53628.8989,-1.0000
9.483,1337,1349,Running,5,0.00,1,-2,0,0,0.0000,0.0,0,8.268,0.000,5.137,0.0,0.0,0.0,0,42938.6624,-1.0000
9.483,1339,1332,Running,5,0.00,1,-2,0,0,0.0000,0.0,0,8.268,0.000,5.137,0.0,0.0,0.0,0,65123.7144,-1.0000
9.516,1336,1318,Running,5,0.00,1,-2,0,0,0.0000,0.0,0,8.268,0.000,5.137,0.0,0.0,0.0,0,-2788.3847,-1.0000
9.533,1334,1336,Running,5,0.00,1,-2,0,0,0.0000,0.0,0,8.268,0.000,5.137,0.0,0.0,0.0,0,17193.7074,-1.0000
9.538,1334,1333,Running,5,0.00,1,-2,0,0,0.0000,0.0,0,8.268,0.000,5.137,0.0,0.0,0.0,0,46797.6510,-1.0000
9.566,1336,1354,Running,5,0.00,1,-2,0,0,0.0000,0.0,0,8.268,0.000,5.137,0.0,0.0,0.0,0,57974.5294,-1.0000
9.583,1338,1349,Running,5,0.00,1,-2,0,0,0.0000,0.0,0,8.268,0.000,5.137,0.0,0.0,0.0,0,40102.4864,-1.0000
9.599,1337,1324,Running,5,0.00,1,-2,0,0,0.0000,0.0,0,8.268,0.000,5.137,0.0,0.0,0.0,0,19638.3638,-1.0000
9.616,1335,1321,Running,5,0.00,1,-2,0,0,0.0000,0.0,0,8.268,0.000,5.137,0.0,0.0,0.0,0,29314.4105,-1.0000
9.633,1334,1340,Running,5,0.00,1,-2,0,0,0.0000,0.0,0,8.268,0.000,5.137,0.0,0.0,0.0,0,39178.1418,-1.0000
9.649,1335,1340,Running,5,0.00,1,-2,0,0,0.0000,0.0,0,8.268,0.000,5.137,0.0,0.0,0.0,0,36129.1223,-1.0000
9.666,1337,1356,Running,5,0.00,1,-2,0,0,0.0000,0.0,0,8.268,0.000,5.137,0.0,0.0,0.0,0,60742.2034,-1.0000
9.683,1338,1315,Running,5,0.00,1,-2,0,0,0.0000,0.0,0,8.268,0.000,5.137,0.0,0.0,0.0,0,25409.8658,-1.0000
9.700,1335,1327,Running,5,0.00,1,-2,0,0,0.0000,0.0,0,8.268,0.000,5.137,0.0,0.0,0.0,0,36129.4250,-1.0000
9.716,1334,1330,Running,5,0.00,1,-2,0,0,0.0000,0.0,0,8.268,0.000,5.137,0.0,0.0,0.0,0,3443.3517,-1.0000
9.733,1334,1344,Running,5,0.00,1,-2,0,0,0.0000,0.0,0,8.268,0.000,5.137,0.0,0.0,0.0,0,60326.3273,-1.0000
9.750,1336,1348,Running,5,0.00,1,-2,0,0,0.0000,0.0,0,8.268,0.000,5.137,0.0,0.0,0.0,0,41214.6687,-1.0000
9.766,1339,1344,Running,5,0.00,1,-2,0,0,0.0000,0.0,0,8.268,0.000,5.137,0.0,0.0,0.0,0,65403.8553,-1.0000
9.783,1336,1318,Running,5,0.00,1,-2,0,0,0.0000,0.0,0,8.268,0.000,5.137,0.0,0.0,0.0,0,-2657.5538,-1.0000
9.800,1334,1331,Running,5,0.00,1,-2,0,0,0.0000,0.0,0,8.268,0.000,5.137,0.0,0.0,0.0,0,23287.8219,-1.0000
9.816,1334,1333,Running,5,0.00,1,-2,0,0,0.0000,0.0,0,8.268,0.000,5.137,0.0,0.0,0.0,0,42566.9284,-1.0000
9.833,1335,1350,Running,5,0.00,1,-2,0,0,0.0000,0.0,0,8.268,0.000,5.137,0.0,0.0,0.0,0,52052.4008,-1.0000
9.850,1338,1350,Running,5,0.00,1,-2,0,0,0.0000,0.0,0,8.268,0.000,5.137,0.0,0.0,0.0,0,45406.0781,-1.0000
9.866,1337,1321,Running,5,0.00,1,-2,0,0,0.0000,0.0,0,8.268,0.000,5.137,0.0,0.0,0.0,0,18900.7126,-1.0000
9.883,1335,1323,Running,5,0.00,1,-2,0,0,0.0000,0.0,0,8.268,0.000,5.137,0.0,0.0,0.0,0,39519.9522,-1.0000
9.900,1334,1336,Running,5,0.00,1,-2,0,0,0.0000,0.0,0,8.268,0.000,5.137,0.0,0.0,0.0,0,23693.1012,-1.0000
9.916,1335,1343,Running,5,0.00,1,-2,0,0,0.0000,0.0,0,8.268,0.000,5.137,0.0,0.0,0.0,0,44395.1877,-1.0000
9.933,1337,1353,Running,5,0.00,1,-2,0,0,0.0000,0.0,0,8.268,0.000,5.137,0.0,0.0,0.0,0,50991.8223,-1.0000
9.950,1338,1322,Running,5,0.00,1,-2,0,0,0.0000,0.0,0,8.268,0.000,5.137,0.0,0.0,0.0,0,47578.7182,-1.0000
9.966,1335,1322,Running,5,0.00,1,-2,0,0,0.0000,0.0,0,8.268,0.000,5.137,0.0,0.0,0.0,0,14277.0999,-1.0000
9.983,1334,1334,Running,5,0.00,1,-2,0,0,0.0000,0.0,0,8.268,0.000,5.137,0.0,0.0,0.0,0,8573.5912,-1.0000
10.000,1334,1337,Running,5,0.00,1,-2,0,0,0.0000,0.0,0,8.268,0.000,5.137,0.0,0.0,0.0,0,54125.8662,-1.0000
10.016,1336,1352,Running,5,0.00,1,-2,0,0,0.0000,0.0,0,8.268,0.000,5.137,0.0,0.0,0.0,0,52086.1069,-1.0000
10.033,1338,1349,Running,5,0.00,1,-2,0,0,0.0000,0.0,0,8.268,0.000,5.137,0.0,0.0,0.0,0,47922.6149,-1.0000
10.050,1337,1322,Running,5,0.00,1,-2,0,0,0.0000,0.0,0,8.268,0.000,5.137,0.0,0.0,0.0,0,13716.3531,-1.0000
10.066,1334,1324,Running,5,0.00,1,-2,0,0,0.0000,0.0,0,8.268,0.000,5.137,0.0,0.0,0.0,0,23136.4023,-1.0000
10.083,1334,1339,Running,5,0.00,1,-2,0,0,0.0000,0.0,0,8.268,0.000,5.137,0.0,0.0,0.0,0,43661.4811,-1.0000
10.100,1335,1343,Running,5,0.00,1,-2,0,0,0.0000,0.0,0,8.268,0.000,5.137,0.0,0.0,0.0,0,39830.2097,-1.0000
10.116,1338,1355,Running,5,0.00,1,-2,0,0,0.0000,0.0,0,8.268,0.000,5.137,0.0,0.0,0.0,0,57556.1623,-1.0000
10.133,1337,1316,Running,5,0.00,1,-2,0,0,0.0000,0.0,0,8.268,0.000,5.137,0.0,0.0,0.0,0,19241.4937,-1.0000
10.150,1335,1328,Running,5,0.00,1,-2,0,0,0.0000,0.0,0,8.268,0.000,5.137,0.0,0.0,0.0,0,41951.2104,-1.0000
10.166,1334,1331,Running,5,0.00,1,-2,0,0,0.0000,0.0,0,8.268,0.000,5.137,0.0,0.0,0.0,0,8816.7685,-1.0000
10.183,1335,1346,Running,5,0.00,1,-2,0,0,0.0000,0.0,0,8.268,0.000,5.137,0.0,0.0,0.0,0,56358.5745,-1.0000
10.200,1337,1348,Running,5,0.00,1,-2,0,0,0.0000,0.0,0,8.268,0.000,5.137,0.0,0.0,0.0,0,41022.5635,-1.0000
10.216,1339,1335,Running,5,0.00,1,-2,0,0,0.0000,0.0,0,8.268,0.000,5.137,0.0,0.0,0.0,0,69775.9560,-1.0000
10.233,1336,1318,Running,5,0.00,1,-2,0,0,0.0000,0.0,0,8.268,0.000,5.137,0.0,0.0,0.0,0,-7260.7693,-1.0000
10.250,1334,1335,Running,5,0.00,1,-2,0,0,0.0000,0.0,0,8.268,0.000,5.137,0.0,0.0,0.0,0,19805.9077,-1.0000
10.266,1334,1332,Running,5,0.00,1,-2,0,0,0.0000,0.0,0,8.268,0.000,5.137,0.0,0.0,0.0,0,44706.7703,-1.0000
10.283,1336,1353,Running,5,0.00,1,-2,0,0,0.0000,0.0,0,8.268,0.000,5.137,0.0,0.0,0.0,0,58365.7570,-1.0000
10.300,1338,1349,Running,5,0.00,1,-2,0,0,0.0000,0.0,0,8.268,0.000,5.137,0.0,0.0,0.0,0,39468.0576,-1.0000
10.316,1337,1324,Running,5,0.00,1,-2,0,0,0.0000,0.0,0,8.268,0.000,5.137,0.0,0.0,0.0,0,20176.2782,-1.0000
10.333,1335,1321,Running,5,0.00,1,-2,0,0,0.0000,0.0,0,8.268,0.000,5.137,0.0,0.0,0.0,0,32089.7857,-1.0000
10.350,1334,1339,Running,5,0.00,1,-2,0,0,0.0000,0.0,0,8.268,0.000,5.137,0.0,0.0,0.0,0,36235.5094,-1.0000
10.366,1335,1340,Running,5,0.00,1,-2,0,0,0.0000,0.0,0,8.268,0.000,5.137,0.0,0.0,0.0,0,36882.9866,-1.0000
10.383,1337,1356,Running,5,0.00,1,-2,0,0,0.0000,0.0,0,8.268,0.000,5.137,0.0,0.0,0.0,0,59819.0947,-1.0000
10.400,1338,1316,Running,5,0.00,1,-2,0,0,0.0000,0.0,0,8.268,0.000,5.137,0.0,0.0,0.0,0,29272.9014,-1.0000
10.416,1335,1326,Running,5,0.00,1,-2,0,0,0.0000,0.0,0,8.268,0.000,5.137,0.0,0.0,0.0,0,32034.7885,-1.0000
10.433,1334,1331,Running,5,0.00,1,-2,0,0,0.0000,0.0,0,8.268,0.000,5.137,0.0,0.0,0.0,0,3242.6822,-1.0000
10.450,1334,1342,Running,5,0.00,1,-2,0,0,0.0000,0.0,0,8.268,0.000,5.137,0.0,0.0,0.0,0,60105.3491,-1.0000
10.466,1336,1348,Running,5,0.00,1,-2,0,0,0.0000,0.0,0,8.268,0.000,5.137,0.0,0.0,0.0,0,42989.9931,-1.0000
10.483,1339,1346,Running,5,0.00,1,-2,0,0,0.0000,0.0,0,8.268,0.000,5.137,0.0,0.0,0.0,0,61122.3603,-1.0000
10.500,1336,1319,Running,5,0.00,1,-2,0,0,0.0000,0.0,0,8.268,0.000,5.137,0.0,0.0,0.0,0,1522.3618,-1.0000
10.516,1334,1330,Running,5,0.00,1,-2,0,0,0.0000,0.0,0,8.268,0.000,5.137,0.0,0.0,0.0,0,23018.8504,-1.0000
10.533,1334,1335,Running,5,0.00,1,-2,0,0,0.0000,0.0,0,8.268,0.000,5.137,0.0,0.0,0.0,0,43020.3975,-1.0000
10.550,1335,1348,Running,5,0.00,1,-2,0,0,0.0000,0.0,0,8.268,0.000,5.137,0.0,0.0,0.0,0,48480.8169,-1.0000
10.566,1338,1351,Running,5,0.00,1,-2,0,0,0.0000,0.0,0,8.268,0.000,5.137,0.0,0.0,0.0,0,49003.8605,-1.0000
10.583,1337,1320,Running,5,0.00,1,-2,0,0,0.0000,0.0,0,8.268,0.000,5.137,0.0,0.0,0.0,0,18461.9542,-1.0000
10.600,1335,1325,Running,5,0.00,1,-2,0,0,0.0000,0.0,0,8.268,0.000,5.137,0.0,0.0,0.0,0,40945.5777,-1.0000
10.616,1334,1335,Running,5,0.00,1,-2,0,0,0.0000,0.0,0,8.268,0.000,5.137,0.0,0.0,0.0,0,19370.1522,-1.0000
10.633,1335,1344,Running,5,0.00,1,-2,0,0,0.0000,0.0,0,8.268,0.000,5.137,0.0,0.0,0.0,0,47694.9842,-1.0000
10.649,1337,1352,Running,5,0.00,1,-2,0,0,0.0000,0.0,0,8.268,0.000,5.137,0.0,0.0,0.0,0,47913.1572,-1.0000
10.666,1338,1325,Running,5,0.00,1,-2,0,0,0.0000,0.0,0,8.268,0.000,5.137,0.0,0.0,0.0,0,53689.8116,-1.0000
10.683,1335,1321,Running,5,0.00,1,-2,0,0,0.0000,0.0,0,8.268,0.000,5.137,0.0,0.0,0.0,0,8215.2154,-1.0000
10.700,1334,1335,Running,5,0.00,1,-2,0,0,0.0000,0.0,0,8.268,0.000,5.137,0.0,0.0,0.0,0,11251.0432,-1.0000
10.716,1334,1336,Running,5,0.00,1,-2,0,0,0.0000,0.0,0,8.268,0.000,5.137,0.0,0.0,0.0,0,51764.2347,-1.0000
10.733,1336,1353,Running,5,0.00,1,-2,0,0,0.0000,0.0,0,8.268,0.000,5.137,0.0,0.0,0.0,0,54493.5856,-1.0000
10.750,1338,1349,Running,5,0.00,1,-2,0,0,0.0000,0.0,0,8.268,0.000,5.137,0.0,0.0,0.0,0,44578.1375,-1.0000
10.766,1337,1323,Running,5,0.00,1,-2,0,0,0.0000,0.0,0,8.268,0.000,5.137,0.0,0.0,0.0,0,16541.9931,-1.0000
10.783,1334,1323,Running,5,0.00,1,-2,0,0,0.0000,0.0,0,8.268,0.000,5.137,0.0,0.0,0.0,0,24549.9475,-1.0000
10.800,1334,1340,Running,5,0.00,1,-2,0,0,0.0000,0.0,0,8.268,0.000,5.137,0.0,0.0,0.0,0,42866.6463,-1.0000
10.816,1335,1342,Running,5,0.00,1,-2,0,0,0.0000,0.0,0,8.268,0.000,5.137,0.0,0.0,0.0,0,37783.1372,-1.0000
10.833,1338,1356,Running,5,0.00,1,-2,0,0,0.0000,0.0,0,8.268,0.000,5.137,0.0,0.0,0.0,0,59552.5659,-1.0000
10.850,1338,1315,Running,5,0.00,1,-2,0,0,0.0000,0.0,0,8.268,0.000,5.137,0.0,0.0,0.0,0,20419.2480,-1.0000
10.866,1335,1328,Running,5,0.00,1,-2,0,0,0.0000,0.0,0,8.268,0.000,5.137,0.0,0.0,0.0,0,41140.9918,-1.0000
10.883,1334,1330,Running,5,0.00,1,-2,0,0,0.0000,0.0,0,8.268,0.000,5.137,0.0,0.0,0.0,0,6256.4161,-1.0000
10.900,1334,1346,Running,5,0.00,1,-2,0,0,0.0000,0.0,0,8.268,0.000,5.137,0.0,0.0,0.0,0,58495.9729,-1.0000
10.916,1336,1347,Running,5,0.00,1,-2,0,0,0.0000,0.0,0,8.268,0.000,5.137,0.0,0.0,0.0,0,40008.8408,-1.0000
10.933,1339,1338,Running,5,0.00,1,-2,0,0,0.0000,0.0,0,8.268,0.000,5.137,0.0,0.0,0.0,0,72262.6759,-1.0000
10.950,1336,1317,Running,5,0.00,1,-2,0,0,0.0000,0.0,0,8.268,0.000,5.137,0.0,0.0,0.0,0,-9588.5930,-1.0000
10.966,1334,1334,Running,5,0.00,1,-2,0,0,0.0000,0.0,0,8.268,0.000,5.137,0.0,0.0,0.0,0,21738.0516,-1.0000
10.983,1334,1332,Running,5,0.00,1,-2,0,0,0.0000,0.0,0,8.268,0.000,5.137,0.0,0.0,0.0,0,43342.5501,-1.0000
11.000,1335,1352,Running,5,0.00,1,-2,0,0,0.0000,0.0,0,8.268,0.000,5.137,0.0,0.0,0.0,0,57539.4515,-1.0000
11.016,1338,1348,Running,5,0.00,1,-2,0,0,0.0000,0.0,0,8.268,0.000,5.137,0.0,0.0,0.0,0,40059.4980,-1.0000
11.033,1337,1322,Running,5,0.00,1,-2,0,0,0.0000,0.0,0,8.268,0.000,5.137,0.0,0.0,0.0,0,19997.2926,-1.0000
11.050,1334,1321,Running,5,0.00,1,-2,0,0,0.0000,0.0,0,8.268,0.000,5.137,0.0,0.0,0.0,0,35072.7132,-1.0000
11.066,1334,1337,Running,5,0.00,1,-2,0,0,0.0000,0.0,0,8.268,0.000,5.137,0.0,0.0,0.0,0,32350.0288,-1.0000
11.083,1335,1340,Running,5,0.00,1,-2,0,0,0.0000,0.0,0,8.268,0.000,5.137,0.0,0.0,0.0,0,38630.7619,-1.0000
11.100,1337,1355,Running,5,0.00,1,-2,0,0,0.0000,0.0,0,8.268,0.000,5.137,0.0,0.0,0.0,0,57378.3576,-1.0000
11.116,1338,1317,Running,5,0.00,1,-2,0,0,0.0000,0.0,0,8.268,0.000,5.137,0.0,0.0,0.0,0,35197.6615,-1.0000
11.133,1335,1324,Running,5,0.00,1,-2,0,0,0.0000,0.0,0,8.268,0.000,5.137,0.0,0.0,0.0,0,26215.5129,-1.0000
11.150,1334,1332,Running,5,0.00,1,-2,0,0,0.0000,0.0,0,8.268,0.000,5.137,0.0,0.0,0.0,0,4225.6311,-1.0000
11.166,1334,1340,Running,5,0.00,1,-2,0,0,0.0000,0.0,0,8.268,0.000,5.137,0.0,0.0,0.0,0,58204.4136,-1.0000
11.183,1336,1349,Running,5,0.00,1,-2,0,0,0.0000,0.0,0,8.268,0.000,5.137,0.0,0.0,0.0,0,46436.2277,-1.0000
11.200,1338,1347,Running,5,0.00,1,-2,0,0,0.0000,0.0,0,8.268,0.000,5.137,0.0,0.0,0.0,0,55800.6145,-1.0000
11.216,1336,1320,Running,6,0.00,1,-2,0,0,0.0000,0.0,0,8.268,0.000,5.137,0.0,0.0,0.0,0,6494.8393,-1.0000
11.233,1334,1327,Running,7,0.00,1,-2,0,0,0.0000,0.0,0,8.268,0.000,5.137,0.0,0.0,0.0,0,22507.7054,-1.0000
11.250,1334,1337,Running,8,0.00,1,-2,0,0,0.0000,0.0,0,8.268,0.000,5.137,0.0,0.0,0.0,0,43900.2533,-1.0000
11.266,1335,1348,Running,8,0.00,1,-2,0,0,0.0000,0.0,0,8.268,0.000,5.137,0.0,0.0,0.0,0,45229.0061,-1.0000
11.283,1338,1358,Running,8,0.00,1,-2,0,0,0.0000,0.0,0,8.268,0.000,5.137,0.0,0.0,0.0,0,55156.0356,-1.0000
11.300,1339,1325,Running,8,0.00,1,-2,0,0,0.0000,0.0,0,8.268,0.000,5.137,0.0,0.0,0.0,0,21496.3808,-1.0000
11.316,1338,1339,Running,7,0.00,1,-2,0,0,0.0000,0.0,0,8.268,0.000,5.137,0.0,0.0,0.0,0,45407.9244,-1.0000
11.333,1339,1355,Running,7,0.00,1,-2,0,0,0.0000,0.0,0,8.268,0.000,5.137,0.0,0.0,0.0,0,22019.3634,-1.0000
11.350,1343,1374,Running,7,0.00,1,-2,0,0,0.0000,0.0,0,8.268,0.000,5.137,0.0,0.0,0.0,0,59487.1509,-1.0000
11.366,1349,1394,Running,7,0.00,1,-2,0,0,0.0000,0.0,0,8.268,0.000,5.137,0.0,0.0,0.0,0,57298.4983,-1.0000
11.383,1356,1368,Running,6,0.00,1,-2,0,0,0.0000,0.0,0,8.268,0.000,5.137,0.0,0.0,0.0,0,61259.0937,-1.0000
11.400,1358,1382,Running,6,0.00,1,-2,0,0,0.0000,0.0,0,8.268,0.000,5.137,0.0,0.0,0.0,0,25078.3364,-1.0000
11.416,1363,1399,Running,6,0.00,1,-2,0,0,0.0000,0.0,0,8.268,0.000,5.137,0.0,0.0,0.0,0,20827.4298,-1.0000
11.433,1370,1424,Running,6,0.00,1,-2,0,0,0.0000,0.0,0,8.268,0.000,5.137,0.0,0.0,0.0,0,76985.7561,-1.0000
11.450,1380,1440,Running,6,0.00,1,-2,0,0,0.0000,0.0,0,8.268,0.000,5.137,0.0,0.0,0.0,0,52939.3099,-1.0000
11.466,1390,1430,Running,6,0.00,1,-2,0,0,0.0000,0.0,0,8.268,0.000,5.137,0.0,0.0,0.0,0,85029.5739,-1.0000
11.483,1395,1431,Running,5,0.00,1,-2,0,0,0.0000,0.0,0,8.268,0.000,5.137,0.0,0.0,0.0,0,10027.0237,-1.0000
11.500,1402,1450,Running,5,0.00,1,-2,0,0,0.0000,0.0,0,8.268,0.000,5.137,0.0,0.0,0.0,0,28739.8801,-1.0000
11.516,1411,1471,Running,5,0.00,1,-2,0,0,0.0000,0.0,0,8.268,0.000,5.137,0.0,0.0,0.0,0,79224.9883,-1.0000
11.533,1421,1485,Running,5,0.00,1,-2,0,0,0.0000,0.0,0,8.268,0.000,5.137,0.0,0.0,0.0,0,54859.1561,-1.0000
11.550,1431,1465,Running,5,0.00,1,-2,0,0,0.0000,0.0,0,8.268,0.000,5.137,0.0,0.0,0.0,0,73111.5078,-1.0000
11.566,1437,1473,Running,5,0.00,1,-2,0,0,0.0000,0.0,0,8.268,0.000,5.137,0.0,0.0,0.0,0,29349.4710,-1.0000
11.583,1443,1482,Running,5,0.00,1,-2,0,0,0.0000,0.0,0,8.268,0.000,5.137,0.0,0.0,0.0,0,21895.9966,-1.0000
11.597,1450,1499,Running,5,0.00,1,-2,0,0,0.0000,0.0,0,8.268,0.000,5.137,0.0,0.0,0.0,0,70383.9888,-1.0000
11.616,1459,1512,Running,5,0.00,1,-2,0,0,0.0000,0.0,0,8.268,0.000,5.137,0.0,0.0,0.0,0,66971.1719,-1.0000
11.633,1465,1478,Running,5,0.00,1,-2,0,0,0.0000,0.0,0,8.268,0.000,5.137,0.0,0.0,0.0,0,36574.6919,-1.0000
11.650,1468,1488,Running,5,0.00,1,-2,0,0,0.0000,0.0,0,8.268,0.000,5.137,0.0,0.0,0.0,0,46245.8554,-1.0000
11.666,1472,1499,Running,5,0.00,1,-2,0,0,0.0000,0.0,0,8.268,0.000,5.137,0.0,0.0,0.0,0,35333.6522,-1.0000
11.683,1476,1503,Running,5,0.00,1,-2,0,0,0.0000,0.0,0,8.268,0.000,5.137,0.0,0.0,0.0,0,48271.5030,-1.0000
11.700,1482,1513,Running,5,0.00,1,-2,0,0,0.0000,0.0,0,8.268,0.000,5.137,0.0,0.0,0.0,0,67987.8443,-1.0000
11.716,1484,1483,Running,5,0.00,1,-2,0,0,0.0000,0.0,0,8.268,0.000,5.137,0.0,0.0,0.0,0,25391.5686,-1.0000
11.733,1483,1481,Running,5,0.00,1,-2,0,0,0.0000,0.0,0,8.268,0.000,5.137,0.0,0.0,0.0,0,35907.0851,-1.0000
11.750,1484,1492,Running,5,0.00,1,-2,0,0,0.0000,0.0,0,8.268,0.000,5.137,0.0,0.0,0.0,0,45787.0183,-1.0000
11.766,1486,1501,Running,5,0.00,1,-2,0,0,0.0000,0.0,0,8.268,0.000,5.137,0.0,0.0,0.0,0,57528.9521,-1.0000
11.783,1488,1497,Running,5,0.00,1,-2,0,0,0.0000,0.0,0,8.268,0.000,5.137,0.0,0.0,0.0,0,49323.0550,-1.0000
11.800,1486,1470,Running,5,0.00,1,-2,0,0,0.0000,0.0,0,8.268,0.000,5.137,0.0,0.0,0.0,0,25454.3745,-1.0000
11.816,1484,1472,Running,5,0.00,1,-2,0,0,0.0000,0.0,0,8.268,0.000,5.137,0.0,0.0,0.0,0,27703.9292,-1.0000
11.833,1482,1470,Running,5,0.00,1,-2,0,0,0.0000,0.0,0,8.268,0.000,5.137,0.0,0.0,0.0,0,44052.4423,-1.0000
11.850,1482,1484,Running,5,0.00,1,-2,0,0,0.0000,0.0,0,8.268,0.000,5.137,0.0,0.0,0.0,0,60471.2299,-1.0000
11.866,1481,1476,Running,5,0.00,1,-2,0,0,0.0000,0.0,0,8.268,0.000,5.137,0.0,0.0,0.0,0,52980.6506,-1.0000
11.883,1477,1444,Running,5,0.00,1,-2,0,0,0.0000,0.0,0,8.268,0.000,5.137,0.0,0.0,0.0,0,12420.2828,-1.0000
11.900,1472,1454,Running,5,0.00,1,-2,0,0,0.0000,0.0,0,8.268,0.000,5.137,0.0,0.0,0.0,0,22999.0877,-1.0000
11.916,1469,1448,Running,5,0.00,1,-2,0,0,0.0000,0.0,0,8.268,0.000,5.137,0.0,0.0,0.0,0,46602.1453,-1.0000
11.933,1467,1458,Running,5,0.00,1,-2,0,0,0.0000,0.0,0,8.268,0.000,5.137,0.0,0.0,0.0,0,55061.1490,-1.0000
11.950,1465,1449,Running,5,0.00,1,-2,0,0,0.0000,0.0,0,8.268,0.000,5.137,0.0,0.0,0.0,0,57666.7927,-1.0000
11.966,1459,1418,Running,5,0.00,1,-2,0,0,0.0000,0.0,0,8.268,0.000,5.137,0.0,0.0,0.0,0,4860.0328,-1.0000
11.983,1453,1428,Running,5,0.00,1,-2,0,0,0.0000,0.0,0,8.268,0.000,5.137,0.0,0.0,0.0,0,20163.6640,-1.0000
12.000,1449,1422,Running,5,0.00,1,99,1,0,0.0000,0.0,0,8.268,0.000,5.137,0.0,0.0,0.0,0,45827.4842,-1.0000
12.016,1443,1392,Running,0,0.00,1,99,1,1,0.6000,0.0,0,7.589,0.000,4.715,56.8,-859.6,0.0,0,52560.7181,-1.0000
12.033,1431,1345,Running,0,0.00,1,99,1,1,0.6000,0.0,0,6.909,0.000,4.293,54.0,-846.2,0.0,0,42809.3913,-1.0000
12.050,1412,1283,Running,0,0.00,1,99,1,1,0.6000,0.0,0,6.224,0.000,3.867,49.0,-790.6,0.0,0,7176.6502,-1.0000
12.066,1389,1242,Running,0,0.00,1,99,1,1,0.6000,0.0,0,5.538,0.000,3.441,45.9,-769.5,0.0,0,17299.5285,-1.0000
12.083,1365,1225,Running,0,0.00,1,99,1,1,0.6000,0.0,0,4.851,0.000,3.014,44.0,-770.7,0.0,0,26058.4283,-1.0000
12.100,1341,1193,Running,0,0.00,1,99,1,1,0.6000,0.0,0,4.165,0.000,2.588,42.0,-769.1,0.0,0,23090.9220,-1.0000
12.116,1316,1163,Running,0,0.00,1,99,1,1,0.6000,0.0,0,3.478,0.000,2.161,40.1,-769.8,0.0,0,27430.7118,-1.0000
12.133,1290,1126,Running,0,0.00,1,99,1,1,0.6000,0.0,0,2.791,0.000,1.734,38.1,-763.4,0.0,0,39456.0650,-1.0000
12.150,1259,1077,Running,0,0.00,1,99,1,1,0.6000,0.0,0,2.100,0.000,1.305,34.2,-713.2,0.0,0,-17996.9786,-1.0000
12.166,1228,1046,Running,0,0.00,1,99,1,1,0.6000,0.0,0,1.408,0.000,0.875,32.3,-707.2,0.0,0,17631.0355,-1.0000
12.183,1199,1024,Running,0,0.00,1,99,1,1,0.6000,0.0,0,0.717,0.000,0.445,31.0,-711.7,0.0,0,-17283.3739,-1.0000
12.200,1171,999,Running,0,0.00,1,99,1,1,0.6000,0.0,0,0.026,0.000,0.016,29.8,-716.8,0.0,0,24477.4534,-1.0000
12.216,1144,987,Running,0,0.00,1,99,1,1,0.6000,0.0,0,0.000,0.000,0.000,28.7,-708.7,0.0,0,17497.1717,-1.0000
12.233,1119,971,Running,0,0.00,1,99,1,1,0.6000,0.0,0,0.000,0.000,0.000,27.7,-685.4,0.0,0,19442.8590,-1.0000
12.250,1094,936,Running,0,0.00,1,99,1,1,0.6000,0.0,0,0.000,0.000,0.000,26.3,-649.3,0.0,0,21178.2768,-1.0000
12.266,1063,886,Running,0,0.00,1,99,1,1,0.6000,0.0,0,0.000,0.000,0.000,23.2,-573.2,0.0,0,-28495.8375,-1.0000
12.283,1034,868,Running,5,0.00,1,99,1,1,0.6000,0.0,0,0.000,0.000,0.000,22.0,-543.2,0.0,0,16726.1865,-1.0000
12.300,1007,852,Running,5,0.00,1,99,1,1,0.6000,0.0,0,0.000,0.000,0.000,21.2,-523.4,0.0,0,-23064.1706,-1.0000
12.316,983,840,Running,5,0.00,1,99,1,1,0.6000,0.0,0,0.000,0.000,0.000,20.8,-513.7,0.0,0,9543.1591,-1.0000
12.333,960,822,Running,6,0.00,1,99,1,1,0.6000,0.0,0,0.000,0.000,0.000,20.1,-496.2,0.0,0,8096.3420,-1.0000
12.350,940,815,Running,6,0.00,1,99,1,1,0.6000,0.0,0,0.000,0.000,0.000,19.7,-487.7,0.0,0,6238.5146,-1.0000
12.366,922,808,Running,7,0.00,1,99,1,1,0.6000,0.0,0,0.000,0.000,0.000,19.5,-481.7,0.0,0,11857.4476,-1.0000
12.383,904,793,Running,8,0.00,1,99,1,1,0.6000,0.0,0,0.000,0.000,0.000,18.9,-467.1,0.0,0,11741.2781,-1.0000
12.400,885,740,Running,8,0.00,1,99,1,1,0.6000,0.0,0,0.000,0.000,0.000,17.4,-429.7,0.0,0,8343.0527,-1.0000
12.416,861,744,Running,9,0.00,1,99,1,1,0.6000,0.0,0,0.000,0.000,0.000,15.4,-379.9,0.0,0,-21166.5795,-1.0000
12.433,841,744,Running,11,0.00,1,99,1,1,0.6000,0.0,0,0.000,0.000,0.000,15.4,-379.4,0.0,0,12013.0246,-1.0000
12.450,825,735,Running,11,0.00,1,99,1,1,0.6000,0.0,0,0.000,0.000,0.000,15.6,-385.8,0.0,0,-24163.3103,-1.0000
12.466,814,744,Running,11,0.00,1,99,1,1,0.6000,0.0,0,0.000,0.000,0.000,16.3,-402.8,0.0,0,1952.1881,-1.0000
12.483,806,758,Running,12,0.00,1,99,1,1,0.6000,0.0,0,0.000,0.000,0.000,16.8,-415.1,0.0,0,23342.0035,-1.0000
12.500,802,797,Running,11,0.00,1,99,1,1,0.6000,0.0,0,0.000,0.000,0.000,17.5,-433.1,0.0,0,20276.7058,-1.0000
12.516,803,835,Running,11,0.00,1,99,1,1,0.6000,0.0,0,0.000,0.000,0.000,18.8,-465.3,0.0,0,27639.8809,-1.0000
12.533,809,859,Running,10,0.00,1,99,1,1,0.6000,0.0,0,0.000,0.000,0.000,20.2,-498.3,0.0,0,31014.9680,-1.0000
12.550,815,838,Running,9,0.00,1,99,1,1,0.6000,0.0,0,0.000,0.000,0.000,20.8,-514.5,0.0,0,54670.9680,-1.0000
12.566,813,828,Running,9,0.00,1,99,1,1,0.6000,0.0,0,0.000,0.000,0.000,18.7,-461.0,0.0,0,-35548.3182,-1.0000
12.583,818,871,Running,8,0.00,1,99,1,1,0.6000,0.0,0,0.000,0.000,0.000,20.4,-503.6,0.0,0,26654.2675,-1.0000
12.600,829,922,Running,7,0.00,1,99,1,1,0.6000,0.0,0,0.000,0.000,0.000,22.9,-566.1,0.0,0,6070.5053,-1.0000
12.611,847,976,Running,7,0.00,1,99,1,1,0.6000,0.0,0,0.000,0.000,0.000,25.8,-637.7,0.0,0,54337.6196,-1.0000
12.633,870,1030,Running,6,0.00,1,99,1,1,0.6000,0.0,0,0.000,0.000,0.000,28.6,-705.7,0.0,0,60679.7032,-1.0000
12.650,898,1081,Running,5,0.00,1,99,1,1,0.6000,0.0,0,0.000,0.000,0.000,31.8,-785.3,0.0,0,67150.6943,-1.0000
12.666,929,1108,Running,5,0.00,1,99,1,1,0.6000,0.0,0,0.000,0.000,0.000,34.6,-854.5,0.0,0,56124.9897,-1.0000
12.683,954,1064,Running,5,0.00,1,99,1,1,0.6000,0.0,0,0.000,0.000,0.000,34.6,-855.3,0.0,0,50929.0722,-1.0000
12.700,975,1115,Running,0,0.00,1,99,1,1,0.6000,0.0,0,0.000,0.000,0.000,34.2,-844.5,0.0,0,26668.2228,-1.0000
12.716,1000,1168,Running,0,0.00,1,99,1,1,0.6000,0.0,0,0.000,0.000,0.000,37.3,-921.5,0.0,0,50427.2361,-1.0000
12.733,1028,1195,Running,0,0.00,1,99,1,1,0.6000,0.0,0,0.000,0.000,0.000,40.3,-994.7,0.0,0,72807.5437,-1.0000
12.750,1058,1239,Running,0,0.00,1,99,1,1,0.6000,0.0,0,0.000,0.000,0.000,42.8,-1056.5,0.0,0,68684.2683,-1.0000
12.766,1088,1268,Running,0,0.00,1,99,1,1,0.6000,0.0,0,0.000,0.000,0.000,45.3,-1120.2,0.0,0,100645.4130,-1.0000
12.783,1113,1213,Running,0,0.00,1,99,1,1,0.6000,0.0,0,0.000,0.000,0.000,45.1,-1113.9,0.0,0,50629.7707,-1.0000
12.800,1130,1241,Running,0,0.00,1,99,1,1,0.6000,0.0,0,0.000,0.000,0.000,43.2,-1068.3,0.0,0,35984.2388,-1.0000
12.816,1149,1260,Running,0,0.00,1,99,1,1,0.6000,0.0,0,0.000,0.000,0.000,44.9,-1110.4,0.0,0,37451.1805,-1.0000
12.833,1167,1273,Running,0,0.00,1,99,1,1,0.6000,0.0,0,0.000,0.000,0.000,46.2,-1140.9,0.0,0,69653.5386,-1.0000
12.850,1185,1294,Running,0,0.00,1,99,1,1,0.6000,0.0,0,0.000,0.000,0.000,47.5,-1172.3,0.0,0,86759.3291,-1.0000
12.866,1201,1287,Running,0,0.00,1,99,1,1,0.6000,0.0,0,0.000,0.000,0.000,48.0,-1186.7,0.0,0,52614.1481,-1.0000
12.883,1209,1241,Running,0,0.00,1,99,1,1,0.6000,0.0,0,0.000,0.000,0.000,45.4,-1122.1,0.0,0,33625.7516,-1.0000
12.900,1214,1236,Running,0,0.00,1,99,1,1,0.6000,0.0,0,0.000,0.000,0.000,44.2,-1092.1,0.0,0,44776.1740,-1.0000
12.916,1218,1244,Running,0,0.00,1,99,1,1,0.6000,0.0,0,0.000,0.000,0.000,44.4,-1097.1,0.0,0,30060.0985,-1.0000
12.933,1222,1249,Running,0,0.00,1,99,1,1,0.6000,0.0,0,0.000,0.000,0.000,44.6,-1101.2,0.0,0,64458.4411,-1.0000
12.950,1226,1238,Running,0,0.00,1,99,1,1,0.6000,0.0,0,0.000,0.000,0.000,44.6,-1101.0,0.0,0,42680.1879,-1.0000
12.966,1227,1221,Running,0,0.00,1,99,1,1,0.6000,0.0,0,0.000,0.000,0.000,44.0,-1086.6,0.0,0,68263.3630,-1.0000
12.983,1220,1175,Running,0,0.00,1,99,1,1,0.6000,0.0,0,0.000,0.000,0.000,40.4,-999.1,0.0,0,-2813.6128,-1.0000
13.000,1212,1159,Running,0,0.00,1,99,1,1,0.6000,0.0,0,0.000,0.000,0.000,39.3,-971.3,0.0,0,23629.3648,-1.0000
13.016,1205,1163,Running,0,0.00,1,99,1,1,0.6000,0.0,0,0.000,0.000,0.000,39.0,-964.4,0.0,0,30943.4793,-1.0000
13.033,1198,1160,Running,0,0.00,1,99,1,1,0.6000,0.0,0,0.000,0.000,0.000,38.6,-953.4,0.0,0,41484.8107,-1.0000
13.050,1191,1143,Running,0,0.00,1,99,1,1,0.6000,0.0,0,0.000,0.000,0.000,38.2,-943.6,0.0,0,32979.6624,-1.0000
13.066,1183,1125,Running,0,0.00,1,99,1,1,0.6000,0.0,0,0.000,0.000,0.000,37.3,-921.9,0.0,0,35751.7298,-1.0000
13.083,1168,1073,Running,0,0.00,1,99,1,1,0.6000,0.0,0,0.000,0.000,0.000,34.2,-846.0,0.0,0,2599.6494,-1.0000
13.100,1152,1067,Running,1,0.00,1,99,1,1,0.6000,0.0,0,0.000,0.000,0.000,32.7,-807.9,0.0,0,31519.6493,-1.0000
13.116,1138,1057,Running,3,0.00,1,99,1,1,0.6000,0.0,0,0.000,0.000,0.000,32.1,-794.1,0.0,0,-16515.2345,-1.0000
13.133,1124,1036,Running,3,0.00,1,99,1,1,0.6000,29.5,0,0.004,0.320,0.002,31.7,-781.9,0.0,0,36728.0636,-1.0000
13.150,1111,1030,Running,4,0.00,1,99,1,1,0.6000,29.5,0,0.011,0.320,0.007,31.0,-766.4,0.0,0,22729.9543,-1.0000
13.166,1099,1025,Running,5,0.00,1,99,1,1,0.6000,29.5,0,0.020,0.320,0.013,30.7,-757.2,0.0,0,30747.1862,-1.0000
13.183,1086,1001,Running,5,0.00,1,99,1,1,0.6000,29.5,0,0.031,0.320,0.019,29.8,-734.4,0.0,0,35504.5160,-1.0000
13.200,1067,957,Running,5,0.00,1,99,1,1,0.6000,29.5,0,0.043,0.320,0.027,26.7,-658.5,0.0,0,-19531.4921,-1.0000
13.216,1048,952,Running,6,0.00,1,99,1,1,0.6000,29.5,0,0.056,0.320,0.035,25.8,-635.4,0.0,0,25084.6613,-1.0000
13.233,1032,952,Running,6,0.00,1,99,1,1,0.6000,29.5,0,0.069,0.320,0.043,25.5,-627.8,0.0,0,-20807.6113,-1.0000
13.250,1018,948,Running,6,0.00,1,99,1,1,0.6000,29.5,0,0.082,0.320,0.051,25.6,-628.3,0.0,0,32578.0094,-1.0000
13.266,1006,948,Running,6,0.00,1,99,1,1,0.6000,29.5,0,0.096,0.320,0.060,25.3,-621.8,0.0,0,19538.9604,-1.0000
13.283,996,949,Running,6,0.00,1,99,1,1,0.6000,29.5,0,0.109,0.320,0.068,25.6,-626.3,0.0,0,24068.1191,-1.0000
13.300,988,939,Running,6,0.00,1,99,1,1,0.6000,29.5,0,0.122,0.320,0.076,25.5,-624.3,0.0,0,22823.7585,-1.0000
13.316,977,885,Running,6,0.00,1,99,1,1,0.6000,29.5,0,0.134,0.320,0.083,24.3,-595.4,0.0,0,24108.0180,-1.0000
13.333,961,880,Running,6,0.00,1,99,1,1,0.6000,29.5,0,0.146,0.320,0.091,22.0,-537.6,0.0,0,-16703.6077,-1.0000
13.350,949,887,Running,7,0.00,1,99,1,1,0.6000,29.5,0,0.158,0.320,0.098,22.2,-541.8,0.0,0,20704.3074,-1.0000
13.366,939,902,Running,7,0.00,1,99,1,1,0.6000,29.5,0,0.168,0.320,0.105,22.7,-552.3,0.0,0,-20543.2864,-1.0000
13.383,933,910,Running,7,0.00,1,99,1,1,0.6000,29.5,0,0.179,0.320,0.111,23.3,-568.6,0.0,0,39793.8368,-1.0000
13.400,930,925,Running,7,0.00,1,99,1,1,0.6000,29.5,0,0.189,0.320,0.117,23.8,-580.4,0.0,0,24805.6724,-1.0000
13.416,929,940,Running,7,0.00,1,99,1,1,0.6000,29.5,0,0.198,0.320,0.123,24.8,-603.3,0.0,0,30132.1628,-1.0000
13.433,931,941,Running,7,0.00,1,99,1,1,0.6000,29.5,0,0.207,0.320,0.128,25.4,-618.3,0.0,0,29382.8624,-1.0000
13.450,930,888,Running,7,0.00,1,99,1,1,0.6000,29.5,0,0.215,0.320,0.133,24.7,-599.6,0.0,0,30517.8627,-1.0000
13.466,924,896,Running,7,0.00,1,99,1,1,0.6000,29.5,0,0.222,0.320,0.138,22.7,-550.8,0.0,0,-12752.3495,-1.0000
13.483,921,915,Running,7,0.00,1,99,1,1,0.6000,29.5,0,0.230,0.320,0.143,23.6,-572.3,0.0,0,27303.8238,-1.0000
13.500,922,940,Running,7,0.00,1,99,1,1,0.6000,29.5,0,0.236,0.320,0.147,24.8,-601.2,0.0,0,-7099.5554,-1.0000
13.516,926,955,Running,8,0.00,1,99,1,1,0.6000,29.5,0,0.242,0.320,0.151,26.0,-632.2,0.0,0,45713.2224,-1.0000
13.533,934,980,Running,9,0.00,1,99,1,1,0.6000,29.5,0,0.248,0.320,0.154,27.3,-662.4,0.0,0,33830.8127,-1.0000
13.550,944,1005,Running,9,0.00,1,99,1,1,0.6000,29.5,0,0.254,0.320,0.158,28.8,-699.7,0.0,0,40626.2820,-1.0000
13.566,955,1018,Running,10,0.00,1,99,1,1,0.6000,29.5,0,0.259,0.320,0.161,29.8,-723.9,0.0,0,47470.9508,-1.0000
13.583,960,972,Running,10,0.00,1,99,1,1,0.6000,29.5,0,0.263,0.320,0.164,27.9,-676.7,0.0,0,14059.0542,-1.0000
13.600,964,1007,Running,10,0.00,1,99,1,1,0.6000,29.5,0,0.268,0.320,0.166,28.0,-679.1,0.0,0,33698.8529,-1.0000
13.616,972,1046,Running,10,0.00,1,99,1,1,0.6000,29.5,0,0.272,0.320,0.169,29.9,-725.0,0.0,0,15461.3562,-1.0000
13.633,985,1075,Running,11,0.00,1,99,1,1,0.6000,29.5,0,0.275,0.320,0.171,32.1,-778.7,0.0,0,59850.0770,-1.0000
13.650,1001,1104,Running,11,0.00,1,99,1,1,0.6000,29.5,0,0.279,0.320,0.173,34.1,-828.6,0.0,0,46850.1743,-1.0000
13.666,1021,1144,Running,11,0.00,1,99,1,1,0.6000,29.5,0,0.282,0.320,0.175,36.7,-890.0,0.0,0,58496.9603,-1.0000
13.683,1042,1157,Running,11,0.00,1,99,1,1,0.6000,29.5,0,0.285,0.320,0.177,38.7,-938.9,0.0,0,91512.4125,-1.0000
13.700,1055,1135,Running,11,0.00,1,99,1,1,0.6000,29.5,0,0.288,0.320,0.179,36.5,-885.2,0.0,0,6783.0487,-1.0000
13.716,1070,1168,Running,12,0.00,1,99,1,1,0.6000,29.5,0,0.290,0.320,0.180,38.3,-928.6,0.0,0,47750.1052,-1.0000
13.733,1090,1224,Running,12,0.00,1,99,1,1,0.6000,29.5,0,0.293,0.320,0.182,41.4,-1005.4,0.0,0,57495.7221,-1.0000
13.750,1114,1271,Running,12,0.00,1,99,1,1,0.6000,29.5,0,0.295,0.320,0.183,44.7,-1085.2,0.0,0,99594.4151,-1.0000
13.766,1141,1312,Running,12,0.00,1,99,1,1,0.6000,29.5,0,0.297,0.320,0.184,48.0,-1167.6,0.0,0,70439.1465,-1.0000
13.783,1170,1316,Running,12,0.00,1,99,1,1,0.6000,29.5,0,0.298,0.320,0.185,50.8,-1236.2,0.0,0,141603.1617,-1.0000
13.800,1190,1310,Running,12,0.00,1,99,1,1,0.6000,29.5,0,0.300,0.320,0.187,48.5,-1179.8,0.0,0,-8590.1789,-1.0000
13.816,1213,1369,Running,12,0.00,1,99,1,1,0.6000,29.5,0,0.302,0.320,0.187,51.7,-1257.1,0.0,0,76632.5740,-1.0000
13.833,1240,1406,Running,13,0.00,1,99,1,1,0.6000,29.5,0,0.303,0.320,0.188,55.5,-1349.3,0.0,0,99451.8145,-1.0000
13.850,1270,1461,Running,13,0.00,1,99,1,1,0.6000,29.5,0,0.304,0.320,0.189,59.4,-1445.2,0.0,0,133126.1352,-1.0000
13.866,1302,1491,Running,13,0.00,1,99,1,1,0.6000,29.5,0,0.306,0.320,0.190,63.0,-1533.9,0.0,0,101183.9016,-1.0000
13.883,1326,1458,Running,13,0.00,1,99,1,1,0.6000,29.5,0,0.307,0.320,0.191,61.2,-1489.5,0.0,0,54657.1016,-1.0000
13.900,1351,1513,Running,13,0.00,1,99,1,1,0.6000,29.5,0,0.308,0.320,0.191,63.6,-1549.1,0.0,0,96468.4769,-1.0000
13.916,1379,1556,Running,13,0.00,1,99,1,1,0.6000,29.5,0,0.309,0.320,0.192,67.6,-1645.5,0.0,0,115266.9840,-1.0000
13.933,1409,1596,Running,13,0.00,1,99,1,1,0.6000,29.5,0,0.310,0.320,0.192,71.6,-1745.0,0.0,0,133876.2401,-1.0000
13.950,1440,1575,Running,13,0.00,1,99,1,1,0.6000,29.5,0,0.311,0.320,0.193,74.4,-1813.9,0.0,0,160651.2846,-1.0000
13.966,1462,1602,Running,13,0.00,1,99,1,1,0.6000,29.5,0,0.311,0.320,0.193,72.0,-1754.5,0.0,0,58304.1372,-1.0000
13.983,1486,1644,Running,14,0.00,1,99,1,1,0.6000,29.5,0,0.312,0.320,0.194,75.7,-1844.4,0.0,0,95543.4863,-1.0000
14.000,1513,1682,Running,14,0.00,1,99,1,1,0.6000,29.5,0,0.313,0.320,0.194,79.3,-1934.6,0.0,0,135730.9465,-1.0000
14.016,1542,1712,Running,15,0.00,1,99,1,1,0.6000,29.5,0,0.313,0.320,0.195,83.2,-2028.8,0.0,0,149696.4944,-1.0000
14.033,1563,1674,Running,15,0.00,1,99,1,1,0.6000,29.5,0,0.314,0.320,0.195,81.2,-1980.8,0.0,0,80577.2541,-1.0000
14.050,1584,1715,Running,15,0.00,1,99,1,1,0.6000,29.5,0,0.314,0.320,0.195,83.0,-2024.4,0.0,0,123857.4778,-1.0000
14.066,1607,1752,Running,16,0.00,1,99,1,1,0.6000,29.5,0,0.315,0.320,0.196,86.8,-2116.3,0.0,0,160152.6556,-1.0000
14.083,1633,1792,Running,16,0.00,1,99,1,1,0.6000,29.5,0,0.315,0.320,0.196,90.7,-2214.0,0.0,0,161070.7281,-1.0000
14.100,1654,1753,Running,16,0.00,1,99,1,1,0.6000,29.5,0,0.316,0.320,0.196,90.0,-2196.2,0.0,0,90238.6831,-1.0000
14.116,1672,1795,Running,16,0.00,1,99,1,1,0.6000,29.5,0,0.316,0.320,0.196,90.7,-2212.0,0.0,0,130260.9000,-1.0000
14.133,1694,1831,Running,16,0.00,1,99,1,1,0.6000,29.5,0,0.316,0.320,0.196,94.7,-2311.6,0.0,0,171105.8189,-1.0000
14.150,1719,1870,Running,16,0.00,1,99,1,1,0.6000,29.5,0,0.316,0.320,0.197,98.9,-2414.2,0.0,0,167685.1845,-1.0000
14.166,1738,1829,Running,16,0.00,1,99,1,1,0.6000,29.5,0,0.317,0.320,0.197,98.0,-2391.5,0.0,0,94759.8947,-1.0000
14.183,1756,1869,Running,16,0.00,1,99,1,1,0.6000,29.5,0,0.317,0.320,0.197,98.8,-2412.3,0.0,0,141309.9443,-1.0000
14.200,1776,1906,Running,16,0.00,1,99,1,1,0.6000,29.5,0,0.317,0.320,0.197,102.8,-2509.7,0.0,0,172772.4018,-1.0000
14.216,1799,1939,Running,16,0.00,1,99,1,1,0.6000,29.5,0,0.317,0.320,0.197,106.9,-2610.0,0.0,0,180722.5075,-1.0000
14.233,1815,1906,Running,16,0.00,1,99,1,1,0.6000,29.5,0,0.318,0.320,0.197,104.3,-2546.6,0.0,0,105702.2669,-1.0000
14.250,1832,1943,Running,16,0.00,1,99,1,1,0.6000,29.5,0,0.318,0.320,0.198,106.4,-2599.6,0.0,0,159498.4654,-1.0000
14.266,1851,1975,Running,16,0.00,1,99,1,1,0.6000,29.5,0,0.318,0.320,0.198,110.2,-2692.2,0.0,0,196040.6201,-1.0000
14.283,1871,1951,Running,16,0.00,1,99,1,1,0.6000,29.5,0,0.318,0.320,0.198,113.2,-2765.5,0.0,0,212628.4578,-1.0000
14.300,1883,1962,Running,16,0.00,1,99,1,1,0.6000,29.5,0,0.318,0.320,0.198,109.6,-2676.2,0.0,0,73941.9141,-1.0000
14.316,1899,1997,Running,16,0.00,1,99,1,1,0.6000,29.5,0,0.318,0.320,0.198,113.1,-2762.5,0.0,0,166972.8447,-1.0000
14.333,1916,2032,Running,16,0.00,1,99,1,1,0.6000,29.5,0,0.319,0.320,0.198,116.7,-2851.3,0.0,0,193964.9265,-1.0000
14.350,1930,1984,Running,16,0.00,1,99,1,1,0.6000,29.5,0,0.319,0.320,0.198,116.3,-2841.9,0.0,0,147587.8733,-1.0000
14.366,1941,2012,Running,16,0.00,1,99,1,1,0.6000,29.5,0,0.319,0.320,0.198,115.1,-2813.1,0.0,0,145808.4675,-1.0000
14.383,1954,2042,Running,16,0.00,1,99,1,1,0.6000,29.5,0,0.319,0.320,0.198,118.4,-2892.7,0.0,0,183099.8688,-1.0000
14.400,1970,2052,Running,16,0.00,1,99,1,1,0.6000,29.5,0,0.319,0.320,0.198,121.6,-2971.7,0.0,0,212010.2021,-1.0000
14.416,1977,2024,Running,16,0.00,1,99,1,1,0.6000,552.2,0,0.389,6.000,0.242,117.4,-2861.0,0.0,0,123144.1569,-1.0000
14.433,1987,2047,Running,16,0.00,1,99,1,1,0.6000,552.2,0,0.513,6.000,0.319,119.5,-2902.4,0.0,0,157738.4781,-1.0000
14.450,1998,2078,Running,16,0.00,1,99,1,1,0.6000,552.2,0,0.677,6.000,0.421,122.5,-2958.7,0.0,0,185486.7909,-1.0000
14.466,2008,2030,Running,16,0.00,1,99,1,1,0.6000,552.2,0,0.870,6.000,0.541,122.2,-2932.6,0.0,0,161177.5667,-1.0000
14.483,2013,2052,Running,16,0.00,1,99,1,1,0.6000,552.2,0,1.084,6.000,0.674,119.9,-2856.8,0.0,0,142533.3507,-1.0000
14.500,2021,2075,Running,16,0.00,1,99,1,1,0.6000,552.2,0,1.311,6.000,0.815,122.7,-2900.0,0.0,0,181317.4314,-1.0000
14.516,2031,2082,Running,16,0.00,1,99,1,1,0.6000,552.2,0,1.545,6.000,0.960,125.4,-2942.3,0.0,0,211526.3989,-1.0000
14.533,2033,2051,Running,16,0.00,1,99,1,1,0.6000,552.2,0,1.783,6.000,1.108,120.8,-2806.7,0.0,0,123661.1605,-1.0000
14.550,2038,2071,Running,16,0.00,1,99,1,1,0.6000,552.2,0,2.019,6.000,1.255,122.5,-2825.0,0.0,0,152963.8535,-1.0000
14.566,2045,2099,Running,17,0.00,1,99,1,1,0.6000,552.2,0,2.253,6.000,1.400,125.2,-2864.0,0.0,0,188573.6385,-1.0000
14.583,2050,2048,Running,17,0.00,1,99,1,1,0.6000,552.2,0,2.480,6.000,1.541,124.2,-2818.6,0.0,0,151962.3329,-1.0000
14.600,2051,2069,Running,18,0.00,1,99,1,1,0.6000,552.2,0,2.701,6.000,1.678,122.2,-2747.3,0.0,0,143185.5433,-1.0000
14.616,2056,2096,Running,18,0.00,1,99,1,1,0.6000,684.7,0,2.931,7.440,1.821,124.9,-2787.8,0.0,0,186111.6509,-1.0000
14.633,2064,2087,Running,18,0.00,1,99,1,1,0.6000,684.7,0,3.165,7.440,1.967,127.5,-2825.9,0.0,0,244048.8518,-1.0000
14.650,2064,2071,Running,18,0.00,1,99,1,1,0.6000,684.7,0,3.400,7.440,2.113,122.8,-2691.7,0.0,0,85288.3251,-1.0000
14.666,2067,2101,Running,18,0.00,1,99,1,1,0.6000,684.7,0,3.633,7.440,2.258,125.5,-2729.7,0.0,0,168171.5126,-1.0000
14.683,2075,2131,Running,18,0.00,1,99,1,1,0.6000,684.7,0,3.861,7.440,2.399,128.8,-2783.0,0.0,0,215671.1965,-1.0000
14.700,2079,2080,Running,18,0.00,1,99,1,1,0.6000,684.7,0,4.083,7.440,2.537,127.3,-2726.3,0.0,0,130838.1832,-1.0000
14.716,2082,2115,Running,18,0.00,1,99,1,1,0.6000,684.7,0,4.297,7.440,2.670,126.8,-2691.9,0.0,0,168791.4964,-1.0000
14.733,2089,2141,Running,18,0.00,1,99,1,1,0.6000,684.7,0,4.502,7.440,2.797,130.2,-2748.0,0.0,0,222843.7118,-1.0000
14.750,2097,2105,Running,18,0.00,1,99,1,1,0.6000,684.7,0,4.698,7.440,2.919,132.4,-2777.2,0.0,0,214542.9709,-1.0000
14.766,2100,2130,Running,19,0.00,1,99,1,1,0.6000,684.7,0,4.884,7.440,3.035,128.5,-2669.4,0.0,0,92001.6491,-1.0000
14.783,2106,2153,Running,19,0.00,1,99,1,1,0.6000,684.7,0,5.060,7.440,3.144,132.0,-2731.2,0.0,0,240357.4732,-1.0000
14.800,2116,2181,Running,19,0.00,1,99,1,1,0.6000,684.7,0,5.227,7.440,3.248,135.6,-2794.2,0.0,0,202603.8664,-1.0000
14.816,2120,2142,Running,19,0.00,1,99,1,1,0.6000,824.6,0,5.402,8.960,3.357,132.1,-2696.9,0.0,0,142506.3991,-1.0000
14.833,2125,2166,Running,19,0.00,1,99,1,1,0.6000,824.6,0,5.583,8.960,3.469,133.8,-2716.5,0.0,0,200583.4017,-1.0000
14.850,2134,2203,Running,19,0.00,1,99,1,1,0.6000,824.6,0,5.765,8.960,3.582,137.4,-2777.0,0.0,0,210865.3388,-1.0000
14.866,2141,2152,Running,19,0.00,1,99,1,1,0.6000,824.6,0,5.946,8.960,3.695,136.8,-2744.7,0.0,0,170351.2695,-1.0000
14.883,2146,2187,Running,19,0.00,1,99,1,1,0.6000,824.6,0,6.124,8.960,3.805,135.6,-2698.9,0.0,0,176666.5708,-1.0000
14.900,2154,2213,Running,19,0.00,1,99,1,1,0.6000,824.6,0,6.297,8.960,3.913,139.2,-2760.9,0.0,0,242045.6261,-1.0000
14.916,2163,2176,Running,19,0.00,1,99,1,1,0.6000,824.6,0,6.465,8.960,4.017,141.2,-2786.1,0.0,0,220017.2383,-1.0000
14.933,2166,2200,Running,19,0.00,1,99,1,1,0.6000,824.6,0,6.627,8.960,4.118,137.4,-2685.9,0.0,0,120838.4959,-1.0000
14.950,2173,2224,Running,19,0.00,1,99,1,1,0.6000,824.6,0,6.781,8.960,4.213,140.9,-2744.7,0.0,0,240303.4370,-1.0000
14.966,2184,2232,Running,19,0.00,1,99,1,1,0.6000,824.6,0,6.928,8.960,4.305,144.4,-2806.0,0.0,0,252567.3158,-1.0000
14.983,2186,2207,Running,20,0.00,1,99,1,1,0.6000,824.6,0,7.067,8.960,4.391,139.6,-2686.5,0.0,0,128825.6135,-1.0000
15.000,2192,2239,Running,20,0.00,1,99,1,1,0.6000,824.6,0,7.199,8.960,4.473,142.4,-2732.5,0.0,0,208548.9398,-1.0000
15.016,2201,2258,Running,20,0.00,1,99,1,1,0.6290,964.5,0,7.342,10.480,4.562,152.6,-2920.7,0.0,0,253286.3265,-1.0000
15.033,2204,2214,Running,20,0.00,1,99,1,1,0.6290,964.5,0,7.492,10.480,4.655,148.9,-2822.5,0.0,0,140421.3674,-1.0000
15.050,2207,2232,Running,20,0.00,1,99,1,1,0.6290,964.5,0,7.645,10.480,4.751,149.3,-2815.3,0.0,0,230667.8447,-1.0000
15.066,2213,2266,Running,20,0.00,1,99,1,1,0.6290,964.5,0,7.800,10.480,4.846,152.6,-2868.8,0.0,0,222005.8764,-1.0000
15.083,2217,2211,Running,20,0.00,1,99,1,1,0.6290,964.5,0,7.953,10.480,4.942,151.3,-2823.6,0.0,0,178054.6232,-1.0000
15.100,2219,2245,Running,20,0.00,1,99,1,1,0.6290,964.5,0,8.103,10.480,5.035,149.9,-2774.4,0.0,0,197617.5211,-1.0000
15.116,2224,2265,Running,20,0.00,1,99,1,1,0.6290,964.5,0,8.249,10.480,5.126,153.4,-2832.8,0.0,0,266327.5128,-1.0000
15.133,2230,2225,Running,20,0.00,1,99,1,1,0.6290,964.5,0,8.391,10.480,5.214,154.3,-2837.4,0.0,0,205521.5071,-1.0000
15.150,2231,2247,Running,20,0.00,1,99,1,1,0.6290,964.5,0,8.526,10.480,5.298,150.8,-2746.4,0.0,0,173476.3303,-1.0000
15.166,2236,2278,Running,20,0.00,1,99,1,1,0.6290,964.5,0,8.656,10.480,5.379,154.5,-2808.7,0.0,0,230097.6853,-1.0000
15.183,2242,2242,Running,20,0.00,1,99,1,1,0.6290,964.5,0,8.779,10.480,5.455,157.0,-2849.5,0.0,0,282394.3797,-1.0000
15.200,2243,2259,Running,20,0.00,1,99,1,1,0.6290,964.5,0,8.896,10.480,5.528,151.9,-2727.0,0.0,0,103740.6878,-1.0000
15.216,2247,2278,Running,20,0.00,1,99,1,1,0.6290,964.5,0,9.007,10.480,5.597,155.4,-2787.4,0.0,0,269368.9378,-1.0000
15.233,2254,2287,Running,20,0.00,1,99,1,1,0.6290,964.5,0,9.111,10.480,5.661,158.9,-2850.0,0.0,0,264319.3151,-1.0000
15.250,2254,2261,Running,20,0.00,1,99,1,1,0.6290,964.5,0,9.209,10.480,5.722,153.5,-2722.9,0.0,0,137868.5986,-1.0000
15.266,2258,2289,Running,21,0.00,1,99,1,1,0.6290,964.5,0,9.301,10.480,5.779,156.4,-2773.7,0.0,0,236695.3443,-1.0000
15.283,2264,2312,Running,21,0.00,1,99,1,1,0.6290,964.5,0,9.387,10.480,5.833,159.9,-2838.1,0.0,0,256267.1279,-1.0000
15.300,2265,2266,Running,21,0.00,1,99,1,1,0.6290,964.5,0,9.467,10.480,5.883,155.6,-2737.5,0.0,0,172836.7994,-1.0000
15.316,2267,2294,Running,21,0.00,1,99,1,1,0.6290,964.5,0,9.542,10.480,5.929,156.9,-2757.2,0.0,0,219424.5087,-1.0000
15.333,2274,2319,Running,22,0.00,1,99,1,1,0.6290,964.5,0,9.612,10.480,5.973,160.7,-2827.6,0.0,0,275314.6759,-1.0000
15.350,2275,2277,Running,22,0.00,1,99,1,1,0.6290,964.5,0,9.677,10.480,6.013,157.8,-2760.0,0.0,0,153052.7319,-1.0000
15.366,2277,2298,Running,22,0.00,1,99,1,1,0.6290,964.5,0,9.738,10.480,6.051,158.1,-2759.6,0.0,0,256940.0171,-1.0000
15.383,2284,2337,Running,22,0.00,1,99,1,1,0.6290,964.5,0,9.794,10.480,6.086,162.1,-2835.5,0.0,0,239720.3606,-1.0000
15.400,2287,2284,Running,22,0.00,1,99,1,1,0.6290,964.5,0,9.846,10.480,6.118,160.9,-2804.4,0.0,0,190864.0279,-1.0000
15.416,2290,2318,Running,22,0.00,1,99,1,1,0.6290,964.5,0,9.895,10.480,6.148,160.0,-2780.2,0.0,0,233394.6277,-1.0000
15.433,2296,2348,Running,22,0.00,1,99,1,1,0.6290,964.5,0,9.940,10.480,6.176,163.9,-2857.2,0.0,0,267450.7554,-1.0000
15.450,2301,2296,Running,22,0.00,1,99,1,1,0.6290,964.5,0,9.981,10.480,6.202,164.0,-2853.9,0.0,0,214585.4763,-1.0000
15.466,2303,2334,Running,22,0.00,1,99,1,1,0.6290,964.5,0,10.020,10.480,6.226,161.8,-2803.4,0.0,0,209267.2990,-1.0000
15.483,2310,2360,Running,23,0.00,1,99,1,1,0.6290,964.5,0,10.055,10.480,6.248,166.1,-2889.9,0.0,0,292030.2272,-1.0000
15.500,2316,2317,Running,23,0.00,1,99,1,1,0.6290,964.5,0,10.088,10.480,6.269,167.2,-2908.5,0.0,0,224997.0760,-1.0000
15.516,2319,2353,Running,23,0.00,1,99,1,1,0.6290,964.5,0,10.119,10.480,6.287,164.4,-2845.5,0.0,0,199688.6261,-1.0000
15.533,2327,2383,Running,23,0.00,1,99,1,1,0.6290,964.5,0,10.147,10.480,6.305,169.5,-2949.2,0.0,0,293990.2293,-1.0000
15.550,2335,2345,Running,23,0.00,1,99,1,1,0.6290,964.5,0,10.173,10.480,6.321,171.1,-2979.4,0.0,0,244253.8333,-1.0000
15.566,2339,2379,Running,23,0.00,1,99,1,1,0.6290,964.5,0,10.197,10.480,6.336,168.1,-2913.9,0.0,0,199334.6949,-1.0000
15.583,2348,2415,Running,23,0.00,1,99,1,1,0.6290,964.5,0,10.219,10.480,6.350,173.7,-3029.9,0.0,0,292159.4453,-1.0000
15.600,2358,2378,Running,23,0.00,1,99,1,1,0.6290,964.5,0,10.240,10.480,6.363,175.9,-3073.1,0.0,0,258827.7112,-1.0000
15.616,2364,2414,Running,24,0.00,1,99,1,1,0.6290,964.5,0,10.258,10.480,6.374,172.9,-3007.9,0.0,0,203411.6445,-1.0000
15.633,2375,2453,Running,24,0.00,1,99,1,1,0.6290,964.5,0,10.276,10.480,6.385,179.1,-3135.1,0.0,0,303804.4310,-1.0000
15.650,2381,2353,Running,24,0.00,1,99,1,1,0.9523,1376.8,0,10.347,14.960,6.430,266.6,-4641.4,0.0,0,251845.7920,-1.0000
15.666,2376,2349,Running,24,0.00,1,99,1,1,0.9523,1376.8,0,10.460,14.960,6.499,252.1,-4313.6,0.0,0,201555.7101,-1.0000
15.683,2372,2348,Running,24,0.00,1,99,1,1,0.9523,1376.8,0,10.603,14.960,6.588,252.2,-4291.4,0.0,0,288204.6941,-1.0000
15.700,2365,2266,Running,24,0.00,1,99,1,1,0.9523,1376.8,0,10.768,14.960,6.691,247.4,-4161.6,0.0,0,258599.5207,-1.0000
15.716,2350,2271,Running,24,0.00,1,99,1,1,0.9523,1376.8,0,10.948,14.960,6.803,234.9,-3872.0,0.0,0,185663.8053,-1.0000
15.733,2339,2290,Running,24,0.00,1,99,1,1,0.9523,1376.8,0,11.138,14.960,6.921,237.6,-3892.9,0.0,0,254306.0841,-1.0000
15.750,2330,2226,Running,24,0.00,1,99,1,1,0.9523,1376.8,0,11.332,14.960,7.042,238.3,-3872.4,0.0,0,321433.0137,-1.0000
15.766,2313,2236,Running,24,0.00,1,99,1,1,0.9523,1376.8,0,11.528,14.960,7.163,225.5,-3577.1,0.0,0,106705.1659,-1.0000
15.783,2303,2252,Running,24,0.00,1,99,1,1,0.9523,1376.8,0,11.723,14.960,7.285,230.2,-3638.8,0.0,0,301269.8606,-1.0000
15.800,2297,2259,Running,24,0.00,1,99,1,1,0.9523,1376.8,0,11.915,14.960,7.404,234.7,-3695.6,0.0,0,264025.0969,-1.0000
15.816,2283,2207,Running,24,0.00,1,99,1,1,0.9523,1376.8,0,12.102,14.960,7.520,222.7,-3425.4,0.0,0,188615.8285,-1.0000
15.833,2275,2245,Running,25,0.00,1,99,1,1,0.9523,1376.8,0,12.282,14.960,7.632,226.6,-3473.1,0.0,0,229593.4419,-1.0000
15.850,2272,2265,Running,25,0.00,1,99,1,1,0.9523,1376.8,0,12.455,14.960,7.739,232.8,-3566.5,0.0,0,304083.2504,-1.0000
15.866,2264,2211,Running,25,0.00,1,99,1,1,0.9523,1376.8,0,12.621,14.960,7.842,225.3,-3396.9,0.0,0,161227.5398,-1.0000
15.883,2258,2243,Running,25,0.00,1,99,1,1,0.9523,1376.8,0,12.779,14.960,7.941,226.9,-3403.8,0.0,0,274482.0605,-1.0000
15.900,2259,2285,Running,25,0.00,1,99,1,1,0.9523,1376.8,0,12.929,14.960,8.034,234.2,-3521.9,0.0,0,260403.7246,-1.0000
15.916,2258,2210,Running,25,0.00,1,99,1,1,0.9523,1376.8,0,13.070,14.960,8.121,231.5,-3446.9,0.0,0,223733.2302,-1.0000
15.933,2254,2261,Running,25,0.00,1,99,1,1,0.9523,1376.8,0,13.204,14.960,8.204,228.7,-3372.5,0.0,0,225627.3894,-1.0000
15.950,2258,2290,Running,25,0.00,1,99,1,1,0.9523,1376.8,0,13.329,14.960,8.282,236.8,-3508.3,0.0,0,309104.1400,-1.0000
15.966,2261,2234,Running,25,0.00,1,99,1,1,0.9523,1376.8,0,13.447,14.960,8.355,238.1,-3515.3,0.0,0,253485.9187,-1.0000
15.983,2260,2266,Running,25,0.00,1,99,1,1,0.9523,1376.8,0,13.557,14.960,8.424,231.2,-3367.3,0.0,0,203206.4541,-1.0000
16.000,2264,2312,Running,25,0.00,1,99,1,1,0.9523,1376.8,0,13.660,14.960,8.488,239.6,-3511.7,0.0,0,267044.7039,-1.0000
16.016,2270,2246,Running,25,0.00,1,99,1,1,1.0000,1612.4,0,13.788,17.520,8.567,255.1,-3733.4,0.0,0,327533.3547,-1.0000
16.033,2268,2272,Running,25,0.00,1,99,1,1,1.0000,1612.4,0,13.933,17.520,8.658,243.3,-3486.9,0.0,0,132320.1897,-1.0000
16.050,2271,2302,Running,25,0.00,1,99,1,1,1.0000,1612.4,0,14.091,17.520,8.756,250.9,-3604.3,0.0,0,305481.9040,-1.0000
16.066,2277,2282,Running,25,0.00,1,99,1,1,1.0000,1612.4,0,14.255,17.520,8.858,256.8,-3690.7,0.0,0,328663.7543,-1.0000
16.083,2274,2270,Running,25,0.00,1,99,1,1,1.0000,1612.4,0,14.424,17.520,8.963,243.9,-3420.2,0.0,0,138428.3518,-1.0000
16.100,2276,2305,Running,26,0.00,1,99,1,1,1.0000,1612.4,0,14.593,17.520,9.068,251.6,-3537.5,0.0,0,292717.9668,-1.0000
16.116,2283,2328,Running,26,0.00,1,99,1,1,1.0000,1612.4,0,14.761,17.520,9.172,259.0,-3647.6,0.0,0,292377.5300,-1.0000
16.133,2282,2275,Running,26,0.00,1,99,1,1,1.0000,1686.0,0,14.935,18.320,9.280,247.8,-3416.9,0.0,0,210451.8356,-1.0000
16.150,2284,2321,Running,26,0.00,1,99,1,1,1.0000,1700.8,0,15.115,18.480,9.392,253.6,-3493.2,0.0,0,252361.4113,-1.0000
16.166,2292,2346,Running,26,0.00,1,99,1,1,1.0000,1700.8,0,15.296,18.480,9.504,261.5,-3609.3,0.0,0,322116.2983,-1.0000
16.183,2292,2288,Running,26,0.00,1,99,1,1,1.0000,1700.8,0,15.476,18.480,9.616,252.4,-3427.1,0.0,0,186328.3100,-1.0000
16.200,2294,2326,Running,26,0.00,1,99,1,1,1.0000,1700.8,0,15.653,18.480,9.727,255.4,-3457.3,0.0,0,279810.5592,-1.0000
16.216,2302,2358,Running,26,0.00,1,99,1,1,1.0000,1700.8,0,15.826,18.480,9.834,263.8,-3582.4,0.0,0,303392.6528,-1.0000
16.233,2303,2296,Running,26,0.00,1,99,1,1,1.0000,1700.8,0,15.993,18.480,9.938,256.3,-3431.2,0.0,0,198265.6360,-1.0000
16.250,2305,2331,Running,26,0.00,1,99,1,1,1.0000,1700.8,0,16.154,18.480,10.038,257.1,-3424.2,0.0,0,294126.4173,-1.0000
16.266,2312,2372,Running,26,0.00,1,99,1,1,1.0000,1700.8,0,16.308,18.480,10.133,265.5,-3548.9,0.0,0,280827.1408,-1.0000
16.283,2314,2297,Running,26,0.00,1,99,1,1,1.0000,1700.8,0,16.454,18.480,10.224,259.9,-3434.2,0.0,0,222489.3756,-1.0000
16.300,2315,2339,Running,26,0.00,1,99,1,1,1.0000,1700.8,0,16.593,18.480,10.310,258.4,-3389.7,0.0,0,270862.9864,-1.0000
16.316,2322,2379,Running,26,0.00,1,99,1,1,1.0000,1700.8,0,16.724,18.480,10.392,266.7,-3516.8,0.0,0,297881.0281,-1.0000
16.333,2325,2302,Running,26,0.00,1,99,1,1,1.0000,1700.8,0,16.848,18.480,10.469,263.3,-3442.0,0.0,0,239577.8674,-1.0000
16.350,2325,2351,Running,26,0.00,1,99,1,1,1.0000,1700.8,0,16.964,18.480,10.541,260.1,-3372.7,0.0,0,249084.5064,-1.0000
16.366,2332,2385,Running,27,0.00,1,99,1,1,1.0000,1700.8,0,17.074,18.480,10.609,268.7,-3504.9,0.0,0,318227.9779,-1.0000
16.383,2336,2314,Running,27,0.00,1,99,1,1,1.0000,1700.8,0,17.176,18.480,10.673,267.1,-3465.1,0.0,0,252389.5698,-1.0000
16.400,2336,2366,Running,27,0.00,1,99,1,1,1.0000,1700.8,0,17.272,18.480,10.732,262.8,-3379.3,0.0,0,236110.4619,-1.0000
16.416,2344,2401,Running,27,0.00,1,99,1,1,1.0000,1700.8,0,17.361,18.480,10.788,272.5,-3533.1,0.0,0,331344.1502,-1.0000
16.433,2349,2334,Running,27,0.00,1,99,1,1,1.0000,1700.8,0,17.444,18.480,10.839,272.4,-3520.1,0.0,0,259373.0669,-1.0000
16.450,2351,2384,Running,27,0.00,1,99,1,1,1.0000,1700.8,0,17.522,18.480,10.888,266.8,-3415.0,0.0,0,232215.0706,-1.0000
16.466,2359,2419,Running,27,0.00,1,99,1,1,1.0000,1700.8,0,17.594,18.480,10.932,276.9,-3576.6,0.0,0,336414.6832,-1.0000
16.483,2365,2353,Running,27,0.00,1,99,1,1,1.0000,1700.8,0,17.661,18.480,10.974,276.6,-3564.3,0.0,0,263996.5292,-1.0000
16.500,2367,2402,Running,28,0.00,1,99,1,1,1.0000,1906.9,0,17.751,20.720,11.030,270.9,-3454.5,0.0,0,232630.4641,-1.0000
16.516,2375,2440,Running,28,0.00,1,99,1,1,1.0000,1906.9,0,17.858,20.720,11.096,281.4,-3619.8,0.0,0,339737.5603,-1.0000
16.533,2382,2373,Running,28,0.00,1,99,1,1,1.0000,1906.9,0,17.976,20.720,11.170,281.4,-3605.3,0.0,0,266152.0110,-1.0000
16.550,2385,2429,Running,29,0.00,1,99,1,1,1.0000,1906.9,0,18.102,20.720,11.248,276.4,-3504.3,0.0,0,240764.4528,-1.0000
16.566,2395,2469,Running,29,0.00,1,99,1,1,1.0000,1906.9,0,18.232,20.720,11.329,287.7,-3678.0,0.0,0,344575.6552,-1.0000
16.583,2402,2403,Running,29,0.00,1,99,1,1,1.0000,1906.9,0,18.364,20.720,11.411,287.4,-3657.8,0.0,0,268325.5306,-1.0000
16.600,2408,2467,Running,29,0.00,1,99,1,1,1.0000,1906.9,0,18.496,20.720,11.493,284.8,-3596.8,0.0,0,262116.0374,-1.0000
16.616,2420,2516,Running,29,0.00,1,99,1,1,1.0000,1906.9,0,18.626,20.720,11.573,297.3,-3787.3,0.0,0,343574.0102,-1.0000
16.633,2429,2448,Running,29,0.00,1,99,1,1,1.0000,1906.9,0,18.753,20.720,11.652,295.4,-3746.0,0.0,0,265113.5258,-1.0000
16.650,2437,2507,Running,29,0.00,1,99,1,1,1.0000,1906.9,0,18.876,20.720,11.729,295.5,-3729.6,0.0,0,308291.0418,-1.0000
16.666,2452,2557,Running,29,0.00,1,99,1,1,1.0000,1906.9,0,18.994,20.720,11.802,307.8,-3915.8,0.0,0,339439.6533,-1.0000
16.683,2460,2497,Running,29,0.00,1,99,1,1,1.0000,1906.9,0,19.107,20.720,11.873,301.9,-3814.8,0.0,0,253806.9596,-1.0000
16.700,2470,2548,Running,29,0.00,1,99,1,1,1.0000,2039.4,0,19.233,22.160,11.951,305.3,-3847.7,0.0,0,329865.0028,-1.0000
16.716,2486,2586,Running,30,0.00,1,99,1,1,1.0000,2039.4,0,19.367,22.160,12.034,317.2,-4022.9,0.0,0,367501.7431,-1.0000
16.733,2492,2529,Running,30,0.00,1,99,1,1,1.0000,2039.4,0,19.506,22.160,12.121,306.6,-3858.3,0.0,0,253432.3649,-1.0000
16.750,2502,2583,Running,30,0.00,1,99,1,1,1.0000,2039.4,0,19.647,22.160,12.208,314.4,-3957.0,0.0,0,325315.8351,-1.0000
16.766,2518,2576,Running,30,0.00,1,99,1,1,1.0000,2039.4,0,19.787,22.160,12.295,325.2,-4104.0,0.0,0,387785.5098,-1.0000
16.783,2523,2574,Running,30,0.00,1,99,1,1,1.0000,2039.4,0,19.926,22.160,12.381,311.8,-3913.8,0.0,0,201884.6623,-1.0000
16.800,2534,2620,Running,30,0.00,1,99,1,1,1.0000,2039.4,0,20.061,22.160,12.465,323.2,-4062.9,0.0,0,367343.4202,-1.0000
16.816,2546,2554,Running,30,0.00,1,99,1,1,1.0000,2039.4,0,20.192,22.160,12.547,328.1,-4125.4,0.0,0,380132.5614,-1.0000
16.833,2551,2601,Running,30,0.00,1,99,1,1,1.0000,2039.4,0,20.319,22.160,12.625,318.4,-3990.6,0.0,0,241398.4215,-1.0000
16.850,2562,2646,Running,30,0.00,1,99,1,1,1.0000,2039.4,0,20.440,22.160,12.701,330.8,-4154.6,0.0,0,373274.6560,-1.0000
16.866,2571,2583,Running,30,0.00,1,99,1,2,0.9625,1394.2,0,20.568,23.200,12.780,317.6,-3312.0,0.0,0,284217.1711,-1.0000
16.883,2578,2633,Running,30,0.00,1,99,1,2,1.0000,1394.2,0,20.568,23.200,12.780,327.6,-3409.9,0.0,0,330655.9662,-1.0000
16.900,2590,2672,Running,30,0.00,1,99,1,2,1.0000,1394.2,0,20.568,23.200,12.780,338.5,-3554.4,0.0,0,368813.7462,-1.0000
16.916,2593,2605,Running,30,0.00,1,99,1,2,1.0000,1394.2,0,20.568,23.200,12.780,327.6,-3409.9,0.0,0,269452.7780,-1.0000
16.933,2599,2650,Running,30,0.00,1,99,1,2,1.0000,1394.2,0,20.568,23.200,12.780,331.5,-3460.9,0.0,0,340996.3629,-1.0000
16.950,2609,2631,Running,30,0.00,1,99,1,2,1.0000,1394.2,0,20.568,23.200,12.780,340.7,-3583.5,0.0,0,402605.3365,-1.0000
16.966,2608,2626,Running,30,0.00,1,99,1,2,1.0000,1394.2,0,20.568,23.200,12.780,325.2,-3377.8,0.0,0,210200.5109,-1.0000
16.983,2614,2668,Running,30,0.00,1,99,1,2,1.0000,1394.2,0,20.568,23.200,12.780,335.6,-3515.1,0.0,0,373690.1912,-1.0000
17.000,2619,2594,Running,30,0.00,1,99,1,2,1.0000,1394.2,0,20.568,23.200,12.780,337.9,-3546.6,0.0,0,368496.4083,-1.0000
17.016,2619,2640,Running,30,0.00,1,99,1,2,1.0000,1394.2,0,20.568,23.200,12.780,327.9,-3413.5,0.0,0,256575.4386,-1.0000
17.033,2625,2679,Running,30,0.00,1,99,1,2,1.0000,1394.2,0,20.568,23.200,12.780,338.7,-3557.4,0.0,0,373411.3079,-1.0000
17.050,2626,2605,Running,30,0.00,1,99,1,2,1.0000,1394.2,0,20.568,23.200,12.780,332.8,-3478.7,0.0,0,282155.1804,-1.0000
17.066,2627,2659,Running,30,0.00,1,99,1,2,0.9625,1394.2,0,20.700,23.200,12.862,320.4,-3337.3,0.0,0,346258.6129,-1.0000
17.083,2635,2693,Running,30,0.00,1,99,1,2,0.9625,1394.2,0,20.834,23.200,12.945,332.1,-3482.1,0.0,0,379521.9064,-1.0000
17.100,2635,2639,Running,30,0.00,1,99,1,2,0.9625,1394.2,0,20.967,23.200,13.028,320.4,-3314.6,0.0,0,266285.4435,-1.0000
17.116,2640,2683,Running,30,0.00,1,99,1,2,0.9625,1394.2,0,21.098,23.200,13.110,327.9,-3402.3,0.0,0,365482.8961,-1.0000
17.133,2647,2628,Running,30,0.00,1,99,1,2,0.9625,1394.2,0,21.226,23.200,13.189,334.7,-3481.3,0.0,0,403726.2351,-1.0000
17.150,2647,2662,Running,30,0.00,1,99,1,2,0.9625,1394.2,0,21.350,23.200,13.266,322.3,-3305.4,0.0,0,229354.1550,-1.0000
17.166,2653,2704,Running,30,0.00,1,99,1,2,0.9625,1394.2,0,21.469,23.200,13.340,333.5,-3443.2,0.0,0,376373.1166,-1.0000
17.183,2656,2634,Running,30,0.00,1,99,1,2,0.9625,1394.2,0,21.583,23.200,13.411,331.4,-3404.5,0.0,0,293353.3926,-1.0000
17.200,2657,2681,Running,30,0.00,1,99,1,2,0.9625,1394.2,0,21.692,23.200,13.479,327.2,-3339.0,0.0,0,337872.8360,-1.0000
17.216,2665,2720,Running,30,0.00,1,99,1,2,0.9625,1394.2,0,21.795,23.200,13.543,337.9,-3471.8,0.0,0,378814.0373,-1.0000
17.233,2664,2654,Running,30,0.00,1,99,1,2,0.9625,1394.2,0,21.893,23.200,13.603,326.8,-3316.7,0.0,0,274279.9289,-1.0000
17.250,2666,2696,Running,30,0.00,1,99,1,2,0.9625,1394.2,0,21.985,23.200,13.661,331.4,-3368.8,0.0,0,353797.4870,-1.0000
17.266,2672,2648,Running,30,0.00,1,99,1,2,0.9625,1394.2,0,22.071,23.200,13.714,338.6,-3455.5,0.0,0,416906.4781,-1.0000
17.283,2669,2670,Running,30,0.00,1,99,1,2,0.9625,1394.2,0,22.152,23.200,13.765,324.3,-3261.6,0.0,0,212633.0475,-1.0000
17.300,2672,2701,Running,31,0.00,1,99,1,2,1.0000,1562.5,0,22.263,26.000,13.834,346.6,-3503.9,0.0,0,377626.0149,-1.0000
17.316,2672,2624,Running,31,0.00,1,99,1,2,1.0000,1562.5,0,22.395,26.000,13.916,343.6,-3455.4,0.0,0,316932.5966,-1.0000
17.333,2669,2671,Running,31,0.00,1,99,1,2,1.0000,1562.5,0,22.543,26.000,14.007,336.9,-3356.8,0.0,0,310428.0283,-1.0000
17.350,2672,2712,Running,31,0.00,1,99,1,2,1.0000,1581.7,0,22.704,26.320,14.108,347.7,-3481.5,0.0,0,377682.9655,-1.0000
17.366,2669,2644,Running,32,0.00,1,99,1,2,1.0000,1581.7,0,22.874,26.320,14.213,337.7,-3341.2,0.0,0,281543.5849,-1.0000
17.383,2669,2691,Running,32,0.00,1,99,1,2,1.0000,1581.7,0,23.049,26.320,14.322,341.7,-3377.3,0.0,0,352359.1048,-1.0000
17.400,2675,2668,Running,32,0.00,1,99,1,2,1.0000,1581.7,0,23.225,26.320,14.431,351.6,-3488.5,0.0,0,422228.7018,-1.0000
17.416,2671,2673,Running,32,0.00,1,99,1,2,1.0000,1581.7,0,23.401,26.320,14.540,336.8,-3287.5,0.0,0,218810.8689,-1.0000
17.433,2675,2722,Running,32,0.00,1,99,1,2,1.0000,1581.7,0,23.573,26.320,14.648,349.1,-3428.3,0.0,0,390911.5733,-1.0000
17.450,2679,2652,Running,32,0.00,1,99,1,2,1.0000,1581.7,0,23.741,26.320,14.752,351.1,-3439.1,0.0,0,360112.9570,-1.0000
17.466,2679,2708,Running,32,0.00,1,99,1,2,1.0000,1581.7,0,23.904,26.320,14.853,344.7,-3346.1,0.0,0,298196.8824,-1.0000
17.483,2687,2754,Running,32,0.00,1,99,1,2,1.0000,1581.7,0,24.060,26.320,14.950,357.9,-3498.8,0.0,0,393686.1518,-1.0000
17.500,2689,2688,Running,32,0.00,1,99,1,2,1.0000,1581.7,0,24.209,26.320,15.043,349.1,-3375.7,0.0,0,297820.9737,-1.0000
17.516,2693,2738,Running,33,0.00,1,99,1,2,1.0000,1653.8,0,24.366,27.520,15.141,353.3,-3416.0,0.0,0,366609.9142,-1.0000
17.533,2702,2706,Running,33,0.00,1,99,1,2,1.0000,1653.8,0,24.527,27.520,15.241,364.0,-3536.5,0.0,0,442141.3520,-1.0000
17.550,2702,2725,Running,33,0.00,1,99,1,2,1.0000,1653.8,0,24.690,27.520,15.341,349.7,-3344.0,0.0,0,229642.6214,-1.0000
17.566,2709,2774,Running,33,0.00,1,99,1,2,1.0000,1653.8,0,24.851,27.520,15.442,363.3,-3501.2,0.0,0,406084.8456,-1.0000
17.583,2715,2703,Running,33,0.00,1,99,1,2,1.0000,1653.8,0,25.009,27.520,15.540,363.3,-3488.1,0.0,0,338944.4595,-1.0000
17.600,2719,2764,Running,33,0.00,1,99,1,2,1.0000,1653.8,0,25.163,27.520,15.636,359.9,-3432.5,0.0,0,353801.1359,-1.0000
17.616,2731,2809,Running,33,0.00,1,99,1,2,1.0000,1653.8,0,25.312,27.520,15.728,374.2,-3597.5,0.0,0,412577.4434,-1.0000
17.633,2733,2749,Running,33,0.00,1,99,1,2,1.0000,1653.8,0,25.455,27.520,15.817,361.8,-3430.9,0.0,0,290704.0845,-1.0000
17.650,2740,2805,Running,33,0.00,1,99,1,2,1.0000,1653.8,0,25.592,27.520,15.902,370.6,-3529.5,0.0,0,389969.9753,-1.0000
17.666,2749,2739,Running,33,0.00,1,99,1,2,1.0000,1653.8,0,25.722,27.520,15.983,377.1,-3599.5,0.0,0,414892.1038,-1.0000
17.683,2752,2794,Running,33,0.00,1,99,1,2,1.0000,1653.8,0,25.846,27.520,16.060,366.3,-3454.2,0.0,0,275674.8964,-1.0000
17.700,2762,2844,Running,34,0.00,1,99,1,2,1.0000,1721.1,0,25.976,28.640,16.141,380.8,-3623.3,0.0,0,410985.1898,-1.0000
17.716,2765,2775,Running,34,0.00,1,99,1,2,1.0000,1721.1,0,26.111,28.640,16.224,372.7,-3511.5,0.0,0,319969.8548,-1.0000
17.733,2771,2828,Running,34,0.00,1,99,1,2,1.0000,1721.1,0,26.246,28.640,16.309,376.8,-3550.9,0.0,0,388497.5336,-1.0000
17.750,2782,2779,Running,35,0.00,1,99,1,2,1.0000,1721.1,0,26.382,28.640,16.393,387.6,-3672.9,0.0,0,466889.4778,-1.0000
17.766,2783,2817,Running,35,0.00,1,99,1,2,1.0000,1721.1,0,26.515,28.640,16.475,373.8,-3491.4,0.0,0,262599.7483,-1.0000
17.783,2793,2873,Running,35,0.00,1,99,1,2,1.0000,1721.1,0,26.644,28.640,16.556,389.1,-3668.6,0.0,0,415003.0892,-1.0000
17.800,2799,2808,Running,35,0.00,1,99,1,2,1.0000,1721.1,0,26.770,28.640,16.634,384.8,-3604.8,0.0,0,323803.4164,-1.0000
17.816,2805,2869,Running,35,0.00,1,99,1,2,1.0000,1721.1,0,26.890,28.640,16.709,386.6,-3616.4,0.0,0,392266.2336,-1.0000
17.833,2817,2841,Running,35,0.00,1,99,1,2,1.0000,1721.1,0,27.006,28.640,16.781,399.4,-3764.9,0.0,0,471281.0771,-1.0000
17.850,2819,2852,Running,35,0.00,1,99,1,2,1.0000,1721.1,0,27.116,28.640,16.849,383.9,-3563.6,0.0,0,273300.6066,-1.0000
17.866,2829,2907,Running,35,0.00,1,99,1,2,1.0000,1721.1,0,27.220,28.640,16.914,398.6,-3735.8,0.0,0,443553.7897,-1.0000
17.883,2835,2842,Running,35,0.00,1,99,1,2,1.0000,1721.1,0,27.319,28.640,16.975,395.9,-3694.9,0.0,0,329197.6994,-1.0000
17.900,2841,2902,Running,36,0.00,1,99,1,2,1.0000,1721.1,0,27.412,28.640,17.033,395.9,-3686.8,0.0,0,395960.4320,-1.0000
17.916,2852,2873,Running,36,0.00,1,99,1,2,1.0000,1721.1,0,27.500,28.640,17.087,408.3,-3831.2,0.0,0,476817.3427,-1.0000
17.933,2853,2882,Running,36,0.00,1,99,1,2,1.0000,1721.1,0,27.582,28.640,17.139,392.0,-3623.5,0.0,0,282523.3284,-1.0000
17.950,2863,2938,Running,36,0.00,1,99,1,2,1.0000,1721.1,0,27.659,28.640,17.186,407.2,-3804.3,0.0,0,445848.8582,-1.0000
17.966,2868,2876,Running,36,0.00,1,99,1,2,1.0000,1721.1,0,27.731,28.640,17.231,403.5,-3752.3,0.0,0,334065.7448,-1.0000
17.983,2874,2935,Running,36,0.00,1,99,1,2,1.0000,1721.1,0,27.798,28.640,17.273,404.8,-3761.6,0.0,0,408824.6395,-1.0000
18.000,2885,2884,Running,36,0.00,1,99,1,2,1.0000,1721.1,0,27.861,28.640,17.312,416.7,-3902.8,0.0,0,496962.0630,-1.0000
18.016,2886,2920,Running,36,0.00,1,99,1,2,1.0000,1721.1,0,27.919,28.640,17.348,401.5,-3711.1,0.0,0,288116.9379,-1.0000
18.033,2896,2981,Running,36,0.00,1,99,1,2,1.0000,1721.1,0,27.973,28.640,17.382,417.8,-3907.1,0.0,0,430749.3139,-1.0000
18.050,2900,2911,Running,36,0.00,1,99,1,2,1.0000,1721.1,0,28.024,28.640,17.413,411.2,-3820.4,0.0,0,351298.1910,-1.0000
18.066,2906,2959,Running,36,0.00,1,99,1,2,1.0000,1721.1,0,28.071,28.640,17.442,413.9,-3849.4,0.0,0,428695.8115,-1.0000
18.083,2915,2895,Running,36,0.00,1,99,1,2,1.0000,1721.1,0,28.114,28.640,17.469,422.1,-3947.0,0.0,0,472849.8650,-1.0000
18.100,2916,2952,Running,37,0.00,1,99,1,2,1.0000,1721.1,0,28.154,28.640,17.494,409.2,-3784.4,0.0,0,294049.3611,-1.0000
18.116,2925,3001,Running,37,0.00,1,99,1,2,1.0000,1721.1,0,28.192,28.640,17.518,424.7,-3972.3,0.0,0,454622.5939,-1.0000
18.133,2926,2927,Running,36,0.00,1,99,1,2,1.0000,1721.1,0,28.226,28.640,17.539,413.2,-3826.9,0.0,0,357042.1701,-1.0000
18.150,2932,2987,Running,36,0.00,1,99,1,2,1.0000,1721.1,0,28.258,28.640,17.559,420.5,-3914.5,0.0,0,421227.2278,-1.0000
18.166,2937,2914,Running,36,0.00,1,99,1,2,1.0000,1721.1,0,28.288,28.640,17.577,424.0,-3955.0,0.0,0,427307.2688,-1.0000
18.183,2938,2966,Running,36,0.00,1,99,1,2,1.0000,1721.1,0,28.315,28.640,17.594,415.4,-3846.9,0.0,0,360506.2843,-1.0000
18.200,2947,2998,Running,36,0.00,1,99,1,2,1.0000,1721.1,0,28.341,28.640,17.610,429.7,-4020.3,0.0,0,457451.5577,-1.0000
18.216,2945,2954,Running,36,0.00,1,99,1,2,1.0000,1721.1,0,28.364,28.640,17.625,413.8,-3823.0,0.0,0,310825.7923,-1.0000
18.233,2950,2997,Running,36,0.00,1,99,1,2,1.0000,1721.1,0,28.386,28.640,17.638,424.9,-3957.2,0.0,0,460302.8310,-1.0000
18.250,2952,2923,Running,36,0.00,1,99,1,2,1.0000,1721.1,0,28.405,28.640,17.650,422.2,-3922.6,0.0,0,372403.8966,-1.0000
18.266,2952,2981,Running,37,0.00,1,99,1,2,1.0000,1721.1,0,28.424,28.640,17.662,418.7,-3877.2,0.0,0,405384.7973,-1.0000
18.283,2959,2943,Running,37,0.00,1,99,1,2,1.0000,1721.1,0,28.441,28.640,17.672,430.3,-4019.0,0.0,0,497040.5383,-1.0000
18.300,2955,2956,Running,37,0.00,1,99,1,2,1.0000,1999.9,0,28.514,33.280,17.718,412.7,-3796.2,0.0,0,301186.2211,-1.0000
18.314,2960,3010,Running,37,0.00,1,99,1,2,1.0000,1999.9,0,28.629,33.280,17.789,427.7,-3970.3,0.0,0,440703.8272,-1.0000
18.333,2959,2937,Running,37,0.00,1,99,1,2,1.0000,1999.9,0,28.777,33.280,17.881,419.3,-3854.0,0.0,0,355261.8705,-1.0000
18.350,2959,2983,Running,37,0.00,1,99,1,2,1.0000,1999.9,0,28.947,33.280,17.987,421.2,-3862.5,0.0,0,434608.3563,-1.0000
18.366,2964,2920,Running,37,0.00,1,99,1,2,1.0000,1999.9,0,29.133,33.280,18.102,428.8,-3939.5,0.0,0,470227.9134,-1.0000
18.380,2961,2979,Running,37,0.00,1,99,1,2,1.0000,1999.9,0,29.328,33.280,18.224,416.3,-3769.2,0.0,0,304509.3883,-1.0000
18.400,2967,3023,Running,37,0.00,1,99,1,2,1.0000,1999.9,0,29.529,33.280,18.349,432.1,-3943.6,0.0,0,463702.7653,-1.0000
18.416,2965,2952,Running,37,0.00,1,99,1,2,1.0000,1999.9,0,29.732,33.280,18.475,418.6,-3767.5,0.0,0,347670.4221,-1.0000
18.433,2967,3008,Running,37,0.00,1,99,1,2,1.0000,1999.9,0,29.934,33.280,18.600,426.5,-3842.1,0.0,0,430724.5682,-1.0000
18.450,2970,2929,Running,37,0.00,1,99,1,2,1.0000,1999.9,0,30.132,33.280,18.723,427.5,-3840.4,0.0,0,414631.8302,-1.0000
18.466,2968,2986,Running,38,0.00,1,99,1,2,1.0000,1999.9,0,30.324,33.280,18.843,420.7,-3748.4,0.0,0,391812.8572,-1.0000
18.483,2975,2995,Running,38,0.00,1,99,1,2,1.0000,1999.9,0,30.511,33.280,18.959,434.6,-3893.7,0.0,0,453048.6591,-1.0000
18.500,2971,2975,Running,39,0.00,1,99,1,2,1.0000,1999.9,0,30.690,33.280,19.070,417.6,-3687.7,0.0,0,320063.8033,-1.0000
18.516,2976,3031,Running,39,0.00,1,99,1,2,1.0000,1999.9,0,30.862,33.280,19.176,433.1,-3852.0,0.0,0,480620.2908,-1.0000
18.533,2978,2969,Running,39,0.00,1,99,1,2,1.0000,1999.9,0,31.025,33.280,19.278,430.1,-3807.3,0.0,0,355588.9326,-1.0000
18.550,2982,3033,Running,40,0.00,1,99,1,2,1.0000,1999.9,0,31.179,33.280,19.374,432.4,-3822.6,0.0,0,437419.9521,-1.0000
18.566,2991,2972,Running,40,0.00,1,99,1,2,1.0000,1999.9,0,31.326,33.280,19.465,444.4,-3948.6,0.0,0,515922.3852,-1.0000
18.583,2993,3043,Running,40,0.00,1,99,1,2,1.0000,1999.9,0,31.464,33.280,19.551,432.5,-3803.0,0.0,0,304491.4247,-1.0000
18.600,3005,3097,Running,40,0.00,1,99,1,2,1.0000,1999.9,0,31.593,33.280,19.631,452.5,-4021.5,0.0,0,484700.3933,-1.0000
18.616,3009,3040,Running,40,0.00,1,99,1,2,1.0000,1999.9,0,31.715,33.280,19.707,440.7,-3878.7,0.0,0,360000.0653,-1.0000
18.633,3019,3109,Running,40,0.00,1,99,1,2,1.0000,1999.9,0,31.829,33.280,19.778,454.0,-4021.4,0.0,0,466607.7119,-1.0000
18.650,3028,3039,Running,40,0.00,1,99,1,2,1.0000,1999.9,0,31.935,33.280,19.844,455.3,-4028.9,0.0,0,409681.9301,-1.0000
18.666,3036,3115,Running,40,0.00,1,99,1,2,1.0000,1999.9,0,32.035,33.280,19.906,454.9,-4016.6,0.0,0,433247.0623,-1.0000
18.683,3050,3053,Running,41,0.00,1,99,1,2,1.0000,1999.9,0,32.128,33.280,19.963,468.8,-4167.9,0.0,0,538237.8872,-1.0000
18.700,3054,3117,Running,41,0.00,1,99,1,2,1.0000,2216.3,0,32.259,36.880,20.045,454.4,-3995.3,0.0,0,315381.2431,-1.0000
18.716,3068,3171,Running,42,0.00,1,99,1,2,1.0000,2216.3,0,32.417,36.880,20.143,474.7,-4214.3,0.0,0,501870.2789,-1.0000
18.733,3074,3122,Running,42,0.00,1,99,1,2,1.0000,2216.3,0,32.596,36.880,20.254,462.4,-4062.5,0.0,0,361249.0237,-1.0000
18.750,3086,3186,Running,42,0.00,1,99,1,2,1.0000,2216.3,0,32.788,36.880,20.373,477.9,-4223.9,0.0,0,500547.5417,-1.0000
18.766,3096,3134,Running,42,0.00,1,99,1,2,1.0000,2216.3,0,32.987,36.880,20.497,477.6,-4206.5,0.0,0,401986.3657,-1.0000
18.783,3108,3200,Running,42,0.00,1,99,1,2,1.0000,2216.3,0,33.191,36.880,20.624,482.2,-4243.4,0.0,0,478804.4419,-1.0000
18.800,3123,3146,Running,42,0.00,1,99,1,2,1.0000,2216.3,0,33.395,36.880,20.750,493.0,-4350.3,0.0,0,494107.3888,-1.0000
18.816,3131,3209,Running,42,0.00,1,99,1,2,1.0000,2216.3,0,33.596,36.880,20.876,484.9,-4243.7,0.0,0,401781.0430,-1.0000
18.833,3148,3196,Running,42,0.00,1,99,1,2,1.0000,2216.3,0,33.793,36.880,20.998,503.3,-4437.7,0.0,0,529324.6869,-1.0000
18.839,3153,3213,Running,42,0.00,1,99,1,2,1.0000,2216.3,0,33.985,36.880,21.117,486.2,-4229.5,0.0,0,366199.0508,-1.0000
18.866,3168,3277,Running,42,0.00,1,99,1,2,1.0000,2216.3,0,34.169,36.880,21.232,506.2,-4442.0,0.0,0,502506.6128,-1.0000
18.883,3173,3215,Running,42,0.00,1,99,1,2,1.0000,2216.3,0,34.347,36.880,21.342,492.8,-4276.7,0.0,0,389359.3087,-1.0000
18.900,3185,3270,Running,42,0.00,1,99,1,2,1.0000,2216.3,0,34.516,36.880,21.447,505.5,-4407.8,0.0,0,520009.7182,-1.0000
18.916,3191,3214,Running,42,0.00,1,99,1,2,1.0000,2216.3,0,34.676,36.880,21.547,500.9,-4343.3,0.0,0,408458.1138,-1.0000
18.933,3199,3270,Running,42,0.00,1,99,1,2,1.0000,2216.3,0,34.828,36.880,21.641,504.1,-4368.0,0.0,0,499115.4129,-1.0000
18.950,3207,3198,Running,42,0.00,1,99,1,2,1.0000,2216.3,0,34.972,36.880,21.731,509.1,-4413.0,0.0,0,459806.6512,-1.0000
18.966,3212,3272,Running,42,0.00,1,99,1,3,1.0000,1607.3,0,35.144,39.840,21.837,502.7,-3655.4,0.0,0,436125.6334,-1.0000
18.983,3222,3200,Running,42,0.00,1,99,1,3,1.0000,1607.3,0,35.144,39.840,21.837,515.6,-3771.7,0.0,0,562039.1695,-1.0000
19.000,3223,3268,Running,42,0.00,1,99,1,3,1.0000,1607.3,0,35.144,39.840,21.837,500.7,-3636.6,0.0,0,345361.6180,-1.0000
19.016,3234,3286,Running,42,0.00,1,99,1,3,1.0000,1607.3,0,35.144,39.840,21.837,519.8,-3810.4,0.0,0,532087.0458,-1.0000
19.033,3233,3249,Running,42,0.00,1,99,1,3,1.0000,1607.3,0,35.144,39.840,21.837,501.1,-3640.6,0.0,0,385092.0802,-1.0000
19.050,3242,3320,Running,42,0.00,1,99,1,3,1.0000,1607.3,0,35.144,39.840,21.837,518.2,-3795.7,0.0,0,512594.5588,-1.0000
19.066,3242,3242,Running,42,0.00,1,99,1,3,1.0000,1607.3,0,35.144,39.840,21.837,506.0,-3685.3,0.0,0,413175.7307,-1.0000
19.083,3247,3298,Running,42,0.00,1,99,1,3,1.0000,1607.3,0,35.144,39.840,21.837,514.6,-3762.9,0.0,0,500176.3991,-1.0000
19.100,3249,3234,Running,42,0.00,1,99,1,3,1.0000,1607.3,0,35.144,39.840,21.837,510.2,-3722.7,0.0,0,422906.1155,-1.0000
19.116,3251,3284,Running,42,0.00,1,99,1,3,1.0000,1607.3,0,35.144,39.840,21.837,510.2,-3722.6,0.0,0,502271.3816,-1.0000
19.133,3254,3214,Running,43,0.00,1,99,1,3,1.0000,1607.3,0,35.144,39.840,21.837,514.8,-3764.3,0.0,0,468261.2624,-1.0000
19.150,3254,3287,Running,44,0.00,1,99,1,3,1.0000,1697.6,0,35.144,42.080,21.837,506.9,-3693.4,0.0,0,432470.8058,-1.0000
19.166,3260,3218,Running,45,0.00,1,99,1,3,1.0000,1707.3,0,35.366,42.320,21.976,521.5,-3814.7,0.0,0,566236.2841,-1.0000
19.183,3258,3291,Running,45,0.00,1,99,1,3,1.0000,1707.3,0,35.625,42.320,22.136,506.4,-3665.8,0.0,0,351513.9308,-1.0000
19.200,3267,3312,Running,45,0.00,1,99,1,3,1.0000,1707.3,0,35.909,42.320,22.313,527.7,-3843.6,0.0,0,542677.5410,-1.0000
19.216,3267,3287,Running,45,0.00,1,99,1,3,1.0000,1707.3,0,36.209,42.320,22.499,511.1,-3678.4,0.0,0,398516.4566,-1.0000
19.233,3276,3368,Running,45,0.00,1,99,1,3,1.0000,1707.3,0,36.518,42.320,22.691,532.0,-3851.0,0.0,0,524407.2348,-1.0000
19.250,3279,3307,Running,45,0.00,1,99,1,3,1.0000,1707.3,0,36.829,42.320,22.885,521.2,-3737.6,0.0,0,415167.2616,-1.0000
19.266,3289,3367,Running,45,0.00,1,99,1,3,1.0000,1707.3,0,37.140,42.320,23.077,535.1,-3847.1,0.0,0,542460.3701,-1.0000
19.283,3293,3305,Running,45,0.00,1,99,1,3,1.0000,1707.3,0,37.445,42.320,23.267,530.0,-3784.8,0.0,0,425424.0974,-1.0000
19.300,3301,3382,Running,46,0.00,1,99,1,3,1.0000,1707.3,0,37.742,42.320,23.452,536.0,-3822.7,0.0,0,513025.6241,-1.0000
19.316,3308,3308,Running,45,0.00,1,99,1,3,1.0000,1707.3,0,38.030,42.320,23.631,538.3,-3828.3,0.0,0,459702.0582,-1.0000
19.333,3314,3371,Running,45,0.00,1,99,1,3,1.0000,1707.3,0,38.307,42.320,23.803,537.5,-3806.0,0.0,0,500863.2212,-1.0000
19.350,3322,3308,Running,45,0.00,1,99,1,3,1.0000,1707.3,0,38.572,42.320,23.968,544.4,-3854.2,0.0,0,510181.1398,-1.0000
19.366,3325,3378,Running,45,0.00,1,99,1,3,1.0000,1707.3,0,38.825,42.320,24.125,535.4,-3760.5,0.0,0,442898.8539,-1.0000
19.383,3333,3304,Running,45,0.00,1,99,1,3,1.0000,1707.3,0,39.064,42.320,24.273,548.6,-3865.2,0.0,0,576662.7832,-1.0000
19.400,3334,3362,Running,45,0.00,1,99,1,3,1.0000,1707.3,0,39.291,42.320,24.414,533.7,-3720.1,0.0,0,377576.7050,-1.0000
19.416,3342,3339,Running,45,0.00,1,99,1,3,1.0000,1707.3,0,39.504,42.320,24.547,550.7,-3860.2,0.0,0,569471.4708,-1.0000
19.433,3339,3361,Running,44,0.00,1,99,1,3,1.0000,1707.3,0,39.705,42.320,24.671,530.4,-3668.7,0.0,0,385466.5307,-1.0000
19.450,3347,3395,Running,44,0.00,1,99,1,3,1.0000,1707.3,0,39.893,42.320,24.789,550.4,-3836.9,0.0,0,552058.4735,-1.0000
19.466,3344,3341,Running,43,0.00,1,99,1,3,1.0000,1707.3,0,40.070,42.320,24.898,531.6,-3660.4,0.0,0,393708.5310,-1.0000
19.483,3348,3407,Running,42,0.00,1,99,1,3,1.0000,1707.3,0,40.235,42.320,25.001,546.2,-3780.5,0.0,0,537946.4041,-1.0000
19.500,3345,3323,Running,42,0.00,1,99,1,3,1.0000,1707.3,0,40.389,42.320,25.097,531.5,-3642.9,0.0,0,419143.4223,-1.0000
19.516,3346,3367,Running,41,0.00,1,99,1,3,1.0000,1707.3,0,40.533,42.320,25.186,538.6,-3697.3,0.0,0,529091.5177,-1.0000
19.533,3341,3291,Running,41,0.00,1,99,1,3,1.0000,1707.3,0,40.667,42.320,25.269,528.1,-3598.4,0.0,0,417465.5400,-1.0000
19.550,3337,3337,Running,40,0.00,1,99,1,3,1.0000,1707.3,0,40.791,42.320,25.346,526.3,-3575.5,0.0,0,496129.9059,-1.0000
19.566,3331,3242,Running,40,0.00,1,99,1,3,1.0000,1707.3,0,40.907,42.320,25.418,522.8,-3540.5,0.0,0,444713.1118,-1.0000
19.583,3321,3293,Running,40,0.00,1,99,1,3,1.0000,1707.3,0,41.014,42.320,25.485,513.3,-3452.8,0.0,0,459386.8790,-1.0000
19.600,3315,3203,Running,40,0.00,1,99,1,3,1.0000,1707.3,0,41.114,42.320,25.547,516.4,-3474.5,0.0,0,521751.3131,-1.0000
19.616,3301,3240,Running,40,0.00,1,99,1,3,1.0000,1707.3,0,41.207,42.320,25.605,498.7,-3319.8,0.0,0,380239.7666,-1.0000
19.633,3294,3219,Running,36,0.00,1,99,1,3,1.0000,1707.3,0,41.292,42.320,25.658,510.1,-3413.3,0.0,0,520418.7253,-1.0000
19.650,3277,3192,Running,33,0.00,1,99,1,3,1.0000,1946.2,0,41.445,48.240,25.752,486.0,-3203.0,0.0,0,363202.1050,-1.0000
19.666,3266,3213,Running,29,0.00,1,99,1,3,1.0000,1952.6,0,41.649,48.400,25.879,492.6,-3249.9,0.0,0,472016.0859,-1.0000
19.683,3243,3091,Running,27,0.00,1,99,1,3,1.0000,1959.1,0,41.893,48.560,26.031,467.9,-3032.2,0.0,0,363454.0781,-1.0000
19.700,3219,3077,Running,25,0.00,1,99,1,3,1.0000,1959.1,0,42.166,48.560,26.200,457.0,-2929.4,0.0,0,429819.0828,-1.0000
19.716,3187,2936,Running,24,0.00,1,99,1,3,1.0000,1959.1,0,42.456,48.560,26.381,436.8,-2749.6,0.0,0,359115.3636,-1.0000
19.733,3147,2903,Running,23,0.00,1,99,1,3,1.0000,1959.1,0,42.758,48.560,26.568,410.0,-2516.3,0.0,0,353950.9146,-1.0000
19.750,3105,2829,Running,23,0.00,1,99,1,3,1.0000,1959.1,0,43.064,48.560,26.759,398.0,-2408.2,0.0,0,387634.6453,-1.0000
19.766,3051,2726,Running,22,0.00,1,99,1,3,1.0000,1959.1,0,43.370,48.560,26.949,363.3,-2133.8,0.0,0,223261.4156,-1.0000
19.783,2997,2682,Running,22,0.00,1,99,1,3,1.0000,1959.1,0,43.672,48.560,27.136,350.3,-2026.9,0.0,0,344130.5554,-1.0000
19.800,2940,2551,Running,22,0.00,1,99,1,3,1.0000,1959.1,0,43.967,48.560,27.320,332.8,-1886.8,0.0,0,301804.4223,-1.0000
19.816,2877,2514,Running,22,0.00,1,99,1,3,1.0000,1959.1,0,44.253,48.560,27.498,307.3,-1695.9,0.0,0,212231.1930,-1.0000
19.833,2818,2474,Running,21,0.00,1,99,1,3,1.0000,1959.1,0,44.529,48.560,27.669,298.6,-1642.5,0.0,0,302745.3228,-1.0000
19.850,2757,2354,Running,20,0.00,1,99,1,3,1.0000,1959.1,0,44.794,48.560,27.834,281.8,-1542.6,0.0,0,219469.7111,-1.0000
19.866,2693,2331,Running,20,0.00,1,99,1,3,1.0000,1959.1,0,45.046,48.560,27.990,263.2,-1432.1,0.0,0,206198.1289,-1.0000
19.883,2635,2296,Running,19,0.00,1,99,1,3,1.0000,2010.7,0,45.301,49.840,28.149,256.9,-1393.9,0.0,0,277647.0391,-1.0000
19.900,2577,2196,Running,19,0.00,1,99,1,3,1.0000,2010.7,0,45.556,49.840,28.307,245.3,-1328.5,0.0,0,205958.6342,-1.0000
19.916,2516,2163,Running,19,0.00,1,99,1,3,1.0000,2010.7,0,45.807,49.840,28.463,241.7,-1308.7,0.0,0,168278.5325,-1.0000
19.933,2424,1858,Running,19,0.00,1,99,1,3,1.0000,2010.7,0,46.051,49.840,28.615,648.8,-3512.7,0.0,0,185720.4528,-1.0000
19.950,2338,1867,Running,19,0.00,1,99,1,3,1.0000,2010.7,0,46.289,49.840,28.762,229.7,-1243.5,0.0,0,178012.9700,-1.0000
19.966,2267,1877,Running,19,0.00,1,99,1,3,1.0000,2010.7,0,46.517,49.840,28.904,85.0,-460.5,0.0,0,92414.5091,-1.0000
19.983,2208,1885,Running,19,0.00,1,99,1,3,1.0000,2010.7,0,46.736,49.840,29.040,209.2,-1132.8,0.0,0,158995.7454,-1.0000
