0.017,0.000
0.017,0.000
0.033,0.000
0.050,0.000
0.067,0.000
0.083,0.000
0.100,0.000
0.117,0.000
0.133,0.000
0.150,0.000
0.167,0.000
0.183,0.000
0.200,0.000
0.217,0.000
0.233,0.000
0.250,0.000
0.267,0.000
0.283,0.000
0.300,0.000
0.317,0.000
0.333,0.000
0.350,0.000
0.367,0.000
0.383,0.000
0.400,0.000
0.417,0.000
0.433,0.000
0.450,0.000
0.467,0.000
0.483,0.000
0.500,0.000
0.517,0.000
0.533,0.000
0.550,0.000
0.567,0.000
0.583,0.000
0.600,0.000
0.617,0.000
0.633,0.000
0.650,0.000
0.667,0.000
0.683,0.000
0.700,0.000
0.717,0.000
0.733,0.000
0.750,0.000
0.767,0.000
0.783,0.000
0.800,0.000
0.817,0.000
0.833,0.000
0.850,0.000
0.867,0.000
0.883,0.000
0.900,0.000
0.917,0.000
0.933,0.000
0.950,0.000
0.967,0.000
0.983,0.000
1.000,0.000
1.017,0.000
1.033,0.000
1.050,0.000
1.067,0.000
1.083,0.000
1.100,0.000
1.117,0.000
1.133,0.000
1.150,0.000
1.167,0.000
1.183,0.000
1.200,0.000
1.217,0.000
1.233,0.000
1.250,0.000
1.267,0.000
1.283,0.000
1.300,0.000
1.317,0.000
1.333,0.000
1.350,0.000
1.367,0.000
1.383,0.000
1.400,0.000
1.417,0.000
1.433,0.000
1.450,0.000
1.467,0.000
1.483,0.000
1.500,0.000
1.517,0.000
1.533,0.000
1.550,0.000
1.567,0.000
1.583,0.000
1.600,0.000
1.617,0.000
1.633,0.000
1.650,0.000
1.667,0.000
1.683,0.000
1.700,0.000
1.717,0.000
1.733,0.000
1.750,0.000
1.767,0.000
1.783,0.000
1.800,0.000
1.817,0.000
1.833,0.000
1.850,0.000
1.867,0.000
1.883,0.000
1.900,0.000
1.917,0.000
1.933,0.000
1.950,0.000
1.967,0.000
1.983,0.000
2.000,0.000
2.017,0.000
2.033,0.000
2.050,0.000
2.067,0.000
2.083,0.000
2.100,0.000
2.117,0.000
2.133,0.000
2.150,0.000
2.167,0.000
2.183,0.000
2.200,0.000
2.217,0.000
2.233,0.000
2.250,0.000
2.267,0.000
2.283,0.000
2.300,0.000
2.317,0.000
2.333,0.000
2.350,0.000
2.367,0.000
2.383,0.000
2.400,0.000
2.417,0.000
2.433,0.000
2.450,0.000
2.467,0.000
2.483,0.000
2.500,0.000
2.517,0.000
2.533,0.000
2.550,0.000
2.567,0.000
2.583,0.000
2.600,0.000
2.617,0.000
2.633,0.000
2.650,0.000
2.667,0.000
2.683,0.000
2.700,0.000
2.717,0.000
2.733,0.000
2.750,0.000
2.767,0.000
2.783,0.000
2.800,0.000
2.817,0.000
2.833,0.000
2.850,0.000
2.867,0.000
2.883,0.000
2.900,0.000
2.917,0.000
2.933,0.000
2.950,0.000
2.967,0.000
2.983,0.000
3.000,0.000
3.017,0.000
3.033,0.000
3.050,0.000
3.067,0.000
3.083,0.000
3.100,0.000
3.117,0.000
3.133,0.000
3.150,0.000
3.167,0.000
3.183,0.000
3.200,0.000
3.217,0.000
3.233,0.000
3.250,0.000
3.267,0.000
3.283,0.000
3.300,0.000
3.317,0.000
3.333,0.000
3.350,0.000
3.367,0.000
3.383,0.000
3.400,0.000
3.417,0.000
3.433,0.000
3.450,0.000
3.467,0.000
3.483,0.000
3.500,0.000
3.517,0.000
3.533,0.000
3.550,0.000
3.567,0.000
3.583,0.000
3.600,0.000
3.617,0.000
3.633,0.000
3.650,0.000
3.667,0.000
3.683,0.000
3.700,0.000
3.717,0.000
3.733,0.000
3.750,0.000
3.767,0.000
3.783,0.000
3.800,0.000
3.817,0.000
3.833,0.000
3.850,0.000
3.867,0.000
3.883,0.000
3.900,0.000
3.917,0.000
3.933,0.000
3.950,0.000
3.967,0.000
3.983,0.000
4.000,0.000
4.017,0.000
4.033,0.000
4.050,0.000
4.067,0.000
4.083,0.000
4.100,0.000
4.117,0.000
4.133,0.000
4.150,0.000
4.167,0.000
4.183,0.000
4.200,0.000
4.217,0.000
4.233,0.000
4.250,0.000
4.267,0.000
4.283,0.000
4.300,0.000
4.317,0.000
4.333,0.000
4.350,0.000
4.367,0.000
4.383,0.000
4.400,0.000
4.417,0.000
4.433,0.000
4.450,0.000
4.467,0.000
4.483,0.000
4.500,0.000
4.517,0.000
4.533,0.000
4.550,0.000
4.567,0.000
4.583,0.000
4.600,0.000
4.617,0.000
4.633,0.000
4.650,0.000
4.667,0.000
4.683,0.000
4.700,0.000
4.717,0.000
4.733,0.000
4.750,0.000
4.767,0.000
4.783,0.000
4.800,0.000
4.817,0.000
4.833,0.000
4.850,0.000
4.867,0.000
4.883,0.000
4.900,0.000
4.917,0.000
4.933,0.000
4.950,0.000
4.967,0.000
4.983,0.000
5.000,0.000
5.017,0.000
5.033,0.000
5.050,0.000
5.067,0.000
5.083,0.000
5.100,0.000
5.117,0.000
5.133,0.000
5.150,0.000
5.167,0.000
5.183,0.000
5.200,0.000
5.217,0.000
5.233,0.000
5.250,0.000
5.267,0.000
5.283,0.000
5.300,0.000
5.317,0.000
5.333,0.000
5.350,0.000
5.367,0.000
5.383,0.000
5.400,0.000
5.417,0.000
5.433,0.000
5.450,0.000
5.467,0.000
5.483,0.000
5.500,0.000
5.517,0.000
5.533,0.000
5.550,0.000
5.567,0.000
5.583,0.000
5.600,0.000
5.617,0.000
5.633,0.000
5.650,0.000
5.667,0.000
5.683,0.000
5.700,0.000
5.717,0.000
5.733,0.000
5.750,0.000
5.767,0.000
5.783,0.000
5.800,0.000
5.817,0.000
5.833,0.000
5.850,0.000
5.867,0.000
5.883,0.000
5.900,0.000
5.917,0.000
5.933,0.000
5.950,0.000
5.967,0.000
5.983,0.000
6.000,0.000
6.017,0.000
6.033,0.000
6.050,0.000
6.067,0.000
6.083,0.000
6.100,0.000
6.117,0.000
6.133,0.000
6.150,0.000
6.167,0.000
6.183,0.000
6.200,0.000
6.217,0.000
6.233,0.000
6.250,0.000
6.267,0.000
6.283,0.000
6.300,0.000
6.317,0.000
6.333,0.000
6.350,0.000
6.367,0.000
6.383,0.000
6.400,0.000
6.417,0.000
6.433,0.000
6.450,0.000
6.467,0.000
6.483,0.000
6.500,0.000
6.517,0.000
6.533,0.000
6.550,0.000
6.567,0.000
6.583,0.000
6.600,0.000
6.617,0.000
6.633,0.000
6.650,0.000
6.667,0.000
6.683,0.000
6.700,0.000
6.717,0.000
6.733,0.000
6.750,0.000
6.767,0.000
6.783,0.000
6.800,0.000
6.817,0.000
6.833,0.000
6.850,0.000
6.867,0.000
6.883,0.000
6.900,0.000
6.917,0.000
6.933,0.000
6.950,0.000
6.967,0.000
6.983,0.000
7.000,0.000
7.017,0.000
7.033,0.000
7.050,0.000
7.067,0.000
7.083,0.000
7.100,0.000
7.117,0.000
7.133,0.000
7.150,0.000
7.167,0.000
7.183,0.000
7.200,0.000
7.217,0.000
7.233,0.000
7.250,0.000
7.267,0.000
7.283,0.000
7.300,0.000
7.317,0.000
7.333,0.000
7.350,0.000
7.367,0.000
7.383,0.000
7.400,0.000
7.417,0.000
7.433,0.000
7.450,0.000
7.467,0.000
7.483,0.000
7.500,0.000
7.517,0.000
7.533,0.000
7.550,0.000
7.567,0.000
7.583,0.000
7.600,0.000
7.617,0.000
7.633,0.000
7.650,0.000
7.667,0.000
7.683,0.000
7.700,0.000
7.717,0.000
7.733,0.000
7.750,0.000
7.767,0.000
7.783,0.000
7.800,0.000
7.817,0.000
7.833,0.000
7.850,0.000
7.867,0.000
7.883,0.000
7.900,0.000
7.917,0.000
7.933,0.000
7.950,0.000
7.967,0.000
7.983,0.000
8.000,0.000
8.017,0.000
8.033,0.000
8.050,0.000
8.067,0.000
8.083,0.000
8.100,0.000
8.117,0.000
8.133,0.000
8.150,0.000
8.167,0.000
8.183,0.000
8.200,0.000
8.217,0.000
8.233,0.000
8.250,0.000
8.267,0.000
8.283,0.000
8.300,0.000
8.317,0.000
8.333,0.000
8.350,0.000
8.367,0.000
8.383,0.000
8.400,0.000
8.417,0.000
8.433,0.000
8.450,0.000
8.467,0.000
8.483,0.000
8.500,0.000
8.517,0.000
8.533,0.000
8.550,0.000
8.567,0.000
8.583,0.000
8.600,0.000
8.617,0.000
8.633,0.000
8.650,0.000
8.667,0.000
8.683,0.000
8.700,0.000
8.717,0.000
8.733,0.000
8.750,0.000
8.767,0.000
8.783,0.000
8.800,0.000
8.817,0.000
8.833,0.000
8.850,0.000
8.867,0.000
8.883,0.000
8.900,0.000
8.917,0.000
8.933,0.000
8.950,0.000
8.967,0.000
8.983,0.000
9.000,0.000
9.017,0.000
9.033,0.000
9.050,0.000
9.067,0.000
9.083,0.000
9.100,0.000
9.117,0.000
9.133,0.000
9.150,0.000
9.167,0.000
9.183,0.000
9.200,0.000
9.217,0.000
9.233,0.000
9.250,0.000
9.267,0.000
9.283,0.000
9.300,0.000
9.317,0.000
9.333,0.000
9.350,0.000
9.367,0.000
9.383,0.000
9.400,0.000
9.417,0.000
9.433,0.000
9.450,0.000
9.467,0.000
9.483,0.000
9.500,0.000
9.517,0.000
9.533,0.000
9.550,0.000
9.567,0.000
9.583,0.000
9.600,0.000
9.617,0.000
9.633,0.000
9.650,0.000
9.667,0.000
9.683,0.000
9.700,0.000
9.717,0.000
9.733,0.000
9.750,0.000
9.767,0.000
9.783,0.000
9.800,0.000
9.817,0.000
9.833,0.000
9.850,0.000
9.867,0.000
9.883,0.000
9.900,0.000
9.917,0.000
9.933,0.000
9.950,0.000
9.967,0.000
9.983,0.000
10.000,0.000
10.017,0.000
10.033,0.000
10.050,0.000
10.067,0.000
10.083,0.000
10.100,0.000
10.117,0.000
10.133,0.000
10.150,0.000
10.167,0.000
10.183,0.000
10.200,0.000
10.217,0.000
10.233,0.000
10.250,0.000
10.267,0.000
10.283,0.000
10.300,0.000
10.317,0.000
10.333,0.000
10.350,0.000
10.367,0.000
10.383,0.000
10.400,0.000
10.417,0.000
10.433,0.000
10.450,0.000
10.467,0.000
10.483,0.000
10.500,0.000
10.517,0.000
10.533,0.000
10.550,0.000
10.567,0.000
10.583,0.000
10.600,0.000
10.617,0.000
10.633,0.000
10.650,0.000
10.667,0.000
10.683,0.000
10.700,0.000
10.717,0.000
10.733,0.000
10.750,0.000
10.767,0.000
10.783,0.000
10.800,0.000
10.817,0.000
10.833,0.000
10.850,0.000
10.867,0.000
10.883,0.000
10.900,0.000
10.917,0.000
10.933,0.000
10.950,0.000
10.967,0.000
10.983,0.000
11.000,0.000
11.017,0.000
11.033,0.000
11.050,0.000
11.067,0.000
11.083,0.000
11.100,0.000
11.117,0.000
11.133,0.000
11.150,0.000
11.167,0.000
11.183,0.000
11.200,0.000
11.217,0.000
11.233,0.000
11.250,0.000
11.267,0.000
11.283,0.000
11.300,0.000
11.317,0.000
11.333,0.000
11.350,0.000
11.367,0.000
11.383,0.000
11.400,0.000
11.417,0.000
11.433,0.000
11.450,0.000
11.467,0.000
11.483,0.000
11.500,0.000
11.517,0.000
11.533,0.000
11.550,0.000
11.567,0.000
11.583,0.000
11.600,0.000
11.617,0.000
11.633,0.000
11.650,0.000
11.667,0.000
11.683,0.000
11.700,0.000
11.717,0.000
11.733,0.000
11.750,0.000
11.767,0.000
11.783,0.000
11.800,0.000
11.817,0.000
11.833,0.000
11.850,0.000
11.867,0.000
11.883,0.000
11.900,0.000
11.917,0.000
11.933,0.000
11.950,0.000
11.967,0.000
11.983,0.000
12.000,0.000
12.017,0.000
12.033,0.000
12.050,0.000
12.067,0.000
12.083,0.000
12.100,0.000
12.117,0.000
12.133,0.000
12.150,0.000
12.167,0.000
12.183,0.000
12.200,0.000
12.217,0.000
12.233,0.000
12.250,0.000
12.267,0.000
12.283,0.000
12.300,0.000
12.317,0.000
12.333,0.000
12.350,0.000
12.367,0.000
12.383,0.000
12.400,0.000
12.417,0.000
12.433,0.000
12.450,0.000
12.467,0.000
12.483,0.000
12.500,0.000
12.517,0.000
12.533,0.000
12.550,0.000
12.567,0.000
12.583,0.000
12.600,0.000
12.617,0.000
12.633,0.000
12.650,0.000
12.667,0.000
12.683,0.000
12.700,0.000
12.717,0.000
12.733,0.000
12.750,0.000
12.767,0.000
12.783,0.000
12.800,0.000
12.817,0.000
12.833,0.000
12.850,0.000
12.867,0.000
12.883,0.000
12.900,0.000
12.917,0.000
12.933,0.000
12.950,0.000
12.967,0.000
12.983,0.000
13.000,0.000
13.017,0.000
13.033,0.000
13.050,0.000
13.067,0.000
13.083,0.000
13.100,0.000
13.117,0.000
13.133,0.000
13.150,0.000
13.167,0.000
13.183,0.000
13.200,0.000
13.217,0.000
13.233,0.000
13.250,0.000
13.267,0.000
13.283,0.000
13.300,0.000
13.317,0.000
13.333,0.000
13.350,0.000
13.367,0.000
13.383,0.000
13.400,0.000
13.417,0.000
13.433,0.000
13.450,0.000
13.467,0.000
13.483,0.000
13.500,0.000
13.517,0.000
13.533,0.000
13.550,0.000
13.567,0.000
13.583,0.000
13.600,0.000
13.617,0.000
13.633,0.000
13.650,0.000
13.667,0.000
13.683,0.000
13.700,0.000
13.717,0.000
13.733,0.000
13.750,0.000
13.767,0.000
13.783,0.000
13.800,0.000
13.817,0.000
13.833,0.000
13.850,0.000
13.867,0.000
13.883,0.000
13.900,0.000
13.917,0.000
13.933,0.000
13.950,0.000
13.967,0.000
13.983,0.000
14.000,0.000
14.017,0.000
14.033,0.000
14.050,0.000
14.067,0.000
14.083,0.000
14.100,0.000
14.117,0.000
14.133,0.000
14.150,0.000
14.167,0.000
14.183,0.000
14.200,0.000
14.217,0.000
14.233,0.000
14.250,0.000
14.267,0.000
14.283,0.000
14.300,0.000
14.317,0.000
14.333,0.000
14.350,0.000
14.367,0.000
14.383,0.000
14.400,0.000
14.417,0.000
14.433,0.000
14.450,0.000
14.467,0.000
14.483,0.000
14.500,0.000
14.517,0.000
14.533,0.000
14.550,0.000
14.567,0.000
14.583,0.000
14.600,0.000
14.617,0.000
14.633,0.000
14.650,0.000
14.667,0.000
14.683,0.000
14.700,0.000
14.717,0.000
14.733,0.000
14.750,0.000
14.767,0.000
14.783,0.000
14.800,0.000
14.817,0.000
14.833,0.000
14.850,0.000
14.867,0.000
14.883,0.000
14.900,0.000
14.917,0.000
14.933,0.000
14.950,0.000
14.967,0.000
14.983,0.000
15.000,0.000
15.017,0.000
15.033,0.000
15.050,0.000
15.067,0.000
15.083,0.000
15.100,0.000
15.117,0.000
15.133,0.000
15.150,0.000
15.167,0.000
15.183,0.000
15.200,0.000
15.217,0.000
15.233,0.000
15.250,0.000
15.267,0.000
15.283,0.000
15.300,0.000
15.317,0.000
15.333,0.000
15.350,0.000
15.367,0.000
15.383,0.000
15.400,0.000
15.417,0.000
15.433,0.000
15.450,0.000
15.467,0.000
15.483,0.000
15.500,0.000
15.517,0.000
15.533,0.000
15.550,0.000
15.567,0.000
15.583,0.000
15.600,0.000
15.617,0.000
15.633,0.000
15.650,0.000
15.667,0.000
15.683,0.000
15.700,0.000
15.717,0.000
15.733,0.000
15.750,0.000
15.767,0.000
15.783,0.000
15.800,0.000
15.817,0.000
15.833,0.000
15.850,0.000
15.867,0.000
15.883,0.000
15.900,0.000
15.917,0.000
15.933,0.000
15.950,0.000
15.967,0.000
15.983,0.000
16.000,0.000
16.017,0.000
16.033,0.000
16.050,0.000
16.067,0.000
16.083,0.000
16.100,0.000
16.117,0.000
16.133,0.000
16.150,0.000
16.167,0.000
16.183,0.000
16.200,0.000
16.217,0.000
16.233,0.000
16.250,0.000
16.267,0.000
16.283,0.000
16.300,0.000
16.317,0.000
16.333,0.000
16.350,0.000
16.367,0.000
16.383,0.000
16.400,0.000
16.417,0.000
16.433,0.000
16.450,0.000
16.467,0.000
16.483,0.000
16.500,0.000
16.517,0.000
16.533,0.000
16.550,0.000
16.567,0.000
16.583,0.000
16.600,0.000
16.617,0.000
16.633,0.000
16.650,0.000
16.667,0.000
16.683,0.000
16.700,0.000
16.717,0.000
16.733,0.000
16.750,0.000
16.767,0.000
16.783,0.000
16.800,0.000
16.817,0.000
16.833,0.000
16.850,0.000
16.867,0.000
16.883,0.000
16.900,0.000
16.917,0.000
16.933,0.000
16.950,0.000
16.967,0.000
16.983,0.000
17.000,0.000
17.017,0.000
17.033,0.000
17.050,0.000
17.067,0.000
17.083,0.000
17.100,0.000
17.117,0.000
17.133,0.000
17.150,0.000
17.167,0.000
17.183,0.000
17.200,0.000
17.217,0.000
17.233,0.000
17.250,0.000
17.267,0.000
17.283,0.000
17.300,0.000
17.317,0.000
17.333,0.000
17.350,0.000
17.367,0.000
17.383,0.000
17.400,0.000
17.417,0.000
17.433,0.000
17.450,0.000
17.467,0.000
17.483,0.000
17.500,0.000
17.517,0.000
17.533,0.000
17.550,0.000
17.567,0.000
17.583,0.000
17.600,0.000
17.617,0.000
17.633,0.000
17.650,0.000
17.667,0.000
17.683,0.000
17.700,0.000
17.717,0.000
17.733,0.000
17.750,0.000
17.767,0.000
17.783,0.000
17.800,0.000
17.817,0.000
17.833,0.000
17.850,0.000
17.867,0.000
17.883,0.000
17.900,0.000
17.917,0.000
17.933,0.000
17.950,0.000
17.967,0.000
17.983,0.000
18.000,0.000
18.017,0.000
18.033,0.000
18.050,0.000
18.067,0.000
18.083,0.000
18.100,0.000
18.117,0.000
18.133,0.000
18.150,0.000
18.167,0.000
18.183,0.000
18.200,0.000
18.217,0.000
18.233,0.000
18.250,0.000
18.267,0.000
18.283,0.000
18.300,0.000
18.317,0.000
18.333,0.000
18.350,0.000
18.367,0.000
18.383,0.000
18.400,0.000
18.417,0.000
18.433,0.000
18.450,0.000
18.467,0.000
18.483,0.000
18.500,0.000
18.517,0.000
18.533,0.000
18.550,0.000
18.567,0.000
18.583,0.000
18.600,0.000
18.617,0.000
18.633,0.000
18.650,0.000
18.667,0.000
18.683,0.000
18.700,0.000
18.717,0.000
18.733,0.000
18.750,0.000
18.767,0.000
18.783,0.000
18.800,0.000
18.817,0.000
18.833,0.000
18.850,0.000
18.867,0.000
18.883,0.000
18.900,0.000
18.917,0.000
18.933,0.000
18.950,0.000
18.967,0.000
18.983,0.000
19.000,0.000
19.017,0.000
19.033,0.000
19.050,0.000
19.067,0.000
19.083,0.000
19.100,0.000
19.117,0.000
19.133,0.000
19.150,0.000
19.167,0.000
19.183,0.000
19.200,0.000
19.217,0.000
19.233,0.000
19.250,0.000
19.267,0.000
19.283,0.000
19.300,0.000
19.317,0.000
19.333,0.000
19.350,0.000
19.367,0.000
19.383,0.000
19.400,0.000
19.417,0.000
19.433,0.000
19.450,0.000
19.467,0.000
19.483,0.000
19.500,0.000
19.517,0.000
19.533,0.000
19.550,0.000
19.567,0.000
19.583,0.000
19.600,0.000
19.617,0.000
19.633,0.000
19.650,0.000
19.667,0.000
19.683,0.000
19.700,0.000
19.717,0.000
19.733,0.000
19.750,0.000
19.767,0.000
19.783,0.000
19.800,0.000
19.817,0.000
19.833,0.000
19.850,0.000
19.867,0.000
19.883,0.000
19.900,0.000
19.917,0.000
19.933,0.000
19.950,0.000
19.967,0.000
19.983,0.000
20.000,0.000
20.017,0.000
20.033,0.000
20.050,0.000
20.067,0.000
20.083,0.000
20.100,0.000
20.117,0.000
20.133,0.000
20.150,0.000
20.167,0.000
20.183,0.000
20.200,0.000
20.217,0.000
20.233,0.000
20.250,0.000
20.267,0.000
20.283,0.000
20.300,0.000
20.317,0.000
20.333,0.000
20.350,0.000
20.367,0.000
20.383,0.000
20.400,0.000
20.417,0.000
20.433,0.000
20.450,0.000
20.467,0.000
20.483,0.000
20.500,0.000
20.517,0.000
20.533,0.000
20.550,0.000
20.567,0.000
20.583,0.000
20.600,0.000
20.617,0.000
20.633,0.000
20.650,0.000
20.667,0.000
20.683,0.000
20.700,0.000
20.717,0.000
20.733,0.000
20.750,0.000
20.767,0.000
20.783,0.000
20.800,0.000
20.817,0.000
20.833,0.000
20.850,0.000
20.867,0.000
20.883,0.000
20.900,0.000
20.917,0.000
20.933,0.000
20.950,0.000
20.967,0.000
20.983,0.000
21.000,0.000
21.017,0.000
21.033,0.000
21.050,0.000
21.067,0.000
21.083,0.000
21.100,0.000
21.117,0.000
21.133,0.000
21.150,0.000
21.167,0.000
21.183,0.000
21.200,0.000
21.217,0.000
21.233,0.000
21.250,0.000
21.267,0.000
21.283,0.000
21.300,0.000
21.317,0.000
21.333,0.000
21.350,0.000
21.367,0.000
21.383,0.000
21.400,0.000
21.417,0.000
21.433,0.000
21.450,0.000
21.467,0.000
21.483,0.000
21.500,0.000
21.517,0.000
21.533,0.000
21.550,0.000
21.567,0.000
21.583,0.000
21.600,0.000
21.617,0.000
21.633,0.000
21.650,0.000
21.667,0.000
21.683,0.000
21.700,0.000
21.717,0.000
21.733,0.000
21.750,0.000
21.767,0.000
21.783,0.000
21.800,0.000
21.817,0.000
21.833,0.000
21.850,0.000
21.867,0.000
21.883,0.000
21.900,0.000
21.917,0.000
21.933,0.000
21.950,0.000
21.967,0.000
21.983,0.000
22.000,0.000
22.017,0.000
22.033,0.000
22.050,0.000
22.067,0.000
22.083,0.000
22.100,0.000
22.117,0.000
22.133,0.000
22.150,0.000
22.167,0.000
22.183,0.000
22.200,0.000
22.217,0.000
22.233,0.000
22.250,0.000
22.267,0.000
22.283,0.000
22.300,0.000
22.317,0.000
22.333,0.000
22.350,0.000
22.367,0.000
22.383,0.000
22.400,0.000
22.417,0.000
22.433,0.000
22.450,0.000
22.467,0.000
22.483,0.000
22.500,0.000
22.517,0.000
22.533,0.000
22.550,0.000
22.567,0.000
22.583,0.000
22.600,0.000
22.617,0.000
22.633,0.000
22.650,0.000
22.667,0.000
22.683,0.000
22.700,0.000
22.717,0.000
22.733,0.000
22.750,0.000
22.767,0.000
22.783,0.000
22.800,0.000
22.817,0.000
22.833,0.000
22.850,0.000
22.867,0.000
22.883,0.000
22.900,0.000
22.917,0.000
22.933,0.000
22.950,0.000
22.967,0.000
22.983,0.000
23.000,0.000
23.017,0.000
23.033,0.000
23.050,0.000
23.067,0.000
23.083,0.000
23.100,0.000
23.117,0.000
23.133,0.000
23.150,0.000
23.167,0.000
23.183,0.000
23.200,0.000
23.217,0.000
23.233,0.000
23.250,0.000
23.267,0.000
23.283,0.000
23.300,0.000
23.317,0.000
23.333,0.000
23.350,0.000
23.367,0.000
23.383,0.000
23.400,0.000
23.417,0.000
23.433,0.000
23.450,0.000
23.467,0.000
23.483,0.000
23.500,0.000
23.517,0.000
23.533,0.000
23.550,0.000
23.567,0.000
23.583,0.000
23.600,0.000
23.617,0.000
23.633,0.000
23.650,0.000
23.667,0.000
23.683,0.000
23.700,0.000
23.717,0.000
23.733,0.000
23.750,0.000
23.767,0.000
23.783,0.000
23.800,0.000
23.817,0.000
23.833,0.000
23.850,0.000
23.867,0.000
23.883,0.000
23.900,0.000
23.917,0.000
23.933,0.000
23.950,0.000
23.967,0.000
23.983,0.000
24.000,0.000
24.017,0.000
24.033,0.000
24.050,0.000
24.067,0.000
24.083,0.000
24.100,0.000
24.117,0.000
24.133,0.000
24.150,0.000
24.167,0.000
24.183,0.000
24.200,0.000
24.217,0.000
24.233,0.000
24.250,0.000
24.267,0.000
24.283,0.000
24.300,0.000
24.317,0.000
24.333,0.000
24.350,0.000
24.367,0.000
24.383,0.000
24.400,0.000
24.417,0.000
24.433,0.000
24.450,0.000
24.467,0.000
24.483,0.000
24.500,0.000
24.517,0.000
24.533,0.000
24.550,0.000
24.567,0.000
24.583,0.000
24.600,0.000
24.617,0.000
24.633,0.000
24.650,0.000
24.667,0.000
24.683,0.000
24.700,0.000
24.717,0.000
24.733,0.000
24.750,0.000
24.767,0.000
24.783,0.000
24.800,0.000
24.817,0.000
24.833,0.000
24.850,0.000
24.867,0.000
24.883,0.000
24.900,0.000
24.917,0.000
24.933,0.000
24.950,0.000
24.967,0.000
24.983,0.000
25.000,0.000
25.017,0.000
25.033,0.000
25.050,0.000
25.067,0.000
25.083,0.000
25.100,0.000
25.117,0.000
25.133,0.000
25.150,0.000
25.167,0.000
25.183,0.000
25.200,0.000
25.217,0.000
25.233,0.000
25.250,0.000
25.267,0.000
25.283,0.000
25.300,0.000
25.317,0.000
25.333,0.000
25.350,0.000
25.367,0.000
25.383,0.000
25.400,0.000
25.417,0.000
25.433,0.000
25.450,0.000
25.467,0.000
25.483,0.000
25.500,0.000
25.517,0.000
25.533,0.000
25.550,0.000
25.567,0.000
25.583,0.000
25.600,0.000
25.617,0.000
25.633,0.000
25.650,0.000
25.667,0.000
25.683,0.000
25.700,0.000
25.717,0.000
25.733,0.000
25.750,0.000
25.767,0.000
25.783,0.000
25.800,0.000
25.817,0.000
25.833,0.000
25.850,0.000
25.867,0.000
25.883,0.000
25.900,0.000
25.917,0.000
25.933,0.000
25.950,0.000
25.967,0.000
25.983,0.000
26.000,0.000
26.017,0.000
26.033,0.000
26.050,0.000
26.067,0.000
26.083,0.000
26.100,0.000
26.117,0.000
26.133,0.000
26.150,0.000
26.167,0.000
26.183,0.000
26.200,0.000
26.217,0.000
26.233,0.000
26.250,0.000
26.267,0.000
26.283,0.000
26.300,0.000
26.317,0.000
26.333,0.000
26.350,0.000
26.367,0.000
26.383,0.000
26.400,0.000
26.417,0.000
26.433,0.000
26.450,0.000
26.467,0.000
26.483,0.000
26.500,0.000
26.517,0.000
26.533,0.000
26.550,0.000
26.567,0.000
26.583,0.000
26.600,0.000
26.617,0.000
26.633,0.000
26.650,0.000
26.667,0.000
26.683,0.000
26.700,0.000
26.717,0.000
26.733,0.000
26.750,0.000
26.767,0.000
26.783,0.000
26.800,0.000
26.817,0.000
26.833,0.000
26.850,0.000
26.867,0.000
26.883,0.000
26.900,0.000
26.917,0.000
26.933,0.000
26.950,0.000
26.967,0.000
26.983,0.000
27.000,0.000
27.017,0.000
27.033,0.000
27.050,0.000
27.067,0.000
27.083,0.000
27.100,0.000
27.117,0.000
27.133,0.000
27.150,0.000
27.167,0.000
27.183,0.000
27.200,0.000
27.217,0.000
27.233,0.000
27.250,0.000
27.267,0.000
27.283,0.000
27.300,0.000
27.317,0.000
27.333,0.000
27.350,0.000
27.367,0.000
27.383,0.000
27.400,0.000
27.417,0.000
27.433,0.000
27.450,0.000
27.467,0.000
27.483,0.000
27.500,0.000
27.517,0.000
27.533,0.000
27.550,0.000
27.567,0.000
27.583,0.000
27.600,0.000
27.617,0.000
27.633,0.000
27.650,0.000
27.667,0.000
27.683,0.000
27.700,0.000
27.717,0.000
27.733,0.000
27.750,0.000
27.767,0.000
27.783,0.000
27.800,0.000
27.817,0.000
27.833,0.000
27.850,0.000
27.867,0.000
27.883,0.000
27.900,0.000
27.917,0.000
27.933,0.000
27.950,0.000
27.967,0.000
27.983,0.000
28.000,0.000
28.017,0.000
28.033,0.000
28.050,0.000
28.067,0.000
28.083,0.000
28.100,0.000
28.117,0.000
28.133,0.000
28.150,0.000
28.167,0.000
28.183,0.000
28.200,0.000
28.217,0.000
28.233,0.000
28.250,0.000
28.267,0.000
28.283,0.000
28.300,0.000
28.317,0.000
28.333,0.000
28.350,0.000
28.367,0.000
28.383,0.000
28.400,0.000
28.417,0.000
28.433,0.000
28.450,0.000
28.467,0.000
28.483,0.000
28.500,0.000
28.517,0.000
28.533,0.000
28.550,0.000
28.567,0.000
28.583,0.000
28.600,0.000
28.617,0.000
28.633,0.000
28.650,0.000
28.667,0.000
28.683,0.000
28.700,0.000
28.717,0.000
28.733,0.000
28.750,0.000
28.767,0.000
28.783,0.000
28.800,0.000
28.817,0.000
28.833,0.000
28.850,0.000
28.867,0.000
28.883,0.000
28.900,0.000
28.917,0.000
28.933,0.000
28.950,0.000
28.967,0.000
28.983,0.000
29.000,0.000
29.017,0.000
29.033,0.000
29.050,0.000
29.067,0.000
29.083,0.000
29.100,0.000
29.117,0.000
29.133,0.000
29.150,0.000
29.167,0.000
29.183,0.000
29.200,0.000
29.217,0.000
29.233,0.000
29.250,0.000
29.267,0.000
29.283,0.000
29.300,0.000
29.317,0.000
29.333,0.000
29.350,0.000
29.367,0.000
29.383,0.000
29.400,0.000
29.417,0.000
29.433,0.000
29.450,0.000
29.467,0.000
29.483,0.000
29.500,0.000
29.517,0.000
29.533,0.000
29.550,0.000
29.567,0.000
29.583,0.000
29.600,0.000
29.617,0.000
29.633,0.000
29.650,0.000
29.667,0.000
29.683,0.000
29.700,0.000
29.717,0.000
29.733,0.000
29.750,0.000
29.767,0.000
29.783,0.000
29.800,0.000
29.817,0.000
29.833,0.000
29.850,0.000
29.867,0.000
29.883,0.000
29.900,0.000
29.917,0.000
29.933,0.000
29.950,0.000
29.967,0.000
29.983,0.000
30.000,0.000
30.017,0.000
30.033,0.000
30.050,0.000
30.067,0.000
30.083,0.000
30.100,0.000
30.117,0.000
30.133,0.000
30.150,0.000
30.167,0.000
30.183,0.000
30.200,0.000
30.217,0.000
30.233,0.000
30.250,0.000
30.267,0.000
30.283,0.000
30.300,0.000
30.317,0.000
30.333,0.000
30.350,0.000
30.367,0.000
30.383,0.000
30.400,0.000
30.417,0.000
30.433,0.000
30.450,0.000
30.467,0.000
30.483,0.000
30.500,0.000
30.517,0.000
30.533,0.000
30.550,0.000
30.567,0.000
30.583,0.000
30.600,0.000
30.617,0.000
30.633,0.000
30.650,0.000
30.667,0.000
30.683,0.000
30.700,0.000
30.717,0.000
30.733,0.000
30.750,0.000
30.767,0.000
30.783,0.000
30.800,0.000
30.817,0.000
30.833,0.000
30.850,0.000
30.867,0.000
30.883,0.000
30.900,0.000
30.917,0.000
30.933,0.000
30.950,0.000
30.967,0.000
30.983,0.000
31.000,0.000
31.017,0.000
31.033,0.000
31.050,0.000
31.067,0.000
31.083,0.000
31.100,0.000
31.117,0.000
31.133,0.000
31.150,0.000
31.167,0.000
31.183,0.000
31.200,0.000
31.217,0.000
31.233,0.000
31.250,0.000
31.267,0.000
31.283,0.000
31.300,0.000
31.317,0.000
31.333,0.000
31.350,0.000
31.367,0.000
31.383,0.000
31.400,0.000
31.417,0.000
31.433,0.000
31.450,0.000
31.467,0.000
31.483,0.000
31.500,0.000
31.517,0.000
31.533,0.000
31.550,0.000
31.567,0.000
31.583,0.000
31.600,0.000
31.617,0.000
31.633,0.000
31.650,0.000
31.667,0.000
31.683,0.000
31.700,0.000
31.717,0.000
31.733,0.000
31.750,0.000
31.767,0.000
31.783,0.000
31.800,0.000
31.817,0.000
31.833,0.000
31.850,0.000
31.867,0.000
31.883,0.000
31.900,0.000
31.917,0.000
31.933,0.000
31.950,0.000
31.967,0.000
31.983,0.000
32.000,0.000
32.017,0.000
32.033,0.000
32.050,0.000
32.067,0.000
32.083,0.000
32.100,0.000
32.117,0.000
32.133,0.000
32.150,0.000
32.167,0.000
32.183,0.000
32.200,0.000
32.217,0.000
32.233,0.000
32.250,0.000
32.267,0.000
32.283,0.000
32.300,0.000
32.317,0.000
32.333,0.000
32.350,0.000
32.367,0.000
32.383,0.000
32.400,0.000
32.417,0.000
32.433,0.000
32.450,0.000
32.467,0.000
32.483,0.000
32.500,0.000
32.517,0.000
32.533,0.000
32.550,0.000
32.567,0.000
32.583,0.000
32.600,0.000
32.617,0.000
32.633,0.000
32.650,0.000
32.667,0.000
32.683,0.000
32.700,0.000
32.717,0.000
32.733,0.000
32.750,0.000
32.767,0.000
32.783,0.000
32.800,0.000
32.817,0.000
32.833,0.000
32.850,0.000
32.867,0.000
32.883,0.000
32.900,0.000
32.917,0.000
32.933,0.000
32.950,0.000
32.967,0.000
32.983,0.000
33.000,0.000
33.017,0.000
33.033,0.000
33.050,0.000
33.067,0.000
33.083,0.000
33.100,0.000
33.117,0.000
33.133,0.000
33.150,0.000
33.167,0.000
33.183,0.000
33.200,0.000
33.217,0.000
33.233,0.000
33.250,0.000
33.267,0.000
33.283,0.000
33.300,0.000
33.317,0.000
33.333,0.000
33.350,0.000
33.367,0.000
33.383,0.000
33.400,0.000
33.417,0.000
33.433,0.000
33.450,0.000
33.467,0.000
33.483,0.000
33.500,0.000
33.517,0.000
33.533,0.000
33.550,0.000
33.567,0.000
33.583,0.000
33.600,0.000
33.617,0.000
33.633,0.000
33.650,0.000
33.667,0.000
33.683,0.000
33.700,0.000
33.717,0.000
33.733,0.000
33.750,0.000
33.767,0.000
33.783,0.000
33.800,0.000
33.817,0.000
33.833,0.000
33.850,0.000
33.867,0.000
33.883,0.000
33.900,0.000
33.917,0.000
33.933,0.000
33.950,0.000
33.967,0.000
33.983,0.000
34.000,0.000
34.017,0.000
34.033,0.000
34.050,0.000
34.067,0.000
34.083,0.000
34.100,0.000
34.117,0.000
34.133,0.000
34.150,0.000
34.167,0.000
34.183,0.000
34.200,0.000
34.217,0.000
34.233,0.000
34.250,0.000
34.267,0.000
34.283,0.000
34.300,0.000
34.317,0.000
34.333,0.000
34.350,0.000
34.367,0.000
34.383,0.000
34.400,0.000
34.417,0.000
34.433,0.000
34.450,0.000
34.467,0.000
34.483,0.000
34.500,0.000
34.517,0.000
34.533,0.000
34.550,0.000
34.567,0.000
34.583,0.000
34.600,0.000
34.617,0.000
34.633,0.000
34.650,0.000
34.667,0.000
34.683,0.000
34.700,0.000
34.717,0.000
34.733,0.000
34.750,0.000
34.767,0.000
34.783,0.000
34.800,0.000
34.817,0.000
34.833,0.000
34.850,0.000
34.867,0.000
34.883,0.000
34.900,0.000
34.917,0.000
34.933,0.000
34.950,0.000
34.967,0.000
34.983,0.000
35.000,0.000
35.017,0.000
35.033,0.000
35.050,0.000
35.067,0.000
35.083,0.000
35.100,0.000
35.117,0.000
35.133,0.000
35.150,0.000
35.167,0.000
35.183,0.000
35.200,0.000
35.217,0.000
35.233,0.000
35.250,0.000
35.267,0.000
35.283,0.000
35.300,0.000
35.317,0.000
35.333,0.000
35.350,0.000
35.367,0.000
35.383,0.000
35.400,0.000
35.417,0.000
35.433,0.000
35.450,0.000
35.467,0.000
35.483,0.000
35.500,0.000
35.517,0.000
35.533,0.000
35.550,0.000
35.567,0.000
35.583,0.000
35.600,0.000
35.617,0.000
35.633,0.000
35.650,0.000
35.667,0.000
35.683,0.000
35.700,0.000
35.717,0.000
35.733,0.000
35.750,0.000
35.767,0.000
35.783,0.000
35.800,0.000
35.817,0.000
35.833,0.000
35.850,0.000
35.867,0.000
35.883,0.000
35.900,0.000
35.917,0.000
35.933,0.000
35.950,0.000
35.967,0.000
35.983,0.000
36.000,0.000
36.017,0.000
36.033,0.000
36.050,0.000
36.067,0.000
36.083,0.000
36.100,0.000
36.117,0.000
36.133,0.000
36.150,0.000
36.167,0.000
36.183,0.000
36.200,0.000
36.217,0.000
36.233,0.000
36.250,0.000
36.267,0.000
36.283,0.000
36.300,0.000
36.317,0.000
36.333,0.000
36.350,0.000
36.367,0.000
36.383,0.000
36.400,0.000
36.417,0.000
36.433,0.000
36.450,0.000
36.467,0.000
36.483,0.000
36.500,0.000
36.517,0.000
36.533,0.000
36.550,0.000
36.567,0.000
36.583,0.000
36.600,0.000
36.617,0.000
36.633,0.000
36.650,0.000
36.667,0.000
36.683,0.000
36.700,0.000
36.717,0.000
36.733,0.000
36.750,0.000
36.767,0.000
36.783,0.000
36.800,0.000
36.817,0.000
36.833,0.000
36.850,0.000
36.867,0.000
36.883,0.000
36.900,0.000
36.917,0.000
36.933,0.000
36.950,0.000
36.967,0.000
36.983,0.000
37.000,0.000
37.017,0.000
37.033,0.000
37.050,0.000
37.067,0.000
37.083,0.000
37.100,0.000
37.117,0.000
37.133,0.000
37.150,0.000
37.167,0.000
37.183,0.000
37.200,0.000
37.217,0.000
37.233,0.000
37.250,0.000
37.267,0.000
37.283,0.000
37.300,0.000
37.317,0.000
37.333,0.000
37.350,0.000
37.367,0.000
37.383,0.000
37.400,0.000
37.417,0.000
37.433,0.000
37.450,0.000
37.467,0.000
37.483,0.000
37.500,0.000
37.517,0.000
37.533,0.000
37.550,0.000
37.567,0.000
37.583,0.000
37.600,0.000
37.617,0.000
37.633,0.000
37.650,0.000
37.667,0.000
37.683,0.000
37.700,0.000
37.717,0.000
37.733,0.000
37.750,0.000
37.767,0.000
37.783,0.000
37.800,0.000
37.817,0.000
37.833,0.000
37.850,0.000
37.867,0.000
37.883,0.000
37.900,0.000
37.917,0.000
37.933,0.000
37.950,0.000
37.967,0.000
37.983,0.000
38.000,0.000
38.017,0.000
38.033,0.000
38.050,0.000
38.067,0.000
38.083,0.000
38.100,0.000
38.117,0.000
38.133,0.000
38.150,0.000
38.167,0.000
38.183,0.000
38.200,0.000
38.217,0.000
38.233,0.000
38.250,0.000
38.267,0.000
38.283,0.000
38.300,0.000
38.317,0.000
38.333,0.000
38.350,0.000
38.367,0.000
38.383,0.000
38.400,0.000
38.417,0.000
38.433,0.000
38.450,0.000
38.467,0.000
38.483,0.000
38.500,0.000
38.517,0.000
38.533,0.000
38.550,0.000
38.567,0.000
38.583,0.000
38.600,0.000
38.617,0.000
38.633,0.000
38.650,0.000
38.667,0.000
38.683,0.000
38.700,0.000
38.717,0.000
38.733,0.000
38.750,0.000
38.767,0.000
38.783,0.000
38.800,0.000
38.817,0.000
38.833,0.000
38.850,0.000
38.867,0.000
38.883,0.000
38.900,0.000
38.917,0.000
38.933,0.000
38.950,0.000
38.967,0.000
38.983,0.000
39.000,0.000
39.017,0.000
39.033,0.000
39.050,0.000
39.067,0.000
39.083,0.000
39.100,0.000
39.117,0.000
39.133,0.000
39.150,0.000
39.167,0.000
39.183,0.000
39.200,0.000
39.217,0.000
39.233,0.000
39.250,0.000
39.267,0.000
39.283,0.000
39.300,0.000
39.317,0.000
39.333,0.000
39.350,0.000
39.367,0.000
39.383,0.000
39.400,0.000
39.417,0.000
39.433,0.000
39.450,0.000
39.467,0.000
39.483,0.000
39.500,0.000
39.517,0.000
39.533,0.000
39.550,0.000
39.567,0.000
39.583,0.000
39.600,0.000
39.617,0.000
39.633,0.000
39.650,0.000
39.667,0.000
39.683,0.000
39.700,0.000
39.717,0.000
39.733,0.000
39.750,0.000
39.767,0.000
39.783,0.000
39.800,0.000
39.817,0.000
39.833,0.000
39.850,0.000
39.867,0.000
39.883,0.000
39.900,0.000
39.917,0.000
39.933,0.000
39.950,0.000
39.967,0.000
39.983,0.000
40.000,0.000
40.017,0.000
40.033,0.000
40.050,0.000
40.067,0.000
40.083,0.000
40.100,0.000
40.117,0.000
40.133,0.000
40.150,0.000
40.167,0.000
40.183,0.000
40.200,0.000
40.217,0.000
40.233,0.000
40.250,0.000
40.267,0.000
40.283,0.000
40.300,0.000
40.317,0.000
40.333,0.000
40.350,0.000
40.367,0.000
40.383,0.000
40.400,0.000
40.417,0.000
40.433,0.000
40.450,0.000
40.467,0.000
40.483,0.000
40.500,0.000
40.517,0.000
40.533,0.000
40.550,0.000
40.567,0.000
40.583,0.000
40.600,0.000
40.617,0.000
40.633,0.000
40.650,0.000
40.667,0.000
40.683,0.000
40.700,0.000
40.717,0.000
40.733,0.000
40.750,0.000
40.767,0.000
40.783,0.000
40.800,0.000
40.817,0.000
40.833,0.000
40.850,0.000
40.867,0.000
40.883,0.000
40.900,0.000
40.917,0.000
40.933,0.000
40.950,0.000
40.967,0.000
40.983,0.000
41.000,0.000
41.017,0.000
41.033,0.000
41.050,0.000
41.067,0.000
41.083,0.000
41.100,0.000
41.117,0.000
41.133,0.000
41.150,0.000
41.167,0.000
41.183,0.000
41.200,0.000
41.217,0.000
41.233,0.000
41.250,0.000
41.267,0.000
41.283,0.000
41.300,0.000
41.317,0.000
41.333,0.000
41.350,0.000
41.367,0.000
41.383,0.000
41.400,0.000
41.417,0.000
41.433,0.000
41.450,0.000
41.467,0.000
41.483,0.000
41.500,0.000
41.517,0.000
41.533,0.000
41.550,0.000
41.567,0.000
41.583,0.000
41.600,0.000
41.617,0.000
41.633,0.000
41.650,0.000
41.667,0.000
41.683,0.000
41.700,0.000
41.717,0.000
41.733,0.000
41.750,0.000
41.767,0.000
41.783,0.000
41.800,0.000
41.817,0.000
41.833,0.000
41.850,0.000
41.867,0.000
41.883,0.000
41.900,0.000
41.917,0.000
41.933,0.000
41.950,0.000
41.967,0.000
41.983,0.000
42.000,0.000
42.017,0.000
42.033,0.000
42.050,0.000
42.067,0.000
42.083,0.000
42.100,0.000
42.117,0.000
42.133,0.000
42.150,0.000
42.167,0.000
42.183,0.000
42.200,0.000
42.217,0.000
42.233,0.000
42.250,0.000
42.267,0.000
42.283,0.000
42.300,0.000
42.317,0.000
42.333,0.000
42.350,0.000
42.367,0.000
42.383,0.000
42.400,0.000
42.417,0.000
42.433,0.000
42.450,0.000
42.467,0.000
42.483,0.000
42.500,0.000
42.517,0.000
42.533,0.000
42.550,0.000
42.567,0.000
42.583,0.000
42.600,0.000
42.617,0.000
42.633,0.000
42.650,0.000
42.667,0.000
42.683,0.000
42.700,0.000
42.717,0.000
42.733,0.000
42.750,0.000
42.767,0.000
42.783,0.000
42.800,0.000
42.817,0.000
42.833,0.000
42.850,0.000
42.867,0.000
42.883,0.000
42.900,0.000
42.917,0.000
42.933,0.000
42.950,0.000
42.967,0.000
42.983,0.000
43.000,0.000
43.017,0.000
43.033,0.000
43.050,0.000
43.067,0.000
43.083,0.000
43.100,0.000
43.117,0.000
43.133,0.000
43.150,0.000
43.167,0.000
43.183,0.000
43.200,0.000
43.217,0.000
43.233,0.000
43.250,0.000
43.267,0.000
43.283,0.000
43.300,0.000
43.317,0.000
43.333,0.000
43.350,0.000
43.367,0.000
43.383,0.000
43.400,0.000
43.417,0.000
43.433,0.000
43.450,0.000
43.467,0.000
43.483,0.000
43.500,0.000
43.517,0.000
43.533,0.000
43.550,0.000
43.567,0.000
43.583,0.000
43.600,0.000
43.617,0.000
43.633,0.000
43.650,0.000
43.667,0.000
43.683,0.000
43.700,0.000
43.717,0.000
43.733,0.000
43.750,0.000
43.767,0.000
43.783,0.000
43.800,0.000
43.817,0.000
43.833,0.000
43.850,0.000
43.867,0.000
43.883,0.000
43.900,0.000
43.917,0.000
43.933,0.000
43.950,0.000
43.967,0.000
43.983,0.000
44.000,0.000
44.017,0.000
44.033,0.000
44.050,0.000
44.067,0.000
44.083,0.000
44.100,0.000
44.117,0.000
44.133,0.000
44.150,0.000
44.167,0.000
44.183,0.000
44.200,0.000
44.217,0.000
44.233,0.000
44.250,0.000
44.267,0.000
44.283,0.000
44.300,0.000
44.317,0.000
44.333,0.000
44.350,0.000
44.367,0.000
44.383,0.000
44.400,0.000
44.417,0.000
44.433,0.000
44.450,0.000
44.467,0.000
44.483,0.000
44.500,0.000
44.517,0.000
44.533,0.000
44.550,0.000
44.567,0.000
44.583,0.000
44.600,0.000
44.617,0.000
44.633,0.000
44.650,0.000
44.667,0.000
44.683,0.000
44.700,0.000
44.717,0.000
44.733,0.000
44.750,0.000
44.767,0.000
44.783,0.000
44.800,0.000
44.817,0.000
44.833,0.000
44.850,0.000
44.867,0.000
44.883,0.000
44.900,0.000
44.917,0.000
44.933,0.000
44.950,0.000
44.967,0.000
44.983,0.000
45.000,0.000
45.017,0.000
45.033,0.000
45.050,0.000
45.067,0.000
45.083,0.000
45.100,0.000
45.117,0.000
45.133,0.000
45.150,0.000
45.167,0.000
45.183,0.000
45.200,0.000
45.217,0.000
45.233,0.000
45.250,0.000
45.267,0.000
45.283,0.000
45.300,0.000
45.317,0.000
45.333,0.000
45.350,0.000
45.367,0.000
45.383,0.000
45.400,0.000
45.417,0.000
45.433,0.000
45.450,0.000
45.467,0.000
45.483,0.000
45.500,0.000
45.517,0.000
45.533,0.000
45.550,0.000
45.567,0.000
45.583,0.000
45.600,0.000
45.617,0.000
45.633,0.000
45.650,0.000
45.667,0.000
45.683,0.000
45.700,0.000
45.717,0.000
45.733,0.000
45.750,0.000
45.767,0.000
45.783,0.000
45.800,0.000
45.817,0.000
45.833,0.000
45.850,0.000
45.867,0.000
45.883,0.000
45.900,0.000
45.917,0.000
45.933,0.000
45.950,0.000
45.967,0.000
45.983,0.000
46.000,0.000
46.017,0.000
46.033,0.000
46.050,0.000
46.067,0.000
46.083,0.000
46.100,0.000
46.117,0.000
46.133,0.000
46.150,0.000
46.167,0.000
46.183,0.000
46.200,0.000
46.217,0.000
46.233,0.000
46.250,0.000
46.267,0.000
46.283,0.000
46.300,0.000
46.317,0.000
46.333,0.000
46.350,0.000
46.367,0.000
46.383,0.000
46.400,0.000
46.417,0.000
46.433,0.000
46.450,0.000
46.467,0.000
46.483,0.000
46.500,0.000
46.517,0.000
46.533,0.000
46.550,0.000
46.567,0.000
46.583,0.000
46.600,0.000
46.617,0.000
46.633,0.000
46.650,0.000
46.667,0.000
46.683,0.000
46.700,0.000
46.717,0.000
46.733,0.000
46.750,0.000
46.767,0.000
46.783,0.000
46.800,0.000
46.817,0.000
46.833,0.000
46.850,0.000
46.867,0.000
46.883,0.000
46.900,0.000
46.917,0.000
46.933,0.000
46.950,0.000
46.967,0.000
46.983,0.000
47.000,0.000
47.017,0.000
47.033,0.000
47.050,0.000
47.067,0.000
47.083,0.000
47.100,0.000
47.117,0.000
47.133,0.000
47.150,0.000
47.167,0.000
47.183,0.000
47.200,0.000
47.217,0.000
47.233,0.000
47.250,0.000
47.267,0.000
47.283,0.000
47.300,0.000
47.317,0.000
47.333,0.000
47.350,0.000
47.367,0.000
47.383,0.000
47.400,0.000
47.417,0.000
47.433,0.000
47.450,0.000
47.467,0.000
47.483,0.000
47.500,0.000
47.517,0.000
47.533,0.000
47.550,0.000
47.567,0.000
47.583,0.000
47.600,0.000
47.617,0.000
47.633,0.000
47.650,0.000
47.667,0.000
47.683,0.000
47.700,0.000
47.717,0.000
47.733,0.000
47.750,0.000
47.767,0.000
47.783,0.000
47.800,0.000
47.817,0.000
47.833,0.000
47.850,0.000
47.867,0.000
47.883,0.000
47.900,0.000
47.917,0.000
47.933,0.000
47.950,0.000
47.967,0.000
47.983,0.000
48.000,0.000
48.017,0.000
48.033,0.000
48.050,0.000
48.067,0.000
48.083,0.000
48.100,0.000
48.117,0.000
48.133,0.000
48.150,0.000
48.167,0.000
48.183,0.000
48.200,0.000
48.217,0.000
48.233,0.000
48.250,0.000
48.267,0.000
48.283,0.000
48.300,0.000
48.317,0.000
48.333,0.000
48.350,0.000
48.367,0.000
48.383,0.000
48.400,0.000
48.417,0.000
48.433,0.000
48.450,0.000
48.467,0.000
48.483,0.000
48.500,0.000
48.517,0.000
48.533,0.000
48.550,0.000
48.567,0.000
48.583,0.000
48.600,0.000
48.617,0.000
48.633,0.000
48.650,0.000
48.667,0.000
48.683,0.000
48.700,0.000
48.717,0.000
48.733,0.000
48.750,0.000
48.767,0.000
48.783,0.000
48.800,0.000
48.817,0.000
48.833,0.000
48.850,0.000
48.867,0.000
48.883,0.000
48.900,0.000
48.917,0.000
48.933,0.000
48.950,0.000
48.967,0.000
48.983,0.000
49.000,0.000
49.017,0.000
49.033,0.000
49.050,0.000
49.067,0.000
49.083,0.000
49.100,0.000
49.117,0.000
49.133,0.000
49.150,0.000
49.167,0.000
49.183,0.000
49.200,0.000
49.217,0.000
49.233,0.000
49.250,0.000
49.267,0.000
49.283,0.000
49.300,0.000
49.317,0.000
49.333,0.000
49.350,0.000
49.367,0.000
49.383,0.000
49.400,0.000
49.417,0.000
49.433,0.000
49.450,0.000
49.467,0.000
49.483,0.000
49.500,0.000
49.517,0.000
49.533,0.000
49.550,0.000
49.567,0.000
49.583,0.000
49.600,0.000
49.617,0.000
49.633,0.000
49.650,0.000
49.667,0.000
49.683,0.000
49.700,0.000
49.717,0.000
49.733,0.000
49.750,0.000
49.767,0.000
49.783,0.000
49.800,0.000
49.817,0.000
49.833,0.000
49.850,0.000
49.867,0.000
49.883,0.000
49.900,0.000
49.917,0.000
49.933,0.000
49.950,0.000
49.967,0.000
49.983,0.000
50.000,0.000
50.017,0.000
50.033,0.000
50.050,0.000
50.067,0.000
50.083,0.000
50.100,0.000
50.117,0.000
50.133,0.000
50.150,0.000
50.167,0.000
50.183,0.000
50.200,0.000
50.217,0.000
50.233,0.000
50.250,0.000
50.267,0.000
50.283,0.000
50.300,0.000
50.317,0.000
50.333,0.000
50.350,0.000
50.367,0.000
50.383,0.000
50.400,0.000
50.417,0.000
50.433,0.000
50.450,0.000
50.467,0.000
50.483,0.000
50.500,0.000
50.517,0.000
50.533,0.000
50.550,0.000
50.567,0.000
50.583,0.000
50.600,0.000
50.617,0.000
50.633,0.000
50.650,0.000
50.667,0.000
50.683,0.000
50.700,0.000
50.717,0.000
50.733,0.000
50.750,0.000
50.767,0.000
50.783,0.000
50.800,0.000
50.817,0.000
50.833,0.000
50.850,0.000
50.867,0.000
50.883,0.000
50.900,0.000
50.917,0.000
50.933,0.000
50.950,0.000
50.967,0.000
50.983,0.000
51.000,0.000
51.017,0.000
51.033,0.000
51.050,0.000
51.067,0.000
51.083,0.000
51.100,0.000
51.117,0.000
51.133,0.000
51.150,0.000
51.167,0.000
51.183,0.000
51.200,0.000
51.217,0.000
51.233,0.000
51.250,0.000
51.267,0.000
51.283,0.000
51.300,0.000
51.317,0.000
51.333,0.000
51.350,0.000
51.367,0.000
51.383,0.000
51.400,0.000
51.417,0.000
51.433,0.000
51.450,0.000
51.467,0.000
51.483,0.000
51.500,0.000
51.517,0.000
51.533,0.000
51.550,0.000
51.567,0.000
51.583,0.000
51.600,0.000
51.617,0.000
51.633,0.000
51.650,0.000
51.667,0.000
51.683,0.000
51.700,0.000
51.717,0.000
51.733,0.000
51.750,0.000
51.767,0.000
51.783,0.000
51.800,0.000
51.817,0.000
51.833,0.000
51.850,0.000
51.867,0.000
51.883,0.000
51.900,0.000
51.917,0.000
51.933,0.000
51.950,0.000
51.967,0.000
51.983,0.000
52.000,0.000
52.017,0.000
52.033,0.000
52.050,0.000
52.067,0.000
52.083,0.000
52.100,0.000
52.117,0.000
52.133,0.000
52.150,0.000
52.167,0.000
52.183,0.000
52.200,0.000
52.217,0.000
52.233,0.000
52.250,0.000
52.267,0.000
52.283,0.000
52.300,0.000
52.317,0.000
52.333,0.000
52.350,0.000
52.367,0.000
52.383,0.000
52.400,0.000
52.417,0.000
52.433,0.000
52.450,0.000
52.467,0.000
52.483,0.000
52.500,0.000
52.517,0.000
52.533,0.000
52.550,0.000
52.567,0.000
52.583,0.000
52.600,0.000
52.617,0.000
52.633,0.000
52.650,0.000
52.667,0.000
52.683,0.000
52.700,0.000
52.717,0.000
52.733,0.000
52.750,0.000
52.767,0.000
52.783,0.000
52.800,0.000
52.817,0.000
52.833,0.000
52.850,0.000
52.867,0.000
52.883,0.000
52.900,0.000
52.917,0.000
52.933,0.000
52.950,0.000
52.967,0.000
52.983,0.000
53.000,0.000
53.017,0.000
53.033,0.000
53.050,0.000
53.067,0.000
53.083,0.000
53.100,0.000
53.117,0.000
53.133,0.000
53.150,0.000
53.167,0.000
53.183,0.000
53.200,0.000
53.217,0.000
53.233,0.000
53.250,0.000
53.267,0.000
53.283,0.000
53.300,0.000
53.317,0.000
53.333,0.000
53.350,0.000
53.367,0.000
53.383,0.000
53.400,0.000
53.417,0.000
53.433,0.000
53.450,0.000
53.467,0.000
53.483,0.000
53.500,0.000
53.517,0.000
53.533,0.000
53.550,0.000
53.567,0.000
53.583,0.000
53.600,0.000
53.617,0.000
53.633,0.000
53.650,0.000
53.667,0.000
53.683,0.000
53.700,0.000
53.717,0.000
53.733,0.000
53.750,0.000
53.767,0.000
53.783,0.000
53.800,0.000
53.817,0.000
53.833,0.000
53.850,0.000
53.867,0.000
53.883,0.000
53.900,0.000
53.917,0.000
53.933,0.000
53.950,0.000
53.967,0.000
53.983,0.000
54.000,0.000
54.017,0.000
54.033,0.000
54.050,0.000
54.067,0.000
54.083,0.000
54.100,0.000
54.117,0.000
54.133,0.000
54.150,0.000
54.167,0.000
54.183,0.000
54.200,0.000
54.217,0.000
54.233,0.000
54.250,0.000
54.267,0.000
54.283,0.000
54.300,0.000
54.317,0.000
54.333,0.000
54.350,0.000
54.367,0.000
54.383,0.000
54.400,0.000
54.417,0.000
54.433,0.000
54.450,0.000
54.467,0.000
54.483,0.000
54.500,0.000
54.517,0.000
54.533,0.000
54.550,0.000
54.567,0.000
54.583,0.000
54.600,0.000
54.617,0.000
54.633,0.000
54.650,0.000
54.667,0.000
54.683,0.000
54.700,0.000
54.717,0.000
54.733,0.000
54.750,0.000
54.767,0.000
54.783,0.000
54.800,0.000
54.817,0.000
54.833,0.000
54.850,0.000
54.867,0.000
54.883,0.000
54.900,0.000
54.917,0.000
54.933,0.000
54.950,0.000
54.967,0.000
54.983,0.000
55.000,0.000
55.017,0.000
55.033,0.000
55.050,0.000
55.067,0.000
55.083,0.000
55.100,0.000
55.117,0.000
55.133,0.000
55.150,0.000
55.167,0.000
55.183,0.000
55.200,0.000
55.217,0.000
55.233,0.000
55.250,0.000
55.267,0.000
55.283,0.000
55.300,0.000
55.317,0.000
55.333,0.000
55.350,0.000
55.367,0.000
55.383,0.000
55.400,0.000
55.417,0.000
55.433,0.000
55.450,0.000
55.467,0.000
55.483,0.000
55.500,0.000
55.517,0.000
55.533,0.000
55.550,0.000
55.567,0.000
55.583,0.000
55.600,0.000
55.617,0.000
55.633,0.000
55.650,0.000
55.667,0.000
55.683,0.000
55.700,0.000
55.717,0.000
55.733,0.000
55.750,0.000
55.767,0.000
55.783,0.000
55.800,0.000
55.817,0.000
55.833,0.000
55.850,0.000
55.867,0.000
55.883,0.000
55.900,0.000
55.917,0.000
55.933,0.000
55.950,0.000
55.967,0.000
55.983,0.000
56.000,0.000
56.017,0.000
56.033,0.000
56.050,0.000
56.067,0.000
56.083,0.000
56.100,0.000
56.117,0.000
56.133,0.000
56.150,0.000
56.167,0.000
56.183,0.000
56.200,0.000
56.217,0.000
56.233,0.000
56.250,0.000
56.267,0.000
56.283,0.000
56.300,0.000
56.317,0.000
56.333,0.000
56.350,0.000
56.367,0.000
56.383,0.000
56.400,0.000
56.417,0.000
56.433,0.000
56.450,0.000
56.467,0.000
56.483,0.000
56.500,0.000
56.517,0.000
56.533,0.000
56.550,0.000
56.567,0.000
56.583,0.000
56.600,0.000
56.617,0.000
56.633,0.000
56.650,0.000
56.667,0.000
56.683,0.000
56.700,0.000
56.717,0.000
56.733,0.000
56.750,0.000
56.767,0.000
56.783,0.000
56.800,0.000
56.817,0.000
56.833,0.000
56.850,0.000
56.867,0.000
56.883,0.000
56.900,0.000
56.917,0.000
56.933,0.000
56.950,0.000
56.967,0.000
56.983,0.000
57.000,0.000
57.017,0.000
57.033,0.000
57.050,0.000
57.067,0.000
57.083,0.000
57.100,0.000
57.117,0.000
57.133,0.000
57.150,0.000
57.167,0.000
57.183,0.000
57.200,0.000
57.217,0.000
57.233,0.000
57.250,0.000
57.267,0.000
57.283,0.000
57.300,0.000
57.317,0.000
57.333,0.000
57.350,0.000
57.367,0.000
57.383,0.000
57.400,0.000
57.417,0.000
57.433,0.000
57.450,0.000
57.467,0.000
57.483,0.000
57.500,0.000
57.517,0.000
57.533,0.000
57.550,0.000
57.567,0.000
57.583,0.000
57.600,0.000
57.617,0.000
57.633,0.000
57.650,0.000
57.667,0.000
57.683,0.000
57.700,0.000
57.717,0.000
57.733,0.000
57.750,0.000
57.767,0.000
57.783,0.000
57.800,0.000
57.817,0.000
57.833,0.000
57.850,0.000
57.867,0.000
57.883,0.000
57.900,0.000
57.917,0.000
57.933,0.000
57.950,0.000
57.967,0.000
57.983,0.000
58.000,0.000
58.017,0.000
58.033,0.000
58.050,0.000
58.067,0.000
58.083,0.000
58.100,0.000
58.117,0.000
58.133,0.000
58.150,0.000
58.167,0.000
58.183,0.000
58.200,0.000
58.217,0.000
58.233,0.000
58.250,0.000
58.267,0.000
58.283,0.000
58.300,0.000
58.317,0.000
58.333,0.000
58.350,0.000
58.367,0.000
58.383,0.000
58.400,0.000
58.417,0.000
58.433,0.000
58.450,0.000
58.467,0.000
58.483,0.000
58.500,0.000
58.517,0.000
58.533,0.000
58.550,0.000
58.567,0.000
58.583,0.000
58.600,0.000
58.617,0.000
58.633,0.000
58.650,0.000
58.667,0.000
58.683,0.000
58.700,0.000
58.717,0.000
58.733,0.000
58.750,0.000
58.767,0.000
58.783,0.000
58.800,0.000
58.817,0.000
58.833,0.000
58.850,0.000
58.867,0.000
58.883,0.000
58.900,0.000
58.917,0.000
58.933,0.000
58.950,0.000
58.967,0.000
58.983,0.000
59.000,0.000
59.017,0.000
59.033,0.000
59.050,0.000
59.067,0.000
59.083,0.000
59.100,0.000
59.117,0.000
59.133,0.000
59.150,0.000
59.167,0.000
59.183,0.000
59.200,0.000
59.217,0.000
59.233,0.000
59.250,0.000
59.267,0.000
59.283,0.000
59.300,0.000
59.317,0.000
59.333,0.000
59.350,0.000
59.367,0.000
59.383,0.000
59.400,0.000
59.417,0.000
59.433,0.000
59.450,0.000
59.467,0.000
59.483,0.000
59.500,0.000
59.517,0.000
59.533,0.000
59.550,0.000
59.567,0.000
59.583,0.000
59.600,0.000
59.617,0.000
59.633,0.000
59.650,0.000
59.667,0.000
59.683,0.000
59.700,0.000
59.717,0.000
59.733,0.000
59.750,0.000
59.767,0.000
59.783,0.000
59.800,0.000
59.817,0.000
59.833,0.000
59.850,0.000
59.867,0.000
59.883,0.000
59.900,0.000
59.917,0.000
59.933,0.000
59.950,0.000
59.967,0.000
59.983,0.000
60.000,0.000
60.017,0.000
60.033,0.000
60.050,0.000
60.067,0.000
60.083,0.000
60.100,0.000
60.117,0.000
60.133,0.000
60.150,0.000
60.167,0.000
60.183,0.000
60.200,0.000
60.217,0.000
60.233,0.000
60.250,0.000
60.267,0.000
60.283,0.000
60.300,0.000
60.317,0.000
60.333,0.000
60.350,0.000
60.367,0.000
60.383,0.000
60.400,0.000
60.417,0.000
60.433,0.000
60.450,0.000
60.467,0.000
60.483,0.000
60.500,0.000
60.517,0.000
60.533,0.000
60.550,0.000
60.567,0.000
60.583,0.000
60.600,0.000
60.617,0.000
60.633,0.000
60.650,0.000
60.667,0.000
60.683,0.000
60.700,0.000
60.717,0.000
60.733,0.000
60.750,0.000
60.767,0.000
60.783,0.000
60.800,0.000
60.817,0.000
60.833,0.000
60.850,0.000
60.867,0.000
60.883,0.000
60.900,0.000
60.917,0.000
60.933,0.000
60.950,0.000
60.967,0.000
60.983,0.000
61.000,0.000
61.017,0.000
61.033,0.000
61.050,0.000
61.067,0.000
61.083,0.000
61.100,0.000
61.117,0.000
61.133,0.000
61.150,0.000
61.167,0.000
61.183,0.000
61.200,0.000
61.217,0.000
61.233,0.000
61.250,0.000
61.267,0.000
61.283,0.000
61.300,0.000
61.317,0.000
61.333,0.000
61.350,0.000
61.367,0.000
61.383,0.000
61.400,0.000
61.417,0.000
61.433,0.000
61.450,0.000
61.467,0.000
61.483,0.000
61.500,0.000
61.517,0.000
61.533,0.000
61.550,0.000
61.567,0.000
61.583,0.000
61.600,0.000
61.617,0.000
61.633,0.000
61.650,0.000
61.667,0.000
61.683,0.000
61.700,0.000
61.717,0.000
61.733,0.000
61.750,0.000
61.767,0.000
61.783,0.000
61.800,0.000
61.817,0.000
61.833,0.000
61.850,0.000
61.867,0.000
61.883,0.000
61.900,0.000
61.917,0.000
61.933,0.000
61.950,0.000
61.967,0.000
61.983,0.000
62.000,0.000
62.017,0.000
62.033,0.000
62.050,0.000
62.067,0.000
62.083,0.000
62.100,0.000
62.117,0.000
62.133,0.000
62.150,0.000
62.167,0.000
62.183,0.000
62.200,0.000
62.217,0.000
62.233,0.000
62.250,0.000
62.267,0.000
62.283,0.000
62.300,0.000
62.317,0.000
62.333,0.000
62.350,0.000
62.367,0.000
62.383,0.000
62.400,0.000
62.417,0.000
62.433,0.000
62.450,0.000
62.467,0.000
62.483,0.000
62.500,0.000
62.517,0.000
62.533,0.000
62.550,0.000
62.567,0.000
62.583,0.000
62.600,0.000
62.617,0.000
62.633,0.000
62.650,0.000
62.667,0.000
62.683,0.000
62.700,0.000
62.717,0.000
62.733,0.000
62.750,0.000
62.767,0.000
62.783,0.000
62.800,0.000
62.817,0.000
62.833,0.000
62.850,0.000
62.867,0.000
62.883,0.000
62.900,0.000
62.917,0.000
62.933,0.000
62.950,0.000
62.967,0.000
62.983,0.000
63.000,0.000
63.017,0.000
63.033,0.000
63.050,0.000
63.067,0.000
63.083,0.000
63.100,0.000
63.117,0.000
63.133,0.000
63.150,0.000
63.167,0.000
63.183,0.000
63.200,0.000
63.217,0.000
63.233,0.000
63.250,0.000
63.267,0.000
63.283,0.000
63.300,0.000
63.317,0.000
63.333,0.000
63.350,0.000
63.367,0.000
63.383,0.000
63.400,0.000
63.417,0.000
63.433,0.000
63.450,0.000
63.467,0.000
63.483,0.000
63.500,0.000
63.517,0.000
63.533,0.000
63.550,0.000
63.567,0.000
63.583,0.000
63.600,0.000
63.617,0.000
63.633,0.000
63.650,0.000
63.667,0.000
63.683,0.000
63.700,0.000
63.717,0.000
63.733,0.000
63.750,0.000
63.767,0.000
63.783,0.000
63.800,0.000
63.817,0.000
63.833,0.000
63.850,0.000
63.867,0.000
63.883,0.000
63.900,0.000
63.917,0.000
63.933,0.000
63.950,0.000
63.967,0.000
63.983,0.000
64.000,0.000
64.017,0.000
64.033,0.000
64.050,0.000
64.067,0.000
64.083,0.000
64.100,0.000
64.117,0.000
64.133,0.000
64.150,0.000
64.167,0.000
64.183,0.000
64.200,0.000
64.217,0.000
64.233,0.000
64.250,0.000
64.267,0.000
64.283,0.000
64.300,0.000
64.317,0.000
64.333,0.000
64.350,0.000
64.367,0.000
64.383,0.000
64.400,0.000
64.417,0.000
64.433,0.000
64.450,0.000
64.467,0.000
64.483,0.000
64.500,0.000
64.517,0.000
64.533,0.000
64.550,0.000
64.567,0.000
64.583,0.000
64.600,0.000
64.617,0.000
64.633,0.000
64.650,0.000
64.667,0.000
64.683,0.000
64.700,0.000
64.717,0.000
64.733,0.000
64.750,0.000
64.767,0.000
64.783,0.000
64.800,0.000
64.817,0.000
64.833,0.000
64.850,0.000
64.867,0.000
64.883,0.000
64.900,0.000
64.917,0.000
64.933,0.000
64.950,0.000
64.967,0.000
64.983,0.000
65.000,0.000
65.017,0.000
65.033,0.000
65.050,0.000
65.067,0.000
65.083,0.000
65.100,0.000
65.117,0.000
65.133,0.000
65.150,0.000
65.167,0.000
65.183,0.000
65.200,0.000
65.217,0.000
65.233,0.000
65.250,0.000
65.267,0.000
65.283,0.000
65.300,0.000
65.317,0.000
65.333,0.000
65.350,0.000
65.367,0.000
65.383,0.000
65.400,0.000
65.417,0.000
65.433,0.000
65.450,0.000
65.467,0.000
65.483,0.000
65.500,0.000
65.517,0.000
65.533,0.000
65.550,0.000
65.567,0.000
65.583,0.000
65.600,0.000
65.617,0.000
65.633,0.000
65.650,0.000
65.667,0.000
65.683,0.000
65.700,0.000
65.717,0.000
65.733,0.000
65.750,0.000
65.767,0.000
65.783,0.000
65.800,0.000
65.817,0.000
65.833,0.000
65.850,0.000
65.867,0.000
65.883,0.000
65.900,0.000
65.917,0.000
65.933,0.000
65.950,0.000
65.967,0.000
65.983,0.000
66.000,0.000
66.017,0.000
66.033,0.000
66.050,0.000
66.067,0.000
66.083,0.000
66.100,0.000
66.117,0.000
66.133,0.000
66.150,0.000
66.167,0.000
66.183,0.000
66.200,0.000
66.217,0.000
66.233,0.000
66.250,0.000
66.267,0.000
66.283,0.000
66.300,0.000
66.317,0.000
66.333,0.000
66.350,0.000
66.367,0.000
66.383,0.000
66.400,0.000
66.417,0.000
66.433,0.000
66.450,0.000
66.467,0.000
66.483,0.000
66.500,0.000
66.517,0.000
66.533,0.000
66.550,0.000
66.567,0.000
66.583,0.000
66.600,0.000
66.617,0.000
66.633,0.000
66.650,0.000
66.667,0.000
66.683,0.000
66.700,0.000
66.717,0.000
66.733,0.000
66.750,0.000
66.767,0.000
66.783,0.000
66.800,0.000
66.817,0.000
66.833,0.000
66.850,0.000
66.867,0.000
66.883,0.000
66.900,0.000
66.917,0.000
66.933,0.000
66.950,0.000
66.967,0.000
66.983,0.000
67.000,0.000
67.017,0.000
67.033,0.000
67.050,0.000
67.067,0.000
67.083,0.000
67.100,0.000
67.117,0.000
67.133,0.000
67.150,0.000
67.167,0.000
67.183,0.000
67.200,0.000
67.217,0.000
67.233,0.000
67.250,0.000
67.267,0.000
67.283,0.000
67.300,0.000
67.317,0.000
67.333,0.000
67.350,0.000
67.367,0.000
67.383,0.000
67.400,0.000
67.417,0.000
67.433,0.000
67.450,0.000
67.467,0.000
67.483,0.000
67.500,0.000
67.517,0.000
67.533,0.000
67.550,0.000
67.567,0.000
67.583,0.000
67.600,0.000
67.617,0.000
67.633,0.000
67.650,0.000
67.667,0.000
67.683,0.000
67.700,0.000
67.717,0.000
67.733,0.000
67.750,0.000
67.767,0.000
67.783,0.000
67.800,0.000
67.817,0.000
67.833,0.000
67.850,0.000
67.867,0.000
67.883,0.000
67.900,0.000
67.917,0.000
67.933,0.000
67.950,0.000
67.967,0.000
67.983,0.000
68.000,0.000
68.017,0.000
68.033,0.000
68.050,0.000
68.067,0.000
68.083,0.000
68.100,0.000
68.117,0.000
68.133,0.000
68.150,0.000
68.167,0.000
68.183,0.000
68.200,0.000
68.217,0.000
68.233,0.000
68.250,0.000
68.267,0.000
68.283,0.000
68.300,0.000
68.317,0.000
68.333,0.000
68.350,0.000
68.367,0.000
68.383,0.000
68.400,0.000
68.417,0.000
68.433,0.000
68.450,0.000
68.467,0.000
68.483,0.000
68.500,0.000
68.517,0.000
68.533,0.000
68.550,0.000
68.567,0.000
68.583,0.000
68.600,0.000
68.617,0.000
68.633,0.000
68.650,0.000
68.667,0.000
68.683,0.000
68.700,0.000
68.717,0.000
68.733,0.000
68.750,0.000
68.767,0.000
68.783,0.000
68.800,0.000
68.817,0.000
68.833,0.000
68.850,0.000
68.867,0.000
68.883,0.000
68.900,0.000
68.917,0.000
68.933,0.000
68.950,0.000
68.967,0.000
68.983,0.000
69.000,0.000
69.017,0.000
69.033,0.000
69.050,0.000
69.067,0.000
69.083,0.000
69.100,0.000
69.117,0.000
69.133,0.000
69.150,0.000
69.167,0.000
69.183,0.000
69.200,0.000
69.217,0.000
69.233,0.000
69.250,0.000
69.267,0.000
69.283,0.000
69.300,0.000
69.317,0.000
69.333,0.000
69.350,0.000
69.367,0.000
69.383,0.000
69.400,0.000
69.417,0.000
69.433,0.000
69.450,0.000
69.467,0.000
69.483,0.000
69.500,0.000
69.517,0.000
69.533,0.000
69.550,0.000
69.567,0.000
69.583,0.000
69.600,0.000
69.617,0.000
69.633,0.000
69.650,0.000
69.667,0.000
69.683,0.000
69.700,0.000
69.717,0.000
69.733,0.000
69.750,0.000
69.767,0.000
69.783,0.000
69.800,0.000
69.817,0.000
69.833,0.000
69.850,0.000
69.867,0.000
69.883,0.000
69.900,0.000
69.917,0.000
69.933,0.000
69.950,0.000
69.967,0.000
69.983,0.000
70.000,0.000
70.017,0.000
70.033,0.000
70.050,0.000
70.067,0.000
70.083,0.000
70.100,0.000
70.117,0.000
70.133,0.000
70.150,0.000
70.167,0.000
70.183,0.000
70.200,0.000
70.217,0.000
70.233,0.000
70.250,0.000
70.267,0.000
70.283,0.000
70.300,0.000
70.317,0.000
70.333,0.000
70.350,0.000
70.367,0.000
70.383,0.000
70.400,0.000
70.417,0.000
70.433,0.000
70.450,0.000
70.467,0.000
70.483,0.000
70.500,0.000
70.517,0.000
70.533,0.000
70.550,0.000
70.567,0.000
70.583,0.000
70.600,0.000
70.617,0.000
70.633,0.000
70.650,0.000
70.667,0.000
70.683,0.000
70.700,0.000
70.717,0.000
70.733,0.000
70.750,0.000
70.767,0.000
70.783,0.000
70.800,0.000
70.817,0.000
70.833,0.000
70.850,0.000
70.867,0.000
70.883,0.000
70.900,0.000
70.917,0.000
70.933,0.000
70.950,0.000
70.967,0.000
70.983,0.000
71.000,0.000
71.017,0.000
71.033,0.000
71.050,0.000
71.067,0.000
71.083,0.000
71.100,0.000
71.117,0.000
71.133,0.000
71.150,0.000
71.167,0.000
71.183,0.000
71.200,0.000
71.217,0.000
71.233,0.000
71.250,0.000
71.267,0.000
71.283,0.000
71.300,0.000
71.317,0.000
71.333,0.000
71.350,0.000
71.367,0.000
71.383,0.000
71.400,0.000
71.417,0.000
71.433,0.000
71.450,0.000
71.467,0.000
71.483,0.000
71.500,0.000
71.517,0.000
71.533,0.000
71.550,0.000
71.567,0.000
71.583,0.000
71.600,0.000
71.617,0.000
71.633,0.000
71.650,0.000
71.667,0.000
71.683,0.000
71.700,0.000
71.717,0.000
71.733,0.000
71.750,0.000
71.767,0.000
71.783,0.000
71.800,0.000
71.817,0.000
71.833,0.000
71.850,0.000
71.867,0.000
71.883,0.000
71.900,0.000
71.917,0.000
71.933,0.000
71.950,0.000
71.967,0.000
71.983,0.000
72.000,0.000
72.017,0.000
72.033,0.000
72.050,0.000
72.067,0.000
72.083,0.000
72.100,0.000
72.117,0.000
72.133,0.000
72.150,0.000
72.167,0.000
72.183,0.000
72.200,0.000
72.217,0.000
72.233,0.000
72.250,0.000
72.267,0.000
72.283,0.000
72.300,0.000
72.317,0.000
72.333,0.000
72.350,0.000
72.367,0.000
72.383,0.000
72.400,0.000
72.417,0.000
72.433,0.000
72.450,0.000
72.467,0.000
72.483,0.000
72.500,0.000
72.517,0.000
72.533,0.000
72.550,0.000
72.567,0.000
72.583,0.000
72.600,0.000
72.617,0.000
72.633,0.000
72.650,0.000
72.667,0.000
72.683,0.000
72.700,0.000
72.717,0.000
72.733,0.000
72.750,0.000
72.767,0.000
72.783,0.000
72.800,0.000
72.817,0.000
72.833,0.000
72.850,0.000
72.867,0.000
72.883,0.000
72.900,0.000
72.917,0.000
72.933,0.000
72.950,0.000
72.967,0.000
72.983,0.000
73.000,0.000
73.017,0.000
73.033,0.000
73.050,0.000
73.067,0.000
73.083,0.000
73.100,0.000
73.117,0.000
73.133,0.000
73.150,0.000
73.167,0.000
73.183,0.000
73.200,0.000
73.217,0.000
73.233,0.000
73.250,0.000
73.267,0.000
73.283,0.000
73.300,0.000
73.317,0.000
73.333,0.000
73.350,0.000
73.367,0.000
73.383,0.000
73.400,0.000
73.417,0.000
73.433,0.000
73.450,0.000
73.467,0.000
73.483,0.000
73.500,0.000
73.517,0.000
73.533,0.000
73.550,0.000
73.567,0.000
73.583,0.000
73.600,0.000
73.617,0.000
73.633,0.000
73.650,0.000
73.667,0.000
73.683,0.000
73.700,0.000
73.717,0.000
73.733,0.000
73.750,0.000
73.767,0.000
73.783,0.000
73.800,0.000
73.817,0.000
73.833,0.000
73.850,0.000
73.867,0.000
73.883,0.000
73.900,0.000
73.917,0.000
73.933,0.000
73.950,0.000
73.967,0.000
73.983,0.000
74.000,0.000
74.017,0.000
74.033,0.000
74.050,0.000
74.067,0.000
74.083,0.000
74.100,0.000
74.117,0.000
74.133,0.000
74.150,0.000
74.167,0.000
74.183,0.000
74.200,0.000
74.217,0.000
74.233,0.000
74.250,0.000
74.267,0.000
74.283,0.000
74.300,0.000
74.317,0.000
74.333,0.000
74.350,0.000
74.367,0.000
74.383,0.000
74.400,0.000
74.417,0.000
74.433,0.000
74.450,0.000
74.467,0.000
74.483,0.000
74.500,0.000
74.517,0.000
74.533,0.000
74.550,0.000
74.567,0.000
74.583,0.000
74.600,0.000
74.617,0.000
74.633,0.000
74.650,0.000
74.667,0.000
74.683,0.000
74.700,0.000
74.717,0.000
74.733,0.000
74.750,0.000
74.767,0.000
74.783,0.000
74.800,0.000
74.817,0.000
74.833,0.000
74.850,0.000
74.867,0.000
74.883,0.000
74.900,0.000
74.917,0.000
74.933,0.000
74.950,0.000
74.967,0.000
74.983,0.000
75.000,0.000
75.017,0.000
75.033,0.000
75.050,0.000
75.067,0.000
75.083,0.000
75.100,0.000
75.117,0.000
75.133,0.000
75.150,0.000
75.167,0.000
75.183,0.000
75.200,0.000
75.217,0.000
75.233,0.000
75.250,0.000
75.267,0.000
75.283,0.000
75.300,0.000
75.317,0.000
75.333,0.000
75.350,0.000
75.367,0.000
75.383,0.000
75.400,0.000
75.417,0.000
75.433,0.000
75.450,0.000
75.467,0.000
75.483,0.000
75.500,0.000
75.517,0.000
75.533,0.000
75.550,0.000
75.567,0.000
75.583,0.000
75.600,0.000
75.617,0.000
75.633,0.000
75.650,0.000
75.667,0.000
75.683,0.000
75.700,0.000
75.717,0.000
75.733,0.000
75.750,0.000
75.767,0.000
75.783,0.000
75.800,0.000
75.817,0.000
75.833,0.000
75.850,0.000
75.867,0.000
75.883,0.000
75.900,0.000
75.917,0.000
75.933,0.000
75.950,0.000
75.967,0.000
75.983,0.000
76.000,0.000
76.017,0.000
76.033,0.000
76.050,0.000
76.067,0.000
76.083,0.000
76.100,0.000
76.117,0.000
76.133,0.000
76.150,0.000
76.167,0.000
76.183,0.000
76.200,0.000
76.217,0.000
76.233,0.000
76.250,0.000
76.267,0.000
76.283,0.000
76.300,0.000
76.317,0.000
76.333,0.000
76.350,0.000
76.367,0.000
76.383,0.000
76.400,0.000
76.417,0.000
76.433,0.000
76.450,0.000
76.467,0.000
76.483,0.000
76.500,0.000
76.517,0.000
76.533,0.000
76.550,0.000
76.567,0.000
76.583,0.000
76.600,0.000
76.617,0.000
76.633,0.000
76.650,0.000
76.667,0.000
76.683,0.000
76.700,0.000
76.717,0.000
76.733,0.000
76.750,0.000
76.767,0.000
76.783,0.000
76.800,0.000
76.817,0.000
76.833,0.000
76.850,0.000
76.867,0.000
76.883,0.000
76.900,0.000
76.917,0.000
76.933,0.000
76.950,0.000
76.967,0.000
76.983,0.000
77.000,0.000
77.017,0.000
77.033,0.000
77.050,0.000
77.067,0.000
77.083,0.000
77.100,0.000
77.117,0.000
77.133,0.000
77.150,0.000
77.167,0.000
77.183,0.000
77.200,0.000
77.217,0.000
77.233,0.000
77.250,0.000
77.267,0.000
77.283,0.000
77.300,0.000
77.317,0.000
77.333,0.000
77.350,0.000
77.367,0.000
77.383,0.000
77.400,0.000
77.417,0.000
77.433,0.000
77.450,0.000
77.467,0.000
77.483,0.000
77.500,0.000
77.517,0.000
77.533,0.000
77.550,0.000
77.567,0.000
77.583,0.000
77.600,0.000
77.617,0.000
77.633,0.000
77.650,0.000
77.667,0.000
77.683,0.000
77.700,0.000
77.717,0.000
77.733,0.000
77.750,0.000
77.767,0.000
77.783,0.000
77.800,0.000
77.817,0.000
77.833,0.000
77.850,0.000
77.867,0.000
77.883,0.000
77.900,0.000
77.917,0.000
77.933,0.000
77.950,0.000
77.967,0.000
77.983,0.000
78.000,0.000
78.017,0.000
78.033,0.000
78.050,0.000
78.067,0.000
78.083,0.000
78.100,0.000
78.117,0.000
78.133,0.000
78.150,0.000
78.167,0.000
78.183,0.000
78.200,0.000
78.217,0.000
78.233,0.000
78.250,0.000
78.267,0.000
78.283,0.000
78.300,0.000
78.317,0.000
78.333,0.000
78.350,0.000
78.367,0.000
78.383,0.000
78.400,0.000
78.417,0.000
78.433,0.000
78.450,0.000
78.467,0.000
78.483,0.000
78.500,0.000
78.517,0.000
78.533,0.000
78.550,0.000
78.567,0.000
78.583,0.000
78.600,0.000
78.617,0.000
78.633,0.000
78.650,0.000
78.667,0.000
78.683,0.000
78.700,0.000
78.717,0.000
78.733,0.000
78.750,0.000
78.767,0.000
78.783,0.000
78.800,0.000
78.817,0.000
78.833,0.000
78.850,0.000
78.867,0.000
78.883,0.000
78.900,0.000
78.917,0.000
78.933,0.000
78.950,0.000
78.967,0.000
78.983,0.000
79.000,0.000
79.017,0.000
79.033,0.000
79.050,0.000
79.067,0.000
79.083,0.000
79.100,0.000
79.117,0.000
79.133,0.000
79.150,0.000
79.167,0.000
79.183,0.000
79.200,0.000
79.217,0.000
79.233,0.000
79.250,0.000
79.267,0.000
79.283,0.000
79.300,0.000
79.317,0.000
79.333,0.000
79.350,0.000
79.367,0.000
79.383,0.000
79.400,0.000
79.417,0.000
79.433,0.000
79.450,0.000
79.467,0.000
79.483,0.000
79.500,0.000
79.517,0.000
79.533,0.000
79.550,0.000
79.567,0.000
79.583,0.000
79.600,0.000
79.617,0.000
79.633,0.000
79.650,0.000
79.667,0.000
79.683,0.000
79.700,0.000
79.717,0.000
79.733,0.000
79.750,0.000
79.767,0.000
79.783,0.000
79.800,0.000
79.817,0.000
79.833,0.000
79.850,0.000
79.867,0.000
79.883,0.000
79.900,0.000
79.917,0.000
79.933,0.000
79.950,0.000
79.967,0.000
79.983,0.000
80.000,0.000
80.017,0.000
80.033,0.000
80.050,0.000
80.067,0.000
80.083,0.000
80.100,0.000
80.117,0.000
80.133,0.000
80.150,0.000
80.167,0.000
80.183,0.000
80.200,0.000
80.217,0.000
80.233,0.000
80.250,0.000
80.267,0.000
80.283,0.000
80.300,0.000
80.317,0.000
80.333,0.000
80.350,0.000
80.367,0.000
80.383,0.000
80.400,0.000
80.417,0.000
80.433,0.000
80.450,0.000
80.467,0.000
80.483,0.000
80.500,0.000
80.517,0.000
80.533,0.000
80.550,0.000
80.567,0.000
80.583,0.000
80.600,0.000
80.617,0.000
80.633,0.000
80.650,0.000
80.667,0.000
80.683,0.000
80.700,0.000
80.717,0.000
80.733,0.000
80.750,0.000
80.767,0.000
80.783,0.000
80.800,0.000
80.817,0.000
80.833,0.000
80.850,0.000
80.867,0.000
80.883,0.000
80.900,0.000
80.917,0.000
80.933,0.000
80.950,0.000
80.967,0.000
80.983,0.000
81.000,0.000
81.017,0.000
81.033,0.000
81.050,0.000
81.067,0.000
81.083,0.000
81.100,0.000
81.117,0.000
81.133,0.000
81.150,0.000
81.167,0.000
81.183,0.000
81.200,0.000
81.217,0.000
81.233,0.000
81.250,0.000
81.267,0.000
81.283,0.000
81.300,0.000
81.317,0.000
81.333,0.000
81.350,0.000
81.367,0.000
81.383,0.000
81.400,0.000
81.417,0.000
81.433,0.000
81.450,0.000
81.467,0.000
81.483,0.000
81.500,0.000
81.517,0.000
81.533,0.000
81.550,0.000
81.567,0.000
81.583,0.000
81.600,0.000
81.617,0.000
81.633,0.000
81.650,0.000
81.667,0.000
81.683,0.000
81.700,0.000
81.717,0.000
81.733,0.000
81.750,0.000
81.767,0.000
81.783,0.000
81.800,0.000
81.817,0.000
81.833,0.000
81.850,0.000
81.867,0.000
81.883,0.000
81.900,0.000
81.917,0.000
81.933,0.000
81.950,0.000
81.967,0.000
81.983,0.000
82.000,0.000
82.017,0.000
82.033,0.000
82.050,0.000
82.067,0.000
82.083,0.000
82.100,0.000
82.117,0.000
82.133,0.000
82.150,0.000
82.167,0.000
82.183,0.000
82.200,0.000
82.217,0.000
82.233,0.000
82.250,0.000
82.267,0.000
82.283,0.000
82.300,0.000
82.317,0.000
82.333,0.000
82.350,0.000
82.367,0.000
82.383,0.000
82.400,0.000
82.417,0.000
82.433,0.000
82.450,0.000
82.467,0.000
82.483,0.000
82.500,0.000
82.517,0.000
82.533,0.000
82.550,0.000
82.567,0.000
82.583,0.000
82.600,0.000
82.617,0.000
82.633,0.000
82.650,0.000
82.667,0.000
82.683,0.000
82.700,0.000
82.717,0.000
82.733,0.000
82.750,0.000
82.767,0.000
82.783,0.000
82.800,0.000
82.817,0.000
82.833,0.000
82.850,0.000
82.867,0.000
82.883,0.000
82.900,0.000
82.917,0.000
82.933,0.000
82.950,0.000
82.967,0.000
82.983,0.000
83.000,0.000
83.017,0.000
83.033,0.000
83.050,0.000
83.067,0.000
83.083,0.000
83.100,0.000
83.117,0.000
83.133,0.000
83.150,0.000
83.167,0.000
83.183,0.000
83.200,0.000
83.217,0.000
83.233,0.000
83.250,0.000
83.267,0.000
83.283,0.000
83.300,0.000
83.317,0.000
83.333,0.000
83.350,0.000
83.367,0.000
83.383,0.000
83.400,0.000
83.417,0.000
83.433,0.000
83.450,0.000
83.467,0.000
83.483,0.000
83.500,0.000
83.517,0.000
83.533,0.000
83.550,0.000
83.567,0.000
83.583,0.000
83.600,0.000
83.617,0.000
83.633,0.000
83.650,0.000
83.667,0.000
83.683,0.000
83.700,0.000
83.717,0.000
83.733,0.000
83.750,0.000
83.767,0.000
83.783,0.000
83.800,0.000
83.817,0.000
83.833,0.000
83.850,0.000
83.867,0.000
83.883,0.000
83.900,0.000
83.917,0.000
83.933,0.000
83.950,0.000
83.967,0.000
83.983,0.000
84.000,0.000
84.017,0.000
84.033,0.000
84.050,0.000
84.067,0.000
84.083,0.000
84.100,0.000
84.117,0.000
84.133,0.000
84.150,0.000
84.167,0.000
84.183,0.000
84.200,0.000
84.217,0.000
84.233,0.000
84.250,0.000
84.267,0.000
84.283,0.000
84.300,0.000
84.317,0.000
84.333,0.000
84.350,0.000
84.367,0.000
84.383,0.000
84.400,0.000
84.417,0.000
84.433,0.000
84.450,0.000
84.467,0.000
84.483,0.000
84.500,0.000
84.517,0.000
84.533,0.000
84.550,0.000
84.567,0.000
84.583,0.000
84.600,0.000
84.617,0.000
84.633,0.000
84.650,0.000
84.667,0.000
84.683,0.000
84.700,0.000
84.717,0.000
84.733,0.000
84.750,0.000
84.767,0.000
84.783,0.000
84.800,0.000
84.817,0.000
84.833,0.000
84.850,0.000
84.867,0.000
84.883,0.000
84.900,0.000
84.917,0.000
84.933,0.000
84.950,0.000
84.967,0.000
84.983,0.000
85.000,0.000
85.017,0.000
85.033,0.000
85.050,0.000
85.067,0.000
85.083,0.000
85.100,0.000
85.117,0.000
85.133,0.000
85.150,0.000
85.167,0.000
85.183,0.000
85.200,0.000
85.217,0.000
85.233,0.000
85.250,0.000
85.267,0.000
85.283,0.000
85.300,0.000
85.317,0.000
85.333,0.000
85.350,0.000
85.367,0.000
85.383,0.000
85.400,0.000
85.417,0.000
85.433,0.000
85.450,0.000
85.467,0.000
85.483,0.000
85.500,0.000
85.517,0.000
85.533,0.000
85.550,0.000
85.567,0.000
85.583,0.000
85.600,0.000
85.617,0.000
85.633,0.000
85.650,0.000
85.667,0.000
85.683,0.000
85.700,0.000
85.717,0.000
85.733,0.000
85.750,0.000
85.767,0.000
85.783,0.000
85.800,0.000
85.817,0.000
85.833,0.000
85.850,0.000
85.867,0.000
85.883,0.000
85.900,0.000
85.917,0.000
85.933,0.000
85.950,0.000
85.967,0.000
85.983,0.000
86.000,0.000
86.017,0.000
86.033,0.000
86.050,0.000
86.067,0.000
86.083,0.000
86.100,0.000
86.117,0.000
86.133,0.000
86.150,0.000
86.167,0.000
86.183,0.000
86.200,0.000
86.217,0.000
86.233,0.000
86.250,0.000
86.267,0.000
86.283,0.000
86.300,0.000
86.317,0.000
86.333,0.000
86.350,0.000
86.367,0.000
86.383,0.000
86.400,0.000
86.417,0.000
86.433,0.000
86.450,0.000
86.467,0.000
86.483,0.000
86.500,0.000
86.517,0.000
86.533,0.000
86.550,0.000
86.567,0.000
86.583,0.000
86.600,0.000
86.617,0.000
86.633,0.000
86.650,0.000
86.667,0.000
86.683,0.000
86.700,0.000
86.717,0.000
86.733,0.000
86.750,0.000
86.767,0.000
86.783,0.000
86.800,0.000
86.817,0.000
86.833,0.000
86.850,0.000
86.867,0.000
86.883,0.000
86.900,0.000
86.917,0.000
86.933,0.000
86.950,0.000
86.967,0.000
86.983,0.000
87.000,0.000
87.017,0.000
87.033,0.000
87.050,0.000
87.067,0.000
87.083,0.000
87.100,0.000
87.117,0.000
87.133,0.000
87.150,0.000
87.167,0.000
87.183,0.000
87.200,0.000
87.217,0.000
87.233,0.000
87.250,0.000
87.267,0.000
87.283,0.000
87.300,0.000
87.317,0.000
87.333,0.000
87.350,0.000
87.367,0.000
87.383,0.000
87.400,0.000
87.417,0.000
87.433,0.000
87.450,0.000
87.467,0.000
87.483,0.000
87.500,0.000
87.517,0.000
87.533,0.000
87.550,0.000
87.567,0.000
87.583,0.000
87.600,0.000
87.617,0.000
87.633,0.000
87.650,0.000
87.667,0.000
87.683,0.000
87.700,0.000
87.717,0.000
87.733,0.000
87.750,0.000
87.767,0.000
87.783,0.000
87.800,0.000
87.817,0.000
87.833,0.000
87.850,0.000
87.867,0.000
87.883,0.000
87.900,0.000
87.917,0.000
87.933,0.000
87.950,0.000
87.967,0.000
87.983,0.000
88.000,0.000
88.017,0.000
88.033,0.000
88.050,0.000
88.067,0.000
88.083,0.000
88.100,0.000
88.117,0.000
88.133,0.000
88.150,0.000
88.167,0.000
88.183,0.000
88.200,0.000
88.217,0.000
88.233,0.000
88.250,0.000
88.267,0.000
88.283,0.000
88.300,0.000
88.317,0.000
88.333,0.000
88.350,0.000
88.367,0.000
88.383,0.000
88.400,0.000
88.417,0.000
88.433,0.000
88.450,0.000
88.467,0.000
88.483,0.000
88.500,0.000
88.517,0.000
88.533,0.000
88.550,0.000
88.567,0.000
88.583,0.000
88.600,0.000
88.617,0.000
88.633,0.000
88.650,0.000
88.667,0.000
88.683,0.000
88.700,0.000
88.717,0.000
88.733,0.000
88.750,0.000
88.767,0.000
88.783,0.000
88.800,0.000
88.817,0.000
88.833,0.000
88.850,0.000
88.867,0.000
88.883,0.000
88.900,0.000
88.917,0.000
88.933,0.000
88.950,0.000
88.967,0.000
88.983,0.000
89.000,0.000
89.017,0.000
89.033,0.000
89.050,0.000
89.067,0.000
89.083,0.000
89.100,0.000
89.117,0.000
89.133,0.000
89.150,0.000
89.167,0.000
89.183,0.000
89.200,0.000
89.217,0.000
89.233,0.000
89.250,0.000
89.267,0.000
89.283,0.000
89.300,0.000
89.317,0.000
89.333,0.000
89.350,0.000
89.367,0.000
89.383,0.000
89.400,0.000
89.417,0.000
89.433,0.000
89.450,0.000
89.467,0.000
89.483,0.000
89.500,0.000
89.517,0.000
89.533,0.000
89.550,0.000
89.567,0.000
89.583,0.000
89.600,0.000
89.617,0.000
89.633,0.000
89.650,0.000
89.667,0.000
89.683,0.000
89.700,0.000
89.717,0.000
89.733,0.000
89.750,0.000
89.767,0.000
89.783,0.000
89.800,0.000
89.817,0.000
89.833,0.000
89.850,0.000
89.867,0.000
89.883,0.000
89.900,0.000
89.917,0.000
89.933,0.000
89.950,0.000
89.967,0.000
89.983,0.000
90.000,0.000
90.017,0.000
90.033,0.000
90.050,0.000
90.067,0.000
90.083,0.000
90.100,0.000
90.117,0.000
90.133,0.000
90.150,0.000
90.167,0.000
90.183,0.000
90.200,0.000
90.217,0.000
90.233,0.000
90.250,0.000
90.267,0.000
90.283,0.000
90.300,0.000
90.317,0.000
90.333,0.000
90.350,0.000
90.367,0.000
90.383,0.000
90.400,0.000
90.417,0.000
90.433,0.000
90.450,0.000
90.467,0.000
90.483,0.000
90.500,0.000
90.517,0.000
90.533,0.000
90.550,0.000
90.567,0.000
90.583,0.000
90.600,0.000
90.617,0.000
90.633,0.000
90.650,0.000
90.667,0.000
90.683,0.000
90.700,0.000
90.717,0.000
90.733,0.000
90.750,0.000
90.767,0.000
90.783,0.000
90.800,0.000
90.817,0.000
90.833,0.000
90.850,0.000
90.867,0.000
90.883,0.000
90.900,0.000
90.917,0.000
90.933,0.000
90.950,0.000
90.967,0.000
90.983,0.000
91.000,0.000
91.017,0.000
91.033,0.000
91.050,0.000
91.067,0.000
91.083,0.000
91.100,0.000
91.117,0.000
91.133,0.000
91.150,0.000
91.167,0.000
91.183,0.000
91.200,0.000
91.217,0.000
91.233,0.000
91.250,0.000
91.267,0.000
91.283,0.000
91.300,0.000
91.317,0.000
91.333,0.000
91.350,0.000
91.367,0.000
91.383,0.000
91.400,0.000
91.417,0.000
91.433,0.000
91.450,0.000
91.467,0.000
91.483,0.000
91.500,0.000
91.517,0.000
91.533,0.000
91.550,0.000
91.567,0.000
91.583,0.000
91.600,0.000
91.617,0.000
91.633,0.000
91.650,0.000
91.667,0.000
91.683,0.000
91.700,0.000
91.717,0.000
91.733,0.000
91.750,0.000
91.767,0.000
91.783,0.000
91.800,0.000
91.817,0.000
91.833,0.000
91.850,0.000
91.867,0.000
91.883,0.000
91.900,0.000
91.917,0.000
91.933,0.000
91.950,0.000
91.967,0.000
91.983,0.000
92.000,0.000
92.017,0.000
92.033,0.000
92.050,0.000
92.067,0.000
92.083,0.000
92.100,0.000
92.117,0.000
92.133,0.000
92.150,0.000
92.167,0.000
92.183,0.000
92.200,0.000
92.217,0.000
92.233,0.000
92.250,0.000
92.267,0.000
92.283,0.000
92.300,0.000
92.317,0.000
92.333,0.000
92.350,0.000
92.367,0.000
92.383,0.000
92.400,0.000
92.417,0.000
92.433,0.000
92.450,0.000
92.467,0.000
92.483,0.000
92.500,0.000
92.517,0.000
92.533,0.000
92.550,0.000
92.567,0.000
92.583,0.000
92.600,0.000
92.617,0.000
92.633,0.000
92.650,0.000
92.667,0.000
92.683,0.000
92.700,0.000
92.717,0.000
92.733,0.000
92.750,0.000
92.767,0.000
92.783,0.000
92.800,0.000
92.817,0.000
92.833,0.000
92.850,0.000
92.867,0.000
92.883,0.000
92.900,0.000
92.917,0.000
92.933,0.000
92.950,0.000
92.967,0.000
92.983,0.000
93.000,0.000
93.017,0.000
93.033,0.000
93.050,0.000
93.067,0.000
93.083,0.000
93.100,0.000
93.117,0.000
93.133,0.000
93.150,0.000
93.167,0.000
93.183,0.000
93.200,0.000
93.217,0.000
93.233,0.000
93.250,0.000
93.267,0.000
93.283,0.000
93.300,0.000
93.317,0.000
93.333,0.000
93.350,0.000
93.367,0.000
93.383,0.000
93.400,0.000
93.417,0.000
93.433,0.000
93.450,0.000
93.467,0.000
93.483,0.000
93.500,0.000
93.517,0.000
93.533,0.000
93.550,0.000
93.567,0.000
93.583,0.000
93.600,0.000
93.617,0.000
93.633,0.000
93.650,0.000
93.667,0.000
93.683,0.000
93.700,0.000
93.717,0.000
93.733,0.000
93.750,0.000
93.767,0.000
93.783,0.000
93.800,0.000
93.817,0.000
93.833,0.000
93.850,0.000
93.867,0.000
93.883,0.000
93.900,0.000
93.917,0.000
93.933,0.000
93.950,0.000
93.967,0.000
93.983,0.000
94.000,0.000
94.017,0.000
94.033,0.000
94.050,0.000
94.067,0.000
94.083,0.000
94.100,0.000
94.117,0.000
94.133,0.000
94.150,0.000
94.167,0.000
94.183,0.000
94.200,0.000
94.217,0.000
94.233,0.000
94.250,0.000
94.267,0.000
94.283,0.000
94.300,0.000
94.317,0.000
94.333,0.000
94.350,0.000
94.367,0.000
94.383,0.000
94.400,0.000
94.417,0.000
94.433,0.000
94.450,0.000
94.467,0.000
94.483,0.000
94.500,0.000
94.517,0.000
94.533,0.000
94.550,0.000
94.567,0.000
94.583,0.000
94.600,0.000
94.617,0.000
94.633,0.000
94.650,0.000
94.667,0.000
94.683,0.000
94.700,0.000
94.717,0.000
94.733,0.000
94.750,0.000
94.767,0.000
94.783,0.000
94.800,0.000
94.817,0.000
94.833,0.000
94.850,0.000
94.867,0.000
94.883,0.000
94.900,0.000
94.917,0.000
94.933,0.000
94.950,0.000
94.967,0.000
94.983,0.000
95.000,0.000
95.017,0.000
95.033,0.000
95.050,0.000
95.067,0.000
95.083,0.000
95.100,0.000
95.117,0.000
95.133,0.000
95.150,0.000
95.167,0.000
95.183,0.000
95.200,0.000
95.217,0.000
95.233,0.000
95.250,0.000
95.267,0.000
95.283,0.000
95.300,0.000
95.317,0.000
95.333,0.000
95.350,0.000
95.367,0.000
95.383,0.000
95.400,0.000
95.417,0.000
95.433,0.000
95.450,0.000
95.467,0.000
95.483,0.000
95.500,0.000
95.517,0.000
95.533,0.000
95.550,0.000
95.567,0.000
95.583,0.000
95.600,0.000
95.617,0.000
95.633,0.000
95.650,0.000
95.667,0.000
95.683,0.000
95.700,0.000
95.717,0.000
95.733,0.000
95.750,0.000
95.767,0.000
95.783,0.000
95.800,0.000
95.817,0.000
95.833,0.000
95.850,0.000
95.867,0.000
95.883,0.000
95.900,0.000
95.917,0.000
95.933,0.000
95.950,0.000
95.967,0.000
95.983,0.000
96.000,0.000
96.017,0.000
96.033,0.000
96.050,0.000
96.067,0.000
96.083,0.000
96.100,0.000
96.117,0.000
96.133,0.000
96.150,0.000
96.167,0.000
96.183,0.000
96.200,0.000
96.217,0.000
96.233,0.000
96.250,0.000
96.267,0.000
96.283,0.000
96.300,0.000
96.317,0.000
96.333,0.000
96.350,0.000
96.367,0.000
96.383,0.000
96.400,0.000
96.417,0.000
96.433,0.000
96.450,0.000
96.467,0.000
96.483,0.000
96.500,0.000
96.517,0.000
96.533,0.000
96.550,0.000
96.567,0.000
96.583,0.000
96.600,0.000
96.617,0.000
96.633,0.000
96.650,0.000
96.667,0.000
96.683,0.000
96.700,0.000
96.717,0.000
96.733,0.000
96.750,0.000
96.767,0.000
96.783,0.000
96.800,0.000
96.817,0.000
96.833,0.000
96.850,0.000
96.867,0.000
96.883,0.000
96.900,0.000
96.917,0.000
96.933,0.000
96.950,0.000
96.967,0.000
96.983,0.000
97.000,0.000
97.017,0.000
97.033,0.000
97.050,0.000
97.067,0.000
97.083,0.000
97.100,0.000
97.117,0.000
97.133,0.000
97.150,0.000
97.167,0.000
97.183,0.000
97.200,0.000
97.217,0.000
97.233,0.000
97.250,0.000
97.267,0.000
97.283,0.000
97.300,0.000
97.317,0.000
97.333,0.000
97.350,0.000
97.367,0.000
97.383,0.000
97.400,0.000
97.417,0.000
97.433,0.000
97.450,0.000
97.467,0.000
97.483,0.000
97.500,0.000
97.517,0.000
97.533,0.000
97.550,0.000
97.567,0.000
97.583,0.000
97.600,0.000
97.617,0.000
97.633,0.000
97.650,0.000
97.667,0.000
97.683,0.000
97.700,0.000
97.717,0.000
97.733,0.000
97.750,0.000
97.767,0.000
97.783,0.000
97.800,0.000
97.817,0.000
97.833,0.000
97.850,0.000
97.867,0.000
97.883,0.000
97.900,0.000
97.917,0.000
97.933,0.000
97.950,0.000
97.967,0.000
97.983,0.000
98.000,0.000
98.017,0.000
98.033,0.000
98.050,0.000
98.067,0.000
98.083,0.000
98.100,0.000
98.117,0.000
98.133,0.000
98.150,0.000
98.167,0.000
98.183,0.000
98.200,0.000
98.217,0.000
98.233,0.000
98.250,0.000
98.267,0.000
98.283,0.000
98.300,0.000
98.317,0.000
98.333,0.000
98.350,0.000
98.367,0.000
98.383,0.000
98.400,0.000
98.417,0.000
98.433,0.000
98.450,0.000
98.467,0.000
98.483,0.000
98.500,0.000
98.517,0.000
98.533,0.000
98.550,0.000
98.567,0.000
98.583,0.000
98.600,0.000
98.617,0.000
98.633,0.000
98.650,0.000
98.667,0.000
98.683,0.000
98.700,0.000
98.717,0.000
98.733,0.000
98.750,0.000
98.767,0.000
98.783,0.000
98.800,0.000
98.817,0.000
98.833,0.000
98.850,0.000
98.867,0.000
98.883,0.000
98.900,0.000
98.917,0.000
98.933,0.000
98.950,0.000
98.967,0.000
98.983,0.000
99.000,0.000
99.017,0.000
99.033,0.000
99.050,0.000
99.067,0.000
99.083,0.000
99.100,0.000
99.117,0.000
99.133,0.000
99.150,0.000
99.167,0.000
99.183,0.000
99.200,0.000
99.217,0.000
99.233,0.000
99.250,0.000
99.267,0.000
99.283,0.000
99.300,0.000
99.317,0.000
99.333,0.000
99.350,0.000
99.367,0.000
99.383,0.000
99.400,0.000
99.417,0.000
99.433,0.000
99.450,0.000
99.467,0.000
99.483,0.000
99.500,0.000
99.517,0.000
99.533,0.000
99.550,0.000
99.567,0.000
99.583,0.000
99.600,0.000
99.617,0.000
99.633,0.000
99.650,0.000
99.667,0.000
99.683,0.000
99.700,0.000
99.717,0.000
99.733,0.000
99.750,0.000
99.767,0.000
99.783,0.000
99.800,0.000
99.817,0.000
99.833,0.000
99.850,0.000
99.867,0.000
99.883,0.000
99.900,0.000
99.917,0.000
99.933,0.000
99.950,0.000
99.967,0.000
99.983,0.000
100.000,0.000
100.017,0.000
100.033,0.000
100.050,0.000
100.067,0.000
100.083,0.000
100.100,0.000
100.117,0.000
100.133,0.000
100.150,0.000
100.167,0.000
100.183,0.000
100.200,0.000
100.217,0.000
100.233,0.000
100.250,0.000
100.267,0.000
100.283,0.000
100.300,0.000
100.317,0.000
100.333,0.000
100.350,0.000
100.367,0.000
100.383,0.000
100.400,0.000
100.417,0.000
100.433,0.000
100.450,0.000
100.467,0.000
100.483,0.000
100.500,0.000
100.517,0.000
100.533,0.000
100.550,0.000
100.567,0.000
100.583,0.000
100.600,0.000
100.617,0.000
100.633,0.099
100.650,0.099
100.667,0.099
100.683,0.099
100.700,0.099
100.717,0.099
100.733,0.099
100.750,0.099
100.767,0.099
100.783,0.099
100.800,0.099
100.817,0.099
100.833,0.099
100.850,0.099
100.867,0.099
100.883,0.099
100.900,0.099
100.917,0.099
100.933,0.099
100.950,0.099
100.967,0.099
100.983,0.177
101.000,0.199
101.017,0.220
101.033,0.242
101.050,0.263
101.067,0.285
101.083,0.306
101.100,0.328
101.117,0.349
101.133,0.371
101.150,0.392
101.167,0.414
101.183,0.435
101.200,0.457
101.217,0.478
101.233,0.500
101.250,0.521
101.267,0.543
101.283,0.547
101.300,0.547
101.317,0.547
101.333,0.600
101.350,0.614
101.367,0.628
101.383,0.643
101.400,0.657
101.417,0.671
101.433,0.685
101.450,0.699
101.467,0.713
101.483,0.727
101.500,0.741
101.517,0.755
101.533,0.769
101.550,0.783
101.567,0.797
101.583,0.812
101.600,0.826
101.617,0.840
101.633,0.864
101.650,0.895
101.667,0.925
101.683,0.956
101.700,0.987
101.717,1.018
101.733,1.048
101.750,1.079
101.767,1.110
101.783,1.140
101.800,1.171
101.817,1.199
101.833,1.221
101.850,1.243
101.867,1.265
101.883,1.286
101.900,1.308
101.917,1.330
101.933,1.352
101.950,1.374
101.967,1.396
101.983,1.423
102.000,1.449
102.017,1.476
102.033,1.502
102.050,1.529
102.067,1.555
102.083,1.582
102.100,1.619
102.117,1.661
102.133,1.704
102.150,1.746
102.167,1.789
102.183,1.831
102.200,1.874
102.217,1.916
102.233,1.959
102.250,2.001
102.267,2.044
102.283,2.086
102.300,2.118
102.317,2.149
102.333,2.180
102.350,2.211
102.367,2.242
102.383,2.274
102.400,2.305
102.417,2.336
102.433,2.367
102.450,2.398
102.467,2.430
102.483,2.476
102.500,2.526
102.517,2.549
102.533,2.566
102.550,2.583
102.567,2.599
102.583,2.616
102.600,2.633
102.617,2.650
102.633,2.667
102.650,2.683
102.667,2.692
102.683,2.700
102.700,2.709
102.717,2.717
102.733,2.725
102.750,2.734
102.767,2.742
102.783,2.750
102.800,2.758
102.817,2.767
102.833,2.775
102.850,2.783
102.867,2.789
102.883,2.794
102.900,2.800
102.917,2.806
102.933,2.811
102.950,2.817
102.967,2.822
102.983,2.828
103.000,2.833
103.017,2.839
103.033,2.844
103.050,2.850
103.067,2.855
103.083,2.861
103.100,2.866
103.117,2.872
103.133,2.877
103.150,2.883
103.167,2.883
103.183,2.883
103.200,2.883
103.217,2.883
103.233,2.883
103.250,2.883
103.267,2.883
103.283,2.883
103.300,2.883
103.317,2.883
103.333,2.883
103.350,2.883
103.367,2.883
103.383,2.883
103.400,2.883
103.417,2.883
103.433,2.883
103.450,2.883
103.467,2.883
103.483,2.883
103.500,2.883
103.517,2.883
103.533,2.883
103.550,2.883
103.567,2.883
103.583,2.883
103.600,2.883
103.617,3.005
103.633,3.009
103.650,3.014
103.667,3.018
103.683,3.022
103.700,3.027
103.717,3.031
103.733,3.035
103.750,3.040
103.767,3.044
103.783,3.048
103.800,3.053
103.817,3.057
103.833,3.061
103.850,3.066
103.867,3.070
103.883,3.075
103.900,3.079
103.917,3.082
103.933,3.082
103.950,3.082
103.967,3.082
103.983,3.082
104.000,3.082
104.017,3.082
104.033,3.082
104.050,3.082
104.067,3.082
104.083,3.082
104.100,3.082
104.117,3.082
104.133,3.082
104.150,3.082
104.167,3.082
104.183,3.082
104.200,3.082
104.217,3.082
104.233,3.082
104.250,3.082
104.267,3.082
104.283,3.082
104.300,3.082
104.317,3.082
104.333,3.082
104.350,3.082
104.367,3.082
104.383,3.082
104.400,3.082
104.417,3.082
104.433,3.082
104.450,3.082
104.467,3.082
104.483,3.082
104.500,3.082
104.517,3.082
104.533,3.082
104.550,3.082
104.567,3.082
104.583,3.082
104.600,3.082
104.617,3.082
104.633,3.082
104.650,3.082
104.667,3.082
104.683,3.082
104.700,3.082
104.717,3.082
104.733,3.082
104.750,3.082
104.767,3.082
104.783,3.082
104.800,3.082
104.817,3.082
104.833,3.082
104.850,3.082
104.867,3.082
104.883,3.082
104.900,3.082
104.917,3.082
104.933,3.082
104.950,3.082
104.967,3.082
104.983,3.082
105.000,3.082
105.017,3.082
105.033,3.082
105.050,3.082
105.067,3.082
105.083,3.082
105.100,3.082
105.117,3.082
105.133,3.082
105.150,3.082
105.167,3.082
105.183,3.082
105.200,3.082
105.217,3.082
105.233,3.082
105.250,3.082
105.267,3.082
105.283,3.082
105.300,3.082
105.317,3.082
105.333,3.082
105.350,3.082
105.367,3.082
105.383,3.082
105.400,3.082
105.417,3.082
105.433,3.082
105.450,3.082
105.467,3.082
105.483,3.082
105.500,3.082
105.517,3.082
105.533,3.082
105.550,3.082
105.567,3.082
105.583,3.082
105.600,2.997
105.617,2.996
105.633,2.995
105.650,2.995
105.667,2.994
105.683,2.993
105.700,2.992
105.717,2.991
105.733,2.990
105.750,2.990
105.767,2.989
105.783,2.988
105.800,2.987
105.817,2.986
105.833,2.985
105.850,2.985
105.867,2.984
105.883,2.983
105.900,2.983
105.917,2.983
105.933,2.983
105.950,2.983
105.967,2.983
105.983,2.983
106.000,2.983
106.017,2.983
106.033,2.983
106.050,2.983
106.067,2.983
106.083,2.983
106.100,2.983
106.117,2.983
106.133,2.983
106.150,2.983
106.167,2.983
106.183,2.983
106.200,2.983
106.217,2.983
106.233,2.983
106.250,2.983
106.267,2.983
106.283,2.983
106.300,2.983
106.317,2.983
106.333,2.983
106.350,2.983
106.367,2.983
106.383,2.983
106.400,2.983
106.417,2.983
106.433,2.983
106.450,2.983
106.467,2.983
106.483,2.983
106.500,2.983
106.517,2.983
106.533,2.914
106.550,2.912
106.567,2.911
106.583,2.909
106.600,2.907
106.617,2.905
106.633,2.904
106.650,2.902
106.667,2.900
106.683,2.898
106.700,2.897
106.717,2.895
106.733,2.893
106.750,2.891
106.767,2.889
106.783,2.888
106.800,2.886
106.817,2.884
106.833,2.883
106.850,2.883
106.867,2.883
106.883,2.883
106.900,2.883
106.917,2.883
106.933,2.883
106.950,2.883
106.967,2.883
106.983,2.883
107.000,2.883
107.017,2.883
107.033,2.883
107.050,2.840
107.067,2.837
107.083,2.834
107.100,2.831
107.117,2.827
107.133,2.824
107.150,2.821
107.167,2.818
107.183,2.815
107.200,2.812
107.217,2.808
107.233,2.805
107.250,2.802
107.267,2.799
107.283,2.796
107.300,2.792
107.317,2.789
107.333,2.786
107.350,2.784
107.367,2.784
107.383,2.784
107.400,2.784
107.417,2.784
107.433,2.761
107.450,2.756
107.467,2.752
107.483,2.747
107.500,2.743
107.517,2.739
107.533,2.734
107.550,2.730
107.567,2.725
107.583,2.721
107.600,2.717
107.617,2.712
107.633,2.708
107.650,2.704
107.667,2.699
107.683,2.695
107.700,2.690
107.717,2.686
107.733,2.684
107.750,2.684
107.767,2.684
107.783,2.684
107.800,2.684
107.817,2.684
107.833,2.684
107.850,2.684
107.867,2.684
107.883,2.684
107.900,2.684
107.917,2.684
107.933,2.684
107.950,2.641
107.967,2.638
107.983,2.635
108.000,2.632
108.017,2.628
108.033,2.625
108.050,2.622
108.067,2.619
108.083,2.616
108.100,2.613
108.117,2.609
108.133,2.606
108.150,2.603
108.167,2.600
108.183,2.597
108.200,2.593
108.217,2.590
108.233,2.587
108.250,2.585
108.267,2.585
108.283,2.585
108.300,2.585
108.317,2.585
108.333,2.585
108.350,2.585
108.367,2.585
108.383,2.585
108.400,2.585
108.417,2.585
108.433,2.585
108.450,2.646
108.467,2.651
108.483,2.656
108.500,2.661
108.517,2.665
108.533,2.670
108.550,2.675
108.567,2.680
108.583,2.685
108.600,2.690
108.617,2.695
108.633,2.700
108.650,2.705
108.667,2.710
108.683,2.715
108.700,2.720
108.717,2.725
108.733,2.730
108.750,2.735
108.767,2.744
108.783,2.754
108.800,2.763
108.817,2.772
108.833,2.781
108.850,2.790
108.867,2.800
108.883,2.809
108.900,2.818
108.917,2.827
108.933,2.837
108.950,2.850
108.967,2.862
108.983,2.874
109.000,2.886
109.017,2.899
109.033,2.911
109.050,2.923
109.067,2.935
109.083,2.948
109.100,2.960
109.117,2.972
109.133,2.984
109.150,2.997
109.167,3.010
109.183,3.023
109.200,3.036
109.217,3.049
109.233,3.062
109.250,3.075
109.267,3.088
109.283,3.101
109.300,3.114
109.317,3.127
109.333,3.142
109.350,3.158
109.367,3.173
109.383,3.189
109.400,3.205
109.417,3.221
109.433,3.237
109.450,3.253
109.467,3.269
109.483,3.285
109.500,3.301
109.517,3.317
109.533,3.333
109.550,3.348
109.567,3.364
109.583,3.380
109.600,3.395
109.617,3.411
109.633,3.427
109.650,3.442
109.667,3.458
109.683,3.473
109.700,3.490
109.717,3.507
109.733,3.524
109.750,3.541
109.767,3.558
109.783,3.575
109.800,3.592
109.817,3.610
109.833,3.627
109.850,3.644
109.867,3.661
109.883,3.678
109.900,3.679
109.917,3.679
109.933,3.679
109.950,3.679
109.967,3.775
109.983,3.795
110.000,3.814
110.017,3.833
110.033,3.853
110.050,3.872
110.067,3.892
110.083,3.911
110.100,3.931
110.117,3.950
110.133,3.970
110.150,3.989
110.167,4.009
110.183,4.028
110.200,4.048
110.217,4.067
110.233,4.087
110.250,4.106
110.267,4.126
110.283,4.146
110.300,4.167
110.317,4.188
110.333,4.209
110.350,4.230
110.367,4.251
110.383,4.271
110.400,4.292
110.417,4.313
110.433,4.332
110.450,4.349
110.467,4.366
110.483,4.383
110.500,4.399
110.517,4.416
110.533,4.433
110.550,4.450
110.567,4.467
110.583,4.484
110.600,4.500
110.617,4.517
110.633,4.536
110.650,4.557
110.667,4.578
110.683,4.599
110.700,4.619
110.717,4.640
110.733,4.661
110.750,4.681
110.767,4.702
110.783,4.723
110.800,4.744
110.817,4.764
110.833,4.788
110.850,4.812
110.867,4.837
110.883,4.862
110.900,4.887
110.917,4.912
110.933,4.936
110.950,4.961
110.967,4.986
110.983,5.011
111.000,5.036
111.017,5.061
111.033,5.086
111.050,5.112
111.067,5.137
111.083,5.162
111.100,5.187
111.117,5.212
111.133,5.238
111.150,5.263
111.167,5.288
111.183,5.313
111.200,5.319
111.217,5.319
111.233,5.319
111.250,5.319
111.267,5.466
111.283,5.496
111.300,5.527
111.317,5.558
111.333,5.588
111.350,5.619
111.367,5.650
111.383,5.680
111.400,5.711
111.417,5.742
111.433,5.772
111.450,5.803
111.467,5.834
111.483,5.865
111.500,5.895
111.517,5.926
111.533,5.957
111.550,5.987
111.567,6.018
111.583,6.045
111.600,6.073
111.617,6.100
111.633,6.128
111.650,6.156
111.667,6.183
111.683,6.211
111.700,6.239
111.717,6.266
111.733,6.294
111.750,6.320
111.767,6.343
111.783,6.365
111.800,6.388
111.817,6.410
111.833,6.433
111.850,6.456
111.867,6.478
111.883,6.501
111.900,6.524
111.917,6.546
111.933,6.570
111.950,6.595
111.967,6.620
111.983,6.645
112.000,6.670
112.017,6.695
112.033,6.720
112.050,6.745
112.067,6.771
112.083,6.796
112.100,6.821
112.117,6.846
112.133,6.868
112.150,6.886
112.167,6.904
112.183,6.922
112.200,6.940
112.217,6.958
112.233,6.977
112.250,6.995
112.267,7.013
112.283,7.031
112.300,7.049
112.317,7.069
112.333,7.093
112.350,7.116
112.367,7.139
112.383,7.163
112.400,7.186
112.417,7.209
112.433,7.232
112.450,7.256
112.467,7.279
112.483,7.302
112.500,7.321
112.517,7.340
112.533,7.358
112.550,7.376
112.567,7.394
112.583,7.412
112.600,7.430
112.617,7.448
112.633,7.466
112.650,7.484
112.667,7.503
112.683,7.506
112.700,7.506
112.717,7.506
112.733,7.585
112.750,7.606
112.767,7.627
112.783,7.648
112.800,7.669
112.817,7.689
112.833,7.710
112.850,7.731
112.867,7.752
112.883,7.773
112.900,7.794
112.917,7.814
112.933,7.835
112.950,7.856
112.967,7.877
112.983,7.898
113.000,7.919
113.017,7.939
113.033,7.961
113.050,7.984
113.067,8.007
113.083,8.031
113.100,8.054
113.117,8.077
113.133,8.100
113.150,8.124
113.167,8.147
113.183,8.170
113.200,8.193
113.217,8.216
113.233,8.240
113.250,8.252
113.267,8.252
113.283,8.252
113.300,8.252
113.317,8.252
113.333,8.252
113.350,8.252
113.367,8.252
113.383,8.252
113.400,8.252
113.417,8.252
113.433,8.252
113.450,8.252
113.467,8.252
113.483,8.252
113.500,8.252
113.517,8.517
113.533,8.533
113.550,8.549
113.567,8.565
113.583,8.581
113.600,8.597
113.617,8.613
113.633,8.629
113.650,8.645
113.667,8.661
113.683,8.677
113.700,8.693
113.717,8.710
113.733,8.726
113.750,8.742
113.767,8.758
113.783,8.774
113.800,8.790
113.817,8.808
113.833,8.829
113.850,8.850
113.867,8.871
113.883,8.892
113.900,8.913
113.917,8.934
113.933,8.955
113.950,8.977
113.967,8.998
113.983,9.019
114.000,9.040
114.017,9.062
114.033,9.084
114.050,9.107
114.067,9.129
114.083,9.152
114.100,9.174
114.117,9.197
114.133,9.219
114.150,9.242
114.167,9.264
114.183,9.287
114.200,9.296
114.217,9.296
114.233,9.296
114.250,9.296
114.267,9.531
114.283,9.583
114.300,9.634
114.317,9.685
114.333,9.736
114.350,9.787
114.367,9.839
114.383,9.890
114.400,9.941
114.417,9.992
114.433,10.044
114.450,10.095
114.467,10.146
114.483,10.197
114.500,10.248
114.517,10.300
114.533,10.351
114.550,10.402
114.567,10.456
114.583,10.514
114.600,10.573
114.617,10.632
114.633,10.691
114.650,10.750
114.667,10.809
114.683,10.867
114.700,10.926
114.717,10.985
114.733,11.044
114.750,11.104
114.767,11.169
114.783,11.233
114.800,11.297
114.817,11.361
114.833,11.425
114.850,11.489
114.867,11.553
114.883,11.617
114.900,11.681
114.917,11.745
114.933,11.827
114.950,11.914
114.967,11.982
114.983,12.051
115.000,12.120
115.017,12.188
115.033,12.257
115.050,12.326
115.067,12.394
115.083,12.463
115.100,12.532
115.117,12.600
115.133,12.665
115.150,12.727
115.167,12.790
115.183,12.852
115.200,12.914
115.217,12.977
115.233,13.039
115.250,13.101
115.267,13.164
115.283,13.226
115.300,13.289
115.317,13.322
115.333,13.322
115.350,13.322
115.367,13.322
115.383,13.570
115.400,13.625
115.417,13.681
115.433,13.737
115.450,13.792
115.467,13.848
115.483,13.903
115.500,13.959
115.517,14.014
115.533,14.070
115.550,14.125
115.567,14.181
115.583,14.236
115.600,14.292
115.617,14.347
115.633,14.403
115.650,14.459
115.667,14.514
115.683,14.560
115.700,14.606
115.717,14.652
115.733,14.698
115.750,14.743
115.767,14.789
115.783,14.835
115.800,14.835
115.817,14.835
115.833,14.835
115.850,14.835
115.867,14.835
115.883,14.835
115.900,14.835
115.917,14.835
115.933,14.835
115.950,14.835
115.967,14.835
115.983,15.181
116.000,15.400
116.017,15.441
116.033,15.483
116.050,15.524
116.067,15.566
116.083,15.607
116.100,15.640
116.117,15.672
116.133,15.704
116.150,15.736
116.167,15.768
116.183,15.800
116.200,15.832
116.217,15.864
116.233,15.896
116.250,15.928
116.267,15.959
116.283,15.975
116.300,15.992
116.317,16.009
116.333,16.026
116.350,16.043
116.367,16.060
116.383,16.077
116.400,16.094
116.417,16.111
116.433,16.128
116.450,16.145
116.467,16.162
116.483,16.179
116.500,16.196
116.517,16.205
116.533,16.205
116.550,16.205
116.567,16.205
116.583,16.205
116.600,16.205
116.617,16.205
116.633,16.205
116.650,16.205
116.667,16.205
116.683,16.205
116.700,16.205
116.717,16.205
116.733,16.205
116.750,16.205
116.767,16.205
116.783,16.205
116.800,16.205
116.817,16.205
116.833,16.205
116.850,16.205
116.867,16.205
116.883,16.205
116.900,16.205
116.917,16.205
116.933,16.205
116.950,16.205
116.967,16.205
116.983,16.205
117.000,16.205
117.017,16.205
117.033,16.205
117.050,16.205
117.067,16.205
117.083,16.205
117.100,16.205
117.117,16.205
117.133,16.104
117.150,16.101
117.167,16.099
117.183,16.096
117.200,16.093
117.217,16.091
117.233,16.088
117.250,16.085
117.267,16.082
117.283,16.080
117.300,16.077
117.317,16.074
117.333,16.072
117.350,16.069
117.367,16.069
117.383,16.069
117.400,16.069
117.417,16.069
117.433,16.069
117.450,16.069
117.467,16.069
117.483,16.069
117.500,16.069
117.517,16.069
117.533,16.069
117.550,15.930
117.567,15.913
117.583,15.895
117.600,15.878
117.617,15.861
117.633,15.843
117.650,15.825
117.667,15.807
117.683,15.789
117.700,15.770
117.717,15.752
117.733,15.734
117.750,15.716
117.767,15.698
117.783,15.680
117.800,15.662
117.817,15.659
117.833,15.659
117.850,15.659
117.867,15.659
117.883,15.659
117.900,15.520
117.917,15.497
117.933,15.473
117.950,15.449
117.967,15.449
117.983,15.449
118.000,15.449
118.017,15.449
118.033,15.449
118.050,15.449
118.067,15.449
118.083,15.449
118.100,15.449
118.117,15.449
118.133,15.449
118.150,15.164
118.167,15.141
118.183,15.117
118.200,15.092
118.217,15.066
118.233,15.041
118.250,15.015
118.267,14.989
118.283,14.964
118.300,14.938
118.317,14.912
118.333,14.887
118.350,14.861
118.367,14.836
118.383,14.810
118.400,14.784
118.417,14.758
118.433,14.732
118.450,14.706
118.467,14.680
118.483,14.655
118.500,14.629
118.517,14.603
118.533,14.577
118.550,14.551
118.567,14.525
118.583,14.496
118.600,14.466
118.617,14.435
118.633,14.404
118.650,14.373
118.667,14.343
118.683,14.312
118.700,14.281
118.717,14.251
118.733,14.220
118.750,14.189
118.767,14.158
118.783,14.126
118.800,14.094
118.817,14.062
118.833,14.029
118.850,13.997
118.867,13.965
118.883,13.933
118.900,13.900
118.917,13.868
118.933,13.868
118.950,13.868
118.967,13.868
118.983,13.868
119.000,13.868
119.017,13.868
119.033,13.868
119.050,13.868
119.067,13.868
119.083,13.868
119.100,13.868
119.117,13.488
119.133,13.456
119.150,13.425
119.167,13.393
119.183,13.362
119.200,13.330
119.217,13.298
119.233,13.267
119.250,13.235
119.267,13.204
119.283,13.172
119.300,13.140
119.317,13.106
119.333,13.067
119.350,13.028
119.367,12.989
119.383,12.951
119.400,12.912
119.417,12.873
119.433,12.835
119.450,12.796
119.467,12.757
119.483,12.718
119.500,12.680
119.517,12.641
119.533,12.602
119.550,12.562
119.567,12.522
119.583,12.483
119.600,12.443
119.617,12.403
119.633,12.364
119.650,12.324
119.667,12.284
119.683,12.244
119.700,12.209
119.717,12.177
119.733,12.145
119.750,12.113
119.767,12.080
119.783,12.048
119.800,12.016
119.817,11.984
119.833,11.951
119.850,11.919
119.867,11.887
119.883,11.853
119.900,11.819
119.917,11.785
119.933,11.751
119.950,11.717
119.967,11.683
119.983,11.649
120.000,11.615
120.017,11.582
120.033,11.548
120.050,11.514
120.067,11.480
120.083,11.454
120.100,11.427
120.117,11.400
120.133,11.373
120.150,11.347
120.167,11.320
120.183,11.293
120.200,11.266
120.217,11.240
120.233,11.215
120.250,11.190
120.267,11.166
120.283,11.141
120.300,11.117
120.317,11.092
120.333,11.068
120.350,11.043
120.367,11.019
120.383,10.994
120.400,10.970
120.417,10.945
120.433,10.922
120.450,10.900
120.467,10.878
120.483,10.856
120.500,10.833
120.517,10.811
120.533,10.789
120.550,10.766
120.567,10.744
120.583,10.722
120.600,10.700
120.617,10.678
120.633,10.657
120.650,10.637
120.667,10.616
120.683,10.595
120.700,10.574
120.717,10.554
120.733,10.533
120.750,10.512
120.767,10.492
120.783,10.471
120.800,10.450
120.817,10.431
120.833,10.414
120.850,10.397
120.867,10.380
120.883,10.363
120.900,10.346
120.917,10.329
120.933,10.312
120.950,10.295
120.967,10.277
120.983,10.260
121.000,10.243
121.017,10.240
121.033,10.231
121.050,10.226
121.067,10.221
121.083,10.216
121.100,10.211
121.117,10.206
121.133,10.201
121.150,10.196
121.167,10.191
121.183,10.186
121.200,10.180
121.217,10.175
121.233,10.170
121.250,10.165
121.267,10.160
121.283,10.155
121.300,10.150
121.317,10.145
121.333,10.141
121.350,10.141
121.367,10.141
121.383,10.141
121.400,10.141
121.417,10.175
121.433,10.181
121.450,10.188
121.467,10.194
121.483,10.201
121.500,10.207
121.517,10.214
121.533,10.221
121.550,10.227
121.567,10.234
121.583,10.240
121.600,10.247
121.617,10.253
121.633,10.260
121.650,10.267
121.667,10.273
121.683,10.280
121.700,10.286
121.717,10.300
121.733,10.321
121.750,10.342
121.767,10.363
121.783,10.384
121.800,10.405
121.817,10.426
121.833,10.447
121.850,10.468
121.867,10.489
121.883,10.510
121.900,10.531
121.917,10.555
121.933,10.580
121.950,10.605
121.967,10.630
121.983,10.656
122.000,10.681
122.017,10.706
122.033,10.731
122.050,10.756
122.067,10.782
122.083,10.807
122.100,10.832
122.117,10.853
122.133,10.873
122.150,10.892
122.167,10.912
122.183,10.932
122.200,10.952
122.217,10.971
122.233,10.992
122.250,11.017
122.267,11.042
122.283,11.067
122.300,11.092
122.317,11.117
122.333,11.141
122.350,11.166
122.367,11.191
122.383,11.216
122.400,11.241
122.417,11.266
122.433,11.290
122.450,11.311
122.467,11.332
122.483,11.353
122.500,11.374
122.517,11.395
122.533,11.416
122.550,11.437
122.567,11.458
122.583,11.479
122.600,11.500
122.617,11.521
122.633,11.540
122.650,11.557
122.667,11.574
122.683,11.591
122.700,11.608
122.717,11.626
122.733,11.643
122.750,11.660
122.767,11.677
122.783,11.694
122.800,11.711
122.817,11.728
122.833,11.742
122.850,11.755
122.867,11.768
122.883,11.781
122.900,11.795
122.917,11.808
122.933,11.821
122.950,11.834
122.967,11.847
122.983,11.860
123.000,11.874
123.017,11.884
123.033,11.893
123.050,11.901
123.067,11.910
123.083,11.918
123.100,11.927
123.117,11.935
123.133,11.943
123.150,11.952
123.167,11.960
123.183,11.969
123.200,11.977
123.217,11.980
123.233,11.980
123.250,11.980
123.267,11.980
123.283,11.980
123.300,11.980
123.317,11.953
123.333,11.948
123.350,11.944
123.367,11.940
123.383,11.936
123.400,11.932
123.417,11.928
123.433,11.924
123.450,11.919
123.467,11.915
123.483,11.911
123.500,11.907
123.517,11.903
123.533,11.899
123.550,11.895
123.567,11.890
123.583,11.886
123.600,11.882
123.617,11.869
123.633,11.851
123.650,11.833
123.667,11.815
123.683,11.797
123.700,11.779
123.717,11.761
123.733,11.743
123.750,11.725
123.767,11.707
123.783,11.689
123.800,11.672
123.817,11.655
123.833,11.638
123.850,11.621
123.867,11.604
123.883,11.588
123.900,11.571
123.917,11.554
123.933,11.537
123.950,11.520
123.967,11.503
123.983,11.487
124.000,11.469
124.017,11.451
124.033,11.433
124.050,11.414
124.067,11.396
124.083,11.378
124.100,11.360
124.117,11.342
124.133,11.324
124.150,11.306
124.167,11.288
124.183,11.267
124.200,11.246
124.217,11.225
124.233,11.203
124.250,11.182
124.267,11.161
124.283,11.140
124.300,11.118
124.317,11.097
124.333,11.076
124.350,11.055
124.367,11.033
124.383,11.008
124.400,10.984
124.417,10.959
124.433,10.935
124.450,10.910
124.467,10.885
124.483,10.861
124.500,10.836
124.517,10.812
124.533,10.787
124.550,10.762
124.567,10.738
124.583,10.722
124.600,10.706
124.617,10.691
124.633,10.675
124.650,10.659
124.667,10.644
124.683,10.628
124.700,10.613
124.717,10.597
124.733,10.583
124.750,10.570
124.767,10.557
124.783,10.545
124.800,10.532
124.817,10.520
124.833,10.507
124.850,10.494
124.867,10.482
124.883,10.469
124.900,10.456
124.917,10.444
124.933,10.431
124.950,10.417
124.967,10.404
124.983,10.391
125.000,10.377
125.017,10.364
125.033,10.351
125.050,10.337
125.067,10.324
125.083,10.310
125.100,10.297
125.117,10.286
125.133,10.278
125.150,10.269
125.167,10.261
125.183,10.252
125.200,10.244
125.217,10.236
125.233,10.227
125.250,10.219
125.267,10.210
125.283,10.202
125.300,10.194
125.317,10.190
125.333,10.190
125.350,10.190
125.367,10.190
125.383,10.190
125.400,10.142
125.417,10.133
125.433,10.125
125.450,10.116
125.467,10.107
125.483,10.099
125.500,10.090
125.517,10.081
125.533,10.073
125.550,10.064
125.567,10.056
125.583,10.047
125.600,10.038
125.617,10.030
125.633,10.021
125.650,10.012
125.667,10.004
125.683,9.995
125.700,9.987
125.717,9.978
125.733,9.970
125.750,9.961
125.767,9.953
125.783,9.945
125.800,9.936
125.817,9.928
125.833,9.919
125.850,9.911
125.867,9.902
125.883,9.894
125.900,9.892
125.917,9.892
125.933,9.892
125.950,9.909
125.967,9.914
125.983,9.919
126.000,9.923
126.017,9.928
126.033,9.932
126.050,9.937
126.067,9.941
126.083,9.946
126.100,9.950
126.117,9.955
126.133,9.960
126.150,9.964
126.167,9.969
126.183,9.973
126.200,9.978
126.217,9.982
126.233,9.987
126.250,9.991
126.267,10.001
126.283,10.010
126.300,10.019
126.317,10.029
126.333,10.038
126.350,10.048
126.367,10.057
126.383,10.067
126.400,10.076
126.417,10.086
126.433,10.095
126.450,10.104
126.467,10.114
126.483,10.123
126.500,10.132
126.517,10.142
126.533,10.151
126.550,10.160
126.567,10.170
126.583,10.179
126.600,10.188
126.617,10.190
126.633,10.190
126.650,10.190
126.667,10.190
126.683,10.190
126.700,10.215
126.717,10.220
126.733,10.224
126.750,10.228
126.767,10.233
126.783,10.237
126.800,10.241
126.817,10.246
126.833,10.250
126.850,10.254
126.867,10.259
126.883,10.263
126.900,10.267
126.917,10.272
126.933,10.276
126.950,10.280
126.967,10.285
126.983,10.289
127.000,10.290
127.017,10.290
127.033,10.290
127.050,10.290
127.067,10.290
127.083,10.290
127.100,10.290
127.117,10.320
127.133,10.324
127.150,10.328
127.167,10.332
127.183,10.336
127.200,10.340
127.217,10.344
127.233,10.348
127.250,10.352
127.267,10.356
127.283,10.360
127.300,10.364
127.317,10.368
127.333,10.371
127.350,10.375
127.367,10.379
127.383,10.383
127.400,10.387
127.417,10.389
127.433,10.389
127.450,10.389
127.467,10.389
127.483,10.389
127.500,10.389
127.517,10.389
127.533,10.389
127.550,10.389
127.567,10.389
127.583,10.389
127.600,10.389
127.617,10.389
127.633,10.389
127.650,10.389
127.667,10.389
127.683,10.389
127.700,10.389
127.717,10.389
127.733,10.389
127.750,10.389
127.767,10.389
127.783,10.389
127.800,10.389
127.817,10.389
127.833,10.389
127.850,10.389
127.867,10.389
127.883,10.389
127.900,10.389
127.917,10.389
127.933,10.389
127.950,10.389
127.967,10.389
127.983,10.389
128.000,10.389
128.017,10.322
128.033,10.320
128.050,10.319
128.067,10.317
128.083,10.315
128.100,10.313
128.117,10.311
128.133,10.309
128.150,10.307
128.167,10.306
128.183,10.304
128.200,10.302
128.217,10.300
128.233,10.298
128.250,10.296
128.267,10.295
128.283,10.293
128.300,10.291
128.317,10.290
128.333,10.290
128.350,10.290
128.367,10.290
128.383,10.218
128.400,10.202
128.417,10.186
128.433,10.170
128.450,10.154
128.467,10.138
128.483,10.122
128.500,10.106
128.517,10.090
128.533,10.074
128.550,10.058
128.567,10.042
128.583,10.025
128.600,10.009
128.617,9.993
128.633,9.977
128.650,9.961
128.667,9.945
128.683,9.942
128.700,9.942
128.717,9.942
128.733,9.942
128.750,9.942
128.767,9.821
128.783,9.800
128.800,9.779
128.817,9.758
128.833,9.737
128.850,9.717
128.867,9.696
128.883,9.675
128.900,9.654
128.917,9.633
128.933,9.612
128.950,9.591
128.967,9.570
128.983,9.550
129.000,9.529
129.017,9.508
129.033,9.487
129.050,9.466
129.067,9.445
129.083,9.422
129.100,9.400
129.117,9.377
129.133,9.354
129.150,9.331
129.167,9.308
129.183,9.285
129.200,9.262
129.217,9.239
129.233,9.216
129.250,9.193
129.267,9.170
129.283,9.147
129.300,9.124
129.317,9.100
129.333,9.077
129.350,9.054
129.367,9.031
129.383,9.007
129.400,8.984
129.417,8.961
129.433,8.937
129.450,8.911
129.467,8.886
129.483,8.861
129.500,8.836
129.517,8.810
129.533,8.785
129.550,8.760
129.567,8.735
129.583,8.710
129.600,8.684
129.617,8.659
129.633,8.630
129.650,8.599
129.667,8.567
129.683,8.536
129.700,8.504
129.717,8.473
129.733,8.441
129.750,8.410
129.767,8.378
129.783,8.347
129.800,8.315
129.817,8.284
129.833,8.252
129.850,8.221
129.867,8.189
129.883,8.158
129.900,8.126
129.917,8.095
129.933,8.063
129.950,8.032
129.967,7.997
129.983,7.936
130.000,7.874
130.017,7.812
130.033,7.751
130.050,7.689
130.067,7.628
130.083,7.566
130.100,7.505
130.117,7.443
130.133,7.382
130.150,7.314
130.167,7.243
130.183,7.172
130.200,7.100
130.217,7.029
130.233,6.958
130.250,6.887
130.267,6.815
130.283,6.744
130.300,6.673
130.317,6.602
130.333,6.562
130.350,6.562
130.367,6.562
130.383,6.562
130.400,6.562
130.417,6.197
130.433,6.130
130.450,6.063
130.467,5.996
130.483,5.929
130.500,5.862
130.517,5.795
130.533,5.727
130.550,5.660
130.567,5.593
130.583,5.526
130.600,5.459
130.617,5.392
130.633,5.325
130.650,5.258
130.667,5.191
130.683,5.124
130.700,5.057
130.717,4.993
130.733,4.932
130.750,4.872
130.767,4.811
130.783,4.751
130.800,4.690
130.817,4.630
130.833,4.569
130.850,4.509
130.867,4.448
130.883,4.388
130.900,4.298
130.917,4.227
130.933,4.163
130.950,4.100
130.967,4.037
130.983,3.973
131.000,3.910
131.017,3.847
131.033,3.783
131.050,3.720
131.067,3.656
131.083,3.593
131.100,3.536
131.117,3.482
131.133,3.427
131.150,3.372
131.167,3.318
131.183,3.263
131.200,3.208
131.217,3.154
131.233,3.099
131.250,3.044
131.267,2.990
131.283,2.935
131.300,2.870
131.317,2.804
131.333,2.738
131.350,2.673
131.367,2.607
131.383,2.541
131.400,2.476
131.417,2.410
131.433,2.344
131.450,2.281
131.467,2.235
131.483,2.189
131.500,2.187
131.517,2.187
131.533,2.187
131.550,2.016
131.567,1.973
131.583,1.929
131.600,1.886
131.617,1.843
131.633,1.800
131.650,1.756
131.667,1.713
131.683,1.670
131.700,1.627
131.717,1.584
131.733,1.540
131.750,1.497
131.767,1.454
131.783,1.411
131.800,1.367
131.817,1.324
131.833,1.281
131.850,1.238
131.867,1.196
131.883,1.154
131.900,1.112
131.917,1.070
131.933,1.028
131.950,0.986
131.967,0.944
131.983,0.902
132.000,0.860
132.017,0.829
132.033,0.805
132.050,0.780
132.067,0.756
132.083,0.731
132.100,0.707
132.117,0.682
132.133,0.658
132.150,0.633
132.167,0.609
132.183,0.585
132.200,0.560
132.217,0.540
132.233,0.526
132.250,0.512
132.267,0.498
132.283,0.483
132.300,0.469
132.317,0.455
132.333,0.441
132.350,0.427
132.367,0.412
132.383,0.398
132.400,0.390
132.417,0.383
132.433,0.375
132.450,0.367
132.467,0.360
132.483,0.352
132.500,0.345
132.517,0.337
132.533,0.329
132.550,0.322
132.567,0.314
132.583,0.306
132.600,0.299
132.617,0.298
132.633,0.298
132.650,0.298
132.667,0.298
132.683,0.331
132.700,0.337
132.717,0.344
132.733,0.350
132.750,0.357
132.767,0.363
132.783,0.370
132.800,0.376
132.817,0.383
132.833,0.389
132.850,0.396
132.867,0.403
132.883,0.409
132.900,0.416
132.917,0.422
132.933,0.429
132.950,0.435
132.967,0.442
132.983,0.449
133.000,0.459
133.017,0.469
133.033,0.479
133.050,0.488
133.067,0.498
133.083,0.508
133.100,0.518
133.117,0.528
133.133,0.538
133.150,0.549
133.167,0.565
133.183,0.582
133.200,0.599
133.217,0.615
133.233,0.632
133.250,0.648
133.267,0.665
133.283,0.681
133.300,0.698
133.317,0.714
133.333,0.731
133.350,0.747
133.367,0.761
133.383,0.775
133.400,0.788
133.417,0.802
133.433,0.816
133.450,0.830
133.467,0.843
133.483,0.857
133.500,0.871
133.517,0.885
133.533,0.899
133.550,0.915
133.567,0.932
133.583,0.948
133.600,0.964
133.617,0.981
133.633,0.997
133.650,1.013
133.667,1.030
133.683,1.050
133.700,1.090
133.717,1.130
133.733,1.171
133.750,1.211
133.767,1.252
133.783,1.292
133.800,1.332
133.817,1.373
133.833,1.413
133.850,1.444
133.867,1.452
133.883,1.460
133.900,1.469
133.917,1.477
133.933,1.485
133.950,1.493
133.967,1.501
133.983,1.509
134.000,1.517
134.017,1.526
134.033,1.534
134.050,1.549
134.067,1.614
134.083,1.679
134.100,1.744
134.117,1.809
134.133,1.875
134.150,1.940
134.167,2.005
134.183,2.070
134.200,2.135
134.217,2.200
134.233,2.265
134.250,2.329
134.267,2.394
134.283,2.477
134.300,2.560
134.317,2.643
134.333,2.726
134.350,2.809
134.367,2.891
134.383,2.974
134.400,3.057
134.417,3.140
134.433,3.223
134.450,3.307
134.467,3.394
134.483,3.481
134.500,3.568
134.517,3.655
134.533,3.742
134.550,3.829
134.567,3.916
134.583,4.003
134.600,4.090
134.617,4.177
134.633,4.269
134.650,4.367
134.667,4.465
134.683,4.563
134.700,4.661
134.717,4.760
134.733,4.858
134.750,4.956
134.767,5.054
134.783,5.153
134.800,5.251
134.817,5.349
134.833,5.440
134.850,5.529
134.867,5.619
134.883,5.708
134.900,5.797
134.917,5.887
134.933,5.976
134.950,6.065
134.967,6.154
134.983,6.244
135.000,6.365
135.017,6.468
135.033,6.555
135.050,6.642
135.067,6.729
135.083,6.816
135.100,6.903
135.117,6.990
135.133,7.077
135.150,7.164
135.167,7.251
135.183,7.338
135.200,7.449
135.217,7.533
135.233,7.615
135.250,7.696
135.267,7.778
135.283,7.859
135.300,7.941
135.317,8.022
135.333,8.103
135.350,8.185
135.367,8.266
135.383,8.348
135.400,8.416
135.417,8.484
135.433,8.552
135.450,8.620
135.467,8.688
135.483,8.756
135.500,8.824
135.517,8.892
135.533,8.960
135.550,9.028
135.567,9.096
135.583,9.097
135.600,9.246
135.617,9.321
135.633,9.396
135.650,9.471
135.667,9.546
135.683,9.621
135.700,9.696
135.717,9.771
135.733,9.846
135.750,9.921
135.767,9.996
135.783,10.071
135.800,10.147
135.817,10.222
135.833,10.297
135.850,10.372
135.867,10.447
135.883,10.522
135.900,10.614
135.917,10.693
135.933,10.765
135.950,10.838
135.967,10.910
135.983,10.983
136.000,11.055
136.017,11.128
136.033,11.200
136.050,11.272
136.067,11.345
136.083,11.417
136.100,11.526
136.117,11.603
136.133,11.678
136.150,11.753
136.167,11.827
136.183,11.902
136.200,11.977
136.217,12.052
136.233,12.127
136.250,12.202
136.267,12.277
136.283,12.353
136.300,12.429
136.317,12.504
136.333,12.580
136.350,12.656
136.367,12.731
136.383,12.807
136.400,12.883
136.417,12.959
136.433,13.034
136.450,13.109
136.467,13.184
136.483,13.258
136.500,13.333
136.517,13.407
136.533,13.482
136.550,13.556
136.567,13.631
136.583,13.705
136.600,13.780
136.617,13.854
136.633,13.869
136.650,13.869
136.667,13.869
136.683,13.869
136.700,14.127
136.717,14.314
136.733,14.391
136.750,14.468
136.767,14.544
136.783,14.621
136.800,14.698
136.817,14.775
136.833,14.851
136.850,14.928
136.867,14.928
136.883,14.928
136.900,14.928
136.917,14.928
136.933,14.928
136.950,14.928
136.967,14.928
136.983,14.928
137.000,14.928
137.017,14.928
137.033,14.928
137.050,15.217
137.067,15.501
137.083,15.787
137.100,16.078
137.117,16.184
137.133,16.263
137.150,16.342
137.167,16.421
137.183,16.500
137.200,16.583
137.217,16.664
137.233,16.743
137.250,16.823
137.267,16.902
137.283,16.982
137.300,17.061
137.317,17.141
137.333,17.221
137.350,17.300
137.367,17.380
137.383,17.458
137.400,17.531
137.417,17.603
137.433,17.675
137.450,17.748
137.467,17.820
137.483,17.893
137.500,17.965
137.517,18.037
137.533,18.110
137.550,18.182
137.567,18.255
137.583,18.327
137.600,18.396
137.617,18.464
137.633,18.532
137.650,18.601
137.667,18.669
137.683,18.737
137.700,18.805
137.717,18.873
137.733,18.941
137.750,19.006
137.767,19.064
137.783,19.122
137.800,19.180
137.817,19.238
137.833,19.296
137.850,19.354
137.867,19.412
137.883,19.470
137.900,19.528
137.917,19.586
137.933,19.644
137.950,19.699
137.967,19.746
137.983,19.792
138.000,19.839
138.017,19.885
138.033,19.932
138.050,19.978
138.067,20.025
138.083,20.071
138.100,20.118
138.117,20.164
138.133,20.208
138.150,20.251
138.167,20.293
138.183,20.333
138.200,20.373
138.217,20.413
138.233,20.453
138.250,20.493
138.267,20.533
138.283,20.573
138.300,20.613
138.317,20.654
138.333,20.694
138.350,20.733
138.367,20.766
138.383,20.799
138.400,20.832
138.417,20.865
138.433,20.899
138.450,20.932
138.467,20.965
138.483,20.998
138.500,21.031
138.517,21.064
138.533,21.097
138.550,21.130
138.567,21.157
138.583,21.185
138.600,21.212
138.617,21.240
138.633,21.240
138.650,21.240
138.667,21.240
138.683,21.240
138.700,21.240
138.717,21.240
138.733,21.240
138.750,21.240
138.767,21.240
138.783,21.240
138.800,21.240
138.817,21.242
138.833,21.224
138.850,21.173
138.867,21.089
138.883,20.963
138.900,21.150
138.917,21.500
138.933,21.846
138.950,21.884
138.967,21.923
138.983,21.961
139.000,21.999
139.017,22.037
139.033,22.076
139.050,22.114
139.067,22.152
139.083,22.190
139.100,22.229
139.117,22.267
139.133,22.290
139.150,22.312
139.167,22.334
139.183,22.356
139.200,22.378
139.217,22.400
139.233,22.400
139.250,22.400
139.267,22.400
139.283,22.400
139.300,22.400
139.317,22.400
139.333,22.400
139.350,22.400
139.367,22.400
139.383,22.400
139.400,22.400
139.417,22.668
139.433,22.690
139.450,22.713
139.467,22.736
139.483,22.758
139.500,22.767
139.517,22.767
139.533,22.767
139.550,22.767
139.567,22.767
139.583,22.767
139.600,22.767
139.617,22.767
139.633,22.767
139.650,22.767
139.667,22.767
139.683,22.767
139.700,22.767
139.717,22.854
139.733,22.860
139.750,22.867
139.767,22.873
139.783,22.879
139.800,22.886
139.817,22.892
139.833,22.899
139.850,22.905
139.867,22.911
139.883,22.918
139.900,22.924
139.917,22.930
139.933,22.937
139.950,22.943
139.967,22.950
139.983,22.956
140.000,22.962
140.017,22.951
140.033,22.920
140.050,22.889
140.067,22.858
140.083,22.826
140.100,22.795
140.117,22.764
140.133,22.733
140.150,22.701
140.167,22.670
140.183,22.633
140.200,22.596
140.217,22.558
140.233,22.521
140.250,22.483
140.267,22.446
140.283,22.408
140.300,22.371
140.317,22.334
140.333,22.296
140.350,22.255
140.367,22.206
140.383,22.157
140.400,22.108
140.417,22.059
140.433,22.010
140.450,21.961
140.467,21.912
140.483,21.863
140.500,21.814
140.517,21.765
140.533,21.717
140.550,21.668
140.567,21.621
140.583,21.575
140.600,21.528
140.617,21.482
140.633,21.435
140.650,21.389
140.667,21.342
140.683,21.295
140.700,21.249
140.717,21.202
140.733,21.158
140.750,21.117
140.767,21.075
140.783,21.034
140.800,20.992
140.817,20.951
140.833,20.910
140.850,20.868
140.867,20.827
140.883,20.785
140.900,20.744
140.917,20.702
140.933,20.659
140.950,20.612
140.967,20.566
140.983,20.519
141.000,20.473
141.017,20.426
141.033,20.379
141.050,20.333
141.067,20.286
141.083,20.240
141.100,20.193
141.117,20.148
141.133,20.103
141.150,20.058
141.167,20.012
141.183,19.967
141.200,19.922
141.217,19.877
141.233,19.832
141.250,19.787
141.267,19.742
141.283,19.697
141.300,19.652
141.317,19.635
141.333,19.635
141.350,19.635
141.367,19.635
141.383,19.420
141.400,19.374
141.417,19.327
141.433,19.281
141.450,19.234
141.467,19.188
141.483,19.142
141.500,19.095
141.517,19.049
141.533,19.002
141.550,18.956
141.567,18.910
141.583,18.863
141.600,18.817
141.617,18.771
141.633,18.724
141.650,18.678
141.667,18.631
141.683,18.586
141.700,18.545
141.717,18.505
141.733,18.465
141.750,18.424
141.767,18.384
141.783,18.343
141.800,18.303
141.817,18.262
141.833,18.222
141.850,18.181
141.867,18.140
141.883,18.098
141.900,18.056
141.917,18.014
141.933,17.973
141.950,17.931
141.967,17.889
141.983,17.848
142.000,17.806
142.017,17.761
142.033,17.716
142.050,17.670
142.067,17.625
142.083,17.579
142.100,17.534
142.117,17.488
142.133,17.442
142.150,17.397
142.167,17.351
142.183,17.306
142.200,17.260
142.217,17.218
142.233,17.176
142.250,17.135
142.267,17.094
142.283,17.052
142.300,17.011
142.317,16.969
142.333,16.928
142.350,16.886
142.367,16.845
142.383,16.804
142.400,16.802
142.417,16.802
142.433,16.802
142.450,16.647
142.467,16.608
142.483,16.569
142.500,16.530
142.517,16.491
142.533,16.452
142.550,16.413
142.567,16.374
142.583,16.335
142.600,16.296
142.617,16.257
142.633,16.218
142.650,16.179
142.667,16.140
142.683,16.101
142.700,16.062
142.717,16.023
142.733,15.984
142.750,15.949
142.767,15.923
142.783,15.896
142.800,15.870
142.817,15.843
142.833,15.817
142.850,15.791
142.867,15.764
142.883,15.738
142.900,15.712
142.917,15.685
142.933,15.659
142.950,15.633
142.967,15.609
142.983,15.609
143.000,15.609
143.017,15.609
143.033,15.609
143.050,15.631
143.067,15.636
143.083,15.640
143.100,15.644
143.117,15.649
143.133,15.653
143.150,15.657
143.167,15.662
143.183,15.666
143.200,15.671
143.217,15.675
143.233,15.679
143.250,15.684
143.267,15.688
143.283,15.693
143.300,15.697
143.317,15.701
143.333,15.706
143.350,15.717
143.367,15.738
143.383,15.758
143.400,15.779
143.417,15.800
143.433,15.821
143.450,15.841
143.467,15.862
143.483,15.883
143.500,15.903
143.517,15.924
143.533,15.945
143.550,15.974
143.567,16.014
143.583,16.053
143.600,16.093
143.617,16.133
143.633,16.173
143.650,16.213
143.667,16.253
143.683,16.293
143.700,16.333
143.717,16.381
143.733,16.437
143.750,16.494
143.767,16.551
143.783,16.608
143.800,16.665
143.817,16.721
143.833,16.778
143.850,16.835
143.867,16.892
143.883,16.949
143.900,17.023
143.917,17.090
143.933,17.153
143.950,17.215
143.967,17.278
143.983,17.341
144.000,17.403
144.017,17.466
144.033,17.528
144.050,17.591
144.067,17.656
144.083,17.743
144.100,17.840
144.117,17.916
144.133,17.990
144.150,18.065
144.167,18.139
144.183,18.213
144.200,18.288
144.217,18.362
144.233,18.437
144.250,18.511
144.267,18.585
144.283,18.713
144.300,18.798
144.317,18.883
144.333,18.967
144.350,19.052
144.367,19.137
144.383,19.222
144.400,19.307
144.417,19.392
144.433,19.477
144.450,19.561
144.467,19.644
144.483,19.729
144.500,19.814
144.517,19.834
144.533,19.834
144.550,20.124
144.567,20.229
144.583,20.334
144.600,20.439
144.617,20.545
144.633,20.650
144.650,20.755
144.667,20.860
144.683,20.965
144.700,21.070
144.717,21.175
144.733,21.280
144.750,21.385
144.767,21.490
144.783,21.595
144.800,21.701
144.817,21.806
144.833,21.911
144.850,22.022
144.867,22.142
144.883,22.261
144.900,22.381
144.917,22.501
144.933,22.620
144.950,22.740
144.967,22.860
144.983,22.979
145.000,23.099
145.017,23.219
145.033,23.336
145.050,23.452
145.067,23.568
145.083,23.683
145.100,23.799
145.117,23.915
145.133,24.031
145.150,24.147
145.167,24.262
145.183,24.378
145.200,24.494
145.217,24.614
145.233,24.740
145.250,24.866
145.267,24.991
145.283,24.991
145.300,24.991
145.317,24.991
145.333,24.991
145.350,24.991
145.367,24.991
145.383,24.991
145.400,24.991
145.417,24.991
145.433,24.991
145.450,24.991
145.467,25.416
145.483,25.851
145.500,26.284
145.517,26.735
145.533,27.004
145.550,27.123
145.567,27.242
145.583,27.360
145.600,27.479
145.617,27.598
145.633,27.717
145.650,27.835
145.667,27.954
145.683,28.073
145.700,28.191
145.717,28.310
145.733,28.429
145.750,28.545
145.767,28.648
145.783,28.782
145.800,28.782
145.817,28.782
145.833,28.782
145.850,28.782
145.867,29.208
145.883,29.537
145.900,29.660
145.917,29.783
145.933,29.906
145.950,30.029
145.967,30.152
145.983,30.275
146.000,30.398
146.017,30.521
146.033,30.644
146.050,30.767
146.067,30.890
146.083,31.013
146.100,31.136
146.117,31.259
146.133,31.382
146.150,31.505
146.167,31.636
146.183,31.839
146.200,32.043
146.217,32.247
146.233,32.451
146.250,32.654
146.267,32.858
146.283,33.062
146.300,33.266
146.317,33.469
146.333,33.673
146.350,33.888
146.367,34.101
146.383,34.101
146.400,34.101
146.417,34.529
146.433,34.874
146.450,35.055
146.467,35.235
146.483,35.416
146.500,35.416
146.517,35.416
146.533,35.416
146.550,35.416
146.567,35.416
146.583,35.416
146.600,35.416
146.617,35.416
146.633,35.416
146.650,35.416
146.667,35.416
146.683,35.865
146.700,36.318
146.717,36.757
146.733,37.203
146.750,37.648
146.767,38.095
146.783,38.233
146.800,38.320
146.817,38.407
146.833,38.494
146.850,38.581
146.867,38.668
146.883,38.755
146.900,38.842
146.917,38.899
146.933,38.941
146.950,38.982
146.967,39.023
146.983,39.064
147.000,39.105
147.017,39.147
147.033,39.188
147.050,39.229
147.067,39.270
147.083,39.311
147.100,39.327
147.117,39.335
147.133,39.344
147.150,39.352
147.167,39.361
147.183,39.369
147.200,39.377
147.217,39.386
147.233,39.394
147.250,39.403
147.267,39.411
147.283,39.419
147.300,39.377
147.317,39.332
147.333,39.286
147.350,39.241
147.367,39.196
147.383,39.151
147.400,39.106
147.417,39.061
147.433,39.016
147.450,38.971
147.467,38.926
147.483,38.885
147.500,38.845
147.517,38.793
147.533,38.726
147.550,38.660
147.567,38.594
147.583,38.528
147.600,38.461
147.617,38.395
147.633,38.329
147.650,38.263
147.667,38.200
147.683,38.142
147.700,38.084
147.717,38.026
147.733,37.968
147.750,37.911
147.767,37.853
147.783,37.795
147.800,37.737
147.817,37.679
147.833,37.621
147.850,37.558
147.867,37.484
147.883,37.410
147.900,37.335
147.917,37.261
147.933,37.186
147.950,37.112
147.967,37.038
147.983,36.963
148.000,36.889
148.017,36.803
148.033,36.737
148.050,36.676
148.067,36.615
148.083,36.555
148.100,36.494
148.117,36.434
148.133,36.373
148.150,36.312
148.167,36.252
148.183,36.191
148.200,36.109
148.217,36.036
148.233,35.966
148.250,35.897
148.267,35.827
148.283,35.757
148.300,35.687
148.317,35.617
148.333,35.547
148.350,35.478
148.367,35.408
148.383,35.338
148.400,35.269
148.417,35.197
148.433,35.124
148.450,35.051
148.467,34.978
148.483,34.904
148.500,34.831
148.517,34.758
148.533,34.685
148.550,34.611
148.567,34.538
148.583,34.465
148.600,34.378
148.617,34.288
148.633,34.197
148.650,34.106
148.667,34.016
148.683,33.925
148.700,33.834
148.717,33.744
148.733,33.653
148.750,33.563
148.767,33.472
148.783,33.390
148.800,33.332
148.817,33.274
148.833,33.216
148.850,33.158
148.867,33.100
148.883,33.042
148.900,32.985
148.917,32.927
148.933,32.869
148.950,32.811
148.967,32.751
148.983,32.679
149.000,32.606
149.017,32.534
149.033,32.461
149.050,32.388
149.067,32.316
149.083,32.243
149.100,32.171
149.117,32.098
149.133,32.025
149.150,31.953
149.167,31.880
149.183,31.808
149.200,31.736
149.217,31.664
149.233,31.592
149.250,31.520
149.267,31.448
149.283,31.376
149.300,31.304
149.317,31.232
149.333,31.160
149.350,31.090
149.367,31.022
149.383,30.954
149.400,30.886
149.417,30.818
149.433,30.750
149.450,30.682
149.467,30.614
149.483,30.546
149.500,30.479
149.517,30.411
149.533,30.321
149.550,30.228
149.567,30.228
149.583,30.228
149.600,30.228
149.617,30.228
149.633,30.228
149.650,30.228
149.667,30.228
149.683,30.228
149.700,30.228
149.717,30.228
149.733,30.228
149.750,29.732
149.767,29.232
149.783,29.154
149.800,29.082
149.817,29.010
149.833,28.938
149.850,28.866
149.867,28.794
149.883,28.721
149.900,28.638
149.917,28.559
149.933,28.481
149.950,28.403
149.967,28.324
149.983,28.246
150.000,28.168
150.017,28.090
150.033,28.011
150.050,27.933
150.067,27.855
150.083,27.777
150.100,27.704
150.117,27.631
150.133,27.557
150.150,27.484
150.167,27.410
150.183,27.337
150.200,27.263
150.217,27.190
150.233,27.116
150.250,27.043
150.267,26.969
150.283,26.896
150.300,26.854
150.317,26.813
150.333,26.772
150.350,26.731
150.367,26.691
150.383,26.650
150.400,26.609
150.417,26.568
150.433,26.527
150.450,26.486
150.467,26.446
150.483,26.405
150.500,26.379
150.517,26.358
150.533,26.336
150.550,26.315
150.567,26.294
150.583,26.272
150.600,26.251
150.617,26.230
150.633,26.208
150.650,26.187
150.667,26.166
150.683,26.147
150.700,26.147
150.717,26.147
150.733,26.147
150.750,26.147
150.767,26.147
150.783,26.147
150.800,26.147
150.817,26.147
150.833,26.147
150.850,26.147
150.867,26.147
150.883,26.147
150.900,26.147
150.917,26.147
150.933,26.147
150.950,26.384
150.967,26.399
150.983,26.414
151.000,26.428
151.017,26.443
151.033,26.458
151.050,26.473
151.067,26.487
151.083,26.502
151.100,26.517
151.117,26.531
151.133,26.546
151.150,26.561
151.167,26.575
151.183,26.590
151.200,26.605
151.217,26.619
151.233,26.634
151.250,26.662
151.267,26.719
151.283,26.776
151.300,26.834
151.317,26.891
151.333,26.948
151.350,27.005
151.367,27.063
151.383,27.120
151.400,27.177
151.417,27.191
151.433,27.191
151.450,27.191
151.467,27.191
151.483,27.505
151.500,27.571
151.517,27.637
151.533,27.703
151.550,27.769
151.567,27.835
151.583,27.901
151.600,27.967
151.617,28.032
151.633,28.098
151.650,28.164
151.667,28.230
151.683,28.296
151.700,28.362
151.717,28.428
151.733,28.494
151.750,28.560
151.767,28.626
151.783,28.693
151.800,28.766
151.817,28.839
151.833,28.912
151.850,28.986
151.867,29.059
151.883,29.132
151.900,29.205
151.917,29.279
151.933,29.352
151.950,29.425
151.967,29.497
151.983,29.566
152.000,29.635
152.017,29.704
152.033,29.773
152.050,29.842
152.067,29.911
152.083,29.980
152.100,30.050
152.117,30.137
152.133,30.223
152.150,30.301
152.167,30.380
152.183,30.459
152.200,30.537
152.217,30.616
152.233,30.694
152.250,30.773
152.267,30.852
152.283,30.929
152.300,30.999
152.317,31.069
152.333,31.139
152.350,31.208
152.367,31.278
152.383,31.348
152.400,31.418
152.417,31.488
152.433,31.558
152.450,31.627
152.467,31.692
152.483,31.751
152.500,31.811
152.517,31.814
152.533,31.814
152.550,31.935
152.567,31.976
152.583,32.018
152.600,32.059
152.617,32.100
152.633,32.141
152.650,32.182
152.667,32.224
152.683,32.265
152.700,32.306
152.717,32.347
152.733,32.388
152.750,32.429
152.767,32.471
152.783,32.512
152.800,32.553
152.817,32.594
152.833,32.635
152.850,32.666
152.867,32.681
152.883,32.697
152.900,32.712
152.917,32.727
152.933,32.743
152.950,32.758
152.967,32.774
152.983,32.789
153.000,32.805
153.017,32.808
153.033,32.808
153.050,32.808
153.067,32.808
153.083,32.704
153.100,32.682
153.117,32.660
153.133,32.638
153.150,32.616
153.167,32.594
153.183,32.572
153.200,32.550
153.217,32.528
153.233,32.506
153.250,32.484
153.267,32.462
153.283,32.440
153.300,32.418
153.317,32.396
153.333,32.374
153.350,32.352
153.367,32.330
153.383,32.304
153.400,32.256
153.417,32.207
153.433,32.158
153.450,32.110
153.467,32.061
153.483,32.012
153.500,31.963
153.517,31.915
153.533,31.866
153.550,31.817
153.567,31.768
153.583,31.709
153.600,31.648
153.617,31.587
153.633,31.526
153.650,31.465
153.667,31.404
153.683,31.343
153.700,31.283
153.717,31.222
153.733,31.161
153.750,31.102
153.767,31.046
153.783,30.990
153.800,30.934
153.817,30.878
153.833,30.822
153.850,30.766
153.867,30.711
153.883,30.655
153.900,30.599
153.917,30.543
153.933,30.482
153.950,30.418
153.967,30.354
153.983,30.290
154.000,30.226
154.017,30.162
154.033,30.098
154.050,30.033
154.067,29.969
154.083,29.905
154.100,29.841
154.117,29.747
154.133,29.681
154.150,29.625
154.167,29.569
154.183,29.512
154.200,29.456
154.217,29.400
154.233,29.344
154.250,29.287
154.267,29.231
154.283,29.175
154.300,29.118
154.317,29.062
154.333,29.030
154.350,29.030
154.367,29.030
154.383,29.030
154.400,28.806
154.417,28.756
154.433,28.705
154.450,28.655
154.467,28.604
154.483,28.554
154.500,28.503
154.517,28.453
154.533,28.402
154.550,28.352
154.567,28.301
154.583,28.251
154.600,28.200
154.617,28.150
154.633,28.099
154.650,28.049
154.667,27.998
154.683,27.948
154.700,27.937
154.717,27.937
154.733,27.937
154.750,27.937
154.767,27.778
154.783,27.745
154.800,27.712
154.817,27.679
154.833,27.646
154.850,27.613
154.867,27.580
154.883,27.546
154.900,27.513
154.917,27.480
154.933,27.447
154.950,27.414
154.967,27.381
154.983,27.348
155.000,27.314
155.017,27.281
155.033,27.248
155.050,27.215
155.067,27.186
155.083,27.168
155.100,27.149
155.117,27.131
155.133,27.113
155.150,27.095
155.167,27.076
155.183,27.058
155.200,27.040
155.217,27.021
155.233,27.003
155.250,26.992
155.267,26.992
155.283,26.992
155.300,26.992
155.317,26.992
155.333,26.992
155.350,26.992
155.367,26.992
155.383,26.992
155.400,26.992
155.417,26.992
155.433,26.992
155.450,26.992
155.467,26.992
155.483,26.992
155.500,26.992
155.517,26.992
155.533,26.992
155.550,26.992
155.567,26.992
155.583,26.992
155.600,26.992
155.617,26.992
155.633,26.992
155.650,26.992
155.667,27.051
155.683,27.053
155.700,27.055
155.717,27.058
155.733,27.060
155.750,27.062
155.767,27.064
155.783,27.067
155.800,27.069
155.817,27.071
155.833,27.074
155.850,27.076
155.867,27.078
155.883,27.081
155.900,27.083
155.917,27.085
155.933,27.087
155.950,27.090
155.967,27.092
155.983,27.092
156.000,27.092
156.017,27.219
156.033,27.261
156.050,27.302
156.067,27.343
156.083,27.384
156.100,27.425
156.117,27.467
156.133,27.508
156.150,27.549
156.167,27.590
156.183,27.631
156.200,27.672
156.217,27.714
156.233,27.755
156.250,27.796
156.267,27.837
156.283,27.878
156.300,27.920
156.317,27.968
156.333,28.021
156.350,28.075
156.367,28.128
156.383,28.182
156.400,28.235
156.417,28.289
156.433,28.342
156.450,28.395
156.467,28.461
156.483,28.550
156.500,28.614
156.517,28.677
156.533,28.730
156.550,28.782
156.567,28.834
156.583,28.885
156.600,28.937
156.617,28.989
156.633,29.041
156.650,29.093
156.667,29.147
156.683,29.209
156.700,29.271
156.717,29.332
156.733,29.394
156.750,29.456
156.767,29.518
156.783,29.579
156.800,29.641
156.817,29.703
156.833,29.787
156.850,29.856
156.867,29.907
156.883,29.957
156.900,30.008
156.917,30.058
156.933,30.109
156.950,30.159
156.967,30.210
156.983,30.260
157.000,30.311
157.017,30.357
157.033,30.403
157.050,30.448
157.067,30.493
157.083,30.538
157.100,30.584
157.117,30.629
157.133,30.674
157.150,30.719
157.167,30.765
157.183,30.810
157.200,30.840
157.217,30.865
157.233,30.890
157.250,30.915
157.267,30.941
157.283,30.966
157.300,30.991
157.317,31.016
157.333,31.042
157.350,31.067
157.367,31.092
157.383,31.117
157.400,31.118
157.417,31.118
157.433,31.118
157.450,31.118
157.467,31.097
157.483,31.092
157.500,31.088
157.517,31.084
157.533,31.079
157.550,31.075
157.567,31.071
157.583,31.066
157.600,31.062
157.617,31.058
157.633,31.053
157.650,31.049
157.667,31.044
157.683,31.040
157.700,31.036
157.717,31.031
157.733,31.027
157.750,31.023
157.767,31.019
157.783,30.996
157.800,30.975
157.817,30.954
157.833,30.933
157.850,30.912
157.867,30.891
157.883,30.870
157.900,30.849
157.917,30.829
157.933,30.808
157.950,30.787
157.967,30.766
157.983,30.745
158.000,30.724
158.017,30.703
158.033,30.682
158.050,30.661
158.067,30.640
158.083,30.620
158.100,30.612
158.117,30.604
158.133,30.595
158.150,30.587
158.167,30.578
158.183,30.570
158.200,30.562
158.217,30.553
158.233,30.545
158.250,30.536
158.267,30.528
158.283,30.518
158.300,30.505
158.317,30.492
158.333,30.478
158.350,30.465
158.367,30.451
158.383,30.438
158.400,30.425
158.417,30.411
158.433,30.398
158.450,30.385
158.467,30.373
158.483,30.382
158.500,30.390
158.517,30.398
158.533,30.407
158.550,30.415
158.567,30.423
158.583,30.431
158.600,30.440
158.617,30.448
158.633,30.456
158.650,30.465
158.667,30.476
158.683,30.513
158.700,30.549
158.717,30.586
158.733,30.623
158.750,30.660
158.767,30.697
158.783,30.733
158.800,30.770
158.817,30.807
158.833,30.844
158.850,30.885
158.867,30.937
158.883,30.989
158.900,31.042
158.917,31.094
158.933,31.146
158.950,31.198
158.967,31.250
158.983,31.302
159.000,31.354
159.017,31.406
159.033,31.473
159.050,31.544
159.067,31.615
159.083,31.685
159.100,31.756
159.117,31.827
159.133,31.897
159.150,31.968
159.167,32.039
159.183,32.110
159.200,32.202
159.217,32.295
159.233,32.387
159.250,32.480
159.267,32.573
159.283,32.666
159.300,32.759
159.317,32.852
159.333,32.945
159.350,33.038
159.367,33.131
159.383,33.224
159.400,33.305
159.417,33.305
159.433,33.305
159.450,33.305
159.467,33.727
159.483,33.883
159.500,33.996
159.517,34.109
159.533,34.222
159.550,34.335
159.567,34.448
159.583,34.561
159.600,34.674
159.617,34.786
159.633,34.786
159.650,34.786
159.667,34.786
159.683,34.786
159.700,34.786
159.717,34.786
159.733,34.786
159.750,34.786
159.767,34.786
159.783,34.786
159.800,34.786
159.817,35.231
159.833,35.689
159.850,36.123
159.867,36.486
159.883,36.599
159.900,36.712
159.917,36.825
159.933,36.938
159.950,37.052
159.967,37.163
159.983,37.268
160.000,37.373
160.017,37.478
160.033,37.584
160.050,37.689
160.067,37.794
160.083,37.900
160.100,38.005
160.117,38.110
160.133,38.215
160.150,38.311
160.167,38.394
160.183,38.477
160.200,38.560
160.217,38.643
160.233,38.725
160.250,38.808
160.267,38.891
160.283,38.974
160.300,39.057
160.317,39.140
160.333,39.223
160.350,39.285
160.367,39.318
160.383,39.351
160.400,39.384
160.417,39.417
160.433,39.450
160.450,39.483
160.467,39.517
160.483,39.550
160.500,39.583
160.517,39.616
160.533,39.649
160.550,39.668
160.567,39.668
160.583,39.668
160.600,39.668
160.617,39.668
160.633,39.609
160.650,39.598
160.667,39.587
160.683,39.576
160.700,39.565
160.717,39.554
160.733,39.543
160.750,39.532
160.767,39.521
160.783,39.510
160.800,39.499
160.817,39.488
160.833,39.477
160.850,39.466
160.867,39.456
160.883,39.445
160.900,39.434
160.917,39.423
160.933,39.403
160.950,39.380
160.967,39.358
160.983,39.335
161.000,39.312
161.017,39.290
161.033,39.267
161.050,39.245
161.067,39.222
161.083,39.199
161.100,39.177
161.117,39.143
161.133,39.106
161.150,39.070
161.167,39.033
161.183,38.996
161.200,38.959
161.217,38.922
161.233,38.885
161.250,38.849
161.267,38.812
161.283,38.775
161.300,38.753
161.317,38.733
161.333,38.712
161.350,38.691
161.367,38.670
161.383,38.649
161.400,38.628
161.417,38.607
161.433,38.586
161.450,38.565
161.467,38.544
161.483,38.524
161.500,38.505
161.517,38.487
161.533,38.469
161.550,38.451
161.567,38.433
161.583,38.415
161.600,38.397
161.617,38.379
161.633,38.361
161.650,38.342
161.667,38.325
161.683,38.312
161.700,38.299
161.717,38.286
161.733,38.274
161.750,38.261
161.767,38.248
161.783,38.235
161.800,38.222
161.817,38.210
161.833,38.197
161.850,38.184
161.867,38.173
161.883,38.164
161.900,38.155
161.917,38.146
161.933,38.137
161.950,38.128
161.967,38.119
161.983,38.111
162.000,38.102
162.017,38.093
162.033,38.084
162.050,38.078
162.067,38.078
162.083,38.078
162.100,38.078
162.117,38.058
162.133,38.053
162.150,38.049
162.167,38.044
162.183,38.039
162.200,38.035
162.217,38.030
162.233,38.025
162.250,38.021
162.267,38.016
162.283,38.012
162.300,38.007
162.317,38.002
162.333,37.998
162.350,37.993
162.367,37.989
162.383,37.984
162.400,37.979
162.417,37.972
162.433,37.964
162.450,37.955
162.467,37.947
162.483,37.939
162.500,37.930
162.517,37.922
162.533,37.914
162.550,37.906
162.567,37.897
162.583,37.889
162.600,37.881
162.617,37.879
162.633,37.879
162.650,37.879
162.667,37.879
162.683,37.879
162.700,37.854
162.717,37.850
162.733,37.845
162.750,37.841
162.767,37.837
162.783,37.832
162.800,37.828
162.817,37.824
162.833,37.819
162.850,37.815
162.867,37.811
162.883,37.806
162.900,37.802
162.917,37.798
162.933,37.793
162.950,37.789
162.967,37.785
162.983,37.780
163.000,37.779
163.017,37.779
163.033,37.779
163.050,37.779
163.067,37.779
163.083,37.779
163.100,37.779
163.117,37.779
163.133,37.779
163.150,37.779
163.167,37.779
163.183,37.779
163.200,37.779
163.217,37.779
163.233,37.779
163.250,37.779
163.267,37.779
163.283,37.779
163.300,37.779
163.317,37.779
163.333,37.779
163.350,37.779
163.367,37.779
163.383,37.779
163.400,37.779
163.417,37.779
163.433,37.779
163.450,37.779
163.467,37.779
163.483,37.779
163.500,37.779
163.517,37.779
163.533,37.779
163.550,37.779
163.567,37.779
163.583,37.779
163.600,37.779
163.617,37.779
163.633,37.779
163.650,37.779
163.667,37.779
163.683,37.779
163.700,37.779
163.717,37.779
163.733,37.779
163.750,37.779
163.767,37.887
163.783,37.890
163.800,37.892
163.817,37.894
163.833,37.896
163.850,37.899
163.867,37.901
163.883,37.903
163.900,37.906
163.917,37.908
163.933,37.910
163.950,37.913
163.967,37.915
163.983,37.917
164.000,37.919
164.017,37.922
164.033,37.924
164.050,37.926
164.067,37.930
164.083,37.942
164.100,37.955
164.117,37.967
164.133,37.979
164.150,37.992
164.167,38.004
164.183,38.017
164.200,38.029
164.217,38.042
164.233,38.054
164.250,38.066
164.267,38.079
164.283,38.091
164.300,38.104
164.317,38.117
164.333,38.129
164.350,38.142
164.367,38.155
164.383,38.167
164.400,38.180
164.417,38.192
164.433,38.205
164.450,38.218
164.467,38.234
164.483,38.259
164.500,38.284
164.517,38.310
164.533,38.335
164.550,38.360
164.567,38.385
164.583,38.411
164.600,38.436
164.617,38.461
164.633,38.490
164.650,38.524
164.667,38.557
164.683,38.591
164.700,38.625
164.717,38.658
164.733,38.692
164.750,38.726
164.767,38.759
164.783,38.793
164.800,38.827
164.817,38.860
164.833,38.910
164.850,38.971
164.867,39.032
164.883,39.092
164.900,39.153
164.917,39.213
164.933,39.274
164.950,39.334
164.967,39.395
164.983,39.455
165.000,39.516
165.017,39.601
165.033,39.683
165.050,39.764
165.067,39.845
165.083,39.926
165.100,40.007
165.117,40.087
165.133,40.168
165.150,40.249
165.167,40.330
165.183,40.411
165.200,40.525
165.217,40.619
165.233,40.712
165.250,40.806
165.267,40.900
165.283,40.994
165.300,41.088
165.317,41.182
165.333,41.276
165.350,41.369
165.367,41.463
165.383,41.557
165.400,41.651
165.417,41.657
165.433,41.657
165.450,41.657
165.467,41.657
165.483,42.108
165.500,42.464
165.517,42.600
165.533,42.736
165.550,42.872
165.567,43.007
165.583,43.143
165.600,43.279
165.617,43.415
165.633,43.551
165.650,43.687
165.667,43.823
165.683,43.959
165.700,44.095
165.717,44.230
165.733,44.366
165.750,44.502
165.767,44.638
165.783,44.780
165.800,44.941
165.817,45.101
165.833,45.101
165.850,45.101
165.867,45.101
165.883,45.101
165.900,45.101
165.917,45.101
165.933,45.101
165.950,45.101
165.967,45.101
165.983,45.101
166.000,45.101
166.017,45.498
166.033,45.950
166.050,46.405
166.067,46.861
166.083,47.319
166.100,47.763
166.117,48.217
166.133,48.585
166.150,48.776
166.167,48.975
166.183,49.190
166.200,49.405
166.217,49.619
166.233,49.834
166.250,50.049
166.267,50.264
166.283,50.479
166.300,50.694
166.317,50.909
166.333,50.909
166.350,50.909
166.367,50.909
166.383,50.909
166.400,50.909
166.417,50.909
166.433,50.909
166.450,50.909
166.467,50.909
166.483,50.909
166.500,50.909
166.517,51.346
166.533,51.789
166.550,52.238
166.567,52.675
166.583,53.117
166.600,53.567
166.617,54.004
166.633,54.447
166.650,54.852
166.667,55.048
166.683,55.227
166.700,55.227
166.717,55.227
166.733,55.227
166.750,55.227
166.767,55.669
166.783,56.111
166.800,56.493
166.817,56.672
166.833,56.851
166.850,57.030
166.867,57.208
166.883,57.387
166.900,57.566
166.917,57.745
166.933,57.745
166.950,57.745
166.967,57.745
166.983,57.745
167.000,57.745
167.017,57.745
167.033,57.745
167.050,57.745
167.067,57.745
167.083,57.745
167.100,57.745
167.117,58.203
167.133,58.647
167.150,59.102
167.167,59.554
167.183,60.005
167.200,60.455
167.217,60.826
167.233,60.990
167.250,61.154
167.267,61.242
167.283,61.242
167.300,61.242
167.317,61.242
167.333,61.696
167.350,62.080
167.367,62.233
167.383,62.386
167.400,62.540
167.417,62.693
167.433,62.846
167.450,63.000
167.467,63.153
167.483,63.306
167.500,63.460
167.517,63.613
167.533,63.613
167.550,63.613
167.567,63.613
167.583,63.613
167.600,63.613
167.617,63.613
167.633,63.613
167.650,63.613
167.667,63.613
167.683,63.613
167.700,63.613
167.717,64.069
167.733,64.526
167.750,64.980
167.767,65.436
167.783,65.892
167.800,66.129
167.817,66.263
167.833,66.313
167.850,66.313
167.867,66.674
167.883,66.813
167.900,66.951
167.917,67.089
167.933,67.227
167.950,67.365
167.967,67.503
167.983,67.641
168.000,67.779
168.017,67.917
168.033,68.055
168.050,68.193
168.067,68.331
168.083,68.470
168.100,68.608
168.117,68.746
168.133,68.746
168.150,68.746
168.167,68.746
168.183,68.746
168.200,68.746
168.217,68.746
168.233,68.746
168.250,68.746
168.267,68.746
168.283,68.746
168.300,68.746
168.317,69.204
168.333,69.664
168.350,70.118
168.367,70.576
168.383,70.786
168.400,70.910
168.417,71.035
168.433,71.160
168.450,71.284
168.467,71.409
168.483,71.533
168.500,71.658
168.517,71.783
168.533,71.907
168.550,72.005
168.567,72.067
168.583,72.129
168.600,72.190
168.617,72.252
168.633,72.313
168.650,72.375
168.667,72.436
168.683,72.498
168.700,72.559
168.717,72.621
168.733,72.644
168.750,72.665
168.767,72.685
168.783,72.705
168.800,72.725
168.817,72.745
168.833,72.766
168.850,72.786
168.867,72.806
168.883,72.822
168.900,72.793
168.917,72.763
168.933,72.734
168.950,72.705
168.967,72.675
168.983,72.646
169.000,72.616
169.017,72.587
169.033,72.557
169.050,72.528
169.067,72.498
169.083,72.464
169.100,72.413
169.117,72.362
169.133,72.312
169.150,72.261
169.167,72.210
169.183,72.160
169.200,72.109
169.217,72.059
169.233,72.008
169.250,71.957
169.267,71.911
169.283,71.871
169.300,71.830
169.317,71.790
169.333,71.749
169.350,71.709
169.367,71.668
169.383,71.628
169.400,71.587
169.417,71.547
169.433,71.506
169.450,71.463
169.467,71.416
169.483,71.368
169.500,71.321
169.517,71.274
169.533,71.227
169.550,71.180
169.567,71.132
169.583,71.085
169.600,71.038
169.617,70.980
169.633,70.921
169.650,70.862
169.667,70.803
169.683,70.744
169.700,70.686
169.717,70.627
169.733,70.568
169.750,70.509
169.767,70.450
169.783,70.391
169.800,70.389
169.817,70.389
169.833,70.389
169.850,70.389
169.867,70.389
169.883,70.079
169.900,70.027
169.917,69.975
169.933,69.923
169.950,69.871
169.967,69.819
169.983,69.766
170.000,69.714
170.017,69.662
170.033,69.610
170.050,69.558
170.067,69.506
170.083,69.454
170.100,69.402
170.117,69.350
170.133,69.298
170.150,69.246
170.167,69.194
170.183,69.142
170.200,69.086
170.217,69.029
170.233,68.973
170.250,68.917
170.267,68.861
170.283,68.805
170.300,68.748
170.317,68.692
170.333,68.636
170.350,68.580
170.367,68.524
170.383,68.469
170.400,68.414
170.417,68.359
170.433,68.303
170.450,68.248
170.467,68.193
170.483,68.138
170.500,68.082
170.517,68.027
170.533,67.972
170.550,67.917
170.567,67.861
170.583,67.806
170.600,67.740
170.617,67.673
170.633,67.606
170.650,67.539
170.667,67.472
170.683,67.405
170.700,67.338
170.717,67.271
170.733,67.208
170.750,67.147
170.767,67.086
170.783,67.025
170.800,66.963
170.817,66.902
170.833,66.841
170.850,66.780
170.867,66.718
170.883,66.657
170.900,66.596
170.917,66.535
170.933,66.477
170.950,66.421
170.967,66.365
170.983,66.309
171.000,66.254
171.017,66.198
171.033,66.142
171.050,66.086
171.067,66.030
171.083,65.974
171.100,65.918
171.117,65.915
171.133,65.915
171.150,65.915
171.167,65.662
171.183,65.598
171.200,65.533
171.217,65.469
171.233,65.405
171.250,65.341
171.267,65.276
171.283,65.212
171.300,65.148
171.317,65.084
171.333,65.019
171.350,64.955
171.367,64.891
171.383,64.826
171.400,64.762
171.417,64.698
171.433,64.634
171.450,64.569
171.467,64.507
171.483,64.447
171.500,64.388
171.517,64.321
171.533,64.252
171.550,64.182
171.567,64.113
171.583,64.043
171.600,63.974
171.617,63.904
171.633,63.835
171.650,63.765
171.667,63.703
171.683,63.649
171.700,63.595
171.717,63.541
171.733,63.487
171.750,63.433
171.767,63.379
171.783,63.325
171.800,63.271
171.817,63.217
171.833,63.163
171.850,63.103
171.867,63.036
171.883,62.968
171.900,62.901
171.917,62.834
171.933,62.767
171.950,62.699
171.967,62.632
171.983,62.565
172.000,62.497
172.017,62.430
172.033,62.363
172.050,62.298
172.067,62.235
172.083,62.171
172.100,62.108
172.117,62.044
172.133,61.981
172.150,61.918
172.167,61.854
172.183,61.791
172.200,61.727
172.217,61.664
172.233,61.547
172.250,61.489
172.267,61.435
172.283,61.381
172.300,61.327
172.317,61.273
172.333,61.219
172.350,61.165
172.367,61.110
172.383,61.056
172.400,61.002
172.417,60.948
172.433,60.944
172.450,60.944
172.467,60.944
172.483,60.701
172.500,60.639
172.517,60.577
172.533,60.515
172.550,60.453
172.567,60.391
172.583,60.329
172.600,60.267
172.617,60.205
172.633,60.143
172.650,60.082
172.667,60.020
172.683,59.958
172.700,59.896
172.717,59.834
172.733,59.772
172.750,59.710
172.767,59.648
172.783,59.586
172.800,59.522
172.817,59.459
172.833,59.396
172.850,59.333
172.867,59.270
172.883,59.207
172.900,59.144
172.917,59.081
172.933,59.018
172.950,58.955
172.967,58.892
172.983,58.856
173.000,58.856
173.017,58.856
173.033,58.856
173.050,58.856
173.067,58.525
173.083,58.525
173.100,58.525
173.117,58.525
173.133,58.525
173.150,58.525
173.167,58.525
173.183,58.525
173.200,58.525
173.217,58.525
173.233,58.525
173.250,58.525
173.267,58.043
173.283,57.734
173.300,57.673
173.317,57.612
173.333,57.551
173.350,57.490
173.367,57.429
173.383,57.367
173.400,57.306
173.417,57.244
173.433,57.183
173.450,57.121
173.467,57.060
173.483,56.998
173.500,56.937
173.517,56.875
173.533,56.813
173.550,56.752
173.567,56.689
173.583,56.624
173.600,56.558
173.617,56.493
173.633,56.428
173.650,56.363
173.667,56.298
173.683,56.233
173.700,56.167
173.717,56.102
173.733,56.037
173.750,55.978
173.767,55.920
173.783,55.862
173.800,55.804
173.817,55.746
173.833,55.688
173.850,55.630
173.867,55.572
173.883,55.514
173.900,55.456
173.917,55.398
173.933,55.340
173.950,55.302
173.967,55.270
173.983,55.237
174.000,55.205
174.017,55.173
174.033,55.141
174.050,55.109
174.067,55.077
174.083,55.044
174.100,55.012
174.117,54.980
174.133,54.948
174.150,54.919
174.167,54.896
174.183,54.872
174.200,54.848
174.217,54.825
174.233,54.801
174.250,54.777
174.267,54.754
174.283,54.730
174.300,54.706
174.317,54.683
174.333,54.665
174.350,54.649
174.367,54.632
174.383,54.616
174.400,54.599
174.417,54.583
174.433,54.566
174.450,54.549
174.467,54.533
174.483,54.516
174.500,54.500
174.517,54.483
174.533,54.465
174.550,54.448
174.567,54.430
174.583,54.412
174.600,54.394
174.617,54.376
174.633,54.359
174.650,54.341
174.667,54.323
174.683,54.305
174.700,54.287
174.717,54.269
174.733,54.251
174.750,54.232
174.767,54.214
174.783,54.195
174.800,54.177
174.817,54.159
174.833,54.140
174.850,54.122
174.867,54.103
174.883,54.085
174.900,54.072
174.917,54.059
174.933,54.046
174.950,54.034
174.967,54.021
174.983,54.008
175.000,53.995
175.017,53.983
175.033,53.970
175.050,53.957
175.067,53.944
175.083,53.933
175.100,53.924
175.117,53.916
175.133,53.908
175.150,53.899
175.167,53.891
175.183,53.882
175.200,53.874
175.217,53.866
175.233,53.857
175.250,53.849
175.267,53.840
175.283,53.836
175.300,53.836
175.317,53.836
175.333,53.836
175.350,53.836
175.367,53.883
175.383,53.892
175.400,53.900
175.417,53.909
175.433,53.918
175.450,53.926
175.467,53.935
175.483,53.944
175.500,53.952
175.517,53.961
175.533,53.970
175.550,53.979
175.567,53.987
175.583,53.996
175.600,54.005
175.617,54.013
175.633,54.022
175.650,54.031
175.667,54.050
175.683,54.076
175.700,54.102
175.717,54.129
175.733,54.155
175.750,54.181
175.767,54.207
175.783,54.234
175.800,54.260
175.817,54.286
175.833,54.313
175.850,54.341
175.867,54.376
175.883,54.410
175.900,54.445
175.917,54.480
175.933,54.515
175.950,54.549
175.967,54.584
175.983,54.619
176.000,54.653
176.017,54.688
176.033,54.723
176.050,54.755
176.067,54.786
176.083,54.817
176.100,54.848
176.117,54.879
176.133,54.911
176.150,54.942
176.167,54.973
176.183,55.004
176.200,55.035
176.217,55.066
176.233,55.091
176.250,55.113
176.267,55.134
176.283,55.155
176.300,55.176
176.317,55.198
176.333,55.219
176.350,55.240
176.367,55.261
176.383,55.283
176.400,55.304
176.417,55.325
176.433,55.327
176.450,55.327
176.467,55.278
176.483,55.261
176.500,55.244
176.517,55.227
176.533,55.210
176.550,55.193
176.567,55.176
176.583,55.160
176.600,55.143
176.617,55.126
176.633,55.109
176.650,55.092
176.667,55.075
176.683,55.058
176.700,55.042
176.717,55.025
176.733,55.008
176.750,54.991
176.767,54.966
176.783,54.919
176.800,54.872
176.817,54.826
176.833,54.779
176.850,54.732
176.867,54.685
176.883,54.639
176.900,54.592
176.917,54.545
176.933,54.498
176.950,54.452
176.967,54.401
176.983,54.346
177.000,54.292
177.017,54.238
177.033,54.183
177.050,54.129
177.067,54.075
177.083,54.020
177.100,53.966
177.117,53.912
177.133,53.857
177.150,53.836
177.167,53.836
177.183,53.836
177.200,53.836
177.217,53.836
177.233,53.836
177.250,53.836
177.267,53.836
177.283,53.836
177.300,53.836
177.317,53.836
177.333,53.836
177.350,53.836
177.367,53.836
177.383,53.836
177.400,53.836
177.417,53.348
177.433,52.866
177.450,52.688
177.467,52.626
177.483,52.565
177.500,52.503
177.517,52.441
177.533,52.380
177.550,52.318
177.567,52.256
177.583,52.194
177.600,52.133
177.617,52.071
177.633,52.009
177.650,51.948
177.667,51.886
177.683,51.824
177.700,51.763
177.717,51.700
177.733,51.637
177.750,51.574
177.767,51.511
177.783,51.448
177.800,51.385
177.817,51.322
177.833,51.259
177.850,51.197
177.867,51.109
177.883,51.013
177.900,50.951
177.917,50.888
177.933,50.826
177.950,50.764
177.967,50.701
177.983,50.639
178.000,50.577
178.017,50.514
178.033,50.452
178.050,50.390
178.067,50.328
178.083,50.267
178.100,50.205
178.117,50.144
178.133,50.083
178.150,50.022
178.167,49.960
178.183,49.899
178.200,49.838
178.217,49.777
178.233,49.716
178.250,49.654
178.267,49.593
178.283,49.530
178.300,49.466
178.317,49.403
178.333,49.340
178.350,49.277
178.367,49.277
178.383,49.277
178.400,49.277
178.417,49.277
178.433,49.277
178.450,49.277
178.467,49.277
178.483,49.277
178.500,49.277
178.517,49.277
178.533,49.277
178.550,48.780
178.567,48.559
178.583,48.516
178.600,48.472
178.617,48.429
178.633,48.390
178.650,48.354
178.667,48.318
178.683,48.282
178.700,48.246
178.717,48.209
178.733,48.173
178.750,48.137
178.767,48.101
178.783,48.064
178.800,48.028
178.817,48.004
178.833,47.983
178.850,47.962
178.867,47.940
178.883,47.919
178.900,47.898
178.917,47.877
178.933,47.856
178.950,47.835
178.967,47.814
178.983,47.793
179.000,47.772
179.017,47.771
179.033,47.771
179.050,47.771
179.067,47.771
179.083,47.771
179.100,47.771
179.117,47.771
179.133,47.771
179.150,47.771
179.167,47.771
179.183,47.771
179.200,47.771
179.217,47.771
179.233,47.771
179.250,47.771
179.267,47.771
179.283,47.771
179.300,47.771
179.317,47.771
179.333,47.771
179.350,47.771
179.367,47.771
179.383,47.771
179.400,47.771
179.417,47.771
179.433,47.771
179.450,47.771
179.467,48.135
179.483,48.148
179.500,48.161
179.517,48.174
179.533,48.187
179.550,48.200
179.567,48.213
179.583,48.226
179.600,48.239
179.617,48.252
179.633,48.265
179.650,48.278
179.667,48.291
179.683,48.304
179.700,48.317
179.717,48.330
179.733,48.343
179.750,48.356
179.767,48.374
179.783,48.443
179.800,48.513
179.817,48.582
179.833,48.651
179.850,48.720
179.867,48.789
179.883,48.858
179.900,48.927
179.917,48.996
179.933,49.065
179.950,49.134
179.967,49.207
179.983,49.283
180.000,49.358
180.017,49.434
180.033,49.510
180.050,49.585
180.067,49.661
180.083,49.737
180.100,49.813
180.117,49.888
180.133,49.964
180.150,50.043
180.167,50.127
180.183,50.211
180.200,50.296
180.217,50.380
180.233,50.464
180.250,50.548
180.267,50.632
180.283,50.716
180.300,50.800
180.317,50.884
180.333,50.968
180.350,51.053
180.367,51.137
180.383,51.221
180.400,51.305
180.417,51.389
180.433,51.473
180.450,51.557
180.467,51.641
180.483,51.725
180.500,51.810
180.517,51.894
180.533,51.978
180.550,52.060
180.567,52.141
180.583,52.222
180.600,52.303
180.617,52.384
180.633,52.465
180.650,52.546
180.667,52.627
180.683,52.708
180.700,52.789
180.717,52.870
180.733,53.033
180.750,53.128
180.767,53.219
180.783,53.311
180.800,53.402
180.817,53.494
180.833,53.585
180.850,53.677
180.867,53.768
180.883,53.863
180.900,53.967
180.917,54.071
180.933,54.175
180.950,54.279
180.967,54.383
180.983,54.487
181.000,54.592
181.017,54.696
181.033,54.800
181.050,54.800
181.067,54.800
181.083,54.800
181.100,54.800
181.117,54.800
181.133,54.800
181.150,54.800
181.167,54.800
181.183,54.800
181.200,54.800
181.217,54.800
181.233,55.255
181.250,55.712
181.267,56.174
181.283,56.321
181.300,56.321
181.317,56.321
181.333,56.321
181.350,56.321
181.367,56.321
181.383,56.321
181.400,56.321
181.417,56.321
181.433,56.321
181.450,56.321
181.467,56.321
181.483,56.321
181.500,56.321
181.517,56.321
181.533,56.321
181.550,56.777
181.567,57.235
181.583,57.695
181.600,58.146
181.617,58.601
181.633,58.765
181.650,58.875
181.667,58.984
181.683,59.093
181.700,59.202
181.717,59.311
181.733,59.420
181.750,59.529
181.767,59.638
181.783,59.748
181.800,59.857
181.817,59.966
181.833,60.075
181.850,60.158
181.867,60.235
181.883,60.311
181.900,60.387
181.917,60.463
181.933,60.539
181.950,60.615
181.967,60.691
181.983,60.767
182.000,60.844
182.017,60.920
182.033,60.970
182.050,61.008
182.067,61.046
182.083,61.084
182.100,61.122
182.117,61.160
182.133,61.198
182.150,61.236
182.167,61.274
182.183,61.312
182.200,61.350
182.217,61.388
182.233,61.391
182.250,61.391
182.267,61.391
182.283,61.391
182.300,61.391
182.317,61.391
182.333,61.391
182.350,61.391
182.367,61.391
182.383,61.391
182.400,61.391
182.417,61.391
182.433,61.391
182.450,61.391
182.467,61.346
182.483,61.343
182.500,61.340
182.517,61.337
182.533,61.334
182.550,61.331
182.567,61.328
182.583,61.325
182.600,61.322
182.617,61.319
182.633,61.316
182.650,61.313
182.667,61.309
182.683,61.306
182.700,61.303
182.717,61.300
182.733,61.297
182.750,61.294
182.767,61.292
182.783,61.292
182.800,61.292
182.817,61.292
182.833,61.292
182.850,61.189
182.867,61.169
182.883,61.150
182.900,61.130
182.917,61.110
182.933,61.091
182.950,61.071
182.967,61.052
182.983,61.032
183.000,61.013
183.017,60.993
183.033,60.973
183.050,60.954
183.067,60.934
183.083,60.915
183.100,60.895
183.117,60.876
183.133,60.856
183.150,60.839
183.167,60.825
183.183,60.811
183.200,60.797
183.217,60.784
183.233,60.770
183.250,60.756
183.267,60.742
183.283,60.728
183.300,60.715
183.317,60.701
183.333,60.696
183.350,60.696
183.367,60.696
183.383,60.679
183.400,60.674
183.417,60.669
183.433,60.665
183.450,60.660
183.467,60.655
183.483,60.651
183.500,60.646
183.517,60.641
183.533,60.637
183.550,60.632
183.567,60.627
183.583,60.623
183.600,60.618
183.617,60.614
183.633,60.609
183.650,60.604
183.667,60.600
183.683,60.596
183.700,60.596
183.717,60.596
183.733,60.596
183.750,60.596
183.767,60.596
183.783,60.596
183.800,60.596
183.817,60.596
183.833,60.596
183.850,60.596
183.867,60.596
183.883,60.596
183.900,60.596
183.917,60.596
183.933,60.783
183.950,60.795
183.967,60.807
183.983,60.819
184.000,60.832
184.017,60.844
184.033,60.856
184.050,60.868
184.067,60.881
184.083,60.893
184.100,60.905
184.117,60.917
184.133,60.929
184.150,60.942
184.167,60.954
184.183,60.966
184.200,60.978
184.217,60.991
184.233,61.021
184.250,61.059
184.267,61.096
184.283,61.134
184.300,61.171
184.317,61.209
184.333,61.246
184.350,61.284
184.367,61.321
184.383,61.359
184.400,61.391
184.417,61.391
184.433,61.391
184.450,61.391
184.467,61.391
184.483,61.622
184.500,61.667
184.517,61.712
184.533,61.757
184.550,61.801
184.567,61.846
184.583,61.891
184.600,61.936
184.617,61.981
184.633,62.026
184.650,62.071
184.667,62.116
184.683,62.161
184.700,62.206
184.717,62.251
184.733,62.296
184.750,62.341
184.767,62.386
184.783,62.431
184.800,62.445
184.817,62.455
184.833,62.466
184.850,62.476
184.867,62.487
184.883,62.497
184.900,62.508
184.917,62.518
184.933,62.518
184.950,62.518
184.967,62.518
184.983,62.518
185.000,62.518
185.017,62.518
185.033,62.518
185.050,62.518
185.067,62.518
185.083,62.518
185.100,62.518
185.117,62.617
185.133,62.599
185.150,62.580
185.167,62.562
185.183,62.544
185.200,62.525
185.217,62.507
185.233,62.489
185.250,62.471
185.267,62.452
185.283,62.432
185.300,62.394
185.317,62.357
185.333,62.319
185.350,62.281
185.367,62.243
185.383,62.205
185.400,62.167
185.417,62.129
185.433,62.091
185.450,62.054
185.467,62.013
185.483,61.971
185.500,61.929
185.517,61.888
185.533,61.846
185.550,61.804
185.567,61.762
185.583,61.720
185.600,61.678
185.617,61.635
185.633,61.585
185.650,61.536
185.667,61.486
185.683,61.437
185.700,61.387
185.717,61.337
185.733,61.288
185.750,61.238
185.767,61.189
185.783,61.139
185.800,61.084
185.817,61.029
185.833,60.975
185.850,60.920
185.867,60.865
185.883,60.810
185.900,60.756
185.917,60.701
185.933,60.646
185.950,60.592
185.967,60.537
185.983,60.483
186.000,60.428
186.017,60.374
186.033,60.320
186.050,60.265
186.067,60.211
186.083,60.157
186.100,60.102
186.117,60.048
186.133,59.994
186.150,59.939
186.167,59.885
186.183,59.829
186.200,59.774
186.217,59.719
186.233,59.664
186.250,59.609
186.267,59.553
186.283,59.498
186.300,59.443
186.317,59.388
186.333,59.332
186.350,59.277
186.367,59.254
186.383,59.254
186.400,59.254
186.417,59.254
186.433,59.254
186.450,59.074
186.467,59.074
186.483,59.074
186.500,59.074
186.517,59.074
186.533,59.074
186.550,59.074
186.567,59.074
186.583,59.074
186.600,59.074
186.617,59.074
186.633,59.074
186.650,58.688
186.667,58.656
186.683,58.624
186.700,58.591
186.717,58.559
186.733,58.527
186.750,58.498
186.767,58.472
186.783,58.446
186.800,58.421
186.817,58.395
186.833,58.369
186.850,58.344
186.867,58.318
186.883,58.293
186.900,58.267
186.917,58.241
186.933,58.216
186.950,58.194
186.967,58.173
186.983,58.152
187.000,58.131
187.017,58.110
187.033,58.089
187.050,58.068
187.067,58.047
187.083,58.026
187.100,58.005
187.117,57.985
187.133,57.964
187.150,57.950
187.167,57.936
187.183,57.923
187.200,57.910
187.217,57.897
187.233,57.883
187.250,57.870
187.267,57.857
187.283,57.844
187.300,57.831
187.317,57.817
187.333,57.821
187.350,57.835
187.367,57.850
187.383,57.864
187.400,57.878
187.417,57.892
187.433,57.906
187.450,57.921
187.467,57.935
187.483,57.949
187.500,57.966
187.517,58.007
187.533,58.047
187.550,58.088
187.567,58.128
187.583,58.168
187.600,58.209
187.617,58.249
187.633,58.290
187.650,58.330
187.667,58.374
187.683,58.425
187.700,58.476
187.717,58.527
187.733,58.578
187.750,58.629
187.767,58.681
187.783,58.732
187.800,58.783
187.817,58.834
187.833,58.885
187.850,58.936
187.867,58.987
187.883,59.037
187.900,59.087
187.917,59.138
187.933,59.188
187.950,59.238
187.967,59.289
187.983,59.339
188.000,59.389
188.017,59.440
188.033,59.453
188.050,59.453
188.067,59.453
188.083,59.453
188.100,59.453
188.117,59.788
188.133,59.847
188.150,59.905
188.167,59.963
188.183,60.022
188.200,60.080
188.217,60.139
188.233,60.197
188.250,60.256
188.267,60.314
188.283,60.373
188.300,60.431
188.317,60.489
188.333,60.548
188.350,60.606
188.367,60.665
188.383,60.723
188.400,60.782
188.417,60.840
188.433,60.914
188.450,60.990
188.467,61.066
188.483,61.141
188.500,61.217
188.517,61.293
188.533,61.369
188.550,61.444
188.567,61.520
188.583,61.596
188.600,61.672
188.617,61.746
188.633,61.821
188.650,61.895
188.667,61.970
188.683,62.044
188.700,62.119
188.717,62.193
188.733,62.268
188.750,62.342
188.767,62.417
188.783,62.495
188.800,62.600
188.817,62.663
188.833,62.726
188.850,62.790
188.867,62.853
188.883,62.917
188.900,62.980
188.917,63.043
188.933,63.107
188.950,63.170
188.967,63.234
188.983,63.297
189.000,63.361
189.017,63.425
189.033,63.489
189.050,63.553
189.067,63.617
189.083,63.682
189.100,63.746
189.117,63.810
189.133,63.874
189.150,63.874
189.167,63.874
189.183,63.874
189.200,63.874
189.217,63.874
189.233,63.874
189.250,63.874
189.267,63.874
189.283,63.874
189.300,63.874
189.317,63.874
189.333,64.336
189.350,64.548
189.367,64.589
189.383,64.631
189.400,64.672
189.417,64.714
189.433,64.755
189.450,64.797
189.467,64.838
189.483,64.879
189.500,64.921
189.517,64.962
189.533,65.004
189.550,65.045
189.567,65.087
189.583,65.129
189.600,65.171
189.617,65.213
189.633,65.255
189.650,65.297
189.667,65.339
189.683,65.381
189.700,65.423
189.717,65.465
189.733,65.507
189.750,65.549
189.767,65.587
189.783,65.622
189.800,65.657
189.817,65.692
189.833,65.727
189.850,65.762
189.867,65.797
189.883,65.832
189.900,65.867
189.917,65.902
189.933,65.939
189.950,65.977
189.967,66.015
189.983,66.053
190.000,66.092
190.017,66.130
190.033,66.168
190.050,66.206
190.067,66.245
190.083,66.283
190.100,66.321
190.117,66.359
190.133,66.400
190.150,66.441
190.167,66.481
190.183,66.522
190.200,66.563
190.217,66.604
190.233,66.644
190.250,66.685
190.267,66.726
190.283,66.767
190.300,66.807
190.317,66.810
190.333,66.810
190.350,66.810
190.367,66.810
190.383,66.810
190.400,67.044
190.417,67.083
190.433,67.122
190.450,67.162
190.467,67.201
190.483,67.240
190.500,67.280
190.517,67.319
190.533,67.358
190.550,67.398
190.567,67.437
190.583,67.476
190.600,67.516
190.617,67.555
190.633,67.595
190.650,67.634
190.667,67.673
190.683,67.713
190.700,67.752
190.717,67.793
190.733,67.834
190.750,67.875
190.767,67.917
190.783,67.958
190.800,67.999
190.817,68.040
190.833,68.081
190.850,68.123
190.867,68.164
190.883,68.205
190.900,68.248
190.917,68.291
190.933,68.333
190.950,68.376
190.967,68.419
190.983,68.461
191.000,68.504
191.017,68.547
191.033,68.589
191.050,68.632
191.067,68.675
191.083,68.715
191.100,68.753
191.117,68.791
191.133,68.829
191.150,68.867
191.167,68.905
191.183,68.943
191.200,68.980
191.217,69.018
191.233,69.056
191.250,69.094
191.267,69.132
191.283,69.171
191.300,69.210
191.317,69.250
191.333,69.289
191.350,69.328
191.367,69.368
191.383,69.407
191.400,69.447
191.417,69.486
191.433,69.526
191.450,69.565
191.467,69.594
191.483,69.594
191.500,69.594
191.517,69.594
191.533,69.594
191.550,69.790
191.567,69.828
191.583,69.865
191.600,69.902
191.617,69.939
191.633,69.977
191.650,70.014
191.667,70.051
191.683,70.088
191.700,70.126
191.717,70.163
191.733,70.200
191.750,70.237
191.767,70.275
191.783,70.312
191.800,70.349
191.817,70.386
191.833,70.424
191.850,70.459
191.867,70.493
191.883,70.527
191.900,70.561
191.917,70.595
191.933,70.629
191.950,70.663
191.967,70.697
191.983,70.731
192.000,70.765
192.017,70.799
192.033,70.833
192.050,70.836
192.067,70.836
192.083,70.836
192.100,70.836
192.117,70.836
192.133,71.039
192.150,71.073
192.167,71.108
192.183,71.142
192.200,71.176
192.217,71.211
192.233,71.245
192.250,71.279
192.267,71.314
192.283,71.348
192.300,71.382
192.317,71.417
192.333,71.451
192.350,71.485
192.367,71.520
192.383,71.554
192.400,71.588
192.417,71.623
192.433,71.654
192.450,71.684
192.467,71.714
192.483,71.744
192.500,71.774
192.517,71.802
192.533,71.831
192.550,71.859
192.567,71.887
192.583,71.916
192.600,71.944
192.617,71.972
192.633,72.007
192.650,72.043
192.667,72.080
192.683,72.117
192.700,72.154
192.717,72.190
192.733,72.227
192.750,72.264
192.767,72.300
192.783,72.334
192.800,72.358
192.817,72.383
192.833,72.407
192.850,72.432
192.867,72.456
192.883,72.481
192.900,72.505
192.917,72.530
192.933,72.554
192.950,72.579
192.967,72.603
192.983,72.629
193.000,72.667
193.017,72.706
193.033,72.744
193.050,72.783
193.067,72.821
193.083,72.860
193.100,72.898
193.117,72.936
193.133,72.975
193.150,73.013
193.167,73.052
193.183,73.086
193.200,73.115
193.217,73.144
193.233,73.173
193.250,73.202
193.267,73.231
193.283,73.260
193.300,73.289
193.317,73.318
193.333,73.347
193.350,73.376
193.367,73.405
193.383,73.434
193.400,73.462
193.417,73.490
193.433,73.518
193.450,73.546
193.467,73.574
193.483,73.603
193.500,73.631
193.517,73.659
193.533,73.687
193.550,73.715
193.567,73.743
193.583,73.771
193.600,73.797
193.617,73.824
193.633,73.850
193.650,73.876
193.667,73.902
193.683,73.929
193.700,73.955
193.717,73.981
193.733,74.007
193.750,74.033
193.767,74.058
193.783,74.083
193.800,74.109
193.817,74.134
193.833,74.159
193.850,74.184
193.867,74.209
193.883,74.235
193.900,74.260
193.917,74.285
193.933,74.310
193.950,74.316
193.967,74.316
193.983,74.316
194.000,74.419
194.017,74.447
194.033,74.474
194.050,74.501
194.067,74.528
194.083,74.556
194.100,74.583
194.117,74.610
194.133,74.638
194.150,74.665
194.167,74.692
194.183,74.720
194.200,74.747
194.217,74.774
194.233,74.802
194.250,74.829
194.267,74.856
194.283,74.884
194.300,74.911
194.317,74.935
194.333,74.960
194.350,74.984
194.367,75.008
194.383,75.032
194.400,75.057
194.417,75.081
194.433,75.105
194.450,75.129
194.467,75.154
194.483,75.178
194.500,75.202
194.517,75.226
194.533,75.251
194.550,75.279
194.567,75.311
194.583,75.343
194.600,75.375
194.617,75.406
194.633,75.438
194.650,75.470
194.667,75.501
194.683,75.533
194.700,75.565
194.717,75.596
194.733,75.622
194.750,75.643
194.767,75.664
194.783,75.686
194.800,75.707
194.817,75.729
194.833,75.750
194.850,75.771
194.867,75.793
194.883,75.811
194.900,75.824
194.917,75.837
194.933,75.849
194.950,75.862
194.967,75.874
194.983,75.887
195.000,75.900
195.017,75.912
195.033,75.925
195.050,75.937
195.067,75.950
195.083,75.962
195.100,75.972
195.117,75.982
195.133,75.992
195.150,76.003
195.167,76.013
195.183,76.023
195.200,76.034
195.217,76.044
195.233,76.054
195.250,76.061
195.267,76.067
195.283,76.074
195.300,76.080
195.317,76.086
195.333,76.092
195.350,76.099
195.367,76.105
195.383,76.111
195.400,76.118
195.417,76.124
195.433,76.130
195.450,76.136
195.467,76.143
195.483,76.149
195.500,76.155
195.517,76.155
195.533,76.155
195.550,76.155
195.567,76.155
195.583,76.155
195.600,76.155
195.617,76.155
195.633,76.155
195.650,76.155
195.667,76.155
195.683,76.155
195.700,76.155
195.717,76.155
195.733,76.155
195.750,76.155
195.767,76.155
195.783,76.155
195.800,76.155
195.817,76.155
195.833,76.155
195.850,76.155
195.867,76.155
195.883,76.071
195.900,76.067
195.917,76.063
195.933,76.060
195.950,76.056
195.967,76.052
195.983,76.049
196.000,76.045
196.017,76.041
196.033,76.038
196.050,76.034
196.067,76.030
196.083,76.027
196.100,76.023
196.117,76.019
196.133,76.016
196.150,76.012
196.167,76.008
196.183,76.001
196.200,75.988
196.217,75.976
196.233,75.963
196.250,75.950
196.267,75.937
196.283,75.924
196.300,75.912
196.317,75.899
196.333,75.886
196.350,75.873
196.367,75.860
196.383,75.839
196.400,75.815
196.417,75.791
196.433,75.768
196.450,75.744
196.467,75.720
196.483,75.696
196.500,75.672
196.517,75.648
196.533,75.624
196.550,75.600
196.567,75.576
196.583,75.554
196.600,75.536
196.617,75.517
196.633,75.499
196.650,75.481
196.667,75.462
196.683,75.444
196.700,75.426
196.717,75.407
196.733,75.389
196.750,75.371
196.767,75.360
196.783,75.360
196.800,75.360
196.817,75.281
196.833,75.257
196.850,75.234
196.867,75.211
196.883,75.187
196.900,75.164
196.917,75.140
196.933,75.117
196.950,75.094
196.967,75.070
196.983,75.047
197.000,75.024
197.017,75.000
197.033,74.977
197.050,74.954
197.067,74.930
197.083,74.907
197.100,74.884
197.117,74.860
197.133,74.835
197.150,74.809
197.167,74.784
197.183,74.759
197.200,74.733
197.217,74.708
197.233,74.682
197.250,74.657
197.267,74.632
197.283,74.614
197.300,74.614
197.317,74.614
197.333,74.614
197.350,74.614
197.367,74.614
197.383,74.470
197.400,74.447
197.417,74.425
197.433,74.402
197.450,74.379
197.467,74.356
197.483,74.334
197.500,74.311
197.517,74.288
197.533,74.265
197.550,74.242
197.567,74.220
197.583,74.197
197.600,74.174
197.617,74.151
197.633,74.128
197.650,74.106
197.667,74.083
197.683,74.059
197.700,74.034
197.717,74.009
197.733,73.984
197.750,73.958
197.767,73.933
197.783,73.908
197.800,73.883
197.817,73.857
197.833,73.832
197.850,73.807
197.867,73.782
197.883,73.757
197.900,73.732
197.917,73.707
197.933,73.682
197.950,73.657
197.967,73.632
197.983,73.608
198.000,73.583
198.017,73.558
198.033,73.533
198.050,73.508
198.067,73.483
198.083,73.457
198.100,73.429
198.117,73.401
198.133,73.373
198.150,73.345
198.167,73.317
198.183,73.289
198.200,73.261
198.217,73.234
198.233,73.206
198.250,73.178
198.267,73.173
198.283,73.173
198.300,73.173
198.317,73.173
198.333,73.027
198.350,72.996
198.367,72.966
198.383,72.936
198.400,72.906
198.417,72.875
198.433,72.845
198.450,72.815
198.467,72.784
198.483,72.754
198.500,72.724
198.517,72.694
198.533,72.663
198.550,72.633
198.567,72.603
198.583,72.572
198.600,72.542
198.617,72.512
198.633,72.482
198.650,72.450
198.667,72.419
198.683,72.387
198.700,72.356
198.717,72.324
198.733,72.293
198.750,72.262
198.767,72.230
198.783,72.199
198.800,72.163
198.817,72.121
198.833,72.078
198.850,72.044
198.867,72.010
198.883,71.976
198.900,71.943
198.917,71.909
198.933,71.875
198.950,71.841
198.967,71.801
198.983,71.760
199.000,71.719
199.017,71.677
199.033,71.636
199.050,71.594
199.067,71.553
199.083,71.512
199.100,71.470
199.117,71.429
199.133,71.387
199.150,71.346
199.167,71.301
199.183,71.255
199.200,71.209
199.217,71.163
199.233,71.117
199.250,71.071
199.267,71.025
199.283,70.979
199.300,70.933
199.317,70.887
199.333,70.841
199.350,70.792
199.367,70.742
199.383,70.692
199.400,70.642
199.417,70.593
199.433,70.543
199.450,70.493
199.467,70.444
199.483,70.394
199.500,70.344
199.517,70.294
199.533,70.245
199.550,70.193
199.567,70.142
199.583,70.091
199.600,70.039
199.617,69.988
199.633,69.936
199.650,69.885
199.667,69.833
199.683,69.782
199.700,69.735
199.717,69.702
199.733,69.670
199.750,69.638
199.767,69.605
199.783,69.573
199.800,69.540
199.817,69.508
199.833,69.476
199.850,69.443
199.867,69.411
199.883,69.378
199.900,69.346
199.917,69.313
199.933,69.291
199.950,69.281
199.967,69.271
199.983,69.261
200.000,69.251
200.017,69.241
200.033,69.231
200.050,69.221
200.067,69.212
200.083,69.202
200.100,69.196
200.117,69.196
200.133,69.196
200.150,69.196
200.167,69.196
200.183,69.196
200.200,69.196
200.217,69.196
200.233,69.196
200.250,69.196
200.267,69.196
200.283,69.196
200.300,69.258
200.317,69.263
200.333,69.268
200.350,69.273
200.367,69.278
200.383,69.283
200.400,69.288
200.417,69.293
200.433,69.298
200.450,69.303
200.467,69.308
200.483,69.313
200.500,69.318
200.517,69.322
200.533,69.327
200.550,69.332
200.567,69.337
200.583,69.342
200.600,69.345
200.617,69.345
200.633,69.345
200.650,69.345
200.667,69.345
200.683,69.369
200.700,69.373
200.717,69.378
200.733,69.382
200.750,69.387
200.767,69.391
200.783,69.395
200.800,69.400
200.817,69.404
200.833,69.408
200.850,69.413
200.867,69.417
200.883,69.422
200.900,69.426
200.917,69.430
200.933,69.435
200.950,69.439
200.967,69.444
200.983,69.444
201.000,69.444
201.017,69.444
201.033,69.444
201.050,69.444
201.067,69.444
201.083,69.444
201.100,69.444
201.117,69.444
201.133,69.444
201.150,69.444
201.167,69.444
201.183,69.402
201.200,69.399
201.217,69.396
201.233,69.392
201.250,69.389
201.267,69.386
201.283,69.382
201.300,69.379
201.317,69.376
201.333,69.372
201.350,69.369
201.367,69.366
201.383,69.363
201.400,69.359
201.417,69.356
201.433,69.353
201.450,69.349
201.467,69.346
201.483,69.345
201.500,69.345
201.517,69.345
201.533,69.345
201.550,69.345
201.567,69.345
201.583,69.345
201.600,69.345
201.617,69.345
201.633,69.345
201.650,69.345
201.667,69.345
201.683,69.345
201.700,69.345
201.717,69.345
201.733,69.345
201.750,69.274
201.767,69.269
201.783,69.265
201.800,69.261
201.817,69.257
201.833,69.252
201.850,69.248
201.867,69.244
201.883,69.239
201.900,69.235
201.917,69.231
201.933,69.227
201.950,69.222
201.967,69.218
201.983,69.214
202.000,69.209
202.017,69.205
202.033,69.201
202.050,69.197
202.067,69.196
202.083,69.196
202.100,69.196
202.117,69.196
202.133,69.175
202.150,69.170
202.167,69.166
202.183,69.162
202.200,69.157
202.217,69.153
202.233,69.148
202.250,69.144
202.267,69.140
202.283,69.135
202.300,69.131
202.317,69.126
202.333,69.122
202.350,69.118
202.367,69.113
202.383,69.109
202.400,69.104
202.417,69.100
202.433,69.096
202.450,69.096
202.467,69.086
202.483,69.081
202.500,69.076
202.517,69.071
202.533,69.066
202.550,69.061
202.567,69.056
202.583,69.051
202.600,69.047
202.617,69.042
202.633,69.037
202.650,69.032
202.667,69.027
202.683,69.022
202.700,69.017
202.717,69.012
202.733,69.007
202.750,69.003
202.767,68.998
202.783,68.990
202.800,68.982
202.817,68.973
202.833,68.965
202.850,68.957
202.867,68.948
202.883,68.940
202.900,68.932
202.917,68.924
202.933,68.915
202.950,68.907
202.967,68.899
202.983,68.890
203.000,68.881
203.017,68.872
203.033,68.863
203.050,68.854
203.067,68.845
203.083,68.836
203.100,68.826
203.117,68.817
203.133,68.808
203.150,68.799
203.167,68.798
203.183,68.798
203.200,68.798
203.217,68.798
203.233,68.798
203.250,68.761
203.267,68.755
203.283,68.749
203.300,68.743
203.317,68.736
203.333,68.730
203.350,68.724
203.367,68.718
203.383,68.711
203.400,68.705
203.417,68.699
203.433,68.693
203.450,68.686
203.467,68.680
203.483,68.674
203.500,68.667
203.517,68.661
203.533,68.655
203.550,68.649
203.567,68.649
203.583,68.649
203.600,68.649
203.617,68.649
203.633,68.649
203.650,68.649
203.667,68.649
203.683,68.649
203.700,68.649
203.717,68.649
203.733,68.649
203.750,68.649
203.767,68.649
203.783,68.649
203.800,68.649
203.817,68.649
203.833,68.649
203.850,68.649
203.867,68.649
203.883,68.649
203.900,68.649
203.917,68.649
203.933,68.649
203.950,68.649
203.967,68.649
203.983,68.649
204.000,68.649
204.017,68.649
204.033,68.649
204.050,68.649
204.067,68.649
204.083,68.649
204.100,68.649
204.117,68.649
204.133,68.649
204.150,68.649
204.167,68.649
204.183,68.649
204.200,68.649
204.217,68.649
204.233,68.649
204.250,68.649
204.267,68.649
204.283,68.649
204.300,68.649
204.317,68.649
204.333,68.649
204.350,68.649
204.367,68.649
204.383,68.649
204.400,68.649
204.417,68.649
204.433,68.649
204.450,68.649
204.467,68.649
204.483,68.649
204.500,68.649
204.517,68.649
204.533,68.649
204.550,68.649
204.567,68.649
204.583,68.649
204.600,68.649
204.617,68.649
204.633,68.649
204.650,68.649
204.667,68.649
204.683,68.649
204.700,68.649
204.717,68.649
204.733,68.649
204.750,68.649
204.767,68.649
204.783,68.649
204.800,68.649
204.817,68.649
204.833,68.649
204.850,68.649
204.867,68.649
204.883,68.649
204.900,68.649
204.917,68.649
204.933,68.649
204.950,68.649
204.967,68.649
204.983,68.649
205.000,68.649
205.017,68.649
205.033,68.649
205.050,68.649
205.067,68.649
205.083,68.649
205.100,68.733
205.117,68.734
205.133,68.735
205.150,68.736
205.167,68.737
205.183,68.737
205.200,68.738
205.217,68.739
205.233,68.740
205.250,68.741
205.267,68.742
205.283,68.743
205.300,68.744
205.317,68.745
205.333,68.746
205.350,68.746
205.367,68.747
205.383,68.748
205.400,68.748
205.417,68.748
205.433,68.748
205.450,68.748
205.467,68.748
205.483,68.773
205.500,68.778
205.517,68.782
205.533,68.786
205.550,68.791
205.567,68.795
205.583,68.799
205.600,68.804
205.617,68.808
205.633,68.812
205.650,68.817
205.667,68.821
205.683,68.825
205.700,68.830
205.717,68.834
205.733,68.838
205.750,68.843
205.767,68.847
205.783,68.848
205.800,68.848
205.817,68.848
205.833,68.848
205.850,68.848
205.867,68.848
205.883,68.848
205.900,68.848
205.917,68.848
205.933,68.848
205.950,68.848
205.967,68.848
205.983,68.848
206.000,68.848
206.017,68.848
206.033,68.848
206.050,68.848
206.067,68.848
206.083,68.848
206.100,68.848
206.117,68.848
206.133,68.848
206.150,68.848
206.167,68.848
206.183,68.848
206.200,68.848
206.217,68.848
206.233,68.909
206.250,68.911
206.267,68.913
206.283,68.916
206.300,68.918
206.317,68.920
206.333,68.922
206.350,68.924
206.367,68.926
206.383,68.929
206.400,68.931
206.417,68.933
206.433,68.935
206.450,68.937
206.467,68.940
206.483,68.942
206.500,68.944
206.517,68.946
206.533,68.947
206.550,68.947
206.567,68.947
206.583,68.947
206.600,68.947
206.617,68.947
206.633,68.947
206.650,68.947
206.667,68.947
206.683,68.947
206.700,68.947
206.717,68.947
206.733,68.947
206.750,68.947
206.767,68.947
206.783,68.947
206.800,68.947
206.817,68.947
206.833,68.947
206.850,68.947
206.867,68.947
206.883,68.947
206.900,68.947
206.917,68.947
206.933,68.947
206.950,68.947
206.967,68.947
206.983,68.947
207.000,68.947
207.017,68.947
207.033,68.947
207.050,68.947
207.067,68.947
207.083,68.947
207.100,68.947
207.117,68.947
207.133,68.947
207.150,68.947
207.167,68.947
207.183,68.947
207.200,68.947
207.217,68.947
207.233,68.947
207.250,68.947
207.267,68.947
207.283,68.947
207.300,68.947
207.317,68.947
207.333,68.947
207.350,69.020
207.367,69.022
207.383,69.023
207.400,69.025
207.417,69.026
207.433,69.028
207.450,69.029
207.467,69.031
207.483,69.032
207.500,69.034
207.517,69.035
207.533,69.037
207.550,69.038
207.567,69.040
207.583,69.041
207.600,69.043
207.617,69.044
207.633,69.046
207.650,69.047
207.667,69.047
207.683,69.047
207.700,69.047
207.717,69.047
207.733,69.047
207.750,69.047
207.767,69.047
207.783,69.047
207.800,69.047
207.817,69.047
207.833,69.047
207.850,69.047
207.867,69.047
207.883,69.047
207.900,69.047
207.917,69.047
207.933,69.047
207.950,69.047
207.967,69.047
207.983,69.047
208.000,69.047
208.017,69.047
208.033,69.047
208.050,69.047
208.067,69.047
208.083,69.047
208.100,69.047
208.117,69.047
208.133,69.047
208.150,69.047
208.167,69.047
208.183,69.047
208.200,69.047
208.217,69.047
208.233,69.047
208.250,69.047
208.267,69.047
208.283,69.047
208.300,69.047
208.317,69.047
208.333,69.047
208.350,69.047
208.367,69.047
208.383,69.047
208.400,69.047
208.417,69.047
208.433,69.047
208.450,69.047
208.467,69.047
208.483,69.047
208.500,69.121
208.517,69.123
208.533,69.124
208.550,69.125
208.567,69.127
208.583,69.128
208.600,69.130
208.617,69.131
208.633,69.133
208.650,69.134
208.667,69.136
208.683,69.137
208.700,69.138
208.717,69.140
208.733,69.141
208.750,69.143
208.767,69.144
208.783,69.146
208.800,69.146
208.817,69.146
208.833,69.146
208.850,69.146
208.867,69.146
208.883,69.146
208.900,69.146
208.917,69.146
208.933,69.146
208.950,69.146
208.967,69.146
208.983,69.146
209.000,69.146
209.017,69.146
209.033,69.146
209.050,69.146
209.067,69.146
209.083,69.196
209.100,69.198
209.117,69.201
209.133,69.204
209.150,69.207
209.167,69.210
209.183,69.212
209.200,69.215
209.217,69.218
209.233,69.221
209.250,69.223
209.267,69.226
209.283,69.229
209.300,69.232
209.317,69.235
209.333,69.237
209.350,69.240
209.367,69.243
209.383,69.246
209.400,69.246
209.417,69.246
209.433,69.246
209.450,69.246
209.467,69.246
209.483,69.246
209.500,69.246
209.517,69.246
209.533,69.246
209.550,69.246
209.567,69.246
209.583,69.246
209.600,69.246
209.617,69.246
209.633,69.246
209.650,69.246
209.667,69.246
209.683,69.246
209.700,69.246
209.717,69.246
209.733,69.246
209.750,69.246
209.767,69.246
209.783,69.246
209.800,69.246
209.817,69.246
209.833,69.246
209.850,69.246
209.867,69.246
209.883,69.246
209.900,69.246
209.917,69.246
209.933,69.246
209.950,69.246
209.967,69.246
209.983,69.246
210.000,69.246
210.017,69.246
210.033,69.246
210.050,69.246
210.067,69.246
210.083,69.246
210.100,69.246
210.117,69.246
210.133,69.246
210.150,69.246
210.167,69.246
210.183,69.246
210.200,69.246
210.217,69.319
210.233,69.321
210.250,69.322
210.267,69.324
210.283,69.325
210.300,69.327
210.317,69.328
210.333,69.330
210.350,69.331
210.367,69.333
210.383,69.334
210.400,69.336
210.417,69.337
210.433,69.338
210.450,69.340
210.467,69.341
210.483,69.343
210.500,69.344
210.517,69.345
210.533,69.345
210.550,69.345
210.567,69.345
210.583,69.345
210.600,69.345
210.617,69.345
210.633,69.345
210.650,69.345
210.667,69.345
210.683,69.345
210.700,69.345
210.717,69.345
210.733,69.345
210.750,69.345
210.767,69.345
210.783,69.345
210.800,69.345
210.817,69.345
210.833,69.345
210.850,69.345
210.867,69.345
210.883,69.345
210.900,69.345
210.917,69.345
210.933,69.345
210.950,69.345
210.967,69.345
210.983,69.345
211.000,69.345
211.017,69.345
211.033,69.345
211.050,69.345
211.067,69.345
211.083,69.345
211.100,69.345
211.117,69.345
211.133,69.345
211.150,69.345
211.167,69.345
211.183,69.345
211.200,69.345
211.217,69.345
211.233,69.345
211.250,69.345
211.267,69.345
211.283,69.345
211.300,69.345
211.317,69.345
211.333,69.529
211.350,69.533
211.367,69.536
211.383,69.540
211.400,69.544
211.417,69.548
211.433,69.551
211.450,69.555
211.467,69.559
211.483,69.562
211.500,69.566
211.517,69.570
211.533,69.574
211.550,69.577
211.567,69.581
211.583,69.585
211.600,69.588
211.617,69.592
211.633,69.635
211.650,69.702
211.667,69.769
211.683,69.836
211.700,69.903
211.717,69.970
211.733,70.036
211.750,70.103
211.767,70.170
211.783,70.237
211.800,70.328
211.817,70.420
211.833,70.515
211.850,70.611
211.867,70.707
211.883,70.803
211.900,70.899
211.917,70.995
211.933,71.091
211.950,71.187
211.967,71.283
211.983,71.379
212.000,71.483
212.017,71.586
212.033,71.690
212.050,71.793
212.067,71.897
212.083,72.000
212.100,72.104
212.117,72.207
212.133,72.311
212.150,72.415
212.167,72.518
212.183,72.622
212.200,72.721
212.217,72.819
212.233,72.916
212.250,73.012
212.267,73.108
212.283,73.205
212.300,73.301
212.317,73.397
212.333,73.494
212.350,73.590
212.367,73.686
212.383,73.776
212.400,73.826
212.417,73.876
212.433,73.925
212.450,73.975
212.467,74.025
212.483,74.074
212.500,74.124
212.517,74.174
212.533,74.224
212.550,74.273
212.567,74.323
212.583,74.366
212.600,74.366
212.617,74.366
212.633,74.366
212.650,74.328
212.667,74.318
212.683,74.309
212.700,74.300
212.717,74.291
212.733,74.282
212.750,74.273
212.767,74.263
212.783,74.254
212.800,74.245
212.817,74.236
212.833,74.227
212.850,74.218
212.867,74.208
212.883,74.199
212.900,74.190
212.917,74.181
212.933,74.172
212.950,74.148
212.967,74.108
212.983,74.067
213.000,74.027
213.017,73.987
213.033,73.947
213.050,73.907
213.067,73.867
213.083,73.827
213.100,73.787
213.117,73.747
213.133,73.705
213.150,73.658
213.167,73.612
213.183,73.566
213.200,73.520
213.217,73.473
213.233,73.427
213.250,73.381
213.267,73.335
213.283,73.288
213.300,73.242
213.317,73.196
213.333,73.173
213.350,73.173
213.367,73.173
213.383,73.173
213.400,73.173
213.417,72.932
213.433,72.888
213.450,72.844
213.467,72.800
213.483,72.756
213.500,72.712
213.517,72.669
213.533,72.625
213.550,72.581
213.567,72.537
213.583,72.493
213.600,72.449
213.617,72.406
213.633,72.362
213.650,72.318
213.667,72.274
213.683,72.230
213.700,72.186
213.717,72.178
213.733,72.178
213.750,72.178
213.767,72.178
213.783,72.000
213.800,71.963
213.817,71.926
213.833,71.889
213.850,71.852
213.867,71.814
213.883,71.777
213.900,71.740
213.917,71.703
213.933,71.666
213.950,71.629
213.967,71.592
213.983,71.555
214.000,71.518
214.017,71.481
214.033,71.444
214.050,71.407
214.067,71.370
214.083,71.333
214.100,71.304
214.117,71.275
214.133,71.246
214.150,71.217
214.167,71.188
214.183,71.159
214.200,71.130
214.217,71.101
214.233,71.072
214.250,71.043
214.267,71.014
214.283,70.985
214.300,70.955
214.317,70.925
214.333,70.895
214.350,70.865
214.367,70.836
214.383,70.806
214.400,70.776
214.417,70.746
214.433,70.716
214.450,70.686
214.467,70.656
214.483,70.627
214.500,70.597
214.517,70.565
214.533,70.531
214.550,70.498
214.567,70.465
214.583,70.432
214.600,70.399
214.617,70.366
214.633,70.333
214.650,70.299
214.667,70.266
214.683,70.234
214.700,70.207
214.717,70.180
214.733,70.153
214.750,70.126
214.767,70.099
214.783,70.072
214.800,70.045
214.817,70.018
214.833,69.991
214.850,69.964
214.867,69.937
214.883,69.906
214.900,69.875
214.917,69.844
214.933,69.813
214.950,69.782
214.967,69.751
214.983,69.720
215.000,69.690
215.017,69.659
215.033,69.633
215.050,69.612
215.067,69.591
215.083,69.571
215.100,69.550
215.117,69.529
215.133,69.509
215.150,69.488
215.167,69.467
215.183,69.446
215.200,69.426
215.217,69.405
215.233,69.384
215.250,69.364
215.267,69.343
215.283,69.322
215.300,69.302
215.317,69.281
215.333,69.260
215.350,69.239
215.367,69.219
215.383,69.198
215.400,69.177
215.417,69.157
215.433,69.140
215.450,69.128
215.467,69.115
215.483,69.103
215.500,69.090
215.517,69.078
215.533,69.065
215.550,69.053
215.567,69.041
215.583,69.028
215.600,69.016
215.617,69.003
215.633,68.993
215.650,68.984
215.667,68.976
215.683,68.968
215.700,68.959
215.717,68.951
215.733,68.942
215.750,68.934
215.767,68.926
215.783,68.917
215.800,68.909
215.817,68.900
215.833,68.898
215.850,68.898
215.867,68.898
215.883,68.898
215.900,68.898
215.917,68.898
215.933,68.898
215.950,68.898
215.967,68.898
215.983,68.898
216.000,68.898
216.017,68.898
216.033,68.898
216.050,68.898
216.067,68.898
216.083,68.898
216.100,68.898
216.117,68.898
216.133,68.898
216.150,68.898
216.167,68.898
216.183,68.898
216.200,68.898
216.217,68.898
216.233,68.898
216.250,68.898
216.267,68.898
216.283,68.898
216.300,68.898
216.317,68.898
216.333,68.898
216.350,68.898
216.367,68.898
216.383,68.898
216.400,68.898
216.417,68.898
216.433,68.898
216.450,68.898
216.467,68.898
216.483,68.898
216.500,68.898
216.517,68.898
216.533,68.898
216.550,68.898
216.567,68.898
216.583,68.898
216.600,68.898
216.617,68.898
216.633,68.971
216.650,68.973
216.667,68.974
216.683,68.976
216.700,68.977
216.717,68.979
216.733,68.980
216.750,68.982
216.767,68.983
216.783,68.985
216.800,68.986
216.817,68.988
216.833,68.989
216.850,68.991
216.867,68.992
216.883,68.994
216.900,68.995
216.917,68.997
216.933,68.997
216.950,68.997
216.967,68.997
216.983,68.997
217.000,68.997
217.017,68.997
217.033,69.025
217.050,69.029
217.067,69.033
217.083,69.037
217.100,69.042
217.117,69.046
217.133,69.050
217.150,69.054
217.167,69.058
217.183,69.062
217.200,69.066
217.217,69.071
217.233,69.075
217.250,69.079
217.267,69.083
217.283,69.087
217.300,69.091
217.317,69.095
217.333,69.096
217.350,69.096
217.367,69.096
217.383,69.096
217.400,69.096
217.417,69.096
217.433,69.096
217.450,69.096
217.467,69.096
217.483,69.096
217.500,69.096
217.517,69.096
217.533,69.096
217.550,69.096
217.567,69.096
217.583,69.096
217.600,69.096
217.617,69.096
217.633,69.096
217.650,69.096
217.667,69.096
217.683,69.096
217.700,69.096
217.717,69.096
217.733,69.096
217.750,69.096
217.767,69.096
217.783,69.096
217.800,69.096
217.817,69.096
217.833,69.096
217.850,69.096
217.867,69.096
217.883,69.096
217.900,69.096
217.917,69.096
217.933,69.096
217.950,69.096
217.967,69.165
217.983,69.166
218.000,69.168
218.017,69.170
218.033,69.172
218.050,69.173
218.067,69.175
218.083,69.177
218.100,69.179
218.117,69.180
218.133,69.182
218.150,69.184
218.167,69.186
218.183,69.187
218.200,69.189
218.217,69.191
218.233,69.193
218.250,69.195
218.267,69.196
218.283,69.196
218.300,69.196
218.317,69.196
218.333,69.196
218.350,69.196
218.367,69.196
218.383,69.196
218.400,69.196
218.417,69.196
218.433,69.196
218.450,69.196
218.467,69.196
218.483,69.196
218.500,69.196
218.517,69.241
218.533,69.244
218.550,69.247
218.567,69.250
218.583,69.253
218.600,69.256
218.617,69.259
218.633,69.262
218.650,69.265
218.667,69.268
218.683,69.271
218.700,69.274
218.717,69.277
218.733,69.280
218.750,69.283
218.767,69.286
218.783,69.289
218.800,69.292
218.817,69.295
218.833,69.295
218.850,69.295
218.867,69.295
218.883,69.295
218.900,69.295
218.917,69.295
218.933,69.295
218.950,69.295
218.967,69.295
218.983,69.295
219.000,69.295
219.017,69.295
219.033,69.295
219.050,69.295
219.067,69.295
219.083,69.295
219.100,69.295
219.117,69.295
219.133,69.295
219.150,69.295
219.167,69.295
219.183,69.295
219.200,69.295
219.217,69.295
219.233,69.295
219.250,69.295
219.267,69.295
219.283,69.295
219.300,69.295
219.317,69.295
219.333,69.295
219.350,69.295
219.367,69.295
219.383,69.295
219.400,69.295
219.417,69.295
219.433,69.295
219.450,69.295
219.467,69.295
219.483,69.295
219.500,69.295
219.517,69.295
219.533,69.295
219.550,69.295
219.567,69.295
219.583,69.295
219.600,69.295
219.617,69.295
219.633,69.295
219.650,69.295
219.667,69.295
219.683,69.295
219.700,69.295
219.717,69.295
219.733,69.295
219.750,69.295
219.767,69.295
219.783,69.295
219.800,69.295
219.817,69.295
219.833,69.295
219.850,69.295
219.867,69.295
219.883,69.295
219.900,69.295
219.917,69.295
219.933,69.295
219.950,69.295
219.967,69.295
219.983,69.295
220.000,69.295
220.017,69.295
220.033,69.295
220.050,69.295
220.067,69.295
220.083,69.295
220.100,69.295
220.117,69.376
220.133,69.377
220.150,69.378
220.167,69.379
220.183,69.380
220.200,69.381
220.217,69.382
220.233,69.383
220.250,69.384
220.267,69.385
220.283,69.387
220.300,69.388
220.317,69.389
220.333,69.390
220.350,69.391
220.367,69.392
220.383,69.393
220.400,69.394
220.417,69.395
220.433,69.395
220.450,69.395
220.467,69.395
220.483,69.395
220.500,69.395
220.517,69.395
220.533,69.395
220.550,69.395
220.567,69.395
220.583,69.395
220.600,69.395
220.617,69.395
220.633,69.395
220.650,69.395
220.667,69.395
220.683,69.395
220.700,69.395
220.717,69.395
220.733,69.395
220.750,69.395
220.767,69.395
220.783,69.395
220.800,69.395
220.817,69.395
220.833,69.395
220.850,69.395
220.867,69.395
220.883,69.395
220.900,69.395
220.917,69.395
220.933,69.395
220.950,69.395
220.967,69.395
220.983,69.395
221.000,69.395
221.017,69.395
221.033,69.395
221.050,69.395
221.067,69.395
221.083,69.395
221.100,69.395
221.117,69.395
221.133,69.395
221.150,69.395
221.167,69.395
221.183,69.395
221.200,69.395
221.217,69.395
221.233,69.395
221.250,69.395
221.267,69.395
221.283,69.395
221.300,69.395
221.317,69.395
221.333,69.395
221.350,69.395
221.367,69.395
221.383,69.395
221.400,69.395
221.417,69.395
221.433,69.395
221.450,69.395
221.467,69.395
221.483,69.395
221.500,69.395
221.517,69.395
221.533,69.395
221.550,69.395
221.567,69.395
221.583,69.395
221.600,69.395
221.617,69.395
221.633,69.395
221.650,69.395
221.667,69.395
221.683,69.395
221.700,69.395
221.717,69.395
221.733,69.395
221.750,69.395
221.767,69.395
221.783,69.395
221.800,69.395
221.817,69.395
221.833,69.395
221.850,69.395
221.867,69.395
221.883,69.395
221.900,69.395
221.917,69.395
221.933,69.395
221.950,69.395
221.967,69.395
221.983,69.395
222.000,69.395
222.017,69.395
222.033,69.395
222.050,69.395
222.067,69.395
222.083,69.395
222.100,69.395
222.117,69.395
222.133,69.310
222.150,69.309
222.167,69.308
222.183,69.307
222.200,69.306
222.217,69.306
222.233,69.305
222.250,69.304
222.267,69.303
222.283,69.302
222.300,69.301
222.317,69.301
222.333,69.300
222.350,69.299
222.367,69.298
222.383,69.297
222.400,69.296
222.417,69.296
222.433,69.295
222.450,69.295
222.467,69.295
222.483,69.295
222.500,69.295
222.517,69.295
222.533,69.295
222.550,69.295
222.567,69.295
222.583,69.295
222.600,69.295
222.617,69.295
222.633,69.295
222.650,69.295
222.667,69.295
222.683,69.295
222.700,69.295
222.717,69.295
222.733,69.295
222.750,69.295
222.767,69.295
222.783,69.295
222.800,69.295
222.817,69.295
222.833,69.295
222.850,69.295
222.867,69.295
222.883,69.295
222.900,69.295
222.917,69.295
222.933,69.295
222.950,69.295
222.967,69.295
222.983,69.295
223.000,69.295
223.017,69.295
223.033,69.295
223.050,69.295
223.067,69.295
223.083,69.295
223.100,69.295
223.117,69.295
223.133,69.295
223.150,69.295
223.167,69.295
223.183,69.295
223.200,69.295
223.217,69.295
223.233,69.295
223.250,69.295
223.267,69.295
223.283,69.295
223.300,69.295
223.317,69.295
223.333,69.295
223.350,69.295
223.367,69.295
223.383,69.295
223.400,69.295
223.417,69.295
223.433,69.295
223.450,69.295
223.467,69.295
223.483,69.295
223.500,69.295
223.517,69.295
223.533,69.295
223.550,69.295
223.567,69.295
223.583,69.295
223.600,69.295
223.617,69.295
223.633,69.295
223.650,69.295
223.667,69.295
223.683,69.295
223.700,69.295
223.717,69.295
223.733,69.295
223.750,69.295
223.767,69.295
223.783,69.295
223.800,69.295
223.817,69.295
223.833,69.295
223.850,69.295
223.867,69.295
223.883,69.295
223.900,69.295
223.917,69.295
223.933,69.295
223.950,69.295
223.967,69.295
223.983,69.295
224.000,69.295
224.017,69.295
224.033,69.295
224.050,69.295
224.067,69.295
224.083,69.295
224.100,69.295
224.117,69.295
224.133,69.295
224.150,69.295
224.167,69.295
224.183,69.295
224.200,69.295
224.217,69.295
224.233,69.295
224.250,69.295
224.267,69.295
224.283,69.295
224.300,69.295
224.317,69.295
224.333,69.295
224.350,69.295
224.367,69.295
224.383,69.295
224.400,69.295
224.417,69.295
224.433,69.295
224.450,69.295
224.467,69.295
224.483,69.295
224.500,69.295
224.517,69.295
224.533,69.295
224.550,69.295
224.567,69.295
224.583,69.295
224.600,69.295
224.617,69.295
224.633,69.295
224.650,69.295
224.667,69.295
224.683,69.295
224.700,69.295
224.717,69.295
224.733,69.295
224.750,69.295
224.767,69.295
224.783,69.295
224.800,69.295
224.817,69.295
224.833,69.295
224.850,69.295
224.867,69.295
224.883,69.295
224.900,69.295
224.917,69.295
224.933,69.295
224.950,69.295
224.967,69.295
224.983,69.295
225.000,69.295
225.017,69.295
225.033,69.295
225.050,69.295
225.067,69.295
225.083,69.295
225.100,69.295
225.117,69.295
225.133,69.295
225.150,69.295
225.167,69.295
225.183,69.295
225.200,69.295
225.217,69.295
225.233,69.295
225.250,69.295
225.267,69.295
225.283,69.295
225.300,69.295
225.317,69.295
225.333,69.386
225.350,69.386
225.367,69.387
225.383,69.387
225.400,69.388
225.417,69.388
225.433,69.389
225.450,69.389
225.467,69.390
225.483,69.390
225.500,69.391
225.517,69.391
225.533,69.392
225.550,69.393
225.567,69.393
225.583,69.394
225.600,69.394
225.617,69.395
225.633,69.395
225.650,69.395
225.667,69.395
225.683,69.377
225.700,69.373
225.717,69.368
225.733,69.364
225.750,69.359
225.767,69.354
225.783,69.350
225.800,69.345
225.817,69.341
225.833,69.336
225.850,69.331
225.867,69.327
225.883,69.322
225.900,69.318
225.917,69.313
225.933,69.308
225.950,69.304
225.967,69.299
225.983,69.295
226.000,69.295
226.017,69.295
226.033,69.295
226.050,69.295
226.067,69.295
226.083,69.295
226.100,69.295
226.117,69.295
226.133,69.295
226.150,69.295
226.167,69.295
226.183,69.295
226.200,69.295
226.217,69.295
226.233,69.295
226.250,69.295
226.267,69.295
226.283,69.295
226.300,69.295
226.317,69.295
226.333,69.295
226.350,69.295
226.367,69.295
226.383,69.295
226.400,69.295
226.417,69.295
226.433,69.295
226.450,69.295
226.467,69.295
226.483,69.295
226.500,69.295
226.517,69.295
226.533,69.295
226.550,69.295
226.567,69.295
226.583,69.295
226.600,69.295
226.617,69.295
226.633,69.295
226.650,69.295
226.667,69.295
226.683,69.295
226.700,69.295
226.717,69.295
226.733,69.295
226.750,69.295
226.767,69.295
226.783,69.295
226.800,69.295
226.817,69.295
226.833,69.295
226.850,69.295
226.867,69.295
226.883,69.295
226.900,69.295
226.917,69.295
226.933,69.295
226.950,69.295
226.967,69.295
226.983,69.295
227.000,69.295
227.017,69.295
227.033,69.295
227.050,69.295
227.067,69.295
227.083,69.295
227.100,69.295
227.117,69.295
227.133,69.295
227.150,69.295
227.167,69.295
227.183,69.295
227.200,69.295
227.217,69.295
227.233,69.295
227.250,69.295
227.267,69.295
227.283,69.295
227.300,69.295
227.317,69.295
227.333,69.295
227.350,69.295
227.367,69.295
227.383,69.295
227.400,69.295
227.417,69.295
227.433,69.295
227.450,69.295
227.467,69.295
227.483,69.295
227.500,69.295
227.517,69.295
227.533,69.295
227.550,69.295
227.567,69.295
227.583,69.295
227.600,69.295
227.617,69.295
227.633,69.295
227.650,69.295
227.667,69.295
227.683,69.295
227.700,69.295
227.717,69.295
227.733,69.295
227.750,69.295
227.767,69.295
227.783,69.295
227.800,69.295
227.817,69.295
227.833,69.295
227.850,69.295
227.867,69.295
227.883,69.295
227.900,69.295
227.917,69.295
227.933,69.295
227.950,69.295
227.967,69.295
227.983,69.295
228.000,69.295
228.017,69.295
228.033,69.295
228.050,69.295
228.067,69.295
228.083,69.295
228.100,69.295
228.117,69.295
228.133,69.295
228.150,69.295
228.167,69.295
228.183,69.295
228.200,69.295
228.217,69.295
228.233,69.295
228.250,69.295
228.267,69.295
228.283,69.295
228.300,69.295
228.317,69.295
228.333,69.295
228.350,69.295
228.367,69.295
228.383,69.295
228.400,69.295
228.417,69.207
228.433,69.206
228.450,69.206
228.467,69.205
228.483,69.204
228.500,69.204
228.517,69.203
228.533,69.203
228.550,69.202
228.567,69.201
228.583,69.201
228.600,69.200
228.617,69.200
228.633,69.199
228.650,69.198
228.667,69.198
228.683,69.197
228.700,69.196
228.717,69.196
228.733,69.196
228.750,69.196
228.767,69.196
228.783,69.214
228.800,69.219
228.817,69.223
228.833,69.228
228.850,69.232
228.867,69.237
228.883,69.241
228.900,69.246
228.917,69.251
228.933,69.255
228.950,69.260
228.967,69.264
228.983,69.269
229.000,69.273
229.017,69.278
229.033,69.283
229.050,69.287
229.067,69.292
229.083,69.295
229.100,69.295
229.117,69.295
229.133,69.295
229.150,69.295
229.167,69.295
229.183,69.295
229.200,69.295
229.217,69.295
229.233,69.295
229.250,69.295
229.267,69.295
229.283,69.295
229.300,69.295
229.317,69.295
229.333,69.295
229.350,69.295
229.367,69.295
229.383,69.295
229.400,69.295
229.417,69.295
229.433,69.295
229.450,69.295
229.467,69.295
229.483,69.295
229.500,69.295
229.517,69.295
229.533,69.295
229.550,69.295
229.567,69.295
229.583,69.295
229.600,69.295
229.617,69.295
229.633,69.295
229.650,69.295
229.667,69.295
229.683,69.295
229.700,69.295
229.717,69.295
229.733,69.295
229.750,69.295
229.767,69.295
229.783,69.295
229.800,69.295
229.817,69.295
229.833,69.295
229.850,69.295
229.867,69.295
229.883,69.295
229.900,69.295
229.917,69.295
229.933,69.295
229.950,69.295
229.967,69.295
229.983,69.295
230.000,69.295
230.017,69.295
230.033,69.295
230.050,69.295
230.067,69.295
230.083,69.295
230.100,69.295
230.117,69.295
230.133,69.295
230.150,69.295
230.167,69.295
230.183,69.295
230.200,69.295
230.217,69.295
230.233,69.295
230.250,69.295
230.267,69.295
230.283,69.295
230.300,69.295
230.317,69.295
230.333,69.295
230.350,69.295
230.367,69.295
230.383,69.295
230.400,69.295
230.417,69.295
230.433,69.295
230.450,69.295
230.467,69.295
230.483,69.295
230.500,69.295
230.517,69.295
230.533,69.295
230.550,69.295
230.567,69.295
230.583,69.295
230.600,69.295
230.617,69.295
230.633,69.295
230.650,69.295
230.667,69.295
230.683,69.295
230.700,69.295
230.717,69.295
230.733,69.295
230.750,69.295
230.767,69.295
230.783,69.295
230.800,69.295
230.817,69.295
230.833,69.295
230.850,69.295
230.867,69.295
230.883,69.295
230.900,69.295
230.917,69.295
230.933,69.295
230.950,69.295
230.967,69.295
230.983,69.295
231.000,69.295
231.017,69.295
231.033,69.295
231.050,69.295
231.067,69.295
231.083,69.295
231.100,69.295
231.117,69.295
231.133,69.295
231.150,69.295
231.167,69.295
231.183,69.295
231.200,69.295
231.217,69.295
231.233,69.295
231.250,69.295
231.267,69.295
231.283,69.295
231.300,69.295
231.317,69.295
231.333,69.295
231.350,69.295
231.367,69.295
231.383,69.295
231.400,69.295
231.417,69.295
231.433,69.295
231.450,69.295
231.467,69.295
231.483,69.295
231.500,69.295
231.517,69.295
231.533,69.295
231.550,69.295
231.567,69.295
231.583,69.295
231.600,69.295
231.617,69.295
231.633,69.295
231.650,69.295
231.667,69.295
231.683,69.295
231.700,69.295
231.717,69.295
231.733,69.295
231.750,69.295
231.767,69.295
231.783,69.295
231.800,69.295
231.817,69.295
231.833,69.295
231.850,69.295
231.867,69.295
231.883,69.295
231.900,69.295
231.917,69.295
231.933,69.295
231.950,69.295
231.967,69.295
231.983,69.295
232.000,69.295
232.017,69.295
232.033,69.295
232.050,69.295
232.067,69.295
232.083,69.295
232.100,69.295
232.117,69.295
232.133,69.295
232.150,69.295
232.167,69.295
232.183,69.295
232.200,69.295
232.217,69.295
232.233,69.295
232.250,69.295
232.267,69.295
232.283,69.295
232.300,69.295
232.317,69.295
232.333,69.295
232.350,69.295
232.367,69.295
232.383,69.295
232.400,69.295
232.417,69.295
232.433,69.295
232.450,69.295
232.467,69.295
232.483,69.295
232.500,69.295
232.517,69.295
232.533,69.295
232.550,69.295
232.567,69.295
232.583,69.295
232.600,69.295
232.617,69.295
232.633,69.295
232.650,69.295
232.667,69.295
232.683,69.295
232.700,69.295
232.717,69.295
232.733,69.295
232.750,69.295
232.767,69.295
232.783,69.295
232.800,69.295
232.817,69.295
232.833,69.295
232.850,69.295
232.867,69.295
232.883,69.295
232.900,69.295
232.917,69.295
232.933,69.295
232.950,69.295
232.967,69.295
232.983,69.295
233.000,69.295
233.017,69.295
233.033,69.295
233.050,69.295
233.067,69.295
233.083,69.295
233.100,69.295
233.117,69.295
233.133,69.295
233.150,69.295
233.167,69.295
233.183,69.295
233.200,69.295
233.217,69.295
233.233,69.295
233.250,69.295
233.267,69.295
233.283,69.295
233.300,69.295
233.317,69.295
233.333,69.295
233.350,69.295
233.367,69.295
233.383,69.295
233.400,69.295
233.417,69.295
233.433,69.295
233.450,69.295
233.467,69.295
233.483,69.295
233.500,69.295
233.517,69.295
233.533,69.295
233.550,69.295
233.567,69.295
233.583,69.295
233.600,69.295
233.617,69.295
233.633,69.295
233.650,69.295
233.667,69.295
233.683,69.295
233.700,69.295
233.717,69.295
233.733,69.295
233.750,69.295
233.767,69.295
233.783,69.295
233.800,69.295
233.817,69.295
233.833,69.295
233.850,69.295
233.867,69.295
233.883,69.295
233.900,69.295
233.917,69.295
233.933,69.295
233.950,69.295
233.967,69.295
233.983,69.295
234.000,69.295
234.017,69.295
234.033,69.295
234.050,69.295
234.067,69.295
234.083,69.295
234.100,69.295
234.117,69.295
234.133,69.295
234.150,69.295
234.167,69.295
234.183,69.295
234.200,69.295
234.217,69.295
234.233,69.295
234.250,69.295
234.267,69.295
234.283,69.295
234.300,69.295
234.317,69.295
234.333,69.295
234.350,69.295
234.367,69.295
234.383,69.295
234.400,69.295
234.417,69.295
234.433,69.295
234.450,69.295
234.467,69.295
234.483,69.295
234.500,69.295
234.517,69.295
234.533,69.295
234.550,69.295
234.567,69.295
234.583,69.295
234.600,69.295
234.617,69.295
234.633,69.295
234.650,69.295
234.667,69.295
234.683,69.295
234.700,69.295
234.717,69.295
234.733,69.295
234.750,69.295
234.767,69.295
234.783,69.295
234.800,69.295
234.817,69.295
234.833,69.295
234.850,69.295
234.867,69.295
234.883,69.295
234.900,69.295
234.917,69.295
234.933,69.295
234.950,69.295
234.967,69.295
234.983,69.295
235.000,69.295
235.017,69.295
235.033,69.295
235.050,69.295
235.067,69.295
235.083,69.295
235.100,69.295
235.117,69.295
235.133,69.295
235.150,69.295
235.167,69.295
235.183,69.295
235.200,69.295
235.217,69.295
235.233,69.295
235.250,69.295
235.267,69.295
235.283,69.295
235.300,69.295
235.317,69.295
235.333,69.295
235.350,69.295
235.367,69.295
235.383,69.295
235.400,69.295
235.417,69.295
235.433,69.295
235.450,69.295
235.467,69.295
235.483,69.295
235.500,69.295
235.517,69.295
235.533,69.295
235.550,69.295
235.567,69.295
235.583,69.295
235.600,69.295
235.617,69.295
235.633,69.295
235.650,69.295
235.667,69.295
235.683,69.295
235.700,69.295
235.717,69.295
235.733,69.295
235.750,69.295
235.767,69.295
235.783,69.295
235.800,69.295
235.817,69.295
235.833,69.295
235.850,69.295
235.867,69.295
235.883,69.295
235.900,69.295
235.917,69.295
235.933,69.295
235.950,69.295
235.967,69.295
235.983,69.295
236.000,69.295
236.017,69.295
236.033,69.295
236.050,69.295
236.067,69.295
236.083,69.295
236.100,69.295
236.117,69.295
236.133,69.295
236.150,69.295
236.167,69.295
236.183,69.295
236.200,69.295
236.217,69.295
236.233,69.295
236.250,69.295
236.267,69.295
236.283,69.295
236.300,69.295
236.317,69.295
236.333,69.295
236.350,69.295
236.367,69.295
236.383,69.295
236.400,69.295
236.417,69.295
236.433,69.295
236.450,69.295
236.467,69.295
236.483,69.295
236.500,69.295
236.517,69.295
236.533,69.295
236.550,69.295
236.567,69.295
236.583,69.295
236.600,69.295
236.617,69.295
236.633,69.295
236.650,69.295
236.667,69.295
236.683,69.295
236.700,69.295
236.717,69.295
236.733,69.295
236.750,69.295
236.767,69.295
236.783,69.295
236.800,69.295
236.817,69.295
236.833,69.295
236.850,69.295
236.867,69.295
236.883,69.295
236.900,69.295
236.917,69.295
236.933,69.295
236.950,69.295
236.967,69.295
236.983,69.295
237.000,69.295
237.017,69.295
237.033,69.295
237.050,69.295
237.067,69.295
237.083,69.295
237.100,69.295
237.117,69.295
237.133,69.295
237.150,69.295
237.167,69.295
237.183,69.295
237.200,69.295
237.217,69.295
237.233,69.295
237.250,69.295
237.267,69.295
237.283,69.295
237.300,69.295
237.317,69.295
237.333,69.295
237.350,69.295
237.367,69.295
237.383,69.295
237.400,69.295
237.417,69.295
237.433,69.295
237.450,69.295
237.467,69.295
237.483,69.295
237.500,69.295
237.517,69.295
237.533,69.295
237.550,69.295
237.567,69.295
237.583,69.295
237.600,69.295
237.617,69.295
237.633,69.295
237.650,69.295
237.667,69.295
237.683,69.295
237.700,69.295
237.717,69.295
237.733,69.295
237.750,69.295
237.767,69.295
237.783,69.295
237.800,69.295
237.817,69.295
237.833,69.295
237.850,69.295
237.867,69.295
237.883,69.295
237.900,69.295
237.917,69.295
237.933,69.295
237.950,69.295
237.967,69.295
237.983,69.295
238.000,69.295
238.017,69.295
238.033,69.295
238.050,69.295
238.067,69.295
238.083,69.295
238.100,69.295
238.117,69.295
238.133,69.295
238.150,69.295
238.167,69.295
238.183,69.295
238.200,69.295
238.217,69.295
238.233,69.295
238.250,69.295
238.267,69.295
238.283,69.295
238.300,69.295
238.317,69.295
238.333,69.295
238.350,69.295
238.367,69.295
238.383,69.295
238.400,69.295
238.417,69.295
238.433,69.295
238.450,69.295
238.467,69.295
238.483,69.295
238.500,69.295
238.517,69.295
238.533,69.295
238.550,69.295
238.567,69.295
238.583,69.295
238.600,69.295
238.617,69.295
238.633,69.295
238.650,69.295
238.667,69.295
238.683,69.295
238.700,69.295
238.717,69.295
238.733,69.295
238.750,69.295
238.767,69.295
238.783,69.295
238.800,69.295
238.817,69.295
238.833,69.295
238.850,69.295
238.867,69.295
238.883,69.295
238.900,69.295
238.917,69.295
238.933,69.295
238.950,69.295
238.967,69.295
238.983,69.295
239.000,69.295
239.017,69.295
239.033,69.295
239.050,69.295
239.067,69.295
239.083,69.295
239.100,69.295
239.117,69.295
239.133,69.392
239.150,69.392
239.167,69.392
239.183,69.392
239.200,69.392
239.217,69.393
239.233,69.393
239.250,69.393
239.267,69.393
239.283,69.393
239.300,69.393
239.317,69.394
239.333,69.394
239.350,69.394
239.367,69.394
239.383,69.394
239.400,69.394
239.417,69.395
239.433,69.395
239.450,69.395
239.467,69.395
239.483,69.395
239.500,69.395
239.517,69.395
239.533,69.395
239.550,69.395
239.567,69.395
239.583,69.395
239.600,69.395
239.617,69.395
239.633,69.395
239.650,69.395
239.667,69.395
239.683,69.395
239.700,69.348
239.717,69.345
239.733,69.342
239.750,69.339
239.767,69.336
239.783,69.333
239.800,69.330
239.817,69.327
239.833,69.324
239.850,69.321
239.867,69.318
239.883,69.316
239.900,69.313
239.917,69.310
239.933,69.307
239.950,69.304
239.967,69.301
239.983,69.298
240.000,69.295
240.017,69.295
240.033,69.295
240.050,69.295
240.067,69.295
240.083,69.295
240.100,69.295
240.117,69.295
240.133,69.295
240.150,69.295
240.167,69.295
240.183,69.295
240.200,69.295
240.217,69.295
240.233,69.295
240.250,69.295
240.267,69.295
240.283,69.295
240.300,69.295
240.317,69.295
240.333,69.295
240.350,69.295
240.367,69.295
240.383,69.295
240.400,69.295
240.417,69.295
240.433,69.295
240.450,69.295
240.467,69.295
240.483,69.295
240.500,69.295
240.517,69.295
240.533,69.295
240.550,69.295
240.567,69.295
240.583,69.295
240.600,69.295
240.617,69.295
240.633,69.295
240.650,69.295
240.667,69.295
240.683,69.295
240.700,69.295
240.717,69.295
240.733,69.295
240.750,69.295
240.767,69.295
240.783,69.295
240.800,69.295
240.817,69.295
240.833,69.295
240.850,69.295
240.867,69.295
240.883,69.295
240.900,69.295
240.917,69.295
240.933,69.295
240.950,69.295
240.967,69.295
240.983,69.295
241.000,69.295
241.017,69.295
241.033,69.295
241.050,69.295
241.067,69.295
241.083,69.295
241.100,69.295
241.117,69.295
241.133,69.295
241.150,69.295
241.167,69.295
241.183,69.295
241.200,69.295
241.217,69.295
241.233,69.295
241.250,69.295
241.267,69.295
241.283,69.295
241.300,69.295
241.317,69.295
241.333,69.295
241.350,69.295
241.367,69.295
241.383,69.295
241.400,69.295
241.417,69.295
241.433,69.295
241.450,69.295
241.467,69.295
241.483,69.295
241.500,69.295
241.517,69.295
241.533,69.295
241.550,69.295
241.567,69.295
241.583,69.295
241.600,69.295
241.617,69.295
241.633,69.295
241.650,69.295
241.667,69.295
241.683,69.211
241.700,69.210
241.717,69.209
241.733,69.208
241.750,69.207
241.767,69.206
241.783,69.206
241.800,69.205
241.817,69.204
241.833,69.203
241.850,69.202
241.867,69.201
241.883,69.201
241.900,69.200
241.917,69.199
241.933,69.198
241.950,69.197
241.967,69.196
241.983,69.196
242.000,69.196
242.017,69.196
242.033,69.196
242.050,69.196
242.067,69.196
242.083,69.196
242.100,69.196
242.117,69.196
242.133,69.196
242.150,69.196
242.167,69.196
242.183,69.196
242.200,69.196
242.217,69.196
242.233,69.196
242.250,69.196
242.267,69.196
242.283,69.196
242.300,69.196
242.317,69.196
242.333,69.196
242.350,69.196
242.367,69.196
242.383,69.196
242.400,69.196
242.417,69.196
242.433,69.196
242.450,69.196
242.467,69.196
242.483,69.196
242.500,69.196
242.517,69.196
242.533,69.196
242.550,69.196
242.567,69.196
242.583,69.196
242.600,69.196
242.617,69.196
242.633,69.196
242.650,69.196
242.667,69.196
242.683,69.196
242.700,69.196
242.717,69.196
242.733,69.196
242.750,69.196
242.767,69.196
242.783,69.196
242.800,69.196
242.817,69.196
242.833,69.196
242.850,69.196
242.867,69.196
242.883,69.196
242.900,69.196
242.917,69.196
242.933,69.196
242.950,69.196
242.967,69.196
242.983,69.196
243.000,69.196
243.017,69.119
243.033,69.117
243.050,69.116
243.067,69.115
243.083,69.114
243.100,69.112
243.117,69.111
243.133,69.110
243.150,69.109
243.167,69.108
243.183,69.106
243.200,69.105
243.217,69.104
243.233,69.103
243.250,69.101
243.267,69.100
243.283,69.099
243.300,69.098
243.317,69.096
243.333,69.096
243.350,69.096
243.367,69.096
243.383,69.096
243.400,69.096
243.417,69.096
243.433,69.096
243.450,69.096
243.467,69.096
243.483,69.096
243.500,69.096
243.517,69.096
243.533,69.096
243.550,69.096
243.567,69.096
243.583,69.096
243.600,69.096
243.617,69.096
243.633,69.096
243.650,69.096
243.667,69.096
243.683,69.096
243.700,69.096
243.717,69.096
243.733,68.981
243.750,68.976
243.767,68.972
243.783,68.967
243.800,68.963
243.817,68.958
243.833,68.953
243.850,68.949
243.867,68.944
243.883,68.940
243.900,68.935
243.917,68.930
243.933,68.926
243.950,68.921
243.967,68.917
243.983,68.912
244.000,68.907
244.017,68.903
244.033,68.898
244.050,68.883
244.067,68.867
244.083,68.851
244.100,68.835
244.117,68.819
244.133,68.803
244.150,68.787
244.167,68.771
244.183,68.754
244.200,68.738
244.217,68.722
244.233,68.706
244.250,68.689
244.267,68.671
244.283,68.652
244.300,68.634
244.317,68.616
244.333,68.598
244.350,68.579
244.367,68.561
244.383,68.540
244.400,68.515
244.417,68.490
244.433,68.466
244.450,68.441
244.467,68.416
244.483,68.391
244.500,68.366
244.517,68.341
244.533,68.317
244.550,68.292
244.567,68.267
244.583,68.241
244.600,68.213
244.617,68.186
244.633,68.158
244.650,68.130
244.667,68.103
244.683,68.075
244.700,68.048
244.717,68.020
244.733,67.992
244.750,67.965
244.767,67.936
244.783,67.907
244.800,67.878
244.817,67.849
244.833,67.820
244.850,67.791
244.867,67.762
244.883,67.733
244.900,67.704
244.917,67.675
244.933,67.646
244.950,67.617
244.967,67.591
244.983,67.565
245.000,67.540
245.017,67.515
245.033,67.490
245.050,67.465
245.067,67.440
245.083,67.415
245.100,67.390
245.117,67.365
245.133,67.340
245.150,67.314
245.167,67.282
245.183,67.246
245.200,67.211
245.217,67.175
245.233,67.140
245.250,67.104
245.267,67.069
245.283,67.033
245.300,66.997
245.317,66.962
245.333,66.927
245.350,66.893
245.367,66.858
245.383,66.824
245.400,66.789
245.417,66.755
245.433,66.720
245.450,66.686
245.467,66.651
245.483,66.616
245.500,66.582
245.517,66.549
245.533,66.519
245.550,66.489
245.567,66.458
245.583,66.428
245.600,66.398
245.617,66.367
245.633,66.337
245.650,66.307
245.667,66.276
245.683,66.247
245.700,66.218
245.717,66.189
245.733,66.160
245.750,66.131
245.767,66.102
245.783,66.073
245.800,66.044
245.817,66.015
245.833,65.986
245.850,65.957
245.867,65.928
245.883,65.915
245.900,65.915
245.917,65.915
245.933,65.915
245.950,65.915
245.967,65.915
245.983,65.915
246.000,65.915
246.017,65.915
246.033,65.915
246.050,65.915
246.067,65.915
246.083,65.915
246.100,65.915
246.117,65.915
246.133,65.915
246.150,65.915
246.167,65.915
246.183,65.915
246.200,65.915
246.217,65.915
246.233,65.915
246.250,65.915
246.267,65.915
246.283,65.915
246.300,65.915
246.317,65.433
246.333,65.176
246.350,65.150
246.367,65.123
246.383,65.096
246.400,65.069
246.417,65.043
246.433,65.016
246.450,64.989
246.467,64.962
246.483,64.935
246.500,64.909
246.517,64.882
246.533,64.855
246.550,64.828
246.567,64.801
246.583,64.775
246.600,64.748
246.617,64.721
246.633,64.697
246.650,64.673
246.667,64.649
246.683,64.625
246.700,64.601
246.717,64.577
246.733,64.553
246.750,64.529
246.767,64.523
246.783,64.523
246.800,64.523
246.817,64.429
246.833,64.403
246.850,64.378
246.867,64.353
246.883,64.328
246.900,64.303
246.917,64.277
246.933,64.252
246.950,64.227
246.967,64.202
246.983,64.177
247.000,64.152
247.017,64.126
247.033,64.101
247.050,64.076
247.067,64.051
247.083,64.026
247.100,64.001
247.117,63.975
247.133,63.953
247.150,63.931
247.167,63.909
247.183,63.886
247.200,63.864
247.217,63.842
247.233,63.820
247.250,63.797
247.267,63.775
247.283,63.753
247.300,63.730
247.317,63.728
247.333,63.728
247.350,63.728
247.367,63.728
247.383,63.597
247.400,63.571
247.417,63.544
247.433,63.517
247.450,63.490
247.467,63.464
247.483,63.437
247.500,63.410
247.517,63.384
247.533,63.357
247.550,63.330
247.567,63.303
247.583,63.277
247.600,63.250
247.617,63.223
247.633,63.197
247.650,63.170
247.667,63.143
247.683,63.116
247.700,63.089
247.717,63.062
247.733,63.035
247.750,63.007
247.767,62.980
247.783,62.953
247.800,62.926
247.817,62.899
247.833,62.872
247.850,62.844
247.867,62.818
247.883,62.793
247.900,62.768
247.917,62.743
247.933,62.717
247.950,62.692
247.967,62.667
247.983,62.642
248.000,62.617
248.017,62.591
248.033,62.566
248.050,62.541
248.067,62.516
248.083,62.491
248.100,62.465
248.117,62.440
248.133,62.415
248.150,62.390
248.167,62.365
248.183,62.340
248.200,62.315
248.217,62.290
248.233,62.265
248.250,62.240
248.267,62.237
248.283,62.237
248.300,62.237
248.317,62.237
248.333,62.237
248.350,62.098
248.367,62.075
248.383,62.051
248.400,62.028
248.417,62.004
248.433,61.981
248.450,61.957
248.467,61.934
248.483,61.911
248.500,61.887
248.517,61.864
248.533,61.840
248.550,61.817
248.567,61.793
248.583,61.770
248.600,61.746
248.617,61.723
248.633,61.699
248.650,61.679
248.667,61.660
248.683,61.641
248.700,61.623
248.717,61.604
248.733,61.585
248.750,61.567
248.767,61.548
248.783,61.530
248.800,61.511
248.817,61.492
248.833,61.471
248.850,61.450
248.867,61.429
248.883,61.408
248.900,61.386
248.917,61.365
248.933,61.344
248.950,61.323
248.967,61.301
248.983,61.282
249.000,61.264
249.017,61.246
249.033,61.228
249.050,61.209
249.067,61.191
249.083,61.173
249.100,61.155
249.117,61.137
249.133,61.119
249.150,61.101
249.167,61.093
249.183,61.093
249.200,61.093
249.217,61.093
249.233,61.093
249.250,61.093
249.267,61.093
249.283,61.093
249.300,61.093
249.317,61.093
249.333,61.093
249.350,61.093
249.367,60.863
249.383,60.844
249.400,60.826
249.417,60.808
249.433,60.789
249.450,60.771
249.467,60.752
249.483,60.734
249.500,60.716
249.517,60.697
249.533,60.679
249.550,60.661
249.567,60.642
249.583,60.624
249.600,60.606
249.617,60.587
249.633,60.569
249.650,60.551
249.667,60.534
249.683,60.518
249.700,60.501
249.717,60.485
249.733,60.469
249.750,60.452
249.767,60.436
249.783,60.420
249.800,60.403
249.817,60.387
249.833,60.371
249.850,60.354
249.867,60.348
249.883,60.348
249.900,60.348
249.917,60.348
249.933,60.287
249.950,60.274
249.967,60.260
249.983,60.247
250.000,60.234
250.017,60.221
250.033,60.207
250.050,60.194
250.067,60.181
250.083,60.168
250.100,60.154
250.117,60.141
250.133,60.128
250.150,60.115
250.167,60.101
250.183,60.088
250.200,60.075
250.217,60.061
250.233,60.049
250.250,60.049
250.267,60.049
250.283,60.049
250.300,60.049
250.317,60.071
250.333,60.076
250.350,60.080
250.367,60.084
250.383,60.089
250.400,60.093
250.417,60.097
250.433,60.102
250.450,60.102
250.467,60.102
250.483,60.102
250.500,60.102
250.517,60.102
250.533,60.102
250.550,60.102
250.567,60.102
250.583,60.102
250.600,60.102
250.617,60.102
250.633,60.149
250.650,60.149
250.667,60.149
250.683,60.149
250.700,60.149
250.717,60.149
250.733,60.149
250.750,60.149
250.767,60.149
250.783,60.149
250.800,60.149
250.817,60.149
250.833,60.149
250.850,60.149
250.867,60.149
250.883,60.149
250.900,60.149
250.917,60.149
250.933,60.149
250.950,60.149
250.967,60.149
250.983,60.149
251.000,60.149
251.017,60.604
251.033,61.066
251.050,61.514
251.067,61.972
251.083,62.271
251.100,62.346
251.117,62.422
251.133,62.497
251.150,62.572
251.167,62.647
251.183,62.722
251.200,62.798
251.217,62.873
251.233,62.948
251.250,63.023
251.267,63.098
251.283,63.174
251.300,63.249
251.317,63.324
251.333,63.448
251.350,63.576
251.367,63.704
251.383,63.832
251.400,63.960
251.417,64.088
251.433,64.216
251.450,64.344
251.467,64.472
251.483,64.600
251.500,64.728
251.517,64.856
251.533,64.984
251.550,65.123
251.567,65.267
251.583,65.410
251.600,65.553
251.617,65.697
251.633,65.840
251.650,65.983
251.667,66.126
251.683,66.237
251.700,66.237
251.717,66.237
251.733,66.237
251.750,66.237
251.767,66.237
251.783,66.237
251.800,66.237
251.817,66.237
251.833,66.237
251.850,66.237
251.867,66.237
251.883,66.691
251.900,67.148
251.917,67.605
251.933,68.069
251.950,68.370
251.967,68.505
251.983,68.640
252.000,68.775
252.017,68.910
252.033,69.045
252.050,69.180
252.067,69.310
252.083,69.440
252.100,69.570
252.117,69.699
252.133,69.829
252.150,69.959
252.167,70.089
252.183,70.218
252.200,70.348
252.217,70.478
252.233,70.478
252.250,70.478
252.267,70.478
252.283,70.478
252.300,70.478
252.317,70.478
252.333,70.478
252.350,70.478
252.367,70.478
252.383,70.478
252.400,70.478
252.417,70.880
252.433,71.336
252.450,71.791
252.467,72.245
252.483,72.599
252.500,72.719
252.517,72.839
252.533,72.959
252.550,73.080
252.567,73.200
252.583,73.320
252.600,73.440
252.617,73.561
252.633,73.685
252.650,73.810
252.667,73.935
252.683,74.060
252.700,74.186
252.717,74.311
252.733,74.436
252.750,74.562
252.767,74.699
252.783,74.832
252.800,74.953
252.817,75.075
252.833,75.075
252.850,75.075
252.867,75.075
252.883,75.075
252.900,75.075
252.917,75.075
252.933,75.075
252.950,75.075
252.967,75.075
252.983,75.075
253.000,75.075
253.017,75.530
253.033,75.988
253.050,76.205
253.067,76.205
253.083,76.205
253.100,76.205
253.117,76.205
253.133,76.205
253.150,76.205
253.167,76.205
253.183,76.205
253.200,76.205
253.217,76.659
253.233,77.116
253.250,77.572
253.267,78.028
253.283,78.277
253.300,78.388
253.317,78.498
253.333,78.609
253.350,78.719
253.367,78.830
253.383,78.940
253.400,79.051
253.417,79.161
253.433,79.272
253.450,79.383
253.467,79.493
253.483,79.604
253.500,79.714
253.517,79.825
253.533,79.902
253.550,79.977
253.567,80.051
253.583,80.126
253.600,80.200
253.617,80.275
253.633,80.349
253.650,80.424
253.667,80.498
253.683,80.573
253.700,80.634
253.717,80.655
253.733,80.676
253.750,80.697
253.767,80.718
253.783,80.739
253.800,80.760
253.817,80.781
253.833,80.802
253.850,80.823
253.867,80.844
253.883,80.865
253.900,80.872
253.917,80.858
253.933,80.845
253.950,80.831
253.967,80.818
253.983,80.804
254.000,80.791
254.017,80.777
254.033,80.764
254.050,80.750
254.067,80.737
254.083,80.713
254.100,80.670
254.117,80.628
254.133,80.586
254.150,80.544
254.167,80.502
254.183,80.460
254.200,80.418
254.217,80.376
254.233,80.334
254.250,80.292
254.267,80.250
254.283,80.206
254.300,80.161
254.317,80.116
254.333,80.071
254.350,80.026
254.367,79.981
254.383,79.935
254.400,79.890
254.417,79.845
254.433,79.800
254.450,79.755
254.467,79.710
254.483,79.662
254.500,79.611
254.517,79.560
254.533,79.508
254.550,79.457
254.567,79.406
254.583,79.355
254.600,79.304
254.617,79.252
254.633,79.201
254.650,79.150
254.667,79.138
254.683,79.138
254.700,79.138
254.717,79.138
254.733,79.138
254.750,79.138
254.767,79.138
254.783,79.138
254.800,79.138
254.817,79.138
254.833,79.138
254.850,79.138
254.867,79.138
254.883,79.138
254.900,79.138
254.917,79.138
254.933,78.646
254.950,78.429
254.967,78.389
254.983,78.349
255.000,78.309
255.017,78.269
255.033,78.229
255.050,78.189
255.067,78.149
255.083,78.109
255.100,78.069
255.117,78.029
255.133,77.989
255.150,77.950
255.167,77.910
255.183,77.870
255.200,77.830
255.217,77.790
255.233,77.750
255.250,77.746
255.267,77.746
255.283,77.668
255.300,77.641
255.317,77.614
255.333,77.587
255.350,77.560
255.367,77.534
255.383,77.507
255.400,77.480
255.417,77.453
255.433,77.426
255.450,77.399
255.467,77.372
255.483,77.345
255.500,77.318
255.517,77.292
255.533,77.265
255.550,77.238
255.567,77.211
255.583,77.182
255.600,77.150
255.617,77.119
255.633,77.088
255.650,77.057
255.667,77.026
255.683,76.995
255.700,76.963
255.717,76.932
255.733,76.901
255.750,76.870
255.767,76.839
255.783,76.809
255.800,76.779
255.817,76.750
255.833,76.720
255.850,76.690
255.867,76.660
255.883,76.630
255.900,76.600
255.917,76.570
255.933,76.540
255.950,76.510
255.967,76.478
255.983,76.444
256.000,76.410
256.017,76.377
256.033,76.343
256.050,76.309
256.067,76.276
256.083,76.242
256.100,76.208
256.117,76.175
256.133,76.141
256.150,76.108
256.167,76.106
256.183,76.106
256.200,76.106
256.217,76.106
256.233,76.106
256.250,76.106
256.267,76.106
256.283,76.106
256.300,76.106
256.317,76.106
256.333,76.106
256.350,76.106
256.367,76.106
256.383,76.106
256.400,76.106
256.417,75.625
256.433,75.583
256.450,75.552
256.467,75.521
256.483,75.490
256.500,75.460
256.517,75.429
256.533,75.398
256.550,75.367
256.567,75.336
256.583,75.305
256.600,75.274
256.617,75.244
256.633,75.213
256.650,75.182
256.667,75.151
256.683,75.120
256.700,75.089
256.717,75.059
256.733,75.030
256.750,75.001
256.767,74.972
256.783,74.943
256.800,74.914
256.817,74.885
256.833,74.856
256.850,74.827
256.867,74.798
256.883,74.769
256.900,74.740
256.917,74.710
256.933,74.679
256.950,74.647
256.967,74.616
256.983,74.584
257.000,74.553
257.017,74.521
257.033,74.490
257.050,74.458
257.067,74.427
257.083,74.395
257.100,74.364
257.117,74.331
257.133,74.298
257.150,74.265
257.167,74.233
257.183,74.200
257.200,74.167
257.217,74.134
257.233,74.102
257.250,74.069
257.267,74.036
257.283,74.018
257.300,74.018
257.317,74.018
257.333,74.018
257.350,74.018
257.367,74.018
257.383,74.018
257.400,74.018
257.417,74.018
257.433,74.018
257.450,74.018
257.467,74.018
257.483,74.018
257.500,74.018
257.517,74.018
257.533,74.018
257.550,73.533
257.567,73.440
257.583,73.407
257.600,73.373
257.617,73.340
257.633,73.307
257.650,73.274
257.667,73.241
257.683,73.208
257.700,73.175
257.717,73.141
257.733,73.108
257.750,73.075
257.767,73.042
257.783,73.009
257.800,72.976
257.817,72.943
257.833,72.910
257.850,72.876
257.867,72.846
257.883,72.817
257.900,72.787
257.917,72.757
257.933,72.727
257.950,72.698
257.967,72.668
257.983,72.638
258.000,72.608
258.017,72.579
258.033,72.547
258.050,72.515
258.067,72.483
258.083,72.451
258.100,72.418
258.117,72.386
258.133,72.354
258.150,72.322
258.167,72.290
258.183,72.258
258.200,72.226
258.217,72.193
258.233,72.160
258.250,72.127
258.267,72.094
258.283,72.060
258.300,72.027
258.317,71.994
258.333,71.961
258.350,71.928
258.367,71.895
258.383,71.862
258.400,71.828
258.417,71.795
258.433,71.762
258.450,71.729
258.467,71.696
258.483,71.663
258.500,71.630
258.517,71.597
258.533,71.563
258.550,71.530
258.567,71.497
258.583,71.461
258.600,71.423
258.617,71.386
258.633,71.348
258.650,71.310
258.667,71.272
258.683,71.234
258.700,71.196
258.717,71.159
258.733,71.121
258.750,71.083
258.767,71.045
258.783,71.012
258.800,70.980
258.817,70.948
258.833,70.917
258.850,70.885
258.867,70.853
258.883,70.822
258.900,70.790
258.917,70.758
258.933,70.726
258.950,70.695
258.967,70.667
258.983,70.639
259.000,70.612
259.017,70.585
259.033,70.558
259.050,70.531
259.067,70.504
259.083,70.474
259.100,70.441
259.117,70.409
259.133,70.376
259.150,70.343
259.167,70.311
259.183,70.278
259.200,70.245
259.217,70.213
259.233,70.180
259.250,70.147
259.267,70.115
259.283,70.083
259.300,70.054
259.317,70.026
259.333,69.997
259.350,69.968
259.367,69.939
259.383,69.910
259.400,69.882
259.417,69.853
259.433,69.824
259.450,69.795
259.467,69.766
259.483,69.738
259.500,69.709
259.517,69.680
259.533,69.651
259.550,69.625
259.567,69.600
259.583,69.575
259.600,69.551
259.617,69.526
259.633,69.501
259.650,69.476
259.667,69.451
259.683,69.444
259.700,69.444
259.717,69.444
259.733,69.444
259.750,69.444
259.767,69.444
259.783,69.444
259.800,69.444
259.817,69.444
259.833,69.444
259.850,69.444
259.867,69.444
259.883,69.444
259.900,69.444
259.917,69.444
259.933,69.444
259.950,69.224
259.967,69.211
259.983,69.198
260.000,69.184
260.017,69.171
260.033,69.158
260.050,69.145
260.067,69.132
260.083,69.118
260.100,69.105
260.117,69.092
260.133,69.079
260.150,69.066
260.167,69.053
260.183,69.039
260.200,69.026
260.217,69.013
260.233,69.000
260.250,68.990
260.267,68.982
260.283,68.973
260.300,68.965
260.317,68.956
260.333,68.948
260.350,68.939
260.367,68.931
260.383,68.922
260.400,68.914
260.417,68.905
260.433,68.898
260.450,68.898
260.467,68.898
260.483,68.913
260.500,68.918
260.517,68.922
260.533,68.927
260.550,68.932
260.567,68.937
260.583,68.942
260.600,68.947
260.617,68.952
260.633,68.957
260.650,68.962
260.667,68.966
260.683,68.971
260.700,68.976
260.717,68.981
260.733,68.986
260.750,68.991
260.767,68.996
260.783,68.997
260.800,68.997
260.817,68.997
260.833,68.997
260.850,68.997
260.867,68.997
260.883,68.997
260.900,68.997
260.917,68.997
260.933,68.997
260.950,68.997
260.967,68.997
260.983,68.997
261.000,68.997
261.017,68.997
261.033,68.997
261.050,68.997
261.067,68.997
261.083,68.997
261.100,68.997
261.117,68.997
261.133,68.997
261.150,68.997
261.167,68.997
261.183,68.997
261.200,68.997
261.217,68.997
261.233,68.997
261.250,68.997
261.267,68.997
261.283,68.997
261.300,68.997
261.317,68.997
261.333,68.997
261.350,68.997
261.367,68.997
261.383,68.997
261.400,68.997
261.417,68.997
261.433,68.997
261.450,68.997
261.467,68.997
261.483,68.997
261.500,68.997
261.517,68.997
261.533,68.997
261.550,68.997
261.567,68.997
261.583,68.997
261.600,68.997
261.617,68.997
261.633,68.997
261.650,68.997
261.667,68.997
261.683,68.997
261.700,68.997
261.717,68.997
261.733,68.997
261.750,68.997
261.767,68.997
261.783,68.997
261.800,68.997
261.817,68.997
261.833,68.997
261.850,68.997
261.867,68.997
261.883,68.997
261.900,68.997
261.917,68.997
261.933,68.997
261.950,68.997
261.967,68.997
261.983,68.997
262.000,68.997
262.017,68.997
262.033,68.997
262.050,68.997
262.067,68.997
262.083,68.997
262.100,68.997
262.117,68.997
262.133,68.997
262.150,68.997
262.167,68.997
262.183,68.997
262.200,68.997
262.217,68.997
262.233,68.997
262.250,68.997
262.267,68.997
262.283,68.997
262.300,68.997
262.317,68.997
262.333,68.997
262.350,68.997
262.367,68.997
262.383,68.997
262.400,68.997
262.417,68.997
262.433,68.997
262.450,68.997
262.467,69.082
262.483,69.083
262.500,69.084
262.517,69.085
262.533,69.085
262.550,69.086
262.567,69.087
262.583,69.088
262.600,69.089
262.617,69.090
262.633,69.090
262.650,69.091
262.667,69.092
262.683,69.093
262.700,69.094
262.717,69.095
262.733,69.095
262.750,69.096
262.767,69.090
262.783,69.082
262.800,69.073
262.817,69.065
262.833,69.056
262.850,69.048
262.867,69.040
262.883,69.031
262.900,69.023
262.917,69.014
262.933,69.006
262.950,68.998
262.967,68.997
262.983,68.997
263.000,68.997
263.017,68.997
263.033,68.997
263.050,68.997
263.067,68.997
263.083,68.997
263.100,68.997
263.117,68.997
263.133,68.997
263.150,68.997
263.167,68.997
263.183,68.997
263.200,68.997
263.217,68.997
263.233,68.997
263.250,68.997
263.267,68.997
263.283,68.997
263.300,68.997
263.317,68.997
263.333,68.997
263.350,68.997
263.367,68.997
263.383,68.997
263.400,68.997
263.417,68.997
263.433,68.997
263.450,68.934
263.467,68.932
263.483,68.930
263.500,68.928
263.517,68.925
263.533,68.923
263.550,68.921
263.567,68.919
263.583,68.917
263.600,68.915
263.617,68.913
263.633,68.911
263.650,68.909
263.667,68.907
263.683,68.904
263.700,68.902
263.717,68.900
263.733,68.898
263.750,68.898
263.767,68.898
263.783,68.898
263.800,68.880
263.817,68.876
263.833,68.871
263.850,68.867
263.867,68.862
263.883,68.857
263.900,68.853
263.917,68.848
263.933,68.844
263.950,68.839
263.967,68.835
263.983,68.830
264.000,68.825
264.017,68.821
264.033,68.816
264.050,68.812
264.067,68.807
264.083,68.802
264.100,68.798
264.117,68.798
264.133,68.798
264.150,68.798
264.167,68.798
264.183,68.798
264.200,68.798
264.217,68.798
264.233,68.798
264.250,68.747
264.267,68.741
264.283,68.736
264.300,68.730
264.317,68.724
264.333,68.719
264.350,68.713
264.367,68.707
264.383,68.702
264.400,68.696
264.417,68.690
264.433,68.685
264.450,68.679
264.467,68.673
264.483,68.668
264.500,68.662
264.517,68.656
264.533,68.651
264.550,68.645
264.567,68.640
264.583,68.634
264.600,68.628
264.617,68.623
264.633,68.617
264.650,68.612
264.667,68.606
264.683,68.601
264.700,68.595
264.717,68.590
264.733,68.584
264.750,68.579
264.767,68.573
264.783,68.567
264.800,68.562
264.817,68.556
264.833,68.551
264.850,68.550
264.867,68.550
264.883,68.550
264.900,68.550
264.917,68.550
264.933,68.550
264.950,68.550
264.967,68.550
264.983,68.550
265.000,68.550
265.017,68.550
265.033,68.550
265.050,68.550
265.067,68.440
265.083,68.432
265.100,68.424
265.117,68.416
265.133,68.408
265.150,68.400
265.167,68.392
265.183,68.384
265.200,68.376
265.217,68.368
265.233,68.360
265.250,68.352
265.267,68.344
265.283,68.336
265.300,68.328
265.317,68.320
265.333,68.312
265.350,68.304
265.367,68.296
265.383,68.288
265.400,68.280
265.417,68.271
265.433,68.263
265.450,68.255
265.467,68.247
265.483,68.238
265.500,68.230
265.517,68.222
265.533,68.213
265.550,68.205
265.567,68.202
265.583,68.202
265.600,68.202
265.617,68.202
265.633,68.202
265.650,68.202
265.667,68.202
265.683,68.202
265.700,68.202
265.717,68.202
265.733,68.202
265.750,68.202
265.767,68.202
265.783,68.093
265.800,68.085
265.817,68.077
265.833,68.069
265.850,68.061
265.867,68.053
265.883,68.045
265.900,68.037
265.917,68.029
265.933,68.021
265.950,68.013
265.967,68.005
265.983,67.998
266.000,67.990
266.017,67.982
266.033,67.974
266.050,67.966
266.067,67.958
266.083,67.949
266.100,67.941
266.117,67.933
266.133,67.924
266.150,67.916
266.167,67.908
266.183,67.899
266.200,67.891
266.217,67.883
266.233,67.874
266.250,67.866
266.267,67.857
266.283,67.854
266.300,67.854
266.317,67.841
266.333,67.836
266.350,67.832
266.367,67.827
266.383,67.822
266.400,67.817
266.417,67.812
266.433,67.807
266.450,67.802
266.467,67.798
266.483,67.793
266.500,67.788
266.517,67.783
266.533,67.778
266.550,67.773
266.567,67.768
266.583,67.764
266.600,67.759
266.617,67.754
266.633,67.754
266.650,67.754
266.667,67.754
266.683,67.754
266.700,67.754
266.717,67.869
266.733,67.888
266.750,67.907
266.767,67.926
266.783,67.945
266.800,67.964
266.817,67.983
266.833,68.002
266.850,68.020
266.867,68.039
266.883,68.058
266.900,68.077
266.917,68.096
266.933,68.115
266.950,68.134
266.967,68.153
266.983,68.171
267.000,68.190
267.017,68.221
267.033,68.269
267.050,68.317
267.067,68.366
267.083,68.414
267.100,68.462
267.117,68.510
267.133,68.559
267.150,68.607
267.167,68.655
267.183,68.703
267.200,68.752
267.217,68.808
267.233,68.864
267.250,68.920
267.267,68.977
267.283,69.033
267.300,69.089
267.317,69.145
267.333,69.201
267.350,69.257
267.367,69.314
267.383,69.388
267.400,69.469
267.417,69.527
267.433,69.585
267.450,69.642
267.467,69.700
267.483,69.758
267.500,69.816
267.517,69.874
267.533,69.932
267.550,69.990
267.567,70.048
267.583,70.130
267.600,70.190
267.617,70.255
267.633,70.295
267.650,70.336
267.667,70.376
267.683,70.416
267.700,70.457
267.717,70.497
267.733,70.538
267.750,70.578
267.767,70.618
267.783,70.659
267.800,70.699
267.817,70.740
267.833,70.780
267.850,70.821
267.867,70.861
267.883,70.901
267.900,70.942
267.917,70.982
267.933,71.016
267.950,71.049
267.967,71.082
267.983,71.115
268.000,71.148
268.017,71.182
268.033,71.215
268.050,71.248
268.067,71.281
268.083,71.314
268.100,71.347
268.117,71.380
268.133,71.411
268.150,71.440
268.167,71.470
268.183,71.500
268.200,71.530
268.217,71.560
268.233,71.590
268.250,71.620
268.267,71.650
268.283,71.680
268.300,71.710
268.317,71.731
268.333,71.731
268.350,71.731
268.367,71.731
268.383,71.731
268.400,71.731
268.417,71.862
268.433,71.883
268.450,71.903
268.467,71.924
268.483,71.945
268.500,71.966
268.517,71.987
268.533,72.008
268.550,72.028
268.567,72.049
268.583,72.070
268.600,72.091
268.617,72.112
268.633,72.132
268.650,72.153
268.667,72.174
268.683,72.195
268.700,72.216
268.717,72.228
268.733,72.228
268.750,72.228
268.767,72.228
268.783,72.228
268.800,72.228
268.817,72.228
268.833,72.228
268.850,72.228
268.867,72.228
268.883,72.228
268.900,72.228
268.917,72.228
268.933,72.228
268.950,72.228
268.967,72.228
268.983,72.228
269.000,72.228
269.017,72.228
269.033,72.228
269.050,72.228
269.067,72.228
269.083,72.228
269.100,72.228
269.117,72.228
269.133,72.228
269.150,72.228
269.167,72.137
269.183,72.134
269.200,72.130
269.217,72.127
269.233,72.124
269.250,72.120
269.267,72.117
269.283,72.114
269.300,72.110
269.317,72.107
269.333,72.104
269.350,72.100
269.367,72.097
269.383,72.094
269.400,72.090
269.417,72.087
269.433,72.084
269.450,72.080
269.467,72.072
269.483,72.059
269.500,72.046
269.517,72.033
269.533,72.020
269.550,72.008
269.567,71.995
269.583,71.982
269.600,71.969
269.617,71.956
269.633,71.943
269.650,71.931
269.667,71.913
269.683,71.894
269.700,71.876
269.717,71.858
269.733,71.839
269.750,71.821
269.767,71.803
269.783,71.785
269.800,71.766
269.817,71.748
269.833,71.730
269.850,71.716
269.867,71.702
269.883,71.689
269.900,71.675
269.917,71.661
269.933,71.647
269.950,71.633
269.967,71.619
269.983,71.606
270.000,71.592
270.017,71.577
270.033,71.561
270.050,71.544
270.067,71.527
270.083,71.510
270.100,71.494
270.117,71.477
270.133,71.460
270.150,71.443
270.167,71.427
270.183,71.410
270.200,71.393
270.217,71.378
270.233,71.364
270.250,71.351
270.267,71.338
270.283,71.324
270.300,71.311
270.317,71.298
270.333,71.284
270.350,71.271
270.367,71.257
270.383,71.244
270.400,71.230
270.417,71.211
270.433,71.193
270.450,71.174
270.467,71.156
270.483,71.137
270.500,71.119
270.517,71.101
270.533,71.082
270.550,71.064
270.567,71.045
270.583,71.025
270.600,71.003
270.617,70.980
270.633,70.958
270.650,70.935
270.667,70.913
270.683,70.890
270.700,70.868
270.717,70.845
270.733,70.823
270.750,70.800
270.767,70.780
270.783,70.763
270.800,70.746
270.817,70.729
270.833,70.713
270.850,70.696
270.867,70.679
270.883,70.662
270.900,70.645
270.917,70.628
270.933,70.612
270.950,70.595
270.967,70.588
270.983,70.588
271.000,70.588
271.017,70.530
271.033,70.514
271.050,70.497
271.067,70.481
271.083,70.465
271.100,70.449
271.117,70.433
271.133,70.416
271.150,70.400
271.167,70.384
271.183,70.368
271.200,70.352
271.217,70.335
271.233,70.319
271.250,70.303
271.267,70.287
271.283,70.271
271.300,70.254
271.317,70.238
271.333,70.217
271.350,70.196
271.367,70.176
271.383,70.155
271.400,70.134
271.417,70.113
271.433,70.093
271.450,70.072
271.467,70.051
271.483,70.031
271.500,70.010
271.517,69.990
271.533,69.978
271.550,69.966
271.567,69.953
271.583,69.941
271.600,69.929
271.617,69.917
271.633,69.905
271.650,69.893
271.667,69.879
271.683,69.866
271.700,69.853
271.717,69.839
271.733,69.826
271.750,69.812
271.767,69.799
271.783,69.786
271.800,69.772
271.817,69.759
271.833,69.746
271.850,69.743
271.867,69.743
271.883,69.743
271.900,69.743
271.917,69.700
271.933,69.691
271.950,69.682
271.967,69.674
271.983,69.665
272.000,69.656
272.017,69.647
272.033,69.638
272.050,69.629
272.067,69.620
272.083,69.611
272.100,69.602
272.117,69.594
272.133,69.585
272.150,69.576
272.167,69.567
272.183,69.558
272.200,69.549
272.217,69.539
272.233,69.527
272.250,69.514
272.267,69.502
272.283,69.490
272.300,69.478
272.317,69.465
272.333,69.453
272.350,69.441
272.367,69.429
272.383,69.417
272.400,69.404
272.417,69.395
272.433,69.395
272.450,69.395
272.467,69.395
272.483,69.395
272.500,69.395
272.517,69.395
272.533,69.395
272.550,69.395
272.567,69.395
272.583,69.395
272.600,69.395
272.617,69.395
272.633,69.395
272.650,69.395
272.667,69.395
272.683,69.395
272.700,69.395
272.717,69.395
272.733,69.395
272.750,69.395
272.767,69.395
272.783,69.395
272.800,69.395
272.817,69.309
272.833,69.306
272.850,69.302
272.867,69.299
272.883,69.295
272.900,69.292
272.917,69.288
272.933,69.285
272.950,69.281
272.967,69.278
272.983,69.274
273.000,69.271
273.017,69.267
273.033,69.263
273.050,69.260
273.067,69.256
273.083,69.253
273.100,69.249
273.117,69.246
273.133,69.246
273.150,69.246
273.167,69.246
273.183,69.246
273.200,69.246
273.217,69.246
273.233,69.246
273.250,69.246
273.267,69.246
273.283,69.246
273.300,69.246
273.317,69.246
273.333,69.246
273.350,69.246
273.367,69.246
273.383,69.246
273.400,69.246
273.417,69.246
273.433,69.246
273.450,69.246
273.467,69.246
273.483,69.246
273.500,69.246
273.517,69.246
273.533,69.246
273.550,69.246
273.567,69.246
273.583,69.246
273.600,69.307
273.617,69.310
273.633,69.312
273.650,69.314
273.667,69.316
273.683,69.318
273.700,69.320
273.717,69.322
273.733,69.325
273.750,69.327
273.767,69.329
273.783,69.331
273.800,69.333
273.817,69.335
273.833,69.337
273.850,69.339
273.867,69.342
273.883,69.344
273.900,69.345
273.917,69.345
273.933,69.345
273.950,69.345
273.967,69.345
273.983,69.345
274.000,69.345
274.017,69.345
274.033,69.345
274.050,69.345
274.067,69.345
274.083,69.345
274.100,69.345
274.117,69.345
274.133,69.345
274.150,69.345
274.167,69.345
274.183,69.345
274.200,69.345
274.217,69.345
274.233,69.345
274.250,69.345
274.267,69.345
274.283,69.345
274.300,69.345
274.317,69.345
274.333,69.345
274.350,69.345
274.367,69.345
274.383,69.345
274.400,69.345
274.417,69.345
274.433,69.345
274.450,69.345
274.467,69.345
274.483,69.345
274.500,69.345
274.517,69.345
274.533,69.345
274.550,69.345
274.567,69.345
274.583,69.345
274.600,69.345
274.617,69.345
274.633,69.345
274.650,69.345
274.667,69.345
274.683,69.345
274.700,69.345
274.717,69.345
274.733,69.345
274.750,69.345
274.767,69.345
274.783,69.345
274.800,69.345
274.817,69.345
274.833,69.345
274.850,69.345
274.867,69.345
274.883,69.345
274.900,69.345
274.917,69.345
274.933,69.345
274.950,69.345
274.967,69.345
274.983,69.345
275.000,69.345
275.017,69.345
275.033,69.345
275.050,69.345
275.067,69.345
275.083,69.345
275.100,69.345
275.117,69.345
275.133,69.345
275.150,69.345
275.167,69.345
275.183,69.345
275.200,69.345
275.217,69.345
275.233,69.345
275.250,69.345
275.267,69.345
275.283,69.345
275.300,69.345
275.317,69.345
275.333,69.345
275.350,69.345
275.367,69.345
275.383,69.345
275.400,69.345
275.417,69.345
275.433,69.345
275.450,69.345
275.467,69.345
275.483,69.345
275.500,69.345
275.517,69.345
275.533,69.345
275.550,69.345
275.567,69.345
275.583,69.345
275.600,69.345
275.617,69.345
275.633,69.345
275.650,69.345
275.667,69.345
275.683,69.345
275.700,69.345
275.717,69.345
275.733,69.345
275.750,69.345
275.767,69.345
275.783,69.345
275.800,69.345
275.817,69.345
275.833,69.345
275.850,69.345
275.867,69.345
275.883,69.345
275.900,69.345
275.917,69.345
275.933,69.345
275.950,69.345
275.967,69.345
275.983,69.345
276.000,69.345
276.017,69.345
276.033,69.345
276.050,69.345
276.067,69.345
276.083,69.345
276.100,69.345
276.117,69.345
276.133,69.345
276.150,69.345
276.167,69.345
276.183,69.345
276.200,69.345
276.217,69.345
276.233,69.345
276.250,69.345
276.267,69.345
276.283,69.345
276.300,69.345
276.317,69.345
276.333,69.345
276.350,69.345
276.367,69.345
276.383,69.345
276.400,69.345
276.417,69.345
276.433,69.345
276.450,69.345
276.467,69.345
276.483,69.345
276.500,69.345
276.517,69.345
276.533,69.345
276.550,69.345
276.567,69.345
276.583,69.345
276.600,69.345
276.617,69.345
276.633,69.345
276.650,69.345
276.667,69.345
276.683,69.345
276.700,69.345
276.717,69.345
276.733,69.345
276.750,69.345
276.767,69.345
276.783,69.345
276.800,69.345
276.817,69.345
276.833,69.345
276.850,69.345
276.867,69.345
276.883,69.345
276.900,69.345
276.917,69.345
276.933,69.345
276.950,69.345
276.967,69.345
276.983,69.345
277.000,69.345
277.017,69.345
277.033,69.345
277.050,69.345
277.067,69.345
277.083,69.345
277.100,69.345
277.117,69.345
277.133,69.345
277.150,69.345
277.167,69.345
277.183,69.345
277.200,69.345
277.217,69.345
277.233,69.345
277.250,69.345
277.267,69.345
277.283,69.345
277.300,69.345
277.317,69.345
277.333,69.345
277.350,69.345
277.367,69.345
277.383,69.345
277.400,69.345
277.417,69.345
277.433,69.345
277.450,69.345
277.467,69.345
277.483,69.345
277.500,69.345
277.517,69.345
277.533,69.345
277.550,69.345
277.567,69.345
277.583,69.345
277.600,69.345
277.617,69.345
277.633,69.345
277.650,69.345
277.667,69.345
277.683,69.345
277.700,69.345
277.717,69.345
277.733,69.345
277.750,69.345
277.767,69.345
277.783,69.345
277.800,69.345
277.817,69.345
277.833,69.345
277.850,69.345
277.867,69.345
277.883,69.345
277.900,69.345
277.917,69.345
277.933,69.345
277.950,69.345
277.967,69.345
277.983,69.345
278.000,69.345
278.017,69.345
278.033,69.345
278.050,69.345
278.067,69.345
278.083,69.345
278.100,69.345
278.117,69.345
278.133,69.345
278.150,69.345
278.167,69.345
278.183,69.345
278.200,69.345
278.217,69.345
278.233,69.345
278.250,69.345
278.267,69.345
278.283,69.345
278.300,69.345
278.317,69.345
278.333,69.345
278.350,69.345
278.367,69.345
278.383,69.345
278.400,69.345
278.417,69.252
278.433,69.251
278.450,69.251
278.467,69.251
278.483,69.250
278.500,69.250
278.517,69.250
278.533,69.249
278.550,69.249
278.567,69.249
278.583,69.248
278.600,69.248
278.617,69.248
278.633,69.247
278.650,69.247
278.667,69.246
278.683,69.246
278.700,69.246
278.717,69.246
278.733,69.246
278.750,69.246
278.767,69.246
278.783,69.246
278.800,69.246
278.817,69.246
278.833,69.246
278.850,69.246
278.867,69.246
278.883,69.246
278.900,69.246
278.917,69.246
278.933,69.246
278.950,69.246
278.967,69.246
278.983,69.246
279.000,69.246
279.017,69.246
279.033,69.246
279.050,69.246
279.067,69.246
279.083,69.246
279.100,69.246
279.117,69.246
279.133,69.246
279.150,69.246
279.167,69.246
279.183,69.246
279.200,69.246
279.217,69.246
279.233,69.246
279.250,69.246
279.267,69.246
279.283,69.246
279.300,69.246
279.317,69.246
279.333,69.246
279.350,69.246
279.367,69.246
279.383,69.246
279.400,69.246
279.417,69.246
279.433,69.246
279.450,69.246
279.467,69.246
279.483,69.246
279.500,69.246
279.517,69.246
279.533,69.246
279.550,69.246
279.567,69.246
279.583,69.246
279.600,69.246
279.617,69.246
279.633,69.246
279.650,69.246
279.667,69.246
279.683,69.246
279.700,69.246
279.717,69.246
279.733,69.246
279.750,69.246
279.767,69.246
279.783,69.246
279.800,69.246
279.817,69.246
279.833,69.246
279.850,69.246
279.867,69.246
279.883,69.246
279.900,69.246
279.917,69.246
279.933,69.246
279.950,69.246
279.967,69.246
279.983,69.246
280.000,69.246
280.017,69.246
280.033,69.246
280.050,69.246
280.067,69.246
280.083,69.246
280.100,69.246
280.117,69.246
280.133,69.246
280.150,69.246
280.167,69.246
280.183,69.246
280.200,69.246
280.217,69.246
280.233,69.246
280.250,69.246
280.267,69.246
280.283,69.246
280.300,69.246
280.317,69.246
280.333,69.246
280.350,69.246
280.367,69.246
280.383,69.246
280.400,69.246
280.417,69.246
280.433,69.246
280.450,69.246
280.467,69.246
280.483,69.246
280.500,69.246
280.517,69.246
280.533,69.246
280.550,69.246
280.567,69.246
280.583,69.246
280.600,69.246
280.617,69.246
280.633,69.246
280.650,69.246
280.667,69.246
280.683,69.246
280.700,69.246
280.717,69.246
280.733,69.246
280.750,69.246
280.767,69.246
280.783,69.246
280.800,69.246
280.817,69.246
280.833,69.246
280.850,69.246
280.867,69.246
280.883,69.246
280.900,69.246
280.917,69.246
280.933,69.246
280.950,69.246
280.967,69.246
280.983,69.334
281.000,69.335
281.017,69.335
281.033,69.336
281.050,69.337
281.067,69.337
281.083,69.338
281.100,69.338
281.117,69.339
281.133,69.340
281.150,69.340
281.167,69.341
281.183,69.342
281.200,69.342
281.217,69.343
281.233,69.344
281.250,69.344
281.267,69.345
281.283,69.345
281.300,69.345
281.317,69.345
281.333,69.345
281.350,69.345
281.367,69.345
281.383,69.345
281.400,69.345
281.417,69.345
281.433,69.345
281.450,69.345
281.467,69.345
281.483,69.345
281.500,69.345
281.517,69.345
281.533,69.345
281.550,69.345
281.567,69.345
281.583,69.345
281.600,69.345
281.617,69.345
281.633,69.345
281.650,69.345
281.667,69.345
281.683,69.345
281.700,69.286
281.717,69.284
281.733,69.282
281.750,69.279
281.767,69.277
281.783,69.275
281.800,69.273
281.817,69.270
281.833,69.268
281.850,69.266
281.867,69.264
281.883,69.261
281.900,69.259
281.917,69.257
281.933,69.255
281.950,69.252
281.967,69.250
281.983,69.248
282.000,69.246
282.017,69.255
282.033,69.263
282.050,69.272
282.067,69.280
282.083,69.289
282.100,69.297
282.117,69.306
282.133,69.314
282.150,69.323
282.167,69.332
282.183,69.340
282.200,69.345
282.217,69.345
282.233,69.345
282.250,69.345
282.267,69.345
282.283,69.345
282.300,69.345
282.317,69.345
282.333,69.345
282.350,69.345
282.367,69.345
282.383,69.345
282.400,69.345
282.417,69.345
282.433,69.345
282.450,69.345
282.467,69.345
282.483,69.345
282.500,69.345
282.517,69.345
282.533,69.345
282.550,69.345
282.567,69.345
282.583,69.345
282.600,69.345
282.617,69.345
282.633,69.345
282.650,69.345
282.667,69.345
282.683,69.345
282.700,69.345
282.717,69.345
282.733,69.345
282.750,69.345
282.767,69.345
282.783,69.345
282.800,69.345
282.817,69.345
282.833,69.345
282.850,69.345
282.867,69.345
282.883,69.345
282.900,69.345
282.917,69.345
282.933,69.345
282.950,69.345
282.967,69.345
282.983,69.272
283.000,69.271
283.017,69.269
283.033,69.268
283.050,69.266
283.067,69.265
283.083,69.263
283.100,69.262
283.117,69.260
283.133,69.259
283.150,69.257
283.167,69.255
283.183,69.254
283.200,69.252
283.217,69.251
283.233,69.249
283.250,69.248
283.267,69.246
283.283,69.246
283.300,69.233
283.317,69.226
283.333,69.218
283.350,69.210
283.367,69.202
283.383,69.194
283.400,69.187
283.417,69.179
283.433,69.171
283.450,69.163
283.467,69.156
283.483,69.148
283.500,69.140
283.517,69.132
283.533,69.124
283.550,69.117
283.567,69.109
283.583,69.101
283.600,69.093
283.617,69.084
283.633,69.075
283.650,69.065
283.667,69.056
283.683,69.047
283.700,69.038
283.717,69.029
283.733,69.020
283.750,69.011
283.767,69.002
283.783,68.992
283.800,68.979
283.817,68.967
283.833,68.954
283.850,68.942
283.867,68.929
283.883,68.917
283.900,68.905
283.917,68.892
283.933,68.880
283.950,68.867
283.967,68.855
283.983,68.840
284.000,68.822
284.017,68.803
284.033,68.785
284.050,68.767
284.067,68.748
284.083,68.730
284.100,68.712
284.117,68.693
284.133,68.673
284.150,68.653
284.167,68.632
284.183,68.612
284.200,68.592
284.217,68.572
284.233,68.552
284.250,68.531
284.267,68.510
284.283,68.490
284.300,68.469
284.317,68.448
284.333,68.427
284.350,68.407
284.367,68.386
284.383,68.365
284.400,68.345
284.417,68.324
284.433,68.303
284.450,68.286
284.467,68.270
284.483,68.253
284.500,68.236
284.517,68.220
284.533,68.203
284.550,68.187
284.567,68.170
284.583,68.154
284.600,68.137
284.617,68.120
284.633,68.104
284.650,68.082
284.667,68.059
284.683,68.036
284.700,68.013
284.717,67.989
284.733,67.966
284.750,67.943
284.767,67.920
284.783,67.897
284.800,67.874
284.817,67.852
284.833,67.831
284.850,67.810
284.867,67.790
284.883,67.769
284.900,67.749
284.917,67.728
284.933,67.708
284.950,67.687
284.967,67.666
284.983,67.655
285.000,67.655
285.017,67.655
285.033,67.607
285.050,67.593
285.067,67.580
285.083,67.566
285.100,67.552
285.117,67.538
285.133,67.524
285.150,67.510
285.167,67.496
285.183,67.483
285.200,67.469
285.217,67.455
285.233,67.441
285.250,67.427
285.267,67.413
285.283,67.400
285.300,67.386
285.317,67.372
285.333,67.358
285.350,67.342
285.367,67.325
285.383,67.309
285.400,67.292
285.417,67.275
285.433,67.259
285.450,67.242
285.467,67.226
285.483,67.209
285.500,67.193
285.517,67.176
285.533,67.159
285.550,67.145
285.567,67.131
285.583,67.117
285.600,67.103
285.617,67.089
285.633,67.075
285.650,67.061
285.667,67.047
285.683,67.033
285.700,67.019
285.717,67.004
285.733,66.987
285.750,66.970
285.767,66.954
285.783,66.937
285.800,66.920
285.817,66.904
285.833,66.887
285.850,66.870
285.867,66.853
285.883,66.837
285.900,66.820
285.917,66.804
285.933,66.791
285.950,66.777
285.967,66.764
285.983,66.750
286.000,66.736
286.017,66.723
286.033,66.709
286.050,66.696
286.067,66.682
286.083,66.669
286.100,66.653
286.117,66.634
286.133,66.616
286.150,66.597
286.167,66.578
286.183,66.560
286.200,66.541
286.217,66.523
286.233,66.504
286.250,66.485
286.267,66.467
286.283,66.450
286.300,66.434
286.317,66.418
286.333,66.401
286.350,66.385
286.367,66.369
286.383,66.353
286.400,66.337
286.417,66.321
286.433,66.304
286.450,66.288
286.467,66.272
286.483,66.255
286.500,66.236
286.517,66.217
286.533,66.198
286.550,66.179
286.567,66.160
286.583,66.141
286.600,66.122
286.617,66.103
286.633,66.084
286.650,66.065
286.667,66.047
286.683,66.029
286.700,66.011
286.717,65.993
286.733,65.975
286.750,65.957
286.767,65.939
286.783,65.921
286.800,65.903
286.817,65.885
286.833,65.867
286.850,65.849
286.867,65.830
286.883,65.812
286.900,65.794
286.917,65.775
286.933,65.757
286.950,65.738
286.967,65.720
286.983,65.701
287.000,65.683
287.017,65.665
287.033,65.648
287.050,65.631
287.067,65.614
287.083,65.597
287.100,65.580
287.117,65.563
287.133,65.546
287.150,65.529
287.167,65.512
287.183,65.495
287.200,65.478
287.217,65.468
287.233,65.468
287.250,65.468
287.267,65.468
287.283,65.468
287.300,65.468
287.317,65.468
287.333,65.468
287.350,65.468
287.367,65.468
287.383,65.468
287.400,65.468
287.417,65.264
287.433,65.248
287.450,65.231
287.467,65.215
287.483,65.199
287.500,65.182
287.517,65.166
287.533,65.149
287.550,65.133
287.567,65.117
287.583,65.100
287.600,65.084
287.617,65.067
287.633,65.051
287.650,65.035
287.667,65.018
287.683,65.002
287.700,64.985
287.717,64.968
287.733,64.947
287.750,64.925
287.767,64.904
287.783,64.882
287.800,64.861
287.817,64.839
287.833,64.817
287.850,64.796
287.867,64.774
287.883,64.753
287.900,64.731
287.917,64.715
287.933,64.704
287.950,64.693
287.967,64.682
287.983,64.670
288.000,64.659
288.017,64.648
288.033,64.637
288.050,64.625
288.067,64.607
288.083,64.586
288.100,64.565
288.117,64.545
288.133,64.524
288.150,64.503
288.167,64.483
288.183,64.462
288.200,64.441
288.217,64.420
288.233,64.400
288.250,64.379
288.267,64.360
288.283,64.343
288.300,64.325
288.317,64.307
288.333,64.289
288.350,64.271
288.367,64.253
288.383,64.235
288.400,64.225
288.417,64.225
288.433,64.225
288.450,64.225
288.467,64.225
288.483,64.118
288.500,64.098
288.517,64.079
288.533,64.059
288.550,64.039
288.567,64.019
288.583,64.000
288.600,63.980
288.617,63.960
288.633,63.940
288.650,63.921
288.667,63.901
288.683,63.881
288.700,63.862
288.717,63.842
288.733,63.822
288.750,63.802
288.767,63.783
288.783,63.778
288.800,63.778
288.817,63.778
288.833,63.778
288.850,63.778
288.867,63.666
288.883,63.646
288.900,63.627
288.917,63.607
288.933,63.588
288.950,63.568
288.967,63.549
288.983,63.529
289.000,63.510
289.017,63.491
289.033,63.471
289.050,63.452
289.067,63.432
289.083,63.413
289.100,63.393
289.117,63.374
289.133,63.354
289.150,63.335
289.167,63.320
289.183,63.306
289.200,63.292
289.217,63.279
289.233,63.265
289.250,63.251
289.267,63.237
289.283,63.224
289.300,63.210
289.317,63.196
289.333,63.182
289.350,63.164
289.367,63.145
289.383,63.127
289.400,63.108
289.417,63.089
289.433,63.071
289.450,63.052
289.467,63.033
289.483,63.014
289.500,62.996
289.517,62.982
289.533,62.982
289.550,62.982
289.567,62.929
289.583,62.912
289.600,62.896
289.617,62.880
289.633,62.864
289.650,62.847
289.667,62.831
289.683,62.815
289.700,62.798
289.717,62.782
289.733,62.766
289.750,62.750
289.767,62.733
289.783,62.717
289.800,62.701
289.817,62.684
289.833,62.668
289.850,62.652
289.867,62.636
289.883,62.616
289.900,62.596
289.917,62.576
289.933,62.556
289.950,62.537
289.967,62.517
289.983,62.497
290.000,62.477
290.017,62.457
290.033,62.437
290.050,62.420
290.067,62.404
290.083,62.387
290.100,62.371
290.117,62.354
290.133,62.338
290.150,62.321
290.167,62.304
290.183,62.288
290.200,62.271
290.217,62.255
290.233,62.238
290.250,62.228
290.267,62.219
290.283,62.209
290.300,62.200
290.317,62.190
290.333,62.181
290.350,62.171
290.367,62.162
290.383,62.152
290.400,62.143
290.417,62.131
290.433,62.115
290.450,62.100
290.467,62.085
290.483,62.069
290.500,62.054
290.517,62.038
290.533,62.023
290.550,62.007
290.567,61.992
290.583,61.988
290.600,61.988
290.617,61.988
290.633,61.945
290.650,61.934
290.667,61.922
290.683,61.911
290.700,61.899
290.717,61.888
290.733,61.876
290.750,61.865
290.767,61.853
290.783,61.842
290.800,61.830
290.817,61.819
290.833,61.807
290.850,61.796
290.867,61.784
290.883,61.773
290.900,61.761
290.917,61.750
290.933,61.738
290.950,61.726
290.967,61.714
290.983,61.702
291.000,61.689
291.017,61.677
291.033,61.665
291.050,61.653
291.067,61.640
291.083,61.628
291.100,61.616
291.117,61.604
291.133,61.592
291.150,61.583
291.167,61.574
291.183,61.566
291.200,61.557
291.217,61.548
291.233,61.540
291.250,61.531
291.267,61.523
291.283,61.514
291.300,61.506
291.317,61.497
291.333,61.489
291.350,61.480
291.367,61.471
291.383,61.462
291.400,61.453
291.417,61.444
291.433,61.435
291.450,61.426
291.467,61.417
291.483,61.408
291.500,61.399
291.517,61.390
291.533,61.374
291.550,61.359
291.567,61.343
291.583,61.327
291.600,61.312
291.617,61.296
291.633,61.280
291.650,61.265
291.667,61.249
291.683,61.235
291.700,61.223
291.717,61.210
291.733,61.197
291.750,61.185
291.767,61.172
291.783,61.160
291.800,61.147
291.817,61.134
291.833,61.122
291.850,61.109
291.867,61.096
291.883,61.087
291.900,61.079
291.917,61.070
291.933,61.062
291.950,61.054
291.967,61.046
291.983,61.037
292.000,61.029
292.017,61.021
292.033,61.013
292.050,61.004
292.067,60.996
292.083,60.994
292.100,60.994
292.117,60.974
292.133,60.967
292.150,60.959
292.167,60.952
292.183,60.945
292.200,60.937
292.217,60.930
292.233,60.923
292.250,60.915
292.267,60.908
292.283,60.901
292.300,60.894
292.317,60.886
292.333,60.879
292.350,60.872
292.367,60.864
292.383,60.857
292.400,60.850
292.417,60.842
292.433,60.834
292.450,60.826
292.467,60.817
292.483,60.809
292.500,60.800
292.517,60.792
292.533,60.784
292.550,60.775
292.567,60.767
292.583,60.759
292.600,60.750
292.617,60.745
292.633,60.745
292.650,60.745
292.667,60.745
292.683,60.725
292.700,60.721
292.717,60.716
292.733,60.712
292.750,60.707
292.767,60.703
292.783,60.698
292.800,60.694
292.817,60.689
292.833,60.685
292.850,60.680
292.867,60.676
292.883,60.671
292.900,60.666
292.917,60.662
292.933,60.657
292.950,60.653
292.967,60.648
292.983,60.652
293.000,60.666
293.017,60.680
293.033,60.695
293.050,60.709
293.067,60.723
293.083,60.737
293.100,60.751
293.117,60.766
293.133,60.780
293.150,60.794
293.167,60.822
293.183,60.851
293.200,60.880
293.217,60.909
293.233,60.938
293.250,60.967
293.267,60.996
293.283,61.025
293.300,61.054
293.317,61.083
293.333,61.112
293.350,61.141
293.367,61.143
293.383,61.143
293.400,61.143
293.417,61.143
293.433,61.143
293.450,61.435
293.467,61.485
293.483,61.534
293.500,61.583
293.517,61.632
293.533,61.682
293.550,61.731
293.567,61.780
293.583,61.829
293.600,61.879
293.617,61.928
293.633,61.977
293.650,62.026
293.667,62.075
293.683,62.125
293.700,62.174
293.717,62.223
293.733,62.272
293.750,62.341
293.767,62.417
293.783,62.494
293.800,62.570
293.817,62.646
293.833,62.723
293.850,62.799
293.867,62.875
293.883,62.952
293.900,62.982
293.917,62.982
293.933,62.982
293.950,62.982
293.967,62.982
293.983,63.440
294.000,63.523
294.017,63.605
294.033,63.687
294.050,63.769
294.067,63.851
294.083,63.933
294.100,64.015
294.117,64.097
294.133,64.179
294.150,64.261
294.167,64.343
294.183,64.425
294.200,64.507
294.217,64.589
294.233,64.671
294.250,64.753
294.267,64.835
294.283,64.918
294.300,65.000
294.317,65.083
294.333,65.166
294.350,65.249
294.367,65.332
294.383,65.415
294.400,65.497
294.417,65.580
294.433,65.663
294.450,65.746
294.467,65.766
294.483,65.766
294.500,65.766
294.517,66.114
294.533,66.207
294.550,66.299
294.567,66.392
294.583,66.484
294.600,66.577
294.617,66.669
294.633,66.762
294.650,66.855
294.667,66.947
294.683,67.040
294.700,67.132
294.717,67.225
294.733,67.317
294.750,67.410
294.767,67.503
294.783,67.595
294.800,67.688
294.817,67.754
294.833,67.754
294.850,67.754
294.867,67.754
294.883,67.754
294.900,67.754
294.917,67.754
294.933,67.754
294.950,67.754
294.967,67.754
294.983,67.754
295.000,67.754
295.017,67.754
295.033,67.754
295.050,67.754
295.067,68.205
295.083,68.663
295.100,69.120
295.117,69.459
295.133,69.552
295.150,69.645
295.167,69.739
295.183,69.832
295.200,69.925
295.217,70.018
295.233,70.111
295.250,70.205
295.267,70.298
295.283,70.391
295.300,70.484
295.317,70.578
295.333,70.671
295.350,70.764
295.367,70.787
295.383,70.937
295.400,71.022
295.417,71.108
295.433,71.193
295.450,71.279
295.467,71.364
295.483,71.450
295.500,71.535
295.517,71.620
295.533,71.706
295.550,71.791
295.567,71.877
295.583,71.962
295.600,72.048
295.617,72.133
295.633,72.219
295.650,72.304
295.667,72.389
295.683,72.483
295.700,72.584
295.717,72.626
295.733,72.626
295.750,72.626
295.767,72.626
295.783,72.862
295.800,72.914
295.817,72.966
295.833,73.017
295.850,73.069
295.867,73.121
295.883,73.172
295.900,73.224
295.917,73.275
295.933,73.327
295.950,73.379
295.967,73.430
295.983,73.482
296.000,73.534
296.017,73.585
296.033,73.637
296.050,73.689
296.067,73.740
296.083,73.775
296.100,73.790
296.117,73.804
296.133,73.819
296.150,73.833
296.167,73.847
296.183,73.862
296.200,73.876
296.217,73.890
296.233,73.905
296.250,73.918
296.267,73.905
296.283,73.893
296.300,73.881
296.317,73.868
296.333,73.856
296.350,73.844
296.367,73.831
296.383,73.819
296.400,73.807
296.417,73.795
296.433,73.782
296.450,73.770
296.467,73.743
296.483,73.716
296.500,73.688
296.517,73.661
296.533,73.633
296.550,73.606
296.567,73.579
296.583,73.551
296.600,73.524
296.617,73.496
296.633,73.469
296.650,73.442
296.667,73.414
296.683,73.387
296.700,73.360
296.717,73.333
296.733,73.306
296.750,73.279
296.767,73.251
296.783,73.224
296.800,73.197
296.817,73.169
296.833,73.132
296.850,73.096
296.867,73.059
296.883,73.023
296.900,72.986
296.917,72.950
296.933,72.913
296.950,72.877
296.967,72.831
296.983,72.785
297.000,72.750
297.017,72.719
297.033,72.687
297.050,72.656
297.067,72.624
297.083,72.593
297.100,72.561
297.117,72.530
297.133,72.498
297.150,72.467
297.167,72.435
297.183,72.410
297.200,72.387
297.217,72.364
297.233,72.341
297.250,72.318
297.267,72.295
297.283,72.272
297.300,72.249
297.317,72.226
297.333,72.203
297.350,72.180
297.367,72.178
297.383,72.178
297.400,72.178
297.417,72.178
297.433,72.178
297.450,72.178
297.467,72.178
297.483,72.178
297.500,72.178
297.517,72.178
297.533,72.178
297.550,72.178
297.567,72.178
297.583,72.178
297.600,72.178
297.617,72.178
297.633,72.178
297.650,72.426
297.667,72.440
297.683,72.454
297.700,72.468
297.717,72.481
297.733,72.495
297.750,72.509
297.767,72.523
297.783,72.537
297.800,72.550
297.817,72.564
297.833,72.578
297.850,72.592
297.867,72.606
297.883,72.619
297.900,72.633
297.917,72.647
297.933,72.661
297.950,72.675
297.967,72.735
297.983,72.797
298.000,72.860
298.017,72.923
298.033,72.986
298.050,73.048
298.067,73.111
298.083,73.174
298.100,73.237
298.117,73.299
298.133,73.362
298.150,73.426
298.167,73.498
298.183,73.571
298.200,73.644
298.217,73.717
298.233,73.790
298.250,73.863
298.267,73.936
298.283,74.017
298.300,74.099
298.317,74.173
298.333,74.248
298.350,74.322
298.367,74.397
298.383,74.472
298.400,74.546
298.417,74.621
298.433,74.695
298.450,74.770
298.467,74.844
298.483,74.919
298.500,74.990
298.517,75.056
298.533,75.123
298.550,75.189
298.567,75.255
298.583,75.321
298.600,75.380
298.617,75.426
298.633,75.473
298.650,75.516
298.667,75.547
298.683,75.578
298.700,75.608
298.717,75.639
298.733,75.670
298.750,75.700
298.767,75.731
298.783,75.762
298.800,75.793
298.817,75.823
298.833,75.854
298.850,75.857
298.867,75.857
298.883,75.857
298.900,75.857
298.917,75.857
298.933,75.857
298.950,75.857
298.967,75.857
298.983,75.857
299.000,75.857
299.017,75.857
299.033,75.719
299.050,75.707
299.067,75.696
299.083,75.684
299.100,75.673
299.117,75.661
299.133,75.649
299.150,75.638
299.167,75.626
299.183,75.615
299.200,75.603
299.217,75.591
299.233,75.580
299.250,75.568
299.267,75.557
299.283,75.545
299.300,75.533
299.317,75.522
299.333,75.510
299.350,75.475
299.367,75.437
299.383,75.399
299.400,75.361
299.417,75.324
299.433,75.286
299.450,75.248
299.467,75.210
299.483,75.172
299.500,75.134
299.517,75.097
299.533,75.059
299.550,75.021
299.567,74.983
299.583,74.944
299.600,74.906
299.617,74.867
299.633,74.828
299.650,74.790
299.667,74.751
299.683,74.713
299.700,74.674
299.717,74.636
299.733,74.597
299.750,74.557
299.767,74.517
299.783,74.477
299.800,74.437
299.817,74.397
299.833,74.357
299.850,74.317
299.867,74.277
299.883,74.229
299.900,74.180
299.917,74.130
299.933,74.080
299.950,74.031
299.967,73.981
299.983,73.931
300.000,73.882
300.017,73.832
300.033,73.782
300.050,73.732
300.067,73.683
300.083,73.642
300.100,73.606
300.117,73.569
300.133,73.532
300.150,73.495
300.167,73.458
300.183,73.422
300.200,73.385
300.217,73.348
300.233,73.311
300.250,73.274
300.267,73.246
300.283,73.219
300.300,73.191
300.317,73.164
300.333,73.136
300.350,73.109
300.367,73.081
300.383,73.054
300.400,73.027
300.417,72.999
300.433,72.973
300.450,72.961
300.467,72.948
300.483,72.936
300.500,72.924
300.517,72.912
300.533,72.899
300.550,72.887
300.567,72.875
300.583,72.863
300.600,72.850
300.617,72.838
300.633,72.826
300.650,72.825
300.667,72.825
300.683,72.889
300.700,72.911
300.717,72.933
300.733,72.956
300.750,72.978
300.767,73.000
300.783,73.022
300.800,73.044
300.817,73.067
300.833,73.089
300.850,73.111
300.867,73.133
300.883,73.155
300.900,73.178
300.917,73.200
300.933,73.222
300.950,73.244
300.967,73.266
300.983,73.321
301.000,73.387
301.017,73.452
301.033,73.517
301.050,73.582
301.067,73.647
301.083,73.712
301.100,73.777
301.117,73.843
301.133,73.908
301.150,73.973
301.167,74.038
301.183,74.103
301.200,74.179
301.217,74.259
301.233,74.339
301.250,74.419
301.267,74.498
301.283,74.578
301.300,74.658
301.317,74.738
301.333,74.817
301.350,74.897
301.367,74.977
301.383,75.047
301.400,75.111
301.417,75.175
301.433,75.238
301.450,75.302
301.467,75.365
301.483,75.429
301.500,75.492
301.517,75.556
301.533,75.619
301.550,75.683
301.567,75.746
301.583,75.810
301.600,75.873
301.617,75.937
301.633,76.000
301.650,76.064
301.667,76.127
301.683,76.181
301.700,76.227
301.717,76.265
301.733,76.291
301.750,76.316
301.767,76.342
301.783,76.368
301.800,76.394
301.817,76.419
301.833,76.445
301.850,76.471
301.867,76.497
301.883,76.503
301.900,76.503
301.917,76.503
301.933,76.503
301.950,76.462
301.967,76.453
301.983,76.444
302.000,76.435
302.017,76.427
302.033,76.418
302.050,76.409
302.067,76.400
302.083,76.392
302.100,76.383
302.117,76.374
302.133,76.365
302.150,76.356
302.167,76.348
302.183,76.339
302.200,76.330
302.217,76.321
302.233,76.313
302.250,76.302
302.267,76.261
302.283,76.220
302.300,76.179
302.317,76.138
302.333,76.097
302.350,76.056
302.367,76.015
302.383,75.974
302.400,75.933
302.417,75.892
302.433,75.851
302.450,75.810
302.467,75.768
302.483,75.726
302.500,75.685
302.517,75.643
302.533,75.601
302.550,75.560
302.567,75.518
302.583,75.476
302.600,75.435
302.617,75.410
302.633,75.410
302.650,75.410
302.667,75.410
302.683,75.208
302.700,75.162
302.717,75.116
302.733,75.070
302.750,75.024
302.767,74.978
302.783,74.932
302.800,74.886
302.817,74.840
302.833,74.795
302.850,74.749
302.867,74.703
302.883,74.657
302.900,74.611
302.917,74.565
302.933,74.519
302.950,74.473
302.967,74.427
302.983,74.388
303.000,74.351
303.017,74.315
303.033,74.278
303.050,74.241
303.067,74.205
303.083,74.168
303.100,74.131
303.117,74.094
303.133,74.058
303.150,74.021
303.167,73.984
303.183,73.951
303.200,73.921
303.217,73.891
303.233,73.862
303.250,73.832
303.267,73.802
303.283,73.772
303.300,73.742
303.317,73.712
303.333,73.682
303.350,73.652
303.367,73.622
303.383,73.601
303.400,73.581
303.417,73.560
303.433,73.539
303.450,73.519
303.467,73.498
303.483,73.478
303.500,73.457
303.517,73.436
303.533,73.418
303.550,73.406
303.567,73.395
303.583,73.383
303.600,73.371
303.617,73.360
303.633,73.348
303.650,73.336
303.667,73.325
303.683,73.322
303.700,73.322
303.717,73.322
303.733,73.322
303.750,73.280
303.767,73.272
303.783,73.263
303.800,73.254
303.817,73.246
303.833,73.237
303.850,73.228
303.867,73.219
303.883,73.211
303.900,73.202
303.917,73.193
303.933,73.185
303.950,73.176
303.967,73.167
303.983,73.158
304.000,73.150
304.017,73.141
304.033,73.132
304.050,73.123
304.067,73.123
304.083,73.123
304.100,73.123
304.117,73.105
304.133,73.100
304.150,73.096
304.167,73.091
304.183,73.086
304.200,73.082
304.217,73.077
304.233,73.073
304.250,73.068
304.267,73.064
304.283,73.059
304.300,73.054
304.317,73.050
304.333,73.045
304.350,73.041
304.367,73.036
304.383,73.031
304.400,73.027
304.417,73.024
304.433,73.024
304.450,73.024
304.467,73.024
304.483,73.024
304.500,73.024
304.517,72.997
304.533,72.993
304.550,72.989
304.567,72.985
304.583,72.981
304.600,72.977
304.617,72.972
304.633,72.968
304.650,72.964
304.667,72.960
304.683,72.956
304.700,72.952
304.717,72.947
304.733,72.943
304.750,72.939
304.767,72.935
304.783,72.931
304.800,72.927
304.817,72.924
304.833,72.924
304.850,72.924
304.867,72.924
304.883,72.924
304.900,72.924
304.917,72.924
304.933,72.924
304.950,72.924
304.967,72.924
304.983,72.924
305.000,72.924
305.017,72.924
305.033,72.924
305.050,72.924
305.067,72.924
305.083,72.924
305.100,72.924
305.117,72.924
305.133,72.924
305.150,72.924
305.167,72.924
305.183,72.924
305.200,72.924
305.217,72.924
305.233,72.924
305.250,72.924
305.267,72.924
305.283,72.924
305.300,72.924
305.317,72.924
305.333,72.924
305.350,72.924
305.367,72.924
305.383,72.924
305.400,72.924
305.417,72.924
305.433,72.924
305.450,72.924
305.467,72.924
305.483,72.924
305.500,72.924
305.517,72.924
305.533,72.924
305.550,72.924
305.567,72.924
305.583,72.852
305.600,72.850
305.617,72.849
305.633,72.847
305.650,72.846
305.667,72.844
305.683,72.842
305.700,72.841
305.717,72.839
305.733,72.838
305.750,72.836
305.767,72.835
305.783,72.833
305.800,72.832
305.817,72.830
305.833,72.828
305.850,72.827
305.867,72.825
305.883,72.825
305.900,72.825
305.917,72.825
305.933,72.825
305.950,72.825
305.967,72.825
305.983,72.825
306.000,72.825
306.017,72.825
306.033,72.825
306.050,72.825
306.067,72.825
306.083,72.825
306.100,72.825
306.117,72.735
306.133,72.728
306.150,72.722
306.167,72.716
306.183,72.710
306.200,72.704
306.217,72.698
306.233,72.691
306.250,72.685
306.267,72.679
306.283,72.673
306.300,72.667
306.317,72.660
306.333,72.654
306.350,72.648
306.367,72.642
306.383,72.636
306.400,72.630
306.417,72.626
306.433,72.626
306.450,72.626
306.467,72.626
306.483,72.606
306.500,72.601
306.517,72.597
306.533,72.592
306.550,72.588
306.567,72.583
306.583,72.578
306.600,72.574
306.617,72.569
306.633,72.565
306.650,72.560
306.667,72.556
306.683,72.551
306.700,72.547
306.717,72.542
306.733,72.538
306.750,72.533
306.767,72.528
306.783,72.526
306.800,72.526
306.817,72.526
306.833,72.526
306.850,72.526
306.867,72.526
306.883,72.526
306.900,72.496
306.917,72.492
306.933,72.488
306.950,72.484
306.967,72.480
306.983,72.476
307.000,72.472
307.017,72.468
307.033,72.464
307.050,72.460
307.067,72.456
307.083,72.452
307.100,72.448
307.117,72.444
307.133,72.440
307.150,72.435
307.167,72.431
307.183,72.427
307.200,72.427
307.217,72.427
307.233,72.427
307.250,72.427
307.267,72.427
307.283,72.427
307.300,72.427
307.317,72.427
307.333,72.427
307.350,72.427
307.367,72.427
307.383,72.427
307.400,72.427
307.417,72.427
307.433,72.427
307.450,72.427
307.467,72.427
307.483,72.427
307.500,72.427
307.517,72.427
307.533,72.427
307.550,72.427
307.567,72.427
307.583,72.427
307.600,72.427
307.617,72.427
307.633,72.427
307.650,72.427
307.667,72.427
307.683,72.427
307.700,72.427
307.717,72.427
307.733,72.427
307.750,72.427
307.767,72.427
307.783,72.427
307.800,72.427
307.817,72.427
307.833,72.427
307.850,72.427
307.867,72.427
307.883,72.427
307.900,72.427
307.917,72.427
307.933,72.427
307.950,72.427
307.967,72.427
307.983,72.427
308.000,72.427
308.017,72.427
308.033,72.427
308.050,72.427
308.067,72.427
308.083,72.427
308.100,72.427
308.117,72.427
308.133,72.427
308.150,72.427
308.167,72.427
308.183,72.427
308.200,72.427
308.217,72.427
308.233,72.427
308.250,72.427
308.267,72.427
308.283,72.427
308.300,72.427
308.317,72.427
308.333,72.427
308.350,72.427
308.367,72.427
308.383,72.427
308.400,72.427
308.417,72.427
308.433,72.427
308.450,72.427
308.467,72.427
308.483,72.427
308.500,72.427
308.517,72.427
308.533,72.427
308.550,72.427
308.567,72.427
308.583,72.427
308.600,72.427
308.617,72.427
308.633,72.427
308.650,72.427
308.667,72.427
308.683,72.427
308.700,72.427
308.717,72.427
308.733,72.427
308.750,72.427
308.767,72.427
308.783,72.427
308.800,72.427
308.817,72.427
308.833,72.427
308.850,72.300
308.867,72.299
308.883,72.298
308.900,72.297
308.917,72.295
308.933,72.294
308.950,72.293
308.967,72.292
308.983,72.290
309.000,72.289
309.017,72.288
309.033,72.286
309.050,72.285
309.067,72.284
309.083,72.283
309.100,72.281
309.117,72.280
309.133,72.279
309.150,72.278
309.167,72.278
309.183,72.278
309.200,72.278
309.217,72.278
309.233,72.278
309.250,72.278
309.267,72.278
309.283,72.278
309.300,72.278
309.317,72.278
309.333,72.278
309.350,72.278
309.367,72.278
309.383,72.278
309.400,72.278
309.417,72.278
309.433,72.278
309.450,72.278
309.467,72.278
309.483,72.278
309.500,72.278
309.517,72.278
309.533,72.278
309.550,72.278
309.567,72.278
309.583,72.278
309.600,72.278
309.617,72.216
309.633,72.214
309.650,72.212
309.667,72.210
309.683,72.207
309.700,72.205
309.717,72.203
309.733,72.201
309.750,72.199
309.767,72.196
309.783,72.194
309.800,72.192
309.817,72.190
309.833,72.188
309.850,72.186
309.867,72.183
309.883,72.181
309.900,72.179
309.917,72.178
309.933,72.178
309.950,72.178
309.967,72.178
309.983,72.178
310.000,72.178
310.017,72.178
310.033,72.178
310.050,72.178
310.067,72.178
310.083,72.178
310.100,72.178
310.117,72.178
310.133,72.178
310.150,72.178
310.167,72.178
310.183,72.178
310.200,72.178
310.217,72.178
310.233,72.178
310.250,72.178
310.267,72.178
310.283,72.178
310.300,72.178
310.317,72.178
310.333,72.178
310.350,72.178
310.367,72.178
310.383,72.178
310.400,72.178
310.417,72.178
310.433,72.178
310.450,72.178
310.467,72.178
310.483,72.112
310.500,72.110
310.517,72.108
310.533,72.106
310.550,72.104
310.567,72.102
310.583,72.101
310.600,72.099
310.617,72.097
310.633,72.095
310.650,72.093
310.667,72.091
310.683,72.089
310.700,72.087
310.717,72.085
310.733,72.083
310.750,72.081
310.767,72.080
310.783,72.079
310.800,72.079
310.817,72.066
310.833,72.061
310.850,72.056
310.867,72.051
310.883,72.046
310.900,72.041
310.917,72.036
310.933,72.031
310.950,72.027
310.967,72.022
310.983,72.017
311.000,72.012
311.017,72.007
311.033,72.002
311.050,71.997
311.067,71.992
311.083,71.987
311.100,71.983
311.117,71.980
311.133,71.980
311.150,71.980
311.167,71.980
311.183,71.980
311.200,71.980
311.217,71.980
311.233,71.980
311.250,71.980
311.267,71.980
311.283,71.980
311.300,71.980
311.317,71.980
311.333,71.980
311.350,71.980
311.367,71.980
311.383,71.980
311.400,71.980
311.417,71.980
311.433,71.980
311.450,71.980
311.467,71.980
311.483,71.980
311.500,71.980
311.517,71.980
311.533,71.980
311.550,71.980
311.567,71.980
311.583,71.918
311.600,71.916
311.617,71.913
311.633,71.911
311.650,71.909
311.667,71.907
311.683,71.905
311.700,71.903
311.717,71.900
311.733,71.898
311.750,71.896
311.767,71.894
311.783,71.892
311.800,71.889
311.817,71.887
311.833,71.885
311.850,71.883
311.867,71.881
311.883,71.880
311.900,71.880
311.917,71.880
311.933,71.880
311.950,71.859
311.967,71.855
311.983,71.851
312.000,71.846
312.017,71.842
312.033,71.838
312.050,71.833
312.067,71.829
312.083,71.824
312.100,71.820
312.117,71.816
312.133,71.811
312.150,71.807
312.167,71.802
312.183,71.798
312.200,71.794
312.217,71.789
312.233,71.785
312.250,71.781
312.267,71.781
312.283,71.781
312.300,71.781
312.317,71.781
312.333,71.781
312.350,71.781
312.367,71.781
312.383,71.781
312.400,71.781
312.417,71.781
312.433,71.781
312.450,71.781
312.467,71.781
312.483,71.781
312.500,71.781
312.517,71.733
312.533,71.730
312.550,71.727
312.567,71.724
312.583,71.722
312.600,71.719
312.617,71.716
312.633,71.713
312.650,71.710
312.667,71.707
312.683,71.704
312.700,71.701
312.717,71.698
312.733,71.695
312.750,71.692
312.767,71.689
312.783,71.686
312.800,71.683
312.817,71.681
312.833,71.681
312.850,71.681
312.867,71.681
312.883,71.681
312.900,71.681
312.917,71.681
312.933,71.681
312.950,71.681
312.967,71.681
312.983,71.681
313.000,71.681
313.017,71.681
313.033,71.681
313.050,71.681
313.067,71.681
313.083,71.681
313.100,71.632
313.117,71.629
313.133,71.626
313.150,71.623
313.167,71.621
313.183,71.618
313.200,71.615
313.217,71.612
313.233,71.609
313.250,71.606
313.267,71.603
313.283,71.601
313.300,71.598
313.317,71.595
313.333,71.592
313.350,71.589
313.367,71.586
313.383,71.584
313.400,71.582
313.417,71.582
313.433,71.582
313.450,71.582
313.467,71.582
313.483,71.582
313.500,71.582
313.517,71.582
313.533,71.582
313.550,71.582
313.567,71.582
313.583,71.582
313.600,71.582
313.617,71.582
313.633,71.582
313.650,71.582
313.667,71.582
313.683,71.582
313.700,71.582
313.717,71.582
313.733,71.582
313.750,71.582
313.767,71.582
313.783,71.582
313.800,71.582
313.817,71.582
313.833,71.582
313.850,71.582
313.867,71.582
313.883,71.582
313.900,71.582
313.917,71.582
313.933,71.582
313.950,71.582
313.967,71.582
313.983,71.582
314.000,71.582
314.017,71.582
314.033,71.582
314.050,71.582
314.067,71.582
314.083,71.582
314.100,71.582
314.117,71.582
314.133,71.582
314.150,71.582
314.167,71.582
314.183,71.582
314.200,71.582
314.217,71.582
314.233,71.582
314.250,71.582
314.267,71.582
314.283,71.582
314.300,71.582
314.317,71.582
314.333,71.582
314.350,71.582
314.367,71.582
314.383,71.582
314.400,71.582
314.417,71.582
314.433,71.582
314.450,71.582
314.467,71.582
314.483,71.582
314.500,71.582
314.517,71.582
314.533,71.582
314.550,71.582
314.567,71.582
314.583,71.582
314.600,71.582
314.617,71.582
314.633,71.582
314.650,71.582
314.667,71.582
314.683,71.582
314.700,71.582
314.717,71.582
314.733,71.582
314.750,71.582
314.767,71.582
314.783,71.582
314.800,71.582
314.817,71.582
314.833,71.582
314.850,71.582
314.867,71.582
314.883,71.582
314.900,71.582
314.917,71.582
314.933,71.582
314.950,71.582
314.967,71.582
314.983,71.582
315.000,71.582
315.017,71.582
315.033,71.582
315.050,71.582
315.067,71.582
315.083,71.582
315.100,71.582
315.117,71.582
315.133,71.582
315.150,71.582
315.167,71.582
315.183,71.582
315.200,71.582
315.217,71.582
315.233,71.582
315.250,71.582
315.267,71.582
315.283,71.582
315.300,71.582
315.317,71.496
315.333,71.495
315.350,71.494
315.367,71.493
315.383,71.493
315.400,71.492
315.417,71.491
315.433,71.490
315.450,71.490
315.467,71.489
315.483,71.488
315.500,71.487
315.517,71.487
315.533,71.486
315.550,71.485
315.567,71.484
315.583,71.484
315.600,71.483
315.617,71.483
315.633,71.483
315.650,71.483
315.667,71.483
315.683,71.483
315.700,71.483
315.717,71.483
315.733,71.483
315.750,71.483
315.767,71.483
315.783,71.483
315.800,71.483
315.817,71.483
315.833,71.483
315.850,71.483
315.867,71.483
315.883,71.483
315.900,71.483
315.917,71.483
315.933,71.483
315.950,71.483
315.967,71.483
315.983,71.483
316.000,71.483
316.017,71.483
316.033,71.483
316.050,71.483
316.067,71.483
316.083,71.483
316.100,71.483
316.117,71.483
316.133,71.483
316.150,71.483
316.167,71.483
316.183,71.483
316.200,71.483
316.217,71.483
316.233,71.483
316.250,71.483
316.267,71.483
316.283,71.483
316.300,71.483
316.317,71.483
316.333,71.483
316.350,71.483
316.367,71.483
316.383,71.483
316.400,71.483
316.417,71.483
316.433,71.483
316.450,71.483
316.467,71.483
316.483,71.483
316.500,71.483
316.517,71.483
316.533,71.483
316.550,71.483
316.567,71.483
316.583,71.483
316.600,71.483
316.617,71.406
316.633,71.404
316.650,71.403
316.667,71.402
316.683,71.400
316.700,71.399
316.717,71.398
316.733,71.397
316.750,71.395
316.767,71.394
316.783,71.393
316.800,71.392
316.817,71.390
316.833,71.389
316.850,71.388
316.867,71.386
316.883,71.385
316.900,71.384
316.917,71.383
316.933,71.383
316.950,71.383
316.967,71.383
316.983,71.383
317.000,71.383
317.017,71.383
317.033,71.383
317.050,71.383
317.067,71.383
317.083,71.383
317.100,71.383
317.117,71.383
317.133,71.383
317.150,71.383
317.167,71.383
317.183,71.383
317.200,71.383
317.217,71.383
317.233,71.383
317.250,71.383
317.267,71.383
317.283,71.383
317.300,71.383
317.317,71.325
317.333,71.323
317.350,71.321
317.367,71.318
317.383,71.316
317.400,71.314
317.417,71.311
317.433,71.309
317.450,71.306
317.467,71.304
317.483,71.302
317.500,71.299
317.517,71.297
317.533,71.295
317.550,71.292
317.567,71.290
317.583,71.287
317.600,71.285
317.617,71.284
317.633,71.284
317.650,71.284
317.667,71.284
317.683,71.284
317.700,71.284
317.717,71.284
317.733,71.284
317.750,71.284
317.767,71.284
317.783,71.284
317.800,71.284
317.817,71.284
317.833,71.284
317.850,71.284
317.867,71.284
317.883,71.284
317.900,71.284
317.917,71.284
317.933,71.284
317.950,71.284
317.967,71.284
317.983,71.284
318.000,71.284
318.017,71.284
318.033,71.284
318.050,71.224
318.067,71.222
318.083,71.220
318.100,71.217
318.117,71.215
318.133,71.213
318.150,71.211
318.167,71.208
318.183,71.206
318.200,71.204
318.217,71.202
318.233,71.199
318.250,71.197
318.267,71.195
318.283,71.193
318.300,71.190
318.317,71.188
318.333,71.186
318.350,71.184
318.367,71.184
318.383,71.184
318.400,71.184
318.417,71.184
318.433,71.184
318.450,71.184
318.467,71.184
318.483,71.184
318.500,71.184
318.517,71.184
318.533,71.184
318.550,71.184
318.567,71.184
318.583,71.184
318.600,71.184
318.617,71.184
318.633,71.184
318.650,71.184
318.667,71.184
318.683,71.184
318.700,71.184
318.717,71.184
318.733,71.184
318.750,71.184
318.767,71.184
318.783,71.184
318.800,71.184
318.817,71.184
318.833,71.184
318.850,71.184
318.867,71.184
318.883,71.184
318.900,71.184
318.917,71.184
318.933,71.184
318.950,71.184
318.967,71.184
318.983,71.184
319.000,71.115
319.017,71.114
319.033,71.112
319.050,71.110
319.067,71.108
319.083,71.107
319.100,71.105
319.117,71.103
319.133,71.101
319.150,71.100
319.167,71.098
319.183,71.096
319.200,71.094
319.217,71.093
319.233,71.091
319.250,71.089
319.267,71.087
319.283,71.086
319.300,71.085
319.317,71.085
319.333,71.085
319.350,71.085
319.367,71.085
319.383,71.085
319.400,71.085
319.417,71.085
319.433,71.085
319.450,71.085
319.467,71.085
319.483,71.085
319.500,71.085
319.517,71.085
319.533,71.085
319.550,71.085
319.567,71.085
319.583,71.085
319.600,71.085
319.617,71.085
319.633,71.085
319.650,71.085
319.667,71.085
319.683,71.085
319.700,71.085
319.717,71.085
319.733,71.085
319.750,71.085
319.767,71.085
319.783,71.085
319.800,71.085
319.817,71.085
319.833,71.085
319.850,71.085
319.867,71.085
319.883,71.085
319.900,71.085
319.917,71.017
319.933,71.015
319.950,71.014
319.967,71.012
319.983,71.010
320.000,71.008
320.017,71.006
320.033,71.005
320.050,71.003
320.067,71.001
320.083,70.999
320.100,70.997
320.117,70.996
320.133,70.994
320.150,70.992
320.167,70.990
320.183,70.988
320.200,70.987
320.217,70.985
320.233,70.985
320.250,70.985
320.267,70.985
320.283,70.985
320.300,70.985
320.317,70.985
320.333,70.985
320.350,70.985
320.367,70.985
320.383,70.985
320.400,70.985
320.417,70.985
320.433,70.985
320.450,70.985
320.467,70.985
320.483,70.985
320.500,70.985
320.517,70.985
320.533,70.985
320.550,70.985
320.567,70.985
320.583,70.985
320.600,70.985
320.617,70.985
320.633,70.985
320.650,70.985
320.667,70.985
320.683,70.985
320.700,70.985
320.717,70.985
320.733,70.985
320.750,70.985
320.767,70.985
320.783,70.985
320.800,70.985
320.817,70.985
320.833,70.985
320.850,70.985
320.867,70.985
320.883,70.985
320.900,70.985
320.917,70.985
320.933,70.985
320.950,70.985
320.967,70.985
320.983,70.985
321.000,70.985
321.017,70.985
321.033,70.985
321.050,70.985
321.067,70.985
321.083,70.985
321.100,70.985
321.117,70.985
321.133,70.985
321.150,70.985
321.167,70.985
321.183,70.985
321.200,70.985
321.217,70.985
321.233,70.985
321.250,70.985
321.267,70.908
321.283,70.907
321.300,70.906
321.317,70.904
321.333,70.903
321.350,70.902
321.367,70.901
321.383,70.900
321.400,70.898
321.417,70.897
321.433,70.896
321.450,70.895
321.467,70.893
321.483,70.892
321.500,70.891
321.517,70.890
321.533,70.889
321.550,70.887
321.567,70.886
321.583,70.886
321.600,70.886
321.617,70.886
321.633,70.886
321.650,70.886
321.667,70.886
321.683,70.886
321.700,70.886
321.717,70.886
321.733,70.886
321.750,70.886
321.767,70.886
321.783,70.886
321.800,70.886
321.817,70.886
321.833,70.886
321.850,70.886
321.867,70.886
321.883,70.886
321.900,70.886
321.917,70.886
321.933,70.886
321.950,70.886
321.967,70.886
321.983,70.886
322.000,70.886
322.017,70.886
322.033,70.886
322.050,70.886
322.067,70.886
322.083,70.886
322.100,70.886
322.117,70.886
322.133,70.886
322.150,70.886
322.167,70.886
322.183,70.886
322.200,70.886
322.217,70.886
322.233,70.886
322.250,70.886
322.267,70.886
322.283,70.886
322.300,70.886
322.317,70.886
322.333,70.886
322.350,70.886
322.367,70.886
322.383,70.886
322.400,70.886
322.417,70.886
322.433,70.886
322.450,70.886
322.467,70.886
322.483,70.886
322.500,70.886
322.517,70.886
322.533,70.886
322.550,70.886
322.567,70.886
322.583,70.886
322.600,70.886
322.617,70.886
322.633,70.886
322.650,70.886
322.667,70.886
322.683,70.886
322.700,70.886
322.717,70.886
322.733,70.886
322.750,70.886
322.767,70.886
322.783,70.886
322.800,70.886
322.817,70.886
322.833,70.886
322.850,70.886
322.867,70.886
322.883,70.886
322.900,70.886
322.917,70.968
322.933,70.969
322.950,70.970
322.967,70.971
322.983,70.972
323.000,70.973
323.017,70.974
323.033,70.975
323.050,70.976
323.067,70.977
323.083,70.978
323.100,70.979
323.117,70.980
323.133,70.981
323.150,70.982
323.167,70.983
323.183,70.984
323.200,70.985
323.217,70.985
323.233,70.985
323.250,70.985
323.267,70.985
323.283,70.985
323.300,70.985
323.317,70.985
323.333,70.985
323.350,70.985
323.367,70.985
323.383,70.985
323.400,70.985
323.417,70.985
323.433,70.985
323.450,71.030
323.467,71.033
323.483,71.036
323.500,71.039
323.517,71.042
323.533,71.045
323.550,71.048
323.567,71.051
323.583,71.055
323.600,71.058
323.617,71.061
323.633,71.064
323.650,71.067
323.667,71.070
323.683,71.073
323.700,71.076
323.717,71.079
323.733,71.082
323.750,71.085
323.767,71.085
323.783,71.085
323.800,71.085
323.817,71.085
323.833,71.085
323.850,71.085
323.867,71.085
323.883,71.085
323.900,71.085
323.917,71.085
323.933,71.085
323.950,71.085
323.967,71.085
323.983,71.085
324.000,71.085
324.017,71.085
324.033,71.085
324.050,71.085
324.067,71.085
324.083,71.085
324.100,71.085
324.117,71.085
324.133,71.085
324.150,71.085
324.167,71.085
324.183,71.085
324.200,71.085
324.217,71.085
324.233,71.085
324.250,71.085
324.267,71.085
324.283,71.085
324.300,71.085
324.317,71.085
324.333,71.085
324.350,71.085
324.367,71.085
324.383,71.085
324.400,71.085
324.417,71.085
324.433,71.085
324.450,71.085
324.467,71.085
324.483,71.085
324.500,71.085
324.517,71.085
324.533,71.085
324.550,71.085
324.567,71.085
324.583,71.085
324.600,71.196
324.617,71.199
324.633,71.201
324.650,71.203
324.667,71.205
324.683,71.207
324.700,71.209
324.717,71.212
324.733,71.214
324.750,71.216
324.767,71.218
324.783,71.220
324.800,71.222
324.817,71.225
324.833,71.227
324.850,71.229
324.867,71.231
324.883,71.233
324.900,71.234
324.917,71.234
324.933,71.234
324.950,71.234
324.967,71.255
324.983,71.259
325.000,71.263
325.017,71.268
325.033,71.272
325.050,71.276
325.067,71.281
325.083,71.285
325.100,71.289
325.117,71.294
325.133,71.298
325.150,71.303
325.167,71.307
325.183,71.311
325.200,71.316
325.217,71.320
325.233,71.324
325.250,71.329
325.267,71.333
325.283,71.333
325.300,71.333
325.317,71.333
325.333,71.333
325.350,71.333
325.367,71.333
325.383,71.333
325.400,71.333
325.417,71.333
325.433,71.333
325.450,71.333
325.467,71.333
325.483,71.333
325.500,71.333
325.517,71.379
325.533,71.382
325.550,71.385
325.567,71.388
325.583,71.391
325.600,71.394
325.617,71.397
325.633,71.400
325.650,71.403
325.667,71.407
325.683,71.410
325.700,71.413
325.717,71.416
325.733,71.419
325.750,71.422
325.767,71.425
325.783,71.428
325.800,71.431
325.817,71.436
325.833,71.444
325.850,71.451
325.867,71.459
325.883,71.467
325.900,71.474
325.917,71.482
325.933,71.490
325.950,71.497
325.967,71.505
325.983,71.513
326.000,71.520
326.017,71.528
326.033,71.532
326.050,71.532
326.067,71.532
326.083,71.532
326.100,71.532
326.117,71.532
326.133,71.532
326.150,71.532
326.167,71.532
326.183,71.532
326.200,71.532
326.217,71.532
326.233,71.532
326.250,71.532
326.267,71.532
326.283,71.532
326.300,71.532
326.317,71.532
326.333,71.532
326.350,71.532
326.367,71.532
326.383,71.532
326.400,71.532
326.417,71.532
326.433,71.532
326.450,71.532
326.467,71.532
326.483,71.532
326.500,71.532
326.517,71.532
326.533,71.532
326.550,71.532
326.567,71.532
326.583,71.532
326.600,71.532
326.617,71.532
326.633,71.532
326.650,71.532
326.667,71.532
326.683,71.532
326.700,71.532
326.717,71.532
326.733,71.532
326.750,71.532
326.767,71.532
326.783,71.532
326.800,71.532
326.817,71.532
326.833,71.532
326.850,71.532
326.867,71.532
326.883,71.532
326.900,71.532
326.917,71.532
326.933,71.532
326.950,71.532
326.967,71.532
326.983,71.532
327.000,71.532
327.017,71.532
327.033,71.532
327.050,71.532
327.067,71.532
327.083,71.532
327.100,71.532
327.117,71.532
327.133,71.532
327.150,71.532
327.167,71.532
327.183,71.532
327.200,71.532
327.217,71.652
327.233,71.654
327.250,71.655
327.267,71.657
327.283,71.659
327.300,71.660
327.317,71.662
327.333,71.664
327.350,71.665
327.367,71.667
327.383,71.669
327.400,71.670
327.417,71.672
327.433,71.674
327.450,71.675
327.467,71.677
327.483,71.679
327.500,71.680
327.517,71.681
327.533,71.681
327.550,71.681
327.567,71.681
327.583,71.681
327.600,71.681
327.617,71.681
327.633,71.681
327.650,71.681
327.667,71.681
327.683,71.681
327.700,71.681
327.717,71.681
327.733,71.681
327.750,71.681
327.767,71.681
327.783,71.681
327.800,71.681
327.817,71.681
327.833,71.681
327.850,71.681
327.867,71.681
327.883,71.681
327.900,71.681
327.917,71.681
327.933,71.681
327.950,71.681
327.967,71.681
327.983,71.681
328.000,71.681
328.017,71.681
328.033,71.681
328.050,71.681
328.067,71.681
328.083,71.681
328.100,71.681
328.117,71.681
328.133,71.681
328.150,71.681
328.167,71.681
328.183,71.681
328.200,71.681
328.217,71.681
328.233,71.681
328.250,71.681
328.267,71.681
328.283,71.681
328.300,71.681
328.317,71.681
328.333,71.681
328.350,71.681
328.367,71.681
328.383,71.681
328.400,71.681
328.417,71.681
328.433,71.681
328.450,71.681
328.467,71.681
328.483,71.681
328.500,71.681
328.517,71.681
328.533,71.681
328.550,71.681
328.567,71.681
328.583,71.681
328.600,71.681
328.617,71.681
328.633,71.681
328.650,71.681
328.667,71.681
328.683,71.681
328.700,71.681
328.717,71.681
328.733,71.681
328.750,71.681
328.767,71.681
328.783,71.681
328.800,71.681
328.817,71.681
328.833,71.681
328.850,71.681
328.867,71.681
328.883,71.681
328.900,71.681
328.917,71.681
328.933,71.681
328.950,71.681
328.967,71.681
328.983,71.681
329.000,71.681
329.017,71.681
329.033,71.681
329.050,71.681
329.067,71.681
329.083,71.681
329.100,71.681
329.117,71.765
329.133,71.766
329.150,71.767
329.167,71.768
329.183,71.769
329.200,71.770
329.217,71.771
329.233,71.772
329.250,71.772
329.267,71.773
329.283,71.774
329.300,71.775
329.317,71.776
329.333,71.777
329.350,71.778
329.367,71.779
329.383,71.779
329.400,71.780
329.417,71.781
329.433,71.781
329.450,71.781
329.467,71.781
329.483,71.781
329.500,71.781
329.517,71.781
329.533,71.781
329.550,71.781
329.567,71.781
329.583,71.781
329.600,71.781
329.617,71.781
329.633,71.781
329.650,71.781
329.667,71.781
329.683,71.781
329.700,71.781
329.717,71.781
329.733,71.781
329.750,71.781
329.767,71.781
329.783,71.781
329.800,71.781
329.817,71.781
329.833,71.781
329.850,71.781
329.867,71.781
329.883,71.781
329.900,71.781
329.917,71.781
329.933,71.781
329.950,71.781
329.967,71.781
329.983,71.781
330.000,71.781
330.017,71.781
330.033,71.781
330.050,71.781
330.067,71.781
330.083,71.781
330.100,71.781
330.117,71.781
330.133,71.781
330.150,71.781
330.167,71.781
330.183,71.781
330.200,71.781
330.217,71.781
330.233,71.781
330.250,71.781
330.267,71.781
330.283,71.781
330.300,71.781
330.317,71.781
330.333,71.856
330.350,71.857
330.367,71.859
330.383,71.860
330.400,71.862
330.417,71.863
330.433,71.864
330.450,71.866
330.467,71.867
330.483,71.868
330.500,71.870
330.517,71.871
330.533,71.872
330.550,71.874
330.567,71.875
330.583,71.876
330.600,71.878
330.617,71.879
330.633,71.880
330.650,71.880
330.667,71.880
330.683,71.880
330.700,71.880
330.717,71.880
330.733,71.880
330.750,71.880
330.767,71.880
330.783,71.880
330.800,71.880
330.817,71.880
330.833,71.880
330.850,71.880
330.867,71.880
330.883,71.880
330.900,71.880
330.917,71.880
330.933,71.880
330.950,71.880
330.967,71.880
330.983,71.880
331.000,71.880
331.017,71.880
331.033,71.880
331.050,71.880
331.067,71.880
331.083,71.880
331.100,71.880
331.117,71.942
331.133,71.944
331.150,71.947
331.167,71.949
331.183,71.951
331.200,71.953
331.217,71.955
331.233,71.957
331.250,71.959
331.267,71.961
331.283,71.963
331.300,71.966
331.317,71.968
331.333,71.970
331.350,71.972
331.367,71.974
331.383,71.976
331.400,71.978
331.417,71.980
331.433,71.980
331.450,71.980
331.467,71.980
331.483,71.980
331.500,71.980
331.517,71.980
331.533,71.980
331.550,71.980
331.567,71.980
331.583,71.980
331.600,71.980
331.617,71.980
331.633,71.980
331.650,71.980
331.667,71.980
331.683,71.980
331.700,71.980
331.717,71.980
331.733,71.980
331.750,71.980
331.767,71.980
331.783,71.980
331.800,71.980
331.817,71.980
331.833,71.980
331.850,71.980
331.867,71.980
331.883,71.980
331.900,71.980
331.917,71.980
331.933,71.980
331.950,71.980
331.967,71.980
331.983,71.980
332.000,71.980
332.017,71.980
332.033,71.980
332.050,71.980
332.067,71.980
332.083,71.980
332.100,71.980
332.117,71.980
332.133,71.980
332.150,71.980
332.167,71.980
332.183,71.980
332.200,71.980
332.217,71.980
332.233,71.980
332.250,71.980
332.267,71.980
332.283,71.980
332.300,71.980
332.317,71.980
332.333,71.980
332.350,71.980
332.367,71.980
332.383,71.980
332.400,72.057
332.417,72.058
332.433,72.059
332.450,72.060
332.467,72.062
332.483,72.063
332.500,72.064
332.517,72.066
332.533,72.067
332.550,72.068
332.567,72.069
332.583,72.071
332.600,72.072
332.617,72.073
332.633,72.075
332.650,72.076
332.667,72.077
332.683,72.079
332.700,72.079
332.717,72.079
332.733,72.079
332.750,72.079
332.767,72.079
332.783,72.079
332.800,72.079
332.817,72.079
332.833,72.079
332.850,72.079
332.867,72.079
332.883,72.079
332.900,72.079
332.917,72.079
332.933,72.079
332.950,72.079
332.967,72.079
332.983,72.079
333.000,72.079
333.017,72.079
333.033,72.079
333.050,72.079
333.067,72.079
333.083,72.079
333.100,72.079
333.117,72.079
333.133,72.079
333.150,72.079
333.167,72.079
333.183,72.079
333.200,72.079
333.217,72.079
333.233,72.079
333.250,72.079
333.267,72.079
333.283,72.079
333.300,72.079
333.317,72.079
333.333,72.079
333.350,72.079
333.367,72.079
333.383,72.079
333.400,72.079
333.417,72.079
333.433,72.079
333.450,72.079
333.467,72.007
333.483,72.006
333.500,72.004
333.517,72.003
333.533,72.001
333.550,72.000
333.567,71.998
333.583,71.997
333.600,71.995
333.617,71.994
333.633,71.992
333.650,71.990
333.667,71.989
333.683,71.987
333.700,71.986
333.717,71.984
333.733,71.983
333.750,71.981
333.767,71.980
333.783,71.987
333.800,71.996
333.817,72.004
333.833,72.013
333.850,72.021
333.867,72.029
333.883,72.038
333.900,72.046
333.917,72.055
333.933,72.063
333.950,72.071
333.967,72.079
333.983,72.079
334.000,72.079
334.017,72.079
334.033,72.079
334.050,72.079
334.067,72.079
334.083,72.079
334.100,72.079
334.117,72.079
334.133,72.079
334.150,72.079
334.167,72.079
334.183,72.079
334.200,72.079
334.217,72.079
334.233,72.079
334.250,72.079
334.267,72.079
334.283,72.079
334.300,72.079
334.317,72.079
334.333,72.079
334.350,72.079
334.367,72.079
334.383,72.079
334.400,72.079
334.417,72.079
334.433,72.079
334.450,72.079
334.467,72.079
334.483,72.079
334.500,72.079
334.517,72.079
334.533,72.079
334.550,72.079
334.567,72.079
334.583,72.079
334.600,72.079
334.617,72.079
334.633,72.079
334.650,72.079
334.667,72.079
334.683,72.079
334.700,72.079
334.717,72.079
334.733,72.079
334.750,72.079
334.767,72.079
334.783,72.079
334.800,72.079
334.817,72.079
334.833,72.079
334.850,72.079
334.867,72.079
334.883,72.079
334.900,72.079
334.917,72.079
334.933,72.079
334.950,72.079
334.967,72.079
334.983,72.079
335.000,72.079
335.017,72.079
335.033,72.079
335.050,72.079
335.067,72.079
335.083,72.079
335.100,72.079
335.117,72.079
335.133,72.079
335.150,72.079
335.167,72.079
335.183,72.079
335.200,72.079
335.217,72.079
335.233,72.079
335.250,72.079
335.267,72.079
335.283,72.079
335.300,72.079
335.317,72.079
335.333,72.079
335.350,72.079
335.367,72.079
335.383,72.079
335.400,72.079
335.417,72.079
335.433,72.079
335.450,72.079
335.467,72.079
335.483,72.079
335.500,72.079
335.517,72.079
335.533,72.079
335.550,72.079
335.567,72.079
335.583,72.079
335.600,72.079
335.617,72.079
335.633,72.079
335.650,72.079
335.667,72.079
335.683,72.079
335.700,72.079
335.717,72.079
335.733,72.079
335.750,72.079
335.767,72.079
335.783,72.079
335.800,72.079
335.817,72.079
335.833,72.079
335.850,72.079
335.867,72.079
335.883,72.079
335.900,72.079
335.917,72.079
335.933,72.079
335.950,72.079
335.967,72.079
335.983,72.079
336.000,72.079
336.017,72.079
336.033,72.079
336.050,72.079
336.067,72.079
336.083,72.079
336.100,72.079
336.117,72.079
336.133,72.079
336.150,72.079
336.167,72.079
336.183,72.079
336.200,72.079
336.217,72.079
336.233,72.079
336.250,72.079
336.267,72.079
336.283,72.079
336.300,72.079
336.317,72.079
336.333,72.079
336.350,72.079
336.367,72.079
336.383,72.167
336.400,72.168
336.417,72.169
336.433,72.169
336.450,72.170
336.467,72.170
336.483,72.171
336.500,72.172
336.517,72.172
336.533,72.173
336.550,72.174
336.567,72.174
336.583,72.175
336.600,72.175
336.617,72.176
336.633,72.177
336.650,72.177
336.667,72.178
336.683,72.178
336.700,72.178
336.717,72.178
336.733,72.178
336.750,72.178
336.767,72.178
336.783,72.178
336.800,72.178
336.817,72.178
336.833,72.178
336.850,72.178
336.867,72.178
336.883,72.178
336.900,72.178
336.917,72.178
336.933,72.178
336.950,72.178
336.967,72.227
336.983,72.230
337.000,72.232
337.017,72.235
337.033,72.238
337.050,72.241
337.067,72.244
337.083,72.247
337.100,72.250
337.117,72.252
337.133,72.255
337.150,72.258
337.167,72.261
337.183,72.264
337.200,72.267
337.217,72.270
337.233,72.272
337.250,72.275
337.267,72.278
337.283,72.278
337.300,72.278
337.317,72.278
337.333,72.278
337.350,72.278
337.367,72.278
337.383,72.278
337.400,72.278
337.417,72.278
337.433,72.278
337.450,72.278
337.467,72.278
337.483,72.278
337.500,72.278
337.517,72.278
337.533,72.278
337.550,72.351
337.567,72.356
337.583,72.360
337.600,72.364
337.617,72.369
337.633,72.373
337.650,72.377
337.667,72.382
337.683,72.386
337.700,72.390
337.717,72.394
337.733,72.399
337.750,72.403
337.767,72.407
337.783,72.412
337.800,72.416
337.817,72.420
337.833,72.425
337.850,72.427
337.867,72.427
337.883,72.427
337.900,72.427
337.917,72.427
337.933,72.427
337.950,72.427
337.967,72.427
337.983,72.427
338.000,72.427
338.017,72.427
338.033,72.485
338.050,72.491
338.067,72.496
338.083,72.501
338.100,72.506
338.117,72.511
338.133,72.516
338.150,72.521
338.167,72.526
338.183,72.531
338.200,72.537
338.217,72.542
338.233,72.547
338.250,72.552
338.267,72.557
338.283,72.562
338.300,72.567
338.317,72.572
338.333,72.578
338.350,72.586
338.367,72.593
338.383,72.601
338.400,72.609
338.417,72.616
338.433,72.624
338.450,72.632
338.467,72.639
338.483,72.647
338.500,72.654
338.517,72.662
338.533,72.670
338.550,72.676
338.567,72.676
338.583,72.676
338.600,72.676
338.617,72.705
338.633,72.712
338.650,72.719
338.667,72.725
338.683,72.732
338.700,72.739
338.717,72.746
338.733,72.753
338.750,72.760
338.767,72.767
338.783,72.774
338.800,72.780
338.817,72.787
338.833,72.794
338.850,72.801
338.867,72.808
338.883,72.815
338.900,72.822
338.917,72.825
338.933,72.825
338.950,72.825
338.967,72.825
338.983,72.825
339.000,72.825
339.017,72.825
339.033,72.825
339.050,72.825
339.067,72.825
339.083,72.825
339.100,72.825
339.117,72.825
339.133,72.889
339.150,72.894
339.167,72.899
339.183,72.904
339.200,72.908
339.217,72.913
339.233,72.918
339.250,72.923
339.267,72.927
339.283,72.932
339.300,72.937
339.317,72.942
339.333,72.946
339.350,72.951
339.367,72.956
339.383,72.961
339.400,72.966
339.417,72.970
339.433,72.976
339.450,72.986
339.467,72.995
339.483,73.004
339.500,73.013
339.517,73.023
339.533,73.032
339.550,73.041
339.567,73.051
339.583,73.060
339.600,73.069
339.617,73.073
339.633,73.073
339.650,73.073
339.667,73.090
339.683,73.095
339.700,73.099
339.717,73.104
339.733,73.109
339.750,73.113
339.767,73.118
339.783,73.122
339.800,73.127
339.817,73.132
339.833,73.136
339.850,73.141
339.867,73.146
339.883,73.150
339.900,73.155
339.917,73.160
339.933,73.164
339.950,73.169
339.967,73.175
339.983,73.184
340.000,73.192
340.017,73.201
340.033,73.210
340.050,73.219
340.067,73.228
340.083,73.237
340.100,73.246
340.117,73.255
340.133,73.264
340.150,73.272
340.167,73.272
340.183,73.272
340.200,73.272
340.217,73.272
340.233,73.272
340.250,73.272
340.267,73.272
340.283,73.272
340.300,73.272
340.317,73.272
340.333,73.272
340.350,73.272
340.367,73.272
340.383,73.316
340.400,73.319
340.417,73.322
340.433,73.325
340.450,73.328
340.467,73.331
340.483,73.334
340.500,73.337
340.517,73.340
340.533,73.343
340.550,73.346
340.567,73.350
340.583,73.353
340.600,73.356
340.617,73.359
340.633,73.362
340.650,73.365
340.667,73.368
340.683,73.371
340.700,73.371
340.717,73.371
340.733,73.371
340.750,73.371
340.767,73.371
340.783,73.371
340.800,73.371
340.817,73.371
340.833,73.371
340.850,73.371
340.867,73.371
340.883,73.371
340.900,73.371
340.917,73.371
340.933,73.371
340.950,73.371
340.967,73.371
340.983,73.371
341.000,73.371
341.017,73.371
341.033,73.371
341.050,73.371
341.067,73.371
341.083,73.371
341.100,73.371
341.117,73.371
341.133,73.371
341.150,73.371
341.167,73.371
341.183,73.371
341.200,73.371
341.217,73.371
341.233,73.371
341.250,73.371
341.267,73.371
341.283,73.371
341.300,73.371
341.317,73.371
341.333,73.371
341.350,73.371
341.367,73.371
341.383,73.371
341.400,73.371
341.417,73.371
341.433,73.371
341.450,73.371
341.467,73.371
341.483,73.371
341.500,73.371
341.517,73.371
341.533,73.371
341.550,73.371
341.567,73.371
341.583,73.371
341.600,73.371
341.617,73.371
341.633,73.371
341.650,73.371
341.667,73.371
341.683,73.371
341.700,73.371
341.717,73.371
341.733,73.371
341.750,73.371
341.767,73.371
341.783,73.371
341.800,73.371
341.817,73.371
341.833,73.371
341.850,73.371
341.867,73.371
341.883,73.371
341.900,73.371
341.917,73.371
341.933,73.371
341.950,73.371
341.967,73.371
341.983,73.371
342.000,73.371
342.017,73.371
342.033,73.371
342.050,73.371
342.067,73.371
342.083,73.371
342.100,73.371
342.117,73.371
342.133,73.371
342.150,73.371
342.167,73.371
342.183,73.497
342.200,73.498
342.217,73.499
342.233,73.501
342.250,73.502
342.267,73.504
342.283,73.505
342.300,73.506
342.317,73.508
342.333,73.509
342.350,73.511
342.367,73.512
342.383,73.513
342.400,73.515
342.417,73.516
342.433,73.517
342.450,73.519
342.467,73.520
342.483,73.538
342.500,73.562
342.517,73.586
342.533,73.610
342.550,73.634
342.567,73.657
342.583,73.681
342.600,73.705
342.617,73.734
342.633,73.772
342.650,73.809
342.667,73.846
342.683,73.883
342.700,73.921
342.717,73.958
342.733,73.995
342.750,74.032
342.767,74.069
342.783,74.107
342.800,74.144
342.817,74.180
342.833,74.217
342.850,74.254
342.867,74.290
342.883,74.327
342.900,74.364
342.917,74.400
342.933,74.437
342.950,74.478
342.967,74.533
342.983,74.588
343.000,74.642
343.017,74.697
343.033,74.752
343.050,74.806
343.067,74.861
343.083,74.916
343.100,74.970
343.117,75.025
343.133,75.080
343.150,75.136
343.167,75.194
343.183,75.253
343.200,75.312
343.217,75.370
343.233,75.429
343.250,75.487
343.267,75.546
343.283,75.604
343.300,75.663
343.317,75.721
343.333,75.758
343.350,75.758
343.367,75.758
343.383,75.758
343.400,75.758
343.417,76.060
343.433,76.116
343.450,76.173
343.467,76.229
343.483,76.285
343.500,76.341
343.517,76.398
343.533,76.454
343.550,76.510
343.567,76.566
343.583,76.623
343.600,76.679
343.617,76.735
343.633,76.791
343.650,76.848
343.667,76.904
343.683,76.960
343.700,77.016
343.717,77.072
343.733,77.128
343.750,77.184
343.767,77.240
343.783,77.296
343.800,77.352
343.817,77.407
343.833,77.463
343.850,77.519
343.867,77.575
343.883,77.631
343.900,77.673
343.917,77.710
343.933,77.747
343.950,77.784
343.967,77.821
343.983,77.858
344.000,77.895
344.017,77.931
344.033,77.968
344.050,78.005
344.067,78.042
344.083,78.079
344.100,78.094
344.117,78.094
344.133,78.133
344.150,78.147
344.167,78.162
344.183,78.177
344.200,78.192
344.217,78.207
344.233,78.222
344.250,78.237
344.267,78.252
344.283,78.267
344.300,78.281
344.317,78.296
344.333,78.311
344.350,78.326
344.367,78.341
344.383,78.356
344.400,78.371
344.417,78.386
344.433,78.392
344.450,78.392
344.467,78.392
344.483,78.392
344.500,78.332
344.517,78.319
344.533,78.306
344.550,78.293
344.567,78.280
344.583,78.266
344.600,78.253
344.617,78.240
344.633,78.227
344.650,78.214
344.667,78.201
344.683,78.188
344.700,78.174
344.717,78.161
344.733,78.148
344.750,78.135
344.767,78.122
344.783,78.109
344.800,78.095
344.817,78.094
344.833,78.094
344.850,78.094
344.867,77.952
344.883,77.916
344.900,77.879
344.917,77.843
344.933,77.806
344.950,77.770
344.967,77.733
344.983,77.697
345.000,77.660
345.017,77.624
345.033,77.587
345.050,77.551
345.067,77.514
345.083,77.477
345.100,77.441
345.117,77.404
345.133,77.368
345.150,77.331
345.167,77.295
345.183,77.255
345.200,77.215
345.217,77.175
345.233,77.135
345.250,77.095
345.267,77.055
345.283,77.015
345.300,76.976
345.317,76.936
345.333,76.896
345.350,76.856
345.367,76.818
345.383,76.781
345.400,76.743
345.417,76.706
345.433,76.668
345.450,76.631
345.467,76.594
345.483,76.556
345.500,76.519
345.517,76.481
345.533,76.445
345.550,76.412
345.567,76.379
345.583,76.345
345.600,76.312
345.617,76.279
345.633,76.246
345.650,76.213
345.667,76.180
345.683,76.147
345.700,76.113
345.717,76.083
345.733,76.054
345.750,76.025
345.767,75.996
345.783,75.967
345.800,75.938
345.817,75.909
345.833,75.881
345.850,75.852
345.867,75.823
345.883,75.794
345.900,75.765
345.917,75.758
345.933,75.758
345.950,75.758
345.967,75.758
345.983,75.758
346.000,75.596
346.017,75.568
346.033,75.540
346.050,75.512
346.067,75.484
346.083,75.456
346.100,75.428
346.117,75.400
346.133,75.372
346.150,75.344
346.167,75.316
346.183,75.287
346.200,75.259
346.217,75.231
346.233,75.203
346.250,75.175
346.267,75.147
346.283,75.119
346.300,75.111
346.317,75.111
346.333,75.111
346.350,75.111
346.367,74.986
346.383,74.960
346.400,74.933
346.417,74.907
346.433,74.880
346.450,74.854
346.467,74.827
346.483,74.801
346.500,74.774
346.517,74.748
346.533,74.721
346.550,74.695
346.567,74.668
346.583,74.642
346.600,74.615
346.617,74.589
346.633,74.562
346.650,74.535
346.667,74.511
346.683,74.493
346.700,74.475
346.717,74.457
346.733,74.440
346.750,74.422
346.767,74.404
346.783,74.386
346.800,74.368
346.817,74.351
346.833,74.333
346.850,74.315
346.867,74.294
346.883,74.274
346.900,74.253
346.917,74.232
346.933,74.212
346.950,74.191
346.967,74.171
346.983,74.150
347.000,74.129
347.017,74.112
347.033,74.099
347.050,74.086
347.067,74.073
347.083,74.060
347.100,74.047
347.117,74.034
347.133,74.021
347.150,74.008
347.167,73.995
347.183,73.983
347.200,73.970
347.217,73.960
347.233,73.951
347.250,73.943
347.267,73.934
347.283,73.925
347.300,73.916
347.317,73.907
347.333,73.899
347.350,73.890
347.367,73.881
347.383,73.872
347.400,73.869
347.417,73.869
347.433,73.869
347.450,73.852
347.467,73.847
347.483,73.843
347.500,73.838
347.517,73.833
347.533,73.829
347.550,73.824
347.567,73.819
347.583,73.815
347.600,73.810
347.617,73.805
347.633,73.801
347.650,73.796
347.667,73.791
347.683,73.787
347.700,73.782
347.717,73.777
347.733,73.773
347.750,73.769
347.767,73.769
347.783,73.769
347.800,73.769
347.817,73.769
347.833,73.769
347.850,73.769
347.867,73.769
347.883,73.769
347.900,73.769
347.917,73.769
347.933,73.769
347.950,73.769
347.967,73.769
347.983,73.769
348.000,73.769
348.017,73.769
348.033,73.769
348.050,73.769
348.067,73.769
348.083,73.769
348.100,73.769
348.117,73.769
348.133,73.769
348.150,73.769
348.167,73.769
348.183,73.769
348.200,73.769
348.217,73.769
348.233,73.769
348.250,73.769
348.267,73.769
348.283,73.769
348.300,73.769
348.317,73.769
348.333,73.769
348.350,73.769
348.367,73.836
348.383,73.838
348.400,73.840
348.417,73.841
348.433,73.843
348.450,73.845
348.467,73.847
348.483,73.849
348.500,73.850
348.517,73.852
348.533,73.854
348.550,73.856
348.567,73.858
348.583,73.859
348.600,73.861
348.617,73.863
348.633,73.865
348.650,73.867
348.667,73.868
348.683,73.869
348.700,73.869
348.717,73.869
348.733,73.869
348.750,73.869
348.767,73.869
348.783,73.869
348.800,73.869
348.817,73.869
348.833,73.869
348.850,73.869
348.867,73.869
348.883,73.869
348.900,73.869
348.917,73.869
348.933,73.869
348.950,73.869
348.967,73.869
348.983,73.869
349.000,73.869
349.017,73.869
349.033,73.869
349.050,73.869
349.067,73.869
349.083,73.869
349.100,73.869
349.117,73.869
349.133,73.869
349.150,73.869
349.167,73.869
349.183,73.869
349.200,73.869
349.217,73.869
349.233,73.869
349.250,73.869
349.267,73.869
349.283,73.869
349.300,73.869
349.317,73.869
349.333,73.869
349.350,73.869
349.367,73.869
349.383,73.869
349.400,73.869
349.417,73.869
349.433,73.869
349.450,73.869
349.467,73.869
349.483,73.869
349.500,73.869
349.517,73.869
349.533,73.869
349.550,73.869
349.567,73.869
349.583,73.869
349.600,73.869
349.617,73.869
349.633,73.869
349.650,73.869
349.667,73.869
349.683,73.869
349.700,73.869
349.717,73.869
349.733,73.869
349.750,73.869
349.767,73.869
349.783,73.869
349.800,73.869
349.817,73.869
349.833,73.869
349.850,73.869
349.867,73.869
349.883,73.869
349.900,73.869
349.917,73.869
349.933,73.869
349.950,73.869
349.967,73.869
349.983,73.869
350.000,73.869
350.017,73.869
350.033,73.869
350.050,73.869
350.067,73.869
350.083,73.869
350.100,73.869
350.117,73.869
350.133,73.869
350.150,73.869
350.167,73.869
350.183,73.869
350.200,73.869
350.217,73.869
350.233,73.869
350.250,73.869
350.267,73.869
350.283,73.869
350.300,73.869
350.317,73.869
350.333,73.869
350.350,73.869
350.367,73.869
350.383,73.869
350.400,73.869
350.417,73.869
350.433,73.869
350.450,73.869
350.467,73.869
350.483,73.869
350.500,73.869
350.517,73.869
350.533,73.869
350.550,73.869
350.567,73.869
350.583,73.869
350.600,73.869
350.617,73.869
350.633,73.869
350.650,73.869
350.667,73.869
350.683,73.869
350.700,73.869
350.717,73.651
350.733,73.649
350.750,73.647
350.767,73.645
350.783,73.644
350.800,73.642
350.817,73.640
350.833,73.638
350.850,73.636
350.867,73.635
350.883,73.633
350.900,73.631
350.917,73.629
350.933,73.628
350.950,73.626
350.967,73.624
350.983,73.622
351.000,73.620
351.017,73.613
351.033,73.604
351.050,73.595
351.067,73.586
351.083,73.577
351.100,73.568
351.117,73.559
351.133,73.550
351.150,73.541
351.167,73.532
351.183,73.523
351.200,73.514
351.217,73.506
351.233,73.497
351.250,73.489
351.267,73.480
351.283,73.472
351.300,73.463
351.317,73.455
351.333,73.446
351.350,73.438
351.367,73.429
351.383,73.421
351.400,73.421
351.417,73.421
351.433,73.421
351.450,73.403
351.467,73.398
351.483,73.394
351.500,73.389
351.517,73.384
351.533,73.380
351.550,73.375
351.567,73.371
351.583,73.366
351.600,73.362
351.617,73.357
351.633,73.353
351.650,73.348
351.667,73.343
351.683,73.339
351.700,73.334
351.717,73.330
351.733,73.325
351.750,73.320
351.767,73.312
351.783,73.303
351.800,73.295
351.817,73.287
351.833,73.279
351.850,73.271
351.867,73.263
351.883,73.255
351.900,73.246
351.917,73.238
351.933,73.230
351.950,73.222
351.967,73.222
351.983,73.222
352.000,73.222
352.017,73.222
352.033,73.222
352.050,73.222
352.067,73.222
352.083,73.222
352.100,73.222
352.117,73.222
352.133,73.222
352.150,73.222
352.167,73.222
352.183,73.222
352.200,73.222
352.217,73.222
352.233,73.222
352.250,73.222
352.267,73.222
352.283,73.222
352.300,73.222
352.317,73.222
352.333,73.222
352.350,73.222
352.367,73.222
352.383,73.222
352.400,73.222
352.417,73.222
352.433,73.222
352.450,73.222
352.467,73.222
352.483,73.222
352.500,73.222
352.517,73.222
352.533,73.222
352.550,73.090
352.567,73.086
352.583,73.082
352.600,73.079
352.617,73.075
352.633,73.071
352.650,73.067
352.667,73.064
352.683,73.060
352.700,73.056
352.717,73.053
352.733,73.049
352.750,73.045
352.767,73.042
352.783,73.038
352.800,73.034
352.817,73.031
352.833,73.027
352.850,73.023
352.867,73.007
352.883,72.990
352.900,72.974
352.917,72.958
352.933,72.942
352.950,72.926
352.967,72.910
352.983,72.894
353.000,72.878
353.017,72.868
353.033,72.860
353.050,72.851
353.067,72.843
353.083,72.835
353.100,72.826
353.117,72.818
353.133,72.809
353.150,72.801
353.167,72.793
353.183,72.784
353.200,72.776
353.217,72.775
353.233,72.775
353.250,72.775
353.267,72.775
353.283,72.775
353.300,72.737
353.317,72.731
353.333,72.724
353.350,72.718
353.367,72.711
353.383,72.705
353.400,72.698
353.417,72.692
353.433,72.686
353.450,72.679
353.467,72.673
353.483,72.666
353.500,72.660
353.517,72.653
353.533,72.647
353.550,72.641
353.567,72.634
353.583,72.628
353.600,72.626
353.617,72.626
353.633,72.626
353.650,72.626
353.667,72.626
353.683,72.626
353.700,72.626
353.717,72.626
353.733,72.626
353.750,72.626
353.767,72.626
353.783,72.626
353.800,72.626
353.817,72.626
353.833,72.626
353.850,72.556
353.867,72.551
353.883,72.547
353.900,72.542
353.917,72.538
353.933,72.534
353.950,72.529
353.967,72.525
353.983,72.520
354.000,72.516
354.017,72.511
354.033,72.507
354.050,72.502
354.067,72.498
354.083,72.493
354.100,72.489
354.117,72.485
354.133,72.480
354.150,72.474
354.167,72.464
354.183,72.454
354.200,72.444
354.217,72.434
354.233,72.424
354.250,72.414
354.267,72.404
354.283,72.393
354.300,72.383
354.317,72.371
354.333,72.354
354.350,72.338
354.367,72.321
354.383,72.304
354.400,72.288
354.417,72.271
354.433,72.255
354.450,72.238
354.467,72.222
354.483,72.205
354.500,72.188
354.517,72.169
354.533,72.146
354.550,72.123
354.567,72.099
354.583,72.076
354.600,72.053
354.617,72.030
354.633,72.006
354.650,71.983
354.667,71.960
354.683,71.936
354.700,71.921
354.717,71.908
354.733,71.895
354.750,71.882
354.767,71.869
354.783,71.857
354.800,71.844
354.817,71.831
354.833,71.818
354.850,71.805
354.867,71.793
354.883,71.779
354.900,71.756
354.917,71.734
354.933,71.711
354.950,71.688
354.967,71.666
354.983,71.643
355.000,71.621
355.017,71.598
355.033,71.575
355.050,71.553
355.067,71.531
355.083,71.517
355.100,71.503
355.117,71.488
355.133,71.474
355.150,71.460
355.167,71.446
355.183,71.432
355.200,71.418
355.217,71.404
355.233,71.390
355.250,71.371
355.267,71.349
355.283,71.327
355.300,71.304
355.317,71.282
355.333,71.260
355.350,71.237
355.367,71.215
355.383,71.193
355.400,71.171
355.417,71.148
355.433,71.135
355.450,71.135
355.467,71.135
355.483,71.135
355.500,71.086
355.517,71.075
355.533,71.064
355.550,71.053
355.567,71.042
355.583,71.031
355.600,71.020
355.617,71.009
355.633,70.998
355.650,70.987
355.667,70.976
355.683,70.965
355.700,70.954
355.717,70.943
355.733,70.932
355.750,70.920
355.767,70.909
355.783,70.898
355.800,70.887
355.817,70.866
355.833,70.843
355.850,70.820
355.867,70.797
355.883,70.774
355.900,70.751
355.917,70.728
355.933,70.705
355.950,70.682
355.967,70.659
355.983,70.637
356.000,70.637
356.017,70.637
356.033,70.637
356.050,70.637
356.067,70.637
356.083,70.637
356.100,70.637
356.117,70.637
356.133,70.637
356.150,70.637
356.167,70.637
356.183,70.637
356.200,70.637
356.217,70.637
356.233,70.637
356.250,70.637
356.267,70.637
356.283,70.637
356.300,70.637
356.317,70.637
356.333,70.637
356.350,70.637
356.367,70.637
356.383,70.637
356.400,70.637
356.417,70.156
356.433,70.111
356.450,70.092
356.467,70.073
356.483,70.053
356.500,70.034
356.517,70.014
356.533,69.995
356.550,69.975
356.567,69.956
356.583,69.937
356.600,69.917
356.617,69.898
356.633,69.878
356.650,69.859
356.667,69.839
356.683,69.820
356.700,69.801
356.717,69.779
356.733,69.756
356.750,69.732
356.767,69.709
356.783,69.686
356.800,69.663
356.817,69.639
356.833,69.616
356.850,69.593
356.867,69.569
356.883,69.546
356.900,69.532
356.917,69.520
356.933,69.507
356.950,69.495
356.967,69.482
356.983,69.469
357.000,69.457
357.017,69.444
357.033,69.432
357.050,69.419
357.067,69.406
357.083,69.395
357.100,69.395
357.117,69.395
357.133,69.395
357.150,69.395
357.167,69.395
357.183,69.395
357.200,69.395
357.217,69.395
357.233,69.395
357.250,69.395
357.267,69.395
357.283,69.395
357.300,69.395
357.317,69.395
357.333,69.395
357.350,69.395
357.367,69.395
357.383,69.395
357.400,69.395
357.417,69.395
357.433,69.395
357.450,69.395
357.467,69.395
357.483,69.395
357.500,69.395
357.517,69.395
357.533,69.395
357.550,69.395
357.567,69.395
357.583,69.395
357.600,69.395
357.617,69.395
357.633,69.395
357.650,69.395
357.667,69.395
357.683,69.395
357.700,69.293
357.717,69.290
357.733,69.288
357.750,69.285
357.767,69.282
357.783,69.280
357.800,69.277
357.817,69.274
357.833,69.271
357.850,69.269
357.867,69.266
357.883,69.263
357.900,69.260
357.917,69.258
357.933,69.255
357.950,69.252
357.967,69.249
357.983,69.247
358.000,69.246
358.017,69.246
358.033,69.246
358.050,69.246
358.067,69.246
358.083,69.246
358.100,69.246
358.117,69.246
358.133,69.246
358.150,69.246
358.167,69.246
358.183,69.246
358.200,69.246
358.217,69.246
358.233,69.246
358.250,69.246
358.267,69.246
358.283,69.246
358.300,69.246
358.317,69.246
358.333,69.246
358.350,69.246
358.367,69.246
358.383,69.246
358.400,69.246
358.417,69.246
358.433,69.246
358.450,69.246
358.467,69.246
358.483,69.246
358.500,69.246
358.517,69.246
358.533,69.246
358.550,69.246
358.567,69.246
358.583,69.246
358.600,69.246
358.617,69.246
358.633,69.246
358.650,69.246
358.667,69.246
358.683,69.246
358.700,69.246
358.717,69.246
358.733,69.246
358.750,69.246
358.767,69.246
358.783,69.246
358.800,69.246
358.817,69.246
358.833,69.246
358.850,69.246
358.867,69.246
358.883,69.246
358.900,69.246
358.917,69.246
358.933,69.246
358.950,69.246
358.967,69.246
358.983,69.246
359.000,69.246
359.017,69.246
359.033,69.246
359.050,69.246
359.067,69.246
359.083,69.246
359.100,69.246
359.117,69.246
359.133,69.246
359.150,69.246
359.167,69.246
359.183,69.246
359.200,69.246
359.217,69.246
359.233,69.246
359.250,69.246
359.267,69.246
359.283,69.246
359.300,69.246
359.317,69.246
359.333,69.246
359.350,69.246
359.367,69.246
359.383,69.246
359.400,69.246
359.417,69.246
359.433,69.246
359.450,69.246
359.467,69.246
359.483,69.246
359.500,69.246
359.517,69.246
359.533,69.329
359.550,69.330
359.567,69.331
359.583,69.332
359.600,69.333
359.617,69.334
359.633,69.335
359.650,69.335
359.667,69.336
359.683,69.337
359.700,69.338
359.717,69.339
359.733,69.340
359.750,69.341
359.767,69.342
359.783,69.343
359.800,69.344
359.817,69.344
359.833,69.345
359.850,69.345
359.867,69.345
359.883,69.345
359.900,69.345
359.917,69.345
359.933,69.345
359.950,69.345
359.967,69.345
359.983,69.345
360.000,69.345
360.017,69.345
360.033,69.345
360.050,69.345
360.067,69.345
360.083,69.345
360.100,69.345
360.117,69.345
360.133,69.345
360.150,69.345
360.167,69.345
360.183,69.345
360.200,69.345
360.217,69.345
360.233,69.345
360.250,69.345
360.267,69.345
360.283,69.345
360.300,69.345
360.317,69.345
360.333,69.345
360.350,69.345
360.367,69.345
360.383,69.345
360.400,69.345
360.417,69.345
360.433,69.345
360.450,69.345
360.467,69.345
360.483,69.345
360.500,69.345
360.517,69.345
360.533,69.345
360.550,69.345
360.567,69.345
360.583,69.345
360.600,69.345
360.617,69.345
360.633,69.345
360.650,69.345
360.667,69.345
360.683,69.345
360.700,69.345
360.717,69.345
360.733,69.345
360.750,69.345
360.767,69.345
360.783,69.345
360.800,69.345
360.817,69.345
360.833,69.345
360.850,69.345
360.867,69.345
360.883,69.345
360.900,69.345
360.917,69.345
360.933,69.345
360.950,69.345
360.967,69.345
360.983,69.345
361.000,69.345
361.017,69.345
361.033,69.345
361.050,69.345
361.067,69.345
361.083,69.345
361.100,69.345
361.117,69.345
361.133,69.345
361.150,69.345
361.167,69.345
361.183,69.345
361.200,69.345
361.217,69.345
361.233,69.345
361.250,69.345
361.267,69.345
361.283,69.345
361.300,69.345
361.317,69.345
361.333,69.345
361.350,69.345
361.367,69.345
361.383,69.345
361.400,69.345
361.417,69.345
361.433,69.345
361.450,69.345
361.467,69.345
361.483,69.345
361.500,69.345
361.517,69.345
361.533,69.345
361.550,69.345
361.567,69.345
361.583,69.345
361.600,69.345
361.617,69.345
361.633,69.345
361.650,69.345
361.667,69.345
361.683,69.345
361.700,69.345
361.717,69.345
361.733,69.345
361.750,69.345
361.767,69.345
361.783,69.345
361.800,69.345
361.817,69.345
361.833,69.345
361.850,69.345
361.867,69.345
361.883,69.345
361.900,69.345
361.917,69.345
361.933,69.345
361.950,69.345
361.967,69.345
361.983,69.345
362.000,69.345
362.017,69.345
362.033,69.345
362.050,69.345
362.067,69.345
362.083,69.345
362.100,69.345
362.117,69.345
362.133,69.345
362.150,69.345
362.167,69.345
362.183,69.345
362.200,69.345
362.217,69.345
362.233,69.345
362.250,69.345
362.267,69.345
362.283,69.345
362.300,69.345
362.317,69.345
362.333,69.345
362.350,69.345
362.367,69.345
362.383,69.345
362.400,69.345
362.417,69.345
362.433,69.345
362.450,69.345
362.467,69.345
362.483,69.345
362.500,69.345
362.517,69.345
362.533,69.345
362.550,69.345
362.567,69.345
362.583,69.345
362.600,69.345
362.617,69.345
362.633,69.345
362.650,69.345
362.667,69.345
362.683,69.345
362.700,69.345
362.717,69.345
362.733,69.345
362.750,69.345
362.767,69.345
362.783,69.345
362.800,69.345
362.817,69.345
362.833,69.345
362.850,69.345
362.867,69.345
362.883,69.345
362.900,69.345
362.917,69.345
362.933,69.345
362.950,69.345
362.967,69.345
362.983,69.345
363.000,69.345
363.017,69.345
363.033,69.345
363.050,69.345
363.067,69.345
363.083,69.345
363.100,69.345
363.117,69.345
363.133,69.345
363.150,69.345
363.167,69.345
363.183,69.345
363.200,69.345
363.217,69.345
363.233,69.345
363.250,69.345
363.267,69.345
363.283,69.345
363.300,69.345
363.317,69.345
363.333,69.345
363.350,69.345
363.367,69.345
363.383,69.345
363.400,69.345
363.417,69.345
363.433,69.345
363.450,69.345
363.467,69.345
363.483,69.345
363.500,69.345
363.517,69.345
363.533,69.345
363.550,69.345
363.567,69.345
363.583,69.345
363.600,69.345
363.617,69.345
363.633,69.345
363.650,69.345
363.667,69.345
363.683,69.345
363.700,69.345
363.717,69.345
363.733,69.345
363.750,69.345
363.767,69.345
363.783,69.345
363.800,69.345
363.817,69.345
363.833,69.345
363.850,69.345
363.867,69.345
363.883,69.345
363.900,69.345
363.917,69.345
363.933,69.345
363.950,69.345
363.967,69.345
363.983,69.345
364.000,69.345
364.017,69.345
364.033,69.345
364.050,69.345
364.067,69.345
364.083,69.345
364.100,69.345
364.117,69.345
364.133,69.345
364.150,69.345
364.167,69.345
364.183,69.345
364.200,69.345
364.217,69.345
364.233,69.345
364.250,69.345
364.267,69.345
364.283,69.345
364.300,69.345
364.317,69.345
364.333,69.345
364.350,69.345
364.367,69.345
364.383,69.345
364.400,69.345
364.417,69.345
364.433,69.345
364.450,69.345
364.467,69.345
364.483,69.345
364.500,69.345
364.517,69.345
364.533,69.345
364.550,69.345
364.567,69.345
364.583,69.345
364.600,69.345
364.617,69.345
364.633,69.345
364.650,69.345
364.667,69.345
364.683,69.345
364.700,69.345
364.717,69.345
364.733,69.345
364.750,69.345
364.767,69.345
364.783,69.345
364.800,69.345
364.817,69.345
364.833,69.345
364.850,69.345
364.867,69.345
364.883,69.345
364.900,69.345
364.917,69.345
364.933,69.345
364.950,69.345
364.967,69.345
364.983,69.345
365.000,69.345
365.017,69.345
365.033,69.345
365.050,69.345
365.067,69.345
365.083,69.345
365.100,69.345
365.117,69.345
365.133,69.345
365.150,69.345
365.167,69.345
365.183,69.345
365.200,69.345
365.217,69.345
365.233,69.345
365.250,69.345
365.267,69.345
365.283,69.345
365.300,69.345
365.317,69.345
365.333,69.345
365.350,69.345
365.367,69.345
365.383,69.345
365.400,69.345
365.417,69.345
365.433,69.345
365.450,69.345
365.467,69.345
365.483,69.345
365.500,69.345
365.517,69.345
365.533,69.345
365.550,69.345
365.567,69.345
365.583,69.345
365.600,69.345
365.617,69.345
365.633,69.345
365.650,69.345
365.667,69.345
365.683,69.345
365.700,69.345
365.717,69.345
365.733,69.345
365.750,69.345
365.767,69.345
365.783,69.345
365.800,69.345
365.817,69.345
365.833,69.345
365.850,69.345
365.867,69.345
365.883,69.345
365.900,69.345
365.917,69.345
365.933,69.345
365.950,69.345
365.967,69.345
365.983,69.345
366.000,69.345
366.017,69.345
366.033,69.345
366.050,69.345
366.067,69.345
366.083,69.345
366.100,69.345
366.117,69.345
366.133,69.345
366.150,69.345
366.167,69.345
366.183,69.345
366.200,69.345
366.217,69.345
366.233,69.345
366.250,69.345
366.267,69.345
366.283,69.345
366.300,69.345
366.317,69.345
366.333,69.345
366.350,69.345
366.367,69.345
366.383,69.345
366.400,69.345
366.417,69.345
366.433,69.345
366.450,69.345
366.467,69.345
366.483,69.345
366.500,69.345
366.517,69.345
366.533,69.345
366.550,69.345
366.567,69.345
366.583,69.345
366.600,69.345
366.617,69.345
366.633,69.345
366.650,69.345
366.667,69.345
366.683,69.345
366.700,69.345
366.717,69.345
366.733,69.345
366.750,69.345
366.767,69.345
366.783,69.345
366.800,69.345
366.817,69.345
366.833,69.345
366.850,69.345
366.867,69.345
366.883,69.345
366.900,69.345
366.917,69.345
366.933,69.345
366.950,69.345
366.967,69.345
366.983,69.345
367.000,69.345
367.017,69.345
367.033,69.345
367.050,69.345
367.067,69.345
367.083,69.345
367.100,69.345
367.117,69.345
367.133,69.345
367.150,69.345
367.167,69.345
367.183,69.345
367.200,69.345
367.217,69.345
367.233,69.345
367.250,69.345
367.267,69.345
367.283,69.345
367.300,69.345
367.317,69.345
367.333,69.345
367.350,69.345
367.367,69.345
367.383,69.345
367.400,69.345
367.417,69.345
367.433,69.345
367.450,69.345
367.467,69.345
367.483,69.345
367.500,69.345
367.517,69.345
367.533,69.345
367.550,69.345
367.567,69.345
367.583,69.345
367.600,69.345
367.617,69.345
367.633,69.345
367.650,69.345
367.667,69.345
367.683,69.345
367.700,69.345
367.717,69.345
367.733,69.345
367.750,69.345
367.767,69.345
367.783,69.345
367.800,69.345
367.817,69.345
367.833,69.345
367.850,69.345
367.867,69.249
367.883,69.249
367.900,69.249
367.917,69.249
367.933,69.248
367.950,69.248
367.967,69.248
367.983,69.248
368.000,69.248
368.017,69.247
368.033,69.247
368.050,69.247
368.067,69.247
368.083,69.247
368.100,69.246
368.117,69.246
368.133,69.246
368.150,69.246
368.167,69.246
368.183,69.246
368.200,69.246
368.217,69.246
368.233,69.246
368.250,69.246
368.267,69.246
368.283,69.246
368.300,69.246
368.317,69.246
368.333,69.246
368.350,69.246
368.367,69.246
368.383,69.246
368.400,69.246
368.417,69.246
368.433,69.246
368.450,69.246
368.467,69.246
368.483,69.246
368.500,69.246
368.517,69.246
368.533,69.246
368.550,69.246
368.567,69.246
368.583,69.246
368.600,69.246
368.617,69.246
368.633,69.246
368.650,69.246
368.667,69.246
368.683,69.246
368.700,69.246
368.717,69.246
368.733,69.246
368.750,69.246
368.767,69.246
368.783,69.246
368.800,69.246
368.817,69.246
368.833,69.246
368.850,69.246
368.867,69.246
368.883,69.246
368.900,69.246
368.917,69.246
368.933,69.246
368.950,69.246
368.967,69.246
368.983,69.246
369.000,69.246
369.017,69.246
369.033,69.246
369.050,69.246
369.067,69.246
369.083,69.246
369.100,69.246
369.117,69.246
369.133,69.246
369.150,69.246
369.167,69.246
369.183,69.246
369.200,69.246
369.217,69.246
369.233,69.246
369.250,69.246
369.267,69.246
369.283,69.246
369.300,69.246
369.317,69.246
369.333,69.246
369.350,69.246
369.367,69.246
369.383,69.246
369.400,69.246
369.417,69.246
369.433,69.246
369.450,69.246
369.467,69.246
369.483,69.246
369.500,69.246
369.517,69.246
369.533,69.246
369.550,69.246
369.567,69.246
369.583,69.246
369.600,69.246
369.617,69.246
369.633,69.246
369.650,69.246
369.667,69.246
369.683,69.246
369.700,69.246
369.717,69.246
369.733,69.246
369.750,69.246
369.767,69.246
369.783,69.246
369.800,69.246
369.817,69.246
369.833,69.246
369.850,69.246
369.867,69.246
369.883,69.246
369.900,69.246
369.917,69.246
369.933,69.246
369.950,69.246
369.967,69.246
369.983,69.246
370.000,69.246
370.017,69.246
370.033,69.246
370.050,69.246
370.067,69.246
370.083,69.246
370.100,69.246
370.117,69.246
370.133,69.246
370.150,69.246
370.167,69.246
370.183,69.246
370.200,69.246
370.217,69.246
370.233,69.246
370.250,69.246
370.267,69.246
370.283,69.246
370.300,69.246
370.317,69.246
370.333,69.246
370.350,69.246
370.367,69.246
370.383,69.246
370.400,69.246
370.417,69.246
370.433,69.246
370.450,69.246
370.467,69.246
370.483,69.246
370.500,69.246
370.517,69.246
370.533,69.246
370.550,69.246
370.567,69.246
370.583,69.246
370.600,69.246
370.617,69.246
370.633,69.246
370.650,69.246
370.667,69.246
370.683,69.246
370.700,69.246
370.717,69.246
370.733,69.246
370.750,69.246
370.767,69.246
370.783,69.246
370.800,69.246
370.817,69.246
370.833,69.246
370.850,69.246
370.867,69.246
370.883,69.246
370.900,69.246
370.917,69.246
370.933,69.246
370.950,69.246
370.967,69.246
370.983,69.246
371.000,69.246
371.017,69.246
371.033,69.246
371.050,69.246
371.067,69.246
371.083,69.246
371.100,69.246
371.117,69.246
371.133,69.246
371.150,69.246
371.167,69.246
371.183,69.246
371.200,69.246
371.217,69.246
371.233,69.246
371.250,69.246
371.267,69.246
371.283,69.246
371.300,69.246
371.317,69.246
371.333,69.246
371.350,69.246
371.367,69.246
371.383,69.246
371.400,69.246
371.417,69.246
371.433,69.246
371.450,69.246
371.467,69.246
371.483,69.246
371.500,69.246
371.517,69.246
371.533,69.246
371.550,69.246
371.567,69.246
371.583,69.246
371.600,69.246
371.617,69.246
371.633,69.246
371.650,69.246
371.667,69.246
371.683,69.246
371.700,69.246
371.717,69.246
371.733,69.246
371.750,69.246
371.767,69.246
371.783,69.246
371.800,69.246
371.817,69.246
371.833,69.246
371.850,69.246
371.867,69.246
371.883,69.246
371.900,69.246
371.917,69.246
371.933,69.246
371.950,69.246
371.967,69.246
371.983,69.246
372.000,69.246
372.017,69.246
372.033,69.246
372.050,69.246
372.067,69.246
372.083,69.246
372.100,69.246
372.117,69.246
372.133,69.246
372.150,69.246
372.167,69.246
372.183,69.246
372.200,69.246
372.217,69.246
372.233,69.246
372.250,69.246
372.267,69.246
372.283,69.246
372.300,69.246
372.317,69.246
372.333,69.246
372.350,69.246
372.367,69.246
372.383,69.246
372.400,69.246
372.417,69.246
372.433,69.246
372.450,69.246
372.467,69.246
372.483,69.246
372.500,69.246
372.517,69.246
372.533,69.246
372.550,69.246
372.567,69.246
372.583,69.246
372.600,69.246
372.617,69.246
372.633,69.246
372.650,69.246
372.667,69.246
372.683,69.246
372.700,69.246
372.717,69.246
372.733,69.246
372.750,69.246
372.767,69.246
372.783,69.246
372.800,69.246
372.817,69.246
372.833,69.246
372.850,69.246
372.867,69.246
372.883,69.246
372.900,69.246
372.917,69.246
372.933,69.246
372.950,69.246
372.967,69.246
372.983,69.246
373.000,69.246
373.017,69.246
373.033,69.339
373.050,69.340
373.067,69.340
373.083,69.340
373.100,69.341
373.117,69.341
373.133,69.341
373.150,69.342
373.167,69.342
373.183,69.342
373.200,69.343
373.217,69.343
373.233,69.343
373.250,69.344
373.267,69.344
373.283,69.344
373.300,69.345
373.317,69.345
373.333,69.345
373.350,69.345
373.367,69.345
373.383,69.345
373.400,69.345
373.417,69.345
373.433,69.345
373.450,69.345
373.467,69.345
373.483,69.345
373.500,69.345
373.517,69.345
373.533,69.345
373.550,69.345
373.567,69.345
373.583,69.299
373.600,69.296
373.617,69.293
373.633,69.290
373.650,69.287
373.667,69.284
373.683,69.281
373.700,69.278
373.717,69.275
373.733,69.272
373.750,69.270
373.767,69.267
373.783,69.264
373.800,69.261
373.817,69.258
373.833,69.255
373.850,69.252
373.867,69.249
373.883,69.246
373.900,69.246
373.917,69.246
373.933,69.246
373.950,69.246
373.967,69.246
373.983,69.246
374.000,69.246
374.017,69.246
374.033,69.246
374.050,69.246
374.067,69.246
374.083,69.246
374.100,69.246
374.117,69.246
374.133,69.246
374.150,69.246
374.167,69.246
374.183,69.246
374.200,69.246
374.217,69.246
374.233,69.246
374.250,69.246
374.267,69.246
374.283,69.246
374.300,69.246
374.317,69.246
374.333,69.246
374.350,69.246
374.367,69.246
374.383,69.246
374.400,69.246
374.417,69.246
374.433,69.246
374.450,69.246
374.467,69.246
374.483,69.246
374.500,69.246
374.517,69.246
374.533,69.246
374.550,69.246
374.567,69.246
374.583,69.246
374.600,69.246
374.617,69.246
374.633,69.246
374.650,69.246
374.667,69.246
374.683,69.246
374.700,69.246
374.717,69.246
374.733,69.246
374.750,69.246
374.767,69.246
374.783,69.246
374.800,69.246
374.817,69.246
374.833,69.246
374.850,69.246
374.867,69.246
374.883,69.246
374.900,69.246
374.917,69.246
374.933,69.246
374.950,69.246
374.967,69.168
374.983,69.167
375.000,69.165
375.017,69.164
375.033,69.163
375.050,69.162
375.067,69.161
375.083,69.159
375.100,69.158
375.117,69.157
375.133,69.156
375.150,69.155
375.167,69.153
375.183,69.152
375.200,69.151
375.217,69.150
375.233,69.149
375.250,69.147
375.267,69.146
375.283,69.146
375.300,69.146
375.317,69.146
375.333,69.146
375.350,69.146
375.367,69.146
375.383,69.146
375.400,69.146
375.417,69.146
375.433,69.146
375.450,69.146
375.467,69.146
375.483,69.146
375.500,69.146
375.517,69.146
375.533,69.146
375.550,69.146
375.567,69.146
375.583,69.146
375.600,69.146
375.617,69.146
375.633,69.146
375.650,69.146
375.667,69.146
375.683,69.146
375.700,69.146
375.717,69.146
375.733,69.146
375.750,69.146
375.767,69.146
375.783,69.146
375.800,69.146
375.817,69.146
375.833,69.146
375.850,69.146
375.867,69.146
375.883,69.146
375.900,69.146
375.917,69.146
375.933,69.146
375.950,69.146
375.967,69.146
375.983,69.146
376.000,69.146
376.017,69.146
376.033,69.146
376.050,69.146
376.067,69.146
376.083,69.146
376.100,69.146
376.117,69.146
376.133,69.146
376.150,69.146
376.167,69.146
376.183,69.146
376.200,69.146
376.217,69.146
376.233,69.146
376.250,69.146
376.267,69.146
376.283,69.146
376.300,69.146
376.317,69.146
376.333,69.146
376.350,69.146
376.367,69.146
376.383,69.146
376.400,69.146
376.417,69.146
376.433,69.146
376.450,69.146
376.467,69.146
376.483,69.146
376.500,69.146
376.517,69.146
376.533,69.146
376.550,69.146
376.567,69.146
376.583,69.146
376.600,69.146
376.617,69.146
376.633,69.146
376.650,69.146
376.667,69.146
376.683,69.146
376.700,69.064
376.717,69.063
376.733,69.062
376.750,69.061
376.767,69.060
376.783,69.059
376.800,69.058
376.817,69.057
376.833,69.056
376.850,69.055
376.867,69.054
376.883,69.053
376.900,69.052
376.917,69.051
376.933,69.051
376.950,69.050
376.967,69.049
376.983,69.048
377.000,69.047
377.017,69.056
377.033,69.065
377.050,69.074
377.067,69.083
377.083,69.092
377.100,69.101
377.117,69.110
377.133,69.119
377.150,69.127
377.167,69.136
377.183,69.145
377.200,69.146
377.217,69.146
377.233,69.146
377.250,69.146
377.267,69.146
377.283,69.146
377.300,69.146
377.317,69.146
377.333,69.146
377.350,69.146
377.367,69.146
377.383,69.146
377.400,69.146
377.417,69.146
377.433,69.146
377.450,69.099
377.467,69.096
377.483,69.093
377.500,69.090
377.517,69.087
377.533,69.084
377.550,69.081
377.567,69.078
377.583,69.075
377.600,69.072
377.617,69.069
377.633,69.066
377.650,69.063
377.667,69.060
377.683,69.057
377.700,69.054
377.717,69.051
377.733,69.048
377.750,69.047
377.767,69.047
377.783,69.047
377.800,69.047
377.817,69.047
377.833,69.047
377.850,69.047
377.867,69.047
377.883,69.047
377.900,69.047
377.917,69.047
377.933,69.047
377.950,69.047
377.967,69.047
377.983,69.047
378.000,69.047
378.017,69.047
378.033,69.047
378.050,69.047
378.067,69.047
378.083,69.047
378.100,69.047
378.117,69.047
378.133,69.047
378.150,69.047
378.167,69.047
378.183,69.047
378.200,69.047
378.217,69.047
378.233,69.047
378.250,69.047
378.267,69.047
378.283,69.047
378.300,69.047
378.317,69.047
378.333,69.047
378.350,69.047
378.367,69.047
378.383,69.047
378.400,69.047
378.417,69.047
378.433,69.047
378.450,69.047
378.467,69.047
378.483,69.047
378.500,69.047
378.517,69.047
378.533,69.047
378.550,69.047
378.567,69.047
378.583,69.047
378.600,69.047
378.617,69.047
378.633,69.047
378.650,69.047
378.667,69.047
378.683,69.047
378.700,69.047
378.717,69.047
378.733,69.047
378.750,69.047
378.767,69.047
378.783,69.047
378.800,69.047
378.817,69.047
378.833,69.047
378.850,69.047
378.867,69.047
378.883,69.047
378.900,69.047
378.917,69.047
378.933,69.047
378.950,69.047
378.967,69.047
378.983,69.047
379.000,69.047
379.017,69.047
379.033,69.047
379.050,69.047
379.067,69.047
379.083,69.047
379.100,69.047
379.117,69.047
379.133,69.047
379.150,69.047
379.167,69.047
379.183,69.047
379.200,69.047
379.217,69.047
379.233,69.047
379.250,69.047
379.267,69.047
379.283,69.047
379.300,69.047
379.317,69.047
379.333,69.047
379.350,69.047
379.367,69.047
379.383,69.047
379.400,69.047
379.417,69.047
379.433,69.047
379.450,69.047
379.467,69.047
379.483,69.047
379.500,69.047
379.517,69.047
379.533,69.047
379.550,69.047
379.567,69.047
379.583,69.047
379.600,69.047
379.617,69.047
379.633,69.047
379.650,69.047
379.667,69.047
379.683,69.047
379.700,69.047
379.717,69.047
379.733,69.047
379.750,69.047
379.767,69.047
379.783,69.047
379.800,69.047
379.817,69.047
379.833,69.047
379.850,69.047
379.867,69.047
379.883,69.047
379.900,69.047
379.917,69.047
379.933,69.047
379.950,69.047
379.967,69.047
379.983,69.047
380.000,69.047
380.017,69.047
380.033,69.047
380.050,69.047
380.067,69.047
380.083,69.047
380.100,69.047
380.117,69.047
380.133,69.047
380.150,69.047
380.167,69.047
380.183,69.047
380.200,69.047
380.217,69.047
380.233,69.047
380.250,69.047
380.267,69.047
380.283,69.047
380.300,69.047
380.317,69.047
380.333,69.047
380.350,69.047
380.367,69.047
380.383,69.047
380.400,69.047
380.417,69.047
380.433,69.047
380.450,69.047
380.467,69.047
380.483,69.047
380.500,69.047
380.517,69.047
380.533,69.047
380.550,69.047
380.567,69.047
380.583,69.047
380.600,69.047
380.617,69.047
380.633,69.047
380.650,69.047
380.667,69.047
380.683,69.047
380.700,69.047
380.717,69.047
380.733,69.047
380.750,69.047
380.767,68.956
380.783,68.956
380.800,68.955
380.817,68.955
380.833,68.954
380.850,68.954
380.867,68.953
380.883,68.953
380.900,68.952
380.917,68.952
380.933,68.951
380.950,68.951
380.967,68.950
380.983,68.950
381.000,68.949
381.017,68.949
381.033,68.948
381.050,68.948
381.067,68.947
381.083,68.947
381.100,68.947
381.117,68.947
381.133,68.947
381.150,68.947
381.167,68.947
381.183,68.947
381.200,68.947
381.217,68.947
381.233,68.947
381.250,68.947
381.267,68.947
381.283,68.947
381.300,68.947
381.317,68.947
381.333,68.947
381.350,68.947
381.367,68.947
381.383,68.947
381.400,68.947
381.417,68.947
381.433,68.947
381.450,68.947
381.467,68.947
381.483,68.947
381.500,68.947
381.517,68.947
381.533,68.947
381.550,68.947
381.567,68.947
381.583,68.947
381.600,68.947
381.617,68.947
381.633,68.947
381.650,68.947
381.667,68.947
381.683,68.947
381.700,68.947
381.717,68.947
381.733,68.947
381.750,68.947
381.767,68.947
381.783,68.947
381.800,68.947
381.817,68.947
381.833,68.947
381.850,68.947
381.867,68.947
381.883,68.947
381.900,68.947
381.917,68.947
381.933,68.947
381.950,68.947
381.967,68.947
381.983,68.947
382.000,68.947
382.017,68.947
382.033,68.947
382.050,68.947
382.067,68.947
382.083,68.947
382.100,68.947
382.117,68.947
382.133,68.947
382.150,68.947
382.167,68.947
382.183,68.947
382.200,68.947
382.217,68.947
382.233,68.947
382.250,68.947
382.267,68.947
382.283,68.947
382.300,68.947
382.317,68.947
382.333,68.947
382.350,68.947
382.367,68.947
382.383,68.947
382.400,68.947
382.417,68.947
382.433,68.947
382.450,68.947
382.467,68.947
382.483,68.947
382.500,68.947
382.517,68.947
382.533,68.947
382.550,68.947
382.567,68.947
382.583,68.947
382.600,68.947
382.617,68.947
382.633,68.947
382.650,68.947
382.667,68.947
382.683,68.947
382.700,68.947
382.717,68.947
382.733,68.947
382.750,68.947
382.767,68.947
382.783,68.947
382.800,68.947
382.817,68.947
382.833,68.947
382.850,68.947
382.867,68.947
382.883,68.947
382.900,68.947
382.917,69.033
382.933,69.034
382.950,69.035
382.967,69.036
382.983,69.036
383.000,69.037
383.017,69.038
383.033,69.039
383.050,69.040
383.067,69.040
383.083,69.041
383.100,69.042
383.117,69.043
383.133,69.043
383.150,69.044
383.167,69.045
383.183,69.046
383.200,69.047
383.217,69.047
383.233,69.047
383.250,69.047
383.267,69.047
383.283,69.047
383.300,69.047
383.317,69.047
383.333,69.047
383.350,69.047
383.367,69.047
383.383,69.047
383.400,69.047
383.417,69.047
383.433,69.047
383.450,69.047
383.467,69.047
383.483,69.047
383.500,69.047
383.517,69.047
383.533,69.047
383.550,69.047
383.567,69.047
383.583,69.047
383.600,69.047
383.617,69.047
383.633,69.047
383.650,69.047
383.667,69.047
383.683,69.047
383.700,69.047
383.717,69.047
383.733,69.047
383.750,69.047
383.767,69.047
383.783,69.047
383.800,69.047
383.817,69.047
383.833,69.047
383.850,69.047
383.867,69.047
383.883,69.047
383.900,69.047
383.917,69.047
383.933,69.047
383.950,69.047
383.967,69.047
383.983,69.047
384.000,69.047
384.017,69.047
384.033,69.121
384.050,69.122
384.067,69.124
384.083,69.125
384.100,69.126
384.117,69.128
384.133,69.129
384.150,69.131
384.167,69.132
384.183,69.134
384.200,69.135
384.217,69.137
384.233,69.138
384.250,69.140
384.267,69.141
384.283,69.143
384.300,69.144
384.317,69.146
384.333,69.146
384.350,69.146
384.367,69.146
384.383,69.146
384.400,69.146
384.417,69.146
384.433,69.146
384.450,69.146
384.467,69.146
384.483,69.146
384.500,69.146
384.517,69.146
384.533,69.146
384.550,69.146
384.567,69.146
384.583,69.146
384.600,69.146
384.617,69.146
384.633,69.146
384.650,69.146
384.667,69.146
384.683,69.146
384.700,69.146
384.717,69.146
384.733,69.146
384.750,69.146
384.767,69.146
384.783,69.146
384.800,69.146
384.817,69.146
384.833,69.146
384.850,69.146
384.867,69.146
384.883,69.146
384.900,69.146
384.917,69.146
384.933,69.146
384.950,69.146
384.967,69.146
384.983,69.146
385.000,69.146
385.017,69.146
385.033,69.146
385.050,69.146
385.067,69.146
385.083,69.146
385.100,69.146
385.117,69.146
385.133,69.146
385.150,69.146
385.167,69.146
385.183,69.146
385.200,69.146
385.217,69.146
385.233,69.146
385.250,69.146
385.267,69.146
385.283,69.146
385.300,69.146
385.317,69.146
385.333,69.146
385.350,69.146
385.367,69.146
385.383,69.146
385.400,69.146
385.417,69.146
385.433,69.146
385.450,69.146
385.467,69.146
385.483,69.146
385.500,69.146
385.517,69.146
385.533,69.227
385.550,69.228
385.567,69.229
385.583,69.230
385.600,69.231
385.617,69.232
385.633,69.233
385.650,69.234
385.667,69.235
385.683,69.236
385.700,69.238
385.717,69.239
385.733,69.240
385.750,69.241
385.767,69.242
385.783,69.243
385.800,69.244
385.817,69.245
385.833,69.246
385.850,69.246
385.867,69.246
385.883,69.246
385.900,69.246
385.917,69.246
385.933,69.246
385.950,69.246
385.967,69.246
385.983,69.246
386.000,69.246
386.017,69.246
386.033,69.246
386.050,69.246
386.067,69.246
386.083,69.246
386.100,69.246
386.117,69.246
386.133,69.246
386.150,69.246
386.167,69.246
386.183,69.246
386.200,69.246
386.217,69.246
386.233,69.246
386.250,69.246
386.267,69.246
386.283,69.246
386.300,69.246
386.317,69.246
386.333,69.246
386.350,69.246
386.367,69.246
386.383,69.246
386.400,69.246
386.417,69.246
386.433,69.246
386.450,69.246
386.467,69.246
386.483,69.246
386.500,69.246
386.517,69.246
386.533,69.246
386.550,69.246
386.567,69.246
386.583,69.246
386.600,69.246
386.617,69.246
386.633,69.246
386.650,69.246
386.667,69.246
386.683,69.246
386.700,69.246
386.717,69.246
386.733,69.246
386.750,69.246
386.767,69.246
386.783,69.246
386.800,69.246
386.817,69.246
386.833,69.246
386.850,69.246
386.867,69.246
386.883,69.246
386.900,69.246
386.917,69.246
386.933,69.246
386.950,69.246
386.967,69.246
386.983,69.246
387.000,69.246
387.017,69.246
387.033,69.246
387.050,69.246
387.067,69.246
387.083,69.246
387.100,69.246
387.117,69.246
387.133,69.246
387.150,69.246
387.167,69.246
387.183,69.246
387.200,69.246
387.217,69.246
387.233,69.246
387.250,69.246
387.267,69.246
387.283,69.246
387.300,69.246
387.317,69.246
387.333,69.246
387.350,69.246
387.367,69.246
387.383,69.246
387.400,69.246
387.417,69.246
387.433,69.246
387.450,69.246
387.467,69.246
387.483,69.246
387.500,69.246
387.517,69.246
387.533,69.246
387.550,69.246
387.567,69.246
387.583,69.246
387.600,69.246
387.617,69.246
387.633,69.246
387.650,69.246
387.667,69.246
387.683,69.246
387.700,69.246
387.717,69.246
387.733,69.246
387.750,69.246
387.767,69.246
387.783,69.246
387.800,69.246
387.817,69.246
387.833,69.246
387.850,69.246
387.867,69.246
387.883,69.246
387.900,69.246
387.917,69.246
387.933,69.246
387.950,69.246
387.967,69.246
387.983,69.246
388.000,69.246
388.017,69.246
388.033,69.246
388.050,69.246
388.067,69.246
388.083,69.246
388.100,69.246
388.117,69.246
388.133,69.246
388.150,69.246
388.167,69.246
388.183,69.246
388.200,69.246
388.217,69.246
388.233,69.246
388.250,69.246
388.267,69.246
388.283,69.246
388.300,69.246
388.317,69.246
388.333,69.246
388.350,69.246
388.367,69.246
388.383,69.246
388.400,69.246
388.417,69.246
388.433,69.246
388.450,69.246
388.467,69.246
388.483,69.246
388.500,69.246
388.517,69.246
388.533,69.246
388.550,69.246
388.567,69.246
388.583,69.246
388.600,69.246
388.617,69.246
388.633,69.246
388.650,69.246
388.667,69.246
388.683,69.246
388.700,69.246
388.717,69.246
388.733,69.246
388.750,69.246
388.767,69.246
388.783,69.246
388.800,69.246
388.817,69.246
388.833,69.246
388.850,69.246
388.867,69.246
388.883,69.246
388.900,69.246
388.917,69.246
388.933,69.246
388.950,69.246
388.967,69.246
388.983,69.246
389.000,69.246
389.017,69.246
389.033,69.246
389.050,69.246
389.067,69.246
389.083,69.246
389.100,69.246
389.117,69.246
389.133,69.246
389.150,69.246
389.167,69.246
389.183,69.246
389.200,69.246
389.217,69.246
389.233,69.246
389.250,69.246
389.267,69.246
389.283,69.246
389.300,69.246
389.317,69.246
389.333,69.246
389.350,69.246
389.367,69.246
389.383,69.246
389.400,69.246
389.417,69.246
389.433,69.246
389.450,69.246
389.467,69.246
389.483,69.246
389.500,69.246
389.517,69.246
389.533,69.246
389.550,69.246
389.567,69.246
389.583,69.246
389.600,69.246
389.617,69.246
389.633,69.246
389.650,69.246
389.667,69.246
389.683,69.246
389.700,69.246
389.717,69.246
389.733,69.246
389.750,69.246
389.767,69.246
389.783,69.246
389.800,69.246
389.817,69.246
389.833,69.246
389.850,69.246
389.867,69.246
389.883,69.246
389.900,69.246
389.917,69.246
389.933,69.246
389.950,69.246
389.967,69.246
389.983,69.246
390.000,69.246
390.017,69.246
390.033,69.153
390.050,69.152
390.067,69.152
390.083,69.151
390.100,69.151
390.117,69.151
390.133,69.150
390.150,69.150
390.167,69.150
390.183,69.149
390.200,69.149
390.217,69.148
390.233,69.148
390.250,69.148
390.267,69.147
390.283,69.147
390.300,69.147
390.317,69.146
390.333,69.146
390.350,69.146
390.367,69.146
390.383,69.146
390.400,69.146
390.417,69.146
390.433,69.146
390.450,69.146
390.467,69.146
390.483,69.146
390.500,69.146
390.517,69.146
390.533,69.146
390.550,69.146
390.567,69.146
390.583,69.146
390.600,69.146
390.617,69.146
390.633,69.146
390.650,69.146
390.667,69.146
390.683,69.146
390.700,69.146
390.717,69.146
390.733,69.146
390.750,69.146
390.767,69.146
390.783,69.146
390.800,69.146
390.817,69.146
390.833,69.146
390.850,69.146
390.867,69.146
390.883,69.146
390.900,69.146
390.917,69.146
390.933,69.146
390.950,69.146
390.967,69.146
390.983,69.146
391.000,69.146
391.017,69.146
391.033,69.146
391.050,69.146
391.067,69.146
391.083,69.146
391.100,69.146
391.117,69.146
391.133,69.146
391.150,69.146
391.167,69.146
391.183,69.146
391.200,69.146
391.217,69.146
391.233,69.146
391.250,69.146
391.267,69.146
391.283,69.146
391.300,69.146
391.317,69.146
391.333,69.146
391.350,69.146
391.367,69.146
391.383,69.146
391.400,69.146
391.417,69.146
391.433,69.146
391.450,69.146
391.467,69.146
391.483,69.146
391.500,69.146
391.517,69.146
391.533,69.146
391.550,69.146
391.567,69.146
391.583,69.146
391.600,69.146
391.617,69.146
391.633,69.146
391.650,69.146
391.667,69.146
391.683,69.146
391.700,69.146
391.717,69.146
391.733,69.146
391.750,69.146
391.767,69.146
391.783,69.146
391.800,69.146
391.817,69.146
391.833,69.146
391.850,69.146
391.867,69.146
391.883,69.146
391.900,69.146
391.917,69.146
391.933,69.146
391.950,69.146
391.967,69.146
391.983,69.146
392.000,69.146
392.017,69.146
392.033,69.146
392.050,69.146
392.067,69.146
392.083,69.146
392.100,69.146
392.117,69.146
392.133,69.146
392.150,69.146
392.167,69.146
392.183,69.146
392.200,69.146
392.217,69.146
392.233,69.146
392.250,69.146
392.267,69.146
392.283,69.146
392.300,69.146
392.317,69.146
392.333,69.146
392.350,69.146
392.367,69.146
392.383,69.146
392.400,69.146
392.417,69.146
392.433,69.146
392.450,69.146
392.467,69.146
392.483,69.146
392.500,69.146
392.517,69.146
392.533,69.146
392.550,69.146
392.567,69.146
392.583,69.146
392.600,69.146
392.617,69.146
392.633,69.146
392.650,69.146
392.667,69.146
392.683,69.146
392.700,69.146
392.717,69.146
392.733,69.146
392.750,69.146
392.767,69.146
392.783,69.146
392.800,69.146
392.817,69.146
392.833,69.146
392.850,69.146
392.867,69.146
392.883,69.146
392.900,69.146
392.917,69.146
392.933,69.146
392.950,69.146
392.967,69.146
392.983,69.146
393.000,69.146
393.017,69.146
393.033,69.146
393.050,69.146
393.067,69.146
393.083,69.146
393.100,69.146
393.117,69.146
393.133,69.146
393.150,69.146
393.167,69.146
393.183,69.146
393.200,69.146
393.217,69.146
393.233,69.146
393.250,69.146
393.267,69.146
393.283,69.146
393.300,69.146
393.317,69.146
393.333,69.146
393.350,69.146
393.367,69.146
393.383,69.146
393.400,69.146
393.417,69.146
393.433,69.146
393.450,69.146
393.467,69.146
393.483,69.146
393.500,69.146
393.517,69.146
393.533,69.146
393.550,69.146
393.567,69.146
393.583,69.146
393.600,69.146
393.617,69.146
393.633,69.146
393.650,69.146
393.667,69.146
393.683,69.146
393.700,69.146
393.717,69.146
393.733,69.146
393.750,69.146
393.767,69.146
393.783,69.146
393.800,69.146
393.817,69.146
393.833,69.146
393.850,69.146
393.867,69.146
393.883,69.146
393.900,69.146
393.917,69.146
393.933,69.146
393.950,69.146
393.967,69.146
393.983,69.146
394.000,69.146
394.017,69.146
394.033,69.146
394.050,69.146
394.067,69.146
394.083,69.146
394.100,69.146
394.117,69.146
394.133,69.146
394.150,69.146
394.167,69.146
394.183,69.146
394.200,69.146
394.217,69.146
394.233,69.146
394.250,69.146
394.267,69.146
394.283,69.146
394.300,69.146
394.317,69.146
394.333,69.146
394.350,69.146
394.367,69.146
394.383,69.146
394.400,69.146
394.417,69.146
394.433,69.146
394.450,69.146
394.467,69.146
394.483,69.146
394.500,69.146
394.517,69.146
394.533,69.146
394.550,69.146
394.567,69.146
394.583,69.146
394.600,69.146
394.617,69.146
394.633,69.146
394.650,69.146
394.667,69.146
394.683,69.146
394.700,69.146
394.717,69.146
394.733,69.146
394.750,69.146
394.767,69.239
394.783,69.240
394.800,69.240
394.817,69.240
394.833,69.241
394.850,69.241
394.867,69.242
394.883,69.242
394.900,69.242
394.917,69.243
394.933,69.243
394.950,69.243
394.967,69.244
394.983,69.244
395.000,69.244
395.017,69.245
395.033,69.245
395.050,69.245
395.067,69.246
395.083,69.246
395.100,69.246
395.117,69.246
395.133,69.246
395.150,69.246
395.167,69.246
395.183,69.246
395.200,69.246
395.217,69.246
395.233,69.246
395.250,69.246
395.267,69.246
395.283,69.246
395.300,69.246
395.317,69.246
395.333,69.246
395.350,69.246
395.367,69.246
395.383,69.246
395.400,69.246
395.417,69.246
395.433,69.246
395.450,69.246
395.467,69.246
395.483,69.246
395.500,69.246
395.517,69.246
395.533,69.246
395.550,69.246
395.567,69.246
395.583,69.246
395.600,69.246
395.617,69.246
395.633,69.246
395.650,69.246
395.667,69.246
395.683,69.246
395.700,69.246
395.717,69.246
395.733,69.246
395.750,69.246
395.767,69.246
395.783,69.246
395.800,69.246
395.817,69.246
395.833,69.246
395.850,69.246
395.867,69.246
395.883,69.246
395.900,69.246
395.917,69.246
395.933,69.246
395.950,69.246
395.967,69.246
395.983,69.246
396.000,69.246
396.017,69.246
396.033,69.246
396.050,69.246
396.067,69.246
396.083,69.246
396.100,69.246
396.117,69.246
396.133,69.246
396.150,69.246
396.167,69.246
396.183,69.246
396.200,69.246
396.217,69.246
396.233,69.246
396.250,69.246
396.267,69.246
396.283,69.246
396.300,69.246
396.317,69.246
396.333,69.246
396.350,69.246
396.367,69.246
396.383,69.246
396.400,69.246
396.417,69.246
396.433,69.246
396.450,69.246
396.467,69.246
396.483,69.246
396.500,69.246
396.517,69.246
396.533,69.246
396.550,69.246
396.567,69.246
396.583,69.246
396.600,69.246
396.617,69.246
396.633,69.246
396.650,69.246
396.667,69.246
396.683,69.246
396.700,69.246
396.717,69.246
396.733,69.246
396.750,69.246
396.767,69.246
396.783,69.246
396.800,69.246
396.817,69.246
396.833,69.246
396.850,69.246
396.867,69.246
396.883,69.246
396.900,69.246
396.917,69.246
396.933,69.246
396.950,69.246
396.967,69.246
396.983,69.246
397.000,69.246
397.017,69.246
397.033,69.246
397.050,69.246
397.067,69.246
397.083,69.246
397.100,69.246
397.117,69.246
397.133,69.246
397.150,69.246
397.167,69.246
397.183,69.246
397.200,69.246
397.217,69.246
397.233,69.246
397.250,69.246
397.267,69.246
397.283,69.246
397.300,69.246
397.317,69.246
397.333,69.246
397.350,69.246
397.367,69.246
397.383,69.246
397.400,69.246
397.417,69.246
397.433,69.246
397.450,69.246
397.467,69.246
397.483,69.246
397.500,69.246
397.517,69.335
397.533,69.335
397.550,69.336
397.567,69.336
397.583,69.337
397.600,69.338
397.617,69.338
397.633,69.339
397.650,69.339
397.667,69.340
397.683,69.341
397.700,69.341
397.717,69.342
397.733,69.342
397.750,69.343
397.767,69.344
397.783,69.344
397.800,69.345
397.817,69.345
397.833,69.345
397.850,69.345
397.867,69.345
397.883,69.345
397.900,69.345
397.917,69.345
397.933,69.345
397.950,69.345
397.967,69.345
397.983,69.345
398.000,69.345
398.017,69.345
398.033,69.345
398.050,69.345
398.067,69.345
398.083,69.345
398.100,69.345
398.117,69.345
398.133,69.345
398.150,69.345
398.167,69.345
398.183,69.345
398.200,69.345
398.217,69.345
398.233,69.345
398.250,69.345
398.267,69.345
398.283,69.345
398.300,69.345
398.317,69.345
398.333,69.345
398.350,69.345
398.367,69.345
398.383,69.345
398.400,69.345
398.417,69.345
398.433,69.345
398.450,69.345
398.467,69.345
398.483,69.345
398.500,69.345
398.517,69.345
398.533,69.345
398.550,69.345
398.567,69.345
398.583,69.345
398.600,69.345
398.617,69.345
398.633,69.345
398.650,69.345
398.667,69.345
398.683,69.345
398.700,69.345
398.717,69.345
398.733,69.345
398.750,69.345
398.767,69.345
398.783,69.345
398.800,69.345
398.817,69.345
398.833,69.345
398.850,69.345
398.867,69.345
398.883,69.345
398.900,69.345
398.917,69.345
398.933,69.345
398.950,69.345
398.967,69.345
398.983,69.345
399.000,69.345
399.017,69.345
399.033,69.345
399.050,69.345
399.067,69.345
399.083,69.345
399.100,69.345
399.117,69.345
399.133,69.345
399.150,69.345
399.167,69.345
399.183,69.345
399.200,69.345
399.217,69.345
399.233,69.345
399.250,69.345
399.267,69.345
399.283,69.345
399.300,69.345
399.317,69.345
399.333,69.345
399.350,69.345
399.367,69.345
399.383,69.345
399.400,69.345
399.417,69.345
399.433,69.345
399.450,69.345
399.467,69.345
399.483,69.345
399.500,69.345
399.517,69.345
399.533,69.345
399.550,69.345
399.567,69.345
399.583,69.345
399.600,69.345
399.617,69.345
399.633,69.345
399.650,69.345
399.667,69.345
399.683,69.345
399.700,69.345
399.717,69.345
399.733,69.345
399.750,69.345
399.767,69.259
399.783,69.258
399.800,69.257
399.817,69.256
399.833,69.256
399.850,69.255
399.867,69.254
399.883,69.253
399.900,69.253
399.917,69.252
399.933,69.251
399.950,69.251
399.967,69.250
399.983,69.249
400.000,69.248
400.017,69.248
400.033,69.247
400.050,69.246
400.067,69.246
400.083,69.246
400.100,69.246
400.117,69.246
400.133,69.246
400.150,69.246
400.167,69.246
400.183,69.246
400.200,69.246
400.217,69.246
400.233,69.246
400.250,69.246
400.267,69.246
400.283,69.246
400.300,69.246
400.317,69.246
400.333,69.246
400.350,69.246
400.367,69.246
400.383,69.246
400.400,69.246
400.417,69.246
400.433,69.246
400.450,69.246
400.467,69.246
400.483,69.246
400.500,69.246
400.517,69.246
400.533,69.246
400.550,69.246
400.567,69.246
400.583,69.246
400.600,69.246
400.617,69.246
400.633,69.246
400.650,69.246
400.667,69.246
400.683,69.246
400.700,69.246
400.717,69.246
400.733,69.246
400.750,69.246
400.767,69.246
400.783,69.246
400.800,69.246
400.817,69.246
400.833,69.246
400.850,69.246
400.867,69.246
400.883,69.246
400.900,69.246
400.917,69.246
400.933,69.246
400.950,69.246
400.967,69.246
400.983,69.246
401.000,69.246
401.017,69.246
401.033,69.246
401.050,69.246
401.067,69.246
401.083,69.246
401.100,69.246
401.117,69.246
401.133,69.246
401.150,69.246
401.167,69.246
401.183,69.246
401.200,69.246
401.217,69.246
401.233,69.246
401.250,69.246
401.267,69.246
401.283,69.246
401.300,69.246
401.317,69.246
401.333,69.246
401.350,69.246
401.367,69.246
401.383,69.246
401.400,69.246
401.417,69.246
401.433,69.246
401.450,69.246
401.467,69.246
401.483,69.246
401.500,69.246
401.517,69.246
401.533,69.246
401.550,69.246
401.567,69.246
401.583,69.246
401.600,69.246
401.617,69.246
401.633,69.246
401.650,69.246
401.667,69.246
401.683,69.246
401.700,69.246
401.717,69.246
401.733,69.246
401.750,69.246
401.767,69.246
401.783,69.246
401.800,69.246
401.817,69.246
401.833,69.246
401.850,69.246
401.867,69.246
401.883,69.246
401.900,69.246
401.917,69.246
401.933,69.246
401.950,69.246
401.967,69.246
401.983,69.246
402.000,69.246
402.017,69.246
402.033,69.246
402.050,69.246
402.067,69.246
402.083,69.246
402.100,69.246
402.117,69.246
402.133,69.246
402.150,69.246
402.167,69.246
402.183,69.246
402.200,69.246
402.217,69.246
402.233,69.246
402.250,69.246
402.267,69.246
402.283,69.246
402.300,69.246
402.317,69.246
402.333,69.246
402.350,69.246
402.367,69.246
402.383,69.246
402.400,69.246
402.417,69.246
402.433,69.246
402.450,69.246
402.467,69.246
402.483,69.246
402.500,69.246
402.517,69.246
402.533,69.246
402.550,69.335
402.567,69.335
402.583,69.336
402.600,69.336
402.617,69.337
402.633,69.338
402.650,69.338
402.667,69.339
402.683,69.339
402.700,69.340
402.717,69.341
402.733,69.341
402.750,69.342
402.767,69.342
402.783,69.343
402.800,69.344
402.817,69.344
402.833,69.345
402.850,69.345
402.867,69.345
402.883,69.345
402.900,69.345
402.917,69.345
402.933,69.345
402.950,69.345
402.967,69.345
402.983,69.345
403.000,69.345
403.017,69.345
403.033,69.345
403.050,69.345
403.067,69.345
403.083,69.345
403.100,69.345
403.117,69.345
403.133,69.345
403.150,69.345
403.167,69.345
403.183,69.345
403.200,69.345
403.217,69.345
403.233,69.345
403.250,69.345
403.267,69.345
403.283,69.345
403.300,69.345
403.317,69.345
403.333,69.345
403.350,69.345
403.367,69.345
403.383,69.345
403.400,69.345
403.417,69.345
403.433,69.345
403.450,69.345
403.467,69.345
403.483,69.345
403.500,69.345
403.517,69.345
403.533,69.345
403.550,69.345
403.567,69.345
403.583,69.345
403.600,69.345
403.617,69.345
403.633,69.345
403.650,69.345
403.667,69.345
403.683,69.345
403.700,69.345
403.717,69.345
403.733,69.345
403.750,69.345
403.767,69.345
403.783,69.345
403.800,69.345
403.817,69.345
403.833,69.345
403.850,69.345
403.867,69.345
403.883,69.345
403.900,69.345
403.917,69.345
403.933,69.345
403.950,69.345
403.967,69.345
403.983,69.345
404.000,69.345
404.017,69.345
404.033,69.345
404.050,69.345
404.067,69.345
404.083,69.345
404.100,69.345
404.117,69.345
404.133,69.345
404.150,69.345
404.167,69.345
404.183,69.345
404.200,69.345
404.217,69.345
404.233,69.345
404.250,69.345
404.267,69.345
404.283,69.263
404.300,69.262
404.317,69.261
404.333,69.260
404.350,69.259
404.367,69.258
404.383,69.257
404.400,69.256
404.417,69.255
404.433,69.254
404.450,69.253
404.467,69.252
404.483,69.251
404.500,69.250
404.517,69.249
404.533,69.248
404.550,69.248
404.567,69.247
404.583,69.246
404.600,69.246
404.617,69.246
404.633,69.246
404.650,69.246
404.667,69.246
404.683,69.246
404.700,69.246
404.717,69.246
404.733,69.246
404.750,69.246
404.767,69.246
404.783,69.246
404.800,69.246
404.817,69.246
404.833,69.246
404.850,69.246
404.867,69.246
404.883,69.246
404.900,69.246
404.917,69.246
404.933,69.246
404.950,69.246
404.967,69.246
404.983,69.246
405.000,69.246
405.017,69.246
405.033,69.246
405.050,69.246
405.067,69.246
405.083,69.246
405.100,69.246
405.117,69.246
405.133,69.246
405.150,69.246
405.167,69.246
405.183,69.246
405.200,69.246
405.217,69.246
405.233,69.246
405.250,69.246
405.267,69.246
405.283,69.246
405.300,69.246
405.317,69.246
405.333,69.246
405.350,69.246
405.367,69.246
405.383,69.246
405.400,69.246
405.417,69.246
405.433,69.246
405.450,69.246
405.467,69.246
405.483,69.246
405.500,69.246
405.517,69.246
405.533,69.246
405.550,69.246
405.567,69.246
405.583,69.246
405.600,69.246
405.617,69.246
405.633,69.246
405.650,69.246
405.667,69.246
405.683,69.246
405.700,69.246
405.717,69.246
405.733,69.246
405.750,69.246
405.767,69.246
405.783,69.246
405.800,69.246
405.817,69.246
405.833,69.246
405.850,69.246
405.867,69.246
405.883,69.246
405.900,69.246
405.917,69.246
405.933,69.246
405.950,69.246
405.967,69.246
405.983,69.246
406.000,69.246
406.017,69.246
406.033,69.246
406.050,69.246
406.067,69.246
406.083,69.246
406.100,69.246
406.117,69.246
406.133,69.246
406.150,69.246
406.167,69.246
406.183,69.246
406.200,69.246
406.217,69.246
406.233,69.246
406.250,69.246
406.267,69.246
406.283,69.246
406.300,69.246
406.317,69.246
406.333,69.246
406.350,69.246
406.367,69.246
406.383,69.246
406.400,69.246
406.417,69.246
406.433,69.246
406.450,69.246
406.467,69.246
406.483,69.246
406.500,69.246
406.517,69.246
406.533,69.246
406.550,69.246
406.567,69.246
406.583,69.246
406.600,69.246
406.617,69.246
406.633,69.246
406.650,69.246
406.667,69.246
406.683,69.246
406.700,69.246
406.717,69.246
406.733,69.246
406.750,69.246
406.767,69.246
406.783,69.246
406.800,69.246
406.817,69.246
406.833,69.246
406.850,69.246
406.867,69.246
406.883,69.246
406.900,69.246
406.917,69.246
406.933,69.246
406.950,69.246
406.967,69.246
406.983,69.246
407.000,69.246
407.017,69.246
407.033,69.246
407.050,69.246
407.067,69.335
407.083,69.335
407.100,69.336
407.117,69.337
407.133,69.337
407.150,69.338
407.167,69.338
407.183,69.339
407.200,69.340
407.217,69.340
407.233,69.341
407.250,69.341
407.267,69.342
407.283,69.343
407.300,69.343
407.317,69.344
407.333,69.344
407.350,69.345
407.367,69.345
407.383,69.345
407.400,69.345
407.417,69.345
407.433,69.345
407.450,69.345
407.467,69.345
407.483,69.345
407.500,69.345
407.517,69.345
407.533,69.345
407.550,69.345
407.567,69.345
407.583,69.345
407.600,69.345
407.617,69.345
407.633,69.345
407.650,69.345
407.667,69.345
407.683,69.345
407.700,69.345
407.717,69.345
407.733,69.345
407.750,69.345
407.767,69.345
407.783,69.345
407.800,69.345
407.817,69.345
407.833,69.345
407.850,69.345
407.867,69.345
407.883,69.345
407.900,69.345
407.917,69.345
407.933,69.345
407.950,69.345
407.967,69.345
407.983,69.345
408.000,69.345
408.017,69.345
408.033,69.345
408.050,69.345
408.067,69.345
408.083,69.345
408.100,69.345
408.117,69.345
408.133,69.345
408.150,69.345
408.167,69.345
408.183,69.345
408.200,69.345
408.217,69.345
408.233,69.345
408.250,69.345
408.267,69.345
408.283,69.345
408.300,69.345
408.317,69.345
408.333,69.345
408.350,69.345
408.367,69.345
408.383,69.345
408.400,69.345
408.417,69.345
408.433,69.345
408.450,69.345
408.467,69.345
408.483,69.345
408.500,69.345
408.517,69.345
408.533,69.345
408.550,69.345
408.567,69.345
408.583,69.345
408.600,69.345
408.617,69.345
408.633,69.345
408.650,69.345
408.667,69.345
408.683,69.345
408.700,69.345
408.717,69.345
408.733,69.345
408.750,69.345
408.767,69.345
408.783,69.345
408.800,69.345
408.817,69.345
408.833,69.345
408.850,69.345
408.867,69.345
408.883,69.345
408.900,69.345
408.917,69.345
408.933,69.345
408.950,69.345
408.967,69.345
408.983,69.345
409.000,69.345
409.017,69.345
409.033,69.345
409.050,69.345
409.067,69.345
409.083,69.345
409.100,69.345
409.117,69.345
409.133,69.345
409.150,69.345
409.167,69.345
409.183,69.345
409.200,69.345
409.217,69.345
409.233,69.345
409.250,69.345
409.267,69.345
409.283,69.345
409.300,69.345
409.317,69.345
409.333,69.345
409.350,69.345
409.367,69.345
409.383,69.345
409.400,69.345
409.417,69.345
409.433,69.345
409.450,69.345
409.467,69.345
409.483,69.345
409.500,69.345
409.517,69.345
409.533,69.345
409.550,69.345
409.567,69.345
409.583,69.345
409.600,69.345
409.617,69.345
409.633,69.345
409.650,69.345
409.667,69.345
409.683,69.345
409.700,69.345
409.717,69.345
409.733,69.345
409.750,69.345
409.767,69.345
409.783,69.345
409.800,69.256
409.817,69.256
409.833,69.255
409.850,69.255
409.867,69.254
409.883,69.253
409.900,69.253
409.917,69.252
409.933,69.252
409.950,69.251
409.967,69.250
409.983,69.250
410.000,69.249
410.017,69.249
410.033,69.248
410.050,69.247
410.067,69.247
410.083,69.246
410.100,69.246
410.117,69.246
410.133,69.246
410.150,69.246
410.167,69.246
410.183,69.246
410.200,69.246
410.217,69.246
410.233,69.246
410.250,69.246
410.267,69.246
410.283,69.246
410.300,69.246
410.317,69.246
410.333,69.246
410.350,69.246
410.367,69.246
410.383,69.246
410.400,69.246
410.417,69.246
410.433,69.246
410.450,69.246
410.467,69.246
410.483,69.246
410.500,69.246
410.517,69.246
410.533,69.246
410.550,69.246
410.567,69.246
410.583,69.246
410.600,69.246
410.617,69.246
410.633,69.246
410.650,69.246
410.667,69.246
410.683,69.246
410.700,69.246
410.717,69.246
410.733,69.246
410.750,69.246
410.767,69.246
410.783,69.246
410.800,69.246
410.817,69.246
410.833,69.246
410.850,69.246
410.867,69.246
410.883,69.246
410.900,69.246
410.917,69.246
410.933,69.246
410.950,69.246
410.967,69.246
410.983,69.246
411.000,69.246
411.017,69.246
411.033,69.246
411.050,69.246
411.067,69.246
411.083,69.246
411.100,69.246
411.117,69.246
411.133,69.246
411.150,69.246
411.167,69.246
411.183,69.246
411.200,69.246
411.217,69.246
411.233,69.246
411.250,69.246
411.267,69.246
411.283,69.246
411.300,69.246
411.317,69.246
411.333,69.246
411.350,69.246
411.367,69.246
411.383,69.246
411.400,69.246
411.417,69.246
411.433,69.246
411.450,69.246
411.467,69.246
411.483,69.246
411.500,69.246
411.517,69.246
411.533,69.246
411.550,69.246
411.567,69.246
411.583,69.246
411.600,69.246
411.617,69.246
411.633,69.246
411.650,69.246
411.667,69.246
411.683,69.246
411.700,69.246
411.717,69.246
411.733,69.246
411.750,69.246
411.767,69.246
411.783,69.246
411.800,69.246
411.817,69.246
411.833,69.246
411.850,69.246
411.867,69.246
411.883,69.246
411.900,69.246
411.917,69.246
411.933,69.246
411.950,69.246
411.967,69.246
411.983,69.246
412.000,69.246
412.017,69.246
412.033,69.246
412.050,69.246
412.067,69.246
412.083,69.246
412.100,69.246
412.117,69.246
412.133,69.246
412.150,69.246
412.167,69.246
412.183,69.246
412.200,69.246
412.217,69.246
412.233,69.246
412.250,69.246
412.267,69.246
412.283,69.246
412.300,69.246
412.317,69.246
412.333,69.246
412.350,69.246
412.367,69.246
412.383,69.246
412.400,69.246
412.417,69.246
412.433,69.246
412.450,69.246
412.467,69.246
412.483,69.246
412.500,69.246
412.517,69.246
412.533,69.246
412.550,69.246
412.567,69.246
412.583,69.246
412.600,69.246
412.617,69.246
412.633,69.246
412.650,69.246
412.667,69.246
412.683,69.246
412.700,69.246
412.717,69.246
412.733,69.246
412.750,69.246
412.767,69.246
412.783,69.246
412.800,69.246
412.817,69.246
412.833,69.246
412.850,69.246
412.867,69.246
412.883,69.246
412.900,69.246
412.917,69.246
412.933,69.246
412.950,69.246
412.967,69.246
412.983,69.246
413.000,69.246
413.017,69.246
413.033,69.246
413.050,69.246
413.067,69.246
413.083,69.246
413.100,69.246
413.117,69.246
413.133,69.246
413.150,69.246
413.167,69.246
413.183,69.246
413.200,69.246
413.217,69.246
413.233,69.246
413.250,69.246
413.267,69.246
413.283,69.246
413.300,69.246
413.317,69.246
413.333,69.246
413.350,69.246
413.367,69.246
413.383,69.246
413.400,69.246
413.417,69.246
413.433,69.246
413.450,69.246
413.467,69.246
413.483,69.246
413.500,69.246
413.517,69.246
413.533,69.246
413.550,69.246
413.567,69.246
413.583,69.246
413.600,69.246
413.617,69.246
413.633,69.246
413.650,69.246
413.667,69.246
413.683,69.246
413.700,69.246
413.717,69.246
413.733,69.246
413.750,69.246
413.767,69.246
413.783,69.246
413.800,69.246
413.817,69.246
413.833,69.246
413.850,69.246
413.867,69.246
413.883,69.246
413.900,69.246
413.917,69.246
413.933,69.246
413.950,69.246
413.967,69.246
413.983,69.246
414.000,69.246
414.017,69.246
414.033,69.246
414.050,69.246
414.067,69.246
414.083,69.246
414.100,69.246
414.117,69.246
414.133,69.246
414.150,69.246
414.167,69.246
414.183,69.246
414.200,69.246
414.217,69.246
414.233,69.246
414.250,69.246
414.267,69.246
414.283,69.246
414.300,69.246
414.317,69.246
414.333,69.246
414.350,69.246
414.367,69.246
414.383,69.246
414.400,69.246
414.417,69.246
414.433,69.246
414.450,69.246
414.467,69.246
414.483,69.246
414.500,69.246
414.517,69.246
414.533,69.246
414.550,69.246
414.567,69.246
414.583,69.246
414.600,69.246
414.617,69.246
414.633,69.246
414.650,69.246
414.667,69.246
414.683,69.246
414.700,69.246
414.717,69.246
414.733,69.246
414.750,69.246
414.767,69.246
414.783,69.246
414.800,69.246
414.817,69.246
414.833,69.246
414.850,69.246
414.867,69.246
414.883,69.246
414.900,69.246
414.917,69.246
414.933,69.246
414.950,69.246
414.967,69.246
414.983,69.246
415.000,69.246
415.017,69.246
415.033,69.246
415.050,69.246
415.067,69.246
415.083,69.246
415.100,69.246
415.117,69.246
415.133,69.246
415.150,69.246
415.167,69.246
415.183,69.246
415.200,69.246
415.217,69.246
415.233,69.246
415.250,69.246
415.267,69.246
415.283,69.246
415.300,69.246
415.317,69.246
415.333,69.246
415.350,69.246
415.367,69.246
415.383,69.246
415.400,69.246
415.417,69.246
415.433,69.246
415.450,69.246
415.467,69.246
415.483,69.246
415.500,69.246
415.517,69.246
415.533,69.246
415.550,69.246
415.567,69.246
415.583,69.246
415.600,69.246
415.617,69.246
415.633,69.246
415.650,69.246
415.667,69.246
415.683,69.246
415.700,69.246
415.717,69.246
415.733,69.246
415.750,69.246
415.767,69.246
415.783,69.246
415.800,69.246
415.817,69.246
415.833,69.246
415.850,69.246
415.867,69.246
415.883,69.246
415.900,69.246
415.917,69.246
415.933,69.246
415.950,69.246
415.967,69.246
415.983,69.246
416.000,69.246
416.017,69.246
416.033,69.246
416.050,69.246
416.067,69.246
416.083,69.246
416.100,69.246
416.117,69.246
416.133,69.246
416.150,69.246
416.167,69.246
416.183,69.246
416.200,69.246
416.217,69.246
416.233,69.246
416.250,69.246
416.267,69.246
416.283,69.246
416.300,69.246
416.317,69.246
416.333,69.246
416.350,69.246
416.367,69.246
416.383,69.246
416.400,69.246
416.417,69.246
416.433,69.246
416.450,69.246
416.467,69.246
416.483,69.246
416.500,69.246
416.517,69.246
416.533,69.246
416.550,69.246
416.567,69.246
416.583,69.246
416.600,69.246
416.617,69.246
416.633,69.246
416.650,69.246
416.667,69.246
416.683,69.246
416.700,69.246
416.717,69.246
416.733,69.246
416.750,69.246
416.767,69.246
416.783,69.246
416.800,69.246
416.817,69.246
416.833,69.246
416.850,69.246
416.867,69.246
416.883,69.246
416.900,69.246
416.917,69.246
416.933,69.246
416.950,69.246
416.967,69.246
416.983,69.246
417.000,69.246
417.017,69.246
417.033,69.246
417.050,69.246
417.067,69.246
417.083,69.246
417.100,69.246
417.117,69.246
417.133,69.246
417.150,69.246
417.167,69.246
417.183,69.246
417.200,69.246
417.217,69.246
417.233,69.246
417.250,69.246
417.267,69.246
417.283,69.246
417.300,69.246
417.317,69.246
417.333,69.246
417.350,69.246
417.367,69.246
417.383,69.246
417.400,69.246
417.417,69.246
417.433,69.246
417.450,69.341
417.467,69.341
417.483,69.342
417.500,69.342
417.517,69.342
417.533,69.342
417.550,69.342
417.567,69.343
417.583,69.343
417.600,69.343
417.617,69.343
417.633,69.344
417.650,69.344
417.667,69.344
417.683,69.344
417.700,69.344
417.717,69.345
417.733,69.345
417.750,69.345
417.767,69.345
417.783,69.345
417.800,69.345
417.817,69.345
417.833,69.345
417.850,69.345
417.867,69.345
417.883,69.345
417.900,69.345
417.917,69.345
417.933,69.345
417.950,69.345
417.967,69.345
417.983,69.345
418.000,69.345
418.017,69.345
418.033,69.345
418.050,69.345
418.067,69.345
418.083,69.345
418.100,69.345
418.117,69.345
418.133,69.345
418.150,69.345
418.167,69.345
418.183,69.345
418.200,69.345
418.217,69.345
418.233,69.345
418.250,69.345
418.267,69.345
418.283,69.345
418.300,69.345
418.317,69.345
418.333,69.345
418.350,69.345
418.367,69.345
418.383,69.345
418.400,69.345
418.417,69.345
418.433,69.345
418.450,69.345
418.467,69.345
418.483,69.345
418.500,69.345
418.517,69.345
418.533,69.345
418.550,69.345
418.567,69.345
418.583,69.345
418.600,69.345
418.617,69.345
418.633,69.345
418.650,69.345
418.667,69.345
418.683,69.345
418.700,69.345
418.717,69.345
418.733,69.345
418.750,69.345
418.767,69.345
418.783,69.345
418.800,69.345
418.817,69.345
418.833,69.345
418.850,69.345
418.867,69.345
418.883,69.345
418.900,69.345
418.917,69.345
418.933,69.345
418.950,69.345
418.967,69.345
418.983,69.345
419.000,69.345
419.017,69.345
419.033,69.345
419.050,69.345
419.067,69.345
419.083,69.345
419.100,69.345
419.117,69.345
419.133,69.345
419.150,69.345
419.167,69.345
419.183,69.345
419.200,69.345
419.217,69.345
419.233,69.345
419.250,69.345
419.267,69.345
419.283,69.345
419.300,69.345
419.317,69.345
419.333,69.345
419.350,69.345
419.367,69.345
419.383,69.345
419.400,69.345
419.417,69.345
419.433,69.345
419.450,69.345
419.467,69.345
419.483,69.345
419.500,69.345
419.517,69.345
419.533,69.345
419.550,69.345
419.567,69.345
419.583,69.345
419.600,69.345
419.617,69.345
419.633,69.345
419.650,69.345
419.667,69.345
419.683,69.345
419.700,69.345
419.717,69.345
419.733,69.345
419.750,69.345
419.767,69.345
419.783,69.345
419.800,69.345
419.817,69.345
419.833,69.345
419.850,69.345
419.867,69.345
419.883,69.345
419.900,69.345
419.917,69.345
419.933,69.345
419.950,69.345
419.967,69.345
419.983,69.345
420.000,69.345
420.017,69.345
420.033,69.345
420.050,69.345
420.067,69.345
420.083,69.345
420.100,69.345
420.117,69.345
420.133,69.345
420.150,69.345
420.167,69.345
420.183,69.345
420.200,69.345
420.217,69.345
420.233,69.345
420.250,69.345
420.267,69.345
420.283,69.345
420.300,69.345
420.317,69.345
420.333,69.345
420.350,69.345
420.367,69.345
420.383,69.345
420.400,69.345
420.417,69.345
420.433,69.345
420.450,69.255
420.467,69.255
420.483,69.254
420.500,69.253
420.517,69.253
420.533,69.252
420.550,69.252
420.567,69.251
420.583,69.251
420.600,69.250
420.617,69.250
420.633,69.249
420.650,69.248
420.667,69.248
420.683,69.247
420.700,69.247
420.717,69.246
420.733,69.246
420.750,69.246
420.767,69.246
420.783,69.246
420.800,69.246
420.817,69.246
420.833,69.246
420.850,69.246
420.867,69.246
420.883,69.246
420.900,69.246
420.917,69.246
420.933,69.246
420.950,69.246
420.967,69.246
420.983,69.246
421.000,69.246
421.017,69.246
421.033,69.246
421.050,69.246
421.067,69.246
421.083,69.246
421.100,69.246
421.117,69.246
421.133,69.246
421.150,69.246
421.167,69.246
421.183,69.246
421.200,69.246
421.217,69.246
421.233,69.246
421.250,69.246
421.267,69.246
421.283,69.246
421.300,69.246
421.317,69.246
421.333,69.246
421.350,69.246
421.367,69.246
421.383,69.246
421.400,69.246
421.417,69.246
421.433,69.246
421.450,69.246
421.467,69.246
421.483,69.246
421.500,69.246
421.517,69.246
421.533,69.246
421.550,69.246
421.567,69.246
421.583,69.246
421.600,69.246
421.617,69.246
421.633,69.246
421.650,69.246
421.667,69.246
421.683,69.246
421.700,69.246
421.717,69.246
421.733,69.246
421.750,69.246
421.767,69.246
421.783,69.246
421.800,69.246
421.817,69.246
421.833,69.246
421.850,69.246
421.867,69.246
421.883,69.246
421.900,69.246
421.917,69.246
421.933,69.246
421.950,69.246
421.967,69.246
421.983,69.246
422.000,69.246
422.017,69.246
422.033,69.246
422.050,69.246
422.067,69.246
422.083,69.246
422.100,69.246
422.117,69.246
422.133,69.246
422.150,69.246
422.167,69.246
422.183,69.246
422.200,69.246
422.217,69.246
422.233,69.246
422.250,69.246
422.267,69.246
422.283,69.246
422.300,69.246
422.317,69.246
422.333,69.246
422.350,69.246
422.367,69.246
422.383,69.246
422.400,69.246
422.417,69.246
422.433,69.246
422.450,69.246
422.467,69.246
422.483,69.246
422.500,69.246
422.517,69.246
422.533,69.246
422.550,69.246
422.567,69.246
422.583,69.246
422.600,69.246
422.617,69.246
422.633,69.246
422.650,69.246
422.667,69.246
422.683,69.246
422.700,69.246
422.717,69.246
422.733,69.246
422.750,69.246
422.767,69.246
422.783,69.246
422.800,69.246
422.817,69.246
422.833,69.246
422.850,69.246
422.867,69.246
422.883,69.246
422.900,69.246
422.917,69.246
422.933,69.246
422.950,69.246
422.967,69.246
422.983,69.246
423.000,69.246
423.017,69.246
423.033,69.246
423.050,69.246
423.067,69.246
423.083,69.246
423.100,69.246
423.117,69.246
423.133,69.246
423.150,69.246
423.167,69.246
423.183,69.246
423.200,69.246
423.217,69.246
423.233,69.246
423.250,69.246
423.267,69.246
423.283,69.246
423.300,69.246
423.317,69.246
423.333,69.246
423.350,69.246
423.367,69.246
423.383,69.246
423.400,69.246
423.417,69.246
423.433,69.246
423.450,69.246
423.467,69.246
423.483,69.246
423.500,69.246
423.517,69.246
423.533,69.246
423.550,69.246
423.567,69.246
423.583,69.246
423.600,69.246
423.617,69.246
423.633,69.246
423.650,69.246
423.667,69.246
423.683,69.246
423.700,69.246
423.717,69.246
423.733,69.246
423.750,69.246
423.767,69.246
423.783,69.246
423.800,69.246
423.817,69.246
423.833,69.246
423.850,69.246
423.867,69.246
423.883,69.246
423.900,69.246
423.917,69.246
423.933,69.246
423.950,69.246
423.967,69.246
423.983,69.246
424.000,69.246
-117.90,
